level,count,region,pitch_group,n_all,n,coverage,games,PA,pitchers,batters,action1_rate_all,action1_rate,action0_rate_all,action0_rate,observed_Y,action0,action1,rows0,ESS0,games0,max_game_share0,rows1,ESS1,games1,max_game_share1,Q0,Q1,gcomp0,gcomp1,delta,SE,nominal95_low,nominal95_high,family95_low,family95_high,arithmetic_direction,point_direction,evidence,large_point_difference,support_gate,recommendation,unit
overall,ALL,ALL,ALL,716385,684733,0.955817053679237,2430,182073,863,601,0.47573441654976,0.487664534935515,0.52426558345024,0.512335465064485,0.305313639038866,Take,Swing_including_bunts,350813,203805.482361529,2430,0.00073135379265491,333920,209601.673001119,2430,0.00067810378879289,0.290879595956334,0.263622709290132,0.305309618605204,0.26397129684392,-0.0272568866662021,0.00129124564291173,-0.029788943328328,-0.0247248300040761,-0.0320728748645038,-0.0224408984679003,Take,Take,관찰상 방향 뚜렷,TRUE,TRUE,,W per selected current decision; not PA sum
count,0-0,ALL,ALL,182967,170776,0.933370498505195,2430,170776,863,601,0.31084840435707,0.329624771630674,0.68915159564293,0.670375228369326,0.31437586077669,Take,Swing_including_bunts,114484,106284.73360389,2430,0.000674570968128853,56292,39391.9961199872,2430,0.000868774026915327,0.308124335160203,0.296756269212175,0.306932960998993,0.295077428165543,-0.0113680659480283,0.00290377964412029,-0.0170622068216894,-0.00567392507436716,-0.0221983588309668,-0.00053777306508975,Take,Take,관찰상 방향 뚜렷,TRUE,TRUE,,W per selected current decision; not PA sum
region,0-0,HIGH,ALL,23252,18771,0.807285394804748,2429,18771,817,590,0.151814897643213,0.185179265888871,0.848185102356787,0.814820734111129,0.331161951947153,Take,Swing_including_bunts,15295,14989.2177299137,2421,0.00126734524204066,3476,2629.71416497052,1781,0.00237646756563562,0.339325363310734,0.26473336615666,0.344755070105616,0.257462382189742,-0.0745919971540738,0.00868999698041728,-0.0916325729630738,-0.0575514213450738,-0.107003296692519,-0.0421806976156281,Take,Take,관찰상 방향 뚜렷,TRUE,TRUE,,W per selected current decision; not PA sum
region_pitch,0-0,HIGH,FB,17251,13966,0.809576256448901,2412,13966,755,585,0.185090719378587,0.225261348990405,0.814909280621413,0.774738651009595,0.324076399828154,Take,Swing_including_bunts,10820,10637.2005034252,2382,0.00149886813205867,3146,2401.70333207037,1712,0.00241013093634021,0.335439990792116,0.260612655910835,0.342312082885235,0.257892141495818,-0.0748273348812804,0.0106956040942968,-0.0958008626909835,-0.0538538070715772,-0.114719428676367,-0.0349352410861941,Take,Take,관찰상 방향 뚜렷,TRUE,TRUE,,W per selected current decision; not PA sum
region_pitch,0-0,HIGH,NFB,6001,4805,0.800699883352775,1956,4805,691,555,0.0561573071154808,0.068678459937565,0.943842692884519,0.931321540062435,0.35175650364204,Take,Swing_including_bunts,4475,4361.95491226595,1928,0.00202145136446627,330,230.544816405958,292,0.0218054531774624,0.350618414839355,0.276710439890935,0.351855748465622,0.256213262841428,-0.0739079749484198,0.0126827178365859,-0.0987810441958956,-0.049034905700944,-0.121228573407935,-0.0265873764889044,Take,Take,관찰상 방향 뚜렷,TRUE,TRUE,,W per selected current decision; not PA sum
region,0-0,LOW,ALL,35091,29786,0.848821635177111,2430,29786,829,592,0.190419195805192,0.217417578728262,0.809580804194808,0.782582421271738,0.332943329080776,Take,Swing_including_bunts,23310,22921.0932132673,2430,0.00100624649915563,6476,4735.73611224578,2217,0.0019819324094471,0.349839701376581,0.270980885246308,0.349825144422135,0.255806227928571,-0.0788588161302731,0.00830279169519633,-0.0951401016792096,-0.0625775305813367,-0.109825926870609,-0.0478917053899373,Take,Take,관찰상 방향 뚜렷,TRUE,TRUE,,W per selected current decision; not PA sum
region_pitch,0-0,LOW,FB,13353,11301,0.846326668164458,2375,11301,746,581,0.102823335580019,0.11883904079285,0.897176664419981,0.88116095920715,0.330629413326254,Take,Swing_including_bunts,9958,9815.45820529347,2346,0.00149344088066261,1343,1030.97701931246,1004,0.00572106467881164,0.336158494131233,0.2578267474717,0.343514729277032,0.257907487456022,-0.0783317466595328,0.010496244316433,-0.0989145013521463,-0.0577489919669193,-0.117481217100127,-0.0391822762189389,Take,Take,관찰상 방향 뚜렷,TRUE,TRUE,,W per selected current decision; not PA sum
region_pitch,0-0,LOW,NFB,21738,18485,0.850354218419358,2427,18485,805,588,0.244226699788389,0.277684609142548,0.755773300211611,0.722315390857452,0.334357965918312,Take,Swing_including_bunts,13352,13107.6461092654,2412,0.00167623075125357,5133,3707.01838423628,2083,0.00250429108272386,0.358203851935396,0.279022806316952,0.353683083375601,0.254521600721661,-0.0791810456184439,0.0117826448748199,-0.102286132562352,-0.0560759586745356,-0.123127127051913,-0.0352349641849748,Take,Take,관찰상 방향 뚜렷,TRUE,TRUE,,W per selected current decision; not PA sum
region,0-0,INSIDE,ALL,26059,22102,0.848152269849188,2428,22102,819,591,0.23182010054108,0.266763188851688,0.76817989945892,0.733236811148312,0.338389331282237,Take,Swing_including_bunts,16206,15947.4237830389,2423,0.00134058201882228,5896,4454.94492677784,2168,0.00198347633480686,0.349945846972319,0.280652107301271,0.338277498878041,0.269229250043107,-0.0692937396710487,0.0102758970701574,-0.0894441769391201,-0.0491433024029774,-0.107620034727135,-0.0309674446149628,Take,Take,관찰상 방향 뚜렷,TRUE,TRUE,,W per selected current decision; not PA sum
region_pitch,0-0,INSIDE,FB,17071,14773,0.86538574190147,2416,14773,756,583,0.252943588541972,0.287551614431734,0.747056411458028,0.712448385568266,0.336496852365802,Take,Swing_including_bunts,10525,10373.0571681942,2379,0.00198571907134291,4248,3271.63693214296,1956,0.00218612651701884,0.34830828174459,0.274915574496314,0.333381840752648,0.271757869484239,-0.073392707248276,0.0126997043044018,-0.0982961514550418,-0.0484892630415103,-0.120759503509802,-0.0260259109867504,Take,Take,관찰상 방향 뚜렷,TRUE,TRUE,,W per selected current decision; not PA sum
region_pitch,0-0,INSIDE,NFB,8988,7329,0.815420560747664,2281,7329,759,569,0.191700044503783,0.224860144630918,0.808299955496217,0.775139855369082,0.342203984172466,Take,Swing_including_bunts,5681,5576.98681593728,2157,0.0017448122000379,1648,1186.43093381804,1143,0.00390194260788398,0.353246672611458,0.292215185364802,0.34814563334201,0.264132334365137,-0.0610314872466553,0.0182862202083648,-0.0968908564615376,-0.025172118031773,-0.129240847531221,0.00717787303791086,Take,Take,차이 불명확,TRUE,TRUE,,W per selected current decision; not PA sum
region,0-0,OUTSIDE,ALL,42962,36471,0.848912992877427,2430,36471,841,592,0.128392532936083,0.147651558772724,0.871607467063917,0.852348441227277,0.32250993940391,Take,Swing_including_bunts,31086,30601.1677927371,2430,0.000960616816526388,5385,4065.56978751806,2127,0.00231762065515138,0.329690700190687,0.266536453579435,0.337678373249576,0.268998419088361,-0.063154246611252,0.00645027908490088,-0.0758028640289771,-0.0505056291935268,-0.0872119989987728,-0.0390964942237311,Take,Take,관찰상 방향 뚜렷,TRUE,TRUE,,W per selected current decision; not PA sum
region_pitch,0-0,OUTSIDE,FB,23330,19716,0.845092156022289,2428,19716,770,589,0.103257608229747,0.120511259890444,0.896742391770253,0.879488740109556,0.319882329072834,Take,Swing_including_bunts,17340,17115.0901585999,2427,0.0011727501179372,2376,1883.85323467366,1488,0.00363249860156344,0.324099922704418,0.261968480479661,0.332485578924396,0.271444558155706,-0.0621314422247569,0.00779623434207082,-0.0774194049169207,-0.0468434795325931,-0.0912092712143401,-0.0330536132351737,Take,Take,관찰상 방향 뚜렷,TRUE,TRUE,,W per selected current decision; not PA sum
region_pitch,0-0,OUTSIDE,NFB,19632,16755,0.853453545232274,2426,16755,813,586,0.158262021189894,0.17958818263205,0.841737978810106,0.82041181736795,0.325601909877649,Take,Swing_including_bunts,13746,13494.4654231307,2419,0.00142560131985155,3009,2194.10999734373,1666,0.00409787285797493,0.336269498693777,0.271911694261926,0.343788855667675,0.266119990090942,-0.064357804431851,0.0107731408066427,-0.0854833164774641,-0.043232292386238,-0.104538733901044,-0.0241768749626577,Take,Take,관찰상 방향 뚜렷,TRUE,TRUE,,W per selected current decision; not PA sum
region,0-0,CENTER,ALL,80136,79669,0.994172406908256,2430,79669,852,597,0.467006089647599,0.466944482797575,0.532993910352401,0.533055517202425,0.298819490642534,Take,Swing_including_bunts,42468,40318.0504088693,2430,0.000862532304254944,37201,34451.862572966,2430,0.000870450258358583,0.273180670480792,0.325224928373848,0.272554946308761,0.325473822622626,0.0520442578930562,0.00390731427382371,0.044382244710386,0.0597062710757265,0.0374710591116393,0.0666174566744732,Swing_including_bunts,Swing_including_bunts,관찰상 방향 뚜렷,TRUE,TRUE,,W per selected current decision; not PA sum
region_pitch,0-0,CENTER,FB,50961,50642,0.993740311218383,2430,50642,791,597,0.484272286650576,0.484084356857944,0.515727713349424,0.515915643142056,0.299773883337941,Take,Swing_including_bunts,26127,24698.2509854747,2430,0.00103068081936454,24515,22752.3165252193,2430,0.00100508873194516,0.273614418250862,0.325413681667384,0.272476026040251,0.325821881543494,0.051799263416521,0.00483485463994962,0.0423183982002874,0.0612801286327546,0.0337665962673055,0.0698319305657365,Swing_including_bunts,Swing_including_bunts,관찰상 방향 뚜렷,TRUE,TRUE,,W per selected current decision; not PA sum
region_pitch,0-0,CENTER,NFB,29175,29027,0.994927163667523,2430,29027,827,592,0.436846615252785,0.437041375271299,0.563153384747215,0.562958624728701,0.297154407964998,Take,Swing_including_bunts,16341,15773.3849444163,2427,0.0010558426675193,12686,11825.9720387359,2406,0.00127585672237927,0.272423931769526,0.324895619651237,0.272692634676071,0.324866581093341,0.0524716878817115,0.00657884385715291,0.0395709625169955,0.0653724132464276,0.0279344245434417,0.0770089512199814,Swing_including_bunts,Swing_including_bunts,관찰상 방향 뚜렷,TRUE,TRUE,,W per selected current decision; not PA sum
count,0-1,ALL,ALL,92936,89643,0.964567013859,2430,89643,853,596,0.488454420246191,0.501980076525775,0.511545579753809,0.498019923474226,0.268320883950783,Take,Swing_including_bunts,44644,27220.7599237208,2430,0.000895179659927419,44999,28074.840805292,2430,0.00105311305381697,0.261273391661991,0.236122548355213,0.262938382362013,0.235590176744973,-0.0251508433067775,0.00398170803186328,-0.03295873826779,-0.017342948345765,-0.0400015101770222,-0.0103001764365328,Take,Take,관찰상 방향 뚜렷,TRUE,TRUE,,W per selected current decision; not PA sum
region,0-1,HIGH,ALL,12007,11105,0.924877154992921,2389,11105,760,582,0.296743566253019,0.318144979738856,0.703256433746981,0.681855020261144,0.275757676722197,Take,Swing_including_bunts,7572,6365.49639032262,2305,0.00158896282879133,3533,2428.96404264522,1786,0.00413046356369467,0.29892547229926,0.201106375350164,0.297245490304911,0.205247450748262,-0.0978190969490956,0.00993130476274998,-0.117293967412343,-0.0783442264858481,-0.134861084268017,-0.0607771096301745,Take,Take,관찰상 방향 뚜렷,TRUE,TRUE,,W per selected current decision; not PA sum
region_pitch,0-1,HIGH,FB,9973,9253,0.927805073698987,2345,9253,713,577,0.328386643938634,0.350913217334918,0.671613356061366,0.649086782665082,0.271397276558954,Take,Swing_including_bunts,6006,5252.66677025749,2183,0.00190883365171249,3247,2237.0364936005,1717,0.00440104831987789,0.298630863587573,0.198956966496974,0.296899038642814,0.206100859163634,-0.0996738970905991,0.0110274759013654,-0.121298518844226,-0.0780492753369723,-0.140805609640504,-0.0585421845406937,Take,Take,관찰상 방향 뚜렷,TRUE,TRUE,,W per selected current decision; not PA sum
region_pitch,0-1,HIGH,NFB,2034,1852,0.910521140609636,1243,1852,541,480,0.141592920353982,0.154427645788337,0.858407079646018,0.845572354211663,0.297543196544277,Take,Swing_including_bunts,1566,1229.7030584394,1129,0.00411374996906101,286,210.519468507297,255,0.0192507292755611,0.300397402325849,0.211845295500583,0.298976439132871,0.200983634297166,-0.0885521068252666,0.0224185599962192,-0.132534538427594,-0.0445696752229396,-0.172289716180544,-0.00481449746998898,Take,Take,관찰상 방향 뚜렷,TRUE,TRUE,,W per selected current decision; not PA sum
region,0-1,LOW,ALL,24528,22579,0.920539791258969,2430,22579,793,587,0.300554468362688,0.32167057885646,0.699445531637313,0.67832942114354,0.26961964657425,Take,Swing_including_bunts,15316,13445.0786937841,2419,0.0011154262194516,7263,4678.80131769563,2299,0.00210580753298579,0.290980443142702,0.20705052416228,0.29798306271431,0.194317634220174,-0.0839299189804212,0.00762338318208562,-0.0988789244466557,-0.0689809135141868,-0.112363024360175,-0.0554968136006677,Take,Take,관찰상 방향 뚜렷,TRUE,TRUE,,W per selected current decision; not PA sum
region_pitch,0-1,LOW,FB,5174,4751,0.918245071511403,2005,4751,648,546,0.180131426362582,0.194064407493159,0.819868573637418,0.805935592506841,0.277428751841718,Take,Swing_including_bunts,3829,3323.4685364266,1852,0.00219840083927517,922,624.293528453491,727,0.00909124317676534,0.290352262409471,0.192741854837922,0.298787604477649,0.196963654890516,-0.097610407571549,0.0148228062688612,-0.126680131195568,-0.0685406839475301,-0.152913333667546,-0.0423074814755524,Take,Take,관찰상 방향 뚜렷,TRUE,TRUE,,W per selected current decision; not PA sum
region_pitch,0-1,LOW,NFB,19354,17828,0.921153249974166,2430,17828,770,585,0.332747752402604,0.35567646398923,0.667252247597396,0.64432353601077,0.26753859098048,Take,Swing_including_bunts,11487,10126.5377301235,2401,0.00134187054550318,6341,4054.63511177489,2240,0.00242507545567531,0.291147847599936,0.210863654516781,0.297768659645114,0.193612493755468,-0.0802841930831558,0.00874983246744907,-0.0974420992594982,-0.0631262869068134,-0.11291864194397,-0.0476497442223411,Take,Take,관찰상 방향 뚜렷,TRUE,TRUE,,W per selected current decision; not PA sum
region,0-1,INSIDE,ALL,14364,13386,0.931913116123642,2416,13386,777,589,0.352269562795879,0.374346331988645,0.647730437204122,0.625653668011355,0.276484162557896,Take,Swing_including_bunts,8375,7289.38021584015,2348,0.00177394619005359,5011,3380.24161416793,2133,0.00270682187653209,0.300001578409771,0.21064922472016,0.292377633015865,0.211773400224108,-0.0893523536896113,0.0104620211792272,-0.109867820387256,-0.0688368869919669,-0.128373138252954,-0.0503315691262684,Take,Take,관찰상 방향 뚜렷,TRUE,TRUE,,W per selected current decision; not PA sum
region_pitch,0-1,INSIDE,FB,9082,8626,0.94979079497908,2323,8626,711,576,0.375688174410923,0.392997913285416,0.624311825589077,0.607002086714584,0.278092511013216,Take,Swing_including_bunts,5236,4643.12003019933,2104,0.00228805827400448,3390,2357.20958751432,1814,0.00276799346057604,0.304470260125178,0.208066323622829,0.289666401276757,0.216710531589164,-0.0964039365023483,0.0126935980432675,-0.121295906563018,-0.0715119664416782,-0.143750880176497,-0.0490569928281998,Take,Take,관찰상 방향 뚜렷,TRUE,TRUE,,W per selected current decision; not PA sum
region_pitch,0-1,INSIDE,NFB,5282,4760,0.901173797803862,2036,4760,692,558,0.312003029155623,0.340546218487395,0.687996970844377,0.659453781512605,0.273569537815126,Take,Swing_including_bunts,3139,2662.99944768934,1727,0.00234393476991113,1621,1026.46064755765,1172,0.00600329595229898,0.291903500998615,0.215329919019649,0.29729088616325,0.202826405443651,-0.0765735819789664,0.0185026105616865,-0.112859614061436,-0.0402875498964969,-0.145603665221559,-0.00754349873637421,Take,Take,관찰상 방향 뚜렷,TRUE,TRUE,,W per selected current decision; not PA sum
region,0-1,OUTSIDE,ALL,24699,22797,0.922992833717964,2430,22797,821,586,0.254585205878781,0.271834013247357,0.74541479412122,0.728165986752643,0.272415668728341,Take,Swing_including_bunts,16600,14645.0436398952,2429,0.00116155767049434,6197,4092.77906554252,2231,0.00263442207019676,0.285826118739149,0.211932639052694,0.289968764377892,0.207158209176028,-0.0738934796864555,0.00691771349547319,-0.0874587084553157,-0.0603282509175954,-0.0996946328104312,-0.0480923265624799,Take,Take,관찰상 방향 뚜렷,TRUE,TRUE,,W per selected current decision; not PA sum
region_pitch,0-1,OUTSIDE,FB,9392,8671,0.923232538330494,2326,8671,716,575,0.195059625212947,0.209203090762311,0.804940374787053,0.790796909237689,0.276438819052012,Take,Swing_including_bunts,6857,6072.06811048717,2241,0.00167101667833582,1814,1294.51066777598,1236,0.00546336926644968,0.279794847007768,0.216481304151695,0.288177001910715,0.212111195185055,-0.0633135428560733,0.0100843614055717,-0.0830888226793267,-0.04353826303282,-0.100927992467513,-0.0256990932446339,Take,Take,관찰상 방향 뚜렷,TRUE,TRUE,,W per selected current decision; not PA sum
region_pitch,0-1,OUTSIDE,NFB,15307,14126,0.922845756843274,2420,14126,800,582,0.291108643104462,0.310278918306669,0.708891356895538,0.689721081693332,0.269946127707773,Take,Swing_including_bunts,9743,8574.39777114881,2384,0.00159105833580672,4383,2827.40598082379,1990,0.00335557006354657,0.289528310242959,0.209140519905488,0.291068606679526,0.204117904653567,-0.080387790337471,0.00930024123892804,-0.0986250532857914,-0.0621505273891505,-0.115075330995591,-0.0457002496793507,Take,Take,관찰상 방향 뚜렷,TRUE,TRUE,,W per selected current decision; not PA sum
region,0-1,CENTER,ALL,33501,33256,0.99268678546909,2430,33256,822,594,0.772573953016328,0.77261246090931,0.227426046983672,0.22738753909069,0.263762358672119,Take,Swing_including_bunts,7562,6400.10898583557,2317,0.00162073536614731,25694,25391.2091951827,2430,0.000942581795138549,0.211636239067151,0.277175926333387,0.220231156399816,0.277892209660765,0.0655396872662364,0.00709643639969592,0.0516239934074874,0.0794553811249854,0.0390719472676193,0.0920074272648535,Swing_including_bunts,Swing_including_bunts,관찰상 방향 뚜렷,TRUE,TRUE,,W per selected current decision; not PA sum
region_pitch,0-1,CENTER,FB,19153,19027,0.993421396125933,2426,19027,766,588,0.765989662193912,0.766016713091922,0.234010337806088,0.233983286908078,0.258433226467651,Take,Swing_including_bunts,4452,3744.31548320218,2018,0.00208964617765383,14575,14387.9513851685,2421,0.00120993081688487,0.201482140928107,0.27419952028759,0.216266948773099,0.273873844727352,0.0727173793594826,0.0087587949153464,0.0555418842267064,0.0898928744922588,0.0400494204935167,0.105385338225448,Swing_including_bunts,Swing_including_bunts,관찰상 방향 뚜렷,TRUE,TRUE,,W per selected current decision; not PA sum
region_pitch,0-1,CENTER,NFB,14348,14229,0.991706161137441,2417,14229,786,588,0.781363256202955,0.781432286176119,0.218636743797045,0.218567713823881,0.270888467214843,Take,Swing_including_bunts,3110,2660.83618289269,1702,0.00267790322928605,11119,11004.6016350628,2401,0.00123948471361046,0.225214285682625,0.281155972565265,0.225532089600572,0.28326556194048,0.0559416868826399,0.0115112808269295,0.0333686825469843,0.0785146912182954,0.0130074474087655,0.0988759263565143,Swing_including_bunts,Swing_including_bunts,관찰상 방향 뚜렷,TRUE,TRUE,,W per selected current decision; not PA sum
count,0-2,ALL,ALL,48752,46614,0.956145388907122,2430,37850,818,594,0.514071217591073,0.523555155103617,0.485928782408927,0.476444844896383,0.203118848414639,Take,Swing_including_bunts,22209,11180.0872685711,2430,0.00158083105226281,24405,15617.7067127022,2428,0.00124349378714478,0.167247296663875,0.158532641943204,0.194947326302904,0.172618778411542,-0.00871465472067182,0.00380202920782029,-0.0161702100893237,-0.00125909935201999,-0.0228951694004127,0.00546585995906906,Take,Take,차이 불명확,FALSE,TRUE,,W per selected current decision; not PA sum
region,0-2,HIGH,ALL,9388,8838,0.941414571793779,2333,8543,727,575,0.361525351512569,0.380289658293732,0.638474648487431,0.619710341706268,0.205731047748359,Take,Swing_including_bunts,5477,4013.32746686394,2132,0.00221770994584318,3361,2384.05046709258,1729,0.00312028119134951,0.221093153228204,0.13833121784516,0.22556622155911,0.155404841347384,-0.0827619353830441,0.00901262898201731,-0.100435536541063,-0.0650883342250253,-0.116378684739462,-0.0491451860266266,Take,Take,관찰상 방향 뚜렷,TRUE,TRUE,,W per selected current decision; not PA sum
region_pitch,0-2,HIGH,FB,8575,8082,0.942507288629738,2307,7850,699,571,0.373294460641399,0.392229646127196,0.626705539358601,0.607770353872804,0.204792006928978,Take,Swing_including_bunts,4912,3994.10570911614,2056,0.0024131557446191,3170,2263.90815460816,1675,0.00326700282739405,0.226958044977304,0.134704800218596,0.225790259925145,0.157176943574799,-0.0922532447587081,0.00914278680976939,-0.110182188016682,-0.0743243015007343,-0.12635609131317,-0.0581503982042466,Take,Take,관찰상 방향 뚜렷,TRUE,TRUE,,W per selected current decision; not PA sum
region_pitch,0-2,HIGH,NFB,813,756,0.929889298892989,616,750,362,359,0.237392373923739,0.252645502645503,0.762607626076261,0.747354497354497,0.215769841269841,Take,Swing_including_bunts,565,312.282084084963,481,0.0117955562290633,191,122.058937368925,177,0.0462085777970393,0.158394667624733,0.177099349138669,0.223171144741261,0.136460224678122,0.0187046815139359,0.0370711949837511,-0.0540967992021406,0.0915061622300123,-0.120187974224533,0.157597337252405,Swing_including_bunts,,비교 자료 부족,TRUE,FALSE,,W per selected current decision; not PA sum
region,0-2,LOW,ALL,16634,15677,0.942467235782133,2422,15162,757,588,0.341589515450283,0.358359379983415,0.658410484549717,0.641640620016585,0.185289404860624,Take,Swing_including_bunts,10059,7458.77190337102,2391,0.00171985040405082,5618,3520.07588265632,2135,0.00229506039228136,0.219653969575166,0.0889030082542344,0.220751740579017,0.12267694121671,-0.130750961320932,0.0062497746183728,-0.143006421477201,-0.118495501164663,-0.154061005660898,-0.107440916980966,Take,Take,관찰상 방향 뚜렷,TRUE,TRUE,,W per selected current decision; not PA sum
region_pitch,0-2,LOW,FB,1695,1592,0.939233038348083,1072,1582,439,468,0.241297935103245,0.254396984924623,0.758702064896755,0.745603015075377,0.193217964824121,Take,Swing_including_bunts,1187,851.914770820502,888,0.00509236782608536,405,243.863019929508,346,0.0174378563028456,0.218626057747277,0.117397292168943,0.231491321508882,0.145554956141376,-0.101228765578335,0.0242407139659583,-0.148793444932654,-0.0536640862240152,-0.191815855075435,-0.0106416760812348,Take,Take,관찰상 방향 뚜렷,TRUE,TRUE,,W per selected current decision; not PA sum
region_pitch,0-2,LOW,NFB,14939,14085,0.942834192382355,2414,13664,745,588,0.352968739540799,0.370110046148385,0.647031260459201,0.629889953851615,0.184393255236067,Take,Swing_including_bunts,8872,6625.43952276772,2359,0.00189984051090275,5213,3278.57538349216,2097,0.00233984065787689,0.219770152438496,0.0856823550776483,0.219537866752937,0.120091083938749,-0.134087797360848,0.00639799533129077,-0.146633930890285,-0.121541663831411,-0.157950788274419,-0.110224806447277,Take,Take,관찰상 방향 뚜렷,TRUE,TRUE,,W per selected current decision; not PA sum
region,0-2,INSIDE,ALL,6521,6126,0.939426468333078,2209,5920,705,569,0.361294280018402,0.380835781913157,0.638705719981598,0.619164218086843,0.220379856349984,Take,Swing_including_bunts,3793,2662.68895343763,1907,0.00304330015744562,2333,1455.44067914653,1430,0.00475316197473211,0.235532945658621,0.136031432315557,0.224287276921172,0.145828397269118,-0.0995015133430639,0.011064559443855,-0.12119954550897,-0.0778034811771579,-0.140775581357289,-0.0582274453288392,Take,Take,관찰상 방향 뚜렷,TRUE,TRUE,,W per selected current decision; not PA sum
region_pitch,0-2,INSIDE,FB,2998,2858,0.953302201467645,1628,2815,600,528,0.372581721147432,0.387683694891533,0.627418278852568,0.612316305108467,0.223496850944717,Take,Swing_including_bunts,1750,1302.34152605884,1215,0.00411418637963127,1108,754.031897502008,843,0.00840624172595884,0.225270220455063,0.163902713624151,0.223077319304545,0.165747059136701,-0.0613675068309118,0.0169627666602141,-0.094638669470591,-0.0280963441912325,-0.12468173643749,0.00194672277566622,Take,Take,차이 불명확,TRUE,TRUE,,W per selected current decision; not PA sum
region_pitch,0-2,INSIDE,NFB,3523,3268,0.9276185069543,1700,3203,597,542,0.3516889015044,0.37484700122399,0.6483110984956,0.62515299877601,0.217653916768666,Take,Swing_including_bunts,2043,1361.09863894733,1332,0.00585896147736882,1225,719.536604337653,906,0.00635502837471204,0.24450811965855,0.111656853986315,0.225345434469618,0.128408710727641,-0.132851265672235,0.0146030994568683,-0.161493218899516,-0.104209312444954,-0.187352653396654,-0.0783498779478153,Take,Take,관찰상 방향 뚜렷,TRUE,TRUE,,W per selected current decision; not PA sum
region,0-2,OUTSIDE,ALL,16399,15323,0.934386243063601,2417,14734,782,584,0.316604671016525,0.335769757880311,0.683395328983475,0.664230242119689,0.191400704822815,Take,Swing_including_bunts,10178,7753.96546845351,2390,0.00174647101715371,5145,3401.13393660834,2089,0.00254898015855531,0.199215145405591,0.122590429615524,0.217861725396686,0.135805942177508,-0.0766247157900662,0.00616496393831538,-0.0887138794375378,-0.0645355521425945,-0.0996185113593847,-0.0536309202207476,Take,Take,관찰상 방향 뚜렷,TRUE,TRUE,,W per selected current decision; not PA sum
region_pitch,0-2,OUTSIDE,FB,5683,5245,0.922928030969558,2085,5164,685,552,0.254970966039064,0.274737845567207,0.745029033960936,0.725262154432793,0.206266730219256,Take,Swing_including_bunts,3804,2886.92561445558,1860,0.00252080890145879,1441,1011.59190139729,1035,0.00636993809693317,0.203578470347763,0.149210195534168,0.223006415035659,0.154811684813738,-0.0543682748135947,0.0109910715028842,-0.075922897678468,-0.0328136519487215,-0.0953723238273676,-0.0133642257998219,Take,Take,관찰상 방향 뚜렷,TRUE,TRUE,,W per selected current decision; not PA sum
region_pitch,0-2,OUTSIDE,NFB,10716,10078,0.940462859275849,2372,9806,761,580,0.349290780141844,0.367533240722366,0.650709219858156,0.632466759277635,0.183663822186942,Take,Swing_including_bunts,6374,4868.17337027229,2230,0.00212380472967629,3704,2403.67157479809,1856,0.00302102184977702,0.196944294113499,0.108736423637822,0.215184220221412,0.125914582768199,-0.0882078704756777,0.00735883891116373,-0.102638296190119,-0.0737774447612365,-0.115655327794703,-0.0607604131566525,Take,Take,관찰상 방향 뚜렷,TRUE,TRUE,,W per selected current decision; not PA sum
region,0-2,CENTER,ALL,12495,11948,0.956222488995598,2391,10554,755,580,0.890676270508203,0.887931034482759,0.109323729491797,0.112068965517241,0.226859809173083,Take,Swing_including_bunts,1339,1151.06106841617,1015,0.00396300900905141,10609,10577.3823519434,2365,0.00152390562312043,0.0398482209369293,0.250154190985249,0.13857379644494,0.250488391640765,0.210305970048319,0.00738334195970827,0.19582755349896,0.224784386597679,0.182767463367062,0.237844476729576,Swing_including_bunts,Swing_including_bunts,관찰상 방향 뚜렷,TRUE,TRUE,,W per selected current decision; not PA sum
region_pitch,0-2,CENTER,FB,6866,6721,0.978881444800466,2236,6257,693,572,0.867899796096708,0.866091355453058,0.132100203903292,0.133908644546942,0.216064871298914,Take,Swing_including_bunts,900,772.946318377059,733,0.0044433445598881,5821,5800.48919020073,2153,0.00202327009085188,0.0324440907203544,0.243706630743046,0.132906119770662,0.245237934874814,0.211262540022691,0.0094440483668697,0.192742515925569,0.229782564119814,0.176034173367978,0.246490906677405,Swing_including_bunts,Swing_including_bunts,관찰상 방향 뚜렷,TRUE,TRUE,,W per selected current decision; not PA sum
region_pitch,0-2,CENTER,NFB,5629,5227,0.928584117960561,2087,4962,683,554,0.918457985432581,0.916013009374402,0.0815420145674187,0.0839869906255979,0.240740195140616,Take,Swing_including_bunts,439,390.629467227685,401,0.00706053787494851,4788,4779.11001793197,2019,0.00187718061559481,0.0493686263675013,0.258444616159889,0.145861428916305,0.257239552904196,0.209075989792388,0.0112331024532698,0.18704673158791,0.231105247996865,0.167169075196338,0.250982904388437,Swing_including_bunts,Swing_including_bunts,관찰상 방향 뚜렷,TRUE,TRUE,,W per selected current decision; not PA sum
count,1-0,ALL,ALL,70041,67349,0.961565368855385,2430,67349,857,600,0.427192644308334,0.44109043935322,0.572807355691666,0.55890956064678,0.356261102614738,Take,Swing_including_bunts,37642,29332.8972839184,2430,0.000998439679910768,29707,19188.9062987932,2429,0.00111056359640002,0.352222236854614,0.320719536567231,0.353567680254258,0.317452975815209,-0.0315027002873838,0.00459378636832971,-0.0405108448198861,-0.0224945557548816,-0.0486362496293257,-0.014369150945442,Take,Take,관찰상 방향 뚜렷,TRUE,TRUE,,W per selected current decision; not PA sum
region,1-0,HIGH,ALL,7582,6667,0.879319440780797,2219,6667,731,560,0.200474808757584,0.225588720563972,0.799525191242416,0.774411279436028,0.370699565021749,Take,Swing_including_bunts,5163,4868.63569539366,2098,0.00197821319857536,1504,1030.87245245646,1057,0.00446757819928683,0.388434290136136,0.268133087835433,0.400788753233489,0.276325071991701,-0.120301202300702,0.0131019158554328,-0.145994506235128,-0.0946078983662761,-0.169174838799607,-0.0714275658017978,Take,Take,관찰상 방향 뚜렷,TRUE,TRUE,,W per selected current decision; not PA sum
region_pitch,1-0,HIGH,FB,5749,5073,0.882414332927466,2049,5073,672,547,0.237954426856845,0.266903213088902,0.762045573143155,0.733096786911098,0.367285629804849,Take,Swing_including_bunts,3719,3526.25501378955,1849,0.00215205551847833,1354,935.210253071539,979,0.00483864990516277,0.386663651975355,0.271279751278658,0.399114454155242,0.275490208594486,-0.115383900696698,0.0160592961986635,-0.146878155728681,-0.0838896456647139,-0.175297699239009,-0.0554701021543864,Take,Take,관찰상 방향 뚜렷,TRUE,TRUE,,W per selected current decision; not PA sum
region_pitch,1-0,HIGH,NFB,1833,1594,0.869612656846699,1112,1594,500,449,0.082924168030551,0.0941028858218319,0.917075831969449,0.905897114178168,0.381564617314931,Take,Swing_including_bunts,1444,1351.59957519049,1037,0.00435167277594924,150,100.552272098497,143,0.0396961529531855,0.394069451610187,0.258118643890968,0.406117309835717,0.278982074509941,-0.135950807719219,0.0204670288574149,-0.176109196369625,-0.0957924190688131,-0.212426124981249,-0.0594754904571883,Take,,비교 자료 부족,TRUE,FALSE,,W per selected current decision; not PA sum
region,1-0,LOW,ALL,14281,12997,0.910090329808837,2410,12997,789,580,0.258805405783909,0.280910979456798,0.741194594216091,0.719089020543202,0.378179579903055,Take,Swing_including_bunts,9346,8942.58981747887,2359,0.00144169346471604,3651,2496.82336983326,1869,0.00378691688439624,0.403269195549758,0.299763720631661,0.40356371489464,0.274715654123233,-0.103505474918097,0.0113141553818149,-0.125691959141136,-0.0813189906950583,-0.145704673965948,-0.061306275870246,Take,Take,관찰상 방향 뚜렷,TRUE,TRUE,,W per selected current decision; not PA sum
region_pitch,1-0,LOW,FB,5315,4822,0.907243650047037,1998,4822,674,542,0.153527751646284,0.167357942762339,0.846472248353716,0.832642057237661,0.37513417669017,Take,Swing_including_bunts,4015,3839.20982613451,1873,0.00262039729263245,807,558.723339839489,658,0.00894856982391163,0.380751282989869,0.281153056259418,0.398936224907111,0.273327187057715,-0.0995982267304514,0.0150613966939362,-0.129135924168497,-0.0700605292924054,-0.155791684068934,-0.0434047693919689,Take,Take,관찰상 방향 뚜렷,TRUE,TRUE,,W per selected current decision; not PA sum
region_pitch,1-0,LOW,NFB,8966,8175,0.911777827347758,2321,8175,736,569,0.321213473120678,0.347889908256881,0.678786526879322,0.652110091743119,0.379975902140673,Take,Swing_including_bunts,5331,5103.57748965202,2137,0.0015434371229694,2844,1938.36014328736,1640,0.00326255750029964,0.416551320854197,0.31074116694395,0.406293226420006,0.275534637388056,-0.105810153910247,0.0160531827467102,-0.137290237224754,-0.0743300705957404,-0.165688384411573,-0.0459319234089218,Take,Take,관찰상 방향 뚜렷,TRUE,TRUE,,W per selected current decision; not PA sum
region,1-0,INSIDE,ALL,9853,8981,0.911499035826652,2365,8981,764,577,0.316045874352989,0.34394833537468,0.683954125647011,0.65605166462532,0.37821278254092,Take,Swing_including_bunts,5892,5651.12621101594,2205,0.001793092162561,3089,2132.14593208997,1700,0.00308971462242095,0.405156451012439,0.30166024571778,0.393654978373191,0.287931381848309,-0.103496205294659,0.015855940102033,-0.134589196264176,-0.0724032143251423,-0.16263695660864,-0.0443554539806777,Take,Take,관찰상 방향 뚜렷,TRUE,TRUE,,W per selected current decision; not PA sum
region_pitch,1-0,INSIDE,FB,6493,6004,0.924688125673802,2188,6004,689,568,0.342830740797782,0.368087941372418,0.657169259202218,0.631912058627582,0.369844770153231,Take,Swing_including_bunts,3794,3647.52931420393,1877,0.00209660995591188,2210,1564.60581104881,1390,0.00369997228234885,0.399097709249283,0.285984600553221,0.389339703831425,0.289190054860139,-0.113113108696062,0.0188748420468844,-0.15012760428496,-0.0760986131071643,-0.183522972585109,-0.0427032448070156,Take,Take,관찰상 방향 뚜렷,TRUE,TRUE,,W per selected current decision; not PA sum
region_pitch,1-0,INSIDE,NFB,3360,2977,0.886011904761905,1684,2977,648,514,0.264285714285714,0.295263688276789,0.735714285714286,0.704736311723211,0.395089351696339,Take,Swing_including_bunts,2098,2006.2125278235,1381,0.00303678874018633,879,570.529211133649,733,0.00633943582000976,0.417375693721874,0.333274815273713,0.402358004355308,0.285392895868118,-0.084100878448161,0.0282607031065142,-0.139530701741115,-0.0286710551552065,-0.189577091463442,0.0213753345671196,Take,Take,차이 불명확,TRUE,TRUE,,W per selected current decision; not PA sum
region,1-0,OUTSIDE,ALL,15678,14220,0.907003444316877,2421,14220,807,584,0.192435259599439,0.209774964838256,0.807564740400561,0.790225035161744,0.372345218002813,Take,Swing_including_bunts,11237,10784.3838653246,2402,0.00132271159104023,2983,2141.47831219903,1678,0.00347117325790459,0.388221178287471,0.287923521453331,0.393332337321428,0.287406313636413,-0.10029765683414,0.00928180243931199,-0.118498758542722,-0.0820965551255589,-0.134916403438642,-0.0656789102296391,Take,Take,관찰상 방향 뚜렷,TRUE,TRUE,,W per selected current decision; not PA sum
region_pitch,1-0,OUTSIDE,FB,8216,7421,0.903237585199611,2290,7421,731,571,0.157619279454722,0.173426761891928,0.842380720545278,0.826573238108072,0.379657323810807,Take,Swing_including_bunts,6134,5892.33875131122,2212,0.0016356102571585,1287,961.901635028283,972,0.00527732643071259,0.39416410496348,0.280863922538612,0.389024465950596,0.287041547854758,-0.113300182424868,0.0119841329516111,-0.136801077956451,-0.0897992868932857,-0.15800186414916,-0.0685985007005769,Take,Take,관찰상 방향 뚜렷,TRUE,TRUE,,W per selected current decision; not PA sum
region_pitch,1-0,OUTSIDE,NFB,7462,6799,0.911149825783972,2250,6799,738,562,0.230769230769231,0.249448448301221,0.769230769230769,0.750551551698779,0.364364171201647,Take,Swing_including_bunts,5103,4894.54522259125,2122,0.00187888827237346,1696,1185.72350683408,1196,0.00449500308984256,0.381734568659193,0.29562896101005,0.398034310176693,0.287804449666073,-0.0861056076491437,0.0144353772430149,-0.114413661810263,-0.0577975534880248,-0.139952164854965,-0.0322590504433228,Take,Take,관찰상 방향 뚜렷,TRUE,TRUE,,W per selected current decision; not PA sum
region,1-0,CENTER,ALL,31491,31313,0.994347591375314,2430,31313,834,596,0.626496459305833,0.626353271804043,0.373503540694167,0.373646728195957,0.33995742982148,Take,Swing_including_bunts,11700,10214.6165187806,2410,0.00138366860585396,19613,18795.6165232348,2429,0.00100888080350723,0.305637628005497,0.354612873482391,0.310072357683733,0.351863031373524,0.0489752454768946,0.00651907458395286,0.036191724137011,0.0617587668167782,0.0246609049542274,0.0732895859995618,Swing_including_bunts,Swing_including_bunts,관찰상 방향 뚜렷,TRUE,TRUE,,W per selected current decision; not PA sum
region_pitch,1-0,CENTER,FB,20073,19961,0.994420365665322,2426,19961,779,594,0.648632491406367,0.648314212714794,0.351367508593633,0.351685787285206,0.342842041981865,Take,Swing_including_bunts,7020,6052.81301232152,2273,0.00165786908954225,12941,12389.7903679038,2417,0.00131275867086939,0.303550712526542,0.358187921073283,0.307537625182416,0.356312972196072,0.0546372085467409,0.00850348528006639,0.0379623609848331,0.0713120561086487,0.0229214862320383,0.0863529308614435,Swing_including_bunts,Swing_including_bunts,관찰상 방향 뚜렷,TRUE,TRUE,,W per selected current decision; not PA sum
region_pitch,1-0,CENTER,NFB,11418,11352,0.994219653179191,2391,11352,770,581,0.587581012436504,0.587737843551797,0.412418987563496,0.412262156448203,0.334885218463707,Take,Swing_including_bunts,4680,4301.97362538185,2071,0.00215642112972662,6672,6437.67031422564,2225,0.00183539583127797,0.309307194590716,0.348326622164404,0.314529351645922,0.344038395295398,0.0390194275736881,0.0101756455848543,0.0190654235142587,0.0589734316331174,0.00106614226551473,0.0769727128818614,Swing_including_bunts,Swing_including_bunts,관찰상 방향 뚜렷,TRUE,TRUE,,W per selected current decision; not PA sum
count,1-1,ALL,ALL,72441,70582,0.974337736916939,2430,70582,854,598,0.542786543531978,0.552378793460089,0.457213456468022,0.447621206539911,0.299650335779661,Take,Swing_including_bunts,31594,18262.2348359524,2430,0.0011161925676274,38988,25667.7081882707,2430,0.00102426079048463,0.28846365526512,0.263257895337144,0.297132219792326,0.262069100597006,-0.0252057599279766,0.00460641619489088,-0.0342386708065736,-0.0161728490493796,-0.0423864150208645,-0.00802510483508868,Take,Take,관찰상 방향 뚜렷,TRUE,TRUE,,W per selected current decision; not PA sum
region,1-1,HIGH,ALL,8554,8028,0.938508300210428,2309,8028,740,575,0.31306990881459,0.330717488789238,0.68693009118541,0.669282511210762,0.314174389636273,Take,Swing_including_bunts,5373,4329.03025455698,2139,0.00282951772440434,2655,1802.4207582367,1582,0.00359683989970501,0.340965289436059,0.24906333008706,0.340882169465171,0.231325433302657,-0.0919019593489987,0.0134559855490734,-0.118289044230721,-0.0655148744672762,-0.142093085772002,-0.0417108329259955,Take,Take,관찰상 방향 뚜렷,TRUE,TRUE,,W per selected current decision; not PA sum
region_pitch,1-1,HIGH,FB,6679,6294,0.942356640215601,2192,6294,694,566,0.356191046563857,0.374642516682555,0.643808953436143,0.625357483317445,0.308095011121703,Take,Swing_including_bunts,3936,3340.3319201175,1913,0.00249910734647118,2358,1605.48339183274,1486,0.00391074270556212,0.340518726439854,0.25105710700118,0.339575897082423,0.23471683736913,-0.0894616194386739,0.0156220884431695,-0.120097273913269,-0.0588259649640791,-0.147737376162617,-0.0311858627147311,Take,Take,관찰상 방향 뚜렷,TRUE,TRUE,,W per selected current decision; not PA sum
region_pitch,1-1,HIGH,NFB,1875,1734,0.9248,1192,1734,523,472,0.159466666666667,0.171280276816609,0.840533333333333,0.828719723183391,0.336241061130334,Take,Swing_including_bunts,1437,1078.22229223621,1055,0.00925324277343971,297,230.74219761421,270,0.0199328044349776,0.342586204948235,0.241826402810548,0.345623621816391,0.219015457988715,-0.100759802137686,0.025313311092843,-0.150423450464522,-0.0510961538108502,-0.19532200764345,-0.00619759663192206,Take,Take,관찰상 방향 뚜렷,TRUE,TRUE,,W per selected current decision; not PA sum
region,1-1,LOW,ALL,17505,16521,0.943787489288775,2427,16521,786,583,0.35144244501571,0.368076992918104,0.64855755498429,0.631923007081896,0.310064160765087,Take,Swing_including_bunts,10440,8717.92246017527,2392,0.00146126107389646,6081,4034.84138883431,2237,0.0024652030232003,0.344192254837354,0.226417711988024,0.342665166916692,0.216845726155422,-0.11777454284933,0.00834460832331098,-0.134137838431206,-0.101411247267453,-0.148897676984545,-0.0866514087141141,Take,Take,관찰상 방향 뚜렷,TRUE,TRUE,,W per selected current decision; not PA sum
region_pitch,1-1,LOW,FB,4115,3906,0.949210206561361,1873,3906,623,527,0.219684082624544,0.229902713773682,0.780315917375456,0.770097286226319,0.327161546338966,Take,Swing_including_bunts,3008,2529.32888217303,1647,0.00265223678336268,898,618.451967579479,741,0.0063582757381453,0.34511947794559,0.220586210188581,0.341650092618518,0.228502399147112,-0.124533267757009,0.0159919521044767,-0.155897196434607,-0.0931693390794101,-0.184206016786216,-0.0648605187278018,Take,Take,관찰상 방향 뚜렷,TRUE,TRUE,,W per selected current decision; not PA sum
region_pitch,1-1,LOW,NFB,13390,12615,0.942120985810306,2410,12615,769,583,0.39193427931292,0.41086008719778,0.60806572068708,0.58913991280222,0.304770273483948,Take,Swing_including_bunts,7432,6188.73669343837,2312,0.00169014661226685,5183,3416.39008324978,2141,0.00279593043371343,0.343905157456397,0.228223328002976,0.342979465783808,0.21323645428023,-0.11568182945342,0.00978825957611043,-0.134876109479434,-0.0964875494274069,-0.152189787868789,-0.0791738710380517,Take,Take,관찰상 방향 뚜렷,TRUE,TRUE,,W per selected current decision; not PA sum
region,1-1,INSIDE,ALL,11106,10538,0.94885647397803,2396,10538,769,578,0.390779758688997,0.408141962421712,0.609220241311003,0.591858037578288,0.317780508635415,Take,Swing_including_bunts,6237,5250.48612229233,2235,0.00171796185861772,4301,2952.22440691567,2003,0.00234089418443201,0.351423776816063,0.240915267208984,0.334823965079731,0.23748854384269,-0.110508509607079,0.0118207861712948,-0.13368853919639,-0.0873284800177677,-0.154597723202725,-0.0664192960114323,Take,Take,관찰상 방향 뚜렷,TRUE,TRUE,,W per selected current decision; not PA sum
region_pitch,1-1,INSIDE,FB,6825,6564,0.961758241758242,2209,6564,701,564,0.413919413919414,0.42702620353443,0.586080586080586,0.57297379646557,0.312798750761731,Take,Swing_including_bunts,3761,3227.80740184286,1882,0.00243579811110861,2803,2005.91070230048,1607,0.00315746082597469,0.345879840940915,0.241244923873925,0.331508924908775,0.246568358347544,-0.10463491706699,0.0150576717230901,-0.134163597991806,-0.0751062361421727,-0.160804470856124,-0.048465363277855,Take,Take,관찰상 방향 뚜렷,TRUE,TRUE,,W per selected current decision; not PA sum
region_pitch,1-1,INSIDE,NFB,4281,3974,0.928287783228218,1914,3974,678,542,0.353889278206027,0.376950176144942,0.646110721793973,0.623049823855058,0.326009058882738,Take,Swing_including_bunts,2476,2037.24374997997,1531,0.00372336409772411,1498,947.710505225879,1080,0.0066779468855689,0.360580896867515,0.240370761333626,0.340299537219175,0.222491084756162,-0.120210135533889,0.019198326713772,-0.15786198671316,-0.0825582843546188,-0.191844173484502,-0.0485760975832766,Take,Take,관찰상 방향 뚜렷,TRUE,TRUE,,W per selected current decision; not PA sum
region,1-1,OUTSIDE,ALL,17394,16444,0.945383465562838,2428,16444,800,587,0.291882258249971,0.305765020676235,0.708117741750029,0.694234979323765,0.302005473120895,Take,Swing_including_bunts,11416,9589.74675324107,2414,0.00149983320415216,5028,3417.846122092,2118,0.00287498025835024,0.325376291212595,0.222203523642831,0.333772115334109,0.231939398362361,-0.103172767569764,0.00803410941578365,-0.11892718946425,-0.0874183456752781,-0.13313780574404,-0.0732077293954874,Take,Take,관찰상 방향 뚜렷,TRUE,TRUE,,W per selected current decision; not PA sum
region_pitch,1-1,OUTSIDE,FB,6947,6598,0.949762487404635,2243,6598,710,563,0.236361019144955,0.247650803273719,0.763638980855045,0.752349196726281,0.312121855107608,Take,Swing_including_bunts,4964,4252.01210217259,2094,0.00197464355097864,1634,1167.2140372446,1155,0.00490592410593437,0.323655491908515,0.23981608462615,0.330202234494441,0.242866299406234,-0.0838394072823648,0.0126407722903467,-0.108628248072437,-0.0590505664922924,-0.130992008410257,-0.0366868061544729,Take,Take,관찰상 방향 뚜렷,TRUE,TRUE,,W per selected current decision; not PA sum
region_pitch,1-1,OUTSIDE,NFB,10447,9846,0.942471522925242,2381,9846,768,583,0.328802527041256,0.344708511070486,0.671197472958744,0.655291488929515,0.2952262847857,Take,Swing_including_bunts,6452,5345.54234064626,2261,0.00214892655962007,3394,2254.70667218552,1799,0.00353950284981209,0.326529432976593,0.210400996995671,0.336164363331279,0.224617065121707,-0.116128435980922,0.0103053553221045,-0.136336838287011,-0.0959200336748323,-0.154565766222274,-0.0776911057395691,Take,Take,관찰상 방향 뚜렷,TRUE,TRUE,,W per selected current decision; not PA sum
region,1-1,CENTER,ALL,28764,28545,0.992386316228619,2430,28545,816,594,0.806111806424697,0.805780346820809,0.193888193575303,0.194219653179191,0.291309020844281,Take,Swing_including_bunts,5544,4680.75612450914,2193,0.00187526550610314,23001,22795.4201539293,2429,0.00112243692565838,0.221497555757249,0.304762521386131,0.246978414569918,0.301879113276943,0.0832649656288821,0.00821675714260817,0.0671523887708517,0.0993775424869124,0.052618739913162,0.113911191344602,Swing_including_bunts,Swing_including_bunts,관찰상 방향 뚜렷,TRUE,TRUE,,W per selected current decision; not PA sum
region_pitch,1-1,CENTER,FB,16179,16055,0.992335743865505,2425,16055,757,585,0.807157426293343,0.806726876362504,0.192842573706657,0.193273123637496,0.294526253503581,Take,Swing_including_bunts,3103,2559.49685558044,1760,0.00260786270233726,12952,12814.4669464887,2417,0.00120402586293097,0.217605141731469,0.309224893612669,0.245136464278168,0.305295411978574,0.0916197518812005,0.0105405637603773,0.0709503058434579,0.112289197918943,0.0523062476055641,0.130933256156837,Swing_including_bunts,Swing_including_bunts,관찰상 방향 뚜렷,TRUE,TRUE,,W per selected current decision; not PA sum
region_pitch,1-1,CENTER,NFB,12585,12490,0.992451330949543,2401,12490,787,586,0.80476758045292,0.804563650920737,0.19523241954708,0.195436349079263,0.287173498799039,Take,Swing_including_bunts,2441,2121.50949938996,1509,0.003214765073226,10049,9981.45235978659,2371,0.00149602370350092,0.226500975067408,0.299026461650576,0.24934610968073,0.297487706098825,0.0725254865831677,0.012875306021555,0.0472776176302967,0.0977733555360386,0.0245032762693238,0.120547696897012,Swing_including_bunts,Swing_including_bunts,관찰상 방향 뚜렷,TRUE,TRUE,,W per selected current decision; not PA sum
count,1-2,ALL,ALL,69595,66799,0.959824700050291,2430,52914,833,596,0.575616064372441,0.576655339151784,0.42438393562756,0.423344660848216,0.224697824817737,Take,Swing_including_bunts,28279,13933.9029103951,2430,0.00130912503582698,38520,25726.2804997499,2430,0.00098221420222065,0.190503045494897,0.17483998822374,0.218728883775576,0.182704443841641,-0.0156630572711572,0.00340454929916324,-0.0223391779471917,-0.00898693659512264,-0.0283610821088895,-0.00296503243342486,Take,Take,관찰상 방향 뚜렷,TRUE,TRUE,,W per selected current decision; not PA sum
region,1-2,HIGH,ALL,11395,10929,0.959104870557262,2372,10568,766,581,0.399561211057481,0.413212553756062,0.600438788942519,0.586787446243938,0.226750846372038,Take,Swing_including_bunts,6413,4453.7415351634,2211,0.00202762081161666,4516,3158.76889212263,1978,0.00374830804857608,0.24976655584908,0.157929071491828,0.249931046812255,0.166827797106722,-0.0918374843572519,0.00899152278667001,-0.109469546045123,-0.0742054226693806,-0.125374628042483,-0.0583003406720209,Take,Take,관찰상 방향 뚜렷,TRUE,TRUE,,W per selected current decision; not PA sum
region_pitch,1-2,HIGH,FB,10085,9682,0.960039662865642,2344,9406,733,579,0.414080317302925,0.428320594918405,0.585919682697075,0.571679405081595,0.223210183846313,Take,Swing_including_bunts,5535,4191.65702583561,2127,0.00223125707816884,4147,2924.48734404265,1899,0.00398735428187026,0.25375731781811,0.158455553119743,0.248065000288086,0.171248071253487,-0.0953017646983674,0.00944147531832664,-0.113816280567614,-0.0767872488291213,-0.130517830050129,-0.0600856993466053,Take,Take,관찰상 방향 뚜렷,TRUE,TRUE,,W per selected current decision; not PA sum
region_pitch,1-2,HIGH,NFB,1310,1247,0.951908396946565,937,1237,454,430,0.287786259541985,0.295910184442662,0.712213740458015,0.704089815557338,0.254241379310345,Take,Swing_including_bunts,878,510.131813870013,715,0.00810837854111828,369,249.433828355042,334,0.023115279811632,0.218781345436768,0.153841344850711,0.264419468983072,0.132507753571053,-0.0649400005860565,0.0288039561533301,-0.121467813133457,-0.00841218803865561,-0.172633893552457,0.0427538923803443,Take,Take,차이 불명확,TRUE,TRUE,,W per selected current decision; not PA sum
region,1-2,LOW,ALL,22028,21210,0.962865443980389,2430,20400,784,586,0.394588705284184,0.405752003771806,0.605411294715816,0.594247996228194,0.211698444130127,Take,Swing_including_bunts,12604,8913.64605855002,2419,0.0016718788372474,8606,5446.88987392101,2340,0.0023968982887882,0.262375275401879,0.0986517706136916,0.264162931380295,0.123465846520912,-0.163723504788187,0.00573326333458138,-0.174966096545797,-0.152480913030577,-0.185106987248455,-0.142340022327919,Take,Take,관찰상 방향 뚜렷,TRUE,TRUE,,W per selected current decision; not PA sum
region_pitch,1-2,LOW,FB,2709,2583,0.953488372093023,1501,2554,555,500,0.266519010705057,0.274874177313202,0.733480989294943,0.725125822686798,0.229167634533488,Take,Swing_including_bunts,1873,1251.79345960702,1252,0.00436251164246491,710,485.29519036507,561,0.0124075243988789,0.222805399828387,0.152059449101412,0.253528772341587,0.163319928710539,-0.0707459507269747,0.0178272196958199,-0.105714875652284,-0.0357770258016658,-0.13729968362421,-0.00419221782973928,Take,Take,관찰상 방향 뚜렷,TRUE,TRUE,,W per selected current decision; not PA sum
region_pitch,1-2,LOW,NFB,19319,18627,0.964180340597339,2430,18024,772,586,0.412547233293649,0.423900789177001,0.587452766706351,0.576099210822999,0.209275997208353,Take,Swing_including_bunts,10731,7698.81970497088,2401,0.00199553845818451,7896,4962.83690800716,2306,0.0026189134242488,0.267862417110492,0.0912457452991598,0.26563756673741,0.11793929397376,-0.176616671811332,0.00603938012986416,-0.188459540576759,-0.164773803045904,-0.199141885034818,-0.154091458587846,Take,Take,관찰상 방향 뚜렷,TRUE,TRUE,,W per selected current decision; not PA sum
region,1-2,INSIDE,ALL,9770,9357,0.957727737973388,2344,8992,737,569,0.414636642784033,0.42802180185957,0.585363357215967,0.57197819814043,0.232863524633964,Take,Swing_including_bunts,5352,3706.6773789566,2119,0.00244782854113887,4005,2520.4258695486,1903,0.00339746459947264,0.262769517845709,0.131582510034788,0.256405330146364,0.153413770619178,-0.131187007810921,0.00953635635070341,-0.14988758320163,-0.112486432420212,-0.166756973006105,-0.0956170426157378,Take,Take,관찰상 방향 뚜렷,TRUE,TRUE,,W per selected current decision; not PA sum
region_pitch,1-2,INSIDE,FB,4646,4496,0.96771416272062,1991,4397,657,541,0.427034007748601,0.436832740213523,0.572965992251399,0.563167259786477,0.240455293594306,Take,Swing_including_bunts,2532,1854.62956047753,1528,0.00431044919705688,1964,1322.21819527338,1307,0.00489855035545163,0.250826865468707,0.162653088446315,0.243386433186364,0.181989096012788,-0.0881737770223924,0.0141876783652885,-0.115998038835227,-0.0603495152095574,-0.14110777396764,-0.035239780077145,Take,Take,관찰상 방향 뚜렷,TRUE,TRUE,,W per selected current decision; not PA sum
region_pitch,1-2,INSIDE,NFB,5124,4861,0.948672911787666,2032,4773,676,555,0.403395784543326,0.419872454227525,0.596604215456674,0.580127545772475,0.225841802098334,Take,Swing_including_bunts,2820,1859.64229564225,1642,0.00408213727838227,2041,1209.65648345811,1349,0.00509549685532336,0.273815427141532,0.102844941522501,0.268446671584784,0.126984092987072,-0.170970485619032,0.012149043359241,-0.194796371827307,-0.147144599410756,-0.216296656913313,-0.125644314324751,Take,Take,관찰상 방향 뚜렷,TRUE,TRUE,,W per selected current decision; not PA sum
region,1-2,OUTSIDE,ALL,20907,20065,0.959726407423351,2426,19200,802,585,0.360740421868274,0.372688761525044,0.639259578131726,0.627311238474956,0.22099681036631,Take,Swing_including_bunts,12587,9060.93598739661,2412,0.00153825551715843,7478,4977.58827781412,2306,0.00256322963459616,0.244044528848079,0.137146874190692,0.254940132680715,0.141498066972521,-0.106897654657388,0.00598846405076645,-0.118640689646885,-0.0951546196678903,-0.129233021471147,-0.0845622878436281,Take,Take,관찰상 방향 뚜렷,TRUE,TRUE,,W per selected current decision; not PA sum
region_pitch,1-2,OUTSIDE,FB,7626,7255,0.951350642538683,2269,7111,715,569,0.302255441909258,0.315506547208822,0.697744558090742,0.684493452791179,0.237299655410062,Take,Swing_including_bunts,4966,3653.1848077068,2091,0.0021854639106292,2289,1685.25600612042,1448,0.00464462503429745,0.236511953505948,0.186926028362882,0.243840843549958,0.172707044540036,-0.0495859251430656,0.0107825578886079,-0.0707306344705367,-0.0284412158155945,-0.0898062505985151,-0.00936559968761607,Take,Take,관찰상 방향 뚜렷,TRUE,TRUE,,W per selected current decision; not PA sum
region_pitch,1-2,OUTSIDE,NFB,13281,12810,0.96453580302688,2412,12498,775,576,0.394322716662902,0.405074160811866,0.605677283337098,0.594925839188134,0.21176362217018,Take,Swing_including_bunts,7621,5409.88095527512,2304,0.00222870728308314,5189,3330.08990642628,2107,0.00275395504594659,0.248310636116398,0.108954230668503,0.261226264034629,0.123822724876321,-0.139356405447896,0.00723252214714891,-0.153539008230323,-0.125173802665468,-0.166332016112369,-0.112380794783422,Take,Take,관찰상 방향 뚜렷,TRUE,TRUE,,W per selected current decision; not PA sum
region,1-2,CENTER,ALL,20952,19555,0.933323787705231,2426,17152,785,592,0.907932416953036,0.903860905139351,0.0920675830469645,0.0961390948606494,0.241375658399386,Take,Swing_including_bunts,1880,1627.57127737382,1300,0.00360059336157382,17675,17630.62110522,2425,0.00107730948557805,0.0529429060887134,0.261909879380656,0.145636852253749,0.258276222943463,0.208966973291943,0.00581063306672325,0.197572654676149,0.220361291907737,0.187294868414096,0.230639078169789,Swing_including_bunts,Swing_including_bunts,관찰상 방향 뚜렷,TRUE,TRUE,,W per selected current decision; not PA sum
region_pitch,1-2,CENTER,FB,11319,10842,0.95785846806255,2383,10116,740,582,0.892481667991872,0.889503781590113,0.107518332008128,0.110496218409887,0.237843940232429,Take,Swing_including_bunts,1198,1027.33400860538,938,0.00465193604325532,9644,9615.12335532891,2360,0.00134929006748906,0.0449942724710452,0.261557371602425,0.137485984263365,0.258628512673988,0.21656309913138,0.00728232084181918,0.202282756355815,0.230843441906945,0.189401240577183,0.243724957685577,Swing_including_bunts,Swing_including_bunts,관찰상 방향 뚜렷,TRUE,TRUE,,W per selected current decision; not PA sum
region_pitch,1-2,CENTER,NFB,9633,8713,0.90449496522371,2338,8262,749,584,0.926087407868784,0.921726156318145,0.0739125921312156,0.0782738436818548,0.245770343165385,Take,Swing_including_bunts,682,611.034725595257,587,0.00717124387860817,8031,8017.25664854042,2307,0.00140291292379515,0.0628337686713781,0.262348521562634,0.155779364677912,0.257837852088608,0.199514752891256,0.00926312387123199,0.181349956002541,0.217679549779971,0.1649637854885,0.234065720294013,Swing_including_bunts,Swing_including_bunts,관찰상 방향 뚜렷,TRUE,TRUE,,W per selected current decision; not PA sum
count,2-0,ALL,ALL,23702,22811,0.962408235591933,2430,22811,831,588,0.427474474727871,0.441409846126869,0.572525525272129,0.558590153873131,0.419490947349963,Take,Swing_including_bunts,12742,9891.70381859745,2410,0.00157806276097999,10069,6676.09863979666,2384,0.00159181098361998,0.418811470993213,0.366341699976458,0.420530009052819,0.355652855930445,-0.0524697710167548,0.00794818579805849,-0.0680556952847406,-0.0368838467487689,-0.0821143000895056,-0.0228252419440039,Take,Take,관찰상 방향 뚜렷,TRUE,TRUE,,W per selected current decision; not PA sum
region,2-0,HIGH,ALL,2694,2346,0.870824053452116,1473,2346,587,492,0.197847067557535,0.22463768115942,0.802152932442465,0.77536231884058,0.471269820971867,Take,Swing_including_bunts,1819,1729.76092807869,1239,0.00417854290628908,527,387.230547542002,469,0.0097215349019716,0.511293082223551,0.291563962773292,0.486378078809448,0.319297597758374,-0.219729119450258,0.0205440770596091,-0.260027906139512,-0.179430332761005,-0.296429222934061,-0.143029015966455,Take,Take,관찰상 방향 뚜렷,TRUE,TRUE,,W per selected current decision; not PA sum
region_pitch,2-0,HIGH,FB,2221,1929,0.868527690229626,1321,1929,536,475,0.228275551553354,0.259720062208398,0.771724448446646,0.740279937791602,0.459600311041991,Take,Swing_including_bunts,1428,1356.10483284032,1062,0.00392636055118537,501,369.322001719671,449,0.0101896259371812,0.499952384832884,0.296113210817662,0.48502210003192,0.320202059989169,-0.203839174015222,0.0241363284497306,-0.251188924831079,-0.156489423199365,-0.293976998418811,-0.113701349611634,Take,Take,관찰상 방향 뚜렷,TRUE,TRUE,,W per selected current decision; not PA sum
region_pitch,2-0,HIGH,NFB,473,417,0.881606765327696,365,417,245,255,0.0549682875264271,0.0623501199040767,0.945031712473573,0.937649880095923,0.525251798561151,Take,Swing_including_bunts,391,373.948777906934,343,0.0100617472361244,26,17.9093996203128,26,0.146982308229147,0.563754006124258,0.270519599517683,0.492650700060891,0.31511364657563,-0.293234406606576,0.0346523979018864,-0.361378436095693,-0.225090377117458,-0.423610399933662,-0.162858413279489,Take,,비교 자료 부족,TRUE,FALSE,,W per selected current decision; not PA sum
region,2-0,LOW,ALL,3954,3587,0.907182599898837,1830,3587,672,524,0.238745574102175,0.260105938109841,0.761254425897825,0.739894061890159,0.493425425146362,Take,Swing_including_bunts,2654,2563.03947488786,1563,0.00290520864699376,933,671.281559039197,779,0.00692429051925329,0.525915414991435,0.365821381138806,0.491782496351396,0.316616828006835,-0.160094033852628,0.0212691977082992,-0.201808500122002,-0.118379567583255,-0.239462133033869,-0.0807259346713872,Take,Take,관찰상 방향 뚜렷,TRUE,TRUE,,W per selected current decision; not PA sum
region_pitch,2-0,LOW,FB,2051,1840,0.897123354461238,1234,1840,565,471,0.159434422233057,0.176630434782609,0.840565577766943,0.823369565217391,0.507130434782609,Take,Swing_including_bunts,1515,1459.7829230606,1079,0.00332791301974448,325,236.810210822107,305,0.0125610859585623,0.526850562803248,0.362746935568421,0.488882536052514,0.320293557611575,-0.164103627234827,0.0276826290011918,-0.218413895418494,-0.109793359051159,-0.267505805317287,-0.0607014491523669,Take,Take,관찰상 방향 뚜렷,TRUE,TRUE,,W per selected current decision; not PA sum
region_pitch,2-0,LOW,NFB,1903,1747,0.918024172359432,1209,1747,501,435,0.324224908039937,0.3480251860332,0.675775091960063,0.6519748139668,0.478990841442473,Take,Swing_including_bunts,1139,1103.33583205062,880,0.00503951100540847,608,434.487614968478,526,0.0106595204118226,0.524930485412879,0.369059492100174,0.494836833472141,0.312744370953189,-0.155870993312705,0.0318924755745749,-0.218441789014625,-0.0933001976107846,-0.27500554822896,-0.0367364383964505,Take,Take,관찰상 방향 뚜렷,TRUE,TRUE,,W per selected current decision; not PA sum
region,2-0,INSIDE,ALL,3163,2855,0.902624091052798,1658,2855,665,507,0.301928548846032,0.330297723292469,0.698071451153968,0.669702276707531,0.468661295971979,Take,Swing_including_bunts,1912,1843.07852157495,1323,0.0033128994582876,943,679.878102166053,767,0.00615433913948943,0.499073618228952,0.351770705850318,0.479909318421323,0.329953984658267,-0.147302912378634,0.0272829536994102,-0.200815607171472,-0.0937902175857958,-0.249133448209782,-0.045472376547486,Take,Take,관찰상 방향 뚜렷,TRUE,TRUE,,W per selected current decision; not PA sum
region_pitch,2-0,INSIDE,FB,2369,2160,0.911777121148164,1413,2160,604,492,0.324609539890249,0.352777777777778,0.675390460109751,0.647222222222222,0.460614814814815,Take,Swing_including_bunts,1398,1345.69034458104,1062,0.00334011039652813,762,547.071525714553,646,0.00754575824448614,0.496133950215827,0.342970456444501,0.477254751582654,0.33244639206925,-0.153163493771326,0.0326107387006291,-0.217134201939644,-0.0891927856030077,-0.274926860251101,-0.0314001272915504,Take,Take,관찰상 방향 뚜렷,TRUE,TRUE,,W per selected current decision; not PA sum
region_pitch,2-0,INSIDE,NFB,794,695,0.875314861460957,592,695,348,307,0.234256926952141,0.260431654676259,0.765743073047859,0.739568345323741,0.493669064748201,Take,Swing_including_bunts,514,497.45766950672,463,0.00702881569770579,181,133.390206261984,172,0.0231667779149774,0.508209852629455,0.379121121269835,0.488159482984672,0.322207797596796,-0.12908873135962,0.04731421336607,-0.222013187471698,-0.0361642752475425,-0.306402080911189,0.0482246181919485,Take,,비교 자료 부족,TRUE,FALSE,,W per selected current decision; not PA sum
region,2-0,OUTSIDE,ALL,4799,4355,0.907480725151073,2010,4355,711,542,0.176495103146489,0.192881745120551,0.823504896853511,0.807118254879449,0.461532721010333,Take,Swing_including_bunts,3515,3393.69234495597,1843,0.0018635544490033,840,632.5925133232,706,0.00683754021175023,0.483209767680855,0.337376355157152,0.481387558176376,0.331537761248585,-0.145833412523703,0.0164945988373802,-0.178181720908364,-0.113485104139042,-0.207373403454626,-0.0842934215927797,Take,Take,관찰상 방향 뚜렷,TRUE,TRUE,,W per selected current decision; not PA sum
region_pitch,2-0,OUTSIDE,FB,3261,2937,0.90064397424103,1702,2937,637,521,0.163446795461515,0.180456247871978,0.836553204538485,0.819543752128022,0.455144024514811,Take,Swing_including_bunts,2407,2318.47928582264,1528,0.00230635713447243,530,423.26402691409,469,0.00829799780958103,0.47115028883076,0.328802888425215,0.478645620292175,0.335592805327109,-0.142347400405545,0.0190737284669059,-0.179757840724544,-0.104936960086545,-0.213533794423441,-0.0711610063876483,Take,Take,관찰상 방향 뚜렷,TRUE,TRUE,,W per selected current decision; not PA sum
region_pitch,2-0,OUTSIDE,NFB,1538,1418,0.921976592977893,1030,1418,495,429,0.204161248374512,0.218617771509168,0.795838751625488,0.781382228490832,0.474765162200282,Take,Swing_including_bunts,1108,1075.21722845263,846,0.00444661007641269,310,217.349428478414,290,0.0160850800984184,0.508187686850622,0.355133951625206,0.487066734174896,0.323138844140951,-0.153053735225417,0.0311023750620223,-0.214085057019342,-0.092022413431492,-0.269299234577114,-0.0368082358737192,Take,Take,관찰상 방향 뚜렷,TRUE,TRUE,,W per selected current decision; not PA sum
region,2-0,CENTER,ALL,11577,11518,0.994903688347586,2405,11518,778,578,0.613371339725318,0.61373502344157,0.386628660274683,0.38626497655843,0.374922816461191,Take,Swing_including_bunts,4449,3831.64961041949,2025,0.00235027982450991,7069,6686.49212335863,2295,0.00167453903599339,0.343911500823263,0.391263178230445,0.364142387554867,0.380451152846168,0.0473516774071829,0.0109962472853342,0.0257885722751187,0.0689147825392471,0.0063380707068561,0.0883652841075097,Swing_including_bunts,Swing_including_bunts,관찰상 방향 뚜렷,TRUE,TRUE,,W per selected current decision; not PA sum
region_pitch,2-0,CENTER,FB,8627,8574,0.993856497044164,2343,8574,738,572,0.64101078010896,0.641357592722183,0.35898921989104,0.358642407277817,0.372266736645673,Take,Swing_including_bunts,3075,2661.3734817543,1705,0.00296808020461116,5499,5231.50331780361,2171,0.00168574110116203,0.335970336357783,0.389381191280437,0.358133506421534,0.379754369929447,0.053410854922654,0.0127877344719728,0.028334396310015,0.0784873135352929,0.00571343655120138,0.101108273294107,Swing_including_bunts,Swing_including_bunts,관찰상 방향 뚜렷,TRUE,TRUE,,W per selected current decision; not PA sum
region_pitch,2-0,CENTER,NFB,2950,2944,0.997966101694915,1636,2944,570,504,0.532542372881356,0.533288043478261,0.467457627118644,0.466711956521739,0.382658288043478,Take,Swing_including_bunts,1374,1293.17429010321,1028,0.00370950926370438,1570,1500.19532838411,1117,0.00317534266696811,0.367039063366407,0.396744209517595,0.381642437431629,0.382480438419528,0.029705146151188,0.0209306969310989,-0.0113486571016131,0.0707589494039892,-0.0484186727604294,0.107828965062805,Swing_including_bunts,Swing_including_bunts,차이 불명확,TRUE,TRUE,,W per selected current decision; not PA sum
count,2-1,ALL,ALL,37395,36648,0.980024067388688,2430,36648,840,590,0.57595935285466,0.5829240340537,0.42404064714534,0.4170759659463,0.354388970748745,Take,Swing_including_bunts,15285,8832.47028982558,2423,0.00167090698001242,21363,14741.5254651375,2430,0.00116744570974677,0.354859085291336,0.296809355844343,0.372014846262625,0.295316599368895,-0.0580497294469935,0.00630867514377916,-0.0704206698754727,-0.0456787890185142,-0.0815793383995151,-0.0345201204944719,Take,Take,관찰상 방향 뚜렷,TRUE,TRUE,,W per selected current decision; not PA sum
region,2-1,HIGH,ALL,4106,3871,0.942766682903069,1885,3871,667,534,0.31660983925962,0.333247222939809,0.68339016074038,0.666752777060191,0.393916817359855,Take,Swing_including_bunts,2581,2094.87956662974,1541,0.00328408811787432,1290,880.56468049043,995,0.00624329792436169,0.433818956497046,0.272372388437926,0.434341145659164,0.25798093774109,-0.16144656805912,0.0175464618243387,-0.195859109181749,-0.127034026936492,-0.226919022148103,-0.0959741139701377,Take,Take,관찰상 방향 뚜렷,TRUE,TRUE,,W per selected current decision; not PA sum
region_pitch,2-1,HIGH,FB,3219,3043,0.945324634979807,1687,3043,613,518,0.363466915191053,0.381202760433782,0.636533084808947,0.618797239566218,0.386494577719356,Take,Swing_including_bunts,1883,1559.19075894339,1268,0.00476151218871569,1160,793.050352313978,908,0.00674667178978274,0.440134700695475,0.275280546841025,0.431607862236,0.260143955846632,-0.16485415385445,0.0202557228438553,-0.20458316186633,-0.12512514584257,-0.240453423928894,-0.0892548837800052,Take,Take,관찰상 방향 뚜렷,TRUE,TRUE,,W per selected current decision; not PA sum
region_pitch,2-1,HIGH,NFB,887,828,0.93348365276212,695,828,373,357,0.146561443066516,0.157004830917874,0.853438556933484,0.842995169082126,0.421194444444444,Take,Swing_including_bunts,698,558.916916339814,606,0.00825582220065374,130,99.7218676475056,124,0.045870314347002,0.410607833796782,0.261684555079675,0.444386292345987,0.250031584969151,-0.148923278717107,0.0322309337939482,-0.212205110924325,-0.0856414465098885,-0.269597760099876,-0.0282487973343369,Take,,비교 자료 부족,TRUE,FALSE,,W per selected current decision; not PA sum
region,2-1,LOW,ALL,7366,7050,0.957100190062449,2281,7050,740,567,0.364376866684768,0.377730496453901,0.635623133315232,0.622269503546099,0.395050638297872,Take,Swing_including_bunts,4387,3730.39070478634,1993,0.00214415368229234,2663,1806.08596050742,1635,0.00363823071845269,0.452612969703291,0.269846665950425,0.440839343525712,0.250996510253676,-0.182766303752866,0.0127970060276774,-0.207861296526804,-0.157671310978928,-0.230500367149211,-0.135032240356521,Take,Take,관찰상 방향 뚜렷,TRUE,TRUE,,W per selected current decision; not PA sum
region_pitch,2-1,LOW,FB,2558,2448,0.956997654417514,1500,2448,581,509,0.241985926505082,0.250408496732026,0.758014073494918,0.749591503267974,0.408109885620915,Take,Swing_including_bunts,1835,1548.41099525059,1266,0.00339627898390369,613,402.569929847423,535,0.0117478371350769,0.439093085260377,0.275180235447024,0.431963485140393,0.258058704646981,-0.163912849813353,0.0204165406301302,-0.203960870386756,-0.123864829239949,-0.240133329823155,-0.0876923698035512,Take,Take,관찰상 방향 뚜렷,TRUE,TRUE,,W per selected current decision; not PA sum
region_pitch,2-1,LOW,NFB,4808,4602,0.957154742096506,2031,4602,669,542,0.429492512479201,0.445458496305954,0.570507487520799,0.554541503694046,0.388103867883529,Take,Swing_including_bunts,2552,2182.44145556793,1514,0.00333598289269116,2050,1406.65891780512,1380,0.00478626284381907,0.45980477264033,0.267009512945716,0.445560791010992,0.247239827968841,-0.192795259694615,0.0160558294221806,-0.224282881052823,-0.161307638336406,-0.252697089838869,-0.13289342955036,Take,Take,관찰상 방향 뚜렷,TRUE,TRUE,,W per selected current decision; not PA sum
region,2-1,INSIDE,ALL,5406,5168,0.955974842767296,2121,5168,723,553,0.415094339622642,0.431114551083591,0.584905660377359,0.568885448916409,0.379792376160991,Take,Swing_including_bunts,2940,2475.61849781331,1691,0.00257305573174441,2228,1536.55575071212,1444,0.00413864013381527,0.438400918854408,0.271430940262518,0.427502967346636,0.267187738290148,-0.16696997859189,0.0169920832783372,-0.20029287458628,-0.1336470825975,-0.230359893151602,-0.103580064032178,Take,Take,관찰상 방향 뚜렷,TRUE,TRUE,,W per selected current decision; not PA sum
region_pitch,2-1,INSIDE,FB,3507,3380,0.963786712289706,1794,3380,641,529,0.440832620473339,0.453254437869823,0.559167379526661,0.546745562130178,0.375747337278106,Take,Swing_including_bunts,1848,1603.60860795431,1286,0.00386477712035303,1532,1076.5034874901,1110,0.00510259855450943,0.432886046688449,0.271489393139995,0.421203622809989,0.273904003475139,-0.161396653548454,0.0209078281364887,-0.202402924654906,-0.120390382442002,-0.239419455484908,-0.083373851612,Take,Take,관찰상 방향 뚜렷,TRUE,TRUE,,W per selected current decision; not PA sum
region_pitch,2-1,INSIDE,NFB,1899,1788,0.941548183254344,1231,1788,560,475,0.367561874670879,0.389261744966443,0.632438125329121,0.610738255033557,0.38743903803132,Take,Swing_including_bunts,1092,886.198885501162,852,0.0042032443039156,696,460.058087528313,593,0.0099310908987742,0.448826124626745,0.271320442093684,0.439411124244771,0.254491442806217,-0.177505682533061,0.0281113956066431,-0.232657275729417,-0.122354089336706,-0.282510194878766,-0.0725011701873568,Take,Take,관찰상 방향 뚜렷,TRUE,TRUE,,W per selected current decision; not PA sum
region,2-1,OUTSIDE,ALL,7863,7536,0.958412819534529,2304,7536,752,569,0.291746152867862,0.300955414012739,0.708253847132138,0.699044585987261,0.387514331210191,Take,Swing_including_bunts,5268,4411.02564817804,2136,0.00234147465397133,2268,1637.58048683704,1472,0.00391567434758608,0.426008371760846,0.251436139231814,0.428981527390533,0.265217440301934,-0.174572232529032,0.0108874213180163,-0.195922406893758,-0.153222058164306,-0.215182699219795,-0.133961765838269,Take,Take,관찰상 방향 뚜렷,TRUE,TRUE,,W per selected current decision; not PA sum
region_pitch,2-1,OUTSIDE,FB,4075,3905,0.958282208588957,1910,3905,672,539,0.24760736196319,0.255569782330346,0.75239263803681,0.744430217669654,0.393152880921895,Take,Swing_including_bunts,2907,2438.00197780995,1668,0.00239382958905895,998,760.205209759217,802,0.00694239233022819,0.420683155904175,0.250836360135247,0.422882648835452,0.271441418395683,-0.169846795768929,0.0142555317170807,-0.197804850588675,-0.141888740949182,-0.223038174332727,-0.116655417205131,Take,Take,관찰상 방향 뚜렷,TRUE,TRUE,,W per selected current decision; not PA sum
region_pitch,2-1,OUTSIDE,NFB,3788,3631,0.958553326293559,1855,3631,638,524,0.339229144667371,0.349765904709446,0.660770855332629,0.650234095290554,0.381450289176535,Take,Swing_including_bunts,2361,1975.93631792444,1499,0.00351018975989715,1270,882.522166230075,988,0.0069281507894158,0.431735435357734,0.252081178441975,0.435540635283012,0.258523792696291,-0.179654256915759,0.0167675237656905,-0.212539468135721,-0.146769045695797,-0.2422222004818,-0.117086313349717,Take,Take,관찰상 방향 뚜렷,TRUE,TRUE,,W per selected current decision; not PA sum
region,2-1,CENTER,ALL,17120,16990,0.992406542056075,2429,16990,797,581,0.808586448598131,0.808181283107711,0.191413551401869,0.19181871689229,0.322535256032961,Take,Swing_including_bunts,3259,2692.05257091862,1785,0.00275658990989322,13731,13590.998265748,2423,0.00132651671547329,0.26494537187557,0.331895771279926,0.310187115746888,0.328238822691983,0.066950399404356,0.0105650200908847,0.0462330129440348,0.0876677858646771,0.0275457791764077,0.106355019632304,Swing_including_bunts,Swing_including_bunts,관찰상 방향 뚜렷,TRUE,TRUE,,W per selected current decision; not PA sum
region_pitch,2-1,CENTER,FB,10865,10773,0.991532443626323,2390,10773,746,576,0.819880349746894,0.81908474890931,0.180119650253106,0.18091525109069,0.321206163557041,Take,Swing_including_bunts,1949,1563.73577846505,1331,0.00332919762102354,8824,8725.51929596383,2357,0.0014967560780664,0.253181550713764,0.33128576097758,0.30480377114236,0.328401165258383,0.0781042102638158,0.0132440749242725,0.0521331425170695,0.104075278010562,0.028706216034575,0.127502204493057,Swing_including_bunts,Swing_including_bunts,관찰상 방향 뚜렷,TRUE,TRUE,,W per selected current decision; not PA sum
region_pitch,2-1,CENTER,NFB,6255,6217,0.993924860111911,2207,6217,700,545,0.788968824940048,0.789287437670902,0.211031175059952,0.210712562329098,0.324838346469358,Take,Swing_including_bunts,1310,1147.59802777269,1021,0.00396387983798019,4907,4866.68326277345,2061,0.00192609893727318,0.285330066322431,0.332952815028868,0.319515533219072,0.327957510729971,0.0476227487064373,0.0177713344104199,0.0127724521930684,0.0824730452198061,-0.0186696680743559,0.11391516548723,Swing_including_bunts,Swing_including_bunts,차이 불명확,TRUE,TRUE,,W per selected current decision; not PA sum
count,2-2,ALL,ALL,59473,57053,0.95930926638979,2430,43304,828,593,0.640374623778858,0.636934078838974,0.359625376221142,0.363065921161026,0.27036012129073,Take,Swing_including_bunts,20714,10122.7328890855,2430,0.00148624376720722,36339,26299.6916661203,2430,0.00106476522014198,0.23088936212839,0.211215862563163,0.274141218310189,0.219581184698082,-0.0196734995652273,0.00395613594439332,-0.0274312491686944,-0.0119157499617602,-0.0344287896400982,-0.00491820949035636,Take,Take,관찰상 방향 뚜렷,TRUE,TRUE,,W per selected current decision; not PA sum
region,2-2,HIGH,ALL,8028,7767,0.967488789237668,2284,7471,723,564,0.449302441454908,0.461181923522596,0.550697558545092,0.538818076477404,0.287825286468392,Take,Swing_including_bunts,4185,2720.05186280898,1955,0.00341506135072492,3582,2657.45244688336,1825,0.00261802420386274,0.334229606976344,0.182627193379064,0.329617861192406,0.192930599766594,-0.15160241359728,0.010647569980479,-0.172482336967772,-0.130722490226789,-0.191318788594338,-0.111886038600223,Take,Take,관찰상 방향 뚜렷,TRUE,TRUE,,W per selected current decision; not PA sum
region_pitch,2-2,HIGH,FB,6581,6366,0.96733019297979,2210,6166,685,555,0.481993617991187,0.494973295633051,0.518006382008813,0.50502670436695,0.282683631793905,Take,Swing_including_bunts,3215,2383.40821168678,1746,0.00453390884743573,3151,2334.80001953789,1720,0.00288589202290522,0.337035092405282,0.186603538049715,0.326351296238858,0.199173609867158,-0.150431554355568,0.0114597987596597,-0.172904660639303,-0.127958448071832,-0.193179948893453,-0.107683159817682,Take,Take,관찰상 방향 뚜렷,TRUE,TRUE,,W per selected current decision; not PA sum
region_pitch,2-2,HIGH,NFB,1447,1401,0.968210089841051,1002,1394,473,451,0.30062197650311,0.307637401855817,0.69937802349689,0.692362598144183,0.311188436830835,Take,Swing_including_bunts,970,551.794978716287,767,0.00922172432306201,431,361.725407526173,386,0.00954176303432686,0.321481769545494,0.164559091899146,0.344460796591612,0.164563003549469,-0.156922677646348,0.0281236184991697,-0.212110686512585,-0.101734668780111,-0.26204569087468,-0.0517996644180156,Take,Take,관찰상 방향 뚜렷,TRUE,TRUE,,W per selected current decision; not PA sum
region,2-2,LOW,ALL,15876,15484,0.975308641975309,2420,14837,769,584,0.442806752330562,0.450400413329889,0.557193247669438,0.549599586670111,0.270854688710927,Take,Swing_including_bunts,8510,5745.35076286227,2343,0.00165105102323187,6974,4568.95167653656,2242,0.00208056485418683,0.347435250693872,0.131308378281577,0.343214238848921,0.15976674445915,-0.216126872412294,0.0074355952970492,-0.230707666945019,-0.20154607787957,-0.243859756706106,-0.188393988118483,Take,Take,관찰상 방향 뚜렷,TRUE,TRUE,,W per selected current decision; not PA sum
region_pitch,2-2,LOW,FB,2765,2685,0.971066907775769,1578,2648,589,503,0.289692585895118,0.29608938547486,0.710307414104882,0.70391061452514,0.301677094972067,Take,Swing_including_bunts,1890,1288.57654143576,1289,0.00483149260891304,795,557.837213020634,665,0.0095341432617296,0.345823208136126,0.176713897714203,0.32800422711107,0.192030993226811,-0.169109310421923,0.0197956715880622,-0.207937914768859,-0.130280706074987,-0.243002837218008,-0.0952157836258376,Take,Take,관찰상 방향 뚜렷,TRUE,TRUE,,W per selected current decision; not PA sum
region_pitch,2-2,LOW,NFB,13111,12799,0.976203188162611,2404,12346,750,583,0.475097246586836,0.482772091569654,0.524902753413165,0.517227908430346,0.264388702242363,Take,Swing_including_bunts,6620,4459.18882879722,2243,0.0019742580436318,6179,4013.15081060678,2181,0.0021822620419573,0.347773428228644,0.121783116958302,0.346405025747596,0.152998285365379,-0.225990311270342,0.00783328889117602,-0.241351012327237,-0.210629610213446,-0.255206791073852,-0.196773831466832,Take,Take,관찰상 방향 뚜렷,TRUE,TRUE,,W per selected current decision; not PA sum
region,2-2,INSIDE,ALL,8673,8446,0.973826818863138,2343,8062,744,572,0.452323302202237,0.462349040966138,0.547676697797763,0.537650959033862,0.285489817665167,Take,Swing_including_bunts,4541,3095.90448896931,2028,0.0022769003437721,3905,2660.58926365196,1890,0.0042444746034582,0.328714221219072,0.170209682896539,0.330887967106506,0.187718692323799,-0.158504538322533,0.0101589878708522,-0.178426084195109,-0.138582992449957,-0.196396902741623,-0.120612173903444,Take,Take,관찰상 방향 뚜렷,TRUE,TRUE,,W per selected current decision; not PA sum
region_pitch,2-2,INSIDE,FB,4496,4402,0.979092526690392,1993,4316,670,544,0.459741992882562,0.468196274420718,0.540258007117438,0.531803725579282,0.289077691958201,Take,Swing_including_bunts,2341,1662.97662365154,1475,0.00406363175706594,2061,1525.70512287467,1344,0.00701374716543998,0.321308000693938,0.191059391915451,0.316045591917462,0.21191408612843,-0.130248608778488,0.0137792125169741,-0.15727178850607,-0.103225429050905,-0.181658529740033,-0.0788386878169415,Take,Take,관찰상 방향 뚜렷,TRUE,TRUE,,W per selected current decision; not PA sum
region_pitch,2-2,INSIDE,NFB,4177,4044,0.968158965764903,1906,3944,672,545,0.444338041656691,0.455984174085064,0.555661958343309,0.544015825914936,0.281584322453017,Take,Swing_including_bunts,2200,1439.84962615697,1415,0.00422376432883364,1844,1156.95005087112,1232,0.0060621737815706,0.336776086390101,0.147514228123727,0.347044281543244,0.161381371965741,-0.189261858266373,0.0151719258420975,-0.219017191696672,-0.159506524836075,-0.245872791591326,-0.132650924941421,Take,Take,관찰상 방향 뚜렷,TRUE,TRUE,,W per selected current decision; not PA sum
region,2-2,OUTSIDE,ALL,15217,14817,0.973713609778537,2419,14135,784,581,0.412104882696984,0.420395491664979,0.587895117303016,0.579604508335021,0.284845920226767,Take,Swing_including_bunts,8588,5939.91414269217,2359,0.00168193845630905,6229,4340.68229818573,2191,0.0026842577944789,0.326789270451727,0.165111642028828,0.332098420449807,0.178704465244178,-0.161677628422898,0.00747613279405074,-0.176337917798872,-0.147017339046924,-0.189561725039073,-0.133793531806723,Take,Take,관찰상 방향 뚜렷,TRUE,TRUE,,W per selected current decision; not PA sum
region_pitch,2-2,OUTSIDE,FB,6217,6031,0.970082033134953,2205,5884,705,556,0.356924561685701,0.365113579837506,0.6430754383143,0.634886420162494,0.299585806665561,Take,Swing_including_bunts,3829,2654.12176598563,1906,0.00282158309124542,2202,1687.06395436805,1420,0.00470300910976892,0.304910614013789,0.207735861402921,0.319187243006914,0.203947489083167,-0.0971747526108672,0.0116324709609636,-0.119986504095455,-0.0743630011262797,-0.140567430729085,-0.0537820744926497,Take,Take,관찰상 방향 뚜렷,TRUE,TRUE,,W per selected current decision; not PA sum
region_pitch,2-2,OUTSIDE,NFB,9000,8786,0.976222222222222,2344,8575,741,574,0.450222222222222,0.458342818119736,0.549777777777778,0.541657181880264,0.274727976325973,Take,Swing_including_bunts,4759,3286.13006306178,2057,0.00288024065840952,4027,2678.85159277417,1911,0.00310763734781431,0.341807501384711,0.135852972890978,0.340961078218767,0.161376821632415,-0.205954528493733,0.00959806266372685,-0.224776108544539,-0.187132948442928,-0.241754654069449,-0.170154402918018,Take,Take,관찰상 방향 뚜렷,TRUE,TRUE,,W per selected current decision; not PA sum
region,2-2,CENTER,ALL,22021,20346,0.923936242677444,2430,17235,783,588,0.91458153580673,0.910449228349553,0.0854184641932701,0.0895507716504472,0.260931337855107,Take,Swing_including_bunts,1822,1586.93885525612,1273,0.00362252273160042,18524,18482.6939616497,2430,0.00117413995943276,0.058541199224667,0.282256028326333,0.181859241409754,0.280954100801815,0.223714829101666,0.00600709463533279,0.211935270289668,0.235494387913664,0.201310031820331,0.246119626383001,Swing_including_bunts,Swing_including_bunts,관찰상 방향 뚜렷,TRUE,TRUE,,W per selected current decision; not PA sum
region_pitch,2-2,CENTER,FB,12429,11797,0.949151178694988,2392,10731,739,580,0.900233325287634,0.897007713825549,0.0997666747123662,0.102992286174451,0.256587861320675,Take,Swing_including_bunts,1215,1056.16476523862,945,0.00453363385800553,10582,10554.6321274329,2378,0.00141546555670625,0.0463905848500347,0.281743583849454,0.170751984679982,0.279937370546419,0.235352998999419,0.00760309765095774,0.220443654135056,0.250262343863783,0.206994862502197,0.263711135496642,Swing_including_bunts,Swing_including_bunts,관찰상 방향 뚜렷,TRUE,TRUE,,W per selected current decision; not PA sum
region_pitch,2-2,CENTER,NFB,9592,8549,0.891263552960801,2324,8022,729,571,0.933173477898249,0.928997543572348,0.0668265221017514,0.0710024564276524,0.26692502047023,Take,Swing_including_bunts,607,543.053724158105,534,0.00679699159333067,7942,7929.33715440512,2300,0.00151096788217805,0.0753081658614126,0.282963164540363,0.197186450164126,0.282357114817829,0.20765499867895,0.00922551915407323,0.189563887377076,0.225746109980825,0.173243964638053,0.242066032719848,Swing_including_bunts,Swing_including_bunts,관찰상 방향 뚜렷,TRUE,TRUE,,W per selected current decision; not PA sum
count,3-0,ALL,ALL,7320,6442,0.880054644808743,2246,6442,748,556,0.0968579234972677,0.109282831418814,0.903142076502732,0.890717168581186,0.534401428127911,Take,Swing_including_bunts,5738,5716.00697988253,2174,0.00158302797909632,704,618.326658830902,597,0.00676934531580101,0.54008408808481,0.433516600538371,0.513893172537706,0.357345154772384,-0.106567487546439,0.0196053684681134,-0.145014031447191,-0.0681209436456872,-0.179699258875954,-0.0334357162169235,Take,Take,관찰상 방향 뚜렷,TRUE,TRUE,,W per selected current decision; not PA sum
region,3-0,HIGH,ALL,1056,692,0.65530303030303,567,692,376,325,0.0321969696969697,0.0476878612716763,0.96780303030303,0.952312138728324,0.632192196531792,Take,Swing_including_bunts,659,656.986333084434,547,0.00592379555765041,33,29.0143857624281,33,0.0613262347146174,0.641300292194442,0.36834515333429,0.582295826820901,0.309608598840601,-0.272955138860152,0.0442327630576777,-0.359835544149799,-0.186074733570505,-0.438766826641068,-0.107143451079237,Take,,비교 자료 부족,TRUE,FALSE,,W per selected current decision; not PA sum
region_pitch,3-0,HIGH,FB,1024,668,0.65234375,553,668,365,322,0.03125,0.0464071856287425,0.96875,0.953592814371257,0.633025449101796,Take,Swing_including_bunts,637,635.170636719441,534,0.00613844460066521,31,27.5370029368167,31,0.0635189193619679,0.641497287433274,0.371747838352729,0.584087427152059,0.310347469840097,-0.269749449080546,0.0456046638876861,-0.359329361236608,-0.180169536924483,-0.440732493992633,-0.0987664041684585,Take,,비교 자료 부족,TRUE,FALSE,,W per selected current decision; not PA sum
region_pitch,3-0,HIGH,NFB,32,24,0.75,24,24,24,23,0.0625,0.0833333333333333,0.9375,0.916666666666667,0.609,Take,Swing_including_bunts,22,21.8731589115386,22,0.0548050454823356,2,1.93826173592837,2,0.589236186037549,0.63581725804695,0.273637086987749,0.532429617603657,0.289043356021288,-0.3621801710592,0.120986770221441,-0.612460374037806,-0.111899968080595,-0.897321968039965,0.172961625921564,Take,,비교 자료 부족,TRUE,FALSE,,W per selected current decision; not PA sum
region,3-0,LOW,ALL,848,657,0.774764150943396,571,657,359,315,0.0483490566037736,0.060882800608828,0.951650943396226,0.939117199391172,0.623433789954338,Take,Swing_including_bunts,617,615.30962390063,543,0.0063972643856157,40,35.16268976356,40,0.0443717334184395,0.639068567432012,0.350580356167535,0.579716733692882,0.311895852606129,-0.288488211264476,0.0375123305737349,-0.362167476357743,-0.21480894617121,-0.429101057607579,-0.147875364921374,Take,,비교 자료 부족,TRUE,FALSE,,W per selected current decision; not PA sum
region_pitch,3-0,LOW,FB,756,582,0.76984126984127,510,582,332,308,0.041005291005291,0.0515463917525773,0.958994708994709,0.948453608247423,0.634666666666667,Take,Swing_including_bunts,552,550.733710476767,489,0.0055464919664194,30,26.9397421344807,30,0.0550012342594377,0.647088288359699,0.358522257645908,0.584675010914722,0.31324073239415,-0.288566030713792,0.0399271690627009,-0.367008366423835,-0.210123695003749,-0.438348412738682,-0.138783648688902,Take,,비교 자료 부족,TRUE,FALSE,,W per selected current decision; not PA sum
region_pitch,3-0,LOW,NFB,92,75,0.815217391304348,73,75,62,64,0.108695652173913,0.133333333333333,0.891304347826087,0.866666666666667,0.536266666666667,Take,Swing_including_bunts,65,64.700931880087,63,0.0309147518133706,10,8.72545386636136,10,0.186908994681719,0.576835533033156,0.288951200695368,0.541240502451402,0.301459585451085,-0.287884332337788,0.113039648925152,-0.513224754058327,-0.0625439106172488,-0.731617828034036,0.15584916335846,Take,,비교 자료 부족,TRUE,FALSE,,W per selected current decision; not PA sum
region,3-0,INSIDE,ALL,872,644,0.738532110091743,565,644,373,325,0.0676605504587156,0.0854037267080745,0.932339449541285,0.914596273291925,0.608097826086957,Take,Swing_including_bunts,589,587.182688041461,521,0.00515225851104641,55,48.8422575093853,53,0.0472093272768178,0.634722245157891,0.331713158244596,0.568081141584136,0.321569052856347,-0.303009086913295,0.0520270200939774,-0.405199468596755,-0.200818705229834,-0.49804302469962,-0.107975149126969,Take,,비교 자료 부족,TRUE,FALSE,,W per selected current decision; not PA sum
region_pitch,3-0,INSIDE,FB,821,601,0.732034104750305,534,601,355,320,0.0706455542021925,0.0898502495840266,0.929354445797808,0.910149750415973,0.599685524126456,Take,Swing_including_bunts,547,545.639391032515,491,0.0055657658652446,54,47.9547396421815,52,0.0485300927919716,0.624524203015027,0.34263230466429,0.571172498157052,0.322868072829456,-0.281891898350737,0.0548756289343167,-0.389690940739077,-0.174092855962397,-0.487683720224958,-0.0761000764765159,Take,,비교 자료 부족,TRUE,FALSE,,W per selected current decision; not PA sum
region_pitch,3-0,INSIDE,NFB,51,43,0.843137254901961,42,43,40,39,0.0196078431372549,0.0232558139534884,0.980392156862745,0.976744186046512,0.725674418604651,Take,Swing_including_bunts,42,41.6453075111849,41,0.0499727065474514,1,1,1,1,0.777257671387224,0.179099042006554,0.52487404157663,0.303412982999641,-0.59815862938067,0.132434243519169,-0.865615010057041,-0.330702248704299,-1.13991624386891,-0.0564010148924358,Take,,비교 자료 부족,TRUE,FALSE,,W per selected current decision; not PA sum
region,3-0,OUTSIDE,ALL,1433,1022,0.713189113747383,831,1022,465,374,0.0327983251919051,0.0450097847358121,0.967201674808095,0.954990215264188,0.611545009784736,Take,Swing_including_bunts,976,973.972610416208,805,0.00418528373419332,46,41.0426450516837,46,0.0385403169446812,0.623782990958404,0.345441419122134,0.573135670243337,0.3271918022917,-0.27834157183627,0.0357752855537269,-0.348562241216,-0.20812090245654,-0.412168355307486,-0.144514788365054,Take,,비교 자료 부족,TRUE,FALSE,,W per selected current decision; not PA sum
region_pitch,3-0,OUTSIDE,FB,1334,948,0.710644677661169,779,948,444,367,0.0314842578710645,0.0432489451476793,0.968515742128936,0.956751054852321,0.61039029535865,Take,Swing_including_bunts,907,905.264683304083,755,0.00443418303792998,41,37.070235896361,41,0.0413978947049699,0.622179307135395,0.344105770466096,0.576154343873767,0.32810561624043,-0.278073536669299,0.0375672967920496,-0.351818810656093,-0.204328262682505,-0.418646030089698,-0.137501043248901,Take,,비교 자료 부족,TRUE,FALSE,,W per selected current decision; not PA sum
region_pitch,3-0,OUTSIDE,NFB,99,74,0.747474747474748,72,74,62,61,0.0505050505050505,0.0675675675675676,0.949494949494949,0.932432432432432,0.626337837837838,Take,Swing_including_bunts,69,68.7869640636414,67,0.0296308352498278,5,4.8388979860319,5,0.250766015672407,0.644327481015333,0.362552161364355,0.534464013464321,0.315485104678244,-0.281775319650978,0.0807999597890023,-0.442885863594453,-0.120664775707504,-0.599193205547931,0.0356425662459742,Take,,비교 자료 부족,TRUE,FALSE,,W per selected current decision; not PA sum
region,3-0,CENTER,ALL,3746,3697,0.986919380672717,1901,3697,685,534,0.143085958355579,0.1449824181769,0.856914041644421,0.8550175818231,0.477344603732756,Take,Swing_including_bunts,3161,3148.13361010197,1760,0.00226560588998532,536,478.175438435886,477,0.0069685143025972,0.475625670290591,0.492331260461001,0.471290856453938,0.383974190358642,0.0167055901704102,0.0297416676259293,-0.0416241648510574,0.0750353451918778,-0.0942699207361326,0.127681101076953,Swing_including_bunts,Swing_including_bunts,차이 불명확,TRUE,TRUE,,W per selected current decision; not PA sum
region_pitch,3-0,CENTER,FB,3556,3508,0.986501687289089,1847,3508,666,533,0.141169853768279,0.143101482326112,0.858830146231721,0.856898517673888,0.476863740022805,Take,Swing_including_bunts,3006,2997.73897434149,1700,0.00239753113891589,502,452.966475497112,455,0.00723686046122008,0.473440322007089,0.499542592310547,0.471112602551349,0.385564570447545,0.0261022703034583,0.031177098228934,-0.0350438104975949,0.0872483511045116,-0.0902359514573473,0.142440492064264,Swing_including_bunts,Swing_including_bunts,차이 불명확,TRUE,TRUE,,W per selected current decision; not PA sum
region_pitch,3-0,CENTER,NFB,190,189,0.994736842105263,177,189,127,140,0.178947368421053,0.17989417989418,0.821052631578947,0.82010582010582,0.486269841269841,Take,Swing_including_bunts,155,153.189595230171,148,0.0167536412398587,34,31.0367366316863,34,0.0534024908722321,0.516187584462683,0.358482836502231,0.474599399788755,0.354455389555097,-0.157704747960452,0.0692962021740475,-0.294463185888369,-0.0209463100325346,-0.42131953080017,0.105910034879267,Take,,비교 자료 부족,TRUE,FALSE,,W per selected current decision; not PA sum
count,3-1,ALL,ALL,15561,15206,0.977186556133925,2414,15205,808,585,0.536083799241694,0.545179534394318,0.463916200758306,0.454820465605682,0.471872747599632,Take,Swing_including_bunts,6916,4273.84565688716,2259,0.00228701449128881,8290,5471.5049830579,2340,0.00206365771662509,0.495120859216336,0.376195605610778,0.499477811616304,0.362050245473277,-0.118925253605557,0.00962210355359226,-0.137793694385286,-0.100056812825829,-0.154813396340805,-0.0830371108703099,Take,Take,관찰상 방향 뚜렷,TRUE,TRUE,,W per selected current decision; not PA sum
region,3-1,HIGH,ALL,1758,1596,0.907849829351536,1132,1596,516,452,0.236632536973834,0.259398496240602,0.763367463026166,0.740601503759399,0.593049498746867,Take,Swing_including_bunts,1182,1047.79490501078,905,0.00657128827142948,414,285.087807631737,365,0.0196461395632439,0.651474995449068,0.362781829210964,0.589928160200371,0.316985722724417,-0.288693166238104,0.0245779059670911,-0.336916583154356,-0.240469749321852,-0.380523381441632,-0.196862951034576,Take,Take,관찰상 방향 뚜렷,TRUE,TRUE,,W per selected current decision; not PA sum
region_pitch,3-1,HIGH,FB,1532,1391,0.907963446475196,1002,1391,483,430,0.259138381201044,0.283968368080518,0.740861618798956,0.716031631919482,0.588995686556434,Take,Swing_including_bunts,996,890.657691809481,771,0.00505210160805897,395,271.323142074067,348,0.0204011047733166,0.654256058811316,0.365268378267676,0.592721917370667,0.317374419947935,-0.28898768054364,0.0271898872626056,-0.3423433943315,-0.23563196675578,-0.390620508427013,-0.187354852660267,Take,Take,관찰상 방향 뚜렷,TRUE,TRUE,,W per selected current decision; not PA sum
region_pitch,3-1,HIGH,NFB,226,205,0.907079646017699,196,205,149,161,0.084070796460177,0.0926829268292683,0.915929203539823,0.907317073170732,0.620556097560976,Take,Swing_including_bunts,186,161.586352688449,178,0.0145744117849474,19,15.252688775006,19,0.148556799825694,0.632604463074005,0.345909684148099,0.57097149569363,0.314348269856542,-0.286694778925907,0.0516672195846665,-0.388593078708562,-0.184796479143251,-0.48283538221259,-0.0905541756392234,Take,,비교 자료 부족,TRUE,FALSE,,W per selected current decision; not PA sum
region,3-1,LOW,ALL,2362,2241,0.948772226926333,1439,2241,599,490,0.28662150719729,0.29941990182954,0.71337849280271,0.70058009817046,0.566466755912539,Take,Swing_including_bunts,1570,1419.47778723482,1142,0.00327047491530436,671,461.659071531366,587,0.0095291246991388,0.645107853841951,0.347855594199177,0.580575294946534,0.317102113688864,-0.297252259642774,0.0213111498847405,-0.339056532035874,-0.255447987249674,-0.376820944524783,-0.217683574760765,Take,Take,관찰상 방향 뚜렷,TRUE,TRUE,,W per selected current decision; not PA sum
region_pitch,3-1,LOW,FB,1402,1327,0.946504992867332,1006,1327,500,442,0.216119828815977,0.226827430293896,0.783880171184023,0.773172569706104,0.579801808590806,Take,Swing_including_bunts,1026,913.231745378082,829,0.00395456247415492,301,212.736661002143,283,0.0215053700369018,0.641467432169622,0.322037535692467,0.586999408551998,0.319479964228204,-0.319429896477155,0.0233188206589873,-0.365189053704159,-0.273670739250151,-0.406591808347581,-0.23226798460673,Take,Take,관찰상 방향 뚜렷,TRUE,TRUE,,W per selected current decision; not PA sum
region_pitch,3-1,LOW,NFB,960,914,0.952083333333333,741,914,378,361,0.389583333333333,0.404814004376368,0.610416666666667,0.595185995623632,0.547106126914661,Take,Swing_including_bunts,544,508.988566196199,478,0.00571553977738795,370,249.469578376479,345,0.0144315464564956,0.65039323629182,0.385339799492836,0.571248381648448,0.313649807708882,-0.265053436798984,0.0396050509510838,-0.342805079416328,-0.187301794181641,-0.413287475761758,-0.116819397836211,Take,Take,관찰상 방향 뚜렷,TRUE,TRUE,,W per selected current decision; not PA sum
region,3-1,INSIDE,ALL,2070,1959,0.946376811594203,1339,1959,588,477,0.37487922705314,0.39509954058193,0.62512077294686,0.604900459418071,0.530988259315978,Take,Swing_including_bunts,1185,1085.49195005834,945,0.0039290655320387,774,531.070287777079,643,0.00741824937277399,0.622045216074293,0.330565427563144,0.575781721016337,0.329721687494073,-0.291479788511149,0.030467331670104,-0.35124872787289,-0.231710849149408,-0.405256609776112,-0.177702967246187,Take,Take,관찰상 방향 뚜렷,TRUE,TRUE,,W per selected current decision; not PA sum
region_pitch,3-1,INSIDE,FB,1607,1521,0.946484131922838,1129,1521,534,455,0.392034847542004,0.412886259040105,0.607965152457996,0.587113740959895,0.524164365548981,Take,Swing_including_bunts,893,822.741281898522,757,0.00531363051060558,628,425.634787672428,536,0.00897774205835503,0.61922363231733,0.322529100011017,0.578898314834549,0.331127234724207,-0.296694532306314,0.0345412960882585,-0.364466948319114,-0.228922116293513,-0.425752005909557,-0.16763705870307,Take,Take,관찰상 방향 뚜렷,TRUE,TRUE,,W per selected current decision; not PA sum
region_pitch,3-1,INSIDE,NFB,463,438,0.946004319654428,392,438,253,248,0.315334773218143,0.333333333333333,0.684665226781857,0.666666666666667,0.554684931506849,Take,Swing_including_bunts,292,264.512081794475,269,0.0118200621750371,146,108.193191903671,143,0.029107150561524,0.631843455559087,0.358472400637994,0.564959028784598,0.324840780331894,-0.273371054921092,0.0625053031737425,-0.396259586178815,-0.15048252366337,-0.508373602862193,-0.0383685069799923,Take,,비교 자료 부족,TRUE,FALSE,,W per selected current decision; not PA sum
region,3-1,OUTSIDE,ALL,3023,2849,0.942441283493219,1657,2849,638,507,0.230896460469732,0.242541242541243,0.769103539530268,0.757458757458758,0.563610038610039,Take,Swing_including_bunts,2158,1952.64183351263,1425,0.00293542804289345,691,494.592167803354,601,0.00873370435991929,0.618993552244649,0.344572953476369,0.577951353660767,0.331138880265629,-0.27442059876828,0.018007852307221,-0.309741156079261,-0.239100041457299,-0.341632959946473,-0.207208237590087,Take,Take,관찰상 방향 뚜렷,TRUE,TRUE,,W per selected current decision; not PA sum
region_pitch,3-1,OUTSIDE,FB,2218,2087,0.940937781785392,1397,2087,581,483,0.223624887285843,0.235745088643987,0.776375112714157,0.764254911356013,0.564774317201725,Take,Swing_including_bunts,1595,1440.94551546007,1175,0.00368292019767152,492,366.003714021038,444,0.0121655854123416,0.617769380374324,0.341402628984134,0.584065883469391,0.332895943659327,-0.27636675139019,0.0205182171806813,-0.316616615145691,-0.236116887634689,-0.352980861850015,-0.199752640930366,Take,Take,관찰상 방향 뚜렷,TRUE,TRUE,,W per selected current decision; not PA sum
region_pitch,3-1,OUTSIDE,NFB,805,762,0.946583850931677,655,762,358,338,0.250931677018634,0.261154855643045,0.749068322981366,0.738845144356955,0.56042125984252,Take,Swing_including_bunts,563,512.479634511663,502,0.00686607766425973,199,129.664692306099,190,0.0273748624293037,0.622346369427548,0.353255981317965,0.56120460338439,0.326326555721474,-0.269090388109584,0.0353788460528444,-0.338560216585934,-0.199620559633233,-0.401594423554064,-0.136586352665104,Take,,비교 자료 부족,TRUE,FALSE,,W per selected current decision; not PA sum
region,3-1,CENTER,ALL,7915,7877,0.995198989260897,2320,7877,765,572,0.752116234996842,0.751555160594135,0.247883765003159,0.248444839405865,0.401719182429859,Take,Swing_including_bunts,1957,1582.46130975754,1332,0.00352411600100643,5920,5784.32873144476,2216,0.00170237805238731,0.3765660652909,0.406395641816455,0.431432876107044,0.391715821788674,0.0298295765255544,0.0140208011472557,0.00233496099896745,0.0573241920521414,-0.0224679246568595,0.0821270777079683,Swing_including_bunts,Swing_including_bunts,차이 불명확,TRUE,TRUE,,W per selected current decision; not PA sum
region_pitch,3-1,CENTER,FB,6359,6323,0.994338732505111,2221,6323,729,564,0.773863815065262,0.773367072592124,0.226136184934738,0.226632927407876,0.398257472718646,Take,Swing_including_bunts,1433,1160.0772859812,1074,0.00444222560696183,4890,4795.1248266183,2088,0.00166983169463887,0.377730644517387,0.40154854836679,0.42868340211263,0.392285596736133,0.0238179038494021,0.0161371343508352,-0.00782755152823226,0.0554633592270365,-0.0363778152181996,0.0840136229170038,Swing_including_bunts,Swing_including_bunts,차이 불명확,TRUE,TRUE,,W per selected current decision; not PA sum
region_pitch,3-1,CENTER,NFB,1556,1554,0.998714652956298,1087,1554,470,423,0.663239074550129,0.662805662805663,0.336760925449871,0.337194337194337,0.415804375804376,Take,Swing_including_bunts,524,477.743861645988,462,0.00787654421040319,1030,1006.59804645938,798,0.00535692709225815,0.371827561784416,0.426117760144791,0.442620085931165,0.389397490390484,0.0542901983603749,0.0286385215578138,-0.00190289938236373,0.110483296103114,-0.0527262707484676,0.161306667469217,Swing_including_bunts,Swing_including_bunts,차이 불명확,TRUE,TRUE,,W per selected current decision; not PA sum
count,3-2,ALL,ALL,36202,34810,0.961549085685874,2430,25323,818,590,0.700790011601569,0.696466532605573,0.299209988398431,0.303533467394427,0.376226371732261,Take,Swing_including_bunts,10566,5415.38116533396,2390,0.00165108406505492,24244,19091.5990219109,2429,0.00117274842948342,0.338704573931805,0.276284627054761,0.425538421051637,0.282665855424269,-0.0624199468770447,0.00564692985146138,-0.0734932437585802,-0.0513466499955093,-0.0834814293847036,-0.0413584643693859,Take,Take,관찰상 방향 뚜렷,TRUE,TRUE,,W per selected current decision; not PA sum
region,3-2,HIGH,ALL,4238,4117,0.971448796602171,1875,3921,677,534,0.46271826333176,0.472188486762206,0.53728173666824,0.527811513237795,0.456880495506437,Take,Swing_including_bunts,2173,1453.17193440547,1403,0.0046165058302042,1944,1446.34543742351,1248,0.00696555594756128,0.619177540616657,0.212424671107322,0.549802236009055,0.235844285996363,-0.406752869509335,0.0133961568975609,-0.433025823345176,-0.380479915673495,-0.456739500699514,-0.356766238319157,Take,Take,관찰상 방향 뚜렷,TRUE,TRUE,,W per selected current decision; not PA sum
region_pitch,3-2,HIGH,FB,3369,3286,0.975363609379638,1701,3143,631,513,0.51380231522707,0.522215459525259,0.48619768477293,0.477784540474741,0.439372489348752,Take,Swing_including_bunts,1570,1083.09308294455,1136,0.005530044778673,1716,1264.92742165085,1155,0.00674959463040003,0.619755245579197,0.216130497198409,0.546064531495448,0.244381126658193,-0.403624748380788,0.0152881803897402,-0.433610380220237,-0.373639116541339,-0.460682907528286,-0.34656658923329,Take,Take,관찰상 방향 뚜렷,TRUE,TRUE,,W per selected current decision; not PA sum
region_pitch,3-2,HIGH,NFB,869,831,0.956271576524741,674,826,381,383,0.264672036823936,0.274368231046931,0.735327963176064,0.725631768953069,0.526111913357401,Take,Swing_including_bunts,603,389.130906305441,530,0.0109633369113446,228,208.3315575384,212,0.0155867073114672,0.616893138081272,0.19777082690117,0.564582136167556,0.202087296327562,-0.419122311180102,0.0267420004785811,-0.471630099279227,-0.366614523080977,-0.519262715205491,-0.318981907154713,Take,Take,관찰상 방향 뚜렷,TRUE,TRUE,,W per selected current decision; not PA sum
region,3-2,LOW,ALL,6772,6655,0.982722976963969,2234,6392,728,567,0.456438275251034,0.462509391435011,0.543561724748966,0.537490608564989,0.435011870773854,Take,Swing_including_bunts,3577,2471.1941487953,1824,0.00254606633582008,3078,2175.17423536022,1690,0.00345111234234186,0.607949603271672,0.164138801848912,0.558199300325931,0.212146775723751,-0.44381080142276,0.00938645347875814,-0.462217889381527,-0.425403713463994,-0.478824378767853,-0.408797224077668,Take,Take,관찰상 방향 뚜렷,TRUE,TRUE,,W per selected current decision; not PA sum
region_pitch,3-2,LOW,FB,2359,2319,0.983043662568885,1436,2279,586,493,0.325561678677406,0.328589909443726,0.674438321322594,0.671410090556274,0.501024579560155,Take,Swing_including_bunts,1557,1049.14745614855,1119,0.00503421981056777,762,583.037248488729,627,0.0101965168192169,0.58137300200515,0.231869217301565,0.543687172140088,0.242462387788906,-0.349503784703585,0.0181703252960332,-0.385147031077935,-0.313860538329235,-0.41734605151984,-0.281661517887329,Take,Take,관찰상 방향 뚜렷,TRUE,TRUE,,W per selected current decision; not PA sum
region_pitch,3-2,LOW,NFB,4413,4336,0.982551552232042,1956,4197,659,528,0.526399274869703,0.534132841328413,0.473600725130297,0.465867158671587,0.399706642066421,Take,Swing_including_bunts,2020,1445.07389903865,1324,0.00418071624682994,2316,1603.66316945577,1432,0.00450795507664201,0.622163426688892,0.127914901149027,0.565960745266653,0.195933236890934,-0.494248525539866,0.0103043177431729,-0.514457128465225,-0.474039922614506,-0.53269505479382,-0.455801996285911,Take,Take,관찰상 방향 뚜렷,TRUE,TRUE,,W per selected current decision; not PA sum
region,3-2,INSIDE,ALL,5082,4978,0.979535615899252,2053,4698,697,544,0.502558048012594,0.510646846122941,0.497441951987407,0.489353153877059,0.44283487344315,Take,Swing_including_bunts,2436,1717.85552945133,1511,0.00373688741331267,2542,1881.03844746705,1499,0.00434964082962066,0.576332675368119,0.220830178936908,0.545458480370325,0.239440290979015,-0.355502496431211,0.0121431701853871,-0.379316719243069,-0.331688273619352,-0.40080590608549,-0.310199086776932,Take,Take,관찰상 방향 뚜렷,TRUE,TRUE,,W per selected current decision; not PA sum
region_pitch,3-2,INSIDE,FB,3197,3142,0.982796371598373,1692,3011,633,516,0.526743822333438,0.533418204964991,0.473256177666562,0.46658179503501,0.439781985996181,Take,Swing_including_bunts,1466,1041.76707423852,1074,0.00502616928740399,1676,1280.9441155356,1158,0.00566899500162887,0.559522900125474,0.250957603795713,0.535339102514292,0.258734031336604,-0.308565296329761,0.0157631831222819,-0.339482696963854,-0.277647895695669,-0.367396934450348,-0.249733658209174,Take,Take,관찰상 방향 뚜렷,TRUE,TRUE,,W per selected current decision; not PA sum
region_pitch,3-2,INSIDE,NFB,1885,1836,0.974005305039788,1234,1784,541,463,0.461538461538462,0.471677559912854,0.538461538461538,0.528322440087146,0.448059368191721,Take,Swing_including_bunts,970,676.854399187925,783,0.00790109872145476,866,608.339562362538,688,0.00910034697682349,0.605099730821491,0.169272243802724,0.562776064914799,0.206422354048978,-0.435827487018768,0.0173146430976525,-0.469796909146179,-0.401858064891356,-0.500502406765032,-0.371152567272503,Take,Take,관찰상 방향 뚜렷,TRUE,TRUE,,W per selected current decision; not PA sum
region,3-2,OUTSIDE,ALL,7196,7071,0.982629238465814,2247,6736,740,562,0.448860478043357,0.454956866072691,0.551139521956643,0.545043133927309,0.451213548295856,Take,Swing_including_bunts,3854,2682.47247109671,1865,0.00360073616215461,3217,2383.5838434981,1707,0.00347911399341492,0.549159963898283,0.222657426104569,0.545812081382685,0.234285114132233,-0.326502537793714,0.00978148795315947,-0.345684238780288,-0.30732083680714,-0.362989330347145,-0.290015745240283,Take,Take,관찰상 방향 뚜렷,TRUE,TRUE,,W per selected current decision; not PA sum
region_pitch,3-2,OUTSIDE,FB,4004,3944,0.985014985014985,1864,3829,664,533,0.43006993006993,0.434584178498986,0.56993006993007,0.565415821501014,0.463114350912779,Take,Swing_including_bunts,2230,1592.75957115427,1403,0.00627443411636986,1714,1354.6110904706,1181,0.00427703030782609,0.531869975948318,0.254001367975548,0.538085632546416,0.254282294287166,-0.27786860797277,0.0132961795686282,-0.303945582711514,-0.251791633234025,-0.327482764144265,-0.228254451801274,Take,Take,관찰상 방향 뚜렷,TRUE,TRUE,,W per selected current decision; not PA sum
region_pitch,3-2,OUTSIDE,NFB,3192,3127,0.979636591478697,1710,3051,623,510,0.472431077694236,0.480652382475216,0.527568922305765,0.519347617524784,0.436203389830508,Take,Swing_including_bunts,1624,1093.72657193092,1175,0.00518994705813288,1503,1044.09993821998,1066,0.00613616137525191,0.570967355159768,0.183124165235,0.55555724102779,0.209063215017728,-0.387843189924767,0.0141020448453265,-0.415502278682375,-0.36018410116716,-0.440473876999942,-0.335212502849593,Take,Take,관찰상 방향 뚜렷,TRUE,TRUE,,W per selected current decision; not PA sum
region,3-2,CENTER,ALL,17246,16138,0.935753218137539,2414,13073,777,583,0.912211527310681,0.908414921303755,0.0877884726893192,0.0915850786962449,0.318762857851035,Take,Swing_including_bunts,1478,1293.77151466955,1109,0.00319076906090328,14660,14624.1222209893,2410,0.00141813611884244,0.0806054379092603,0.345286884141427,0.297373049486143,0.334597207800659,0.264681446232166,0.00841497450828977,0.248180122245343,0.28118277021899,0.233295605850701,0.296067286613631,Swing_including_bunts,Swing_including_bunts,관찰상 방향 뚜렷,TRUE,TRUE,,W per selected current decision; not PA sum
region_pitch,3-2,CENTER,FB,11418,10645,0.932299877386583,2359,9063,745,573,0.913469959712734,0.908971348050728,0.0865300402872657,0.091028651949272,0.325792296852983,Take,Swing_including_bunts,969,844.202415964842,804,0.00502082961191306,9676,9650.95481860564,2336,0.0017412364455462,0.086530027789198,0.35319139560919,0.284368777376934,0.340742011911977,0.266661367819992,0.00980907631880941,0.247426058088836,0.285896677551148,0.230074545256859,0.303248190383124,Swing_including_bunts,Swing_including_bunts,관찰상 방향 뚜렷,TRUE,TRUE,,W per selected current decision; not PA sum
region_pitch,3-2,CENTER,NFB,5828,5493,0.942518874399451,2088,5022,648,555,0.90974605353466,0.907336610231203,0.0902539464653397,0.0926633897687966,0.305140360458766,Take,Swing_including_bunts,509,451.073987077508,458,0.00730895577444515,4984,4973.1786456193,2031,0.00210663121883136,0.0691240508217058,0.329968565449575,0.322574301370821,0.322689062931738,0.260844514627869,0.0150579687959715,0.231314312108547,0.290374717147192,0.204668362455823,0.317020666799916,Swing_including_bunts,Swing_including_bunts,관찰상 방향 뚜렷,TRUE,TRUE,,W per selected current decision; not PA sum
