level,count,region,pitch_group,n_all_2024,n_2024,coverage_2024,games_2024,PA_2024,pitchers_2024,batters_2024,action1_rate_all_2024,action1_rate_2024,action0_rate_all_2024,action0_rate_2024,observed_Y_2024,action0_2024,action1_2024,rows0_2024,ESS0_2024,games0_2024,max_game_share0_2024,rows1_2024,ESS1_2024,games1_2024,max_game_share1_2024,Q0_2024,Q1_2024,gcomp0_2024,gcomp1_2024,delta_2024,SE_2024,nominal95_low_2024,nominal95_high_2024,family95_low_2024,family95_high_2024,arithmetic_direction_2024,point_direction_2024,evidence_2024,large_point_difference_2024,support_gate_2024,recommendation_2024,unit_2024,game_year_2024,n_all_2025,n_2025,coverage_2025,games_2025,PA_2025,pitchers_2025,batters_2025,action1_rate_all_2025,action1_rate_2025,action0_rate_all_2025,action0_rate_2025,observed_Y_2025,action0_2025,action1_2025,rows0_2025,ESS0_2025,games0_2025,max_game_share0_2025,rows1_2025,ESS1_2025,games1_2025,max_game_share1_2025,Q0_2025,Q1_2025,gcomp0_2025,gcomp1_2025,delta_2025,SE_2025,nominal95_low_2025,nominal95_high_2025,family95_low_2025,family95_high_2025,arithmetic_direction_2025,point_direction_2025,evidence_2025,large_point_difference_2025,support_gate_2025,recommendation_2025,unit_2025,game_year_2025,difference_2025_minus_2024,SE_difference,df_difference,nominal95_difference_low,nominal95_difference_high,family255_difference_low,family255_difference_high
count,0-0,ALL,ALL,181530,170417,0.938781468627775,2429,170417,855,609,0.321379386327329,0.339748968706174,0.678620613672671,0.660251031293826,0.306327349970954,Take,Swing_including_bunts,112518,103229.708260283,2429,0.000679050759448623,57899,40082.9140396685,2429,0.000840443094653569,0.300067667666247,0.288207491771967,0.297959177792486,0.289007963971925,-0.0118601758942799,0.00294069182845968,-0.0176267005716415,-0.00609365121691834,-0.0227142051658901,-0.00100614662266977,Take,Take,관찰상 방향 뚜렷,TRUE,TRUE,,W per selected current decision; not PA sum,2024,182054,171054,0.939578366858185,2430,171054,872,630,0.321080558515605,0.338828673985993,0.678919441484395,0.661171326014007,0.309057736153495,Take,Swing_including_bunts,113096,104238.34441045,2430,0.000641215273117074,57958,40088.2584897422,2430,0.000973927120375871,0.30151481204203,0.294498474412758,0.301085807708815,0.290271765885891,-0.00701633762927201,0.00296552424130045,-0.0128315560217604,-0.00120111923678359,-0.0179620160198612,0.00392934076131721,Take,Take,차이 불명확,FALSE,TRUE,,W per selected current decision; not PA sum,2025,0.00484383826500793,0.00417636234727187,4856.67320859563,-0.00334372199117843,0.0130313985211943,-0.0107209138395507,0.0204085903695665
count,0-1,ALL,ALL,92625,89488,0.966132253711201,2429,89488,847,607,0.490990553306343,0.505285624888253,0.509009446693657,0.494714375111747,0.262406534954407,Take,Swing_including_bunts,44271,26717.0485608956,2429,0.000974646920817938,45217,27821.7876713541,2429,0.000899964795691067,0.255275302177057,0.233778098210699,0.254254209326364,0.233182043826292,-0.0214972039663577,0.00399598893106762,-0.0293331045386169,-0.0136613033940985,-0.0362463117807445,-0.00674809615197089,Take,Take,관찰상 방향 뚜렷,TRUE,TRUE,,W per selected current decision; not PA sum,2024,92000,89037,0.96779347826087,2430,89037,863,628,0.491967391304348,0.505160775857228,0.508032608695652,0.494839224142772,0.264050125228837,Take,Swing_including_bunts,44059,27109.3957204157,2430,0.000943325448816235,44978,27459.4504595055,2430,0.00104907274932867,0.255488271339444,0.236568780370312,0.25729202101057,0.234355328500669,-0.0189194909691319,0.0039560452932906,-0.0266770628111251,-0.0111619191271386,-0.0335211586526758,-0.00431782328558786,Take,Take,관찰상 방향 뚜렷,TRUE,TRUE,,W per selected current decision; not PA sum,2025,0.00257771299722585,0.00562300826068944,4856.48958798515,-0.00844592804757401,0.0136013540420257,-0.0183784983934956,0.0235339243879473
count,0-2,ALL,ALL,48676,46168,0.948475634809762,2429,37647,808,605,0.505136001314816,0.515898457806273,0.494863998685184,0.484101542193727,0.197668514988737,Take,Swing_including_bunts,22350,11230.7130631855,2429,0.00128033992776533,23818,14997.7845890294,2428,0.00141130001579887,0.164988985699177,0.152966880115158,0.182828675232606,0.161231313333622,-0.0120221055840191,0.00380914354836138,-0.0194916132891988,-0.00455259787883941,-0.0260815711742423,0.00203736000620406,Take,Take,차이 불명확,TRUE,TRUE,,W per selected current decision; not PA sum,2024,47771,45437,0.951141906177388,2430,37103,820,625,0.500491930250571,0.512071659660629,0.49950806974943,0.487928340339371,0.198644188656822,Take,Swing_including_bunts,22170,11325.5054742286,2430,0.0015507140571461,23267,14784.0851415033,2429,0.00132287561299184,0.164929707815336,0.152634197345408,0.186553868527313,0.160900104760433,-0.0122955104699278,0.00382515848032164,-0.0197964209798331,-0.00479459996002248,-0.0264140780862475,0.00182305714639197,Take,Take,차이 불명확,TRUE,TRUE,,W per selected current decision; not PA sum,2025,-0.000273404885908645,0.00539827861189099,4856.92269231035,-0.0108564738759517,0.0103096641041344,-0.0203920770923732,0.0198452673205559
count,1-0,ALL,ALL,67789,65511,0.966395727920459,2429,65511,848,608,0.432946348227589,0.445772465692784,0.567053651772411,0.554227534307216,0.347563279449253,Take,Swing_including_bunts,36308,28202.2642745385,2429,0.000934846614808554,29203,18778.7109774861,2429,0.00098432484541294,0.345264451483972,0.31888475785837,0.344655610290663,0.310794832798782,-0.0263796936256018,0.00476386623218265,-0.0357213566729399,-0.0170380305782638,-0.0439630197768598,-0.00879636747434389,Take,Take,관찰상 방향 뚜렷,TRUE,TRUE,,W per selected current decision; not PA sum,2024,68727,66266,0.964191656845199,2430,66266,868,626,0.428812548197943,0.442247909938732,0.571187451802057,0.557752090061268,0.349852986448556,Take,Swing_including_bunts,36960,28870.9021879565,2430,0.00093759630806851,29306,18669.6387009256,2430,0.0011103136954086,0.347312010560285,0.312712929364921,0.346948062394633,0.311889494857313,-0.0345990811953636,0.00460446573589491,-0.0436281673387353,-0.0255699950519919,-0.0515940530805006,-0.0176041093102266,Take,Take,관찰상 방향 뚜렷,TRUE,TRUE,,W per selected current decision; not PA sum,2025,-0.00821938756976175,0.00662536989089367,4851.31717968756,-0.0212081145095164,0.00476933936999292,-0.0329112889343269,0.0164725137948034
count,1-1,ALL,ALL,71305,69580,0.975808148096206,2429,69580,841,607,0.545151111422761,0.554570278815752,0.454848888577239,0.445429721184248,0.290292871514803,Take,Swing_including_bunts,30993,17419.8466201875,2429,0.0014988728904426,38587,24982.9496412642,2429,0.000928937735681397,0.281787392340602,0.254389995710106,0.287709351951037,0.251723936411374,-0.0273973966304956,0.00456942846436809,-0.0363577785876281,-0.0184370146733631,-0.0442630572300826,-0.0105317360309086,Take,Take,관찰상 방향 뚜렷,TRUE,TRUE,,W per selected current decision; not PA sum,2024,71254,69558,0.976197827490387,2430,69558,859,628,0.546818424228815,0.556269587969752,0.453181575771185,0.443730412030248,0.292810963512464,Take,Swing_including_bunts,30865,17728.8708603359,2430,0.00131173046054976,38693,24915.5654898643,2430,0.00117244368543487,0.284881886146794,0.25576291794194,0.290320456005775,0.25329488762066,-0.0291189682048532,0.0045939421976651,-0.0381274183095051,-0.0201105181002013,-0.0460750979644091,-0.0121628384452974,Take,Take,관찰상 방향 뚜렷,TRUE,TRUE,,W per selected current decision; not PA sum,2025,-0.0017215715743576,0.00647950471922549,4856.87146121436,-0.0144243330609771,0.0109811899122619,-0.0258698310347292,0.022426687886014
count,1-2,ALL,ALL,70022,66964,0.956328011196481,2429,52847,822,607,0.575633372368684,0.577086195567768,0.424366627631316,0.422913804432232,0.225170733528463,Take,Swing_including_bunts,28320,13588.9224779316,2429,0.00121588837803449,38644,26037.3031781814,2429,0.00105979560320078,0.183821161634004,0.179994893059258,0.200701677297903,0.181811405403979,-0.0038262685747463,0.00348832829061171,-0.010666676323656,0.00301413917416341,-0.01670161205986,0.00904907491036738,Take,Take,차이 불명확,FALSE,TRUE,,W per selected current decision; not PA sum,2024,69538,66782,0.960366993586241,2430,52671,831,625,0.571385429549311,0.573717468779012,0.428614570450689,0.426282531220988,0.220378515168758,Take,Swing_including_bunts,28468,13894.4695552747,2430,0.00128023957119698,38314,26067.48366717,2430,0.00108663917692953,0.181209077461929,0.171644111035359,0.203631620622628,0.182489067672808,-0.00956496642656975,0.00321805180785496,-0.0158753765052992,-0.00325455634784033,-0.0214427179696117,0.00231278511647216,Take,Take,차이 불명확,FALSE,TRUE,,W per selected current decision; not PA sum,2025,-0.00573869785182346,0.00474597636963361,4825.59053786523,-0.0150429743158688,0.00356557861222185,-0.023426413603322,0.011949017899675
count,2-0,ALL,ALL,22489,21726,0.966072302014318,2428,21726,824,595,0.428565076259505,0.44131455399061,0.571434923740496,0.55868544600939,0.416302862929209,Take,Swing_including_bunts,12138,9518.30800890458,2411,0.00144773870277692,9588,6260.24676427665,2392,0.00194897545671456,0.415978235164857,0.372818734331761,0.420891584691109,0.358149448898541,-0.0431595008330964,0.00841795434988848,-0.0596666203473168,-0.0266523813188759,-0.0742300056135965,-0.0120889960525962,Take,Take,관찰상 방향 뚜렷,TRUE,TRUE,,W per selected current decision; not PA sum,2024,23143,22314,0.964179233461522,2430,22314,846,608,0.410102406775267,0.423411311284395,0.589897593224733,0.576588688715605,0.418359594873174,Take,Swing_including_bunts,12866,10201.7447838701,2413,0.00138185343260453,9448,6195.89707032831,2375,0.00194276231360484,0.426772680417084,0.365720631484383,0.42190080807136,0.359485640699839,-0.0610520489327009,0.00808130084985004,-0.0768990039778811,-0.0452050938875208,-0.0908799352969898,-0.031224162568412,Take,Take,관찰상 방향 뚜렷,TRUE,TRUE,,W per selected current decision; not PA sum,2025,-0.0178925480996046,0.0116691635888179,4847.7699193751,-0.0407694002065016,0.00498430400729249,-0.06138204419225,0.0255969479930408
count,2-1,ALL,ALL,36345,35624,0.980162333195763,2429,35624,831,600,0.578676571743018,0.585672580282955,0.421323428256982,0.414327419717045,0.346987396137435,Take,Swing_including_bunts,14760,8310.25358184559,2423,0.00149823650736238,20864,13780.3609980229,2429,0.00127786937624109,0.347195053010261,0.296140197451304,0.362932048246831,0.291559283097113,-0.0510548555589569,0.0065567742310608,-0.0639123063266238,-0.03819740479129,-0.0752557659510364,-0.0268539451668774,Take,Take,관찰상 방향 뚜렷,TRUE,TRUE,,W per selected current decision; not PA sum,2024,36595,35930,0.981828118595437,2430,35930,853,618,0.583877578904222,0.591065961591984,0.416122421095778,0.408934038408016,0.349892346228778,Take,Swing_including_bunts,14693,8486.1275693092,2424,0.00149326342991375,21237,14384.7850214851,2428,0.00138583422044014,0.354973584776237,0.294904760992043,0.363944837448161,0.293099791635445,-0.0600688237841945,0.00652239295247197,-0.0728588522493198,-0.0472787953190692,-0.0841428187293502,-0.0359948288390387,Take,Take,관찰상 방향 뚜렷,TRUE,TRUE,,W per selected current decision; not PA sum,2025,-0.00901396822523757,0.00924839976123215,4856.85503626005,-0.0271450170460364,0.00911708059556124,-0.0434815343870756,0.0254535979366004
count,2-2,ALL,ALL,59260,56506,0.953526830914613,2429,42910,818,606,0.64316571042862,0.638569355466676,0.35683428957138,0.361430644533324,0.265360758149577,Take,Swing_including_bunts,20423,10048.2046292086,2429,0.00152257389157254,36083,25694.4753181689,2428,0.00121296344904906,0.227056243025331,0.202234122719955,0.255711358885932,0.207344917056965,-0.0248221203053757,0.00389943846051953,-0.0324686910520346,-0.0171755495587167,-0.039214862443028,-0.0104293781677234,Take,Take,관찰상 방향 뚜렷,TRUE,TRUE,,W per selected current decision; not PA sum,2024,59372,57059,0.961042242134339,2430,43292,832,622,0.642104022097959,0.639250600255876,0.357895977902041,0.360749399744124,0.264299093920328,Take,Swing_including_bunts,20584,10040.2117051745,2428,0.00154687402081747,36475,26342.9114279672,2430,0.0010681011827921,0.225285935505037,0.201593128977153,0.257239414326437,0.209000746063389,-0.0236928065278842,0.00385901369161348,-0.0312601051133426,-0.0161255079424259,-0.0379363329118596,-0.0094492801439088,Take,Take,관찰상 방향 뚜렷,TRUE,TRUE,,W per selected current decision; not PA sum,2025,0.00112931377749147,0.00548612859669177,4856.45160360873,-0.00962598119802103,0.011884608753004,-0.0193167652513022,0.0215753928062852
count,3-0,ALL,ALL,6835,6064,0.887198244330651,2196,6064,734,567,0.0987564008778347,0.110817941952507,0.901243599122165,0.889182058047494,0.526498021108179,Take,Swing_including_bunts,5392,5375.7621835602,2119,0.00170549716547745,672,598.773647250092,569,0.00590997052420347,0.526091777427218,0.485031732652752,0.510435835845751,0.39711226921066,-0.041060044774466,0.0226900564648197,-0.0855562740872316,0.00343618453829962,-0.124821913200064,0.0427018236511317,Take,Take,차이 불명확,TRUE,TRUE,,W per selected current decision; not PA sum,2024,7137,6189,0.867171080285834,2196,6189,755,560,0.0826677875858204,0.0946841169817418,0.91733221241418,0.905315883018258,0.528138148327678,Take,Swing_including_bunts,5603,5587.07245681599,2145,0.00176618315368541,586,519.563447644424,514,0.00775819277653365,0.527692474434319,0.472959295231046,0.513822972261074,0.397251215232441,-0.0547331792032735,0.0219128140460053,-0.0977052008988039,-0.0117611575077431,-0.135625805001799,0.0261594465952525,Take,Take,차이 불명확,TRUE,TRUE,,W per selected current decision; not PA sum,2025,-0.0136731344288075,0.0315437803979091,4384.67743106379,-0.0755148789184532,0.0481686100608382,-0.131242339143645,0.10389607028603
count,3-1,ALL,ALL,14950,14654,0.980200668896321,2423,14654,804,591,0.551371237458194,0.560188344479323,0.448628762541806,0.439811655520677,0.461598539647878,Take,Swing_including_bunts,6445,3862.66915014938,2250,0.00224989231229567,8209,5430.06498161695,2350,0.00215816869741184,0.480172659140556,0.378090470137292,0.493122089626874,0.370961835364788,-0.102082189003264,0.00972034105541147,-0.121143232830008,-0.0830211451765203,-0.137959889016,-0.0662044889905283,Take,Take,관찰상 방향 뚜렷,TRUE,TRUE,,W per selected current decision; not PA sum,2024,14924,14654,0.981908335566872,2423,14654,805,597,0.539868667917448,0.547973249624676,0.460131332082552,0.452026750375324,0.472112597243074,Take,Swing_including_bunts,6624,4001.11825695536,2245,0.00223367683234167,8030,5352.54382404452,2347,0.00175673355723202,0.486260985840746,0.380426535338491,0.494549189724926,0.372398474531556,-0.105834450502255,0.00929418370758727,-0.124059823662953,-0.0876090773415567,-0.140139207199905,-0.0715296938046045,Take,Take,관찰상 방향 뚜렷,TRUE,TRUE,,W per selected current decision; not PA sum,2025,-0.00375226149899081,0.0134486758093092,4834.29655157579,-0.0301177828426174,0.0226132598446357,-0.0538738816340166,0.0463693586360349
count,3-2,ALL,ALL,35901,34240,0.953733879279129,2429,24779,806,597,0.703712988496142,0.696875,0.296287011503858,0.303125,0.373751781542056,Take,Swing_including_bunts,10379,5223.99962663139,2400,0.00205849475259746,23861,18563.0296290265,2428,0.00136247040374334,0.32914124400383,0.27742494504371,0.39808817671638,0.283043073368938,-0.0517162989601203,0.00528109208878799,-0.0620722116602166,-0.041360386260024,-0.0712086944444163,-0.0322239034758243,Take,Take,관찰상 방향 뚜렷,TRUE,TRUE,,W per selected current decision; not PA sum,2024,35801,34497,0.963576436412391,2429,25074,817,611,0.705874137593922,0.700988491752906,0.294125862406078,0.299011508247094,0.374568803084326,Take,Swing_including_bunts,10315,5321.65721721302,2386,0.0017479421186772,24182,18742.7004209671,2423,0.00161855356052419,0.329478972959231,0.277083343646883,0.393904636025072,0.285631529591982,-0.052395629312348,0.00535506458334961,-0.0628965977476993,-0.0418946608769967,-0.072161055657442,-0.032630202967254,Take,Take,관찰상 방향 뚜렷,TRUE,TRUE,,W per selected current decision; not PA sum,2025,-0.00067933035222769,0.00752108039726371,4855.06074454834,-0.0154240528935052,0.0140653921890498,-0.0287094129892616,0.0273507522848062
overall,ALL,ALL,ALL,707727,676942,0.956501588889501,2429,180827,855,609,0.480269934593424,0.49139364967752,0.519730065406576,0.50860635032248,0.29841858386686,Take,Swing_including_bunts,344297,197163.515956964,2429,0.000702725677660661,332645,207687.53455257,2429,0.000652357609328653,0.283429352316178,0.25969707691432,0.293205064479619,0.258563209293702,-0.0237322754018576,0.00134719550793226,-0.0263740469967382,-0.0210905038069771,-0.0287047445794041,-0.0187598062243112,Take,Take,관찰상 방향 뚜렷,TRUE,TRUE,,W per selected current decision; not PA sum,2024,708316,678777,0.958296861852619,2430,181316,873,630,0.478162289147782,0.489813296561315,0.521837710852219,0.510186703438685,0.300195270317056,Take,Swing_including_bunts,346303,200546.165019143,2430,0.000714781546859949,332474,206554.342381109,2430,0.00064939864106214,0.285276050270589,0.260275268348803,0.295907412646729,0.260099793636318,-0.0250007819217867,0.00133666700724098,-0.0276219072044219,-0.0223796566391515,-0.0299343875800414,-0.0200671762635321,Take,Take,관찰상 방향 뚜렷,TRUE,TRUE,,W per selected current decision; not PA sum,2025,-0.00126850651992909,0.00189779198671494,4856.68515342837,-0.00498903767680056,0.00245202463694238,-0.00834132714884205,0.00580431410898387
region,0-0,CENTER,ALL,80843,80584,0.9967962594164,2429,80584,846,608,0.484061699837958,0.484078725305272,0.515938300162043,0.515921274694729,0.291974722029187,Take,Swing_including_bunts,41575,39107.6424122896,2429,0.000842276445462084,39009,36229.4594867198,2429,0.000869340320654746,0.267279616720233,0.315957373288036,0.264039414890592,0.318492467661433,0.0486777565678029,0.00379858092282509,0.041228961553502,0.0561265515821038,0.0346572773975937,0.0626982357380121,Swing_including_bunts,Swing_including_bunts,관찰상 방향 뚜렷,TRUE,TRUE,,W per selected current decision; not PA sum,2024,83258,82988,0.996757068389824,2430,82988,864,628,0.473023613346465,0.472815346797127,0.526976386653535,0.527184653202873,0.293653034173615,Take,Swing_including_bunts,43750,41278.7776735569,2430,0.000786725429227854,39238,36279.3844050597,2430,0.000833057231232569,0.266039029630468,0.323737030207124,0.268173276922261,0.318821379344704,0.0576980005766564,0.00372230732632872,0.050398775122654,0.0649972260306587,0.0439590540870261,0.0714369470662866,Swing_including_bunts,Swing_including_bunts,관찰상 방향 뚜렷,TRUE,TRUE,,W per selected current decision; not PA sum,2025,0.00902024400885342,0.0053183445600009,4854.96230128418,-0.00140611911593807,0.0194466071336449,-0.0108005306605563,0.0288410186782631
region,0-0,HIGH,ALL,21740,17497,0.804829806807728,2424,17497,805,596,0.146182152713891,0.178830656684003,0.853817847286109,0.821169343315997,0.323519631936903,Take,Swing_including_bunts,14368,14099.0075794932,2410,0.00132886589351216,3129,2322.02402348451,1707,0.00284469854675377,0.334444133182774,0.251405381111597,0.338603761821329,0.24919508945072,-0.0830387520711774,0.00923827881081535,-0.101154495125552,-0.0649230090168027,-0.117137143040466,-0.048940361101889,Take,Take,관찰상 방향 뚜렷,TRUE,TRUE,,W per selected current decision; not PA sum,2024,21607,17316,0.801406951450919,2425,17316,822,609,0.145323274864627,0.178563178563179,0.854676725135373,0.821436821436821,0.324059136059136,Take,Swing_including_bunts,14224,13971.2581385893,2414,0.00134669337046197,3092,2310.44582548954,1686,0.00360846193502305,0.335006811293247,0.259546848766247,0.34245873936618,0.249711864483031,-0.0754599625269992,0.00980951297520175,-0.0946958595536505,-0.056224065500348,-0.111666750353071,-0.0392531747009278,Take,Take,관찰상 방향 뚜렷,TRUE,TRUE,,W per selected current decision; not PA sum,2025,0.00757878954417821,0.0134748781143657,4829.77538163489,-0.0188381064276456,0.033995685516002,-0.042640519643115,0.0577980987314714
region,0-0,INSIDE,ALL,24548,20957,0.853715170278638,2427,20957,810,603,0.235334854163272,0.269361072672615,0.764665145836728,0.730638927327385,0.316467862766617,Take,Swing_including_bunts,15312,15049.9395748558,2418,0.00116440973438157,5645,4201.10805850997,2169,0.00257556375866384,0.329068118582418,0.260436271192216,0.328228137926895,0.26226298008977,-0.0686318473902011,0.0107810632164265,-0.089772890476006,-0.0474908043043962,-0.108424565422845,-0.0288391293575567,Take,Take,관찰상 방향 뚜렷,TRUE,TRUE,,W per selected current decision; not PA sum,2024,24838,21243,0.855262098397617,2429,21243,831,616,0.242974474595378,0.277314880195829,0.757025525404622,0.722685119804171,0.322681495080732,Take,Swing_including_bunts,15352,15111.0447273267,2418,0.00118973709699447,5891,4458.3365746975,2191,0.00219433596249436,0.33685798850839,0.264024772960728,0.331743923342802,0.263135625917656,-0.0728332155476617,0.0111226321633504,-0.0946440466678921,-0.0510223844274313,-0.113886607783458,-0.031779823311865,Take,Take,관찰상 방향 뚜렷,TRUE,TRUE,,W per selected current decision; not PA sum,2025,-0.0042013681574606,0.0154901346126423,4849.40902061955,-0.034569053556677,0.0261663172417558,-0.0619311247839296,0.0535283884690084
region,0-0,LOW,ALL,33427,28529,0.853471744398241,2429,28529,804,603,0.192449217698268,0.21858459812822,0.807550782301732,0.78141540187178,0.327035577833082,Take,Swing_including_bunts,22293,21903.0235713336,2428,0.00103900479115827,6236,4565.69996702398,2206,0.0018152234580414,0.339305103406327,0.269212111691132,0.340443287520422,0.252775625025774,-0.0700929917151946,0.00851292393559134,-0.0867863376401237,-0.0533996457902655,-0.101514007916099,-0.0386719755142901,Take,Take,관찰상 방향 뚜렷,TRUE,TRUE,,W per selected current decision; not PA sum,2024,31962,27432,0.858269194668669,2430,27432,824,616,0.196514611100682,0.220727617381161,0.803485388899318,0.779272382618839,0.331866907261592,Take,Swing_including_bunts,21377,21021.1339071651,2427,0.000997664782565348,6055,4484.30121448349,2188,0.00225191984788455,0.346618880779718,0.268751492164092,0.344136041918286,0.254068665540861,-0.0778673886156255,0.00867237494663652,-0.0948734051552579,-0.060861372075993,-0.109876915203363,-0.045857862027888,Take,Take,관찰상 방향 뚜렷,TRUE,TRUE,,W per selected current decision; not PA sum,2025,-0.00777439690043084,0.0121523644262429,4855.36523351486,-0.0315985324526315,0.0160497386517698,-0.0530646670140612,0.0375158732131995
region,0-0,OUTSIDE,ALL,44163,38019,0.860879016371171,2429,38019,835,604,0.137196295541517,0.156185065362056,0.862803704458483,0.843814934637944,0.319376627475736,Take,Swing_including_bunts,32081,31522.4390964579,2429,0.000910377526939243,5938,4499.45494371374,2188,0.002085930767105,0.327641101502031,0.259475986116575,0.32775897141705,0.264175557768947,-0.0681651153854558,0.00627016189865591,-0.0804605361329575,-0.0558696946379541,-0.0913081459223868,-0.0450220848485248,Take,Take,관찰상 방향 뚜렷,TRUE,TRUE,,W per selected current decision; not PA sum,2024,42457,36508,0.859881762724639,2430,36508,852,622,0.138917021928068,0.157554508600855,0.861082978071932,0.842445491399145,0.324299359044593,Take,Swing_including_bunts,30756,30247.1778366874,2430,0.000955783364045246,5752,4341.75677122158,2171,0.00186073014566012,0.332485628516353,0.2635188350114,0.33125299721821,0.26509680121423,-0.0689667935049524,0.00624247440522616,-0.0812079181838019,-0.0567256688261029,-0.0920076158491079,-0.0459259711607969,Take,Take,관찰상 방향 뚜렷,TRUE,TRUE,,W per selected current decision; not PA sum,2025,-0.000801678119496621,0.00884779164171829,4856.89582059538,-0.018147353697765,0.0165439974587717,-0.0337762304430657,0.0321728742040725
region,0-1,CENTER,ALL,33509,33359,0.995523590677131,2429,33359,819,605,0.777253872094064,0.77706166251986,0.222746127905936,0.22293833748014,0.262916784076261,Take,Swing_including_bunts,7437,6260.98541256488,2317,0.00169664261364483,25922,25614.2146665096,2429,0.000927150703936559,0.213673684255888,0.27565099392413,0.212594231667742,0.271750152271371,0.0619773096682423,0.00728777960296604,0.0476864001220731,0.0762682192144115,0.0350782744241889,0.0888763449122957,Swing_including_bunts,Swing_including_bunts,관찰상 방향 뚜렷,TRUE,TRUE,,W per selected current decision; not PA sum,2024,34201,34055,0.995731118973129,2430,34055,830,626,0.768515540481273,0.768374688004698,0.231484459518728,0.231625311995302,0.257300425781824,Take,Swing_including_bunts,7888,6686.4614792907,2324,0.00145922253400253,26167,25817.622723671,2430,0.000962013842825679,0.206383220291252,0.269775122971385,0.216476074638662,0.271756370638076,0.0633919026801329,0.00678496312298487,0.0500869895738301,0.0766968157864358,0.03834876757373,0.0884350377865359,Swing_including_bunts,Swing_including_bunts,관찰상 방향 뚜렷,TRUE,TRUE,,W per selected current decision; not PA sum,2025,0.00141459301189061,0.00995728156283995,4832.24491281292,-0.0181062097203394,0.0209353957441207,-0.0356950268621994,0.0385242128859806
region,0-1,HIGH,ALL,11653,10636,0.912726336565691,2374,10636,752,590,0.274779026860036,0.299454682211358,0.725220973139964,0.700545317788642,0.262437006393381,Take,Swing_including_bunts,7451,6395.19418592875,2271,0.00159022290710546,3185,2163.29069661732,1731,0.0031724623076443,0.279299061443326,0.213402333611995,0.286029623147143,0.202833111527448,-0.0658967278313306,0.0102125167367214,-0.0859231073279855,-0.0458703483346757,-0.103592217297097,-0.0282012383655642,Take,Take,관찰상 방향 뚜렷,TRUE,TRUE,,W per selected current decision; not PA sum,2024,11434,10419,0.911229665908693,2364,10419,771,598,0.272170718908518,0.29647758902006,0.727829281091482,0.703522410979941,0.263898742681639,Take,Swing_including_bunts,7330,6340.50043524755,2263,0.00175967576606789,3089,2074.69329923424,1689,0.0036928622745466,0.279250727082529,0.207017101878737,0.289363610573925,0.203720637994504,-0.0722336252037926,0.00985910574744639,-0.091567020162025,-0.0529002302455602,-0.108624873864071,-0.0358423765435146,Take,Take,관찰상 방향 뚜렷,TRUE,TRUE,,W per selected current decision; not PA sum,2025,-0.006336897372462,0.0141949802478603,4730.81916480894,-0.0341656672887715,0.0214918725438474,-0.0592407959423933,0.0465670011974693
region,0-1,INSIDE,ALL,13649,12717,0.931716609275405,2419,12717,780,586,0.359660048355191,0.383030588975387,0.640339951644809,0.616969411024613,0.265288747346072,Take,Swing_including_bunts,7846,6772.04881502682,2318,0.00168011831962701,4871,3275.41588299713,2071,0.00256258881560488,0.281576579980581,0.206009053707504,0.279378746408082,0.21252786244258,-0.0755675262730779,0.0102763379434189,-0.0957188654916257,-0.05541618705453,-0.113497500849098,-0.0376375516970581,Take,Take,관찰상 방향 뚜렷,TRUE,TRUE,,W per selected current decision; not PA sum,2024,13313,12434,0.933974310824007,2402,12434,778,598,0.3600240366559,0.381293228245134,0.6399759633441,0.618706771754866,0.267823065787357,Take,Swing_including_bunts,7693,6766.53806521448,2320,0.00165180334520524,4741,3140.64750622464,2078,0.0024874989551434,0.28280479704474,0.212516452833922,0.282931925759301,0.212651329987168,-0.0702883442108171,0.0113049297466897,-0.0924567745616415,-0.0481199138599927,-0.112015298225765,-0.0285613901958695,Take,Take,관찰상 방향 뚜렷,TRUE,TRUE,,W per selected current decision; not PA sum,2025,0.00527918206226076,0.0152775835165428,4772.56840879785,-0.0246719272289609,0.0352302913534824,-0.0516591268313728,0.0622174909558943
region,0-1,LOW,ALL,23903,22103,0.92469564489813,2428,22103,790,600,0.308957034681839,0.330814821517441,0.691042965318161,0.669185178482559,0.265681174501199,Take,Swing_including_bunts,14791,12768.3572477856,2424,0.00131318358125572,7312,4595.16334050813,2298,0.00195893507457965,0.289163503593775,0.199041328575167,0.292016769805098,0.195674478968289,-0.0901221750186082,0.00760808931806965,-0.105041196247311,-0.0752031537899051,-0.118203483814336,-0.0620408662228808,Take,Take,관찰상 방향 뚜렷,TRUE,TRUE,,W per selected current decision; not PA sum,2024,23261,21604,0.928764885430549,2430,21604,798,617,0.310175830789734,0.329707461581189,0.689824169210266,0.670292538418811,0.270164784299204,Take,Swing_including_bunts,14481,12652.8633135703,2423,0.0013319643553154,7123,4471.67754198875,2278,0.00232669559729095,0.293817514367064,0.216184170883584,0.295445863095756,0.196982232120843,-0.07763334348348,0.00822670929110889,-0.0937654359186216,-0.0615012510483385,-0.107997928894477,-0.0472687580724829,Take,Take,관찰상 방향 뚜렷,TRUE,TRUE,,W per selected current decision; not PA sum,2025,0.0124888315351281,0.0112054347899643,4826.93089748385,-0.00947892552945924,0.0344565885997155,-0.0292725443295954,0.0542502073998517
region,0-1,OUTSIDE,ALL,25715,23812,0.92599650009722,2428,23812,804,600,0.257203966556485,0.275701327061986,0.742796033443516,0.724298672938014,0.264740341004536,Take,Swing_including_bunts,17247,14856.9588055548,2422,0.00123799988422276,6565,4268.56961004397,2238,0.00215007102903671,0.279232014528089,0.204438187846557,0.28030237578101,0.207463800952685,-0.0747938266815319,0.00674235122499226,-0.0880151857970363,-0.0615724675660275,-0.0996797131167213,-0.0499079402463426,Take,Take,관찰상 방향 뚜렷,TRUE,TRUE,,W per selected current decision; not PA sum,2024,24686,22894,0.927408247589727,2429,22894,826,615,0.260471522320344,0.277714685070324,0.739528477679657,0.722285314929676,0.271197606359745,Take,Swing_including_bunts,16536,14481.1251135521,2426,0.00114899511714492,6358,4079.69965489044,2236,0.00232631627511148,0.284729558139766,0.220584999539916,0.283807841313163,0.209503222639996,-0.0641445585998505,0.00716659867221253,-0.0781978394285687,-0.0500912777711324,-0.0905963176768367,-0.0376927995228644,Take,Take,관찰상 방향 뚜렷,TRUE,TRUE,,W per selected current decision; not PA sum,2025,0.0106492680816814,0.00983968681258266,4837.15356250617,-0.00864099052645673,0.0299395266898195,-0.0260220613154742,0.047320597478837
region,0-2,CENTER,ALL,12370,11679,0.944139046079224,2388,10384,757,586,0.891835084882781,0.887404743556811,0.108164915117219,0.112595256443189,0.212787909923795,Take,Swing_including_bunts,1315,1125.01764012029,1016,0.00344777757131373,10364,10335.0325001723,2367,0.00175412333088325,0.0358695531218381,0.234816762848737,0.11232655319813,0.238158363853727,0.198947209726899,0.0070351890946466,0.185151497211535,0.212742922242263,0.17297981003276,0.224914609421038,Swing_including_bunts,Swing_including_bunts,관찰상 방향 뚜렷,TRUE,TRUE,,W per selected current decision; not PA sum,2024,12113,11559,0.954264013869397,2395,10311,761,609,0.890613390572113,0.886754909594256,0.109386609427887,0.113245090405744,0.220491651526949,Take,Swing_including_bunts,1309,1134.43348499536,1018,0.00478389972944764,10250,10215.7992707877,2369,0.00153832721832544,0.0357509354303472,0.244010820578156,0.116506131411343,0.238005238853891,0.208259885147809,0.0071418148232578,0.194255104798214,0.222264665497403,0.181899039920148,0.234620730375469,Swing_including_bunts,Swing_including_bunts,관찰상 방향 뚜렷,TRUE,TRUE,,W per selected current decision; not PA sum,2025,0.00931267542090983,0.0100249391303458,4780.11884377512,-0.0103408206242386,0.0289661714660582,-0.0280494098579542,0.0466747606997739
region,0-2,HIGH,ALL,9240,8680,0.939393939393939,2338,8410,714,586,0.351731601731602,0.372926267281106,0.648268398268398,0.627073732718894,0.199762096774194,Take,Swing_including_bunts,5443,3933.8114748335,2135,0.00236837697578908,3237,2266.50733972018,1741,0.00313072971172958,0.218072796107674,0.146018903358581,0.208909311449134,0.149751813206016,-0.0720538927490924,0.00996170824577172,-0.0915885993410072,-0.0525191861571776,-0.108824492552926,-0.0352832929452585,Take,Take,관찰상 방향 뚜렷,TRUE,TRUE,,W per selected current decision; not PA sum,2024,8909,8331,0.93512178695701,2332,8082,718,596,0.339881019194073,0.360821029888369,0.660118980805927,0.639178970111631,0.188568599207778,Take,Swing_including_bunts,5325,4031.76063463727,2144,0.00325799862770598,3006,2108.72769796886,1631,0.00342646644915692,0.206189297584884,0.136147262016031,0.212315147223267,0.149467894746886,-0.070042035568853,0.0096309732742278,-0.0889282028204955,-0.0511558683172105,-0.105591971281214,-0.0344920998564918,Take,Take,관찰상 방향 뚜렷,TRUE,TRUE,,W per selected current decision; not PA sum,2025,0.00201185718023936,0.0138560917066381,4663.08487580971,-0.0251526343993222,0.0291763487598009,-0.0496296124733106,0.0536533268337893
region,0-2,INSIDE,ALL,6067,5610,0.9246744684358,2140,5428,695,563,0.362122960276908,0.38716577540107,0.637877039723092,0.61283422459893,0.209790017825312,Take,Swing_including_bunts,3438,2534.00411985183,1822,0.00442120071507918,2172,1336.89038951461,1401,0.00479911313051982,0.218280137397884,0.121240581741507,0.214185007331578,0.136539551912317,-0.097039555656377,0.010931237892797,-0.118476518336248,-0.0756025929765063,-0.137394712055993,-0.0566843992567614,Take,Take,관찰상 방향 뚜렷,TRUE,TRUE,,W per selected current decision; not PA sum,2024,5707,5295,0.927807955142807,2110,5138,693,565,0.351848606973892,0.376392823418319,0.648151393026108,0.623607176581681,0.204863833805477,Take,Swing_including_bunts,3302,2385.07188717932,1799,0.00372293260636764,1993,1260.59810422961,1301,0.00485619107758977,0.215817124594605,0.126452289343567,0.217115418164848,0.133237311516866,-0.0893648352510377,0.0119829669531856,-0.112864505342296,-0.0658651651597797,-0.13360376318587,-0.0451259073162049,Take,Take,관찰상 방향 뚜렷,TRUE,TRUE,,W per selected current decision; not PA sum,2025,0.00767472040533933,0.0162198476833187,4207.04224527416,-0.024124745539926,0.0394741863506046,-0.0527816635445613,0.06813110435524
region,0-2,LOW,ALL,16562,15366,0.927786499215071,2424,14895,760,597,0.329730708851588,0.351880775738644,0.670269291148412,0.648119224261356,0.185469543147208,Take,Swing_including_bunts,9959,7291.05054435891,2387,0.00165114342782305,5407,3356.29552148507,2134,0.00334122501538114,0.219416706300004,0.0853742255296326,0.219848561613604,0.10941563302286,-0.134042480770371,0.00639801297553308,-0.146588622914038,-0.121496338626705,-0.15765748009372,-0.110427481447023,Take,Take,관찰상 방향 뚜렷,TRUE,TRUE,,W per selected current decision; not PA sum,2024,16729,15581,0.931376651324048,2427,15107,764,615,0.324884930360452,0.345741608369168,0.675115069639548,0.654258391630832,0.186606251203389,Take,Swing_including_bunts,10194,7600.61270551836,2394,0.00191118190282259,5387,3419.77051967099,2105,0.00274746485744633,0.221336838988501,0.0823836741575844,0.222944684511257,0.109249857431357,-0.138953164830917,0.00582408496617738,-0.150373859500227,-0.127532470161606,-0.160449761799585,-0.117456567862248,Take,Take,관찰상 방향 뚜렷,TRUE,TRUE,,W per selected current decision; not PA sum,2025,-0.0049106840605454,0.00865185157803479,4806.23475617227,-0.0218722730091056,0.0120509048880148,-0.0371552538871502,0.0273338857660594
region,0-2,OUTSIDE,ALL,17160,15873,0.925,2425,15260,765,596,0.307167832167832,0.329175329175329,0.692832167832168,0.670824670824671,0.194471303471303,Take,Swing_including_bunts,10648,7835.03632664747,2389,0.00183626864970159,5225,3394.5053977924,2124,0.00229782083498422,0.20529485838824,0.125923779506562,0.210861071293177,0.12570650436473,-0.0793710788816781,0.00634681655728299,-0.0918168251742385,-0.0669253325891176,-0.102797098200014,-0.0559450595633422,Take,Take,관찰상 방향 뚜렷,TRUE,TRUE,,W per selected current decision; not PA sum,2024,16589,15291,0.921755380071131,2426,14668,777,607,0.303876062451022,0.326008763324832,0.696123937548978,0.673991236675168,0.19206997580276,Take,Swing_including_bunts,10306,7797.62660884715,2390,0.00184588310248038,4985,3263.47462345343,2070,0.00216674365258661,0.201822621345295,0.114951638420601,0.214638082358943,0.126377713379178,-0.0868709829246945,0.00613389359414862,-0.0988991969186855,-0.0748427689307035,-0.109511092231963,-0.0642308736174259,Take,Take,관찰상 방향 뚜렷,TRUE,TRUE,,W per selected current decision; not PA sum,2025,-0.00749990404301643,0.00882647897160238,4843.29638384685,-0.0248038092542352,0.00980400116820238,-0.0403950975886004,0.0253952895025675
region,1-0,CENTER,ALL,30922,30842,0.997412845223466,2429,30842,823,605,0.633173792122114,0.633032877245315,0.366826207877886,0.366967122754685,0.323275727903508,Take,Swing_including_bunts,11318,9878.3227635855,2395,0.00130077394091107,19524,18736.7452259653,2429,0.00102567951743893,0.29677899921856,0.337496558309279,0.29682436923944,0.338976300587079,0.0407175590907184,0.00655106780718031,0.0278712982865179,0.0535638198949189,0.016537710984471,0.0648974071969658,Swing_including_bunts,Swing_including_bunts,관찰상 방향 뚜렷,TRUE,TRUE,,W per selected current decision; not PA sum,2024,32224,32128,0.997020854021847,2430,32128,844,623,0.6190727408143,0.618992778884462,0.3809272591857,0.381007221115538,0.323557177539841,Take,Swing_including_bunts,12241,10716.6423474772,2417,0.0012990554294253,19887,19057.1157839013,2430,0.00102012483767803,0.293536457967975,0.338852932013898,0.300788241751165,0.339335557624556,0.0453164740459226,0.0062956767899809,0.0329710226237468,0.0576619254680983,0.0220792829838764,0.0685536651079687,Swing_including_bunts,Swing_including_bunts,관찰상 방향 뚜렷,TRUE,TRUE,,W per selected current decision; not PA sum,2025,0.00459891495520415,0.00908581507946197,4849.2606339751,-0.0132134012664481,0.0224112311768564,-0.0292627601507273,0.0384605900611356
region,1-0,HIGH,ALL,6877,6057,0.880761960157045,2216,6057,727,569,0.204740439144976,0.230642232128116,0.795259560855024,0.769357767871884,0.371991745088328,Take,Swing_including_bunts,4660,4425.52861311492,2044,0.00200365932170599,1397,995.73975477637,1050,0.00639377627898329,0.391642203330297,0.283949152743664,0.395752950652519,0.275329032728846,-0.107693050586633,0.0146041262164713,-0.136332261461883,-0.079053839711383,-0.161604354500621,-0.0537817466726443,Take,Take,관찰상 방향 뚜렷,TRUE,TRUE,,W per selected current decision; not PA sum,2024,7003,6106,0.871912037698129,2184,6106,748,573,0.192488933314294,0.218146085817229,0.807511066685706,0.781853914182771,0.38245512610547,Take,Swing_including_bunts,4774,4555.37714019846,2055,0.00187369948666684,1332,956.455242295473,1014,0.0070440638512273,0.400231003361332,0.285831670468375,0.399297070335486,0.275121404724656,-0.114399332892957,0.0141704013068063,-0.142188216505491,-0.0866104492804234,-0.166710799924524,-0.0620878658613912,Take,Take,관찰상 방향 뚜렷,TRUE,TRUE,,W per selected current decision; not PA sum,2025,-0.00670628230632459,0.020348974808146,4395.70205731986,-0.0466005249546119,0.0331879603419627,-0.0825503208043459,0.0691377561916968
region,1-0,INSIDE,ALL,9045,8269,0.91420674405749,2320,8269,758,567,0.321171918186844,0.34804692223969,0.678828081813157,0.65195307776031,0.371105091304874,Take,Swing_including_bunts,5391,5150.35953711951,2118,0.00201575749493776,2878,1989.31425796039,1690,0.00310863703647939,0.388524155413045,0.333512543674579,0.385789349873325,0.286922508484567,-0.0550116117384659,0.0177603226032038,-0.089839382025959,-0.0201838414509728,-0.120569206479211,0.0105459830022789,Take,Take,차이 불명확,TRUE,TRUE,,W per selected current decision; not PA sum,2024,9352,8495,0.908361847733105,2337,8495,782,597,0.314905902480753,0.3416127133608,0.685094097519247,0.6583872866392,0.369105120659211,Take,Swing_including_bunts,5593,5372.82416747727,2164,0.00211601392776836,2902,2018.57196010823,1645,0.00335303124358532,0.395568927009721,0.286505632912595,0.388278915766744,0.286898104774125,-0.109063294097127,0.0165440617046532,-0.141505868699216,-0.0766207194950377,-0.170130679710517,-0.0479959084837373,Take,Take,관찰상 방향 뚜렷,TRUE,TRUE,,W per selected current decision; not PA sum,2025,-0.0540516823586611,0.0242721040838499,4629.32443874744,-0.101636573492376,-0.00646679122494662,-0.144514017930928,0.0364106532136063
region,1-0,LOW,ALL,13287,12146,0.914126589899902,2400,12146,766,583,0.261232783924136,0.281656512432076,0.738767216075864,0.718343487567924,0.37741915033756,Take,Swing_including_bunts,8725,8339.97713181268,2334,0.00150324160641049,3421,2301.19461999388,1822,0.00269933713764235,0.40382952658728,0.310108462196525,0.401624278697211,0.272227124927152,-0.0937210643907545,0.012454218175308,-0.118143205038025,-0.0692989237434838,-0.139690146849034,-0.0477519819324749,Take,Take,관찰상 방향 뚜렷,TRUE,TRUE,,W per selected current decision; not PA sum,2024,12746,11564,0.907265024321356,2400,11564,783,593,0.261258434018516,0.283638879280526,0.738741565981484,0.716361120719474,0.389290297474922,Take,Swing_including_bunts,8284,7939.97154835582,2336,0.0016789539269137,3280,2196.78381556142,1770,0.00288445208748078,0.422114550924055,0.291146708775339,0.405613822544203,0.272764236090728,-0.130967842148716,0.0127348995035538,-0.155940385782268,-0.105995298515164,-0.177972932081814,-0.0839627522156183,Take,Take,관찰상 방향 뚜렷,TRUE,TRUE,,W per selected current decision; not PA sum,2025,-0.0372467777579615,0.0178125016694395,4795.61878868474,-0.0721674530848461,-0.00232610243107679,-0.103632271383579,0.0291387158676564
region,1-0,OUTSIDE,ALL,15671,14409,0.91946908301959,2423,14409,799,585,0.193542211728671,0.20834200846693,0.806457788271329,0.79165799153307,0.372023596363384,Take,Swing_including_bunts,11407,10902.8101549589,2403,0.00136617464387093,3002,2133.68906312393,1696,0.00286168930021441,0.383865574593809,0.296070041288303,0.38869121064744,0.286444832865801,-0.0877955333055061,0.00946966902933089,-0.106365023343342,-0.0692260432676699,-0.122748004902692,-0.0528430617083203,Take,Take,관찰상 방향 뚜렷,TRUE,TRUE,,W per selected current decision; not PA sum,2024,15171,13844,0.912530485795267,2421,13844,810,596,0.190429108166897,0.206009823750361,0.809570891833103,0.793990176249639,0.374296373880381,Take,Swing_including_bunts,10992,10518.5336752095,2395,0.00131331450543407,2852,1990.1652124996,1646,0.0036264777991642,0.391592645949844,0.281027630181815,0.391555470334602,0.287524207592859,-0.110565015768029,0.00978451612178625,-0.129751911230015,-0.0913781203060427,-0.146679630409468,-0.0744504011265897,Take,Take,관찰상 방향 뚜렷,TRUE,TRUE,,W per selected current decision; not PA sum,2025,-0.0227694824625228,0.0136165850073564,4836.69811480373,-0.049464178883778,0.00392521395873237,-0.0735168608836352,0.0279778959585896
region,1-1,CENTER,ALL,28866,28654,0.992655719531629,2429,28654,806,607,0.810087992794291,0.809625183220493,0.189912007205709,0.190374816779507,0.276675403085084,Take,Swing_including_bunts,5455,4544.90163449738,2170,0.00249285808315402,23199,22990.622285232,2427,0.00090213602475587,0.217108166279438,0.287786160659861,0.237545079843349,0.290551540421366,0.0706779943804224,0.00797734080397514,0.0550348956508484,0.0863210931099963,0.0412338038134327,0.100122184947412,Swing_including_bunts,Swing_including_bunts,관찰상 방향 뚜렷,TRUE,TRUE,,W per selected current decision; not PA sum,2024,30009,29826,0.993901829451165,2430,29826,831,620,0.801926088840015,0.801414872929659,0.198073911159985,0.198585127070341,0.28087383490914,Take,Swing_including_bunts,5923,4962.23368050751,2229,0.00247228676692197,23903,23674.4686480201,2430,0.00104514584561997,0.218856285279537,0.292890249996896,0.241708483446525,0.290852855078346,0.0740339647173592,0.00801686149409765,0.0583133714538676,0.0897545579808508,0.0444439224596668,0.103624006975052,Swing_including_bunts,Swing_including_bunts,관찰상 방향 뚜렷,TRUE,TRUE,,W per selected current decision; not PA sum,2025,0.00335597033693684,0.011309643430202,4856.89106331888,-0.0188160488332588,0.0255279895071325,-0.0387935788874623,0.045505519561336
region,1-1,HIGH,ALL,8091,7570,0.935607465084662,2303,7570,737,569,0.298356198244964,0.317305151915456,0.701643801755036,0.682694848084544,0.302535799207398,Take,Swing_including_bunts,5168,4180.61487144157,2108,0.0021111362337571,2402,1662.77295729422,1498,0.00370824406349754,0.32446593849772,0.227210652202726,0.332177763641195,0.217039801967113,-0.097255286294994,0.0123584769819904,-0.121490198402391,-0.0730203741875969,-0.14287390828848,-0.0516366643015084,Take,Take,관찰상 방향 뚜렷,TRUE,TRUE,,W per selected current decision; not PA sum,2024,7910,7330,0.926675094816688,2294,7330,749,579,0.288748419721871,0.309413369713506,0.711251580278129,0.690586630286494,0.315035743519782,Take,Swing_including_bunts,5062,4207.47687586385,2105,0.0020328131418164,2268,1512.38640324784,1423,0.00431109998508548,0.344306062409606,0.231483866011929,0.33654470580624,0.217546444261377,-0.112822196397677,0.0130223296567998,-0.138358973037374,-0.0872854197579802,-0.160891584900875,-0.0647528078944795,Take,Take,관찰상 방향 뚜렷,TRUE,TRUE,,W per selected current decision; not PA sum,2025,-0.0155669101026833,0.0179530783712642,4581.52404947105,-0.0507635954762531,0.0196297752708865,-0.0824787447217114,0.0513449245163448
region,1-1,INSIDE,ALL,10303,9803,0.95147044550131,2376,9803,751,586,0.389304086188489,0.405794144649597,0.610695913811511,0.594205855350403,0.308186575538101,Take,Swing_including_bunts,5825,4863.79233281938,2168,0.00191134039453682,3978,2682.78138466535,1926,0.00345260182884521,0.337950708949564,0.241284635260346,0.324306092705773,0.225615892572082,-0.0966660736892176,0.0123597753239276,-0.120903139942649,-0.0724290074357861,-0.142287264728484,-0.0510448826499508,Take,Take,관찰상 방향 뚜렷,TRUE,TRUE,,W per selected current decision; not PA sum,2024,10218,9677,0.947054218046584,2380,9677,762,589,0.384517518105304,0.403120801901416,0.615482481894696,0.596879198098584,0.304166477214013,Take,Swing_including_bunts,5776,4850.6872366175,2200,0.00197418622311937,3901,2622.13240186593,1917,0.00317739736943606,0.341939422702814,0.214633518382196,0.328149811772455,0.225994726369447,-0.127305904320618,0.0118461407778818,-0.150535732146175,-0.104076076495061,-0.17103110488763,-0.0835807037536063,Take,Take,관찰상 방향 뚜렷,TRUE,TRUE,,W per selected current decision; not PA sum,2025,-0.0306398306314006,0.0171200203676094,4745.11941195158,-0.0642030150823721,0.0029233538195709,-0.0944450391818157,0.0331653779190144
region,1-1,LOW,ALL,16615,15708,0.945410773397532,2423,15708,769,594,0.344929280770388,0.361599185128597,0.655070719229612,0.638400814871403,0.305201362363127,Take,Swing_including_bunts,10028,8405.60673145859,2388,0.00141467892133063,5680,3610.88736483823,2172,0.00217837552452764,0.338310721628137,0.232914170222898,0.336113140653644,0.208981131687338,-0.105396551405239,0.00901968661951102,-0.123083651166238,-0.0877094516442406,-0.138688141576712,-0.0721049612337661,Take,Take,관찰상 방향 뚜렷,TRUE,TRUE,,W per selected current decision; not PA sum,2024,16077,15219,0.946631834297444,2421,15219,799,602,0.349878708714312,0.365529929693147,0.650121291285688,0.634470070306853,0.307313292594783,Take,Swing_including_bunts,9656,8133.19593614257,2371,0.00189215678933271,5563,3573.09525171705,2154,0.00289387686219665,0.34590798773112,0.225507679381271,0.339869461705837,0.210124377718812,-0.12040030834985,0.00922035787821726,-0.138480920669303,-0.102319696030397,-0.154432616895649,-0.0863679998040506,Take,Take,관찰상 방향 뚜렷,TRUE,TRUE,,W per selected current decision; not PA sum,2025,-0.0150037569446104,0.0128984396775962,4839.56871259894,-0.0402905583117815,0.0102830444225607,-0.063074671968244,0.0330671580790232
region,1-1,OUTSIDE,ALL,17688,16764,0.947761194029851,2427,16764,797,591,0.296189507010403,0.311023622047244,0.703810492989597,0.688976377952756,0.300164399904557,Take,Swing_including_bunts,11550,9571.15043377051,2405,0.00154923474940713,5214,3465.85014944739,2132,0.00238541521467348,0.320159405685641,0.223861747513183,0.324380074807824,0.222839230381359,-0.0962976581724578,0.00823509555262059,-0.112446205528011,-0.080149110816905,-0.126693253552886,-0.0659020627920299,Take,Take,관찰상 방향 뚜렷,TRUE,TRUE,,W per selected current decision; not PA sum,2024,16915,16031,0.947738693467337,2425,16031,812,611,0.28856044930535,0.302102177032001,0.71143955069465,0.697897822968,0.304543758967001,Take,Swing_including_bunts,11188,9389.56900367798,2403,0.00129476552696901,4843,3251.26362688366,2072,0.00273075428532317,0.327505583990967,0.227882669546122,0.328410120942268,0.22362732375521,-0.099622914444845,0.00852608765198416,-0.1163420874077,-0.0829037414819899,-0.131092595700405,-0.0681532331892851,Take,Take,관찰상 방향 뚜렷,TRUE,TRUE,,W per selected current decision; not PA sum,2025,-0.00332525627238718,0.0118537322987365,4844.02393145997,-0.0265639512328179,0.0199134386880436,-0.0475026428026862,0.0408521302579118
region,1-2,CENTER,ALL,21096,19524,0.925483503981797,2429,17120,780,602,0.906095942358741,0.900788772792461,0.093904057641259,0.0992112272075394,0.241740319606638,Take,Swing_including_bunts,1937,1681.73890552932,1321,0.00307549566450047,17587,17548.84280712,2425,0.00110001308727502,0.0414184613590322,0.263601751700678,0.110306232720943,0.255782003432898,0.222183290341646,0.00574546860363158,0.210916762456879,0.233449818226413,0.200976891289761,0.243389689393531,Swing_including_bunts,Swing_including_bunts,관찰상 방향 뚜렷,TRUE,TRUE,,W per selected current decision; not PA sum,2024,21246,19916,0.937399981172927,2429,17455,791,613,0.905299821142803,0.901586663988753,0.0947001788571966,0.0984133360112472,0.229153946575618,Take,Swing_including_bunts,1960,1697.57664291817,1365,0.00359098644236144,17956,17911.5775167991,2428,0.00116512949333091,0.0404724222733394,0.249666139837911,0.114517077982795,0.255719329522928,0.209193717564572,0.00548357743985457,0.198440742934208,0.219946692194935,0.188953953074697,0.229433482054446,Swing_including_bunts,Swing_including_bunts,관찰상 방향 뚜렷,TRUE,TRUE,,W per selected current decision; not PA sum,2025,-0.0129895727770742,0.00794229381313725,4845.46876223319,-0.0285600719922882,0.00258092643813984,-0.0425895075947556,0.0166103620406072
region,1-2,HIGH,ALL,11255,10805,0.960017769880053,2373,10445,757,591,0.391381608174145,0.406200832947709,0.608618391825855,0.593799167052291,0.23243035631652,Take,Swing_including_bunts,6416,4543.96912953701,2228,0.0024375118747896,4389,3091.43007842272,1953,0.00302582447652449,0.256514335341283,0.173232031771525,0.2438063683716,0.163278104837534,-0.0832823035697582,0.0104944872751276,-0.10386162161912,-0.0627029855203964,-0.122018601512342,-0.0445460056271744,Take,Take,관찰상 방향 뚜렷,TRUE,TRUE,,W per selected current decision; not PA sum,2024,10948,10505,0.959535988308367,2371,10187,741,603,0.384453781512605,0.398667301285102,0.615546218487395,0.601332698714898,0.224551261304141,Take,Swing_including_bunts,6317,4413.08309629839,2214,0.00227609022878813,4188,3116.55467246052,1921,0.00262946277151592,0.249687544747059,0.152584014492211,0.247136657401819,0.163964522346799,-0.097103530254848,0.00875350582605086,-0.114268852707227,-0.0799382078024694,-0.129413717608279,-0.0647933429014165,Take,Take,관찰상 방향 뚜렷,TRUE,TRUE,,W per selected current decision; not PA sum,2025,-0.0138212266850898,0.013665947732028,4594.76222897575,-0.0406130495972736,0.012970596227094,-0.0647546363666036,0.037112182996424
region,1-2,INSIDE,ALL,9407,9020,0.958860423089189,2348,8703,732,588,0.401934729456788,0.415853658536585,0.598065270543213,0.584146341463415,0.238763082039911,Take,Swing_including_bunts,5269,3671.55144962244,2116,0.00228785654293297,3751,2381.64542698617,1851,0.00312999135952889,0.266290836515332,0.141450677906905,0.244339989150829,0.152581961267406,-0.124840158608427,0.0102351536691835,-0.144911041783042,-0.104769275433812,-0.162619847159921,-0.0870604700569327,Take,Take,관찰상 방향 뚜렷,TRUE,TRUE,,W per selected current decision; not PA sum,2024,9124,8734,0.957255589653661,2340,8387,738,598,0.398619026742657,0.414014197389512,0.601380973257343,0.585985802610488,0.225886764369132,Take,Swing_including_bunts,5118,3645.5557385958,2080,0.00270760324554225,3616,2312.89812315192,1812,0.00293751511534999,0.254323226192934,0.131007876600192,0.248485612960616,0.153321263686969,-0.123315349592742,0.0089359206335656,-0.140838499845262,-0.105792199340223,-0.156299524050442,-0.0903311751350425,Take,Take,관찰상 방향 뚜렷,TRUE,TRUE,,W per selected current decision; not PA sum,2025,0.00152480901568451,0.0135870912340053,4604.29202596679,-0.0251124027494398,0.0281620207808088,-0.0491146152150917,0.0521642332464607
region,1-2,LOW,ALL,21713,20764,0.956293464744623,2429,19965,768,599,0.391424492239672,0.405605856289732,0.608575507760328,0.594394143710268,0.212031063378925,Take,Swing_including_bunts,12342,8540.56673154386,2412,0.00142021660572211,8422,5410.17988118956,2334,0.00267003572347769,0.257289211027207,0.104203798057769,0.252236880467616,0.124591037510334,-0.153085412969438,0.00566358073447056,-0.164191363532323,-0.141979462406553,-0.173989565685865,-0.132181260253011,Take,Take,관찰상 방향 뚜렷,TRUE,TRUE,,W per selected current decision; not PA sum,2024,21981,21069,0.958509621946226,2430,20281,794,608,0.384468404531186,0.397788219659215,0.615531595468814,0.602211780340785,0.212749489771702,Take,Swing_including_bunts,12688,8990.67907140179,2414,0.0014919675214218,8381,5333.5727420554,2329,0.00239510079494847,0.25759695701862,0.101601802499406,0.254973714537521,0.125370701806604,-0.155995154519214,0.00562661643992917,-0.167028617997026,-0.144961691041403,-0.176762859979501,-0.135227449058928,Take,Take,관찰상 방향 뚜렷,TRUE,TRUE,,W per selected current decision; not PA sum,2025,-0.00290974154977633,0.0079834177704757,4856.77846040752,-0.0185608532727977,0.012741370173245,-0.0326628870266106,0.026843403927058
region,1-2,OUTSIDE,ALL,22068,21076,0.955048033351459,2429,20092,792,600,0.374433568968642,0.389969633706586,0.625566431031358,0.610030366293414,0.216330945150883,Take,Swing_including_bunts,12857,9052.21143397135,2421,0.00156078278631609,8219,5575.61392585288,2326,0.00211452856611405,0.231246673598828,0.14153359074754,0.242354994597922,0.143793467154191,-0.0897130828512876,0.00587751194091643,-0.101238539997382,-0.0781876257051932,-0.111406850975355,-0.0680193147272198,Take,Take,관찰상 방향 뚜렷,TRUE,TRUE,,W per selected current decision; not PA sum,2024,21366,20430,0.956192080876158,2429,19515,802,612,0.362913039408406,0.376945668135095,0.637086960591594,0.623054331864905,0.218438081253059,Take,Swing_including_bunts,12729,8968.84722845451,2414,0.00197729560814726,7701,5251.81973719023,2316,0.00242493275756418,0.230731971175007,0.13436391092651,0.245518829611321,0.14333587532444,-0.0963680602484963,0.00556115600767636,-0.107273161912862,-0.0854629585841302,-0.116894165536763,-0.0758419549602293,Take,Take,관찰상 방향 뚜렷,TRUE,TRUE,,W per selected current decision; not PA sum,2025,-0.00665497739720877,0.0080914524504152,4841.21058814161,-0.0225178986993948,0.00920794390497723,-0.0368108281438055,0.023500873349388
region,2-0,CENTER,ALL,10968,10934,0.99690007293946,2405,10934,773,587,0.611050328227571,0.611029815255168,0.388949671772429,0.388970184744833,0.372478050118895,Take,Swing_including_bunts,4253,3648.69982776159,1966,0.00220273922246383,6681,6287.83079578299,2296,0.00161172377970192,0.343617714618781,0.389576213720301,0.363441950800004,0.382081641336689,0.0459584991015195,0.0111793294387652,0.0240363787872937,0.0678806194157452,0.0046952191950931,0.0872217790079458,Swing_including_bunts,Swing_including_bunts,관찰상 방향 뚜렷,TRUE,TRUE,,W per selected current decision; not PA sum,2024,11720,11690,0.997440273037543,2421,11690,803,601,0.586092150170648,0.586056458511548,0.413907849829352,0.413943541488452,0.377007100085543,Take,Swing_including_bunts,4839,4168.65358961246,2086,0.00208821228481695,6851,6439.83572396225,2297,0.00231590234826066,0.362733186617996,0.387199157403896,0.367224784189564,0.382342948385261,0.0244659707859,0.0109735283587178,0.00294748802730424,0.0459844535444957,-0.016037283846139,0.0649692254179389,Swing_including_bunts,Swing_including_bunts,차이 불명확,TRUE,TRUE,,W per selected current decision; not PA sum,2025,-0.0214925283156195,0.0156651119159751,4821.6884498848,-0.0522032926236244,0.00921823599238538,-0.079874660470262,0.0368896038390229
region,2-0,HIGH,ALL,2432,2115,0.869654605263158,1348,2115,587,486,0.180098684210526,0.204255319148936,0.819901315789474,0.795744680851064,0.474565957446809,Take,Swing_including_bunts,1683,1619.75507078984,1176,0.00406096747399896,432,312.497531111265,391,0.0131939392046792,0.495353488372076,0.348078671985227,0.489687501602661,0.31954244439215,-0.14727481638685,0.025218758732594,-0.196747128552042,-0.0978025042216573,-0.240469120154728,-0.0540805126189715,Take,Take,관찰상 방향 뚜렷,TRUE,TRUE,,W per selected current decision; not PA sum,2024,2421,2079,0.858736059479554,1363,2079,606,491,0.172655927302767,0.199134199134199,0.827344072697233,0.800865800865801,0.479590187590188,Take,Swing_including_bunts,1665,1605.79305191906,1166,0.00382024503219374,414,297.113237972464,375,0.0130268923212733,0.512985693502222,0.326728931320493,0.493654437734403,0.321432276680917,-0.186256762181729,0.0230076209420093,-0.231390979282367,-0.141122545081092,-0.271277408566705,-0.101236115796754,Take,Take,관찰상 방향 뚜렷,TRUE,TRUE,,W per selected current decision; not PA sum,2025,-0.0389819457948799,0.0341370240856459,2683.7256526451,-0.105919472244302,0.0279555806545426,-0.166285066709972,0.0883211751202119
region,2-0,INSIDE,ALL,2873,2614,0.90985033066481,1574,2614,633,501,0.316045945005221,0.342004590665647,0.683954054994779,0.657995409334354,0.463360367253252,Take,Swing_including_bunts,1720,1663.60911531038,1200,0.00304173508461803,894,648.628146627012,743,0.0058771707737227,0.502176166439983,0.358379007284283,0.478402649010403,0.332035824209394,-0.1437971591557,0.0308920422970117,-0.204391073602758,-0.0832032447086412,-0.257912247497535,-0.0296820708138642,Take,Take,관찰상 방향 뚜렷,TRUE,TRUE,,W per selected current decision; not PA sum,2024,2869,2572,0.896479609620077,1578,2572,647,502,0.302544440571628,0.333203732503888,0.697455559428372,0.666796267496112,0.448738724727838,Take,Swing_including_bunts,1715,1662.48363268342,1227,0.00315110463197894,857,625.25608116679,721,0.00538441841774212,0.499063859211748,0.332021439910679,0.479599390602387,0.33324804041103,-0.167042419301069,0.0297391741356013,-0.225374899761709,-0.108709938840428,-0.276898170002784,-0.0571866685993529,Take,Take,관찰상 방향 뚜렷,TRUE,TRUE,,W per selected current decision; not PA sum,2025,-0.023245260145369,0.0428804938818104,3145.14606244045,-0.107321839255234,0.0608313189644962,-0.18312183440718,0.136631314116442
region,2-0,LOW,ALL,3659,3345,0.914184203334244,1776,3345,642,524,0.25034162339437,0.269357249626308,0.74965837660563,0.730642750373692,0.468555455904335,Take,Swing_including_bunts,2444,2359.86594718995,1517,0.00257125669038895,901,639.914616221228,744,0.00624266757740894,0.499795158283121,0.368844949876562,0.492474150341617,0.323557357683206,-0.130950208406559,0.0240334245464454,-0.178086996935784,-0.0838134198773328,-0.219706135415891,-0.0421942813972265,Take,Take,관찰상 방향 뚜렷,TRUE,TRUE,,W per selected current decision; not PA sum,2024,3552,3225,0.907939189189189,1750,3225,669,509,0.23704954954955,0.256744186046512,0.762950450450451,0.743255813953488,0.479874108527132,Take,Swing_including_bunts,2397,2316.13329813315,1486,0.00249411326946746,828,597.838948540816,710,0.00601413761470952,0.521564146048442,0.35055258782808,0.494950736616896,0.325351895792453,-0.171011558220363,0.0233471079689717,-0.21680273758713,-0.125220378853596,-0.257235540975638,-0.0847875754650877,Take,Take,관찰상 방향 뚜렷,TRUE,TRUE,,W per selected current decision; not PA sum,2025,-0.0400613498138042,0.0335066104812842,3522.35859591682,-0.10575567357308,0.025632973945472,-0.164972307236508,0.0848496076088997
region,2-0,OUTSIDE,ALL,4861,4459,0.917300966879243,1986,4459,703,544,0.198724542275252,0.21529490917246,0.801275457724748,0.78470509082754,0.466967481498094,Take,Swing_including_bunts,3499,3384.72785610273,1815,0.00304160616383163,960,696.217033688542,777,0.00576289448946438,0.4900129191759,0.352748518304123,0.481977342640714,0.337393824121468,-0.137264400871777,0.0182965653495136,-0.173146889314282,-0.101381912429271,-0.204819286964096,-0.0697095147794574,Take,Take,관찰상 방향 뚜렷,TRUE,TRUE,,W per selected current decision; not PA sum,2024,4826,4396,0.910899295482801,2027,4396,733,537,0.156858682138417,0.170382165605096,0.843141317861583,0.829617834394905,0.473444267515924,Take,Swing_including_bunts,3647,3530.48392013255,1867,0.00243674849617627,749,551.905305744301,645,0.00906102429655931,0.490018422349764,0.352546776842815,0.485084125136708,0.336276654338058,-0.137471645506949,0.0164922801393623,-0.169815242986065,-0.105128048027833,-0.198362453011264,-0.0765808380026339,Take,Take,관찰상 방향 뚜렷,TRUE,TRUE,,W per selected current decision; not PA sum,2025,-0.000207244635172466,0.0246324908968668,3959.82893986863,-0.0485008010153207,0.0480863117449758,-0.0920252173224788,0.0916107280521339
region,2-1,CENTER,ALL,17010,16860,0.991181657848325,2428,16860,783,589,0.814814814814815,0.81435349940688,0.185185185185185,0.18564650059312,0.315877580071174,Take,Swing_including_bunts,3130,2586.0655777874,1762,0.00222933857880304,13730,13603.0096540025,2424,0.00116745023465847,0.260145240678737,0.325322603032659,0.296989313108491,0.320453223830855,0.0651773623539211,0.0104094983956987,0.0447649406468395,0.0855897840610027,0.0267561074714388,0.103598617236403,Swing_including_bunts,Swing_including_bunts,관찰상 방향 뚜렷,TRUE,TRUE,,W per selected current decision; not PA sum,2024,17701,17592,0.993842155810406,2428,17592,811,608,0.805208745268629,0.80462710322874,0.194791254731371,0.19537289677126,0.312416439290587,Take,Swing_including_bunts,3437,2849.5907160353,1838,0.00254758554772469,14155,14008.4641390221,2420,0.00121487597042783,0.264417634034353,0.318927708672211,0.300842325177279,0.320769819195826,0.0545100746378578,0.0103522550491333,0.0342099038083498,0.0748102454673656,0.0163001038273944,0.0927200454483211,Swing_including_bunts,Swing_including_bunts,관찰상 방향 뚜렷,TRUE,TRUE,,W per selected current decision; not PA sum,2025,-0.0106672877160634,0.0146808324509327,4853.85240830256,-0.0394483674503159,0.0181137920181891,-0.0653808399614722,0.0440462645293454
region,2-1,HIGH,ALL,3793,3551,0.936198259952544,1827,3551,658,545,0.286053255997891,0.304984511405238,0.713946744002109,0.695015488594762,0.389486060264714,Take,Swing_including_bunts,2468,1992.45099024134,1516,0.00347220786179965,1083,708.395316903079,872,0.00731053823844837,0.431126440422787,0.274033757360873,0.434522873097732,0.257302614978965,-0.157092683061914,0.0193011980107002,-0.19494742776613,-0.119237938357697,-0.228368305615913,-0.0858170605079145,Take,Take,관찰상 방향 뚜렷,TRUE,TRUE,,W per selected current decision; not PA sum,2024,3718,3478,0.935449166218397,1778,3478,678,541,0.294513179128564,0.313110983323749,0.705486820871436,0.686889016676251,0.404157561817136,Take,Swing_including_bunts,2389,1960.91212865696,1479,0.00293586556325872,1089,701.904138019771,857,0.00882093481848678,0.468682319079594,0.26090904713249,0.437463362785666,0.257436655809811,-0.207773271947104,0.0181600629562963,-0.243390600979988,-0.172155942914219,-0.274838599536423,-0.140707944357784,Take,Take,관찰상 방향 뚜렷,TRUE,TRUE,,W per selected current decision; not PA sum,2025,-0.0506805888851899,0.026501398665446,3594.96667693586,-0.102639869523092,0.00127869175271236,-0.149474361830211,0.0481131840598311
region,2-1,INSIDE,ALL,4831,4630,0.958393707306976,2049,4630,695,538,0.410060028979507,0.426781857451404,0.589939971020493,0.573218142548596,0.382478617710583,Take,Swing_including_bunts,2654,2185.62982375798,1603,0.00305653766286672,1976,1336.51749313221,1353,0.00530745536307297,0.43295381998911,0.302445927764856,0.424190603981325,0.267678890330258,-0.130507892224254,0.0197163345244073,-0.169174049204363,-0.091841735244145,-0.203300755391353,-0.0577150290571552,Take,Take,관찰상 방향 뚜렷,TRUE,TRUE,,W per selected current decision; not PA sum,2024,4918,4709,0.957503050020333,2055,4709,734,547,0.417852785685238,0.433850074325759,0.582147214314762,0.566149925674241,0.392839881078785,Take,Swing_including_bunts,2666,2235.04993374868,1621,0.00292726424883269,2043,1357.06883200895,1363,0.0045612855319043,0.44954243491779,0.278359554960326,0.425733822190027,0.267559093644614,-0.171182879957464,0.0178058129977178,-0.206102208923766,-0.136263550991162,-0.236921740207212,-0.105444019707716,Take,Take,관찰상 방향 뚜렷,TRUE,TRUE,,W per selected current decision; not PA sum,2025,-0.0406749877332101,0.0265665357844796,4058.91073278326,-0.0927599726964777,0.0114099972300575,-0.139699870444439,0.058349894978019
region,2-1,LOW,ALL,7110,6827,0.960196905766526,2270,6827,708,555,0.365541490857947,0.378643620916947,0.634458509142053,0.621356379083053,0.379894243445144,Take,Swing_including_bunts,4242,3542.14210455684,1984,0.0022802378008486,2585,1657.61921060317,1573,0.00457454946365853,0.443043886375551,0.260278878965009,0.434089795371311,0.249693610942681,-0.182765007410542,0.0145199149435339,-0.211238706496044,-0.15429130832504,-0.236363342217001,-0.129166672604083,Take,Take,관찰상 방향 뚜렷,TRUE,TRUE,,W per selected current decision; not PA sum,2024,6681,6406,0.958838497230954,2214,6406,717,573,0.367609639275558,0.38198563846394,0.632390360724442,0.61801436153606,0.383717296284733,Take,Swing_including_bunts,3959,3327.40236843581,1891,0.00232583996893042,2447,1658.93307627786,1513,0.00375817482807577,0.443546448638981,0.27621427514372,0.437888263588826,0.25057197296441,-0.167332173495261,0.0139356681222174,-0.194660527778495,-0.140003819212026,-0.218775933102392,-0.115888413888129,Take,Take,관찰상 방향 뚜렷,TRUE,TRUE,,W per selected current decision; not PA sum,2025,0.0154328339152814,0.0201253764183442,4478.34859292929,-0.0240228426891307,0.0548885105196935,-0.0595766445719361,0.0904423124024988
region,2-1,OUTSIDE,ALL,7838,7500,0.95687675427405,2304,7500,748,559,0.295100791018117,0.306133333333333,0.704899208981883,0.693866666666667,0.3759096,Take,Swing_including_bunts,5204,4301.98779344085,2131,0.00196158668711023,2296,1554.33565540383,1483,0.00462891158763218,0.412491038685435,0.256441409659353,0.425489287269612,0.264986213692325,-0.156049629026082,0.0117456017038584,-0.1790826904895,-0.133016567562664,-0.19940592576678,-0.112693332285385,Take,Take,관찰상 방향 뚜렷,TRUE,TRUE,,W per selected current decision; not PA sum,2024,7657,7346,0.959383570589003,2311,7346,758,586,0.298027948282617,0.309420092567384,0.701972051717383,0.690579907432617,0.394738224884291,Take,Swing_including_bunts,5073,4258.03011052916,2114,0.00194307000791688,2273,1631.168726749,1484,0.00498903160924862,0.438805253740293,0.262887746893592,0.427437550529,0.266808145614636,-0.175917506846701,0.0115618442725494,-0.198590184853439,-0.153244828839963,-0.218595298601641,-0.133239715091761,Take,Take,관찰상 방향 뚜렷,TRUE,TRUE,,W per selected current decision; not PA sum,2025,-0.0198678778206188,0.0164813653065626,4611.62224030383,-0.0521792406281502,0.0124434849869125,-0.0812942540494648,0.0415584984082271
region,2-2,CENTER,ALL,22421,20442,0.911734534588109,2424,17416,785,598,0.91748806922082,0.912141669112611,0.0825119307791803,0.0878583308873887,0.254312640641816,Take,Swing_including_bunts,1796,1559.45899077287,1267,0.00391025772854811,18646,18606.5543147932,2421,0.00107298136526295,0.0533589982472812,0.2738621589481,0.143423945651434,0.271971256814066,0.220503160700818,0.00569643910514796,0.209332765298491,0.231673556103146,0.199477663233403,0.241528658168234,Swing_including_bunts,Swing_including_bunts,관찰상 방향 뚜렷,TRUE,TRUE,,W per selected current decision; not PA sum,2024,22993,21379,0.929804723176619,2429,18091,791,612,0.909233244900622,0.904859909256747,0.090766755099378,0.0951400907432527,0.253384162028158,Take,Swing_including_bunts,2034,1768.44443905383,1377,0.00321649357784437,19345,19299.2633552506,2428,0.00103637516625901,0.0535710114978636,0.274357249771962,0.147181325806219,0.272183122905412,0.220786238274098,0.00603758962077733,0.208946878160587,0.23262559838761,0.198501626932075,0.243070849616121,Swing_including_bunts,Swing_including_bunts,관찰상 방향 뚜렷,TRUE,TRUE,,W per selected current decision; not PA sum,2025,0.000283077573279611,0.00830071725259793,4835.25307977033,-0.0159901027867572,0.0165562579333164,-0.030652706704721,0.0312188618512802
region,2-2,HIGH,ALL,7551,7297,0.966362071248841,2239,7015,727,570,0.437293073765064,0.450322050157599,0.562706926234936,0.549677949842401,0.293331917226257,Take,Swing_including_bunts,4011,2652.45951660651,1930,0.00360568664917252,3286,2336.65731934621,1713,0.00400353541920051,0.358900846667394,0.17694861222615,0.326320295696955,0.175603647226671,-0.181952234441243,0.0119873464009503,-0.205459714955433,-0.158444753927053,-0.226202915386085,-0.137701553496401,Take,Take,관찰상 방향 뚜렷,TRUE,TRUE,,W per selected current decision; not PA sum,2024,7543,7287,0.966061248839984,2257,7007,727,586,0.426090414954262,0.438452037875669,0.573909585045738,0.561547962124331,0.283865788390284,Take,Swing_including_bunts,4092,2781.11336031042,1946,0.00339841455670832,3195,2320.10436921365,1694,0.00569913677446728,0.351302473365103,0.158536124708242,0.330052855293328,0.175699150984631,-0.19276634865686,0.0108601175851793,-0.214063213850341,-0.17146948346338,-0.232855399918562,-0.152677297395159,Take,Take,관찰상 방향 뚜렷,TRUE,TRUE,,W per selected current decision; not PA sum,2025,-0.0108141142156172,0.0161752473767883,4447.3291488654,-0.0425256469403823,0.0208974185091479,-0.0711013790876524,0.049473150656418
region,2-2,INSIDE,ALL,8221,7983,0.971049750638608,2320,7651,727,576,0.450675100352755,0.46210697732682,0.549324899647245,0.537893022673181,0.287209820869347,Take,Swing_including_bunts,4294,2910.98497628337,1996,0.00305424023132745,3689,2457.73462503732,1834,0.00321644753062281,0.325119886861896,0.170462834213464,0.325009225067186,0.171528626596595,-0.154657052648432,0.0105412066690607,-0.17532822696352,-0.133985878333343,-0.193567165394022,-0.115746939902841,Take,Take,관찰상 방향 뚜렷,TRUE,TRUE,,W per selected current decision; not PA sum,2024,8214,8002,0.974190406622839,2305,7642,735,580,0.455441928414901,0.464633841539615,0.544558071585099,0.535366158460385,0.285064358910272,Take,Swing_including_bunts,4284,2881.89927432108,1985,0.00313244032292534,3718,2554.45765515256,1835,0.00317718745490136,0.334742748054706,0.166391686317953,0.328103560881361,0.171819214166988,-0.168351061736753,0.0100618926770416,-0.18808237439486,-0.148619749078646,-0.205492292605601,-0.131209830867905,Take,Take,관찰상 방향 뚜렷,TRUE,TRUE,,W per selected current decision; not PA sum,2025,-0.0136940090883212,0.0145725331457559,4614.36504831893,-0.0422631429715235,0.014875124794881,-0.0680061038590255,0.040618085682383
region,2-2,LOW,ALL,15512,15079,0.97208612686952,2417,14476,758,591,0.433406395048994,0.443331785927449,0.566593604951006,0.556668214072551,0.269305723191193,Take,Swing_including_bunts,8394,5773.80961586331,2349,0.00212195302677234,6685,4298.09057454801,2223,0.0025845749180391,0.34693992066264,0.121972130242549,0.337919245351786,0.146009317096699,-0.224967790420091,0.00724978373994399,-0.239184227518166,-0.210751353322016,-0.251726783562163,-0.198208797278018,Take,Take,관찰상 방향 뚜렷,TRUE,TRUE,,W per selected current decision; not PA sum,2024,15388,14995,0.974460618663894,2424,14384,778,602,0.435339225370419,0.444281427142381,0.564660774629582,0.555718572857619,0.2636126042014,Take,Swing_including_bunts,8333,5732.9895854596,2344,0.00191463672040792,6662,4420.52988440451,2252,0.00219180863068174,0.339695370846336,0.118228186049791,0.341390921272031,0.147141187097354,-0.221467184796544,0.0067681339923549,-0.234739113353143,-0.208195256239946,-0.246448296941987,-0.196486072651101,Take,Take,관찰상 방향 뚜렷,TRUE,TRUE,,W per selected current decision; not PA sum,2025,0.0035006056235464,0.00991801401563973,4815.34760928632,-0.0159432319422476,0.0229444431893404,-0.0334627685439482,0.040463979791041
region,2-2,OUTSIDE,ALL,15579,15124,0.970794017587778,2423,14392,782,582,0.42069452468066,0.430838402539011,0.57930547531934,0.569161597460989,0.273687847130389,Take,Swing_including_bunts,8608,5908.77139441754,2347,0.00189308219845365,6516,4444.18637504464,2227,0.00292962315505489,0.315360154204208,0.152630684538696,0.324391558174974,0.164926049163478,-0.162729469665511,0.00716342923281114,-0.176776552764553,-0.14868238656647,-0.18916962887517,-0.136289310455853,Take,Take,관찰상 방향 뚜렷,TRUE,TRUE,,W per selected current decision; not PA sum,2024,14938,14517,0.971816842950864,2416,13860,791,600,0.414379434997992,0.424881173796239,0.585620565002008,0.575118826203761,0.277214644899084,Take,Swing_including_bunts,8349,5896.37746362085,2334,0.00196645973682905,6168,4282.22570646315,2179,0.00237907689903887,0.323850623845568,0.153786419319768,0.32869817914346,0.165828541564717,-0.1700642045258,0.00758566906103609,-0.184939297811793,-0.155189111239808,-0.19806296981929,-0.142065439232311,Take,Take,관찰상 방향 뚜렷,TRUE,TRUE,,W per selected current decision; not PA sum,2025,-0.00733473486028907,0.0104334602830055,4820.4148340821,-0.0277890771365311,0.013119607415953,-0.0462190903940842,0.031549620673506
region,3-0,CENTER,ALL,3691,3666,0.993226767813601,1857,3666,678,532,0.14196694662693,0.142389525368249,0.85803305337307,0.857610474631751,0.474104746317512,Take,Swing_including_bunts,3144,3134.34394713307,1721,0.00197107562827409,522,474.120511608765,464,0.00760400171833499,0.468363954858485,0.519189065106105,0.465180320141953,0.42295985389991,0.0508251102476205,0.0324347544651238,-0.0127873238556631,0.114437544350904,-0.0689463461901693,0.17059656668541,Swing_including_bunts,Swing_including_bunts,차이 불명확,TRUE,TRUE,,W per selected current decision; not PA sum,2024,3792,3755,0.990242616033755,1875,3755,698,528,0.123417721518987,0.124367509986684,0.876582278481013,0.875632490013316,0.46401517976032,Take,Swing_including_bunts,3288,3278.82155632826,1771,0.00209170507094409,467,420.119101176908,422,0.0090069170216929,0.45636158308027,0.518771554319806,0.469687455404673,0.42280041527752,0.0624099712395364,0.0319079058542568,-0.00016879249977677,0.12498873497885,-0.0554137708002257,0.180233713279299,Swing_including_bunts,Swing_including_bunts,차이 불명확,TRUE,TRUE,,W per selected current decision; not PA sum,2025,0.0115848609919159,0.0454986566089262,3728.32414829265,-0.0776198265929501,0.100789548576782,-0.15802194489423,0.181191666878061
region,3-0,HIGH,ALL,852,543,0.637323943661972,474,543,324,310,0.0375586854460094,0.0589318600368324,0.962441314553991,0.941068139963168,0.610650092081031,Take,Swing_including_bunts,511,510.021009742938,446,0.00764749065544095,32,29.0407052672807,32,0.0549247149855311,0.621577718211827,0.379329274437907,0.591443880686721,0.343177705634493,-0.24224844377392,0.0623007795448119,-0.364668976986753,-0.119827910561087,-0.47363599312084,-0.0108608944269993,Take,,비교 자료 부족,TRUE,FALSE,,W per selected current decision; not PA sum,2024,931,562,0.603651987110634,494,562,350,305,0.0182599355531686,0.0302491103202847,0.981740064446831,0.969750889679715,0.632781138790036,Take,Swing_including_bunts,545,543.553266464622,481,0.00755380204678225,17,15.7095205427086,17,0.0944884358697867,0.642699535649365,0.365282497277188,0.597981898904525,0.345459371730502,-0.277417038372177,0.0286886019756007,-0.333784045728599,-0.221050031015754,-0.383934126525169,-0.170899950219184,Take,,비교 자료 부족,TRUE,FALSE,,W per selected current decision; not PA sum,2025,-0.0351685945982567,0.0685887965720765,666.127626185867,-0.169844866848664,0.0995076776521502,-0.292026824504231,0.221689635307717
region,3-0,INSIDE,ALL,770,563,0.731168831168831,491,563,354,306,0.0623376623376623,0.0834813499111901,0.937662337662338,0.91651865008881,0.601186500888099,Take,Swing_including_bunts,516,514.808420967388,451,0.00609740887900136,47,41.8950279234814,46,0.041571757618614,0.599776314743599,0.571611791026116,0.578622124209672,0.359799419035521,-0.0281645237174828,0.073735615999091,-0.173041525246187,0.116712477811221,-0.301947847147754,0.245618799712789,Take,,비교 자료 부족,TRUE,FALSE,,W per selected current decision; not PA sum,2024,868,594,0.684331797235023,532,594,350,312,0.0506912442396313,0.0707070707070707,0.949308755760369,0.929292929292929,0.620624579124579,Take,Swing_including_bunts,552,550.526586615404,499,0.00593860163666135,42,37.654796887629,42,0.0407407297680811,0.637317789607848,0.379028381964196,0.579916193896277,0.36016351343696,-0.258289407643651,0.0556250501969725,-0.367561568360394,-0.149017246926909,-0.464708181285931,-0.0518706340013722,Take,,비교 자료 부족,TRUE,FALSE,,W per selected current decision; not PA sum,2025,-0.230124883926169,0.092363885129314,928.820590982463,-0.411390978402496,-0.0488587894498412,-0.575470940079024,0.115221172226687
region,3-0,LOW,ALL,737,545,0.739484396200814,484,545,323,289,0.0529172320217096,0.0715596330275229,0.94708276797829,0.928440366972477,0.632510091743119,Take,Swing_including_bunts,506,504.800709165855,452,0.00818961162110931,39,33.8004685504945,39,0.0471015847398847,0.645410231666029,0.427851965020631,0.587601642273128,0.348453878298774,-0.217558266645398,0.0648771673565631,-0.345034610942201,-0.090081922348594,-0.458475942202821,0.0233594089120261,Take,,비교 자료 부족,TRUE,FALSE,,W per selected current decision; not PA sum,2024,715,515,0.72027972027972,460,515,319,287,0.0433566433566434,0.058252427184466,0.956643356643357,0.941747572815534,0.640743689320388,Take,Swing_including_bunts,485,483.88578032113,434,0.00658507040044183,30,26.4947785358498,30,0.0575677506398875,0.650591255370101,0.478525119741379,0.589447599711959,0.348644320777094,-0.172066135628722,0.0672107116070941,-0.304144980229754,-0.0399872910276901,-0.421748419472386,0.077616148214942,Take,,비교 자료 부족,TRUE,FALSE,,W per selected current decision; not PA sum,2025,0.0454921310166755,0.0934148093127822,938.528357523673,-0.137833950426591,0.228818212459942,-0.3037687989092,0.394753060942551
region,3-0,OUTSIDE,ALL,1372,990,0.721574344023324,800,990,446,406,0.0313411078717201,0.0434343434343434,0.96865889212828,0.956565656565657,0.603341414141414,Take,Swing_including_bunts,947,944.730604768635,774,0.00418171633976409,43,37.9418000716121,43,0.0434554647961232,0.613883177533314,0.357267978038893,0.579927210980172,0.361581666525151,-0.25661519949442,0.0336026177532297,-0.322575036673447,-0.190655362315393,-0.381022896954607,-0.132207502034234,Take,,비교 자료 부족,TRUE,FALSE,,W per selected current decision; not PA sum,2024,1460,1000,0.684931506849315,804,1000,467,392,0.026027397260274,0.037,0.973972602739726,0.963,0.630443,Take,Swing_including_bunts,963,960.834104369836,781,0.00514378123874756,37,31.7685458414097,37,0.0495747475406478,0.636870778599556,0.403025549484865,0.581208677110046,0.36217499699241,-0.233845229114692,0.0366531841863432,-0.305792593716801,-0.161897864512583,-0.369544009205495,-0.0981464490238889,Take,,비교 자료 부족,TRUE,FALSE,,W per selected current decision; not PA sum,2025,0.0227699703797284,0.0497251629546618,1590.72722974247,-0.0747637693850344,0.120303710144491,-0.162840948126301,0.208380888885758
region,3-1,CENTER,ALL,7714,7685,0.996240601503759,2324,7685,738,572,0.753953850142598,0.753675992192583,0.246046149857402,0.246324007807417,0.393673259596617,Take,Swing_including_bunts,1893,1484.0649081901,1292,0.00344095406487726,5792,5650.65300792452,2206,0.0015913175880283,0.363723038048525,0.398282186193356,0.41585771013215,0.395693387878787,0.0345591481448319,0.0147425220357426,0.0056492729860771,0.0634690233035867,-0.0198588760765688,0.0889771723662326,Swing_including_bunts,Swing_including_bunts,차이 불명확,TRUE,TRUE,,W per selected current decision; not PA sum,2024,7977,7963,0.99824495424345,2333,7963,750,576,0.738999623918767,0.738666331784503,0.261000376081234,0.261333668215497,0.406,Take,Swing_including_bunts,2081,1616.51264323578,1374,0.0033290267158258,5882,5733.00375176069,2217,0.001560476902517,0.364948463613083,0.410801507743887,0.42079160210201,0.396563470537771,0.0458530441308037,0.0141160698236133,0.0181716885042632,0.0735343997573441,-0.00625228556781756,0.0979583738294249,Swing_including_bunts,Swing_including_bunts,차이 불명확,TRUE,TRUE,,W per selected current decision; not PA sum,2025,0.0112938959859718,0.0204109133367295,4645.45517600952,-0.0287211848541228,0.0513089768260664,-0.0647775370451826,0.0873653290171262
region,3-1,HIGH,ALL,1586,1435,0.904791929382093,1047,1435,519,435,0.259142496847415,0.285017421602787,0.740857503152585,0.714982578397213,0.567149825783972,Take,Swing_including_bunts,1026,925.12226155362,825,0.00371623212303947,409,287.878370185408,368,0.0159724760312793,0.637502708840672,0.345788753104663,0.597683279775457,0.330338937713392,-0.291713955736009,0.022333049605559,-0.3355366364349,-0.247891275037118,-0.374308765755238,-0.20911914571678,Take,Take,관찰상 방향 뚜렷,TRUE,TRUE,,W per selected current decision; not PA sum,2024,1598,1462,0.914893617021277,1084,1462,541,438,0.247809762202753,0.269493844049248,0.752190237797247,0.730506155950752,0.576096443228454,Take,Swing_including_bunts,1068,952.287621604816,853,0.00724040103488236,394,258.496451665814,365,0.0166471675278053,0.661526033932126,0.327626554519273,0.598398093784882,0.330947229582747,-0.333899479412853,0.0242356806708211,-0.381453686396563,-0.286345272429144,-0.423520130923497,-0.24427882790221,Take,Take,관찰상 방향 뚜렷,TRUE,TRUE,,W per selected current decision; not PA sum,2025,-0.0421855236768444,0.032956536866946,2120.25907031358,-0.106816043414171,0.0224449960604823,-0.165131696537181,0.0807606491834925
region,3-1,INSIDE,ALL,1924,1819,0.945426195426195,1243,1819,581,453,0.404365904365904,0.426608026388125,0.595634095634096,0.573391973611875,0.504971962616822,Take,Swing_including_bunts,1043,946.702813544075,818,0.00554539963581273,776,559.539930282168,645,0.00857603607430975,0.610615021517155,0.305638676319717,0.581997582687799,0.342675439721721,-0.304976345197438,0.0261419919939532,-0.356263688140809,-0.253689002254067,-0.401604554310863,-0.208348136084012,Take,Take,관찰상 방향 뚜렷,TRUE,TRUE,,W per selected current decision; not PA sum,2024,1846,1756,0.95124593716143,1225,1756,582,469,0.376489707475623,0.393507972665148,0.623510292524377,0.606492027334852,0.541391230068337,Take,Swing_including_bunts,1065,954.907030423233,853,0.00424343970101087,691,472.470930132892,591,0.00921295580784979,0.638275833039692,0.349358070528684,0.584561758341127,0.343878954700564,-0.288917762511008,0.0277024097523615,-0.343267231013287,-0.23456829400873,-0.39131814821268,-0.186517376809337,Take,Take,관찰상 방향 뚜렷,TRUE,TRUE,,W per selected current decision; not PA sum,2025,0.0160585826864296,0.0380897263248195,2455.55728311524,-0.0586327247502358,0.090749890123095,-0.126003180581063,0.158120345953922
region,3-1,LOW,ALL,2216,2123,0.958032490974729,1394,2123,589,469,0.31543321299639,0.328780028261894,0.68456678700361,0.671219971738107,0.558144606688648,Take,Swing_including_bunts,1425,1277.94885869986,1068,0.0042541424020835,698,460.853687846363,596,0.00884636734027104,0.627168645828225,0.363986666315116,0.586551431127291,0.332105649985131,-0.263181979513109,0.0208527937168125,-0.304088246717851,-0.222275712308368,-0.340235238523785,-0.186128720502433,Take,Take,관찰상 방향 뚜렷,TRUE,TRUE,,W per selected current decision; not PA sum,2024,2076,1977,0.952312138728324,1321,1977,579,468,0.291907514450867,0.303490136570562,0.708092485549133,0.696509863429439,0.559418310571573,Take,Swing_including_bunts,1377,1246.89696947014,1026,0.00370778755397998,600,420.47059202521,516,0.00925506843483271,0.642444432174079,0.336470154541092,0.590678207210073,0.332358132476222,-0.305974277632987,0.0203336933091077,-0.345864160361321,-0.266084394904653,-0.381120304705252,-0.230828250560722,Take,Take,관찰상 방향 뚜렷,TRUE,TRUE,,W per selected current decision; not PA sum,2025,-0.0427922981198777,0.0291255573231618,2712.99211523622,-0.0999028203948923,0.0143182241551368,-0.151405130861195,0.0658205346214392
region,3-1,OUTSIDE,ALL,2930,2782,0.949488054607509,1626,2782,647,514,0.256655290102389,0.268511861969806,0.743344709897611,0.731488138030194,0.55484327821711,Take,Swing_including_bunts,2035,1834.54921251913,1353,0.00326416075690577,747,500.630996772543,639,0.00852072049327187,0.606336712359574,0.360162698037415,0.581958678430088,0.346155309561427,-0.246174014322159,0.0182039380830987,-0.281879671997241,-0.210468356647077,-0.313414297323224,-0.178933731321094,Take,Take,관찰상 방향 뚜렷,TRUE,TRUE,,W per selected current decision; not PA sum,2024,2810,2660,0.946619217081851,1600,2660,641,497,0.231672597864769,0.242857142857143,0.768327402135231,0.757142857142857,0.569862406015038,Take,Swing_including_bunts,2014,1840.97788744911,1362,0.00368103486243749,646,491.716032124706,573,0.00894346176748089,0.62573867950389,0.334627258933169,0.587683707826677,0.345196317192579,-0.291111420570721,0.015874719907257,-0.322248869071053,-0.25997397207039,-0.349750362486701,-0.232472478654742,Take,Take,관찰상 방향 뚜렷,TRUE,TRUE,,W per selected current decision; not PA sum,2025,-0.0449374062485623,0.0241534696030851,3172.02896646595,-0.0922954072501339,0.00242059475300927,-0.134990829457977,0.0451160169608525
region,3-2,CENTER,ALL,17452,16038,0.918977767591107,2410,12895,772,585,0.910038964015586,0.905287442324479,0.0899610359844144,0.0947125576755207,0.310926674148896,Take,Swing_including_bunts,1519,1320.89871367225,1137,0.00325669813818264,14519,14486.2912490953,2402,0.00118605753920367,0.0671053562562593,0.336401520472652,0.239222832582964,0.335691818366484,0.269296164216393,0.00771012323980985,0.254177004027673,0.284415324405113,0.240837930425918,0.297754398006868,Swing_including_bunts,Swing_including_bunts,관찰상 방향 뚜렷,TRUE,TRUE,,W per selected current decision; not PA sum,2024,18046,16957,0.939654217000997,2415,13566,777,603,0.907735786323839,0.903992451494958,0.0922642136761609,0.0960075485050421,0.313415226750015,Take,Swing_including_bunts,1628,1417.86252742915,1174,0.00371057343381655,15329,15289.9865196684,2407,0.00125195324969636,0.0699934321820765,0.340272151294843,0.243021900948569,0.335586358442843,0.270278719112767,0.00752844601494773,0.255515834107988,0.285041604117545,0.242491147143525,0.298066291082008,Swing_including_bunts,Swing_including_bunts,관찰상 방향 뚜렷,TRUE,TRUE,,W per selected current decision; not PA sum,2025,0.000982554896373833,0.0107760614221077,4820.0168874819,-0.0201434423575837,0.0221085521503314,-0.039178639848044,0.0411437496407917
region,3-2,HIGH,ALL,3832,3737,0.975208768267223,1817,3577,657,533,0.461638830897704,0.470966015520471,0.538361169102297,0.529033984479529,0.451616537329409,Take,Swing_including_bunts,1977,1267.01641094271,1312,0.00487592984631534,1760,1294.53352050155,1168,0.00580812308706456,0.606113803739243,0.202642631857533,0.550177247849132,0.234752123558578,-0.40347117188171,0.0130304022092669,-0.429027323906443,-0.377915019856977,-0.451590478048505,-0.355351865714916,Take,Take,관찰상 방향 뚜렷,TRUE,TRUE,,W per selected current decision; not PA sum,2024,3615,3526,0.975380359612725,1802,3390,648,537,0.437344398340249,0.445547362450369,0.562655601659751,0.554452637549631,0.482726318774816,Take,Swing_including_bunts,1955,1292.35291521942,1320,0.00463496831914158,1571,1078.6383948307,1077,0.00781571375693708,0.649090535897473,0.213720842598624,0.551242298828553,0.234669343232519,-0.435369693298849,0.0130786049592692,-0.461020526468537,-0.409718860129162,-0.483667813755412,-0.387071572842287,Take,Take,관찰상 방향 뚜렷,TRUE,TRUE,,W per selected current decision; not PA sum,2025,-0.0318985214171391,0.0184618874824837,3616.77771747726,-0.068095269242368,0.00429822640808992,-0.100721611138199,0.0369245683039205
region,3-2,INSIDE,ALL,4823,4734,0.981546755131661,2035,4454,689,537,0.492017416545718,0.499577524292353,0.507982583454282,0.500422475707647,0.455943810730883,Take,Swing_including_bunts,2369,1623.28721091345,1511,0.00401766880800871,2365,1792.6749816013,1439,0.00387536444316986,0.577356279713887,0.237298666302523,0.550257764934326,0.2355883800622,-0.340057613411364,0.0124354879206091,-0.364445233967284,-0.315669992855444,-0.385970096596784,-0.294145130225944,Take,Take,관찰상 방향 뚜렷,TRUE,TRUE,,W per selected current decision; not PA sum,2024,4813,4736,0.98400166216497,2046,4461,711,548,0.496156243507168,0.501689189189189,0.503843756492832,0.498310810810811,0.45026879222973,Take,Swing_including_bunts,2360,1608.50064299792,1498,0.00355820473408173,2376,1683.27493953914,1471,0.00531175540494111,0.584117127201186,0.229144135445357,0.548499897774549,0.237372190255072,-0.35497299175583,0.0127941944479717,-0.380064002435036,-0.329881981076624,-0.402209382480515,-0.307736601031145,Take,Take,관찰상 방향 뚜렷,TRUE,TRUE,,W per selected current decision; not PA sum,2025,-0.0149153783444657,0.017841882507071,4076.30074931249,-0.0498952118872866,0.0200644551983552,-0.0814194731731531,0.0515887164842217
region,3-2,LOW,ALL,6636,6524,0.983122362869198,2248,6267,716,552,0.465491259795057,0.472256284488044,0.534508740204943,0.527743715511956,0.434382434089516,Take,Swing_including_bunts,3443,2343.99910201605,1851,0.00378225652426348,3081,2125.95799544912,1690,0.0041611527672004,0.603538196271083,0.177450872390623,0.561049281394899,0.212762774256306,-0.42608732388046,0.00909524368370651,-0.443923281325103,-0.408251366435817,-0.45966173506338,-0.39251291269754,Take,Take,관찰상 방향 뚜렷,TRUE,TRUE,,W per selected current decision; not PA sum,2024,6306,6212,0.985093561687282,2193,5980,714,563,0.45337773549001,0.458789439793947,0.546622264509991,0.541210560206053,0.436709111397296,Take,Swing_including_bunts,3362,2333.96626086822,1801,0.00301319374887821,2850,2017.06687470008,1616,0.00469046911109112,0.618023760612228,0.16855586049335,0.566389165537626,0.213199142725846,-0.449467900118877,0.00942944960029412,-0.467959492203359,-0.430976308034396,-0.484277426295448,-0.414658373942307,Take,Take,관찰상 방향 뚜렷,TRUE,TRUE,,W per selected current decision; not PA sum,2025,-0.0233805762384174,0.0131010677973397,4428.59813198158,-0.0490652170270493,0.00230406455021454,-0.072210144030863,0.0254489915540283
region,3-2,OUTSIDE,ALL,7186,7060,0.982465905928194,2272,6707,733,562,0.457834678541609,0.464589235127479,0.542165321458391,0.535410764872521,0.446752549575071,Take,Swing_including_bunts,3780,2546.95851058925,1900,0.00330390893749129,3280,2360.37680971333,1748,0.00351130940270944,0.549277729249228,0.231524857487257,0.547860644864112,0.234032335452126,-0.317752871761972,0.00963755573932048,-0.336652206511959,-0.298853537011984,-0.353328576536905,-0.282177166987038,Take,Take,관찰상 방향 뚜렷,TRUE,TRUE,,W per selected current decision; not PA sum,2024,6802,6697,0.984563363716554,2234,6423,740,560,0.449132608056454,0.45587576526803,0.550867391943546,0.54412423473197,0.450950873525459,Take,Swing_including_bunts,3644,2507.86868358172,1860,0.00254648094935682,3053,2266.00829429091,1670,0.00407808521243427,0.567804296375711,0.210782448912825,0.550052179080196,0.234736986495936,-0.357021847462886,0.00926386500710765,-0.375188536128617,-0.338855158797155,-0.391219059938635,-0.322824634987138,Take,Take,관찰상 방향 뚜렷,TRUE,TRUE,,W per selected current decision; not PA sum,2025,-0.0392689757009149,0.0133679346010677,4499.65076593783,-0.0654766956701664,-0.0130612557316633,-0.089092533747835,0.0105545823460052
region_pitch,0-0,CENTER,FB,52099,51924,0.996641010384077,2429,51924,793,605,0.504923319065625,0.504968800554657,0.495076680934375,0.495031199445343,0.291950157923118,Take,Swing_including_bunts,25704,24061.3606008794,2429,0.000949155277850874,26220,24435.3032573471,2429,0.000897088319355145,0.267986580103031,0.312577911887351,0.263325080981146,0.315983865125487,0.0445913317843196,0.00467324494991535,0.0354273717711557,0.0537552917974835,0.027342486805431,0.0618401767632082,Swing_including_bunts,Swing_including_bunts,관찰상 방향 뚜렷,TRUE,TRUE,,W per selected current decision; not PA sum,2024,53509,53338,0.996804275916201,2430,53338,801,627,0.492160197349979,0.492069443923657,0.507839802650022,0.507930556076343,0.292443004987064,Take,Swing_including_bunts,27092,25460.1306546821,2430,0.000931173840726023,26246,24344.6889610834,2430,0.000908792762191089,0.263042664569933,0.323332590487047,0.267339274442518,0.316331492705167,0.0602899259171136,0.00454737165083971,0.0513727979121686,0.0692070539220586,0.0435056869217355,0.0770741649124918,Swing_including_bunts,Swing_including_bunts,관찰상 방향 뚜렷,TRUE,TRUE,,W per selected current decision; not PA sum,2025,0.015698594132794,0.0065205680191813,4853.32876802601,0.00291532766951621,0.0284818605960718,-0.00860271641446382,0.0399999046800518
region_pitch,0-0,CENTER,NFB,28744,28660,0.997077650988032,2429,28660,818,604,0.446249652101308,0.446231681786462,0.553750347898692,0.553768318213538,0.292019225401256,Take,Swing_including_bunts,15871,15283.538332068,2416,0.00127904179772583,12789,11961.7105014428,2415,0.00141468259357167,0.265998794435222,0.322080023454441,0.265333590533093,0.323037362220975,0.0560812290192191,0.0064102282035541,0.0435111464401561,0.0686513115982821,0.0324212168119824,0.0797412412264558,Swing_including_bunts,Swing_including_bunts,관찰상 방향 뚜렷,TRUE,TRUE,,W per selected current decision; not PA sum,2024,29749,29650,0.996672157047296,2430,29650,840,619,0.43860297825137,0.438178752107926,0.56139702174863,0.561821247892074,0.295829780775717,Take,Swing_including_bunts,16658,16067.1899890743,2427,0.00115445747877156,12992,12100.9161279866,2413,0.00122349318173273,0.271429252888437,0.324464585208456,0.269673581281942,0.323300488065769,0.0530353323200186,0.006395879222817,0.0404933898281408,0.0655772748118965,0.029428296497136,0.0766423681429013,Swing_including_bunts,Swing_including_bunts,관찰상 방향 뚜렷,TRUE,TRUE,,W per selected current decision; not PA sum,2025,-0.00304589669920047,0.00905529108612763,4856.97092107884,-0.0207983650214387,0.0147065716230378,-0.0367937716809259,0.030701978282525
region_pitch,0-0,HIGH,FB,16714,13466,0.805671891827211,2406,13466,758,591,0.173926050017949,0.212386751819397,0.826073949982051,0.787613248180603,0.32223139759394,Take,Swing_including_bunts,10606,10430.292566572,2378,0.00149493041176646,2860,2125.57076834707,1634,0.00306714008128609,0.336467626041884,0.247214692678032,0.337439394485807,0.246783261214229,-0.0892529333638518,0.011319313383266,-0.111449550723441,-0.0670563160042625,-0.131032872328365,-0.0474729943993382,Take,Take,관찰상 방향 뚜렷,TRUE,TRUE,,W per selected current decision; not PA sum,2024,16318,13122,0.804142664542223,2410,13122,745,600,0.172508885892879,0.211019661636946,0.827491114107121,0.788980338363055,0.320782426459381,Take,Swing_including_bunts,10353,10194.3029533181,2380,0.00156134425960539,2769,2081.14688352173,1589,0.00394505996284777,0.335865315367918,0.253118248241511,0.341210596206829,0.247281524883834,-0.0827470671264071,0.0119774004741284,-0.106234141298942,-0.0592599929538725,-0.126955914675685,-0.0385382195771295,Take,Take,관찰상 방향 뚜렷,TRUE,TRUE,,W per selected current decision; not PA sum,2025,0.00650586623744466,0.0164798354841982,4799.15331043854,-0.0258021659561858,0.0388138984310751,-0.0549128726283849,0.0679246051032742
region_pitch,0-0,HIGH,NFB,5026,4031,0.802029446876244,1893,4031,668,536,0.0539196179864704,0.0667328206400397,0.94608038201353,0.93326717935996,0.327823120813694,Take,Swing_including_bunts,3762,3675.21821958977,1843,0.00241340956061097,269,202.593744463055,250,0.0185433670388423,0.327684432155544,0.265404837932829,0.3424934593009,0.257252067627994,-0.0622795942227149,0.013563477794882,-0.0888805393791182,-0.0356786490663116,-0.112363422788041,-0.0121957656573892,Take,Take,관찰상 방향 뚜렷,TRUE,TRUE,,W per selected current decision; not PA sum,2024,5288,4194,0.793116490166415,1896,4194,684,547,0.0614599092284418,0.0770147830233667,0.938540090771558,0.922985216976633,0.334311158798283,Take,Swing_including_bunts,3871,3783.65142526016,1851,0.00222382068884621,323,236.284179533876,282,0.0184238783061519,0.332320762063909,0.279660367146216,0.346363873972045,0.257315802542319,-0.052660394917693,0.014414736491064,-0.0809308158276542,-0.0243899740077319,-0.10588737671052,0.000566586875134383,Take,Take,차이 불명확,TRUE,TRUE,,W per selected current decision; not PA sum,2025,0.00961919930502186,0.0197927400326248,3773.41430746012,-0.0291863055443984,0.0484247041544421,-0.0641619547514087,0.0834003533614524
region_pitch,0-0,INSIDE,FB,16402,14227,0.867394220217047,2407,14227,759,595,0.25545665162785,0.290152526885499,0.74454334837215,0.709847473114501,0.310548183032263,Take,Swing_including_bunts,10099,9940.24706256595,2362,0.00143441664219953,4128,3103.79241454692,1943,0.0027122638128787,0.323810994594888,0.253504566236856,0.325309045142477,0.260884630283237,-0.0703064283580314,0.0135438034467327,-0.0968651558716209,-0.0437477008444419,-0.120296998038153,-0.0203158586779103,Take,Take,관찰상 방향 뚜렷,TRUE,TRUE,,W per selected current decision; not PA sum,2024,16214,14081,0.868447021092883,2414,14081,763,606,0.262550881953867,0.297422058092465,0.737449118046133,0.702577941907535,0.314360414743271,Take,Swing_including_bunts,9893,9757.44256386929,2365,0.00141629800977739,4188,3195.93314138029,1951,0.00303667615176804,0.32874304919705,0.258377427872653,0.328620667438096,0.261367572121429,-0.0703656213243968,0.0141931166724246,-0.0981975792660097,-0.0425336633827839,-0.122752594326327,-0.0179786483224664,Take,Take,관찰상 방향 뚜렷,TRUE,TRUE,,W per selected current decision; not PA sum,2025,-5.91929663653762e-05,0.0196183376635429,4809.11329070683,-0.0385201080815714,0.0384017221488406,-0.0731747058662213,0.0730563199334906
region_pitch,0-0,INSIDE,NFB,8146,6730,0.826172354529831,2217,6730,728,566,0.194819543334152,0.225408618127786,0.805180456665848,0.774591381872214,0.328981872213967,Take,Swing_including_bunts,5213,5112.43579919908,2070,0.00199925780607624,1517,1097.34565264637,1110,0.00375584623927361,0.340181506839563,0.275089668874224,0.334399004649616,0.265176766523284,-0.0650918379653389,0.0183085994108759,-0.100995643658403,-0.0291880322722744,-0.132678198038956,0.00249452210827797,Take,Take,차이 불명확,TRUE,TRUE,,W per selected current decision; not PA sum,2024,8621,7162,0.830762092564668,2265,7162,773,597,0.206240575339288,0.237782742250768,0.793759424660712,0.762217257749232,0.339041329237643,Take,Swing_including_bunts,5459,5357.25911578344,2129,0.0021735974191208,1703,1263.16504044606,1178,0.00624498896726315,0.352812534786382,0.275127853969551,0.337884465983706,0.26661174508893,-0.0776846808168312,0.0171012546645656,-0.111220452558166,-0.0441489090754965,-0.140811912158667,-0.0145574494749959,Take,Take,관찰상 방향 뚜렷,TRUE,TRUE,,W per selected current decision; not PA sum,2025,-0.0125928428514924,0.0250530980816794,4452.33091224647,-0.0617093650413208,0.0365236793383361,-0.105968931985704,0.0807832462827191
region_pitch,0-0,LOW,FB,12832,10922,0.851153366583541,2377,10922,727,577,0.104971945137157,0.12094854422267,0.895028054862843,0.87905145577733,0.333367789782091,Take,Swing_including_bunts,9601,9452.98166585525,2354,0.00154190477476873,1321,996.95730042736,978,0.00708244038122335,0.340017437535595,0.26006049103376,0.337347890641839,0.248949680801618,-0.0799569465018351,0.0114489369242649,-0.102407887230495,-0.0575060057731751,-0.122216112795978,-0.0376977802076925,Take,Take,관찰상 방향 뚜렷,TRUE,TRUE,,W per selected current decision; not PA sum,2024,11630,9978,0.857953568357696,2366,9978,744,595,0.100085984522786,0.114652234916817,0.899914015477214,0.885347765083183,0.337981459210263,Take,Swing_including_bunts,8834,8707.28621044913,2332,0.00176634898723445,1144,901.916175030202,870,0.0057359985630033,0.342971664698741,0.263516438482124,0.340052250605768,0.250300323176902,-0.0794552262166163,0.0106953981184642,-0.10042855500968,-0.0584818974235523,-0.118933287816996,-0.0399771646162367,Take,Take,관찰상 방향 뚜렷,TRUE,TRUE,,W per selected current decision; not PA sum,2025,0.000501720285218818,0.0156674725979733,4720.64922070331,-0.0302138371065718,0.0312172776770094,-0.0578901739339935,0.0588936145044312
region_pitch,0-0,LOW,NFB,20595,17607,0.854916241806264,2425,17607,778,593,0.246953143966982,0.279150337933776,0.753046856033018,0.720849662066224,0.323107570852502,Take,Swing_including_bunts,12692,12451.4868936833,2405,0.00125887477806252,4915,3568.74672809001,2064,0.00232116321151035,0.338863227257076,0.274889058406633,0.342363428640879,0.255148940344467,-0.0639741688504427,0.0118256296744646,-0.0871635560573681,-0.0407847816435172,-0.10762241781198,-0.0203259198889056,Take,Take,관찰상 방향 뚜렷,TRUE,TRUE,,W per selected current decision; not PA sum,2024,20329,17454,0.858576417925132,2425,17454,801,607,0.251709380687688,0.281368167755242,0.748290619312312,0.718631832244758,0.328371376188839,Take,Swing_including_bunts,12543,12316.0913530924,2408,0.00129083074049663,4911,3591.02474027594,2051,0.00264097446351141,0.348703899804353,0.271744236843746,0.346470639701964,0.256222929326101,-0.0769596629606073,0.0119405063357409,-0.100374316766666,-0.0535450091545487,-0.121031920220162,-0.0328874057010524,Take,Take,관찰상 방향 뚜렷,TRUE,TRUE,,W per selected current decision; not PA sum,2025,-0.0129854941101646,0.016805392252234,4847.54698959321,-0.0459316838384977,0.0199606956181684,-0.0756170667085871,0.0496460784882579
region_pitch,0-0,OUTSIDE,FB,24226,20722,0.855362007760258,2428,20722,776,601,0.116032361925204,0.134446481999807,0.883967638074796,0.865553518000193,0.318822217932632,Take,Swing_including_bunts,17936,17670.3589718725,2424,0.00108243146311406,2786,2209.50210159207,1610,0.00333921556814477,0.324286496574814,0.261117285633874,0.325320130802004,0.261590791401278,-0.06316921094094,0.00810242594692263,-0.0790575975847503,-0.0472808242971297,-0.0930751065604432,-0.0332633153214368,Take,Take,관찰상 방향 뚜렷,TRUE,TRUE,,W per selected current decision; not PA sum,2024,22875,19475,0.851366120218579,2430,19475,774,610,0.116021857923497,0.135198973042362,0.883978142076503,0.864801026957638,0.326533299101412,Take,Swing_including_bunts,16842,16604.1436264336,2430,0.00122377699857931,2633,2082.4870026198,1555,0.00323536541414894,0.332166237722907,0.26180155245009,0.327853760753711,0.261415507931582,-0.0703646852728174,0.00778105448237738,-0.0856228748733964,-0.0551064956722384,-0.099084369542337,-0.0416450010032978,Take,Take,관찰상 방향 뚜렷,TRUE,TRUE,,W per selected current decision; not PA sum,2025,-0.00719547433187738,0.011233615405696,4847.90566199053,-0.0292184543431521,0.0148275056793973,-0.049061736560416,0.0346707878966612
region_pitch,0-0,OUTSIDE,NFB,19937,17297,0.867582886091187,2427,17297,803,591,0.162913176505994,0.18222813204602,0.837086823494006,0.81777186795398,0.320040816326531,Take,Swing_including_bunts,14145,13860.7190619783,2418,0.0012169966063334,3152,2302.94776258668,1721,0.00271896220657416,0.331659955829475,0.257509690886335,0.330680729827467,0.267272136867684,-0.0741502649431395,0.00973586933072447,-0.093241743108763,-0.055058786777516,-0.110085190404842,-0.0382153394814369,Take,Take,관찰상 방향 뚜렷,TRUE,TRUE,,W per selected current decision; not PA sum,2024,19582,17033,0.869829435195588,2425,17033,826,610,0.165662342968032,0.183115129454588,0.834337657031968,0.816884870545412,0.321745141783597,Take,Swing_including_bunts,13914,13650.9136351945,2416,0.00124150592227928,3119,2274.32203143688,1693,0.00315793812454858,0.332850809970139,0.265482322235114,0.335139577981793,0.269305876930755,-0.0673684877350252,0.00989919681527718,-0.0867802496712807,-0.0479567257987697,-0.103906297475971,-0.0308306779940791,Take,Take,관찰상 방향 뚜렷,TRUE,TRUE,,W per selected current decision; not PA sum,2025,0.00678177720811435,0.0138845687442043,4848.59091125201,-0.0204382724449633,0.034001826861192,-0.0449642468414041,0.0585278012576328
region_pitch,0-1,CENTER,FB,19491,19404,0.995536401416038,2429,19404,766,596,0.7735365040275,0.773500309214595,0.2264634959725,0.226499690785405,0.261187487116059,Take,Swing_including_bunts,4395,3642.53695873791,2008,0.00216362082854458,15009,14794.9063152176,2428,0.00113711755235902,0.213485470963036,0.273719945165058,0.212915798369128,0.267170716868085,0.0602344742020217,0.00914492914665339,0.0423018030235793,0.0781671453804641,0.0264807405792203,0.093988207824823,Swing_including_bunts,Swing_including_bunts,관찰상 방향 뚜렷,TRUE,TRUE,,W per selected current decision; not PA sum,2024,19504,19424,0.995898277276456,2430,19424,779,614,0.763894585726005,0.763694398682043,0.236105414273995,0.236305601317957,0.250519511943987,Take,Swing_including_bunts,4590,3818.30981004573,2017,0.00220872439970743,14834,14596.7675425619,2423,0.00114663588160229,0.202956663982303,0.262698069696737,0.216577281664688,0.267029718357176,0.0597414057144339,0.00868527660795086,0.0427100897767645,0.0767727216521033,0.0276842594062152,0.0917985520226526,Swing_including_bunts,Swing_including_bunts,관찰상 방향 뚜렷,TRUE,TRUE,,W per selected current decision; not PA sum,2025,-0.000493068487587761,0.0126120481625281,4844.03713689639,-0.0252184066755273,0.0242322697003518,-0.0474966038641966,0.0465104668890211
region_pitch,0-1,CENTER,NFB,14018,13955,0.995505778285062,2420,13955,789,594,0.782422599514909,0.782013615191688,0.217577400485091,0.217986384808312,0.265321318523827,Take,Swing_including_bunts,3042,2621.40908944737,1708,0.00328292094653259,10913,10821.947679375,2397,0.00120885573809282,0.213935389073838,0.278336058067522,0.212147103020398,0.278117716912386,0.0644006689936845,0.011809571440831,0.0412427471569995,0.0875585908303694,0.0208115551039985,0.10798978288337,Swing_including_bunts,Swing_including_bunts,관찰상 방향 뚜렷,TRUE,TRUE,,W per selected current decision; not PA sum,2024,14697,14631,0.995509287609716,2424,14631,794,611,0.774647887323944,0.77458820313034,0.225352112676056,0.22541179686966,0.266302713416718,Take,Swing_including_bunts,3298,2868.87765498376,1778,0.00272718075265605,11333,11224.3330611553,2407,0.00125952449611665,0.210932289373683,0.279170562982784,0.216341712990549,0.278031436860767,0.0682382736091014,0.0107297184794188,0.0471979015874897,0.0892786456307131,0.0286349943409656,0.107841552877237,Swing_including_bunts,Swing_including_bunts,관찰상 방향 뚜렷,TRUE,TRUE,,W per selected current decision; not PA sum,2025,0.00383760461541693,0.0159559655384333,4797.39367410852,-0.0274434052277571,0.035118614458591,-0.0556287389820565,0.0633039482128903
region_pitch,0-1,HIGH,FB,9830,9006,0.91617497456765,2340,9006,713,583,0.301322482197355,0.327004219409283,0.698677517802645,0.672995780590717,0.260009438152343,Take,Swing_including_bunts,6061,5376.12392872631,2184,0.00189752332319452,2945,2005.08000572823,1672,0.00335098074714674,0.277791841582323,0.212584201979782,0.284137640796767,0.202928183245322,-0.0652076396025402,0.0112882093047956,-0.0873435778948764,-0.043071701310204,-0.106874556789096,-0.0235407224159849,Take,Take,관찰상 방향 뚜렷,TRUE,TRUE,,W per selected current decision; not PA sum,2024,9567,8730,0.912511759172154,2327,8730,712,590,0.299257865579597,0.325429553264605,0.700742134420404,0.674570446735395,0.259049942726231,Take,Swing_including_bunts,5889,5285.23421206274,2161,0.00176317417496503,2841,1916.37945296882,1629,0.00389221640634457,0.280730727641825,0.203922839821478,0.287397380382873,0.203548504545694,-0.0768078878203467,0.0109904827355213,-0.0983600530074985,-0.055255722633195,-0.117376193716613,-0.0362395819240809,Take,Take,관찰상 방향 뚜렷,TRUE,TRUE,,W per selected current decision; not PA sum,2025,-0.0116002482178065,0.0157548208516843,4662.3287834617,-0.042487148033675,0.0192866515980619,-0.0703182637575433,0.0471177673219303
region_pitch,0-1,HIGH,NFB,1823,1630,0.894130554031816,1114,1630,506,459,0.131651124520022,0.147239263803681,0.868348875479978,0.852760736196319,0.275849693251534,Take,Swing_including_bunts,1390,1114.06832418194,994,0.00420263641531902,240,186.119813719806,221,0.0179934352964337,0.287626682344059,0.217922636360283,0.296483115814314,0.202307825704642,-0.069704045983776,0.0246535502569816,-0.118076719883773,-0.0213313720837789,-0.1608616361215,0.0214535441539484,Take,,비교 자료 부족,TRUE,FALSE,,W per selected current decision; not PA sum,2024,1866,1689,0.905144694533762,1158,1689,529,478,0.133440514469453,0.146832445233866,0.866559485530547,0.853167554766134,0.288960923623446,Take,Swing_including_bunts,1441,1161.97713222666,1049,0.00579487141371217,248,213.866711478379,227,0.015922256586262,0.271600990621516,0.223010534537035,0.299526541046324,0.204610350847143,-0.0485904560844807,0.0221400458948055,-0.0920295905271332,-0.00515132164182828,-0.130444030280954,0.0332631181119927,Take,Take,차이 불명확,TRUE,TRUE,,W per selected current decision; not PA sum,2025,0.0211135898992953,0.0331357687778269,2234.2317879761,-0.0438665252729339,0.0860937050715244,-0.10249014813169,0.144717327930281
region_pitch,0-1,INSIDE,FB,8934,8465,0.947503917618088,2325,8465,713,571,0.380456682337139,0.399763733018311,0.619543317662861,0.600236266981689,0.255198346131128,Take,Swing_including_bunts,5081,4500.34579476442,2087,0.00199451621923328,3384,2364.94944733567,1768,0.00291437953026096,0.269931307601941,0.201615460516394,0.273765254986958,0.216459915286139,-0.0683158470855477,0.0123335617949647,-0.092501780191854,-0.0441299139792413,-0.113841816731517,-0.0227898774395779,Take,Take,관찰상 방향 뚜렷,TRUE,TRUE,,W per selected current decision; not PA sum,2024,8463,8025,0.948245303084013,2312,8025,712,580,0.381897672220253,0.399750778816199,0.618102327779747,0.600249221183801,0.264545794392523,Take,Swing_including_bunts,4817,4344.41531834189,2062,0.00202817436530835,3208,2226.69685557961,1742,0.00316802545372168,0.285651589639845,0.191477276143809,0.276468810799513,0.216882869875352,-0.0941743134960357,0.0132836514579561,-0.120223434798905,-0.068125192193166,-0.143207712465241,-0.0451409145268301,Take,Take,관찰상 방향 뚜렷,TRUE,TRUE,,W per selected current decision; not PA sum,2025,-0.0258584664104881,0.0181265590393398,4607.7663198117,-0.0613952040137817,0.00967827119280556,-0.093416557993253,0.0416996251722768
region_pitch,0-1,INSIDE,NFB,4715,4252,0.901802757158006,1961,4252,690,549,0.320254506892895,0.349717779868297,0.679745493107105,0.650282220131703,0.285376999059266,Take,Swing_including_bunts,2765,2302.7072649745,1634,0.00350092506659323,1487,911.196163066568,1085,0.00495175082632443,0.304760312502968,0.21475594137513,0.290554241440963,0.204699822150783,-0.0900043711278387,0.0183919985679402,-0.126074300060792,-0.0539344421948851,-0.157913210478405,-0.0220955317772721,Take,Take,관찰상 방향 뚜렷,TRUE,TRUE,,W per selected current decision; not PA sum,2024,4848,4409,0.909447194719472,1976,4409,696,551,0.321988448844885,0.347697890678158,0.678011551155116,0.652302109321842,0.273788160580631,Take,Swing_including_bunts,2876,2447.35162593418,1633,0.0031792406364304,1533,916.825435856089,1093,0.00501881604054331,0.277623234201527,0.25081071296959,0.294695703838752,0.204949332345373,-0.0268125212319377,0.0204865369232816,-0.0669900180040312,0.0133649755401558,-0.102453961597751,0.0488289191338752,Take,Take,차이 불명확,TRUE,TRUE,,W per selected current decision; not PA sum,2025,0.063191849895901,0.0275311424832334,3893.19450098234,0.00921502127709152,0.117168678514711,-0.0394325392993627,0.165816239091165
region_pitch,0-1,LOW,FB,4977,4545,0.913200723327306,1976,4545,648,540,0.177215189873418,0.192739273927393,0.822784810126582,0.807260726072607,0.266770077007701,Take,Swing_including_bunts,3669,3199.2914294254,1807,0.00286232466424853,876,545.661146581715,726,0.011171592325335,0.275044744232739,0.204976351279427,0.285717053330408,0.199829236519462,-0.0700683929533128,0.0147047201614238,-0.0989067880921583,-0.0412299978144673,-0.124361913490806,-0.0157748724158194,Take,Take,관찰상 방향 뚜렷,TRUE,TRUE,,W per selected current decision; not PA sum,2024,4437,4103,0.924723912553527,1936,4103,644,554,0.176019833220645,0.188642456738971,0.823980166779355,0.811357543261028,0.263583231781623,Take,Swing_including_bunts,3329,2929.63809263536,1775,0.00281062574145442,774,494.160454258141,646,0.00920214985775467,0.279781827626702,0.18813771943418,0.286365046486534,0.199522292713723,-0.0916441081925226,0.0151074716459712,-0.121272741367385,-0.0620154750176605,-0.147426820020626,-0.0358613963644195,Take,Take,관찰상 방향 뚜렷,TRUE,TRUE,,W per selected current decision; not PA sum,2025,-0.0215757152392098,0.0210823265926607,3904.58318099349,-0.0629091287678568,0.0197576982894371,-0.100161442696682,0.0570100122182627
region_pitch,0-1,LOW,NFB,18926,17558,0.927718482510832,2422,17558,772,598,0.343601394906478,0.366556555416334,0.656398605093522,0.633443444583666,0.265399305160041,Take,Swing_including_bunts,11122,9569.78736988173,2395,0.00126734291397001,6436,4055.50130389442,2231,0.00221133864168105,0.292818234274713,0.197505010190906,0.293647491491934,0.194598993544546,-0.0953132240838074,0.00872920770035545,-0.112430714505463,-0.0781957336621516,-0.127532678975835,-0.0630937691917795,Take,Take,관찰상 방향 뚜렷,TRUE,TRUE,,W per selected current decision; not PA sum,2024,18822,17501,0.929816172564021,2429,17501,784,615,0.341834024014451,0.362779269756014,0.658165975985549,0.637220730243986,0.271707788126393,Take,Swing_including_bunts,11152,9723.43227207256,2406,0.0014904073031539,6349,3977.53625823429,2221,0.00261766959356312,0.297108093345163,0.222759486025399,0.297574803759011,0.196386730800199,-0.0743486073197636,0.00940222005304223,-0.0927858109169359,-0.0559114037225913,-0.109051996055092,-0.039645218584435,Take,Take,관찰상 방향 뚜렷,TRUE,TRUE,,W per selected current decision; not PA sum,2025,0.0209646167640438,0.012829684680528,4823.5123402286,-0.00418741451891972,0.0461166480470073,-0.0268501790743657,0.0687794126024533
region_pitch,0-1,OUTSIDE,FB,9911,9106,0.918777116335385,2350,9106,726,585,0.196347492684896,0.212826707665276,0.803652507315104,0.787173292334724,0.265845596310125,Take,Swing_including_bunts,7168,6266.99833602571,2267,0.00194604974550023,1938,1333.39148507533,1296,0.0054739777252614,0.268518525810376,0.224441180627147,0.272975724580603,0.210967621737833,-0.0440773451832288,0.0105170303181067,-0.06470097243398,-0.0234537179324776,-0.0828974368615867,-0.00525725350487086,Take,Take,관찰상 방향 뚜렷,TRUE,TRUE,,W per selected current decision; not PA sum,2024,9111,8380,0.91976731423554,2345,8380,731,585,0.18834376028976,0.203579952267303,0.81165623971024,0.796420047732697,0.271387828162291,Take,Swing_including_bunts,6674,5909.59435838377,2251,0.0019618952635124,1706,1180.98108692673,1209,0.00474566023803778,0.279557036707795,0.210793325592401,0.276082590783405,0.211415645066725,-0.0687637111153947,0.0102863524593935,-0.0889350071715784,-0.048592415059211,-0.106732458662699,-0.0307949635680901,Take,Take,관찰상 방향 뚜렷,TRUE,TRUE,,W per selected current decision; not PA sum,2025,-0.0246863659321659,0.0147111173481435,4690.90981259192,-0.0535270676512958,0.00415433578696396,-0.0795142453830966,0.0301415135187647
region_pitch,0-1,OUTSIDE,NFB,15804,14706,0.930523917995444,2415,14706,773,596,0.295368261199696,0.314633482932137,0.704631738800304,0.685366517067863,0.264055963552292,Take,Swing_including_bunts,10079,8599.61510136832,2372,0.00131439209903638,4627,2942.43878259714,2020,0.00279551962122485,0.285865839379408,0.192052273780186,0.284839060524033,0.205294224448567,-0.0938135655992219,0.00868066326506635,-0.110835887774733,-0.0767912434237113,-0.125853983334814,-0.0617731478636293,Take,Take,관찰상 방향 뚜렷,TRUE,TRUE,,W per selected current decision; not PA sum,2024,15574,14514,0.931937845126493,2422,14514,806,607,0.302683960446899,0.320518120435442,0.697316039553101,0.679481879564558,0.271087777318451,Take,Swing_including_bunts,9862,8580.44801999549,2376,0.00150559609270606,4652,2911.96133302844,2039,0.00293540887603992,0.287716035306634,0.226238453286655,0.288268196793346,0.208399040475467,-0.0614775820199787,0.00976672043430201,-0.0806295771636327,-0.0423255868763247,-0.097526490383475,-0.0254286736564823,Take,Take,관찰상 방향 뚜렷,TRUE,TRUE,,W per selected current decision; not PA sum,2025,0.0323359835792432,0.0130668566519758,4770.92183879602,0.0067189162258994,0.057953050932587,-0.0163631395264352,0.0810351066849216
region_pitch,0-2,CENTER,FB,6958,6702,0.963207818338603,2217,6258,685,566,0.875395228513941,0.872127723067741,0.124604771486059,0.127872276932259,0.208245449119666,Take,Swing_including_bunts,857,728.882308697411,716,0.00565925927944777,5845,5826.25542043459,2139,0.00191146499728966,0.0312119084480804,0.233751294448726,0.10583889125487,0.234836182773841,0.202539386000646,0.00843493773873142,0.185998177205362,0.21908059479593,0.171401737160626,0.233677034840665,Swing_including_bunts,Swing_including_bunts,관찰상 방향 뚜렷,TRUE,TRUE,,W per selected current decision; not PA sum,2024,6438,6271,0.974060267163715,2200,5913,686,585,0.869990680335508,0.867485249561474,0.130009319664492,0.132514750438527,0.213231063626216,Take,Swing_including_bunts,831,717.963440971336,703,0.00581816110126443,5440,5418.94400773954,2109,0.00181814692915877,0.0234187649131226,0.241592027257313,0.109857049160398,0.234306630531575,0.21817326234419,0.00868683608788045,0.201138000080434,0.235208524607947,0.186105320097577,0.250241204590804,Swing_including_bunts,Swing_including_bunts,관찰상 방향 뚜렷,TRUE,TRUE,,W per selected current decision; not PA sum,2025,0.0156338763435448,0.0121082325660675,4410.11884714688,-0.00810433836573933,0.0393720910528289,-0.0294954102794462,0.0607631629665358
region_pitch,0-2,CENTER,NFB,5412,4977,0.919623059866962,2041,4771,694,560,0.912971175166297,0.907976692786819,0.0870288248337029,0.0920233072131806,0.218904761904762,Take,Swing_including_bunts,458,404.472676643263,408,0.00825565953301909,4519,4509.94423559422,1968,0.00220845519529054,0.042141511049008,0.23625151655918,0.121062802011417,0.242631994072212,0.194110005510172,0.0109211599684588,0.172692217915054,0.21552779310529,0.153788714570904,0.234431296449439,Swing_including_bunts,Swing_including_bunts,관찰상 방향 뚜렷,TRUE,TRUE,,W per selected current decision; not PA sum,2024,5675,5288,0.931806167400881,2095,5039,689,579,0.914008810572687,0.909606656580938,0.0859911894273128,0.090393343419062,0.229101928895613,Take,Swing_including_bunts,478,424.690483926111,429,0.00868966880888807,4810,4798.57199171275,2032,0.00187174974744404,0.0503755650282133,0.246879249646803,0.124391228763021,0.242391391045504,0.19650368461859,0.0109427843083286,0.17504381746814,0.21796355176904,0.156104420320005,0.236902948917175,Swing_including_bunts,Swing_including_bunts,관찰상 방향 뚜렷,TRUE,TRUE,,W per selected current decision; not PA sum,2025,0.00239367910841792,0.0154601508231734,4133.49206278739,-0.0279165350605508,0.0327038932773867,-0.0552319864972361,0.0600193447140719
region_pitch,0-2,HIGH,FB,8528,8010,0.939258911819887,2309,7788,693,583,0.363860225140713,0.385892634207241,0.636139774859287,0.614107365792759,0.198189138576779,Take,Swing_including_bunts,4919,3969.15585283467,2069,0.00216400627466825,3091,2170.26209264373,1704,0.00323917614202291,0.21643663234516,0.148762610482169,0.208023737971814,0.152173175758694,-0.0676740218629908,0.0101815112662908,-0.0876398876873882,-0.0477081560385935,-0.105256694862204,-0.0300913488637774,Take,Take,관찰상 방향 뚜렷,TRUE,TRUE,,W per selected current decision; not PA sum,2024,8246,7695,0.933179723502304,2308,7493,687,591,0.348290080038807,0.37050032488629,0.651709919961193,0.62949967511371,0.186869525666017,Take,Swing_including_bunts,4844,3846.47962768648,2088,0.00213943335579423,2851,2012.5561950231,1589,0.00355221076586998,0.20661434839812,0.135923540484253,0.211392633665796,0.151572307675792,-0.0706908079138668,0.00996164927557754,-0.0902255304966674,-0.0511560853310662,-0.107461936886718,-0.0339196789410152,Take,Take,관찰상 방향 뚜렷,TRUE,TRUE,,W per selected current decision; not PA sum,2025,-0.00301678605087598,0.0142442138412487,4612.84570688489,-0.0309422595007136,0.0249086873989617,-0.0561052429262663,0.0500716708245143
region_pitch,0-2,HIGH,NFB,711,670,0.942334739803094,567,669,319,345,0.206751054852321,0.217910447761194,0.793248945147679,0.782089552238806,0.218567164179104,Take,Swing_including_bunts,524,285.37065919629,464,0.0142506870825616,146,104.072441606454,140,0.0311032912601098,0.23763350019384,0.113217270433295,0.219496540633212,0.120803881792658,-0.124416229760545,0.0401665248965065,-0.203309876027562,-0.0455225834935288,-0.273406423920616,0.024573964399526,Take,,비교 자료 부족,TRUE,FALSE,,W per selected current decision; not PA sum,2024,662,636,0.960725075528701,548,632,327,327,0.235649546827795,0.243710691823899,0.764350453172205,0.756289308176101,0.209125786163522,Take,Swing_including_bunts,481,299.525935109529,424,0.0172062286128403,155,105.349926132306,149,0.0426832603747412,0.201046583736061,0.138854081492492,0.22347669097286,0.12400648360235,-0.0621925022435682,0.036723001934283,-0.134327873538188,0.0099428690510513,-0.198440230723119,0.0740552262359826,Take,,비교 자료 부족,TRUE,FALSE,,W per selected current decision; not PA sum,2025,0.062223727516977,0.0544236032740118,1107.20735313603,-0.0445613066915748,0.169008761725529,-0.141133104654185,0.265580559688139
region_pitch,0-2,INSIDE,FB,2741,2605,0.95038307187158,1542,2561,573,511,0.369573148485954,0.386180422264875,0.630426851514046,0.613819577735125,0.212459884836852,Take,Swing_including_bunts,1599,1158.88894570469,1163,0.0048052143957624,1006,680.569576553949,799,0.00709975473183932,0.216014531943446,0.147982815981467,0.203745210803934,0.162688689129525,-0.068031715961979,0.0185829354743713,-0.104482229563198,-0.0315812023607604,-0.136680319780581,0.000616887856623061,Take,Take,차이 불명확,TRUE,TRUE,,W per selected current decision; not PA sum,2024,2425,2313,0.953814432989691,1446,2276,552,496,0.377731958762887,0.395157803718115,0.622268041237113,0.604842196281885,0.211189796800692,Take,Swing_including_bunts,1399,1027.56066367647,1047,0.00606521684178357,914,636.696161324939,728,0.0068976781724556,0.211639479648901,0.157203137180042,0.203714743590848,0.160618786690302,-0.0544363424688588,0.0192003193047282,-0.092099824128128,-0.0167728608095895,-0.125376840255927,0.0165041553182096,Take,Take,차이 불명확,TRUE,TRUE,,W per selected current decision; not PA sum,2025,0.0135953734931202,0.0267203621279384,2973.49293193337,-0.0387969001357441,0.0659876471219846,-0.0860362146382921,0.113226961624533
region_pitch,0-2,INSIDE,NFB,3326,3005,0.903487672880337,1645,2947,604,525,0.355983162958509,0.38801996672213,0.644016837041491,0.61198003327787,0.207475540765391,Take,Swing_including_bunts,1839,1391.1365058342,1234,0.00571321444074627,1166,672.960483621757,899,0.00867878948116306,0.220244164755225,0.0980580459028723,0.223235147083496,0.113871165073439,-0.122186118852353,0.0130097130155454,-0.147703474257226,-0.0966687634474794,-0.170239131336954,-0.074133106367751,Take,Take,관찰상 방향 뚜렷,TRUE,TRUE,,W per selected current decision; not PA sum,2024,3282,2982,0.908592321755027,1673,2938,610,530,0.3327239488117,0.361837692823608,0.6672760511883,0.638162307176392,0.199957075788062,Take,Swing_including_bunts,1903,1359.26990657509,1317,0.00450319007353301,1079,645.459434422236,834,0.00756891190007843,0.219057531287902,0.102600273566986,0.22750970397627,0.111998762866243,-0.116457257720917,0.0152669643723667,-0.146401634578963,-0.0865128808628709,-0.172845614501076,-0.0600689009407579,Take,Take,관찰상 방향 뚜렷,TRUE,TRUE,,W per selected current decision; not PA sum,2025,0.00572886113143575,0.020058236061378,3242.83646838926,-0.0335992379704966,0.0450569602333681,-0.0690540413192233,0.0805117635820948
region_pitch,0-2,LOW,FB,1520,1378,0.906578947368421,999,1374,422,438,0.201315789473684,0.21988388969521,0.798684210526316,0.78011611030479,0.212376632801161,Take,Swing_including_bunts,1075,736.211637038365,841,0.00658898528714408,303,201.106934265507,274,0.0244602486711959,0.23813439362195,0.108978802509108,0.215808003589772,0.145339820727162,-0.129155591112842,0.0243938819564155,-0.177024775255341,-0.0812864069703422,-0.21938718978392,-0.0389239924417641,Take,Take,관찰상 방향 뚜렷,TRUE,TRUE,,W per selected current decision; not PA sum,2024,1180,1080,0.915254237288136,834,1075,390,412,0.188135593220339,0.202777777777778,0.811864406779661,0.797222222222222,0.20465,Take,Swing_including_bunts,861,630.599751692645,704,0.00575086915026292,219,140.36417819921,196,0.0253596139237685,0.215673298664959,0.120453728889184,0.216821571575956,0.144701041225978,-0.095219569775775,0.0246405204796293,-0.143584375680803,-0.0468547638707466,-0.186429652862696,-0.00400948668885399,Take,,비교 자료 부족,TRUE,FALSE,,W per selected current decision; not PA sum,2025,0.0339360213370668,0.0346729970785706,1812.66123761769,-0.0340672113169799,0.101939253991114,-0.0954520449982403,0.163324087672374
region_pitch,0-2,LOW,NFB,15042,13988,0.92992953064752,2421,13592,746,595,0.342707086823561,0.364884186445525,0.657292913176439,0.635115813554475,0.182818844724049,Take,Swing_including_bunts,8884,6589.29382340811,2355,0.00187879408919496,5104,3155.57330168282,2096,0.0035445833736847,0.21757277056011,0.0830488675744055,0.220246609151268,0.105876633118905,-0.134523902985704,0.00668406296677191,-0.147630981129224,-0.121416824842184,-0.159194755921047,-0.109853050050361,Take,Take,관찰상 방향 뚜렷,TRUE,TRUE,,W per selected current decision; not PA sum,2024,15547,14501,0.932720138933556,2423,14085,755,613,0.335305846787162,0.356389214536929,0.664694153212839,0.643610785463071,0.185262395696848,Take,Swing_including_bunts,9333,6980.2563367598,2378,0.00202725318069874,5168,3279.70034467997,2084,0.00285956534056775,0.221758646005219,0.0795483070028967,0.223400719403342,0.10660953755699,-0.142210339002322,0.00599348465258513,-0.153963226373927,-0.130457451630717,-0.164332242253513,-0.120088435751132,Take,Take,관찰상 방향 뚜렷,TRUE,TRUE,,W per selected current decision; not PA sum,2025,-0.00768643601661817,0.00897766985495375,4785.11070196947,-0.0252867974828024,0.00991392544956608,-0.0411454116870833,0.0257725396538469
region_pitch,0-2,OUTSIDE,FB,5814,5291,0.910044719642243,2099,5196,677,561,0.250429996560028,0.273483273483274,0.749570003439973,0.726516726516727,0.209672084672085,Take,Swing_including_bunts,3844,2914.47141950316,1883,0.00274345182623448,1447,990.928117218583,1054,0.00524168395898288,0.203883594095961,0.172112717444296,0.205560821819158,0.151361961309817,-0.0317708766516649,0.0123299055735656,-0.0559509972108238,-0.0075907560925059,-0.0772910518028097,0.01374929849948,Take,Take,차이 불명확,TRUE,TRUE,,W per selected current decision; not PA sum,2024,5454,4935,0.904840484048405,2078,4888,668,566,0.240740740740741,0.262816616008105,0.759259259259259,0.737183383991895,0.192965957446809,Take,Swing_including_bunts,3638,2757.604161064,1855,0.00453520172808553,1297,887.076537332792,971,0.0064655175870365,0.193663440685732,0.14030540359864,0.208882017077794,0.151625045382719,-0.0533580370870921,0.0117097759699921,-0.0763221583854768,-0.0303939157887074,-0.0965895466731823,-0.0101265275010019,Take,Take,관찰상 방향 뚜렷,TRUE,TRUE,,W per selected current decision; not PA sum,2025,-0.0215871604354272,0.0170042766597244,4165.98106038026,-0.054924615932431,0.0117502950615765,-0.0849679058839308,0.0417935850130763
region_pitch,0-2,OUTSIDE,NFB,11346,10582,0.932663493742288,2385,10326,737,585,0.336241847347083,0.357021357021357,0.663758152652917,0.642978642978643,0.186870912870913,Take,Swing_including_bunts,6804,4925.04579049973,2261,0.00276074490094742,3778,2411.74899843448,1880,0.00287307189436137,0.206000490534379,0.102829310537694,0.213511196030186,0.112878775892187,-0.103171179996685,0.00730937915826168,-0.117504576946141,-0.0888377830472285,-0.130150687270167,-0.0761916727232024,Take,Take,관찰상 방향 뚜렷,TRUE,TRUE,,W per selected current decision; not PA sum,2024,11133,10356,0.930207491242253,2390,10072,746,597,0.334860325159436,0.356122054847431,0.665139674840564,0.643877945152569,0.191643008883739,Take,Swing_including_bunts,6668,5040.76536633558,2270,0.00218892144632361,3688,2381.74742168195,1837,0.00279243699106336,0.20571075928996,0.102869673264786,0.217381050895296,0.114346467392554,-0.102841086025174,0.00706591851442321,-0.116697051766863,-0.0889851202834858,-0.128921876877842,-0.0767602951725068,Take,Take,관찰상 방향 뚜렷,TRUE,TRUE,,W per selected current decision; not PA sum,2025,0.000330093971510459,0.0101663281538468,4767.19020351595,-0.0196006033431257,0.0202607912861466,-0.0375590159811902,0.0382192039242111
region_pitch,1-0,CENTER,FB,19792,19741,0.997423201293452,2426,19741,775,597,0.656477364591754,0.6564510409807,0.343522635408246,0.3435489590193,0.326359404285497,Take,Swing_including_bunts,6782,5851.9616362798,2260,0.00172519132881995,12959,12411.6067017426,2403,0.00127420443923491,0.295847664034133,0.342578005948075,0.295691423603608,0.340512313872944,0.0467303419139415,0.00841709946310239,0.030224891990995,0.0632357918368879,0.0156629539702418,0.0777977298576411,Swing_including_bunts,Swing_including_bunts,관찰상 방향 뚜렷,TRUE,TRUE,,W per selected current decision; not PA sum,2024,20633,20568,0.9968497067804,2430,20568,782,618,0.641011971114235,0.640801244651886,0.358988028885766,0.359198755348114,0.324839313496694,Take,Swing_including_bunts,7388,6396.06102290748,2311,0.00165336078178571,13180,12612.6230569034,2416,0.00137717235213109,0.293826715670767,0.338750202356398,0.299635543016593,0.340749515166241,0.0449234866856313,0.00833495751677948,0.0285791258548696,0.0612678475163931,0.014159359686661,0.0756876136846017,Swing_including_bunts,Swing_including_bunts,관찰상 방향 뚜렷,TRUE,TRUE,,W per selected current decision; not PA sum,2025,-0.00180685522831012,0.0118456354906893,4853.45151107695,-0.025029665496315,0.0214159550396948,-0.0459540001186073,0.0423402896619871
region_pitch,1-0,CENTER,NFB,11130,11101,0.997394429469901,2392,11101,760,587,0.591734052111411,0.591388163228538,0.408265947888589,0.408611836771462,0.317792000720656,Take,Swing_including_bunts,4536,4171.07728916519,2004,0.00219568398129052,6565,6357.34496850607,2238,0.00143869615226002,0.298435200270337,0.328460177997823,0.298839095822358,0.336244795472561,0.0300249777274857,0.010436295098268,0.0095598555010541,0.0504900999539173,-0.0084960555007152,0.0685460109556866,Swing_including_bunts,Swing_including_bunts,차이 불명확,TRUE,TRUE,,W per selected current decision; not PA sum,2024,11591,11560,0.997325511172461,2398,11560,783,604,0.580018980243292,0.580190311418685,0.419981019756708,0.419809688581315,0.321275951557093,Take,Swing_including_bunts,4853,4496.77298328357,2067,0.00176954556814094,6707,6477.7647560482,2248,0.00145114719658668,0.293020020214426,0.339035712601739,0.302839168011778,0.336819789569419,0.0460156923873127,0.00980615052748017,0.0267862807225478,0.0652451040520776,0.00982070141276779,0.0822106833618576,Swing_including_bunts,Swing_including_bunts,관찰상 방향 뚜렷,TRUE,TRUE,,W per selected current decision; not PA sum,2025,0.015990714659827,0.0143205043048677,4768.79968323558,-0.0120840836263,0.044065512945954,-0.0373806708689172,0.0693621001885711
region_pitch,1-0,HIGH,FB,5292,4685,0.885298563869992,2044,4685,661,557,0.241118669690098,0.270010672358591,0.758881330309902,0.729989327641409,0.368533191035219,Take,Swing_including_bunts,3420,3268.13417007226,1797,0.00278056294543671,1265,909.812894071743,978,0.00698315947191858,0.392383162809602,0.290712900179239,0.392450337721769,0.276810557627992,-0.101670262630363,0.0174101231362308,-0.135813704842845,-0.0675268204178812,-0.165948855519934,-0.0373916697407915,Take,Take,관찰상 방향 뚜렷,TRUE,TRUE,,W per selected current decision; not PA sum,2024,5433,4767,0.877415792379901,2026,4767,683,562,0.228971102521627,0.257814138871408,0.771028897478373,0.742185861128592,0.376831760016782,Take,Swing_including_bunts,3538,3388.11166553894,1820,0.00216828712485428,1229,882.661485529419,948,0.00752497608039347,0.396512148268881,0.290304500046034,0.396199289950318,0.276590862899405,-0.106207648222848,0.0170229010791753,-0.139591875164528,-0.0728234212811675,-0.169057606287938,-0.0433576901577576,Take,Take,관찰상 방향 뚜렷,TRUE,TRUE,,W per selected current decision; not PA sum,2025,-0.00453738559248472,0.0243493644428372,4066.67303039009,-0.0522754711706346,0.0432006999856652,-0.0952977602152055,0.0862229890302361
region_pitch,1-0,HIGH,NFB,1584,1372,0.866161616161616,1027,1372,480,438,0.0833333333333333,0.0962099125364431,0.916666666666667,0.903790087463557,0.383801749271137,Take,Swing_including_bunts,1240,1163.84721638406,950,0.00424657466347431,132,85.9742369232374,126,0.039110664638981,0.389112031930482,0.260852828592301,0.407030459093166,0.270270035533147,-0.128259203338181,0.0230872351780124,-0.173562796018012,-0.0829556106583505,-0.213649051793237,-0.0428693548831249,Take,,비교 자료 부족,TRUE,FALSE,,W per selected current decision; not PA sum,2024,1570,1339,0.852866242038217,976,1339,484,444,0.0662420382165605,0.0769230769230769,0.93375796178344,0.923076923076923,0.40247498132935,Take,Swing_including_bunts,1236,1172.60626775468,928,0.00493988536201719,103,77.3957455690665,100,0.0499877590071788,0.41347057186448,0.26990786270385,0.41032553866715,0.269889958033822,-0.14356270916063,0.0218549739635854,-0.186450911270868,-0.100674507050392,-0.224410016635805,-0.0627154016854539,Take,,비교 자료 부족,TRUE,FALSE,,W per selected current decision; not PA sum,2025,-0.0153035058224485,0.0317908841511816,1999.28144974028,-0.0776502381066317,0.0470432264617348,-0.133913746863827,0.10330673521893
region_pitch,1-0,INSIDE,FB,6069,5630,0.927665183720547,2156,5630,701,548,0.348986653484923,0.373001776198934,0.651013346515077,0.626998223801066,0.364223978685613,Take,Swing_including_bunts,3530,3384.11933200327,1820,0.00253841847606359,2100,1479.95793474356,1414,0.00371126243181195,0.38422885952908,0.316986145050322,0.379101961970066,0.290846939419831,-0.0672427144787581,0.0204605841694297,-0.107367258453525,-0.0271181705039911,-0.142776667715902,0.00829123875838542,Take,Take,차이 불명확,TRUE,TRUE,,W per selected current decision; not PA sum,2024,6196,5711,0.921723692704971,2171,5711,713,576,0.341833440929632,0.367011031343022,0.658166559070368,0.632988968656978,0.363424794256698,Take,Swing_including_bunts,3615,3480.71835329065,1854,0.00253349733798716,2096,1516.48826757902,1346,0.00466009521673402,0.388316928413458,0.290261327431133,0.381447025180163,0.290538903972024,-0.0980556009823258,0.020714387480562,-0.138677712055679,-0.0574334899089722,-0.174525619701767,-0.0215855822628844,Take,Take,관찰상 방향 뚜렷,TRUE,TRUE,,W per selected current decision; not PA sum,2025,-0.0308128865035678,0.0291156547796745,4324.66056070655,-0.0878944969018042,0.0262687238946686,-0.139333318536557,0.0777075455294214
region_pitch,1-0,INSIDE,NFB,2975,2639,0.887058823529412,1553,2639,614,512,0.26453781512605,0.294808639636226,0.73546218487395,0.705191360363774,0.385785145888594,Take,Swing_including_bunts,1861,1769.62017390955,1243,0.00351825744041406,778,512.187139326581,649,0.00760644540784803,0.397687670315178,0.368769695722542,0.400056115275123,0.278550190877317,-0.0289179745926361,0.0336983871999526,-0.0950171481887952,0.037181199003523,-0.153403601433711,0.0955676522484393,Take,Take,차이 불명확,TRUE,TRUE,,W per selected current decision; not PA sum,2024,3156,2784,0.88212927756654,1623,2784,652,531,0.262040557667934,0.289511494252874,0.737959442332066,0.710488505747127,0.380757543103448,Take,Swing_including_bunts,1978,1894.64881055795,1326,0.00281478417266064,806,510.794927353823,687,0.00777639823697523,0.410445422693363,0.278801332842418,0.402293616607249,0.279429496936767,-0.131644089850945,0.0257531600093578,-0.18215704912605,-0.0811311305758398,-0.226769493894048,-0.0365186858078416,Take,Take,관찰상 방향 뚜렷,TRUE,TRUE,,W per selected current decision; not PA sum,2025,-0.102726115258309,0.0424123395999975,2935.99612417277,-0.185887056239267,-0.0195651742773508,-0.260870539368422,0.0554183088518042
region_pitch,1-0,LOW,FB,4802,4377,0.91149521032903,1979,4377,652,544,0.158059142024157,0.171121772903815,0.841940857975843,0.828878227096185,0.388574366004112,Take,Swing_including_bunts,3628,3458.393154494,1824,0.0022514847868159,749,502.563944835185,632,0.00826976517069705,0.401912542518216,0.31357589627257,0.392000703377991,0.278295985452554,-0.0883366462456469,0.0185103222486632,-0.124638424506812,-0.0520348679844821,-0.15668121400627,-0.0199920784850242,Take,Take,관찰상 방향 뚜렷,TRUE,TRUE,,W per selected current decision; not PA sum,2024,4494,4046,0.900311526479751,1926,4046,655,544,0.148642634623943,0.163124073158675,0.851357365376057,0.836875926841325,0.395309935739002,Take,Swing_including_bunts,3386,3245.13362661101,1779,0.0023655722749021,660,452.911563098896,558,0.0124789480749201,0.410349912770509,0.306387893431596,0.394688274112171,0.277193338430454,-0.103962019338912,0.0193159504804225,-0.141844405313478,-0.0660796333643473,-0.175284785059064,-0.0326392536187613,Take,Take,관찰상 방향 뚜렷,TRUE,TRUE,,W per selected current decision; not PA sum,2025,-0.0156253730932655,0.026753279662716,3890.72824776764,-0.0680771548124027,0.0368264086258716,-0.115350280945992,0.0840995347594612
region_pitch,1-0,LOW,NFB,8485,7769,0.915615792575133,2303,7769,725,567,0.319622863877431,0.343931007851718,0.680377136122569,0.656068992148282,0.371134380229116,Take,Swing_including_bunts,5097,4881.63220541925,2076,0.0017992948070524,2672,1799.15483481303,1620,0.00316484381511073,0.404909541939357,0.308154934206971,0.407046133398231,0.268807971558677,-0.0967546077323861,0.0167204162862803,-0.129543261195722,-0.0639659542690505,-0.158474377186914,-0.0350348382778579,Take,Take,관찰상 방향 뚜렷,TRUE,TRUE,,W per selected current decision; not PA sum,2024,8252,7518,0.911051866214251,2286,7518,734,575,0.322588463402811,0.348496940675712,0.677411536597189,0.651503059324288,0.386050678371907,Take,Swing_including_bunts,4898,4694.99073045056,2051,0.00220151434618188,2620,1743.91859320515,1585,0.00364209537218464,0.428445985610041,0.282944283513405,0.411493680080249,0.270380603732849,-0.145501702096636,0.0166402589584959,-0.178133295149703,-0.11287010904357,-0.20692631288619,-0.0840770913070825,Take,Take,관찰상 방향 뚜렷,TRUE,TRUE,,W per selected current decision; not PA sum,2025,-0.0487470943642502,0.0235896277840985,4586.99445627682,-0.094994118321387,-0.00250007040711339,-0.136666486914003,0.0391722981855024
region_pitch,1-0,OUTSIDE,FB,8144,7474,0.917730844793713,2288,7474,722,573,0.159749508840864,0.172865935242173,0.840250491159136,0.827134064757827,0.367183034519668,Take,Swing_including_bunts,6182,5915.22814217498,2210,0.00185880205745117,1292,983.973711202798,966,0.00601055460250385,0.373488168474147,0.307061259525831,0.381435808671905,0.291204610005271,-0.0664269089483163,0.012769043284514,-0.091467025935863,-0.0413867919607697,-0.113561537090269,-0.0192922808063639,Take,Take,관찰상 방향 뚜렷,TRUE,TRUE,,W per selected current decision; not PA sum,2024,7911,7186,0.90835545443054,2279,7186,740,574,0.162684869169511,0.17784581129975,0.837315130830489,0.822154188700251,0.373904397439466,Take,Swing_including_bunts,5908,5665.32996320266,2183,0.00170680805341408,1278,930.95480273626,970,0.00635875205442474,0.38225954025818,0.28855151196674,0.383533495708638,0.291318890066362,-0.0937080282914404,0.012216031707691,-0.11766373869137,-0.0697523178915108,-0.138801597948481,-0.0486144586343997,Take,Take,관찰상 방향 뚜렷,TRUE,TRUE,,W per selected current decision; not PA sum,2025,-0.0272811193431241,0.0176714429825384,4556.85639109385,-0.0619257131900718,0.00736347450382364,-0.0931435771537167,0.0385813384674686
region_pitch,1-0,OUTSIDE,NFB,7527,6935,0.92134980736017,2240,6935,734,566,0.230104955493557,0.246575342465753,0.769895044506443,0.753424657534247,0.377240374909877,Take,Swing_including_bunts,5225,4989.78909082243,2086,0.00190108466937777,1710,1161.65135117212,1208,0.00494526200943044,0.395049530374393,0.284224566867641,0.396510514809682,0.281315117748224,-0.110824963506751,0.0142822817245539,-0.138832861749516,-0.0828170652639869,-0.163547243335911,-0.058102683677592,Take,Take,관찰상 방향 뚜렷,TRUE,TRUE,,W per selected current decision; not PA sum,2024,7260,6658,0.917079889807163,2235,6658,744,558,0.220661157024793,0.236407329528387,0.779338842975207,0.763592670471613,0.374719435265846,Take,Swing_including_bunts,5084,4856.09178997891,2080,0.00201351429497511,1574,1063.30245262293,1135,0.00606007113901661,0.401665895799692,0.272907081292287,0.400213612368572,0.283428595058376,-0.128758814507405,0.0156246731798462,-0.159399211797097,-0.0981184172177125,-0.186436671125548,-0.0710809578892613,Take,Take,관찰상 방향 뚜렷,TRUE,TRUE,,W per selected current decision; not PA sum,2025,-0.0179338510006534,0.0211687029181415,4436.49631484028,-0.0594350686270694,0.0235673666257625,-0.0968325396150671,0.0609648376137603
region_pitch,1-1,CENTER,FB,16513,16392,0.99267243989584,2426,16392,766,598,0.812693029734149,0.811920448999512,0.187306970265851,0.188079551000488,0.27446486090776,Take,Swing_including_bunts,3083,2538.71932280356,1723,0.00253187797543265,13309,13174.1431445884,2416,0.00121110070484292,0.221945632615898,0.285564142664762,0.240660913782759,0.286472278566706,0.0636185100488637,0.010720417204535,0.0425963859670215,0.0846406341307059,0.0240496108488961,0.103187409248831,Swing_including_bunts,Swing_including_bunts,관찰상 방향 뚜렷,TRUE,TRUE,,W per selected current decision; not PA sum,2024,16748,16660,0.994745641270599,2422,16660,769,605,0.802304752806305,0.801800720288115,0.197695247193695,0.198199279711885,0.277619327731092,Take,Swing_including_bunts,3302,2735.9734005926,1791,0.00386091349401384,13358,13213.2131659268,2411,0.00126732163027202,0.231974898522344,0.287029574629517,0.244401607775471,0.286273566810212,0.0550546761071728,0.0107994723892842,0.0338775118640787,0.0762318403502669,0.0151938862796979,0.0949154659346477,Swing_including_bunts,Swing_including_bunts,관찰상 방향 뚜렷,TRUE,TRUE,,W per selected current decision; not PA sum,2025,-0.00856383394169089,0.015216962539423,4845.67635841867,-0.0383959839875543,0.0212683161041725,-0.0652755465873556,0.0481478787039739
region_pitch,1-1,CENTER,NFB,12353,12262,0.992633368412531,2412,12262,771,594,0.806605682830082,0.806556842276953,0.193394317169918,0.193443157723047,0.279630484423422,Take,Swing_including_bunts,2372,2006.42363210562,1502,0.00277565665311913,9890,9816.73393604623,2382,0.00138494910431413,0.210641378790673,0.290756583019644,0.233379792782934,0.296004750364408,0.0801152042289715,0.0119376759144829,0.0567060376622007,0.103524370795742,0.0360530362795254,0.124177372178418,Swing_including_bunts,Swing_including_bunts,관찰상 방향 뚜렷,TRUE,TRUE,,W per selected current decision; not PA sum,2024,13261,13166,0.992836136038006,2410,13166,794,605,0.801447854611266,0.800926629196415,0.198552145388734,0.199073370803585,0.284992024912654,Take,Swing_including_bunts,2621,2226.36421486933,1594,0.0028410609983356,10545,10461.4595187094,2381,0.00124443631144915,0.20225624755926,0.300306234473619,0.238300656367667,0.296647397273933,0.0980499869143595,0.0118251589622008,0.0748614506165922,0.121238523212127,0.0544030661208931,0.141696907707826,Swing_including_bunts,Swing_including_bunts,관찰상 방향 뚜렷,TRUE,TRUE,,W per selected current decision; not PA sum,2025,0.017934782685388,0.016803050042196,4819.60483957118,-0.0150068629462972,0.0508764283170732,-0.0446883393561807,0.0805579047269567
region_pitch,1-1,HIGH,FB,6400,6015,0.93984375,2192,6015,675,560,0.33625,0.356109725685786,0.66375,0.643890274314215,0.303720033250208,Take,Swing_including_bunts,3873,3275.12487865107,1887,0.00250151508689562,2142,1486.07731324994,1391,0.00375414681369137,0.331442548301502,0.231385797223744,0.330514380246915,0.218068085885186,-0.100056751077757,0.0142458749803567,-0.127993585846947,-0.0721199163085685,-0.152646515695506,-0.0474669864600093,Take,Take,관찰상 방향 뚜렷,TRUE,TRUE,,W per selected current decision; not PA sum,2024,6271,5835,0.930473608674852,2165,5835,700,570,0.327380003189284,0.349443016281063,0.672619996810716,0.650556983718937,0.307729734361611,Take,Swing_including_bunts,3796,3268.18093610594,1883,0.00227345040086106,2039,1372.18433468517,1334,0.00465023292893249,0.33591977021269,0.232714280867094,0.334275992171669,0.218304946037298,-0.103205489345596,0.0149000740160715,-0.132425440879813,-0.0739855378113782,-0.15821142444789,-0.0481995542433018,Take,Take,관찰상 방향 뚜렷,TRUE,TRUE,,W per selected current decision; not PA sum,2025,-0.00314873826783821,0.020614489070563,4343.67134353977,-0.0435636559754806,0.0372661794398042,-0.0799831716987647,0.0736856951630883
region_pitch,1-1,HIGH,NFB,1691,1555,0.919574216439976,1122,1555,505,452,0.154937906564163,0.167202572347267,0.845062093435837,0.832797427652733,0.29795498392283,Take,Swing_including_bunts,1295,987.908707427812,980,0.00553876810292017,260,207.43451164967,246,0.0190610838644523,0.297479245269586,0.211060493166439,0.338612008732248,0.213062227840292,-0.0864187521031468,0.0243668886862962,-0.134228596567059,-0.0386089076392347,-0.176514286943382,0.00367678273708871,Take,Take,차이 불명확,TRUE,TRUE,,W per selected current decision; not PA sum,2024,1639,1495,0.912141549725442,1072,1495,502,449,0.140939597315436,0.153177257525084,0.859060402684564,0.846822742474916,0.343551170568562,Take,Swing_including_bunts,1266,998.382663927815,954,0.00533408704464346,229,152.564970996679,214,0.0407935292381838,0.377037844997568,0.226681544486917,0.345399517884985,0.21458600421957,-0.150356300510651,0.027368201141569,-0.204057677195816,-0.0966549238254869,-0.251564465853409,-0.049148135167894,Take,,비교 자료 부족,TRUE,FALSE,,W per selected current decision; not PA sum,2025,-0.0639375484075045,0.0366437402290722,2150.75368159041,-0.135798399757459,0.00792330294245003,-0.200635633563136,0.0727605367481269
region_pitch,1-1,INSIDE,FB,6582,6334,0.962321482831966,2211,6334,687,568,0.414767547857794,0.429270603094411,0.585232452142206,0.570729396905589,0.304829333754342,Take,Swing_including_bunts,3615,3132.34173308565,1829,0.00228405399723577,2719,1893.89784480646,1603,0.00417468816170628,0.332629596157108,0.24006535866023,0.31871906139866,0.23117793532248,-0.0925642374968775,0.0157062266277003,-0.123364744570861,-0.0617637304228941,-0.150544174238743,-0.034584300755012,Take,Take,관찰상 방향 뚜렷,TRUE,TRUE,,W per selected current decision; not PA sum,2024,6247,6003,0.960941251800864,2201,6003,700,564,0.416840083239955,0.431617524571048,0.583159916760045,0.568382475428952,0.295779610194903,Take,Swing_including_bunts,3412,2956.71835973177,1823,0.00248148856012124,2591,1793.65633681558,1557,0.0038990077635011,0.335561331204906,0.216211535841423,0.322632776097156,0.23188561268131,-0.119349795363483,0.0158344933354223,-0.150401915667202,-0.0882976750597629,-0.177803670802068,-0.060895919924897,Take,Take,관찰상 방향 뚜렷,TRUE,TRUE,,W per selected current decision; not PA sum,2025,-0.0267855578666051,0.022302841390061,4409.52298620955,-0.0705103256471744,0.0169392099139643,-0.109911764009408,0.0563406482761977
region_pitch,1-1,INSIDE,NFB,3721,3469,0.932276269819941,1778,3469,658,534,0.344262295081967,0.362928797924474,0.655737704918033,0.637071202075526,0.314316517728452,Take,Swing_including_bunts,2210,1766.26308647507,1438,0.00314177911221314,1259,790.916691791934,932,0.00645477281752413,0.347666456550433,0.243510895849892,0.334507377312073,0.215460234232209,-0.104155560700541,0.0203018902905349,-0.143973655395901,-0.0643374660051818,-0.17913068200347,-0.0291804393976126,Take,Take,관찰상 방향 뚜렷,TRUE,TRUE,,W per selected current decision; not PA sum,2024,3970,3674,0.92544080604534,1860,3674,682,540,0.33375314861461,0.356559608056614,0.66624685138539,0.643440391943386,0.317869896570495,Take,Swing_including_bunts,2364,1918.39041514154,1474,0.00346685720908088,1310,828.530532842105,994,0.00696740196713901,0.35236067563203,0.212055173578781,0.337164173546765,0.216369524809809,-0.140305502053249,0.0178480586418515,-0.17530984468967,-0.105301159416828,-0.206212620105377,-0.074398384001121,Take,Take,관찰상 방향 뚜렷,TRUE,TRUE,,W per selected current decision; not PA sum,2025,-0.0361499413527076,0.0270318320994321,3555.25626701815,-0.0891494019328698,0.0168495192274547,-0.136922266016959,0.0646223833115435
region_pitch,1-1,LOW,FB,3821,3586,0.938497775451452,1805,3586,609,520,0.202826485213295,0.213887339654211,0.797173514786705,0.786112660345789,0.311572225320692,Take,Swing_including_bunts,2819,2329.92170521131,1631,0.00250448038000956,767,487.261856421247,635,0.00863635305400299,0.327128145402589,0.247397100924263,0.329486657055705,0.215080820684567,-0.0797310444783266,0.0193584611658958,-0.117698404454232,-0.0417636845024214,-0.151219872208146,-0.00824221674850724,Take,Take,관찰상 방향 뚜렷,TRUE,TRUE,,W per selected current decision; not PA sum,2024,3443,3254,0.945106012198664,1740,3254,630,525,0.203601510310775,0.213583282114321,0.796398489689225,0.786416717885679,0.317037185003073,Take,Swing_including_bunts,2559,2137.23053640254,1557,0.00339608457231185,695,437.304587334133,577,0.0132203944279197,0.331798329639045,0.236790735197727,0.33073560455926,0.216204167430688,-0.0950075944413182,0.0184683654204878,-0.13123013653824,-0.0587850523443961,-0.163214549338747,-0.0268006395438898,Take,Take,관찰상 방향 뚜렷,TRUE,TRUE,,W per selected current decision; not PA sum,2025,-0.0152765499629916,0.0267550096246697,3540.08521217458,-0.0677333402470555,0.0371802403210723,-0.115017351722936,0.0844642517969524
region_pitch,1-1,LOW,NFB,12794,12122,0.947475379083946,2406,12122,748,587,0.387369079255901,0.405296155749876,0.612630920744099,0.594703844250124,0.303316696914701,Take,Swing_including_bunts,7209,6082.33820591239,2306,0.00175020556582884,4913,3125.09605810376,2074,0.00242885139071962,0.341618815865459,0.228629746077122,0.338073425275175,0.207176686484891,-0.112989069788337,0.0102307535244761,-0.133051074752241,-0.092927064824433,-0.150751100340959,-0.0752270392357148,Take,Take,관찰상 방향 뚜렷,TRUE,TRUE,,W per selected current decision; not PA sum,2024,12633,11965,0.947122615372437,2402,11965,770,594,0.389772817224729,0.40685332218972,0.610227182775271,0.59314667781028,0.304668783953197,Take,Swing_including_bunts,7097,6001.84387406122,2265,0.00204662135853805,4868,3138.428616767,2077,0.00286662141618466,0.349745248694899,0.222439140841634,0.342353504426686,0.208470918820153,-0.127306107853265,0.0105603725193784,-0.1480144968411,-0.106597718865429,-0.166284870956667,-0.0883273447498626,Take,Take,관찰상 방향 뚜렷,TRUE,TRUE,,W per selected current decision; not PA sum,2025,-0.0143170380649279,0.0147033936703954,4800.9190389519,-0.0431424272770952,0.0145083511472394,-0.0691151360036298,0.040481059873774
region_pitch,1-1,OUTSIDE,FB,7084,6709,0.947063805759458,2240,6709,706,561,0.238142292490119,0.250558950663288,0.761857707509881,0.749441049336712,0.304167983306007,Take,Swing_including_bunts,5028,4215.16049211003,2093,0.00210153564819379,1681,1218.79492524095,1181,0.00550106746475097,0.316019802490371,0.2301975757751,0.318902910436421,0.228207005687948,-0.0858222267152715,0.0117257206539845,-0.10881664716108,-0.0628278062694629,-0.129107097959277,-0.0425373554712661,Take,Take,관찰상 방향 뚜렷,TRUE,TRUE,,W per selected current decision; not PA sum,2024,6561,6179,0.941777168114617,2198,6179,720,573,0.236854138088706,0.250040459621298,0.763145861911294,0.749959540378702,0.305356044667422,Take,Swing_including_bunts,4634,3923.68578495781,2056,0.00210551027247248,1545,1150.63240534495,1140,0.0064905770219471,0.316736907446585,0.228433824580015,0.321391779038856,0.228162166009022,-0.0883030828665702,0.0124224670251819,-0.112664091602896,-0.0639420741302446,-0.134161385370574,-0.042444780362566,Take,Take,관찰상 방향 뚜렷,TRUE,TRUE,,W per selected current decision; not PA sum,2025,-0.00248085615129866,0.0170824533322065,4416.09978214366,-0.0359710283940716,0.0310093160914743,-0.0661497729686455,0.0611880606660482
region_pitch,1-1,OUTSIDE,NFB,10604,10055,0.9482270841192,2396,10055,763,580,0.334967936627688,0.351367478866236,0.665032063372312,0.648632521133764,0.297493088015913,Take,Swing_including_bunts,6522,5362.46720594062,2271,0.00163525010739811,3533,2260.8502885757,1853,0.00305492932580914,0.322921474093107,0.219634291341209,0.328034604471448,0.219257688409016,-0.103287182751897,0.0111562481055286,-0.125164083107292,-0.0814102823965022,-0.144465503626068,-0.0621088618777262,Take,Take,관찰상 방향 뚜렷,TRUE,TRUE,,W per selected current decision; not PA sum,2024,10354,9852,0.951516322194321,2380,9852,773,590,0.32132509175198,0.334754364596021,0.67867490824802,0.665245635403979,0.304034307754771,Take,Swing_including_bunts,6554,5469.89264817532,2253,0.00188488732098431,3298,2124.49975375263,1760,0.00383136613521721,0.334259507292605,0.227536994865405,0.332811900745474,0.220783150969348,-0.1067225124272,0.0114631973429974,-0.129201402860902,-0.0842436219934982,-0.149034233380041,-0.0644107914743592,Take,Take,관찰상 방향 뚜렷,TRUE,TRUE,,W per selected current decision; not PA sum,2025,-0.00343532967530265,0.0159958358680193,4769.56690381856,-0.034794549819587,0.0279238904689817,-0.0630505357941177,0.0561798764435124
region_pitch,1-2,CENTER,FB,11532,11033,0.956729101630246,2383,10307,739,592,0.888310787374263,0.8850720565576,0.111689212625737,0.1149279434424,0.236984682316686,Take,Swing_including_bunts,1268,1099.27017526358,987,0.00510119776459451,9765,9740.54726149721,2361,0.00147868558841027,0.0333309503522892,0.262844419295153,0.101828417172463,0.252886685886037,0.229513468942864,0.00699365233144428,0.215799193684263,0.243227744201465,0.203699301635713,0.255327636250015,Swing_including_bunts,Swing_including_bunts,관찰상 방향 뚜렷,TRUE,TRUE,,W per selected current decision; not PA sum,2024,11318,10877,0.96103551864287,2397,10149,742,606,0.886375684749956,0.883331801048083,0.113624315250044,0.116668198951917,0.221558242162361,Take,Swing_including_bunts,1269,1092.46517176202,996,0.00412708040607281,9608,9580.84505875745,2371,0.00186227200313575,0.0325097998713523,0.246296554367948,0.105691520694908,0.252359216805973,0.213786754496596,0.00697077836348006,0.200117374788146,0.227456134205046,0.188057247327161,0.239516261666031,Swing_including_bunts,Swing_including_bunts,관찰상 방향 뚜렷,TRUE,TRUE,,W per selected current decision; not PA sum,2025,-0.0157267144462681,0.00987435688669788,4777.81597638673,-0.0350850023309331,0.00363157343839694,-0.0525276064653874,0.0210741775728513
region_pitch,1-2,CENTER,NFB,9564,8491,0.887808448347972,2325,8078,735,589,0.927540777917189,0.921210693675657,0.0724592220828105,0.0787893063243434,0.247919679660817,Take,Swing_including_bunts,669,597.398546531503,573,0.00595857568650191,7822,7809.6597748978,2299,0.00157933561867464,0.0519271775217217,0.264585811108304,0.121322101163575,0.259544109014633,0.212658633586583,0.009109011951011,0.194795995252728,0.230521271920437,0.179035207646818,0.246282059526347,Swing_including_bunts,Swing_including_bunts,관찰상 방향 뚜렷,TRUE,TRUE,,W per selected current decision; not PA sum,2024,9928,9039,0.910455278001612,2349,8580,739,596,0.926873489121676,0.923553490430357,0.0731265108783239,0.0764465095696426,0.238294169709039,Take,Swing_including_bunts,691,617.149097331574,601,0.00894545139987089,8348,8332.49200495905,2323,0.00166293525570525,0.0500541728946929,0.253720900448242,0.125137233599604,0.259762691180448,0.203666727553549,0.00815329285435739,0.187678325454533,0.219655129652566,0.173571560383866,0.233761894723232,Swing_including_bunts,Swing_including_bunts,관찰상 방향 뚜렷,TRUE,TRUE,,W per selected current decision; not PA sum,2025,-0.00899190603303324,0.0122249860160483,4610.46419127897,-0.0329587302118107,0.0149749181457442,-0.0545546812385074,0.0365708691724409
region_pitch,1-2,HIGH,FB,10082,9677,0.959829398928784,2336,9401,723,589,0.406367784169808,0.421824945747649,0.593632215830192,0.578175054252351,0.229823602356102,Take,Swing_including_bunts,5595,4311.96600200619,2145,0.00254145109434762,4082,2880.31453348377,1895,0.00301460091072346,0.252350726192522,0.177796954578962,0.243023332152102,0.166563476456786,-0.0745537716135597,0.0110283277588212,-0.0961801069036322,-0.0529274363234872,-0.115261525647566,-0.0338460175795538,Take,Take,관찰상 방향 뚜렷,TRUE,TRUE,,W per selected current decision; not PA sum,2024,9781,9377,0.958695429915142,2339,9137,719,599,0.400265821490645,0.415697984429988,0.599734178509355,0.584302015570012,0.221715687320038,Take,Swing_including_bunts,5479,4238.56333249073,2118,0.0023043200759967,3898,2931.70910345221,1864,0.00277633762084265,0.25018116997427,0.150425962754114,0.246428472718631,0.16719831344673,-0.0997552072201558,0.00905205690547767,-0.1175061021619,-0.0820043122784115,-0.13316808494192,-0.0663423294983914,Take,Take,관찰상 방향 뚜렷,TRUE,TRUE,,W per selected current decision; not PA sum,2025,-0.0252014356065961,0.0142675767871069,4500.81965619052,-0.0531728943327695,0.00277002311957726,-0.0783780338507438,0.0279751626375516
region_pitch,1-2,HIGH,NFB,1173,1128,0.961636828644501,821,1126,435,428,0.262574595055413,0.272163120567376,0.737425404944587,0.727836879432624,0.254793439716312,Take,Swing_including_bunts,821,473.215986946696,656,0.00972216976723526,307,254.612042594023,276,0.0209552425811935,0.292233524820509,0.134070012261272,0.250523958350397,0.13509322792308,-0.158163512559237,0.0309846452223469,-0.218982070478142,-0.0973449546403321,-0.272865182282159,-0.0434618428363148,Take,Take,관찰상 방향 뚜렷,TRUE,TRUE,,W per selected current decision; not PA sum,2024,1167,1128,0.966580976863753,863,1121,425,411,0.251928020565553,0.25709219858156,0.748071979434447,0.74290780141844,0.248123226950355,Take,Swing_including_bunts,838,478.096364865646,694,0.00944550563402585,290,187.774797082919,270,0.0401384433074767,0.245584066240358,0.170523776148358,0.253023756492474,0.137082200410581,-0.0750602900920009,0.0319732197340177,-0.137814762872962,-0.0123058173110402,-0.193395826725591,0.0432752465415896,Take,,비교 자료 부족,TRUE,FALSE,,W per selected current decision; not PA sum,2025,0.0831032224672362,0.0445234210243831,1681.93049727532,-0.00422392151277036,0.170430366447243,-0.0830698705812736,0.249276315515746
region_pitch,1-2,INSIDE,FB,4599,4476,0.973255055446836,1984,4402,649,546,0.407045009784736,0.415996425379803,0.592954990215264,0.584003574620197,0.247182529043789,Take,Swing_including_bunts,2614,1826.38752181816,1576,0.0040277337006902,1862,1263.6748923255,1235,0.00439050616491608,0.257664831019103,0.183532688360384,0.234627240979749,0.178987690059515,-0.0741321426587191,0.0169318973204421,-0.107338319455452,-0.0409259658619857,-0.136648494487147,-0.0116157908302912,Take,Take,관찰상 방향 뚜렷,TRUE,TRUE,,W per selected current decision; not PA sum,2024,4247,4129,0.972215681657641,1934,4059,663,555,0.415587473510714,0.425284572535723,0.584412526489287,0.574715427464277,0.228693630418988,Take,Swing_including_bunts,2373,1691.03792651096,1475,0.0035019099463242,1756,1255.06958744522,1181,0.00467707651194574,0.232913411384304,0.168705737952815,0.236727139100945,0.182388016816212,-0.0642076734314889,0.0139729550323516,-0.0916113208996783,-0.0368040259632996,-0.11580140558618,-0.0126139412767982,Take,Take,관찰상 방향 뚜렷,TRUE,TRUE,,W per selected current decision; not PA sum,2025,0.00992446922723014,0.0219529637909353,3797.05009526882,-0.033116268940831,0.0529652073952913,-0.0719088222368219,0.0917577606912821
region_pitch,1-2,INSIDE,NFB,4808,4544,0.945091514143095,1978,4472,675,559,0.397046589018303,0.415713028169014,0.602953410981697,0.584286971830986,0.23046963028169,Take,Swing_including_bunts,2655,1848.81124208296,1562,0.00354155064077594,1889,1129.50689773496,1244,0.00561924168215187,0.274787755661705,0.0999984158492965,0.253907388097518,0.126571388627995,-0.174789339812408,0.0118038470736506,-0.197938627331356,-0.151640052293461,-0.218372026731803,-0.131206652893013,Take,Take,관찰상 방향 뚜렷,TRUE,TRUE,,W per selected current decision; not PA sum,2024,4877,4605,0.94422800902194,2002,4527,676,559,0.383842526143121,0.403908794788274,0.616157473856879,0.596091205211726,0.22337003257329,Take,Swing_including_bunts,2745,1958.64900542669,1593,0.00342389603672255,1860,1101.875025566,1273,0.00460214525952345,0.273519996083235,0.0972066888640399,0.259028661509276,0.127259021847523,-0.176313307219195,0.0117191718641808,-0.199296363846776,-0.153330250591615,-0.219582394195136,-0.133044220243254,Take,Take,관찰상 방향 뚜렷,TRUE,TRUE,,W per selected current decision; not PA sum,2025,-0.00152396740678681,0.0166333939687707,3977.30355907109,-0.0341347445182104,0.0310868097046367,-0.0635249325610058,0.0604769977474322
region_pitch,1-2,LOW,FB,2346,2234,0.952259164535379,1372,2220,508,506,0.248508098891731,0.260071620411817,0.751491901108269,0.739928379588183,0.245162488809311,Take,Swing_including_bunts,1653,1086.66510908207,1141,0.00500191503205679,581,384.053389932146,489,0.0114032457581045,0.261956964348702,0.144851937935819,0.248979225157091,0.162341552712996,-0.117105026412884,0.0202767969727627,-0.156881934053872,-0.0773281187718951,-0.192033070224471,-0.0421769826012966,Take,Take,관찰상 방향 뚜렷,TRUE,TRUE,,W per selected current decision; not PA sum,2024,1985,1893,0.953652392947103,1253,1877,512,482,0.228211586901763,0.239302694136292,0.771788413098237,0.760697305863709,0.240962493396725,Take,Swing_including_bunts,1440,978.712291346837,1055,0.00450612452798847,453,299.344834919836,400,0.0129457736151076,0.249750363966302,0.152429819178972,0.250069628112149,0.16412222025698,-0.0973205447873308,0.0207825003017558,-0.138092912712834,-0.0565481768618274,-0.174136749002223,-0.0205043405724388,Take,Take,관찰상 방향 뚜렷,TRUE,TRUE,,W per selected current decision; not PA sum,2025,0.0197844816255529,0.029035509540339,2610.1848165924,-0.0371504723550023,0.076719435606108,-0.0884984013917829,0.128067364642889
region_pitch,1-2,LOW,NFB,19367,18530,0.956782155212475,2427,17892,758,596,0.408736510559199,0.423151645979493,0.591263489440801,0.576848354020507,0.208036697247706,Take,Swing_including_bunts,10689,7474.95638424219,2392,0.00149943455749431,7841,5026.63806238399,2308,0.0028817819244075,0.256726460842629,0.0993032074216345,0.252629627470514,0.12003978813296,-0.157423253420995,0.0058409489367585,-0.168877017363854,-0.145969489478135,-0.178982095013665,-0.135864411828324,Take,Take,관찰상 방향 뚜렷,TRUE,TRUE,,W per selected current decision; not PA sum,2024,19996,19176,0.958991798359672,2429,18520,784,607,0.3999799959992,0.413433458489779,0.6000200040008,0.586566541510221,0.209964382561535,Take,Swing_including_bunts,11248,8036.60262065948,2399,0.00160903445220843,7928,5034.36544413098,2304,0.0025406602002351,0.258371550293966,0.0965842057339477,0.255457831955294,0.121545262485235,-0.161787344560018,0.00576579262691888,-0.173093726665719,-0.150480962454317,-0.183068759137686,-0.14050592998235,Take,Take,관찰상 방향 뚜렷,TRUE,TRUE,,W per selected current decision; not PA sum,2025,-0.00436409113902372,0.00820737772363697,4853.13351357547,-0.020454268735567,0.0117260864575196,-0.0349519234265622,0.0262237411485147
region_pitch,1-2,OUTSIDE,FB,7729,7339,0.949540690904386,2284,7207,703,575,0.310130676672273,0.32606622155607,0.689869323327727,0.67393377844393,0.232030113094427,Take,Swing_including_bunts,4946,3560.90792635949,2080,0.00318855284698723,2393,1732.44021979049,1460,0.00455314947476609,0.227225055792531,0.18268154630187,0.238055753587722,0.170639672668534,-0.044543509490661,0.0110203499535884,-0.0661544557411946,-0.0229325632401275,-0.0852232642749952,-0.00386375470632683,Take,Take,관찰상 방향 뚜렷,TRUE,TRUE,,W per selected current decision; not PA sum,2024,7316,6944,0.949152542372881,2245,6805,718,576,0.308365226899945,0.324020737327189,0.691634773100055,0.675979262672811,0.229411434331797,Take,Swing_including_bunts,4694,3341.83691591749,2045,0.00237271514750951,2250,1721.79092120704,1440,0.00393871629380417,0.224996541615332,0.168795997830447,0.240392594698198,0.170618960445131,-0.0562005437848846,0.0103094479027077,-0.0764175949108229,-0.0359834926589464,-0.0942571815981814,-0.0181439059715878,Take,Take,관찰상 방향 뚜렷,TRUE,TRUE,,W per selected current decision; not PA sum,2025,-0.0116570342942236,0.0150908193666944,4511.8371835736,-0.0412424334192931,0.0179283648308459,-0.0679018214227851,0.044587752834338
region_pitch,1-2,OUTSIDE,NFB,14339,13737,0.958016598089127,2416,13386,775,591,0.409094079085013,0.424110067700371,0.590905920914987,0.575889932299629,0.207943655820048,Take,Swing_including_bunts,7911,5496.06500161213,2341,0.00217530515954514,5826,3849.46083008914,2183,0.00280040517076231,0.233395225180717,0.119550272278208,0.244651866533122,0.129450866712336,-0.11384495290251,0.00662778736369318,-0.126841691162693,-0.100848214642326,-0.138308169174939,-0.0893817366300802,Take,Take,관찰상 방향 뚜렷,TRUE,TRUE,,W per selected current decision; not PA sum,2024,14049,13486,0.959925973378888,2421,13159,778,602,0.39127340024201,0.404196944979979,0.60872659975799,0.595803055020021,0.212787854070888,Take,Swing_including_bunts,8035,5627.49102231323,2338,0.00251659976336879,5451,3565.03592894158,2145,0.00295779816681447,0.233685168777141,0.116634679763754,0.248158350242844,0.129287696244055,-0.117050489013387,0.00655357978387033,-0.129901696845211,-0.104199281181564,-0.141239728978909,-0.0928612490478656,Take,Take,관찰상 방향 뚜렷,TRUE,TRUE,,W per selected current decision; not PA sum,2025,-0.00320553611087765,0.0093207817977831,4834.26942681253,-0.0214785077594277,0.0150674355376724,-0.0379429848583061,0.0315319126365508
region_pitch,2-0,CENTER,FB,8091,8063,0.996539364726239,2326,8063,731,578,0.640217525645779,0.640208359171524,0.359782474354221,0.359791640828476,0.374207739054942,Take,Swing_including_bunts,2901,2507.64982920631,1646,0.00267355516854754,5162,4903.30108134836,2139,0.00193952869089295,0.345435276651162,0.389640492371368,0.362323485096036,0.384049530056092,0.0442052157202064,0.0131623779458306,0.0183939921285563,0.0700164393118565,-0.00438006921123374,0.0927905006516465,Swing_including_bunts,Swing_including_bunts,차이 불명확,TRUE,TRUE,,W per selected current decision; not PA sum,2024,8641,8618,0.997338271033445,2358,8618,749,593,0.617289665547969,0.617196565328382,0.382710334452031,0.382803434671618,0.382504989556742,Take,Swing_including_bunts,3299,2858.18010814297,1791,0.00239325137766782,5319,5038.83054105289,2153,0.00192869356127977,0.367442906950403,0.393832099306337,0.366467899993152,0.384102743474014,0.0263891923559341,0.0132485451152964,0.00040917996504658,0.0523692047468215,-0.0225131125628823,0.0752914972747504,Swing_including_bunts,Swing_including_bunts,차이 불명확,TRUE,TRUE,,W per selected current decision; not PA sum,2025,-0.0178160233642723,0.01867544218649,4681.99955108503,-0.0544286823060989,0.0187966355775542,-0.0874189239278428,0.0517868771992981
region_pitch,2-0,CENTER,NFB,2877,2871,0.997914494264859,1619,2871,607,506,0.529023288147376,0.529083942877046,0.470976711852624,0.470916057122954,0.367620341344479,Take,Swing_including_bunts,1352,1281.41402870827,997,0.0036888074574073,1519,1449.06150557905,1102,0.00385780752580539,0.338513220481865,0.389395691684927,0.366583082451379,0.376554965354611,0.0508824712030615,0.0202450809970569,0.0111731369127685,0.0905918054933545,-0.0238979529833968,0.12566289538952,Swing_including_bunts,Swing_including_bunts,차이 불명확,TRUE,TRUE,,W per selected current decision; not PA sum,2024,3079,3072,0.997726534589152,1650,3072,614,518,0.498538486521598,0.498697916666667,0.501461513478402,0.501302083333333,0.361583658854167,Take,Swing_including_bunts,1540,1468.8290250967,1102,0.00436797463141139,1532,1465.29845890907,1086,0.00349655023151181,0.349520826649025,0.368591509840344,0.369348100597338,0.377406127397344,0.0190706831913186,0.0191806369593201,-0.0185502878646882,0.0566916542473255,-0.0517749363884787,0.089916302771116,Swing_including_bunts,Swing_including_bunts,차이 불명확,TRUE,TRUE,,W per selected current decision; not PA sum,2025,-0.0318117880117429,0.0278883513091511,3253.90019829745,-0.0864922917359614,0.0228687157124755,-0.135787218028381,0.072163642004895
region_pitch,2-0,HIGH,FB,1985,1736,0.87455919395466,1182,1736,531,469,0.206045340050378,0.232142857142857,0.793954659949622,0.767857142857143,0.466540898617511,Take,Swing_including_bunts,1333,1285.06847982676,994,0.00330656497041832,403,293.393599185193,363,0.0141843475381576,0.488254350612447,0.345145825891025,0.488801071470531,0.317989572805202,-0.143108524721422,0.0284025960371883,-0.19883369975378,-0.0873833496890643,-0.248108522682945,-0.0381085267598988,Take,Take,관찰상 방향 뚜렷,TRUE,TRUE,,W per selected current decision; not PA sum,2024,1984,1704,0.858870967741936,1179,1704,551,476,0.199092741935484,0.229460093896714,0.800907258064516,0.770539906103286,0.472403169014085,Take,Swing_including_bunts,1313,1265.77034564037,970,0.0040474144904446,391,280.574483737129,353,0.013571920486753,0.51061481028708,0.328200053686394,0.492700475489019,0.319906136619638,-0.182414756600686,0.0273307891166102,-0.236037213658084,-0.128792299543288,-0.283453246638821,-0.0813762665625505,Take,Take,관찰상 방향 뚜렷,TRUE,TRUE,,W per selected current decision; not PA sum,2025,-0.0393062318792639,0.0394167413085902,2355.74422834061,-0.116601338561261,0.0379888748027333,-0.186326751749921,0.107714287991393
region_pitch,2-0,HIGH,NFB,447,379,0.847874720357942,328,379,235,238,0.0648769574944072,0.0765171503957784,0.935123042505593,0.923482849604222,0.511324538258575,Take,Swing_including_bunts,350,335.666660574094,307,0.0164576316975187,29,19.424463871074,29,0.117583702301947,0.527870910933334,0.361512500005106,0.493747772603659,0.326655333771947,-0.166358410928228,0.0549791324642017,-0.274515840192982,-0.0582009816634733,-0.37126223497726,0.0385454131208044,Take,,비교 자료 부족,TRUE,FALSE,,W per selected current decision; not PA sum,2024,437,375,0.85812356979405,338,375,237,237,0.0526315789473684,0.0613333333333333,0.947368421052632,0.938666666666667,0.512248,Take,Swing_including_bunts,352,340.289008342361,321,0.00777609360359988,23,19.6394946106788,23,0.109826845301752,0.523758986831826,0.320044151289835,0.497989242177428,0.328367057119369,-0.203714835541991,0.0320557333084808,-0.266769369645585,-0.140660301438397,-0.323144709174082,-0.0842849619099012,Take,,비교 자료 부족,TRUE,FALSE,,W per selected current decision; not PA sum,2025,-0.0373564246137637,0.0636417712234715,527.918570099368,-0.162378632392882,0.0876657831653545,-0.27603870213878,0.201325852911253
region_pitch,2-0,INSIDE,FB,2113,1945,0.92049219119735,1304,1945,571,477,0.340274491244676,0.365038560411311,0.659725508755324,0.634961439588689,0.452601028277635,Take,Swing_including_bunts,1235,1194.83650427596,947,0.0042763808539803,710,527.633748479634,607,0.00732399508234177,0.492618421528546,0.347581923478928,0.475755310873941,0.332273242491441,-0.145036498049617,0.0364814713307293,-0.216605347641848,-0.0734676484573865,-0.279863781617471,-0.010209214481764,Take,Take,관찰상 방향 뚜렷,TRUE,TRUE,,W per selected current decision; not PA sum,2024,2118,1910,0.901794145420208,1338,1910,571,477,0.324362606232295,0.356544502617801,0.675637393767705,0.643455497382199,0.439885863874346,Take,Swing_including_bunts,1229,1190.01181950451,968,0.00362267282831277,681,500.327150587837,598,0.00651824027102361,0.488924750712384,0.344940935991701,0.475897770007407,0.333319535506718,-0.143983814720683,0.035712872365571,-0.214043180976735,-0.0739244484646319,-0.275961118975369,-0.0120065104659976,Take,Take,관찰상 방향 뚜렷,TRUE,TRUE,,W per selected current decision; not PA sum,2025,0.00105268332893418,0.0510520029289193,2636.92085286137,-0.0990533527447581,0.101158719402626,-0.189334130661399,0.191439497319267
region_pitch,2-0,INSIDE,NFB,760,669,0.880263157894737,565,669,336,333,0.248684210526316,0.275037369207773,0.751315789473684,0.724962630792227,0.494641255605381,Take,Swing_including_bunts,485,469.149204476187,424,0.00678671480468425,184,123.176963695043,174,0.0245659437058027,0.529963631092815,0.389769632099552,0.486099319676202,0.331345572253367,-0.140193998993263,0.0556816695639205,-0.249562766515046,-0.0308252314714798,-0.346739455351498,0.0663514573649721,Take,,비교 자료 부족,TRUE,FALSE,,W per selected current decision; not PA sum,2024,751,662,0.881491344873502,562,662,347,318,0.241011984021305,0.265861027190332,0.758988015978695,0.734138972809668,0.474280966767372,Take,Swing_including_bunts,486,472.502271163746,433,0.00672394708198265,176,126.603252795536,168,0.0233071326867761,0.528317178296016,0.294746156655769,0.490279292923251,0.333041763020145,-0.233571021640247,0.0518355759847575,-0.335386543691407,-0.131755499589087,-0.425856467918882,-0.0412855753616119,Take,,비교 자료 부족,TRUE,FALSE,,W per selected current decision; not PA sum,2025,-0.0933770226469839,0.0760748004473045,1119.70212969254,-0.24264223990716,0.0558881946131918,-0.377624084959914,0.190870039665946
region_pitch,2-0,LOW,FB,1847,1675,0.906876015159719,1173,1675,506,469,0.175961017866811,0.191641791044776,0.824038982133189,0.808358208955224,0.458618507462687,Take,Swing_including_bunts,1354,1303.43010092047,1014,0.0036873817811657,321,235.387784224659,292,0.0138301071058316,0.479925162816327,0.321125171318927,0.486989415795337,0.322800319834397,-0.1587999914974,0.0267411377091862,-0.211265840635093,-0.106334142359706,-0.257660184558904,-0.059939798435895,Take,Take,관찰상 방향 뚜렷,TRUE,TRUE,,W per selected current decision; not PA sum,2024,1745,1587,0.90945558739255,1129,1587,530,454,0.159312320916905,0.174543163201008,0.840687679083095,0.825456836798992,0.478795211090107,Take,Swing_including_bunts,1310,1257.80644999467,977,0.00391224439449215,277,207.698112944028,264,0.0156078475175676,0.506323023259072,0.317877079264508,0.490396553414719,0.324151601186246,-0.188445943994565,0.0287315520160258,-0.244819239627366,-0.132072648361763,-0.294677486473824,-0.0822144015153057,Take,Take,관찰상 방향 뚜렷,TRUE,TRUE,,W per selected current decision; not PA sum,2025,-0.0296459524971652,0.0392503570331692,2281.18551213408,-0.106616077549056,0.0473241725547256,-0.176053435424527,0.116761530430197
region_pitch,2-0,LOW,NFB,1812,1670,0.921633554083885,1144,1670,486,444,0.326158940397351,0.347305389221557,0.673841059602649,0.652694610778443,0.478522155688623,Take,Swing_including_bunts,1090,1056.71174313786,848,0.00483859028826068,580,407.081668270054,503,0.00891795244938989,0.519724644754306,0.416707602022693,0.497975306248813,0.3243166621124,-0.103017042731613,0.040514419790105,-0.182508020755495,-0.0235260647077316,-0.252807986835734,0.0467739013725075,Take,Take,차이 불명확,TRUE,TRUE,,W per selected current decision; not PA sum,2024,1807,1638,0.906474820143885,1178,1638,513,426,0.312119535141118,0.336385836385836,0.687880464858882,0.663614163614164,0.480919413919414,Take,Swing_including_bunts,1087,1058.6176660307,862,0.00425057086099405,551,390.843736565826,505,0.00834314387692215,0.536330728384663,0.382210727077401,0.499363122906184,0.326514818588577,-0.154120001307262,0.0368967719053801,-0.226510786932795,-0.0817292156817292,-0.290523086155651,-0.017716916458873,Take,Take,관찰상 방향 뚜렷,TRUE,TRUE,,W per selected current decision; not PA sum,2025,-0.0511029585756491,0.0547977188208278,2293.28634499361,-0.15856122837031,0.0563553112190118,-0.255501787552669,0.153295870401371
region_pitch,2-0,OUTSIDE,FB,3297,3014,0.914164391871398,1686,3014,638,523,0.187443130118289,0.204379562043796,0.812556869881711,0.795620437956204,0.468289648307897,Take,Swing_including_bunts,2398,2317.35836974687,1489,0.00280930273028503,616,471.104684727716,534,0.00773376715192463,0.492201781714679,0.323072450002467,0.479147644949606,0.336288410180029,-0.169129331712212,0.019142626853985,-0.206675160402456,-0.131583503021968,-0.239831211754523,-0.0984274516699008,Take,Take,관찰상 방향 뚜렷,TRUE,TRUE,,W per selected current decision; not PA sum,2024,3169,2886,0.910697380877248,1674,2886,653,511,0.144840643736194,0.158697158697159,0.855159356263806,0.841302841302841,0.477930353430353,Take,Swing_including_bunts,2428,2348.52810214662,1512,0.00282243729486981,458,345.309526223207,414,0.01035902085794,0.489469250229701,0.356926041181448,0.482978564925492,0.335031898845513,-0.132543209048253,0.0206437684662922,-0.173033544912184,-0.0920528731843226,-0.208790630175816,-0.0562957879206901,Take,Take,관찰상 방향 뚜렷,TRUE,TRUE,,W per selected current decision; not PA sum,2025,0.0365861226639589,0.0281532474034664,3337.21102549474,-0.0186132482921752,0.0917854936200929,-0.0683739167871863,0.141546162115104
region_pitch,2-0,OUTSIDE,NFB,1564,1445,0.923913043478261,1033,1445,504,421,0.222506393861893,0.238062283737024,0.777493606138108,0.761937716262976,0.464209688581315,Take,Swing_including_bunts,1101,1067.55532825635,843,0.0038600911022903,344,237.74539067292,320,0.0129224807014188,0.485447360911621,0.414647251772075,0.487879563291925,0.339699511055377,-0.0708001091395461,0.0397781278950334,-0.148855351174877,0.00725513289578435,-0.217919412144829,0.0763191938657368,Take,Take,차이 불명확,TRUE,TRUE,,W per selected current decision; not PA sum,2024,1657,1510,0.911285455642728,1121,1510,501,424,0.179843089921545,0.192715231788079,0.820156910078455,0.807284768211921,0.464870198675497,Take,Swing_including_bunts,1219,1182.19567349467,955,0.00368647935628897,291,208.217832107602,274,0.0161387090826954,0.49106803211036,0.344176871623414,0.489108394520531,0.338655703577451,-0.146891160486946,0.0277821884236861,-0.201402157205962,-0.0923801637679308,-0.249614919931438,-0.0441674010424541,Take,Take,관찰상 방향 뚜렷,TRUE,TRUE,,W per selected current decision; not PA sum,2025,-0.0760910513474001,0.048519578032407,1873.59510223895,-0.171249149417317,0.0190670467225167,-0.257137848006878,0.104955745312078
region_pitch,2-1,CENTER,FB,10812,10688,0.988531261561228,2391,10688,744,577,0.82944876063633,0.828592814371257,0.17055123936367,0.171407185628742,0.313292009730539,Take,Swing_including_bunts,1832,1484.66070890532,1272,0.00362492962642454,8856,8768.5608738642,2360,0.00139550060765213,0.253848478753178,0.323075829493051,0.290457693163496,0.317854824937742,0.0692273507398727,0.0130345239442112,0.0436672089752417,0.0947874925045038,0.0211160578002689,0.117338643679477,Swing_including_bunts,Swing_including_bunts,관찰상 방향 뚜렷,TRUE,TRUE,,W per selected current decision; not PA sum,2024,11238,11161,0.993148247019043,2391,11161,765,596,0.816871329418046,0.816145506675029,0.183128670581954,0.183854493324971,0.306054654600842,Take,Swing_including_bunts,2052,1662.5345634044,1384,0.00331680310880673,9109,9007.59658999163,2350,0.001481785435797,0.256398650933635,0.312261665655174,0.29424032371242,0.317492045179894,0.0558630147215392,0.0131276739931161,0.0301202097107796,0.0816058197322989,0.00740789876934352,0.104318130673735,Swing_including_bunts,Swing_including_bunts,관찰상 방향 뚜렷,TRUE,TRUE,,W per selected current decision; not PA sum,2025,-0.0133643360183335,0.0184995848310645,4779.75763350854,-0.0496320399460836,0.0229033679094167,-0.0823107004537729,0.0555820284171059
region_pitch,2-1,CENTER,NFB,6198,6172,0.995805098418845,2216,6172,700,554,0.789286866731204,0.789695398574206,0.210713133268796,0.210304601425794,0.320354990278678,Take,Swing_including_bunts,1298,1118.96748296415,993,0.00375525583930984,4874,4835.72322287472,2056,0.00231384931501548,0.271049289846006,0.329213321696192,0.308300063914082,0.324952849133769,0.0581640318501864,0.0177175929978486,0.0234192018928184,0.0929088618075543,-0.00724067135308144,0.123568735053454,Swing_including_bunts,Swing_including_bunts,차이 불명확,TRUE,TRUE,,W per selected current decision; not PA sum,2024,6463,6431,0.995048738975708,2224,6431,717,565,0.784929599257311,0.784636914943244,0.215070400742689,0.215363085056756,0.323457316125019,Take,Swing_including_bunts,1385,1202.9526128731,1040,0.00347629252628167,5046,5002.12942758567,2091,0.00177150398956788,0.278334578582187,0.330496625810005,0.312300098206248,0.326458395745635,0.0521620472278174,0.0171847865013102,0.0184621360640196,0.0858619583916153,-0.0112754182843295,0.115599512739964,Swing_including_bunts,Swing_including_bunts,차이 불명확,TRUE,TRUE,,W per selected current decision; not PA sum,2025,-0.00600198462236893,0.0246825847255312,4433.36703537144,-0.0543921727954256,0.0423882035506878,-0.0979974520079814,0.0859934827632435
region_pitch,2-1,HIGH,FB,2963,2783,0.939250759365508,1607,2783,604,520,0.329395882551468,0.350341358246497,0.670604117448532,0.649658641753503,0.390710743801653,Take,Swing_including_bunts,1808,1528.67485109024,1233,0.0036595308143187,975,636.214272507085,795,0.00792113169231863,0.440598399829232,0.286684832151029,0.434125016568113,0.259784006007257,-0.153913567678203,0.0228860642101861,-0.19880326003519,-0.109023875321216,-0.238450569755155,-0.0693765656012507,Take,Take,관찰상 방향 뚜렷,TRUE,TRUE,,W per selected current decision; not PA sum,2024,2850,2676,0.938947368421053,1562,2676,602,516,0.339298245614035,0.359118086696562,0.660701754385965,0.640881913303438,0.395906950672646,Take,Swing_including_bunts,1715,1456.4929351397,1184,0.003293788438453,961,628.437043766988,795,0.0083875411729422,0.463954978366474,0.266173615270179,0.436888066531917,0.260262650454366,-0.197781363096295,0.020943129249569,-0.238860993957455,-0.156701732235136,-0.275146584864049,-0.120416141328542,Take,Take,관찰상 방향 뚜렷,TRUE,TRUE,,W per selected current decision; not PA sum,2025,-0.0438677954180925,0.0310223564191522,3149.62005013158,-0.104693871360647,0.0169582805244625,-0.15953203541849,0.0717964445823047
region_pitch,2-1,HIGH,NFB,830,768,0.925301204819277,635,768,350,353,0.131325301204819,0.140625,0.868674698795181,0.859375,0.385048177083333,Take,Swing_including_bunts,660,504.637219845413,557,0.0100712737316618,108,81.5919117108014,105,0.0537812079516071,0.396802920854901,0.228190084000192,0.435964584975245,0.248310803479309,-0.168612836854709,0.0333167383494878,-0.234037341380284,-0.103188332329135,-0.292109274756881,-0.0451163989525368,Take,,비교 자료 부족,TRUE,FALSE,,W per selected current decision; not PA sum,2024,868,802,0.923963133640553,655,802,386,364,0.147465437788018,0.159600997506234,0.852534562211982,0.840399002493766,0.431687032418953,Take,Swing_including_bunts,674,529.868702942874,575,0.00669680018363307,128,74.5352479747737,115,0.0938212884927357,0.48445583996277,0.243342981875065,0.439382929836827,0.248007277170375,-0.241112858087705,0.0352260629178505,-0.310282681918165,-0.171943034257245,-0.371663601086187,-0.110562115089223,Take,,비교 자료 부족,TRUE,FALSE,,W per selected current decision; not PA sum,2025,-0.072500021232996,0.0484858800367756,1285.92751173641,-0.167620129137024,0.0226200866710321,-0.25358549934529,0.108585456879298
region_pitch,2-1,INSIDE,FB,3145,3041,0.966931637519873,1697,3041,630,514,0.431160572337043,0.445248273594212,0.568839427662957,0.554751726405788,0.383863202893785,Take,Swing_including_bunts,1687,1405.15233897704,1178,0.00496090058015282,1354,966.110717021242,1030,0.00528916351857604,0.435080426800854,0.297976966367023,0.421209540963434,0.275006403286587,-0.137103460433831,0.023515445627549,-0.183225802139196,-0.0909811187284658,-0.223954803175754,-0.0502521176919074,Take,Take,관찰상 방향 뚜렷,TRUE,TRUE,,W per selected current decision; not PA sum,2024,3180,3076,0.967295597484277,1687,3076,662,514,0.436163522012579,0.449284785435631,0.563836477987421,0.550715214564369,0.394913524057217,Take,Swing_including_bunts,1694,1430.09930556702,1186,0.00426623554376114,1382,942.237930795049,1038,0.00558840066251793,0.455888372925642,0.265156100801093,0.423178284870857,0.274999622811768,-0.190732272124549,0.0224115135048477,-0.234689587617862,-0.146774956631236,-0.273507437446903,-0.107957106802195,Take,Take,관찰상 방향 뚜렷,TRUE,TRUE,,W per selected current decision; not PA sum,2025,-0.053628811690718,0.0324846443822337,3375.13828649578,-0.117320385145813,0.0100627617643771,-0.174735510126784,0.0674778867453476
region_pitch,2-1,INSIDE,NFB,1686,1589,0.942467378410439,1144,1589,514,452,0.370699881376038,0.391441157960982,0.629300118623962,0.608558842039018,0.37982882315922,Take,Swing_including_bunts,967,786.430513957528,801,0.00536612757211147,622,374.503345867817,531,0.0167017681252292,0.428883957613708,0.310998546777323,0.429895709480006,0.253655626075888,-0.117885410836385,0.0359492920830436,-0.18841941827749,-0.0473514033952803,-0.250798048580961,0.0150272269081903,Take,Take,차이 불명확,TRUE,TRUE,,W per selected current decision; not PA sum,2024,1738,1633,0.939585730724971,1187,1633,536,454,0.384349827387802,0.404776484996938,0.615650172612198,0.595223515003062,0.388933864053889,Take,Swing_including_bunts,972,809.156435656226,812,0.00535977310044713,661,414.833692825204,579,0.013886289416333,0.437588910538027,0.303230237748935,0.43054755935706,0.253543742929264,-0.134358672789091,0.0308300425920968,-0.194846174958575,-0.073871170619608,-0.248331077803894,-0.0203862677742888,Take,Take,관찰상 방향 뚜렷,TRUE,TRUE,,W per selected current decision; not PA sum,2025,-0.0164732619527061,0.0473586647563304,2262.89668675601,-0.109344213037346,0.0763976891319338,-0.193127816348428,0.160181292443016
region_pitch,2-1,LOW,FB,2424,2320,0.957095709570957,1449,2320,571,491,0.240924092409241,0.250862068965517,0.759075907590759,0.749137931034483,0.395965086206897,Take,Swing_including_bunts,1738,1427.92191136284,1205,0.00383542810484539,582,379.75664192607,500,0.0137976487044471,0.43212085839823,0.259836148138322,0.431596354700461,0.261096642227795,-0.172284710259908,0.0228471634075979,-0.217101789173129,-0.127467631346688,-0.256698965597858,-0.0878704549219577,Take,Take,관찰상 방향 뚜렷,TRUE,TRUE,,W per selected current decision; not PA sum,2024,2126,2038,0.958607714016933,1322,2038,564,495,0.22107243650047,0.230618253189401,0.77892756349953,0.769381746810599,0.420700196270854,Take,Swing_including_bunts,1568,1286.99099942521,1121,0.00368210959547932,470,321.929886424907,412,0.0135526182419831,0.454074159481015,0.27821935712308,0.434982365896986,0.259997871358802,-0.175854802357935,0.0247168938172915,-0.224343451016502,-0.127366153699367,-0.267199372770425,-0.0845102319454445,Take,Take,관찰상 방향 뚜렷,TRUE,TRUE,,W per selected current decision; not PA sum,2025,-0.00357009209802661,0.0336588430542219,2726.73886375834,-0.0695695083247092,0.062429324128656,-0.129087244321769,0.121947060125715
region_pitch,2-1,LOW,NFB,4686,4507,0.961801109688434,2016,4507,652,515,0.430004268032437,0.444419791435545,0.569995731967563,0.555580208564455,0.371621699578434,Take,Swing_including_bunts,2504,2116.84965416364,1532,0.0033487848314895,2003,1278.9873998252,1352,0.0054986299825508,0.448666567739515,0.260506776794588,0.435373305989543,0.243823845559619,-0.188159790944926,0.0181274014844671,-0.223710199090152,-0.152609382799701,-0.255088254639202,-0.121231327250651,Take,Take,관찰상 방향 뚜렷,TRUE,TRUE,,W per selected current decision; not PA sum,2024,4555,4368,0.958946212952799,1960,4368,662,544,0.436004390779363,0.45260989010989,0.563995609220637,0.54739010989011,0.366461996336996,Take,Swing_including_bunts,2391,2043.51332530006,1467,0.00298759292304696,1977,1338.06029411123,1320,0.00472082361527307,0.438634480988783,0.275278753835585,0.439244083070504,0.246174083557869,-0.163355727153198,0.0170897581365552,-0.196871745198822,-0.129839709107574,-0.226456359695729,-0.100255094610667,Take,Take,관찰상 방향 뚜렷,TRUE,TRUE,,W per selected current decision; not PA sum,2025,0.0248040637917285,0.0249130993203378,3966.04353803862,-0.0240396197499242,0.0736477473333811,-0.0680597442340888,0.117667871817546
region_pitch,2-1,OUTSIDE,FB,4095,3905,0.953601953601954,1900,3905,669,534,0.261050061050061,0.272215108834827,0.738949938949939,0.727784891165173,0.37438437900128,Take,Swing_including_bunts,2842,2348.80657059966,1649,0.00307876148219117,1063,747.091241257431,861,0.00651223018539388,0.403578122531256,0.258595699240115,0.424703120931926,0.27301661602325,-0.144982423291141,0.0158138731182682,-0.175996812469108,-0.113968034113174,-0.203375535159793,-0.0865893114224889,Take,Take,관찰상 방향 뚜렷,TRUE,TRUE,,W per selected current decision; not PA sum,2024,3843,3682,0.958105646630237,1853,3682,659,547,0.26359614884205,0.274035850081477,0.73640385115795,0.725964149918523,0.399191200434546,Take,Swing_including_bunts,2673,2226.87257705235,1597,0.00299450691575658,1009,767.12935935759,814,0.00786553947115942,0.426396640017175,0.269927290057806,0.424992260029352,0.274422424938862,-0.156469349959368,0.0162367715541852,-0.188313648868906,-0.12462505104983,-0.216426950133008,-0.0965117497857289,Take,Take,관찰상 방향 뚜렷,TRUE,TRUE,,W per selected current decision; not PA sum,2025,-0.0114869266682276,0.0226652009367551,3745.3273334713,-0.0559242647909189,0.0329504114544637,-0.0959763426043416,0.0730024892678864
region_pitch,2-1,OUTSIDE,NFB,3743,3595,0.960459524445632,1828,3595,649,517,0.332353726956986,0.34297635605007,0.667646273043014,0.65702364394993,0.377566342141864,Take,Swing_including_bunts,2362,1957.73445580604,1477,0.00279043377909858,1233,807.943376188036,972,0.00779251084650265,0.422172523409238,0.254101353800416,0.426343245419448,0.256263342732031,-0.168071169608821,0.0179691095406449,-0.20331332436524,-0.132829014852403,-0.234427572291552,-0.101714766926091,Take,Take,관찰상 방향 뚜렷,TRUE,TRUE,,W per selected current decision; not PA sum,2024,3814,3664,0.960671211326691,1872,3664,672,536,0.332721552176193,0.344978165938865,0.667278447823807,0.655021834061135,0.390263373362445,Take,Swing_including_bunts,2400,2032.11601538938,1477,0.00393686348651508,1264,871.788554645198,977,0.00794639240750392,0.451274826810305,0.25581362082082,0.429894853918657,0.259156459896351,-0.195461205989485,0.0167285420491189,-0.228269769803695,-0.162652642175274,-0.257233532561429,-0.133688879417541,Take,Take,관찰상 방향 뚜렷,TRUE,TRUE,,W per selected current decision; not PA sum,2025,-0.0273900363806635,0.0245506215150011,3672.50452387433,-0.0755242340743051,0.0207441613129782,-0.118909565897914,0.0641294931365868
region_pitch,2-2,CENTER,FB,12918,12055,0.933193992878154,2395,10957,739,585,0.907028951850132,0.9023641642472,0.0929710481498685,0.0976358357527997,0.246239568643716,Take,Swing_including_bunts,1177,1014.90992232308,934,0.00401475547356915,10878,10851.302997324,2377,0.00130647079713063,0.044008988632537,0.268169552264427,0.132372804567895,0.269112981971396,0.22416056363189,0.00685932380999564,0.210709735560446,0.237611391703334,0.198842408821595,0.249478718442185,Swing_including_bunts,Swing_including_bunts,관찰상 방향 뚜렷,TRUE,TRUE,,W per selected current decision; not PA sum,2024,12976,12326,0.949907521578298,2404,11199,751,597,0.898350801479655,0.894775271783223,0.101649198520345,0.105224728216778,0.252460246633133,Take,Swing_including_bunts,1297,1112.38366123298,991,0.00387189820049129,11029,10998.6000589762,2389,0.00127147804348192,0.0446677594004625,0.276878796822644,0.135708879709828,0.269429342284901,0.232211037422182,0.00727952538250962,0.217936239851167,0.246485834993196,0.205342048107718,0.259080026736645,Swing_including_bunts,Swing_including_bunts,관찰상 방향 뚜렷,TRUE,TRUE,,W per selected current decision; not PA sum,2025,0.00805047379029183,0.0100020904277543,4781.18628392088,-0.0115582271697686,0.0276591747503523,-0.0292264498650786,0.0453273974456623
region_pitch,2-2,CENTER,NFB,9503,8387,0.882563401031253,2316,7897,742,578,0.931705777123014,0.926195302253488,0.0682942228769862,0.0738046977465124,0.265916418266365,Take,Swing_including_bunts,619,554.134508313708,537,0.0054494792910819,7768,7756.13128220063,2294,0.00146381484134602,0.0667981738649922,0.282044390207391,0.159308231541748,0.276079579602715,0.215246216342399,0.00956959139265762,0.196480350488761,0.234012082196036,0.17992247169006,0.250569960994737,Swing_including_bunts,Swing_including_bunts,관찰상 방향 뚜렷,TRUE,TRUE,,W per selected current decision; not PA sum,2024,10017,9053,0.903763601876809,2343,8456,751,592,0.923330338424678,0.918590522478736,0.076669661575322,0.0814094775212637,0.254642107588645,Take,Swing_including_bunts,737,663.705053144447,633,0.00578908389548168,8316,8301.56805291754,2307,0.00157622172194246,0.0656931240961807,0.270924068622429,0.162801492666278,0.275932498794998,0.205230944526249,0.00993323454989626,0.185752095819619,0.224709793232878,0.168565568924506,0.241896320127991,Swing_including_bunts,Swing_including_bunts,관찰상 방향 뚜렷,TRUE,TRUE,,W per selected current decision; not PA sum,2025,-0.0100152718161499,0.0137929774902187,4652.38918285208,-0.0370560458280669,0.0170255021957671,-0.0614216098888479,0.0413910662565481
region_pitch,2-2,HIGH,FB,6339,6133,0.967502760687806,2142,5930,690,559,0.470263448493453,0.483450187510191,0.529736551506547,0.516549812489809,0.287571987608022,Take,Swing_including_bunts,3168,2365.49752321625,1717,0.00356217360122298,2965,2121.58747545512,1621,0.00433900564343952,0.355400017498342,0.178268216018985,0.324664521847732,0.180028699054797,-0.177131801479357,0.0122931212470847,-0.201239504980409,-0.153024097978305,-0.222514588363646,-0.131749014595068,Take,Take,관찰상 방향 뚜렷,TRUE,TRUE,,W per selected current decision; not PA sum,2024,6306,6112,0.969235648588646,2169,5904,688,580,0.460038058991437,0.472022251308901,0.539961941008563,0.527977748691099,0.276943390052356,Take,Swing_including_bunts,3227,2456.74740213859,1739,0.00303423591936247,2885,2100.15842586304,1610,0.00613899771617149,0.351623593365152,0.15577297793513,0.328349140419761,0.179817972226308,-0.195850615430022,0.0115708841231025,-0.218541799636785,-0.17315943122326,-0.238566196543428,-0.153135034316616,Take,Take,관찰상 방향 뚜렷,TRUE,TRUE,,W per selected current decision; not PA sum,2025,-0.018718813950665,0.0168821263289252,4289.89111145949,-0.0518165117917128,0.0143788838903827,-0.0816426406019163,0.0442050127005862
region_pitch,2-2,HIGH,NFB,1212,1164,0.96039603960396,899,1157,448,426,0.264851485148515,0.275773195876289,0.735148514851485,0.724226804123711,0.323680412371134,Take,Swing_including_bunts,843,490.397774252125,711,0.0100949350986587,321,224.021542664745,291,0.0226073627002329,0.377346366679243,0.169995751348612,0.335044403100121,0.152288490128817,-0.20735061533063,0.0379335325796442,-0.281799315951886,-0.132901914709375,-0.347721884268676,-0.0669793463925839,Take,Take,관찰상 방향 뚜렷,TRUE,TRUE,,W per selected current decision; not PA sum,2024,1236,1175,0.950647249190938,911,1173,436,412,0.253236245954693,0.263829787234043,0.746763754045307,0.736170212765958,0.319874042553191,Take,Swing_including_bunts,865,506.741186450108,723,0.0111535579084662,310,248.616909647998,281,0.0220650518456746,0.34963210277761,0.172909191156976,0.338915072576085,0.154274269768353,-0.176722911620635,0.0306281820017423,-0.236832994099282,-0.116612829141987,-0.290054984588373,-0.0633908386528959,Take,Take,관찰상 방향 뚜렷,TRUE,TRUE,,W per selected current decision; not PA sum,2025,0.0306277037099956,0.0487548810551598,1726.43927245499,-0.0649971466855729,0.126252554105564,-0.151327923632228,0.212583331052219
region_pitch,2-2,INSIDE,FB,4322,4228,0.978250809810273,1939,4134,641,534,0.461591855622397,0.46996215704825,0.538408144377603,0.53003784295175,0.284149479659413,Take,Swing_including_bunts,2241,1609.49762667526,1454,0.00553039057495741,1987,1422.66057655282,1283,0.00608855059831743,0.313987080804805,0.192901931863166,0.313076177994687,0.194312785321699,-0.121085148941639,0.0148253547551467,-0.15016046891845,-0.0920098289648285,-0.175826014649167,-0.0663442832341116,Take,Take,관찰상 방향 뚜렷,TRUE,TRUE,,W per selected current decision; not PA sum,2024,4240,4157,0.980424528301887,1941,4057,663,542,0.460377358490566,0.467163820062545,0.539622641509434,0.532836179937455,0.286532355063748,Take,Swing_including_bunts,2215,1586.70415012248,1433,0.00400696180267901,1942,1394.00330966881,1290,0.00531714501544921,0.323797148596688,0.187989772454167,0.315125412235015,0.193268858766166,-0.13580737614252,0.014512740402027,-0.16426958200877,-0.10734517027627,-0.189393846319329,-0.0822209059657118,Take,Take,관찰상 방향 뚜렷,TRUE,TRUE,,W per selected current decision; not PA sum,2025,-0.014722227200881,0.020746343716245,3876.15375915265,-0.0553970147048538,0.0259525603030918,-0.0920560972583617,0.0626116428565996
region_pitch,2-2,INSIDE,NFB,3899,3755,0.963067453193126,1855,3680,648,541,0.438573993331624,0.453262316910786,0.561426006668377,0.546737683089214,0.290655659121172,Take,Swing_including_bunts,2053,1310.7467282606,1363,0.00414202226707574,1702,1056.04262008262,1187,0.00618652012657651,0.337655041058802,0.145197187112815,0.338445422942691,0.145874452671232,-0.192457853945987,0.0145795220655633,-0.221051859197567,-0.163863848694406,-0.246295606892793,-0.13862010099918,Take,Take,관찰상 방향 뚜렷,TRUE,TRUE,,W per selected current decision; not PA sum,2024,3974,3845,0.967539003522899,1878,3765,663,540,0.450176144942124,0.461898569570871,0.549823855057876,0.538101430429129,0.283477243172952,Take,Swing_including_bunts,2069,1305.21560065923,1374,0.00551010360565201,1776,1163.55169445696,1206,0.00446622374882854,0.346576520992804,0.143041037665615,0.342134812876903,0.148629052242726,-0.203535483327189,0.0144731715652951,-0.231920682046741,-0.175150284607636,-0.256979226406663,-0.150091740247714,Take,Take,관찰상 방향 뚜렷,TRUE,TRUE,,W per selected current decision; not PA sum,2025,-0.0110776293812021,0.0205434943186088,3730.32156428843,-0.0513552070180069,0.0291999482556027,-0.0876582331019567,0.0655029743395525
region_pitch,2-2,LOW,FB,2610,2544,0.974712643678161,1492,2517,560,490,0.287739463601533,0.294025157232704,0.712260536398467,0.705974842767296,0.28798820754717,Take,Swing_including_bunts,1796,1208.49925485979,1208,0.00673489372919176,748,498.732526750387,614,0.0118705908620355,0.318535453912307,0.171347770881981,0.323966726629048,0.178205114707399,-0.147187683030326,0.0216286583398784,-0.18961351439188,-0.104761851668771,-0.227094069297946,-0.0672812967627048,Take,Take,관찰상 방향 뚜렷,TRUE,TRUE,,W per selected current decision; not PA sum,2024,2367,2299,0.971271651880017,1419,2280,558,494,0.239966201943388,0.246628969117007,0.760033798056612,0.753371030882993,0.301667681600696,Take,Swing_including_bunts,1732,1188.34226049528,1196,0.00666493618096137,567,420.660224520643,488,0.010872780919519,0.321645676477167,0.173905890539648,0.328725255476841,0.176855865348524,-0.147739785937519,0.0205669111423098,-0.188084627760365,-0.107394944114672,-0.223733165203218,-0.0717464066718192,Take,Take,관찰상 방향 뚜렷,TRUE,TRUE,,W per selected current decision; not PA sum,2025,-0.000552102907193125,0.029846217440722,2907.15287206558,-0.0590739790038775,0.0579697731894912,-0.111842172288995,0.110737966474609
region_pitch,2-2,LOW,NFB,12902,12535,0.971554797705782,2406,12095,742,586,0.462873973027438,0.47363382528919,0.537126026972562,0.52636617471081,0.265514080574392,Take,Swing_including_bunts,6598,4588.52309877363,2261,0.00267674706990276,5937,3799.45272266997,2156,0.00250650190282187,0.352704656475392,0.111951258301049,0.340750933236161,0.13947512410734,-0.240753398174344,0.00747159986625268,-0.255404838388054,-0.226101957960634,-0.268331306463445,-0.213175489885243,Take,Take,관찰상 방향 뚜렷,TRUE,TRUE,,W per selected current decision; not PA sum,2024,13021,12696,0.975040319483911,2413,12256,760,595,0.470854773058905,0.480072463768116,0.529145226941095,0.519927536231884,0.256721565847511,Take,Swing_including_bunts,6601,4554.02546827337,2260,0.00208601547874827,6095,4002.61834212895,2205,0.00240273614346759,0.342963821331112,0.108146030833804,0.343684428334346,0.141760433686875,-0.234817790497308,0.00715440295937996,-0.248847202661526,-0.22078837833309,-0.26122479879391,-0.208410782200707,Take,Take,관찰상 방향 뚜렷,TRUE,TRUE,,W per selected current decision; not PA sum,2025,0.00593560767703547,0.0103445776263012,4807.34834779068,-0.0143444978845552,0.0262157132386262,-0.0326175728527556,0.0444887882068265
region_pitch,2-2,OUTSIDE,FB,6373,6195,0.972069668915738,2186,6044,697,561,0.385532716146242,0.395480225988701,0.614467283853758,0.604519774011299,0.283883292978208,Take,Swing_including_bunts,3745,2570.60399634883,1855,0.00345723957636521,2450,1802.70615255877,1475,0.00434948768487144,0.299539735951452,0.186932107377161,0.314505301909182,0.187902162736531,-0.112607628574292,0.0116942714311512,-0.135540682881281,-0.0896745742673025,-0.155778146108239,-0.0694371110403436,Take,Take,관찰상 방향 뚜렷,TRUE,TRUE,,W per selected current decision; not PA sum,2024,5980,5806,0.970903010033445,2134,5678,713,571,0.365384615384615,0.375990354805374,0.634615384615385,0.624009645194626,0.298350327247675,Take,Swing_including_bunts,3623,2632.48722462734,1843,0.00283415010478274,2183,1681.83539628199,1384,0.00483440398744417,0.325382472352675,0.187169821092067,0.320010163940502,0.187957457943516,-0.138212651260608,0.0129295208564077,-0.163568434402753,-0.112856868118463,-0.185945153868298,-0.0904801486529177,Take,Take,관찰상 방향 뚜렷,TRUE,TRUE,,W per selected current decision; not PA sum,2025,-0.0256050226863164,0.0174335450749904,4264.38460644232,-0.0597838441194941,0.0085737987468613,-0.0905844592819551,0.0393744139093223
region_pitch,2-2,OUTSIDE,NFB,9206,8929,0.969910927655877,2358,8694,743,569,0.445035846187269,0.455370142233173,0.554964153812731,0.544629857766827,0.266614178519431,Take,Swing_including_bunts,4863,3338.22946294121,2086,0.00320849107364273,4066,2652.64671545822,1927,0.00304290677308556,0.326336466341717,0.128832127647187,0.331250708983192,0.148985067689061,-0.19750433869453,0.00883719305319316,-0.214833817744841,-0.180174859644219,-0.230123702221076,-0.164884975167984,Take,Take,관찰상 방향 뚜렷,TRUE,TRUE,,W per selected current decision; not PA sum,2024,8957,8711,0.972535447136318,2351,8504,755,578,0.447136317963604,0.45746756973941,0.552863682036396,0.54253243026059,0.263127425094708,Take,Swing_including_bunts,4726,3272.67140256304,2049,0.00312548501774215,3985,2625.5669146153,1927,0.00334873271481267,0.322829625977096,0.131535927907764,0.334488859463557,0.151079317767758,-0.191293698069333,0.00894955294943896,-0.208843538472694,-0.173743857665971,-0.224327950680863,-0.158259445457802,Take,Take,관찰상 방향 뚜렷,TRUE,TRUE,,W per selected current decision; not PA sum,2025,0.00621064062519744,0.0125773796577116,4706.06162903133,-0.0184469122386186,0.0308681934890135,-0.0406647447690039,0.0530860260193988
region_pitch,3-0,CENTER,FB,3540,3515,0.992937853107345,1822,3515,661,531,0.142655367231638,0.143100995732575,0.857344632768362,0.856899004267426,0.472527453769559,Take,Swing_including_bunts,3012,3003.99480563264,1683,0.00206314128585511,503,458.430707532813,449,0.00780907011207752,0.466827403073234,0.520379034037776,0.464437319199924,0.424153685387875,0.0535516309645415,0.0335816031102026,-0.0123108780322645,0.119414139961348,-0.0704594697283029,0.177562731657386,Swing_including_bunts,Swing_including_bunts,차이 불명확,TRUE,TRUE,,W per selected current decision; not PA sum,2024,3573,3537,0.98992443324937,1826,3537,678,525,0.123705569549398,0.124681933842239,0.876294430450602,0.875318066157761,0.460674300254453,Take,Swing_including_bunts,3096,3088.64648539993,1717,0.00222941523639069,441,399.821314618117,399,0.00940654812898354,0.452868180933071,0.520473683478184,0.468698490036405,0.424647213199966,0.0676055025451133,0.0333201213651057,0.00225592447725727,0.132955080612969,-0.0554394501441092,0.190650455234336,Swing_including_bunts,Swing_including_bunts,차이 불명확,TRUE,TRUE,,W per selected current decision; not PA sum,2025,0.0140538715805717,0.0473070243752082,3645.71032252906,-0.0786969852375194,0.106804728398663,-0.162298032300414,0.190405775461558
region_pitch,3-0,CENTER,NFB,151,151,1,150,151,116,110,0.125827814569536,0.125827814569536,0.874172185430464,0.874172185430464,0.51082119205298,Take,Swing_including_bunts,132,130.982003929521,131,0.015224979237556,19,16.8708555671933,19,0.126354898235389,0.504132031184015,0.491488794941719,0.482476004322305,0.395169670587351,-0.012643236242296,0.101282645409673,-0.212779078243032,0.18749260575844,-0.395250418541682,0.36996394605709,Take,,비교 자료 부족,TRUE,FALSE,,W per selected current decision; not PA sum,2024,219,218,0.995433789954338,196,218,137,152,0.118721461187215,0.119266055045872,0.881278538812785,0.880733944954129,0.518220183486239,Take,Swing_including_bunts,192,190.929521477707,172,0.0265301574313868,26,20.7075332301097,26,0.112204869720414,0.513041231679536,0.491154899121709,0.485733191677911,0.392836542563329,-0.0218863325578273,0.112960834683889,-0.244668148356058,0.200895483240403,-0.446111461653066,0.402338796537411,Take,,비교 자료 부족,TRUE,FALSE,,W per selected current decision; not PA sum,2025,-0.00924309631553131,0.151717910721386,343.780770317594,-0.307655304776204,0.289169112145141,-0.580411525403974,0.561925332772911
region_pitch,3-0,HIGH,FB,823,521,0.633049817739976,455,521,315,304,0.0376670716889429,0.0595009596928983,0.962332928311057,0.940499040307102,0.607579654510557,Take,Swing_including_bunts,490,489.111568031608,428,0.00798470852134502,31,28.0620604618219,31,0.0571746530513474,0.616872007006959,0.3904837492881,0.5925494470286,0.34329890251976,-0.226388257718859,0.0641939362321402,-0.352542372028754,-0.100234143408965,-0.464884461300605,0.0121079458628862,Take,,비교 자료 부족,TRUE,FALSE,,W per selected current decision; not PA sum,2024,901,541,0.600443951165372,479,541,338,296,0.0188679245283019,0.0314232902033272,0.981132075471698,0.968576709796673,0.631512014787431,Take,Swing_including_bunts,524,522.598443297061,466,0.00785928686967391,17,15.7095205427086,17,0.0944884358697867,0.641506583294973,0.366431365053905,0.599570471946206,0.345838765132948,-0.275075218241067,0.0295636613152348,-0.33316601737321,-0.216984419108925,-0.384866915213587,-0.165283521268548,Take,,비교 자료 부족,TRUE,FALSE,,W per selected current decision; not PA sum,2025,-0.0486869605222082,0.0706744049804312,639.673812997632,-0.187468837657214,0.0900949166127974,-0.313416945352594,0.216043024308178
region_pitch,3-0,HIGH,NFB,29,22,0.758620689655172,22,22,20,22,0.0344827586206897,0.0454545454545455,0.96551724137931,0.954545454545455,0.683363636363636,Take,Swing_including_bunts,21,20.9281254301464,21,0.0549598903288036,1,1,1,1,0.733017515381643,0.115171029121972,0.565262059590417,0.3403075430334,-0.617846486259672,0.219745958465261,-1.07483322380698,-0.160859748712362,-1.59295287154741,0.357259899028063,Take,,비교 자료 부족,TRUE,FALSE,,W per selected current decision; not PA sum,2024,30,21,0.7,21,21,20,20,0,0,1,1,0.66547619047619,Take,Swing_including_bunts,21,20.9562795676929,21,0.052164181340712,0,0,0,,0.673432260588713,0.335685475029391,0.557057231497413,0.335685475029391,-0.337746785559322,0.0985624592916608,-0.543344472914356,-0.132149098204287,-0.779472471792396,0.103978900673753,Take,,비교 자료 부족,TRUE,FALSE,,W per selected current decision; not PA sum,2025,0.28009970070035,0.240837797372913,29.0642917458366,-0.212421577554713,0.772620978955413,-0.745815694070404,1.3060150954711
region_pitch,3-0,INSIDE,FB,723,527,0.728907330567082,467,527,340,298,0.0622406639004149,0.0834914611005693,0.937759336099585,0.916508538899431,0.604339658444023,Take,Swing_including_bunts,483,481.942641875725,430,0.00652329415309162,44,39.4536657833043,43,0.0441473808382102,0.601869291898924,0.581896755039152,0.581138560693716,0.361026035908708,-0.019972536859772,0.0778186903570137,-0.172891533151959,0.132946459432415,-0.309027888046473,0.269082814326929,Take,,비교 자료 부족,TRUE,FALSE,,W per selected current decision; not PA sum,2024,804,543,0.675373134328358,492,543,330,294,0.0472636815920398,0.0681399631675875,0.95273631840796,0.931860036832412,0.622922651933702,Take,Swing_including_bunts,506,504.876348011324,461,0.00650168583984813,37,33.2850109363569,37,0.0459496522491303,0.638553346835879,0.367625447807471,0.583808271100259,0.36108216467903,-0.270927899028409,0.0585487209409251,-0.385964848858121,-0.155890949198697,-0.488318353587903,-0.0535374444689147,Take,,비교 자료 부족,TRUE,FALSE,,W per selected current decision; not PA sum,2025,-0.250955362168637,0.0973842969513006,876.374956573914,-0.44208904597874,-0.0598216783585341,-0.615160098704403,0.11324937436713
region_pitch,3-0,INSIDE,NFB,47,36,0.765957446808511,35,36,30,36,0.0638297872340426,0.0833333333333333,0.936170212765957,0.916666666666667,0.555027777777778,Take,Swing_including_bunts,33,32.8830110662254,32,0.0578902759523636,3,2.44136567844268,3,0.532641679433117,0.569137454719812,0.421051345613063,0.541784290123803,0.341843110919704,-0.148086109106749,0.191569561578931,-0.537402298777934,0.241230080564436,-0.937630374858552,0.641458156645055,Take,,비교 자료 부족,TRUE,FALSE,,W per selected current decision; not PA sum,2024,64,51,0.796875,51,51,46,47,0.09375,0.0980392156862745,0.90625,0.901960784313725,0.596156862745098,Take,Swing_including_bunts,46,45.7405277625174,46,0.0260659780262503,5,4.37256523553054,5,0.314497965242747,0.624162739121159,0.50043609269169,0.538477018959755,0.350382579624336,-0.123726646429469,0.182410558386708,-0.490109035620478,0.24265574276154,-0.848369598593515,0.600916305734577,Take,,비교 자료 부족,TRUE,FALSE,,W per selected current decision; not PA sum,2025,0.0243594626772799,0.264523172396095,79.2838820410689,-0.502131429838553,0.550850355193113,-1.00891260928079,1.05763153463535
region_pitch,3-0,LOW,FB,644,475,0.737577639751553,426,475,295,274,0.0419254658385093,0.0568421052631579,0.958074534161491,0.943157894736842,0.635273684210526,Take,Swing_including_bunts,448,447.203549391022,405,0.00680737454678623,27,23.7308963222354,27,0.0651173444918366,0.644209225857697,0.434644834326951,0.592593910736862,0.349982834103899,-0.209564391530746,0.069471056016313,-0.346114021740802,-0.07301476132069,-0.467808779302915,0.0486799962414228,Take,,비교 자료 부족,TRUE,FALSE,,W per selected current decision; not PA sum,2024,614,441,0.718241042345277,403,441,283,266,0.0342019543973941,0.0476190476190476,0.965798045602606,0.952380952380952,0.643979591836735,Take,Swing_including_bunts,420,419.211088081912,384,0.0072278717489354,21,19.1484207659439,21,0.0758705281978979,0.650855532343975,0.48510817810534,0.595667800639241,0.350147729532871,-0.165747354238635,0.0752311853641971,-0.313643037163909,-0.0178516713133604,-0.445542082628755,0.114047374151486,Take,,비교 자료 부족,TRUE,FALSE,,W per selected current decision; not PA sum,2025,0.0438170372921114,0.102400971066313,817.579862377696,-0.157182735191596,0.244816809775818,-0.339266648755725,0.426900723339948
region_pitch,3-0,LOW,NFB,93,70,0.752688172043011,68,70,55,60,0.129032258064516,0.171428571428571,0.870967741935484,0.828571428571429,0.613757142857143,Take,Swing_including_bunts,58,57.6551208068649,56,0.0328397622986207,12,10.1548687111983,12,0.148188857459203,0.653559913936853,0.381757494727747,0.553725534840649,0.338078821049707,-0.271802419209106,0.181878359439706,-0.634833144067175,0.0912283056489633,-0.980420630825119,0.436815792406907,Take,,비교 자료 부족,TRUE,FALSE,,W per selected current decision; not PA sum,2024,101,74,0.732673267326733,72,74,63,64,0.099009900990099,0.121621621621622,0.900990099009901,0.878378378378378,0.62145945945946,Take,Swing_including_bunts,65,64.7564795422513,63,0.0305143541037482,9,7.45717589996051,9,0.229135703647711,0.649016307458232,0.439293650302096,0.552378564456125,0.339684817246046,-0.209722657156136,0.137261153680843,-0.483413624200893,0.0639683098886199,-0.742801548321874,0.323356234009601,Take,,비교 자료 부족,TRUE,FALSE,,W per selected current decision; not PA sum,2025,0.0620797620529697,0.227860400118746,126.370321891899,-0.388836459709211,0.512995983815151,-0.812105516579782,0.936265040685722
region_pitch,3-0,OUTSIDE,FB,1277,914,0.715740015661707,753,914,427,393,0.0281910728269381,0.0393873085339169,0.971808927173062,0.960612691466083,0.601653172866521,Take,Swing_including_bunts,878,876.085919112593,727,0.00451958807231663,36,31.3551093508311,36,0.0521574899151203,0.611327771960001,0.354752016289225,0.583658581822249,0.363247821825923,-0.256575755670776,0.0320385608037688,-0.319471410420148,-0.193680100921404,-0.37522676820979,-0.137924743131762,Take,,비교 자료 부족,TRUE,FALSE,,W per selected current decision; not PA sum,2024,1350,917,0.679259259259259,746,917,434,379,0.0237037037037037,0.0338058887677208,0.976296296296296,0.966194111232279,0.626845147219193,Take,Swing_including_bunts,886,884.102276667239,728,0.00560293567721563,31,27.035727553079,31,0.0558988009089207,0.634222435564805,0.394562122786249,0.585173613243259,0.363215738537805,-0.239660312778557,0.0389941967972441,-0.316211900179573,-0.163108725377541,-0.384077302301953,-0.0952433232551607,Take,,비교 자료 부족,TRUE,FALSE,,W per selected current decision; not PA sum,2025,0.0169154428922192,0.0504679775921226,1440.16216135891,-0.0820831764019597,0.115914062186398,-0.1715143232958,0.205345209080238
region_pitch,3-0,OUTSIDE,NFB,95,76,0.8,73,76,68,68,0.0736842105263158,0.0921052631578947,0.926315789473684,0.907894736842105,0.623644736842105,Take,Swing_including_bunts,69,68.7029581174398,66,0.0306138530649971,7,6.5997956720654,7,0.19078210647167,0.644615291928151,0.387525728554641,0.535052566905711,0.341543956723759,-0.25708956337351,0.217300203277497,-0.69026960163542,0.1760904748884,-1.10038872839545,0.586209601648433,Take,,비교 자료 부족,TRUE,FALSE,,W per selected current decision; not PA sum,2024,110,83,0.754545454545455,79,83,68,76,0.0545454545454545,0.072289156626506,0.945454545454546,0.927710843373494,0.670192771084337,Take,Swing_including_bunts,77,76.786070884566,74,0.026830705814782,6,5.3657224954121,6,0.261705575965154,0.666130182971446,0.496531119155117,0.53740329838527,0.35067668377401,-0.169599063816329,0.0967281212885502,-0.362169960555301,0.0229718329226428,-0.543466073702191,0.204267946069532,Take,,비교 자료 부족,TRUE,FALSE,,W per selected current decision; not PA sum,2025,0.0874904995571811,0.237856485706096,99.7449459759861,-0.384424770551083,0.559405769665445,-0.832428755850003,1.00740975496437
region_pitch,3-1,CENTER,FB,6218,6192,0.995818591186877,2226,6192,705,566,0.780958507558701,0.780684754521964,0.219041492441299,0.219315245478036,0.392403262273902,Take,Swing_including_bunts,1358,1081.74977205588,1032,0.00432150606165374,4834,4737.60110740466,2083,0.00176936046276065,0.36520663422195,0.394507911599757,0.41263661172252,0.394277803511491,0.0293012773778075,0.0171575290869392,-0.00434516465651028,0.0629477194121252,-0.0340354741781904,0.0926380289338054,Swing_including_bunts,Swing_including_bunts,차이 불명확,TRUE,TRUE,,W per selected current decision; not PA sum,2024,6334,6321,0.997947584464793,2237,6321,722,566,0.76586675086833,0.765385223856985,0.23413324913167,0.234614776143015,0.40403607024205,Take,Swing_including_bunts,1483,1177.3381580414,1074,0.00415905379111027,4838,4743.53794170256,2083,0.00185512587489509,0.365869417495622,0.407198253324973,0.417327932444133,0.395297351027735,0.0413288358293507,0.0166738332479833,0.00863102375564791,0.0740266479030536,-0.0202218632937858,0.102879534952487,Swing_including_bunts,Swing_including_bunts,차이 불명확,TRUE,TRUE,,W per selected current decision; not PA sum,2025,0.0120275584515433,0.0239248306065209,4456.7020123884,-0.0348769862935344,0.0589321031966209,-0.0771432609612049,0.101198377864291
region_pitch,3-1,CENTER,NFB,1496,1493,0.997994652406417,1061,1493,487,434,0.641711229946524,0.64166108506363,0.358288770053476,0.35833891493637,0.398940388479571,Take,Swing_including_bunts,535,473.1978634521,468,0.00821494161186764,958,934.35769279489,773,0.00541076195330486,0.357570039049296,0.413935440234594,0.429216746536993,0.401564317820043,0.0563654011852975,0.029031343578633,-0.000600031547844673,0.11333083391844,-0.0509969014231407,0.163727703793736,Swing_including_bunts,Swing_including_bunts,차이 불명확,TRUE,TRUE,,W per selected current decision; not PA sum,2024,1643,1642,0.999391357273281,1170,1642,471,423,0.63542300669507,0.635809987819732,0.36457699330493,0.364190012180268,0.413560292326431,Take,Swing_including_bunts,598,535.090060634749,527,0.0078313080108968,1044,1016.23140962101,830,0.00457385871596694,0.361403183776585,0.424672501155552,0.434125253689975,0.401437490892787,0.0632693173789669,0.0263545611441052,0.0115617904819653,0.114976844275969,-0.0341625077253568,0.160701142483291,Swing_including_bunts,Swing_including_bunts,차이 불명확,TRUE,TRUE,,W per selected current decision; not PA sum,2025,0.0069039161936694,0.0392094606323399,2182.78418041357,-0.0699878509620451,0.0837956833493839,-0.139361777268173,0.153169609655512
region_pitch,3-1,HIGH,FB,1403,1268,0.903777619387028,955,1268,491,421,0.281539558089808,0.30993690851735,0.718460441910192,0.69006309148265,0.565615141955836,Take,Swing_including_bunts,875,785.452100910084,729,0.00438081840234004,393,274.943434030036,354,0.016524898691288,0.64160230279191,0.350027543051632,0.600383558214053,0.329396231114378,-0.291574759740278,0.0246945774397806,-0.340036725748079,-0.243112793732476,-0.382934050411618,-0.200215469068937,Take,Take,관찰상 방향 뚜렷,TRUE,TRUE,,W per selected current decision; not PA sum,2024,1370,1255,0.916058394160584,974,1255,503,415,0.270802919708029,0.29402390438247,0.729197080291971,0.70597609561753,0.569543426294821,Take,Swing_including_bunts,886,782.57232309365,735,0.00879426847035573,369,241.160820352828,344,0.0174559276191349,0.662155748362787,0.325036540947852,0.601126827819838,0.329933415045604,-0.337119207414934,0.0276141166692547,-0.391309289930517,-0.282929124899352,-0.439271888729591,-0.234966526100278,Take,Take,관찰상 방향 뚜렷,TRUE,TRUE,,W per selected current decision; not PA sum,2025,-0.0455444476746565,0.0370453990983027,1907.37847217361,-0.118198199072392,0.0271093037230794,-0.183771428850634,0.0926825335013209
region_pitch,3-1,HIGH,NFB,183,167,0.912568306010929,161,167,129,127,0.0874316939890711,0.0958083832335329,0.912568306010929,0.904191616766467,0.578802395209581,Take,Swing_including_bunts,151,139.89348052179,146,0.0197881152273154,16,14.7651533457482,16,0.0916209681107058,0.606375252971394,0.313604407878576,0.577180566840485,0.33749673392626,-0.292770845092819,0.0393146159838004,-0.370413341530058,-0.215128348655579,-0.44103217073029,-0.144509519455347,Take,,비교 자료 부족,TRUE,FALSE,,W per selected current decision; not PA sum,2024,228,207,0.907894736842105,195,207,150,158,0.109649122807018,0.120772946859903,0.890350877192983,0.879227053140097,0.615826086956522,Take,Swing_including_bunts,182,169.730736707886,174,0.0135173765746312,25,22.0728834345878,24,0.0824076415331807,0.65770820006508,0.343329293804939,0.581854319804841,0.337093786317595,-0.314378906260141,0.0328508356454278,-0.37916954282181,-0.249588269698472,-0.437762493823165,-0.190995318697117,Take,,비교 자료 부족,TRUE,FALSE,,W per selected current decision; not PA sum,2025,-0.0216080611673222,0.0512329623636639,329.106142288976,-0.122393459730851,0.0791773373962065,-0.214577270812859,0.171361148478215
region_pitch,3-1,INSIDE,FB,1521,1437,0.944773175542406,1046,1437,523,436,0.422748191978961,0.44606819763396,0.577251808021039,0.55393180236604,0.495718162839248,Take,Swing_including_bunts,796,719.127289561834,659,0.00589945170313201,641,470.971545110298,543,0.0105604999943499,0.604397676975424,0.295168353549839,0.583992171279424,0.343338746532492,-0.309229323425584,0.0300224865251447,-0.36814054793332,-0.250318098917849,-0.420262518972165,-0.198196127879004,Take,Take,관찰상 방향 뚜렷,TRUE,TRUE,,W per selected current decision; not PA sum,2024,1449,1391,0.959972394755003,1034,1391,520,442,0.392684610075914,0.408339324227175,0.607315389924086,0.591660675772825,0.536265995686556,Take,Swing_including_bunts,823,728.794042112685,676,0.00549341463036955,568,388.313020776401,503,0.0115131748874794,0.628656776395026,0.354368734958088,0.58618331683356,0.345072104334521,-0.274288041436938,0.0320969857096278,-0.33727077272792,-0.211305310145956,-0.392998252870515,-0.15557783000336,Take,Take,관찰상 방향 뚜렷,TRUE,TRUE,,W per selected current decision; not PA sum,2025,0.0349412819886464,0.0439495869013185,2067.13694562798,-0.0512487915909957,0.121131355568289,-0.129022465621319,0.198905029598612
region_pitch,3-1,INSIDE,NFB,403,382,0.947890818858561,351,382,255,231,0.334987593052109,0.353403141361257,0.665012406947891,0.646596858638743,0.539782722513089,Take,Swing_including_bunts,247,227.700762247306,228,0.0142826110482743,135,91.2633936890695,132,0.0318191390715651,0.634003304518382,0.345025728205359,0.574494379006741,0.340180225357642,-0.288977576313023,0.0519653225456181,-0.391181154058267,-0.18677399856778,-0.482506068739016,-0.0954490838870306,Take,,비교 자료 부족,TRUE,FALSE,,W per selected current decision; not PA sum,2024,397,365,0.919395465994962,326,365,249,230,0.317380352644836,0.336986301369863,0.682619647355164,0.663013698630137,0.560923287671233,Take,Swing_including_bunts,242,226.603653937691,231,0.0101770085050081,123,85.3797268283765,118,0.0364189694727576,0.674933662608816,0.330262634305939,0.578382065565856,0.339331910479104,-0.344671028302877,0.0524036792283914,-0.44776426645294,-0.241577790152815,-0.539989816112464,-0.149352240493291,Take,,비교 자료 부족,TRUE,FALSE,,W per selected current decision; not PA sum,2025,-0.0556934519898538,0.073800679833876,673.607411840136,-0.200600493110817,0.0892135891311097,-0.332052467624676,0.220665563644969
region_pitch,3-1,LOW,FB,1268,1207,0.951892744479495,950,1207,462,414,0.230283911671924,0.24192212096106,0.769716088328076,0.75807787903894,0.557811930405965,Take,Swing_including_bunts,915,803.193808003459,762,0.00570134711929579,292,220.585764555974,274,0.0173670996644052,0.615707911087809,0.330427814656669,0.591486225947971,0.331535157172788,-0.28528009643114,0.0223735365448523,-0.329187420899739,-0.241372771962541,-0.368054207990578,-0.202505984871702,Take,Take,관찰상 방향 뚜렷,TRUE,TRUE,,W per selected current decision; not PA sum,2024,1159,1108,0.955996548748922,862,1108,458,409,0.225194132873167,0.235559566787004,0.774805867126833,0.764440433212996,0.576443140794224,Take,Swing_including_bunts,847,752.618261708495,695,0.00597390497191153,261,184.241825273931,240,0.0199911390898918,0.643619133323696,0.320747790472842,0.599064418855396,0.332753072044529,-0.322871342850854,0.0255408188041706,-0.373000896559002,-0.272741789142706,-0.417400496317244,-0.228342189384465,Take,,비교 자료 부족,TRUE,FALSE,,W per selected current decision; not PA sum,2025,-0.0375912464197143,0.033954507251782,1752.91306018806,-0.104186840632162,0.0290043477927336,-0.164307019365765,0.0891245265263363
region_pitch,3-1,LOW,NFB,948,916,0.966244725738397,725,916,399,348,0.429324894514768,0.443231441048035,0.570675105485232,0.556768558951965,0.558582969432314,Take,Swing_including_bunts,510,478.981568255812,447,0.00864621822434438,406,256.60791088449,361,0.0140057534391942,0.642270290840978,0.408206681546279,0.580048923104845,0.332857380142879,-0.234063609294699,0.0393918153073203,-0.311399432879047,-0.156727785710352,-0.379973989157659,-0.0881532294317399,Take,Take,관찰상 방향 뚜렷,TRUE,TRUE,,W per selected current decision; not PA sum,2024,917,869,0.947655398037077,709,869,379,344,0.376226826608506,0.390103567318757,0.623773173391494,0.609896432681243,0.537711162255466,Take,Swing_including_bunts,530,495.942718768123,468,0.00905687544983754,339,236.376797428204,307,0.016200484345655,0.640946654413692,0.35651662104008,0.579985546101883,0.331854573164732,-0.284430033373611,0.0321585936082971,-0.347567652641231,-0.221292414105992,-0.403561601897544,-0.165298464849679,Take,Take,관찰상 방향 뚜렷,TRUE,TRUE,,W per selected current decision; not PA sum,2025,-0.050366424078912,0.0508516494921221,1382.62253898262,-0.15012115083244,0.0493883026746159,-0.240249123889295,0.139516275731471
region_pitch,3-1,OUTSIDE,FB,2209,2088,0.945224083295609,1349,2088,584,492,0.245359891353554,0.257662835249042,0.754640108646446,0.742337164750958,0.558736111111111,Take,Swing_including_bunts,1550,1382.82815830605,1114,0.00363917591460355,538,389.596155391663,481,0.0101577810405164,0.608920398312819,0.359883283128378,0.586342619979035,0.346018498674809,-0.249037115184441,0.0192023797109991,-0.286706910896817,-0.211367319472065,-0.319998133771281,-0.178076096597602,Take,Take,관찰상 방향 뚜렷,TRUE,TRUE,,W per selected current decision; not PA sum,2024,2008,1896,0.944223107569721,1310,1896,571,467,0.217131474103586,0.229430379746835,0.782868525896414,0.770569620253165,0.575090717299578,Take,Swing_including_bunts,1461,1327.74268160344,1099,0.00407912586283115,435,337.134455757548,401,0.0100466307956125,0.623502764225876,0.332990587968681,0.593378029305625,0.34382640076747,-0.290512176257195,0.0193308701903978,-0.328435050385484,-0.252589302128907,-0.361953790956829,-0.219070561557562,Take,Take,관찰상 방향 뚜렷,TRUE,TRUE,,W per selected current decision; not PA sum,2025,-0.0414750610727542,0.0272472737880949,2655.78948755089,-0.094903085778343,0.0119529636328346,-0.143086542277444,0.0601364201319355
region_pitch,3-1,OUTSIDE,NFB,721,694,0.962552011095701,606,694,349,319,0.29126213592233,0.301152737752161,0.70873786407767,0.698847262247839,0.543131123919308,Take,Swing_including_bunts,485,451.740573095844,442,0.00735331625052451,209,128.175941347087,195,0.0260243494514817,0.598563317157303,0.361003358455382,0.568768952271297,0.346566925024337,-0.237559958701921,0.0434203265243754,-0.322832826065527,-0.152287091338314,-0.398552331042061,-0.076567586361781,Take,,비교 자료 부족,TRUE,FALSE,,W per selected current decision; not PA sum,2024,802,764,0.952618453865337,648,764,366,329,0.268079800498753,0.276178010471204,0.731920199501247,0.723821989528796,0.556887434554974,Take,Swing_including_bunts,553,513.640869127055,486,0.00732958684659428,211,155.136373566248,206,0.0186607840276539,0.631287495429431,0.338688944991635,0.573552250334421,0.348596005074788,-0.292598550437796,0.0286785814011466,-0.348912882795575,-0.236284218080017,-0.398890216572236,-0.186306884303356,Take,,비교 자료 부족,TRUE,FALSE,,W per selected current decision; not PA sum,2025,-0.0550385917358752,0.0520363890625163,1059.45633226511,-0.157144687915111,0.0470675044433601,-0.249504967230502,0.139427783758752
region_pitch,3-2,CENTER,FB,11964,11059,0.924356402540956,2364,9358,732,581,0.910147107990639,0.905235554751786,0.0898528920093614,0.0947644452482141,0.313394701148386,Take,Swing_including_bunts,1048,908.165140293061,852,0.00412532666550074,10011,9986.75814833474,2347,0.00142390042002538,0.0722274646006979,0.339133301994316,0.223128297894691,0.338128253049635,0.266905837393618,0.00873810068617687,0.249770697952151,0.284040976835084,0.234652365016412,0.299159309770823,Swing_including_bunts,Swing_including_bunts,관찰상 방향 뚜렷,TRUE,TRUE,,W per selected current decision; not PA sum,2024,12141,11419,0.940532081377152,2373,9587,738,592,0.90379705131373,0.900078816008407,0.0962029486862697,0.099921183991593,0.313910324897101,Take,Swing_including_bunts,1141,987.597191315985,897,0.00473344877897707,10278,10250.3625236591,2344,0.00176523857120044,0.0607582917415872,0.342611964227958,0.226311569732345,0.338429701663048,0.281853672486371,0.00852760400446718,0.265131342904547,0.298576002068195,0.250377355369259,0.313329989603482,Swing_including_bunts,Swing_including_bunts,관찰상 방향 뚜렷,TRUE,TRUE,,W per selected current decision; not PA sum,2025,0.0149478350927529,0.0122096041565142,4731.73199056108,-0.00898867218893418,0.0388843423744399,-0.0305566707696682,0.060452340955174
region_pitch,3-2,CENTER,NFB,5488,4979,0.907252186588921,2022,4582,657,547,0.909803206997085,0.905402691303475,0.0901967930029155,0.0945973086965254,0.305444868447479,Take,Swing_including_bunts,471,415.515861712672,428,0.00877328956603382,4508,4499.58491121375,1948,0.00217697341768364,0.0557284941993911,0.330333882021543,0.274970866147457,0.330280183266873,0.274605387822152,0.0153151138759392,0.244570328575066,0.304640447069237,0.21806051952677,0.331150256117534,Swing_including_bunts,Swing_including_bunts,관찰상 방향 뚜렷,TRUE,TRUE,,W per selected current decision; not PA sum,2024,5905,5538,0.937849280270957,2093,5098,672,553,0.915834038950042,0.912062116287468,0.0841659610499577,0.0879378837125316,0.312394366197183,Take,Swing_including_bunts,487,431.804386516732,438,0.0116182830578258,5051,5039.68651706711,2028,0.00200662634641667,0.0890356981065885,0.335447607437271,0.27747752972395,0.329723567501796,0.246411909330683,0.01375963890625,0.219427900699225,0.27339591796214,0.19561311812225,0.297210700539116,Swing_including_bunts,Swing_including_bunts,관찰상 방향 뚜렷,TRUE,TRUE,,W per selected current decision; not PA sum,2025,-0.0281934784914689,0.0205883553462479,4050.74213887506,-0.0685579743503104,0.0121710173673725,-0.104935258364207,0.0485483013812692
region_pitch,3-2,HIGH,FB,3150,3073,0.975555555555555,1649,2970,620,519,0.504444444444444,0.514480963228116,0.495555555555556,0.485519036771884,0.439747478034494,Take,Swing_including_bunts,1492,1036.94269104431,1075,0.00525712338244637,1581,1158.76032851627,1086,0.00628970348730621,0.612901259177538,0.204725976354216,0.548139761833111,0.241185678580229,-0.408175282823322,0.0140443307538031,-0.435721896494346,-0.380628669152299,-0.46004950645077,-0.356301059195875,Take,Take,관찰상 방향 뚜렷,TRUE,TRUE,,W per selected current decision; not PA sum,2024,2929,2851,0.97336975076818,1609,2752,603,518,0.483782861044725,0.493511048754823,0.516217138955275,0.506488951245177,0.463575938267275,Take,Swing_including_bunts,1444,1017.81762281288,1073,0.00608533985842523,1407,971.652471439223,991,0.00852890797285843,0.63394641162142,0.210652433844651,0.548094232872549,0.241711379319024,-0.423293977776769,0.0142707429282322,-0.451285189063298,-0.39530276649024,-0.476007384557175,-0.370580570996362,Take,Take,관찰상 방향 뚜렷,TRUE,TRUE,,W per selected current decision; not PA sum,2025,-0.0151186949534465,0.020022420683971,3253.3983495984,-0.0543765234096195,0.0241391335027265,-0.0897677892898427,0.0595303993829498
region_pitch,3-2,HIGH,NFB,682,664,0.973607038123167,555,659,337,333,0.263929618768328,0.269578313253012,0.736070381231672,0.730421686746988,0.506546686746988,Take,Swing_including_bunts,485,296.563029456037,430,0.0138290664481177,179,160.258869693006,166,0.0194716370789196,0.574701378194241,0.193000888426347,0.559606757679302,0.204977553405666,-0.381700489767894,0.0337885326394865,-0.448069793203848,-0.315331186331939,-0.507050294637866,-0.256350684897922,Take,,비교 자료 부족,TRUE,FALSE,,W per selected current decision; not PA sum,2024,686,675,0.983965014577259,563,670,327,329,0.239067055393586,0.242962962962963,0.760932944606414,0.757037037037037,0.563611851851852,Take,Swing_including_bunts,511,328.904919673507,446,0.0102692400120221,164,111.265597500947,156,0.0404151060040163,0.713054829691589,0.226680892017256,0.564538796666428,0.204925869332333,-0.486373937674333,0.0323440152429279,-0.549903860242838,-0.422844015105828,-0.60635352706213,-0.366394348286536,Take,,비교 자료 부족,TRUE,FALSE,,W per selected current decision; not PA sum,2025,-0.104673447906439,0.0467739271385715,1113.12353116733,-0.196448451001932,-0.0128984448109463,-0.27944371139304,0.070096815580162
region_pitch,3-2,INSIDE,FB,3005,2961,0.985357737104825,1691,2836,616,505,0.508485856905158,0.514690982776089,0.491514143094842,0.485309017223911,0.45448969942587,Take,Swing_including_bunts,1437,996.744249559826,1097,0.0048030388928457,1524,1192.14461526603,1080,0.00522625624081599,0.561811482258454,0.264642175511338,0.53986884924994,0.254536847618355,-0.297169306747115,0.0165336969830032,-0.329597982241846,-0.264740631252384,-0.35823490522821,-0.236103708266021,Take,Take,관찰상 방향 뚜렷,TRUE,TRUE,,W per selected current decision; not PA sum,2024,3041,2996,0.985202236106544,1659,2875,634,521,0.513646826701743,0.518024032042724,0.486353173298257,0.481975967957276,0.449179572763685,Take,Swing_including_bunts,1444,978.938155256856,1077,0.00552738836310475,1552,1127.77475465744,1097,0.00797348722543492,0.567042464536259,0.258218602131179,0.534930451731972,0.255362007974921,-0.30882386240508,0.0172172987310651,-0.342593800077738,-0.275053924732422,-0.372416929469872,-0.245230795340287,Take,Take,관찰상 방향 뚜렷,TRUE,TRUE,,W per selected current decision; not PA sum,2025,-0.0116545556579646,0.0238704526878002,3339.63348825959,-0.058456745371807,0.0351476340558779,-0.100647544420917,0.0773384331049878
region_pitch,3-2,INSIDE,NFB,1818,1773,0.975247524752475,1226,1713,538,453,0.464796479647965,0.47433728144388,0.535203520352035,0.52566271855612,0.458372250423012,Take,Swing_including_bunts,932,630.142246033845,782,0.00979277560647778,841,601.532236504463,671,0.00889975586113057,0.603316880540473,0.191633617928409,0.567607781483376,0.203943477392277,-0.411683262612064,0.0178502051293535,-0.446703623159237,-0.376662902064891,-0.477665372173228,-0.3457011530509,Take,Take,관찰상 방향 뚜렷,TRUE,TRUE,,W per selected current decision; not PA sum,2024,1772,1740,0.981941309255079,1199,1692,545,454,0.466139954853273,0.473563218390805,0.533860045146727,0.526436781609195,0.452144252873563,Take,Swing_including_bunts,916,629.845950831871,751,0.00894057832396921,824,555.608279037231,673,0.010997364189379,0.613516948663325,0.179082582462181,0.571864300270849,0.206396619054687,-0.434434366201144,0.017363332420008,-0.468500289318381,-0.400368443083908,-0.498621098049823,-0.370247634352465,Take,Take,관찰상 방향 뚜렷,TRUE,TRUE,,W per selected current decision; not PA sum,2025,-0.0227511035890802,0.024902111072913,2422.34010889441,-0.0715827438075097,0.0260805366293492,-0.115629464020694,0.0701272568425339
region_pitch,3-2,LOW,FB,2361,2313,0.979669631512071,1446,2269,562,488,0.319779754341381,0.325983571119758,0.680220245658619,0.674016428880242,0.501396022481626,Take,Swing_including_bunts,1559,1045.59521937965,1164,0.0041271375490456,754,560.20212618684,619,0.0103023969510878,0.583513409412905,0.233528324342615,0.544856358652572,0.242088680861245,-0.34998508507029,0.0181019325131712,-0.385493963458539,-0.31447620668204,-0.416867311506808,-0.283102858633772,Take,Take,관찰상 방향 뚜렷,TRUE,TRUE,,W per selected current decision; not PA sum,2024,2196,2170,0.98816029143898,1412,2145,562,495,0.301457194899818,0.3036866359447,0.698542805100182,0.6963133640553,0.494388940092166,Take,Swing_including_bunts,1511,1013.09100792044,1125,0.00565886240985327,659,491.150898082029,568,0.00791454126133905,0.597244142835115,0.212347800954228,0.544842260153413,0.241894771841566,-0.384896341880887,0.0191397195803322,-0.422441709110352,-0.347350974651422,-0.455617246366896,-0.314175437394877,Take,Take,관찰상 방향 뚜렷,TRUE,TRUE,,W per selected current decision; not PA sum,2025,-0.0349112568105969,0.026344047265467,2843.00855270578,-0.0865666319346343,0.0167441183134404,-0.13314533013435,0.0633228165131566
region_pitch,3-2,LOW,NFB,4275,4211,0.985029239766082,1955,4084,653,527,0.545964912280702,0.552600332462598,0.454035087719298,0.447399667537402,0.397573497981477,Take,Swing_including_bunts,1884,1302.47291067995,1287,0.00524664304601713,2327,1567.94553919306,1459,0.00506773066209924,0.614537325219781,0.146648890351925,0.569943660474215,0.196654766187623,-0.467888434867856,0.00995519921127187,-0.487412360342464,-0.448364509393247,-0.504646261283697,-0.431130608452015,Take,Take,관찰상 방향 뚜렷,TRUE,TRUE,,W per selected current decision; not PA sum,2024,4110,4042,0.98345498783455,1896,3904,632,522,0.534549878345499,0.54205838693716,0.465450121654501,0.45794161306284,0.405742949035131,Take,Swing_including_bunts,1851,1336.8305929976,1276,0.00565019917990365,2191,1526.70862306609,1362,0.00513783417345208,0.629179567286234,0.145045590626922,0.577956900491545,0.197793522938337,-0.484133976659313,0.0102112788216696,-0.504160506488459,-0.464107446830167,-0.521839525578603,-0.446428427740022,Take,Take,관찰상 방향 뚜렷,TRUE,TRUE,,W per selected current decision; not PA sum,2025,-0.0162455417914569,0.0142610029980358,3842.62662052205,-0.0442054009032061,0.0117143173202922,-0.0694051636731451,0.0369140800902312
region_pitch,3-2,OUTSIDE,FB,4085,4001,0.979436964504284,1920,3871,653,528,0.430844553243574,0.4383904023994,0.569155446756426,0.5616095976006,0.462570607348163,Take,Swing_including_bunts,2247,1534.15395382859,1475,0.00333224524871831,1754,1362.16603198832,1204,0.00495019934919118,0.541611795337161,0.262147705257425,0.539307097221223,0.252594110144191,-0.279464090079736,0.0131675971670997,-0.305288394194407,-0.253639785965066,-0.328084789233775,-0.230843390925697,Take,Take,관찰상 방향 뚜렷,TRUE,TRUE,,W per selected current decision; not PA sum,2024,3766,3705,0.98380244291025,1842,3604,666,527,0.415560276155072,0.422402159244264,0.584439723844928,0.577597840755736,0.470754116059379,Take,Swing_including_bunts,2140,1497.6346006487,1403,0.00425056604718134,1565,1207.73595344695,1096,0.00621248193304011,0.563679978628038,0.231215465976961,0.54344296815004,0.252795441323617,-0.332464512651077,0.0126360026389282,-0.35724691572907,-0.307682109573084,-0.379126086744286,-0.285802938557868,Take,Take,관찰상 방향 뚜렷,TRUE,TRUE,,W per selected current decision; not PA sum,2025,-0.0530004225713405,0.0182497719943569,3758.4289275968,-0.0887808410713711,-0.0172200040713098,-0.121030141013699,0.0150292958710183
region_pitch,3-2,OUTSIDE,NFB,3101,3059,0.986455981941309,1676,2968,626,505,0.493389229280877,0.498855835240275,0.506610770719123,0.501144164759726,0.42606341941811,Take,Swing_including_bunts,1533,1021.39409508694,1103,0.00680203107141073,1526,1006.33359683516,1100,0.00773619280386025,0.559304339769719,0.191471894450826,0.559048204236195,0.209754577837561,-0.367832445318893,0.0137564908133065,-0.394814168774466,-0.340850721863321,-0.418641686672884,-0.317023203964902,Take,Take,관찰상 방향 뚜렷,TRUE,TRUE,,W per selected current decision; not PA sum,2024,3036,2992,0.985507246376812,1700,2947,614,501,0.490777338603426,0.497326203208556,0.509222661396574,0.502673796791444,0.426428475935829,Take,Swing_including_bunts,1504,1027.61908784944,1118,0.00497177245202301,1488,1058.71586660725,1088,0.00795621508571025,0.572911447864725,0.185480200175316,0.558236379112359,0.212375163255107,-0.387431247689409,0.0137933520523265,-0.414484993744966,-0.360377501633851,-0.438375066104523,-0.336487429274295,Take,Take,관찰상 방향 뚜렷,TRUE,TRUE,,W per selected current decision; not PA sum,2025,-0.0195988023705155,0.0194806981480646,3373.93356644085,-0.0577939711827853,0.0185963664417542,-0.0922252389335944,0.0530276341925633
