level,count,region,pitch_group,n_all,n,coverage,games,PA,pitchers,batters,action1_rate_all,action1_rate,action0_rate_all,action0_rate,observed_Y,action0,action1,rows0,ESS0,games0,max_game_share0,rows1,ESS1,games1,max_game_share1,Q0,Q1,gcomp0,gcomp1,delta,SE,nominal95_low,nominal95_high,family95_low,family95_high,arithmetic_direction,point_direction,evidence,large_point_difference,support_gate,recommendation,unit,game_year,model,model_id,model_status,run_id,comparison_family,fit_scope,first_date,last_date,measurement_note,source_csv,source_manifest,status
"count","3-0","ALL","ALL",2863,2349,0.82046804051694,820,2349,479,477,0.948655256723716,0.943380161770966,0.0513447432762836,0.0566198382290336,0.563189868028949,"NFB","FB",133,113.775233455517,113,0.0309292392245809,2216,2209.78447439682,806,0.00421445131032527,NA,NA,NA,NA,NA,NA,NA,NA,NA,NA,"NFB","","비교 자료 부족",TRUE,FALSE,NA,"W per selected current decision; not PA sum",2020,"pitch","BCAP-PITCH-v0.2.0","EXPERIMENTAL","bcap_pitch_r_history__mlb_2020__20260928__r01",255,"해당 연도 안에서 별도 적합",2020-07-23,2020-09-27,"연도 간 측정·분류·표본 차이 가능","columns/001-ball-count/analysis/runs/bcap_pitch_r_history__mlb_2020__20260928__r01/artifacts/year_values.csv","columns/001-ball-count/analysis/runs/bcap_pitch_r_history__mlb_2020__20260928__r01/manifest.json","자료 부족"
"region","3-0","HIGH","ALL",675,414,0.613333333333333,371,414,262,252,0.0251851851851852,0.0410628019323672,0.974814814814815,0.958937198067633,0.63825845410628,"Take","Swing_including_bunts",397,396.161940644858,358,0.00741570270658394,17,15.3230206411317,16,0.156467467426727,NA,NA,NA,NA,NA,NA,NA,NA,NA,NA,"Take","","비교 자료 부족",TRUE,FALSE,NA,"W per selected current decision; not PA sum",2015,"swing","BCAP-SWING-v0.2.0","EXPERIMENTAL","bcap_swing_r_history__mlb_2015__20260928__r01",255,"해당 연도 안에서 별도 적합",2015-04-05,2015-10-04,"구속은 보정 PITCHf/x 기반; Statcast와 물리량 구간의 직접 비교 미검증","columns/001-ball-count/analysis/runs/bcap_swing_r_history__mlb_2015__20260928__r01/artifacts/year_values.csv","columns/001-ball-count/analysis/runs/bcap_swing_r_history__mlb_2015__20260928__r01/manifest.json","자료 부족"
"region","3-0","INSIDE","ALL",686,496,0.723032069970846,444,496,296,277,0.0641399416909621,0.0887096774193548,0.935860058309038,0.911290322580645,0.589304435483871,"Take","Swing_including_bunts",452,450.285883405929,408,0.00880942081724375,44,35.4434008469014,44,0.0482274345181401,NA,NA,NA,NA,NA,NA,NA,NA,NA,NA,"Take","","비교 자료 부족",TRUE,FALSE,NA,"W per selected current decision; not PA sum",2015,"swing","BCAP-SWING-v0.2.0","EXPERIMENTAL","bcap_swing_r_history__mlb_2015__20260928__r01",255,"해당 연도 안에서 별도 적합",2015-04-05,2015-10-04,"구속은 보정 PITCHf/x 기반; Statcast와 물리량 구간의 직접 비교 미검증","columns/001-ball-count/analysis/runs/bcap_swing_r_history__mlb_2015__20260928__r01/artifacts/year_values.csv","columns/001-ball-count/analysis/runs/bcap_swing_r_history__mlb_2015__20260928__r01/manifest.json","자료 부족"
"region","3-0","LOW","ALL",923,671,0.726977248104009,577,671,323,318,0.0455037919826652,0.0596125186289121,0.954496208017335,0.940387481371088,0.605083457526081,"Take","Swing_including_bunts",631,629.881776685719,551,0.00625054688365693,40,34.5757413956012,39,0.0537488377213859,NA,NA,NA,NA,NA,NA,NA,NA,NA,NA,"Take","","비교 자료 부족",TRUE,FALSE,NA,"W per selected current decision; not PA sum",2015,"swing","BCAP-SWING-v0.2.0","EXPERIMENTAL","bcap_swing_r_history__mlb_2015__20260928__r01",255,"해당 연도 안에서 별도 적합",2015-04-05,2015-10-04,"구속은 보정 PITCHf/x 기반; Statcast와 물리량 구간의 직접 비교 미검증","columns/001-ball-count/analysis/runs/bcap_swing_r_history__mlb_2015__20260928__r01/artifacts/year_values.csv","columns/001-ball-count/analysis/runs/bcap_swing_r_history__mlb_2015__20260928__r01/manifest.json","자료 부족"
"region","3-0","OUTSIDE","ALL",1680,1163,0.692261904761905,910,1163,451,380,0.0357142857142857,0.0490111779879622,0.964285714285714,0.950988822012038,0.570228718830611,"Take","Swing_including_bunts",1106,1102.01969177477,867,0.00359061193951048,57,49.4275756288723,56,0.0381052838987268,NA,NA,NA,NA,NA,NA,NA,NA,NA,NA,"Take","","비교 자료 부족",TRUE,FALSE,NA,"W per selected current decision; not PA sum",2015,"swing","BCAP-SWING-v0.2.0","EXPERIMENTAL","bcap_swing_r_history__mlb_2015__20260928__r01",255,"해당 연도 안에서 별도 적합",2015-04-05,2015-10-04,"구속은 보정 PITCHf/x 기반; Statcast와 물리량 구간의 직접 비교 미검증","columns/001-ball-count/analysis/runs/bcap_swing_r_history__mlb_2015__20260928__r01/artifacts/year_values.csv","columns/001-ball-count/analysis/runs/bcap_swing_r_history__mlb_2015__20260928__r01/manifest.json","자료 부족"
"region_pitch","0-0","HIGH","NFB",4392,3277,0.746129326047359,1699,3277,552,511,0.0437158469945355,0.0558437595361611,0.956284153005464,0.944156240463839,0.329980164784864,"Take","Swing_including_bunts",3094,3048.93170072205,1658,0.0033865337839028,183,144.101502548568,167,0.0253950767021549,NA,NA,NA,NA,NA,NA,NA,NA,NA,NA,"Take","","비교 자료 부족",TRUE,FALSE,NA,"W per selected current decision; not PA sum",2015,"swing","BCAP-SWING-v0.2.0","EXPERIMENTAL","bcap_swing_r_history__mlb_2015__20260928__r01",255,"해당 연도 안에서 별도 적합",2015-04-05,2015-10-04,"구속은 보정 PITCHf/x 기반; Statcast와 물리량 구간의 직접 비교 미검증","columns/001-ball-count/analysis/runs/bcap_swing_r_history__mlb_2015__20260928__r01/artifacts/year_values.csv","columns/001-ball-count/analysis/runs/bcap_swing_r_history__mlb_2015__20260928__r01/manifest.json","자료 부족"
"region_pitch","0-1","HIGH","NFB",1767,1546,0.874929258630447,1066,1546,468,479,0.110356536502547,0.121604139715395,0.889643463497453,0.878395860284605,0.302158473479948,"Take","Swing_including_bunts",1358,1164.20953617064,982,0.00528526270296716,188,150.826872095625,172,0.0218565591765929,NA,NA,NA,NA,NA,NA,NA,NA,NA,NA,"Take","","비교 자료 부족",TRUE,FALSE,NA,"W per selected current decision; not PA sum",2015,"swing","BCAP-SWING-v0.2.0","EXPERIMENTAL","bcap_swing_r_history__mlb_2015__20260928__r01",255,"해당 연도 안에서 별도 적합",2015-04-05,2015-10-04,"구속은 보정 PITCHf/x 기반; Statcast와 물리량 구간의 직접 비교 미검증","columns/001-ball-count/analysis/runs/bcap_swing_r_history__mlb_2015__20260928__r01/artifacts/year_values.csv","columns/001-ball-count/analysis/runs/bcap_swing_r_history__mlb_2015__20260928__r01/manifest.json","자료 부족"
"region_pitch","0-2","HIGH","NFB",666,628,0.942942942942943,513,624,276,323,0.235735735735736,0.245222929936306,0.764264264264264,0.754777070063694,0.203273885350318,"Take","Swing_including_bunts",474,337.316153354681,408,0.0106333312328078,154,125.726660597394,137,0.026225690535879,NA,NA,NA,NA,NA,NA,NA,NA,NA,NA,"Take","","비교 자료 부족",TRUE,FALSE,NA,"W per selected current decision; not PA sum",2015,"swing","BCAP-SWING-v0.2.0","EXPERIMENTAL","bcap_swing_r_history__mlb_2015__20260928__r01",255,"해당 연도 안에서 별도 적합",2015-04-05,2015-10-04,"구속은 보정 PITCHf/x 기반; Statcast와 물리량 구간의 직접 비교 미검증","columns/001-ball-count/analysis/runs/bcap_swing_r_history__mlb_2015__20260928__r01/artifacts/year_values.csv","columns/001-ball-count/analysis/runs/bcap_swing_r_history__mlb_2015__20260928__r01/manifest.json","자료 부족"
"region_pitch","1-0","HIGH","NFB",1314,1099,0.836377473363775,856,1099,393,384,0.058599695585997,0.0673339399454049,0.941400304414003,0.932666060054595,0.38266424021838,"Take","Swing_including_bunts",1025,973.473872484693,819,0.00448214567142973,74,62.0718672018111,71,0.0379984068000294,NA,NA,NA,NA,NA,NA,NA,NA,NA,NA,"Take","","비교 자료 부족",TRUE,FALSE,NA,"W per selected current decision; not PA sum",2015,"swing","BCAP-SWING-v0.2.0","EXPERIMENTAL","bcap_swing_r_history__mlb_2015__20260928__r01",255,"해당 연도 안에서 별도 적합",2015-04-05,2015-10-04,"구속은 보정 PITCHf/x 기반; Statcast와 물리량 구간의 직접 비교 미검증","columns/001-ball-count/analysis/runs/bcap_swing_r_history__mlb_2015__20260928__r01/artifacts/year_values.csv","columns/001-ball-count/analysis/runs/bcap_swing_r_history__mlb_2015__20260928__r01/manifest.json","자료 부족"
"region_pitch","1-1","HIGH","NFB",1599,1457,0.91119449656035,1040,1457,462,455,0.121951219512195,0.131777625257378,0.878048780487805,0.868222374742622,0.318370624571036,"Take","Swing_including_bunts",1265,1037.20518200824,949,0.00399418211507986,192,159.654643020233,179,0.0186081418854661,NA,NA,NA,NA,NA,NA,NA,NA,NA,NA,"Take","","비교 자료 부족",TRUE,FALSE,NA,"W per selected current decision; not PA sum",2015,"swing","BCAP-SWING-v0.2.0","EXPERIMENTAL","bcap_swing_r_history__mlb_2015__20260928__r01",255,"해당 연도 안에서 별도 적합",2015-04-05,2015-10-04,"구속은 보정 PITCHf/x 기반; Statcast와 물리량 구간의 직접 비교 미검증","columns/001-ball-count/analysis/runs/bcap_swing_r_history__mlb_2015__20260928__r01/artifacts/year_values.csv","columns/001-ball-count/analysis/runs/bcap_swing_r_history__mlb_2015__20260928__r01/manifest.json","자료 부족"
"region_pitch","2-0","HIGH","NFB",276,238,0.86231884057971,222,238,144,167,0.0797101449275362,0.0882352941176471,0.920289855072464,0.911764705882353,0.473899159663866,"Take","Swing_including_bunts",217,205.802248772314,201,0.0133945456588445,21,17.7366902527125,21,0.105366519016996,NA,NA,NA,NA,NA,NA,NA,NA,NA,NA,"Take","","비교 자료 부족",TRUE,FALSE,NA,"W per selected current decision; not PA sum",2015,"swing","BCAP-SWING-v0.2.0","EXPERIMENTAL","bcap_swing_r_history__mlb_2015__20260928__r01",255,"해당 연도 안에서 별도 적합",2015-04-05,2015-10-04,"구속은 보정 PITCHf/x 기반; Statcast와 물리량 구간의 직접 비교 미검증","columns/001-ball-count/analysis/runs/bcap_swing_r_history__mlb_2015__20260928__r01/artifacts/year_values.csv","columns/001-ball-count/analysis/runs/bcap_swing_r_history__mlb_2015__20260928__r01/manifest.json","자료 부족"
"region_pitch","2-0","INSIDE","NFB",431,391,0.907192575406033,352,391,215,218,0.243619489559165,0.258312020460358,0.756380510440835,0.741687979539642,0.483764705882353,"Take","Swing_including_bunts",290,271.595442274036,263,0.0136330254523183,101,70.6524944624142,99,0.0363852944312824,NA,NA,NA,NA,NA,NA,NA,NA,NA,NA,"Take","","비교 자료 부족",TRUE,FALSE,NA,"W per selected current decision; not PA sum",2015,"swing","BCAP-SWING-v0.2.0","EXPERIMENTAL","bcap_swing_r_history__mlb_2015__20260928__r01",255,"해당 연도 안에서 별도 적합",2015-04-05,2015-10-04,"구속은 보정 PITCHf/x 기반; Statcast와 물리량 구간의 직접 비교 미검증","columns/001-ball-count/analysis/runs/bcap_swing_r_history__mlb_2015__20260928__r01/artifacts/year_values.csv","columns/001-ball-count/analysis/runs/bcap_swing_r_history__mlb_2015__20260928__r01/manifest.json","자료 부족"
"region_pitch","2-1","HIGH","NFB",611,575,0.941080196399345,489,575,284,278,0.157119476268412,0.163478260869565,0.842880523731587,0.836521739130435,0.415452173913044,"Take","Swing_including_bunts",481,383.955879129421,418,0.0134500564392821,94,67.5787907660194,92,0.0502115651592394,NA,NA,NA,NA,NA,NA,NA,NA,NA,NA,"Take","","비교 자료 부족",TRUE,FALSE,NA,"W per selected current decision; not PA sum",2015,"swing","BCAP-SWING-v0.2.0","EXPERIMENTAL","bcap_swing_r_history__mlb_2015__20260928__r01",255,"해당 연도 안에서 별도 적합",2015-04-05,2015-10-04,"구속은 보정 PITCHf/x 기반; Statcast와 물리량 구간의 직접 비교 미검증","columns/001-ball-count/analysis/runs/bcap_swing_r_history__mlb_2015__20260928__r01/artifacts/year_values.csv","columns/001-ball-count/analysis/runs/bcap_swing_r_history__mlb_2015__20260928__r01/manifest.json","자료 부족"
"region_pitch","3-0","CENTER","NFB",152,151,0.993421052631579,139,151,101,121,0.144736842105263,0.145695364238411,0.855263157894737,0.85430463576159,0.475079470198676,"Take","Swing_including_bunts",129,127.902257263502,117,0.0216115836302221,22,18.8241067666776,22,0.100969999361979,NA,NA,NA,NA,NA,NA,NA,NA,NA,NA,"Swing_including_bunts","","비교 자료 부족",TRUE,FALSE,NA,"W per selected current decision; not PA sum",2015,"swing","BCAP-SWING-v0.2.0","EXPERIMENTAL","bcap_swing_r_history__mlb_2015__20260928__r01",255,"해당 연도 안에서 별도 적합",2015-04-05,2015-10-04,"구속은 보정 PITCHf/x 기반; Statcast와 물리량 구간의 직접 비교 미검증","columns/001-ball-count/analysis/runs/bcap_swing_r_history__mlb_2015__20260928__r01/artifacts/year_values.csv","columns/001-ball-count/analysis/runs/bcap_swing_r_history__mlb_2015__20260928__r01/manifest.json","자료 부족"
"region_pitch","3-0","HIGH","FB",647,396,0.612055641421947,354,396,255,244,0.0262751159196291,0.0429292929292929,0.973724884080371,0.957070707070707,0.637777777777778,"Take","Swing_including_bunts",379,378.22935669503,341,0.00777675368934938,17,15.3230206411317,16,0.156467467426727,NA,NA,NA,NA,NA,NA,NA,NA,NA,NA,"Take","","비교 자료 부족",TRUE,FALSE,NA,"W per selected current decision; not PA sum",2015,"swing","BCAP-SWING-v0.2.0","EXPERIMENTAL","bcap_swing_r_history__mlb_2015__20260928__r01",255,"해당 연도 안에서 별도 적합",2015-04-05,2015-10-04,"구속은 보정 PITCHf/x 기반; Statcast와 물리량 구간의 직접 비교 미검증","columns/001-ball-count/analysis/runs/bcap_swing_r_history__mlb_2015__20260928__r01/artifacts/year_values.csv","columns/001-ball-count/analysis/runs/bcap_swing_r_history__mlb_2015__20260928__r01/manifest.json","자료 부족"
"region_pitch","3-0","HIGH","NFB",28,18,0.642857142857143,18,18,18,18,0,0,1,1,0.648833333333333,"Take","Swing_including_bunts",18,17.9443407757547,18,0.0646084823097772,0,0,0,NA,NA,NA,NA,NA,NA,NA,NA,NA,NA,NA,"Take","","비교 자료 부족",TRUE,FALSE,NA,"W per selected current decision; not PA sum",2015,"swing","BCAP-SWING-v0.2.0","EXPERIMENTAL","bcap_swing_r_history__mlb_2015__20260928__r01",255,"해당 연도 안에서 별도 적합",2015-04-05,2015-10-04,"구속은 보정 PITCHf/x 기반; Statcast와 물리량 구간의 직접 비교 미검증","columns/001-ball-count/analysis/runs/bcap_swing_r_history__mlb_2015__20260928__r01/artifacts/year_values.csv","columns/001-ball-count/analysis/runs/bcap_swing_r_history__mlb_2015__20260928__r01/manifest.json","자료 부족"
"region_pitch","3-0","INSIDE","FB",661,475,0.718608169440242,425,475,286,268,0.0605143721633888,0.0842105263157895,0.939485627836611,0.91578947368421,0.586423157894737,"Take","Swing_including_bunts",435,433.4666624943,393,0.00915977448716437,40,32.5526424970179,40,0.0510918014923422,NA,NA,NA,NA,NA,NA,NA,NA,NA,NA,"Take","","비교 자료 부족",TRUE,FALSE,NA,"W per selected current decision; not PA sum",2015,"swing","BCAP-SWING-v0.2.0","EXPERIMENTAL","bcap_swing_r_history__mlb_2015__20260928__r01",255,"해당 연도 안에서 별도 적합",2015-04-05,2015-10-04,"구속은 보정 PITCHf/x 기반; Statcast와 물리량 구간의 직접 비교 미검증","columns/001-ball-count/analysis/runs/bcap_swing_r_history__mlb_2015__20260928__r01/artifacts/year_values.csv","columns/001-ball-count/analysis/runs/bcap_swing_r_history__mlb_2015__20260928__r01/manifest.json","자료 부족"
"region_pitch","3-0","INSIDE","NFB",25,21,0.84,21,21,20,21,0.16,0.19047619047619,0.84,0.80952380952381,0.654476190476191,"Take","Swing_including_bunts",17,16.8288320521958,17,0.0810316578699863,4,3.73095850335272,4,0.308069831664983,NA,NA,NA,NA,NA,NA,NA,NA,NA,NA,"Swing_including_bunts","","비교 자료 부족",TRUE,FALSE,NA,"W per selected current decision; not PA sum",2015,"swing","BCAP-SWING-v0.2.0","EXPERIMENTAL","bcap_swing_r_history__mlb_2015__20260928__r01",255,"해당 연도 안에서 별도 적합",2015-04-05,2015-10-04,"구속은 보정 PITCHf/x 기반; Statcast와 물리량 구간의 직접 비교 미검증","columns/001-ball-count/analysis/runs/bcap_swing_r_history__mlb_2015__20260928__r01/artifacts/year_values.csv","columns/001-ball-count/analysis/runs/bcap_swing_r_history__mlb_2015__20260928__r01/manifest.json","자료 부족"
"region_pitch","3-0","LOW","FB",852,614,0.720657276995305,530,614,311,309,0.0410798122065728,0.0537459283387622,0.958920187793427,0.946254071661238,0.59914657980456,"Take","Swing_including_bunts",581,580.091703180708,510,0.00680424230048618,33,29.1127592304117,32,0.0605455664360554,NA,NA,NA,NA,NA,NA,NA,NA,NA,NA,"Take","","비교 자료 부족",TRUE,FALSE,NA,"W per selected current decision; not PA sum",2015,"swing","BCAP-SWING-v0.2.0","EXPERIMENTAL","bcap_swing_r_history__mlb_2015__20260928__r01",255,"해당 연도 안에서 별도 적합",2015-04-05,2015-10-04,"구속은 보정 PITCHf/x 기반; Statcast와 물리량 구간의 직접 비교 미검증","columns/001-ball-count/analysis/runs/bcap_swing_r_history__mlb_2015__20260928__r01/artifacts/year_values.csv","columns/001-ball-count/analysis/runs/bcap_swing_r_history__mlb_2015__20260928__r01/manifest.json","자료 부족"
"region_pitch","3-0","LOW","NFB",71,57,0.802816901408451,56,57,46,48,0.0985915492957746,0.12280701754386,0.901408450704225,0.87719298245614,0.669035087719298,"Take","Swing_including_bunts",50,49.8343730509597,50,0.0242369621853482,7,6.80484577273784,7,0.176694023436668,NA,NA,NA,NA,NA,NA,NA,NA,NA,NA,"Swing_including_bunts","","비교 자료 부족",TRUE,FALSE,NA,"W per selected current decision; not PA sum",2015,"swing","BCAP-SWING-v0.2.0","EXPERIMENTAL","bcap_swing_r_history__mlb_2015__20260928__r01",255,"해당 연도 안에서 별도 적합",2015-04-05,2015-10-04,"구속은 보정 PITCHf/x 기반; Statcast와 물리량 구간의 직접 비교 미검증","columns/001-ball-count/analysis/runs/bcap_swing_r_history__mlb_2015__20260928__r01/artifacts/year_values.csv","columns/001-ball-count/analysis/runs/bcap_swing_r_history__mlb_2015__20260928__r01/manifest.json","자료 부족"
"region_pitch","3-0","OUTSIDE","FB",1585,1096,0.691482649842271,871,1096,440,377,0.0347003154574132,0.0474452554744526,0.965299684542587,0.952554744525547,0.568200729927007,"Take","Swing_including_bunts",1044,1040.44833926319,830,0.00381056244341369,52,45.5900086696851,51,0.0405008223354494,NA,NA,NA,NA,NA,NA,NA,NA,NA,NA,"Take","","비교 자료 부족",TRUE,FALSE,NA,"W per selected current decision; not PA sum",2015,"swing","BCAP-SWING-v0.2.0","EXPERIMENTAL","bcap_swing_r_history__mlb_2015__20260928__r01",255,"해당 연도 안에서 별도 적합",2015-04-05,2015-10-04,"구속은 보정 PITCHf/x 기반; Statcast와 물리량 구간의 직접 비교 미검증","columns/001-ball-count/analysis/runs/bcap_swing_r_history__mlb_2015__20260928__r01/artifacts/year_values.csv","columns/001-ball-count/analysis/runs/bcap_swing_r_history__mlb_2015__20260928__r01/manifest.json","자료 부족"
"region_pitch","3-0","OUTSIDE","NFB",95,67,0.705263157894737,61,67,51,53,0.0526315789473684,0.0746268656716418,0.947368421052632,0.925373134328358,0.603402985074627,"Take","Swing_including_bunts",62,61.6384094843294,56,0.0515740865529606,5,4.29246015061034,5,0.332938338691062,NA,NA,NA,NA,NA,NA,NA,NA,NA,NA,"Take","","비교 자료 부족",TRUE,FALSE,NA,"W per selected current decision; not PA sum",2015,"swing","BCAP-SWING-v0.2.0","EXPERIMENTAL","bcap_swing_r_history__mlb_2015__20260928__r01",255,"해당 연도 안에서 별도 적합",2015-04-05,2015-10-04,"구속은 보정 PITCHf/x 기반; Statcast와 물리량 구간의 직접 비교 미검증","columns/001-ball-count/analysis/runs/bcap_swing_r_history__mlb_2015__20260928__r01/artifacts/year_values.csv","columns/001-ball-count/analysis/runs/bcap_swing_r_history__mlb_2015__20260928__r01/manifest.json","자료 부족"
"region_pitch","3-1","HIGH","FB",1017,921,0.905604719764012,755,921,397,361,0.264503441494592,0.290988056460369,0.735496558505408,0.709011943539631,0.57471986970684,"Take","Swing_including_bunts",653,556.391191462002,564,0.00758914903417693,268,198.475606298257,245,0.0150769381625545,NA,NA,NA,NA,NA,NA,NA,NA,NA,NA,"Take","","비교 자료 부족",TRUE,FALSE,NA,"W per selected current decision; not PA sum",2015,"swing","BCAP-SWING-v0.2.0","EXPERIMENTAL","bcap_swing_r_history__mlb_2015__20260928__r01",255,"해당 연도 안에서 별도 적합",2015-04-05,2015-10-04,"구속은 보정 PITCHf/x 기반; Statcast와 물리량 구간의 직접 비교 미검증","columns/001-ball-count/analysis/runs/bcap_swing_r_history__mlb_2015__20260928__r01/artifacts/year_values.csv","columns/001-ball-count/analysis/runs/bcap_swing_r_history__mlb_2015__20260928__r01/manifest.json","자료 부족"
"region_pitch","3-1","HIGH","NFB",135,122,0.903703703703704,113,122,92,96,0.125925925925926,0.131147540983607,0.874074074074074,0.868852459016394,0.625286885245902,"Take","Swing_including_bunts",106,93.8314516550732,101,0.0265523842652268,16,9.45697873153316,16,0.255927515083398,NA,NA,NA,NA,NA,NA,NA,NA,NA,NA,"Take","","비교 자료 부족",TRUE,FALSE,NA,"W per selected current decision; not PA sum",2015,"swing","BCAP-SWING-v0.2.0","EXPERIMENTAL","bcap_swing_r_history__mlb_2015__20260928__r01",255,"해당 연도 안에서 별도 적합",2015-04-05,2015-10-04,"구속은 보정 PITCHf/x 기반; Statcast와 물리량 구간의 직접 비교 미검증","columns/001-ball-count/analysis/runs/bcap_swing_r_history__mlb_2015__20260928__r01/artifacts/year_values.csv","columns/001-ball-count/analysis/runs/bcap_swing_r_history__mlb_2015__20260928__r01/manifest.json","자료 부족"
"region_pitch","3-1","INSIDE","NFB",255,239,0.937254901960784,225,239,163,155,0.294117647058824,0.313807531380753,0.705882352941176,0.686192468619247,0.560485355648536,"Take","Swing_including_bunts",164,134.98692633386,157,0.0187399182308643,75,54.0319756817225,75,0.0621427369815021,NA,NA,NA,NA,NA,NA,NA,NA,NA,NA,"Take","","비교 자료 부족",TRUE,FALSE,NA,"W per selected current decision; not PA sum",2015,"swing","BCAP-SWING-v0.2.0","EXPERIMENTAL","bcap_swing_r_history__mlb_2015__20260928__r01",255,"해당 연도 안에서 별도 적합",2015-04-05,2015-10-04,"구속은 보정 PITCHf/x 기반; Statcast와 물리량 구간의 직접 비교 미검증","columns/001-ball-count/analysis/runs/bcap_swing_r_history__mlb_2015__20260928__r01/artifacts/year_values.csv","columns/001-ball-count/analysis/runs/bcap_swing_r_history__mlb_2015__20260928__r01/manifest.json","자료 부족"
"region_pitch","3-1","LOW","NFB",685,656,0.957664233576642,566,656,297,296,0.435036496350365,0.452743902439024,0.564963503649635,0.547256097560976,0.537157012195122,"Take","Swing_including_bunts",359,328.003974559109,328,0.00889723410852829,297,198.350382708353,278,0.0178467017386218,NA,NA,NA,NA,NA,NA,NA,NA,NA,NA,"Take","","비교 자료 부족",TRUE,FALSE,NA,"W per selected current decision; not PA sum",2015,"swing","BCAP-SWING-v0.2.0","EXPERIMENTAL","bcap_swing_r_history__mlb_2015__20260928__r01",255,"해당 연도 안에서 별도 적합",2015-04-05,2015-10-04,"구속은 보정 PITCHf/x 기반; Statcast와 물리량 구간의 직접 비교 미검증","columns/001-ball-count/analysis/runs/bcap_swing_r_history__mlb_2015__20260928__r01/artifacts/year_values.csv","columns/001-ball-count/analysis/runs/bcap_swing_r_history__mlb_2015__20260928__r01/manifest.json","자료 부족"
"region_pitch","3-1","OUTSIDE","NFB",607,577,0.950576606260297,504,577,269,273,0.344316309719934,0.358752166377816,0.655683690280066,0.641247833622184,0.538197573656846,"Take","Swing_including_bunts",370,317.064571819356,339,0.0101096488149522,207,125.336274934322,200,0.0254653640982013,NA,NA,NA,NA,NA,NA,NA,NA,NA,NA,"Take","","비교 자료 부족",TRUE,FALSE,NA,"W per selected current decision; not PA sum",2015,"swing","BCAP-SWING-v0.2.0","EXPERIMENTAL","bcap_swing_r_history__mlb_2015__20260928__r01",255,"해당 연도 안에서 별도 적합",2015-04-05,2015-10-04,"구속은 보정 PITCHf/x 기반; Statcast와 물리량 구간의 직접 비교 미검증","columns/001-ball-count/analysis/runs/bcap_swing_r_history__mlb_2015__20260928__r01/artifacts/year_values.csv","columns/001-ball-count/analysis/runs/bcap_swing_r_history__mlb_2015__20260928__r01/manifest.json","자료 부족"
"region_pitch","3-2","HIGH","NFB",536,530,0.988805970149254,467,527,264,292,0.315298507462687,0.315094339622642,0.684701492537313,0.684905660377359,0.519390566037736,"Take","Swing_including_bunts",363,225.845573454181,336,0.0204736244824722,167,124.249632975244,161,0.046363154453269,NA,NA,NA,NA,NA,NA,NA,NA,NA,NA,"Take","","비교 자료 부족",TRUE,FALSE,NA,"W per selected current decision; not PA sum",2015,"swing","BCAP-SWING-v0.2.0","EXPERIMENTAL","bcap_swing_r_history__mlb_2015__20260928__r01",255,"해당 연도 안에서 별도 적합",2015-04-05,2015-10-04,"구속은 보정 PITCHf/x 기반; Statcast와 물리량 구간의 직접 비교 미검증","columns/001-ball-count/analysis/runs/bcap_swing_r_history__mlb_2015__20260928__r01/artifacts/year_values.csv","columns/001-ball-count/analysis/runs/bcap_swing_r_history__mlb_2015__20260928__r01/manifest.json","자료 부족"
"region","3-0","HIGH","ALL",705,429,0.608510638297872,391,429,261,254,0.0226950354609929,0.034965034965035,0.977304964539007,0.965034965034965,0.659454545454545,"Take","Swing_including_bunts",414,413.426801839973,377,0.00515578961712289,15,13.3571994868857,15,0.125032786093512,NA,NA,NA,NA,NA,NA,NA,NA,NA,NA,"Take","","비교 자료 부족",TRUE,FALSE,NA,"W per selected current decision; not PA sum",2016,"swing","BCAP-SWING-v0.2.0","EXPERIMENTAL","bcap_swing_r_history__mlb_2016__20260928__r01",255,"해당 연도 안에서 별도 적합",2016-04-03,2016-10-02,"구속은 보정 PITCHf/x 기반; Statcast와 물리량 구간의 직접 비교 미검증","columns/001-ball-count/analysis/runs/bcap_swing_r_history__mlb_2016__20260928__r01/artifacts/year_values.csv","columns/001-ball-count/analysis/runs/bcap_swing_r_history__mlb_2016__20260928__r01/manifest.json","자료 부족"
"region","3-0","INSIDE","ALL",763,554,0.72608125819135,481,554,319,291,0.0642201834862385,0.0866425992779783,0.935779816513761,0.913357400722022,0.620749097472924,"Take","Swing_including_bunts",506,503.603402803066,448,0.00610025489852899,48,41.6777152686653,48,0.0397220520631912,NA,NA,NA,NA,NA,NA,NA,NA,NA,NA,"Take","","비교 자료 부족",TRUE,FALSE,NA,"W per selected current decision; not PA sum",2016,"swing","BCAP-SWING-v0.2.0","EXPERIMENTAL","bcap_swing_r_history__mlb_2016__20260928__r01",255,"해당 연도 안에서 별도 적합",2016-04-03,2016-10-02,"구속은 보정 PITCHf/x 기반; Statcast와 물리량 구간의 직접 비교 미검증","columns/001-ball-count/analysis/runs/bcap_swing_r_history__mlb_2016__20260928__r01/artifacts/year_values.csv","columns/001-ball-count/analysis/runs/bcap_swing_r_history__mlb_2016__20260928__r01/manifest.json","자료 부족"
"region","3-0","LOW","ALL",1053,785,0.745489078822412,652,785,369,336,0.0598290598290598,0.0777070063694268,0.94017094017094,0.922292993630573,0.620896815286624,"Take","Swing_including_bunts",724,722.06748174061,613,0.00439130774089877,61,54.7208168762317,61,0.0297506908539219,NA,NA,NA,NA,NA,NA,NA,NA,NA,NA,"Take","","비교 자료 부족",TRUE,FALSE,NA,"W per selected current decision; not PA sum",2016,"swing","BCAP-SWING-v0.2.0","EXPERIMENTAL","bcap_swing_r_history__mlb_2016__20260928__r01",255,"해당 연도 안에서 별도 적합",2016-04-03,2016-10-02,"구속은 보정 PITCHf/x 기반; Statcast와 물리량 구간의 직접 비교 미검증","columns/001-ball-count/analysis/runs/bcap_swing_r_history__mlb_2016__20260928__r01/artifacts/year_values.csv","columns/001-ball-count/analysis/runs/bcap_swing_r_history__mlb_2016__20260928__r01/manifest.json","자료 부족"
"region","3-0","OUTSIDE","ALL",1768,1263,0.714366515837104,970,1263,463,410,0.0418552036199095,0.0577988915281077,0.95814479638009,0.942201108471892,0.584895486935867,"Take","Swing_including_bunts",1190,1185.07971757814,924,0.00404835007917425,73,64.3178162416431,72,0.0419977535296944,NA,NA,NA,NA,NA,NA,NA,NA,NA,NA,"Take","","비교 자료 부족",TRUE,FALSE,NA,"W per selected current decision; not PA sum",2016,"swing","BCAP-SWING-v0.2.0","EXPERIMENTAL","bcap_swing_r_history__mlb_2016__20260928__r01",255,"해당 연도 안에서 별도 적합",2016-04-03,2016-10-02,"구속은 보정 PITCHf/x 기반; Statcast와 물리량 구간의 직접 비교 미검증","columns/001-ball-count/analysis/runs/bcap_swing_r_history__mlb_2016__20260928__r01/artifacts/year_values.csv","columns/001-ball-count/analysis/runs/bcap_swing_r_history__mlb_2016__20260928__r01/manifest.json","자료 부족"
"region_pitch","0-0","HIGH","NFB",4591,3460,0.753648442605097,1725,3460,567,510,0.0431278588542801,0.0563583815028902,0.95687214114572,0.94364161849711,0.341639595375723,"Take","Swing_including_bunts",3265,3225.51810631335,1685,0.00270119730350106,195,145.314299457257,183,0.0250199806373501,NA,NA,NA,NA,NA,NA,NA,NA,NA,NA,"Take","","비교 자료 부족",TRUE,FALSE,NA,"W per selected current decision; not PA sum",2016,"swing","BCAP-SWING-v0.2.0","EXPERIMENTAL","bcap_swing_r_history__mlb_2016__20260928__r01",255,"해당 연도 안에서 별도 적합",2016-04-03,2016-10-02,"구속은 보정 PITCHf/x 기반; Statcast와 물리량 구간의 직접 비교 미검증","columns/001-ball-count/analysis/runs/bcap_swing_r_history__mlb_2016__20260928__r01/artifacts/year_values.csv","columns/001-ball-count/analysis/runs/bcap_swing_r_history__mlb_2016__20260928__r01/manifest.json","자료 부족"
"region_pitch","0-1","HIGH","NFB",1842,1625,0.882193268186754,1106,1625,434,457,0.124321389793702,0.139076923076923,0.875678610206298,0.860923076923077,0.282492923076923,"Take","Swing_including_bunts",1399,1193.85370895355,1004,0.00454539033682616,226,148.07499567423,207,0.0333884543179148,NA,NA,NA,NA,NA,NA,NA,NA,NA,NA,"Take","","비교 자료 부족",TRUE,FALSE,NA,"W per selected current decision; not PA sum",2016,"swing","BCAP-SWING-v0.2.0","EXPERIMENTAL","bcap_swing_r_history__mlb_2016__20260928__r01",255,"해당 연도 안에서 별도 적합",2016-04-03,2016-10-02,"구속은 보정 PITCHf/x 기반; Statcast와 물리량 구간의 직접 비교 미검증","columns/001-ball-count/analysis/runs/bcap_swing_r_history__mlb_2016__20260928__r01/artifacts/year_values.csv","columns/001-ball-count/analysis/runs/bcap_swing_r_history__mlb_2016__20260928__r01/manifest.json","자료 부족"
"region_pitch","0-2","HIGH","NFB",666,624,0.936936936936937,514,615,277,324,0.243243243243243,0.254807692307692,0.756756756756757,0.745192307692308,0.199032051282051,"Take","Swing_including_bunts",465,292.892433990325,405,0.0140643819314073,159,125.090793328221,149,0.0318583740093134,NA,NA,NA,NA,NA,NA,NA,NA,NA,NA,"Take","","비교 자료 부족",TRUE,FALSE,NA,"W per selected current decision; not PA sum",2016,"swing","BCAP-SWING-v0.2.0","EXPERIMENTAL","bcap_swing_r_history__mlb_2016__20260928__r01",255,"해당 연도 안에서 별도 적합",2016-04-03,2016-10-02,"구속은 보정 PITCHf/x 기반; Statcast와 물리량 구간의 직접 비교 미검증","columns/001-ball-count/analysis/runs/bcap_swing_r_history__mlb_2016__20260928__r01/artifacts/year_values.csv","columns/001-ball-count/analysis/runs/bcap_swing_r_history__mlb_2016__20260928__r01/manifest.json","자료 부족"
"region_pitch","1-0","HIGH","NFB",1426,1211,0.849228611500701,925,1211,409,407,0.0546984572230014,0.0635838150289017,0.945301542776999,0.936416184971098,0.388669694467382,"Take","Swing_including_bunts",1134,1090.15107538492,882,0.00413188233410485,77,50.0357899259578,75,0.0591357895822171,NA,NA,NA,NA,NA,NA,NA,NA,NA,NA,"Take","","비교 자료 부족",TRUE,FALSE,NA,"W per selected current decision; not PA sum",2016,"swing","BCAP-SWING-v0.2.0","EXPERIMENTAL","bcap_swing_r_history__mlb_2016__20260928__r01",255,"해당 연도 안에서 별도 적합",2016-04-03,2016-10-02,"구속은 보정 PITCHf/x 기반; Statcast와 물리량 구간의 직접 비교 미검증","columns/001-ball-count/analysis/runs/bcap_swing_r_history__mlb_2016__20260928__r01/artifacts/year_values.csv","columns/001-ball-count/analysis/runs/bcap_swing_r_history__mlb_2016__20260928__r01/manifest.json","자료 부족"
"region_pitch","1-1","HIGH","NFB",1686,1545,0.916370106761566,1096,1545,443,445,0.11803084223013,0.128802588996764,0.88196915776987,0.871197411003236,0.30608284789644,"Take","Swing_including_bunts",1346,1142.97969268849,995,0.00425595716816482,199,151.767032645325,186,0.0225615039672292,NA,NA,NA,NA,NA,NA,NA,NA,NA,NA,"Take","","비교 자료 부족",TRUE,FALSE,NA,"W per selected current decision; not PA sum",2016,"swing","BCAP-SWING-v0.2.0","EXPERIMENTAL","bcap_swing_r_history__mlb_2016__20260928__r01",255,"해당 연도 안에서 별도 적합",2016-04-03,2016-10-02,"구속은 보정 PITCHf/x 기반; Statcast와 물리량 구간의 직접 비교 미검증","columns/001-ball-count/analysis/runs/bcap_swing_r_history__mlb_2016__20260928__r01/artifacts/year_values.csv","columns/001-ball-count/analysis/runs/bcap_swing_r_history__mlb_2016__20260928__r01/manifest.json","자료 부족"
"region_pitch","2-0","HIGH","NFB",337,290,0.86053412462908,276,290,177,190,0.0504451038575668,0.0586206896551724,0.949554896142433,0.941379310344828,0.483827586206897,"Take","Swing_including_bunts",273,261.622073252619,262,0.00880333460146236,17,13.8662170555617,17,0.107373978923356,NA,NA,NA,NA,NA,NA,NA,NA,NA,NA,"Take","","비교 자료 부족",TRUE,FALSE,NA,"W per selected current decision; not PA sum",2016,"swing","BCAP-SWING-v0.2.0","EXPERIMENTAL","bcap_swing_r_history__mlb_2016__20260928__r01",255,"해당 연도 안에서 별도 적합",2016-04-03,2016-10-02,"구속은 보정 PITCHf/x 기반; Statcast와 물리량 구간의 직접 비교 미검증","columns/001-ball-count/analysis/runs/bcap_swing_r_history__mlb_2016__20260928__r01/artifacts/year_values.csv","columns/001-ball-count/analysis/runs/bcap_swing_r_history__mlb_2016__20260928__r01/manifest.json","자료 부족"
"region_pitch","2-0","INSIDE","NFB",522,474,0.908045977011494,416,474,269,253,0.245210727969349,0.261603375527426,0.754789272030651,0.738396624472574,0.49660970464135,"Take","Swing_including_bunts",350,326.019394138736,313,0.00901956107789653,124,81.3390048083069,120,0.0373271725075554,NA,NA,NA,NA,NA,NA,NA,NA,NA,NA,"Take","","비교 자료 부족",FALSE,FALSE,NA,"W per selected current decision; not PA sum",2016,"swing","BCAP-SWING-v0.2.0","EXPERIMENTAL","bcap_swing_r_history__mlb_2016__20260928__r01",255,"해당 연도 안에서 별도 적합",2016-04-03,2016-10-02,"구속은 보정 PITCHf/x 기반; Statcast와 물리량 구간의 직접 비교 미검증","columns/001-ball-count/analysis/runs/bcap_swing_r_history__mlb_2016__20260928__r01/artifacts/year_values.csv","columns/001-ball-count/analysis/runs/bcap_swing_r_history__mlb_2016__20260928__r01/manifest.json","자료 부족"
"region_pitch","2-1","HIGH","NFB",714,657,0.920168067226891,556,657,311,323,0.107843137254902,0.117199391171994,0.892156862745098,0.882800608828006,0.428695585996956,"Take","Swing_including_bunts",580,473.637198673459,498,0.00972440290451697,77,51.2069197552797,74,0.0590898525154401,NA,NA,NA,NA,NA,NA,NA,NA,NA,NA,"Take","","비교 자료 부족",TRUE,FALSE,NA,"W per selected current decision; not PA sum",2016,"swing","BCAP-SWING-v0.2.0","EXPERIMENTAL","bcap_swing_r_history__mlb_2016__20260928__r01",255,"해당 연도 안에서 별도 적합",2016-04-03,2016-10-02,"구속은 보정 PITCHf/x 기반; Statcast와 물리량 구간의 직접 비교 미검증","columns/001-ball-count/analysis/runs/bcap_swing_r_history__mlb_2016__20260928__r01/artifacts/year_values.csv","columns/001-ball-count/analysis/runs/bcap_swing_r_history__mlb_2016__20260928__r01/manifest.json","자료 부족"
"region_pitch","3-0","CENTER","NFB",155,154,0.993548387096774,148,154,101,123,0.212903225806452,0.214285714285714,0.787096774193548,0.785714285714286,0.505279220779221,"Take","Swing_including_bunts",121,119.217579844665,119,0.0173572340451742,33,27.5134855969354,33,0.0914278369634512,NA,NA,NA,NA,NA,NA,NA,NA,NA,NA,"Swing_including_bunts","","비교 자료 부족",TRUE,FALSE,NA,"W per selected current decision; not PA sum",2016,"swing","BCAP-SWING-v0.2.0","EXPERIMENTAL","bcap_swing_r_history__mlb_2016__20260928__r01",255,"해당 연도 안에서 별도 적합",2016-04-03,2016-10-02,"구속은 보정 PITCHf/x 기반; Statcast와 물리량 구간의 직접 비교 미검증","columns/001-ball-count/analysis/runs/bcap_swing_r_history__mlb_2016__20260928__r01/artifacts/year_values.csv","columns/001-ball-count/analysis/runs/bcap_swing_r_history__mlb_2016__20260928__r01/manifest.json","자료 부족"
"region_pitch","3-0","HIGH","FB",671,402,0.599105812220566,371,402,246,242,0.0238450074515648,0.0373134328358209,0.976154992548435,0.962686567164179,0.655731343283582,"Take","Swing_including_bunts",387,386.491600180238,356,0.00552465834069939,15,13.3571994868857,15,0.125032786093512,NA,NA,NA,NA,NA,NA,NA,NA,NA,NA,"Take","","비교 자료 부족",TRUE,FALSE,NA,"W per selected current decision; not PA sum",2016,"swing","BCAP-SWING-v0.2.0","EXPERIMENTAL","bcap_swing_r_history__mlb_2016__20260928__r01",255,"해당 연도 안에서 별도 적합",2016-04-03,2016-10-02,"구속은 보정 PITCHf/x 기반; Statcast와 물리량 구간의 직접 비교 미검증","columns/001-ball-count/analysis/runs/bcap_swing_r_history__mlb_2016__20260928__r01/artifacts/year_values.csv","columns/001-ball-count/analysis/runs/bcap_swing_r_history__mlb_2016__20260928__r01/manifest.json","자료 부족"
"region_pitch","3-0","HIGH","NFB",32,27,0.84375,27,27,26,27,0,0,1,1,0.714888888888889,"Take","Swing_including_bunts",27,26.9521035351753,27,0.0402681291108341,0,0,0,NA,NA,NA,NA,NA,NA,NA,NA,NA,NA,NA,"Take","","비교 자료 부족",TRUE,FALSE,NA,"W per selected current decision; not PA sum",2016,"swing","BCAP-SWING-v0.2.0","EXPERIMENTAL","bcap_swing_r_history__mlb_2016__20260928__r01",255,"해당 연도 안에서 별도 적합",2016-04-03,2016-10-02,"구속은 보정 PITCHf/x 기반; Statcast와 물리량 구간의 직접 비교 미검증","columns/001-ball-count/analysis/runs/bcap_swing_r_history__mlb_2016__20260928__r01/artifacts/year_values.csv","columns/001-ball-count/analysis/runs/bcap_swing_r_history__mlb_2016__20260928__r01/manifest.json","자료 부족"
"region_pitch","3-0","INSIDE","FB",725,525,0.724137931034483,457,525,309,283,0.063448275862069,0.0876190476190476,0.936551724137931,0.912380952380952,0.626024761904762,"Take","Swing_including_bunts",479,476.794466162896,424,0.00634356120697602,46,39.8785984030971,46,0.0411019084621902,NA,NA,NA,NA,NA,NA,NA,NA,NA,NA,"Take","","비교 자료 부족",TRUE,FALSE,NA,"W per selected current decision; not PA sum",2016,"swing","BCAP-SWING-v0.2.0","EXPERIMENTAL","bcap_swing_r_history__mlb_2016__20260928__r01",255,"해당 연도 안에서 별도 적합",2016-04-03,2016-10-02,"구속은 보정 PITCHf/x 기반; Statcast와 물리량 구간의 직접 비교 미검증","columns/001-ball-count/analysis/runs/bcap_swing_r_history__mlb_2016__20260928__r01/artifacts/year_values.csv","columns/001-ball-count/analysis/runs/bcap_swing_r_history__mlb_2016__20260928__r01/manifest.json","자료 부족"
"region_pitch","3-0","INSIDE","NFB",38,29,0.763157894736842,29,29,28,29,0.0789473684210526,0.0689655172413793,0.921052631578947,0.931034482758621,0.525241379310345,"Take","Swing_including_bunts",27,26.8530421271769,27,0.0432447452199563,2,1.96707484365854,2,0.564687964413968,NA,NA,NA,NA,NA,NA,NA,NA,NA,NA,"Take","","비교 자료 부족",TRUE,FALSE,NA,"W per selected current decision; not PA sum",2016,"swing","BCAP-SWING-v0.2.0","EXPERIMENTAL","bcap_swing_r_history__mlb_2016__20260928__r01",255,"해당 연도 안에서 별도 적합",2016-04-03,2016-10-02,"구속은 보정 PITCHf/x 기반; Statcast와 물리량 구간의 직접 비교 미검증","columns/001-ball-count/analysis/runs/bcap_swing_r_history__mlb_2016__20260928__r01/artifacts/year_values.csv","columns/001-ball-count/analysis/runs/bcap_swing_r_history__mlb_2016__20260928__r01/manifest.json","자료 부족"
"region_pitch","3-0","LOW","FB",970,719,0.741237113402062,605,719,358,324,0.0556701030927835,0.0737134909596662,0.944329896907217,0.926286509040334,0.624006954102921,"Take","Swing_including_bunts",666,664.471149549796,571,0.00478947548837059,53,48.1031782742832,53,0.032932136260351,NA,NA,NA,NA,NA,NA,NA,NA,NA,NA,"Take","","비교 자료 부족",TRUE,FALSE,NA,"W per selected current decision; not PA sum",2016,"swing","BCAP-SWING-v0.2.0","EXPERIMENTAL","bcap_swing_r_history__mlb_2016__20260928__r01",255,"해당 연도 안에서 별도 적합",2016-04-03,2016-10-02,"구속은 보정 PITCHf/x 기반; Statcast와 물리량 구간의 직접 비교 미검증","columns/001-ball-count/analysis/runs/bcap_swing_r_history__mlb_2016__20260928__r01/artifacts/year_values.csv","columns/001-ball-count/analysis/runs/bcap_swing_r_history__mlb_2016__20260928__r01/manifest.json","자료 부족"
"region_pitch","3-0","LOW","NFB",83,66,0.795180722891566,65,66,56,53,0.108433734939759,0.121212121212121,0.891566265060241,0.878787878787879,0.587015151515152,"Take","Swing_including_bunts",58,57.6992448959882,57,0.0385737460529251,8,7.13218146466022,8,0.200924871999251,NA,NA,NA,NA,NA,NA,NA,NA,NA,NA,"Take","","비교 자료 부족",TRUE,FALSE,NA,"W per selected current decision; not PA sum",2016,"swing","BCAP-SWING-v0.2.0","EXPERIMENTAL","bcap_swing_r_history__mlb_2016__20260928__r01",255,"해당 연도 안에서 별도 적합",2016-04-03,2016-10-02,"구속은 보정 PITCHf/x 기반; Statcast와 물리량 구간의 직접 비교 미검증","columns/001-ball-count/analysis/runs/bcap_swing_r_history__mlb_2016__20260928__r01/artifacts/year_values.csv","columns/001-ball-count/analysis/runs/bcap_swing_r_history__mlb_2016__20260928__r01/manifest.json","자료 부족"
"region_pitch","3-0","OUTSIDE","FB",1674,1192,0.712066905615293,931,1192,453,406,0.040621266427718,0.0562080536912752,0.959378733572282,0.943791946308725,0.584411073825503,"Take","Swing_including_bunts",1125,1121.05648186207,888,0.00429346789532354,67,58.7902937066042,66,0.0453954875709663,NA,NA,NA,NA,NA,NA,NA,NA,NA,NA,"Take","","비교 자료 부족",TRUE,FALSE,NA,"W per selected current decision; not PA sum",2016,"swing","BCAP-SWING-v0.2.0","EXPERIMENTAL","bcap_swing_r_history__mlb_2016__20260928__r01",255,"해당 연도 안에서 별도 적합",2016-04-03,2016-10-02,"구속은 보정 PITCHf/x 기반; Statcast와 물리량 구간의 직접 비교 미검증","columns/001-ball-count/analysis/runs/bcap_swing_r_history__mlb_2016__20260928__r01/artifacts/year_values.csv","columns/001-ball-count/analysis/runs/bcap_swing_r_history__mlb_2016__20260928__r01/manifest.json","자료 부족"
"region_pitch","3-0","OUTSIDE","NFB",92,71,0.771739130434783,68,71,54,58,0.0652173913043478,0.0845070422535211,0.934782608695652,0.915492957746479,0.593028169014085,"Take","Swing_including_bunts",65,64.2190861952332,63,0.0290831984143912,6,5.66363396654438,6,0.23311146977043,NA,NA,NA,NA,NA,NA,NA,NA,NA,NA,"Take","","비교 자료 부족",TRUE,FALSE,NA,"W per selected current decision; not PA sum",2016,"swing","BCAP-SWING-v0.2.0","EXPERIMENTAL","bcap_swing_r_history__mlb_2016__20260928__r01",255,"해당 연도 안에서 별도 적합",2016-04-03,2016-10-02,"구속은 보정 PITCHf/x 기반; Statcast와 물리량 구간의 직접 비교 미검증","columns/001-ball-count/analysis/runs/bcap_swing_r_history__mlb_2016__20260928__r01/artifacts/year_values.csv","columns/001-ball-count/analysis/runs/bcap_swing_r_history__mlb_2016__20260928__r01/manifest.json","자료 부족"
"region_pitch","3-1","HIGH","NFB",134,123,0.917910447761194,122,123,98,99,0.104477611940299,0.113821138211382,0.895522388059702,0.886178861788618,0.623934959349593,"Take","Swing_including_bunts",109,99.8813274251378,108,0.0200356472612382,14,11.6497745201547,14,0.145549172738317,NA,NA,NA,NA,NA,NA,NA,NA,NA,NA,"Take","","비교 자료 부족",TRUE,FALSE,NA,"W per selected current decision; not PA sum",2016,"swing","BCAP-SWING-v0.2.0","EXPERIMENTAL","bcap_swing_r_history__mlb_2016__20260928__r01",255,"해당 연도 안에서 별도 적합",2016-04-03,2016-10-02,"구속은 보정 PITCHf/x 기반; Statcast와 물리량 구간의 직접 비교 미검증","columns/001-ball-count/analysis/runs/bcap_swing_r_history__mlb_2016__20260928__r01/artifacts/year_values.csv","columns/001-ball-count/analysis/runs/bcap_swing_r_history__mlb_2016__20260928__r01/manifest.json","자료 부족"
"region_pitch","3-1","INSIDE","NFB",278,258,0.928057553956835,244,258,176,182,0.294964028776978,0.310077519379845,0.705035971223022,0.689922480620155,0.558496124031008,"Take","Swing_including_bunts",178,159.734388300787,171,0.0150134563122441,80,47.9436744619323,79,0.0639215803026802,NA,NA,NA,NA,NA,NA,NA,NA,NA,NA,"Take","","비교 자료 부족",TRUE,FALSE,NA,"W per selected current decision; not PA sum",2016,"swing","BCAP-SWING-v0.2.0","EXPERIMENTAL","bcap_swing_r_history__mlb_2016__20260928__r01",255,"해당 연도 안에서 별도 적합",2016-04-03,2016-10-02,"구속은 보정 PITCHf/x 기반; Statcast와 물리량 구간의 직접 비교 미검증","columns/001-ball-count/analysis/runs/bcap_swing_r_history__mlb_2016__20260928__r01/artifacts/year_values.csv","columns/001-ball-count/analysis/runs/bcap_swing_r_history__mlb_2016__20260928__r01/manifest.json","자료 부족"
"region_pitch","3-1","LOW","NFB",649,620,0.955315870570108,538,620,305,266,0.439137134052388,0.454838709677419,0.560862865947612,0.545161290322581,0.535179032258065,"Take","Swing_including_bunts",338,313.415194597274,314,0.0103200553506959,282,192.955760709835,262,0.0193153671380979,NA,NA,NA,NA,NA,NA,NA,NA,NA,NA,"Take","","비교 자료 부족",TRUE,FALSE,NA,"W per selected current decision; not PA sum",2016,"swing","BCAP-SWING-v0.2.0","EXPERIMENTAL","bcap_swing_r_history__mlb_2016__20260928__r01",255,"해당 연도 안에서 별도 적합",2016-04-03,2016-10-02,"구속은 보정 PITCHf/x 기반; Statcast와 물리량 구간의 직접 비교 미검증","columns/001-ball-count/analysis/runs/bcap_swing_r_history__mlb_2016__20260928__r01/artifacts/year_values.csv","columns/001-ball-count/analysis/runs/bcap_swing_r_history__mlb_2016__20260928__r01/manifest.json","자료 부족"
"region_pitch","3-1","OUTSIDE","NFB",604,581,0.961920529801325,502,581,282,279,0.314569536423841,0.323580034423408,0.685430463576159,0.676419965576592,0.541325301204819,"Take","Swing_including_bunts",393,356.885064939521,362,0.00811810306327605,188,125.17431998043,176,0.0297872884270447,NA,NA,NA,NA,NA,NA,NA,NA,NA,NA,"Take","","비교 자료 부족",TRUE,FALSE,NA,"W per selected current decision; not PA sum",2016,"swing","BCAP-SWING-v0.2.0","EXPERIMENTAL","bcap_swing_r_history__mlb_2016__20260928__r01",255,"해당 연도 안에서 별도 적합",2016-04-03,2016-10-02,"구속은 보정 PITCHf/x 기반; Statcast와 물리량 구간의 직접 비교 미검증","columns/001-ball-count/analysis/runs/bcap_swing_r_history__mlb_2016__20260928__r01/artifacts/year_values.csv","columns/001-ball-count/analysis/runs/bcap_swing_r_history__mlb_2016__20260928__r01/manifest.json","자료 부족"
"region_pitch","3-2","HIGH","NFB",612,596,0.973856209150327,511,588,283,295,0.263071895424837,0.268456375838926,0.736928104575163,0.731543624161074,0.55258389261745,"Take","Swing_including_bunts",436,301.828037083674,390,0.0110946361420238,160,99.1328971339755,149,0.0615065155704154,NA,NA,NA,NA,NA,NA,NA,NA,NA,NA,"Take","","비교 자료 부족",TRUE,FALSE,NA,"W per selected current decision; not PA sum",2016,"swing","BCAP-SWING-v0.2.0","EXPERIMENTAL","bcap_swing_r_history__mlb_2016__20260928__r01",255,"해당 연도 안에서 별도 적합",2016-04-03,2016-10-02,"구속은 보정 PITCHf/x 기반; Statcast와 물리량 구간의 직접 비교 미검증","columns/001-ball-count/analysis/runs/bcap_swing_r_history__mlb_2016__20260928__r01/artifacts/year_values.csv","columns/001-ball-count/analysis/runs/bcap_swing_r_history__mlb_2016__20260928__r01/manifest.json","자료 부족"
"region","3-0","HIGH","ALL",748,506,0.676470588235294,455,506,278,279,0.0481283422459893,0.0652173913043478,0.951871657754011,0.934782608695652,0.661189723320158,"Take","Swing_including_bunts",473,471.765610878578,427,0.00621207429468428,33,29.505796919182,32,0.0565334073740879,NA,NA,NA,NA,NA,NA,NA,NA,NA,NA,"Take","","비교 자료 부족",TRUE,FALSE,NA,"W per selected current decision; not PA sum",2017,"swing","BCAP-SWING-v0.2.0","EXPERIMENTAL","bcap_swing_r_history__mlb_2017__20260928__r01",255,"해당 연도 안에서 별도 적합",2017-04-02,2017-10-01,"연도 간 측정·분류·표본 차이 가능","columns/001-ball-count/analysis/runs/bcap_swing_r_history__mlb_2017__20260928__r01/artifacts/year_values.csv","columns/001-ball-count/analysis/runs/bcap_swing_r_history__mlb_2017__20260928__r01/manifest.json","자료 부족"
"region","3-0","INSIDE","ALL",761,541,0.710906701708279,482,541,324,288,0.0709592641261498,0.0942698706099815,0.92904073587385,0.905730129390018,0.604099815157117,"Take","Swing_including_bunts",490,487.884974929503,441,0.0059056903464372,51,43.4580331851583,50,0.0427333742532359,NA,NA,NA,NA,NA,NA,NA,NA,NA,NA,"Take","","비교 자료 부족",TRUE,FALSE,NA,"W per selected current decision; not PA sum",2017,"swing","BCAP-SWING-v0.2.0","EXPERIMENTAL","bcap_swing_r_history__mlb_2017__20260928__r01",255,"해당 연도 안에서 별도 적합",2017-04-02,2017-10-01,"연도 간 측정·분류·표본 차이 가능","columns/001-ball-count/analysis/runs/bcap_swing_r_history__mlb_2017__20260928__r01/artifacts/year_values.csv","columns/001-ball-count/analysis/runs/bcap_swing_r_history__mlb_2017__20260928__r01/manifest.json","자료 부족"
"region","3-0","LOW","ALL",1041,643,0.617675312199808,563,643,335,311,0.0355427473583093,0.0528771384136859,0.964457252641691,0.947122861586314,0.601590979782271,"Take","Swing_including_bunts",609,608.172500509564,537,0.00513829042911909,34,29.7573500719169,34,0.0632445828001484,NA,NA,NA,NA,NA,NA,NA,NA,NA,NA,"Take","","비교 자료 부족",TRUE,FALSE,NA,"W per selected current decision; not PA sum",2017,"swing","BCAP-SWING-v0.2.0","EXPERIMENTAL","bcap_swing_r_history__mlb_2017__20260928__r01",255,"해당 연도 안에서 별도 적합",2017-04-02,2017-10-01,"연도 간 측정·분류·표본 차이 가능","columns/001-ball-count/analysis/runs/bcap_swing_r_history__mlb_2017__20260928__r01/artifacts/year_values.csv","columns/001-ball-count/analysis/runs/bcap_swing_r_history__mlb_2017__20260928__r01/manifest.json","자료 부족"
"region","3-0","OUTSIDE","ALL",1780,1227,0.689325842696629,967,1227,479,394,0.05,0.0709046454767726,0.95,0.929095354523227,0.582047269763651,"Take","Swing_including_bunts",1140,1135.6361257109,907,0.00443554399343979,87,75.4785513002679,85,0.0386536137805662,NA,NA,NA,NA,NA,NA,NA,NA,NA,NA,"Take","","비교 자료 부족",TRUE,FALSE,NA,"W per selected current decision; not PA sum",2017,"swing","BCAP-SWING-v0.2.0","EXPERIMENTAL","bcap_swing_r_history__mlb_2017__20260928__r01",255,"해당 연도 안에서 별도 적합",2017-04-02,2017-10-01,"연도 간 측정·분류·표본 차이 가능","columns/001-ball-count/analysis/runs/bcap_swing_r_history__mlb_2017__20260928__r01/artifacts/year_values.csv","columns/001-ball-count/analysis/runs/bcap_swing_r_history__mlb_2017__20260928__r01/manifest.json","자료 부족"
"region_pitch","0-2","HIGH","NFB",643,606,0.942457231726283,513,603,294,322,0.307931570762053,0.318481848184819,0.692068429237947,0.681518151815182,0.204311881188119,"Take","Swing_including_bunts",413,259.863077980653,371,0.0131824817062129,193,170.506560842707,181,0.0164675413920969,NA,NA,NA,NA,NA,NA,NA,NA,NA,NA,"Swing_including_bunts","","비교 자료 부족",TRUE,FALSE,NA,"W per selected current decision; not PA sum",2017,"swing","BCAP-SWING-v0.2.0","EXPERIMENTAL","bcap_swing_r_history__mlb_2017__20260928__r01",255,"해당 연도 안에서 별도 적합",2017-04-02,2017-10-01,"연도 간 측정·분류·표본 차이 가능","columns/001-ball-count/analysis/runs/bcap_swing_r_history__mlb_2017__20260928__r01/artifacts/year_values.csv","columns/001-ball-count/analysis/runs/bcap_swing_r_history__mlb_2017__20260928__r01/manifest.json","자료 부족"
"region_pitch","1-0","HIGH","NFB",1556,1317,0.846401028277635,976,1317,443,417,0.0938303341902314,0.110098709187547,0.906169665809769,0.889901290812453,0.416772209567198,"Take","Swing_including_bunts",1172,1109.72048652615,901,0.00386315814384485,145,109.86006174962,137,0.0333535042757072,NA,NA,NA,NA,NA,NA,NA,NA,NA,NA,"Take","","비교 자료 부족",TRUE,FALSE,NA,"W per selected current decision; not PA sum",2017,"swing","BCAP-SWING-v0.2.0","EXPERIMENTAL","bcap_swing_r_history__mlb_2017__20260928__r01",255,"해당 연도 안에서 별도 적합",2017-04-02,2017-10-01,"연도 간 측정·분류·표본 차이 가능","columns/001-ball-count/analysis/runs/bcap_swing_r_history__mlb_2017__20260928__r01/artifacts/year_values.csv","columns/001-ball-count/analysis/runs/bcap_swing_r_history__mlb_2017__20260928__r01/manifest.json","자료 부족"
"region_pitch","2-0","HIGH","NFB",329,293,0.890577507598784,272,293,187,197,0.0911854103343465,0.102389078498294,0.908814589665653,0.897610921501707,0.523348122866894,"Take","Swing_including_bunts",263,254.088274623581,243,0.0103004832587576,30,26.0334746804242,30,0.068903399696969,NA,NA,NA,NA,NA,NA,NA,NA,NA,NA,"Take","","비교 자료 부족",TRUE,FALSE,NA,"W per selected current decision; not PA sum",2017,"swing","BCAP-SWING-v0.2.0","EXPERIMENTAL","bcap_swing_r_history__mlb_2017__20260928__r01",255,"해당 연도 안에서 별도 적합",2017-04-02,2017-10-01,"연도 간 측정·분류·표본 차이 가능","columns/001-ball-count/analysis/runs/bcap_swing_r_history__mlb_2017__20260928__r01/artifacts/year_values.csv","columns/001-ball-count/analysis/runs/bcap_swing_r_history__mlb_2017__20260928__r01/manifest.json","자료 부족"
"region_pitch","2-0","INSIDE","NFB",546,467,0.855311355311355,414,467,252,261,0.227106227106227,0.250535331905782,0.772893772893773,0.749464668094218,0.501167023554604,"Take","Swing_including_bunts",350,324.39330352511,318,0.00931331542520152,117,81.7976864417499,114,0.0291759802830141,NA,NA,NA,NA,NA,NA,NA,NA,NA,NA,"Take","","비교 자료 부족",TRUE,FALSE,NA,"W per selected current decision; not PA sum",2017,"swing","BCAP-SWING-v0.2.0","EXPERIMENTAL","bcap_swing_r_history__mlb_2017__20260928__r01",255,"해당 연도 안에서 별도 적합",2017-04-02,2017-10-01,"연도 간 측정·분류·표본 차이 가능","columns/001-ball-count/analysis/runs/bcap_swing_r_history__mlb_2017__20260928__r01/artifacts/year_values.csv","columns/001-ball-count/analysis/runs/bcap_swing_r_history__mlb_2017__20260928__r01/manifest.json","자료 부족"
"region_pitch","2-1","HIGH","NFB",825,772,0.935757575757576,636,772,352,339,0.179393939393939,0.191709844559585,0.820606060606061,0.808290155440415,0.441608808290155,"Take","Swing_including_bunts",624,483.035017117443,544,0.0078350878212504,148,118.111703749692,138,0.0274901244501222,NA,NA,NA,NA,NA,NA,NA,NA,NA,NA,"Take","","비교 자료 부족",TRUE,FALSE,NA,"W per selected current decision; not PA sum",2017,"swing","BCAP-SWING-v0.2.0","EXPERIMENTAL","bcap_swing_r_history__mlb_2017__20260928__r01",255,"해당 연도 안에서 별도 적합",2017-04-02,2017-10-01,"연도 간 측정·분류·표본 차이 가능","columns/001-ball-count/analysis/runs/bcap_swing_r_history__mlb_2017__20260928__r01/artifacts/year_values.csv","columns/001-ball-count/analysis/runs/bcap_swing_r_history__mlb_2017__20260928__r01/manifest.json","자료 부족"
"region_pitch","3-0","CENTER","NFB",145,142,0.979310344827586,138,142,101,104,0.206896551724138,0.211267605633803,0.793103448275862,0.788732394366197,0.500929577464789,"Take","Swing_including_bunts",112,110.421096615495,108,0.0204212120503316,30,26.5430205202113,30,0.0713261942852746,NA,NA,NA,NA,NA,NA,NA,NA,NA,NA,"Take","","비교 자료 부족",TRUE,FALSE,NA,"W per selected current decision; not PA sum",2017,"swing","BCAP-SWING-v0.2.0","EXPERIMENTAL","bcap_swing_r_history__mlb_2017__20260928__r01",255,"해당 연도 안에서 별도 적합",2017-04-02,2017-10-01,"연도 간 측정·분류·표본 차이 가능","columns/001-ball-count/analysis/runs/bcap_swing_r_history__mlb_2017__20260928__r01/artifacts/year_values.csv","columns/001-ball-count/analysis/runs/bcap_swing_r_history__mlb_2017__20260928__r01/manifest.json","자료 부족"
"region_pitch","3-0","HIGH","FB",723,488,0.674965421853389,441,488,272,274,0.049792531120332,0.0676229508196721,0.950207468879668,0.932377049180328,0.659639344262295,"Take","Swing_including_bunts",455,453.947972915743,412,0.00647128167786573,33,29.505796919182,32,0.0565334073740879,NA,NA,NA,NA,NA,NA,NA,NA,NA,NA,"Take","","비교 자료 부족",TRUE,FALSE,NA,"W per selected current decision; not PA sum",2017,"swing","BCAP-SWING-v0.2.0","EXPERIMENTAL","bcap_swing_r_history__mlb_2017__20260928__r01",255,"해당 연도 안에서 별도 적합",2017-04-02,2017-10-01,"연도 간 측정·분류·표본 차이 가능","columns/001-ball-count/analysis/runs/bcap_swing_r_history__mlb_2017__20260928__r01/artifacts/year_values.csv","columns/001-ball-count/analysis/runs/bcap_swing_r_history__mlb_2017__20260928__r01/manifest.json","자료 부족"
"region_pitch","3-0","HIGH","NFB",25,18,0.72,18,18,16,16,0,0,1,1,0.703222222222222,"Take","Swing_including_bunts",18,17.8782108766522,18,0.0682214531971648,0,0,0,NA,NA,NA,NA,NA,NA,NA,NA,NA,NA,NA,"Take","","비교 자료 부족",TRUE,FALSE,NA,"W per selected current decision; not PA sum",2017,"swing","BCAP-SWING-v0.2.0","EXPERIMENTAL","bcap_swing_r_history__mlb_2017__20260928__r01",255,"해당 연도 안에서 별도 적합",2017-04-02,2017-10-01,"연도 간 측정·분류·표본 차이 가능","columns/001-ball-count/analysis/runs/bcap_swing_r_history__mlb_2017__20260928__r01/artifacts/year_values.csv","columns/001-ball-count/analysis/runs/bcap_swing_r_history__mlb_2017__20260928__r01/manifest.json","자료 부족"
"region_pitch","3-0","INSIDE","FB",728,517,0.710164835164835,465,517,318,281,0.0728021978021978,0.0967117988394584,0.927197802197802,0.903288201160542,0.603282398452611,"Take","Swing_including_bunts",467,465.107679019788,424,0.00620860823218137,50,42.6087436924652,49,0.0433452523029975,NA,NA,NA,NA,NA,NA,NA,NA,NA,NA,"Take","","비교 자료 부족",TRUE,FALSE,NA,"W per selected current decision; not PA sum",2017,"swing","BCAP-SWING-v0.2.0","EXPERIMENTAL","bcap_swing_r_history__mlb_2017__20260928__r01",255,"해당 연도 안에서 별도 적합",2017-04-02,2017-10-01,"연도 간 측정·분류·표본 차이 가능","columns/001-ball-count/analysis/runs/bcap_swing_r_history__mlb_2017__20260928__r01/artifacts/year_values.csv","columns/001-ball-count/analysis/runs/bcap_swing_r_history__mlb_2017__20260928__r01/manifest.json","자료 부족"
"region_pitch","3-0","INSIDE","NFB",32,24,0.75,23,24,22,22,0.03125,0.0416666666666667,0.96875,0.958333333333333,0.621708333333333,"Take","Swing_including_bunts",23,22.8218229098195,22,0.0841399752309424,1,1,1,1,NA,NA,NA,NA,NA,NA,NA,NA,NA,NA,"Take","","비교 자료 부족",TRUE,FALSE,NA,"W per selected current decision; not PA sum",2017,"swing","BCAP-SWING-v0.2.0","EXPERIMENTAL","bcap_swing_r_history__mlb_2017__20260928__r01",255,"해당 연도 안에서 별도 적합",2017-04-02,2017-10-01,"연도 간 측정·분류·표본 차이 가능","columns/001-ball-count/analysis/runs/bcap_swing_r_history__mlb_2017__20260928__r01/artifacts/year_values.csv","columns/001-ball-count/analysis/runs/bcap_swing_r_history__mlb_2017__20260928__r01/manifest.json","자료 부족"
"region_pitch","3-0","LOW","FB",979,606,0.61899897854954,534,606,321,303,0.0316649642492339,0.0478547854785479,0.968335035750766,0.952145214521452,0.601727722772277,"Take","Swing_including_bunts",577,576.258435606448,512,0.00542933749921024,29,25.4249159549102,29,0.0714837631910945,NA,NA,NA,NA,NA,NA,NA,NA,NA,NA,"Take","","비교 자료 부족",TRUE,FALSE,NA,"W per selected current decision; not PA sum",2017,"swing","BCAP-SWING-v0.2.0","EXPERIMENTAL","bcap_swing_r_history__mlb_2017__20260928__r01",255,"해당 연도 안에서 별도 적합",2017-04-02,2017-10-01,"연도 간 측정·분류·표본 차이 가능","columns/001-ball-count/analysis/runs/bcap_swing_r_history__mlb_2017__20260928__r01/artifacts/year_values.csv","columns/001-ball-count/analysis/runs/bcap_swing_r_history__mlb_2017__20260928__r01/manifest.json","자료 부족"
"region_pitch","3-0","LOW","NFB",61,37,0.60655737704918,37,37,34,32,0.0983606557377049,0.135135135135135,0.901639344262295,0.864864864864865,0.599351351351351,"Take","Swing_including_bunts",32,31.9290652983433,32,0.0345544603809028,5,4.71459403117452,5,0.288220802834973,NA,NA,NA,NA,NA,NA,NA,NA,NA,NA,"Take","","비교 자료 부족",TRUE,FALSE,NA,"W per selected current decision; not PA sum",2017,"swing","BCAP-SWING-v0.2.0","EXPERIMENTAL","bcap_swing_r_history__mlb_2017__20260928__r01",255,"해당 연도 안에서 별도 적합",2017-04-02,2017-10-01,"연도 간 측정·분류·표본 차이 가능","columns/001-ball-count/analysis/runs/bcap_swing_r_history__mlb_2017__20260928__r01/artifacts/year_values.csv","columns/001-ball-count/analysis/runs/bcap_swing_r_history__mlb_2017__20260928__r01/manifest.json","자료 부족"
"region_pitch","3-0","OUTSIDE","FB",1700,1175,0.691176470588235,930,1175,471,392,0.05,0.0714893617021277,0.95,0.928510638297872,0.580654468085106,"Take","Swing_including_bunts",1091,1087.13366667628,869,0.00464653301800108,84,72.8839233747515,82,0.0397883892952874,NA,NA,NA,NA,NA,NA,NA,NA,NA,NA,"Take","","비교 자료 부족",TRUE,FALSE,NA,"W per selected current decision; not PA sum",2017,"swing","BCAP-SWING-v0.2.0","EXPERIMENTAL","bcap_swing_r_history__mlb_2017__20260928__r01",255,"해당 연도 안에서 별도 적합",2017-04-02,2017-10-01,"연도 간 측정·분류·표본 차이 가능","columns/001-ball-count/analysis/runs/bcap_swing_r_history__mlb_2017__20260928__r01/artifacts/year_values.csv","columns/001-ball-count/analysis/runs/bcap_swing_r_history__mlb_2017__20260928__r01/manifest.json","자료 부족"
"region_pitch","3-0","OUTSIDE","NFB",77,52,0.675324675324675,51,52,42,45,0.051948051948052,0.0576923076923077,0.948051948051948,0.942307692307692,0.613519230769231,"Take","Swing_including_bunts",49,48.6820374755789,48,0.0440350637564761,3,2.71305782942335,3,0.46559192115945,NA,NA,NA,NA,NA,NA,NA,NA,NA,NA,"Take","","비교 자료 부족",TRUE,FALSE,NA,"W per selected current decision; not PA sum",2017,"swing","BCAP-SWING-v0.2.0","EXPERIMENTAL","bcap_swing_r_history__mlb_2017__20260928__r01",255,"해당 연도 안에서 별도 적합",2017-04-02,2017-10-01,"연도 간 측정·분류·표본 차이 가능","columns/001-ball-count/analysis/runs/bcap_swing_r_history__mlb_2017__20260928__r01/artifacts/year_values.csv","columns/001-ball-count/analysis/runs/bcap_swing_r_history__mlb_2017__20260928__r01/manifest.json","자료 부족"
"region_pitch","3-1","HIGH","NFB",181,165,0.911602209944751,155,165,115,127,0.121546961325967,0.133333333333333,0.878453038674033,0.866666666666667,0.626339393939394,"Take","Swing_including_bunts",143,117.899388040288,137,0.0344225009315473,22,19.8475818948906,21,0.0896984867586279,NA,NA,NA,NA,NA,NA,NA,NA,NA,NA,"Take","","비교 자료 부족",TRUE,FALSE,NA,"W per selected current decision; not PA sum",2017,"swing","BCAP-SWING-v0.2.0","EXPERIMENTAL","bcap_swing_r_history__mlb_2017__20260928__r01",255,"해당 연도 안에서 별도 적합",2017-04-02,2017-10-01,"연도 간 측정·분류·표본 차이 가능","columns/001-ball-count/analysis/runs/bcap_swing_r_history__mlb_2017__20260928__r01/artifacts/year_values.csv","columns/001-ball-count/analysis/runs/bcap_swing_r_history__mlb_2017__20260928__r01/manifest.json","자료 부족"
"region_pitch","3-1","INSIDE","NFB",294,278,0.945578231292517,261,278,183,178,0.319727891156463,0.330935251798561,0.680272108843537,0.669064748201439,0.56318345323741,"Take","Swing_including_bunts",186,156.059573499146,177,0.0191232329539557,92,56.0935405656677,88,0.0549176730819435,NA,NA,NA,NA,NA,NA,NA,NA,NA,NA,"Take","","비교 자료 부족",TRUE,FALSE,NA,"W per selected current decision; not PA sum",2017,"swing","BCAP-SWING-v0.2.0","EXPERIMENTAL","bcap_swing_r_history__mlb_2017__20260928__r01",255,"해당 연도 안에서 별도 적합",2017-04-02,2017-10-01,"연도 간 측정·분류·표본 차이 가능","columns/001-ball-count/analysis/runs/bcap_swing_r_history__mlb_2017__20260928__r01/artifacts/year_values.csv","columns/001-ball-count/analysis/runs/bcap_swing_r_history__mlb_2017__20260928__r01/manifest.json","자료 부족"
"region_pitch","3-1","LOW","NFB",664,625,0.941265060240964,536,625,296,284,0.346385542168675,0.3664,0.653614457831325,0.6336,0.5740592,"Take","Swing_including_bunts",396,370.284300768029,355,0.00933320438645276,229,151.566003224177,219,0.0248999528343087,NA,NA,NA,NA,NA,NA,NA,NA,NA,NA,"Take","","비교 자료 부족",TRUE,FALSE,NA,"W per selected current decision; not PA sum",2017,"swing","BCAP-SWING-v0.2.0","EXPERIMENTAL","bcap_swing_r_history__mlb_2017__20260928__r01",255,"해당 연도 안에서 별도 적합",2017-04-02,2017-10-01,"연도 간 측정·분류·표본 차이 가능","columns/001-ball-count/analysis/runs/bcap_swing_r_history__mlb_2017__20260928__r01/artifacts/year_values.csv","columns/001-ball-count/analysis/runs/bcap_swing_r_history__mlb_2017__20260928__r01/manifest.json","자료 부족"
"region_pitch","3-1","OUTSIDE","NFB",695,655,0.942446043165468,547,655,316,287,0.310791366906475,0.329770992366412,0.689208633093525,0.670229007633588,0.546082442748092,"Take","Swing_including_bunts",439,381.089680412236,393,0.0106289493340135,216,138.563570981144,197,0.0289410471109703,NA,NA,NA,NA,NA,NA,NA,NA,NA,NA,"Take","","비교 자료 부족",TRUE,FALSE,NA,"W per selected current decision; not PA sum",2017,"swing","BCAP-SWING-v0.2.0","EXPERIMENTAL","bcap_swing_r_history__mlb_2017__20260928__r01",255,"해당 연도 안에서 별도 적합",2017-04-02,2017-10-01,"연도 간 측정·분류·표본 차이 가능","columns/001-ball-count/analysis/runs/bcap_swing_r_history__mlb_2017__20260928__r01/artifacts/year_values.csv","columns/001-ball-count/analysis/runs/bcap_swing_r_history__mlb_2017__20260928__r01/manifest.json","자료 부족"
"region_pitch","3-2","HIGH","NFB",662,644,0.972809667673716,550,636,309,312,0.323262839879154,0.330745341614907,0.676737160120846,0.669254658385093,0.532,"Take","Swing_including_bunts",431,257.621030517547,387,0.0137081088593556,213,169.477131817577,197,0.0229585871176772,NA,NA,NA,NA,NA,NA,NA,NA,NA,NA,"Take","","비교 자료 부족",TRUE,FALSE,NA,"W per selected current decision; not PA sum",2017,"swing","BCAP-SWING-v0.2.0","EXPERIMENTAL","bcap_swing_r_history__mlb_2017__20260928__r01",255,"해당 연도 안에서 별도 적합",2017-04-02,2017-10-01,"연도 간 측정·분류·표본 차이 가능","columns/001-ball-count/analysis/runs/bcap_swing_r_history__mlb_2017__20260928__r01/artifacts/year_values.csv","columns/001-ball-count/analysis/runs/bcap_swing_r_history__mlb_2017__20260928__r01/manifest.json","자료 부족"
"region","3-0","HIGH","ALL",752,518,0.688829787234043,459,518,311,289,0.0438829787234043,0.0637065637065637,0.956117021276596,0.936293436293436,0.632870656370656,"Take","Swing_including_bunts",485,483.467773016989,429,0.0103486036606991,33,28.3242154846334,33,0.0569754690246083,NA,NA,NA,NA,NA,NA,NA,NA,NA,NA,"Take","","비교 자료 부족",TRUE,FALSE,NA,"W per selected current decision; not PA sum",2018,"swing","BCAP-SWING-v0.2.0","EXPERIMENTAL","bcap_swing_r_history__mlb_2018__20260928__r01",255,"해당 연도 안에서 별도 적합",2018-03-29,2018-10-01,"연도 간 측정·분류·표본 차이 가능","columns/001-ball-count/analysis/runs/bcap_swing_r_history__mlb_2018__20260928__r01/artifacts/year_values.csv","columns/001-ball-count/analysis/runs/bcap_swing_r_history__mlb_2018__20260928__r01/manifest.json","자료 부족"
"region","3-0","INSIDE","ALL",752,531,0.706117021276596,463,531,320,290,0.0718085106382979,0.096045197740113,0.928191489361702,0.903954802259887,0.596726930320151,"Take","Swing_including_bunts",480,478.163898666201,423,0.00630693370765418,51,44.2473605589403,50,0.0420320085635303,NA,NA,NA,NA,NA,NA,NA,NA,NA,NA,"Take","","비교 자료 부족",TRUE,FALSE,NA,"W per selected current decision; not PA sum",2018,"swing","BCAP-SWING-v0.2.0","EXPERIMENTAL","bcap_swing_r_history__mlb_2018__20260928__r01",255,"해당 연도 안에서 별도 적합",2018-03-29,2018-10-01,"연도 간 측정·분류·표본 차이 가능","columns/001-ball-count/analysis/runs/bcap_swing_r_history__mlb_2018__20260928__r01/artifacts/year_values.csv","columns/001-ball-count/analysis/runs/bcap_swing_r_history__mlb_2018__20260928__r01/manifest.json","자료 부족"
"region","3-0","LOW","ALL",1029,647,0.628765792031098,569,647,351,323,0.0417881438289602,0.0587326120556414,0.95821185617104,0.941267387944359,0.612808346213292,"Take","Swing_including_bunts",609,607.800780138079,542,0.0050417247560128,38,33.3272715505711,37,0.0610526422904522,NA,NA,NA,NA,NA,NA,NA,NA,NA,NA,"Take","","비교 자료 부족",TRUE,FALSE,NA,"W per selected current decision; not PA sum",2018,"swing","BCAP-SWING-v0.2.0","EXPERIMENTAL","bcap_swing_r_history__mlb_2018__20260928__r01",255,"해당 연도 안에서 별도 적합",2018-03-29,2018-10-01,"연도 간 측정·분류·표본 차이 가능","columns/001-ball-count/analysis/runs/bcap_swing_r_history__mlb_2018__20260928__r01/artifacts/year_values.csv","columns/001-ball-count/analysis/runs/bcap_swing_r_history__mlb_2018__20260928__r01/manifest.json","자료 부족"
"region","3-0","OUTSIDE","ALL",1824,1287,0.705592105263158,998,1287,481,414,0.0482456140350877,0.0668220668220668,0.951754385964912,0.933177933177933,0.584157731157731,"Take","Swing_including_bunts",1201,1196.20739992782,942,0.00403218878080571,86,72.261851044793,82,0.0271226472310038,NA,NA,NA,NA,NA,NA,NA,NA,NA,NA,"Take","","비교 자료 부족",TRUE,FALSE,NA,"W per selected current decision; not PA sum",2018,"swing","BCAP-SWING-v0.2.0","EXPERIMENTAL","bcap_swing_r_history__mlb_2018__20260928__r01",255,"해당 연도 안에서 별도 적합",2018-03-29,2018-10-01,"연도 간 측정·분류·표본 차이 가능","columns/001-ball-count/analysis/runs/bcap_swing_r_history__mlb_2018__20260928__r01/artifacts/year_values.csv","columns/001-ball-count/analysis/runs/bcap_swing_r_history__mlb_2018__20260928__r01/manifest.json","자료 부족"
"region_pitch","0-1","HIGH","NFB",1796,1592,0.88641425389755,1083,1592,483,473,0.139198218262806,0.153266331658291,0.860801781737194,0.846733668341709,0.277465452261307,"Take","Swing_including_bunts",1348,1095.13235088689,973,0.00537395999299192,244,184.318762928398,224,0.0281210045437991,NA,NA,NA,NA,NA,NA,NA,NA,NA,NA,"Take","","비교 자료 부족",TRUE,FALSE,NA,"W per selected current decision; not PA sum",2018,"swing","BCAP-SWING-v0.2.0","EXPERIMENTAL","bcap_swing_r_history__mlb_2018__20260928__r01",255,"해당 연도 안에서 별도 적합",2018-03-29,2018-10-01,"연도 간 측정·분류·표본 차이 가능","columns/001-ball-count/analysis/runs/bcap_swing_r_history__mlb_2018__20260928__r01/artifacts/year_values.csv","columns/001-ball-count/analysis/runs/bcap_swing_r_history__mlb_2018__20260928__r01/manifest.json","자료 부족"
"region_pitch","0-2","HIGH","NFB",667,632,0.947526236881559,542,630,295,330,0.253373313343328,0.261075949367089,0.746626686656672,0.738924050632911,0.171267405063291,"Take","Swing_including_bunts",467,270.02497282972,416,0.0135247446756445,165,130.730000943524,154,0.032881891938657,NA,NA,NA,NA,NA,NA,NA,NA,NA,NA,"Take","","비교 자료 부족",TRUE,FALSE,NA,"W per selected current decision; not PA sum",2018,"swing","BCAP-SWING-v0.2.0","EXPERIMENTAL","bcap_swing_r_history__mlb_2018__20260928__r01",255,"해당 연도 안에서 별도 적합",2018-03-29,2018-10-01,"연도 간 측정·분류·표본 차이 가능","columns/001-ball-count/analysis/runs/bcap_swing_r_history__mlb_2018__20260928__r01/artifacts/year_values.csv","columns/001-ball-count/analysis/runs/bcap_swing_r_history__mlb_2018__20260928__r01/manifest.json","자료 부족"
"region_pitch","1-0","HIGH","NFB",1493,1276,0.854655056932351,957,1276,446,418,0.0884125920964501,0.102664576802508,0.91158740790355,0.897335423197492,0.418455329153605,"Take","Swing_including_bunts",1145,1076.88498705442,881,0.00407182794280841,131,86.5816226440079,125,0.0527368480619038,NA,NA,NA,NA,NA,NA,NA,NA,NA,NA,"Take","","비교 자료 부족",TRUE,FALSE,NA,"W per selected current decision; not PA sum",2018,"swing","BCAP-SWING-v0.2.0","EXPERIMENTAL","bcap_swing_r_history__mlb_2018__20260928__r01",255,"해당 연도 안에서 별도 적합",2018-03-29,2018-10-01,"연도 간 측정·분류·표본 차이 가능","columns/001-ball-count/analysis/runs/bcap_swing_r_history__mlb_2018__20260928__r01/artifacts/year_values.csv","columns/001-ball-count/analysis/runs/bcap_swing_r_history__mlb_2018__20260928__r01/manifest.json","자료 부족"
"region_pitch","2-0","HIGH","NFB",379,317,0.836411609498681,289,317,185,203,0.0395778364116095,0.0473186119873817,0.96042216358839,0.952681388012618,0.521990536277603,"Take","Swing_including_bunts",302,285.791211871014,279,0.0107412142026292,15,11.9773282963827,15,0.177834857062133,NA,NA,NA,NA,NA,NA,NA,NA,NA,NA,"Take","","비교 자료 부족",TRUE,FALSE,NA,"W per selected current decision; not PA sum",2018,"swing","BCAP-SWING-v0.2.0","EXPERIMENTAL","bcap_swing_r_history__mlb_2018__20260928__r01",255,"해당 연도 안에서 별도 적합",2018-03-29,2018-10-01,"연도 간 측정·분류·표본 차이 가능","columns/001-ball-count/analysis/runs/bcap_swing_r_history__mlb_2018__20260928__r01/artifacts/year_values.csv","columns/001-ball-count/analysis/runs/bcap_swing_r_history__mlb_2018__20260928__r01/manifest.json","자료 부족"
"region_pitch","2-0","INSIDE","NFB",585,511,0.873504273504274,453,511,285,268,0.234188034188034,0.26027397260274,0.765811965811966,0.73972602739726,0.441131115459883,"Take","Swing_including_bunts",378,356.236335717584,349,0.00740057555788193,133,80.1023049852957,129,0.0351944324740502,NA,NA,NA,NA,NA,NA,NA,NA,NA,NA,"Take","","비교 자료 부족",TRUE,FALSE,NA,"W per selected current decision; not PA sum",2018,"swing","BCAP-SWING-v0.2.0","EXPERIMENTAL","bcap_swing_r_history__mlb_2018__20260928__r01",255,"해당 연도 안에서 별도 적합",2018-03-29,2018-10-01,"연도 간 측정·분류·표본 차이 가능","columns/001-ball-count/analysis/runs/bcap_swing_r_history__mlb_2018__20260928__r01/artifacts/year_values.csv","columns/001-ball-count/analysis/runs/bcap_swing_r_history__mlb_2018__20260928__r01/manifest.json","자료 부족"
"region_pitch","2-1","HIGH","NFB",773,714,0.923673997412678,582,714,347,319,0.138421733505822,0.148459383753501,0.861578266494179,0.851540616246499,0.423651260504202,"Take","Swing_including_bunts",608,480.837397565542,505,0.00830586533151242,106,73.0892408590325,101,0.0485353801734904,NA,NA,NA,NA,NA,NA,NA,NA,NA,NA,"Take","","비교 자료 부족",TRUE,FALSE,NA,"W per selected current decision; not PA sum",2018,"swing","BCAP-SWING-v0.2.0","EXPERIMENTAL","bcap_swing_r_history__mlb_2018__20260928__r01",255,"해당 연도 안에서 별도 적합",2018-03-29,2018-10-01,"연도 간 측정·분류·표본 차이 가능","columns/001-ball-count/analysis/runs/bcap_swing_r_history__mlb_2018__20260928__r01/artifacts/year_values.csv","columns/001-ball-count/analysis/runs/bcap_swing_r_history__mlb_2018__20260928__r01/manifest.json","자료 부족"
"region_pitch","3-0","CENTER","NFB",128,127,0.9921875,123,127,100,105,0.15625,0.15748031496063,0.84375,0.84251968503937,0.504818897637795,"Take","Swing_including_bunts",107,105.372410845452,104,0.0193433920102286,20,18.9073101049143,20,0.0755596176853936,NA,NA,NA,NA,NA,NA,NA,NA,NA,NA,"Take","","비교 자료 부족",TRUE,FALSE,NA,"W per selected current decision; not PA sum",2018,"swing","BCAP-SWING-v0.2.0","EXPERIMENTAL","bcap_swing_r_history__mlb_2018__20260928__r01",255,"해당 연도 안에서 별도 적합",2018-03-29,2018-10-01,"연도 간 측정·분류·표본 차이 가능","columns/001-ball-count/analysis/runs/bcap_swing_r_history__mlb_2018__20260928__r01/artifacts/year_values.csv","columns/001-ball-count/analysis/runs/bcap_swing_r_history__mlb_2018__20260928__r01/manifest.json","자료 부족"
"region_pitch","3-0","HIGH","FB",726,499,0.68732782369146,446,499,306,284,0.0440771349862259,0.0641282565130261,0.955922865013774,0.935871743486974,0.63215631262525,"Take","Swing_including_bunts",467,465.857459725534,415,0.0107701214144062,32,27.7954644983579,32,0.0576156676938927,NA,NA,NA,NA,NA,NA,NA,NA,NA,NA,"Take","","비교 자료 부족",TRUE,FALSE,NA,"W per selected current decision; not PA sum",2018,"swing","BCAP-SWING-v0.2.0","EXPERIMENTAL","bcap_swing_r_history__mlb_2018__20260928__r01",255,"해당 연도 안에서 별도 적합",2018-03-29,2018-10-01,"연도 간 측정·분류·표본 차이 가능","columns/001-ball-count/analysis/runs/bcap_swing_r_history__mlb_2018__20260928__r01/artifacts/year_values.csv","columns/001-ball-count/analysis/runs/bcap_swing_r_history__mlb_2018__20260928__r01/manifest.json","자료 부족"
"region_pitch","3-0","HIGH","NFB",26,19,0.730769230769231,19,19,19,17,0.0384615384615385,0.0526315789473684,0.961538461538461,0.947368421052632,0.651631578947368,"Take","Swing_including_bunts",18,17.6985531185191,18,0.0783608569270808,1,1,1,1,NA,NA,NA,NA,NA,NA,NA,NA,NA,NA,"Swing_including_bunts","","비교 자료 부족",TRUE,FALSE,NA,"W per selected current decision; not PA sum",2018,"swing","BCAP-SWING-v0.2.0","EXPERIMENTAL","bcap_swing_r_history__mlb_2018__20260928__r01",255,"해당 연도 안에서 별도 적합",2018-03-29,2018-10-01,"연도 간 측정·분류·표본 차이 가능","columns/001-ball-count/analysis/runs/bcap_swing_r_history__mlb_2018__20260928__r01/artifacts/year_values.csv","columns/001-ball-count/analysis/runs/bcap_swing_r_history__mlb_2018__20260928__r01/manifest.json","자료 부족"
"region_pitch","3-0","INSIDE","FB",714,502,0.703081232492997,443,502,302,280,0.0700280112044818,0.0936254980079681,0.929971988795518,0.906374501992032,0.597832669322709,"Take","Swing_including_bunts",455,453.481109407636,404,0.00666789284141436,47,41.2861848494026,47,0.0434458798029399,NA,NA,NA,NA,NA,NA,NA,NA,NA,NA,"Take","","비교 자료 부족",TRUE,FALSE,NA,"W per selected current decision; not PA sum",2018,"swing","BCAP-SWING-v0.2.0","EXPERIMENTAL","bcap_swing_r_history__mlb_2018__20260928__r01",255,"해당 연도 안에서 별도 적합",2018-03-29,2018-10-01,"연도 간 측정·분류·표본 차이 가능","columns/001-ball-count/analysis/runs/bcap_swing_r_history__mlb_2018__20260928__r01/artifacts/year_values.csv","columns/001-ball-count/analysis/runs/bcap_swing_r_history__mlb_2018__20260928__r01/manifest.json","자료 부족"
"region_pitch","3-0","INSIDE","NFB",38,29,0.763157894736842,29,29,27,25,0.105263157894737,0.137931034482759,0.894736842105263,0.862068965517241,0.577586206896552,"Take","Swing_including_bunts",25,24.7390473347153,25,0.055016116013999,4,3.46786503789634,4,0.402606166781424,NA,NA,NA,NA,NA,NA,NA,NA,NA,NA,"Take","","비교 자료 부족",TRUE,FALSE,NA,"W per selected current decision; not PA sum",2018,"swing","BCAP-SWING-v0.2.0","EXPERIMENTAL","bcap_swing_r_history__mlb_2018__20260928__r01",255,"해당 연도 안에서 별도 적합",2018-03-29,2018-10-01,"연도 간 측정·분류·표본 차이 가능","columns/001-ball-count/analysis/runs/bcap_swing_r_history__mlb_2018__20260928__r01/artifacts/year_values.csv","columns/001-ball-count/analysis/runs/bcap_swing_r_history__mlb_2018__20260928__r01/manifest.json","자료 부족"
"region_pitch","3-0","LOW","FB",973,604,0.620760534429599,534,604,333,307,0.0359712230215827,0.0496688741721854,0.964028776978417,0.950331125827815,0.614995033112583,"Take","Swing_including_bunts",574,573.13002126358,512,0.00536959172759177,30,26.8754836188166,29,0.073020677100863,NA,NA,NA,NA,NA,NA,NA,NA,NA,NA,"Take","","비교 자료 부족",TRUE,FALSE,NA,"W per selected current decision; not PA sum",2018,"swing","BCAP-SWING-v0.2.0","EXPERIMENTAL","bcap_swing_r_history__mlb_2018__20260928__r01",255,"해당 연도 안에서 별도 적합",2018-03-29,2018-10-01,"연도 간 측정·분류·표본 차이 가능","columns/001-ball-count/analysis/runs/bcap_swing_r_history__mlb_2018__20260928__r01/artifacts/year_values.csv","columns/001-ball-count/analysis/runs/bcap_swing_r_history__mlb_2018__20260928__r01/manifest.json","자료 부족"
"region_pitch","3-0","LOW","NFB",56,43,0.767857142857143,42,43,38,35,0.142857142857143,0.186046511627907,0.857142857142857,0.813953488372093,0.582093023255814,"Take","Swing_including_bunts",35,34.8306247031318,34,0.0594847445889172,8,6.72545294316092,8,0.239880789474709,NA,NA,NA,NA,NA,NA,NA,NA,NA,NA,"Swing_including_bunts","","비교 자료 부족",TRUE,FALSE,NA,"W per selected current decision; not PA sum",2018,"swing","BCAP-SWING-v0.2.0","EXPERIMENTAL","bcap_swing_r_history__mlb_2018__20260928__r01",255,"해당 연도 안에서 별도 적합",2018-03-29,2018-10-01,"연도 간 측정·분류·표본 차이 가능","columns/001-ball-count/analysis/runs/bcap_swing_r_history__mlb_2018__20260928__r01/artifacts/year_values.csv","columns/001-ball-count/analysis/runs/bcap_swing_r_history__mlb_2018__20260928__r01/manifest.json","자료 부족"
"region_pitch","3-0","OUTSIDE","FB",1736,1213,0.698732718894009,945,1213,469,411,0.0449308755760369,0.0626545754328112,0.955069124423963,0.937345424567189,0.58221187139324,"Take","Swing_including_bunts",1137,1133.4165043157,897,0.00427548739057452,76,64.1123009918387,73,0.0264112017311182,NA,NA,NA,NA,NA,NA,NA,NA,NA,NA,"Take","","비교 자료 부족",TRUE,FALSE,NA,"W per selected current decision; not PA sum",2018,"swing","BCAP-SWING-v0.2.0","EXPERIMENTAL","bcap_swing_r_history__mlb_2018__20260928__r01",255,"해당 연도 안에서 별도 적합",2018-03-29,2018-10-01,"연도 간 측정·분류·표본 차이 가능","columns/001-ball-count/analysis/runs/bcap_swing_r_history__mlb_2018__20260928__r01/artifacts/year_values.csv","columns/001-ball-count/analysis/runs/bcap_swing_r_history__mlb_2018__20260928__r01/manifest.json","자료 부족"
"region_pitch","3-0","OUTSIDE","NFB",88,74,0.840909090909091,73,74,64,58,0.113636363636364,0.135135135135135,0.886363636363636,0.864864864864865,0.616054054054054,"Take","Swing_including_bunts",64,63.1921331099149,63,0.0328562017523592,10,8.17540156638049,10,0.197910949306615,NA,NA,NA,NA,NA,NA,NA,NA,NA,NA,"Take","","비교 자료 부족",TRUE,FALSE,NA,"W per selected current decision; not PA sum",2018,"swing","BCAP-SWING-v0.2.0","EXPERIMENTAL","bcap_swing_r_history__mlb_2018__20260928__r01",255,"해당 연도 안에서 별도 적합",2018-03-29,2018-10-01,"연도 간 측정·분류·표본 차이 가능","columns/001-ball-count/analysis/runs/bcap_swing_r_history__mlb_2018__20260928__r01/artifacts/year_values.csv","columns/001-ball-count/analysis/runs/bcap_swing_r_history__mlb_2018__20260928__r01/manifest.json","자료 부족"
"region_pitch","3-1","HIGH","NFB",169,155,0.917159763313609,149,155,110,119,0.142011834319527,0.154838709677419,0.857988165680473,0.845161290322581,0.624593548387097,"Take","Swing_including_bunts",131,108.160952498049,125,0.0236717431223884,24,19.9837780514283,24,0.113421792986763,NA,NA,NA,NA,NA,NA,NA,NA,NA,NA,"Take","","비교 자료 부족",TRUE,FALSE,NA,"W per selected current decision; not PA sum",2018,"swing","BCAP-SWING-v0.2.0","EXPERIMENTAL","bcap_swing_r_history__mlb_2018__20260928__r01",255,"해당 연도 안에서 별도 적합",2018-03-29,2018-10-01,"연도 간 측정·분류·표본 차이 가능","columns/001-ball-count/analysis/runs/bcap_swing_r_history__mlb_2018__20260928__r01/artifacts/year_values.csv","columns/001-ball-count/analysis/runs/bcap_swing_r_history__mlb_2018__20260928__r01/manifest.json","자료 부족"
"region_pitch","3-1","INSIDE","NFB",303,280,0.924092409240924,272,280,187,191,0.313531353135314,0.339285714285714,0.686468646864686,0.660714285714286,0.536396428571429,"Take","Swing_including_bunts",185,162.624433477224,181,0.0155391415237109,95,63.6068170747923,94,0.0496334209647752,NA,NA,NA,NA,NA,NA,NA,NA,NA,NA,"Take","","비교 자료 부족",TRUE,FALSE,NA,"W per selected current decision; not PA sum",2018,"swing","BCAP-SWING-v0.2.0","EXPERIMENTAL","bcap_swing_r_history__mlb_2018__20260928__r01",255,"해당 연도 안에서 별도 적합",2018-03-29,2018-10-01,"연도 간 측정·분류·표본 차이 가능","columns/001-ball-count/analysis/runs/bcap_swing_r_history__mlb_2018__20260928__r01/artifacts/year_values.csv","columns/001-ball-count/analysis/runs/bcap_swing_r_history__mlb_2018__20260928__r01/manifest.json","자료 부족"
"region_pitch","3-1","LOW","NFB",709,661,0.932299012693935,574,661,310,278,0.348377997179126,0.369137670196672,0.651622002820874,0.630862329803328,0.566133131618759,"Take","Swing_including_bunts",417,385.962108409097,380,0.00874277190729704,244,169.784311371044,232,0.0222725092333682,NA,NA,NA,NA,NA,NA,NA,NA,NA,NA,"Take","","비교 자료 부족",TRUE,FALSE,NA,"W per selected current decision; not PA sum",2018,"swing","BCAP-SWING-v0.2.0","EXPERIMENTAL","bcap_swing_r_history__mlb_2018__20260928__r01",255,"해당 연도 안에서 별도 적합",2018-03-29,2018-10-01,"연도 간 측정·분류·표본 차이 가능","columns/001-ball-count/analysis/runs/bcap_swing_r_history__mlb_2018__20260928__r01/artifacts/year_values.csv","columns/001-ball-count/analysis/runs/bcap_swing_r_history__mlb_2018__20260928__r01/manifest.json","자료 부족"
"region_pitch","3-1","OUTSIDE","NFB",653,617,0.944869831546707,524,617,290,296,0.301684532924962,0.314424635332253,0.698315467075038,0.685575364667747,0.535755267423015,"Take","Swing_including_bunts",423,371.183088077019,371,0.0105727465439526,194,127.327857739818,186,0.0318129100728252,NA,NA,NA,NA,NA,NA,NA,NA,NA,NA,"Take","","비교 자료 부족",TRUE,FALSE,NA,"W per selected current decision; not PA sum",2018,"swing","BCAP-SWING-v0.2.0","EXPERIMENTAL","bcap_swing_r_history__mlb_2018__20260928__r01",255,"해당 연도 안에서 별도 적합",2018-03-29,2018-10-01,"연도 간 측정·분류·표본 차이 가능","columns/001-ball-count/analysis/runs/bcap_swing_r_history__mlb_2018__20260928__r01/artifacts/year_values.csv","columns/001-ball-count/analysis/runs/bcap_swing_r_history__mlb_2018__20260928__r01/manifest.json","자료 부족"
"region","3-0","HIGH","ALL",891,573,0.643097643097643,510,573,348,293,0.0336700336700337,0.0523560209424084,0.966329966329966,0.947643979057592,0.613471204188482,"Take","Swing_including_bunts",543,541.522955150233,482,0.00583587340559432,30,26.8978476549999,29,0.0637633725765413,NA,NA,NA,NA,NA,NA,NA,NA,NA,NA,"Take","","비교 자료 부족",TRUE,FALSE,NA,"W per selected current decision; not PA sum",2019,"swing","BCAP-SWING-v0.2.0","EXPERIMENTAL","bcap_swing_r_history__mlb_2019__20260928__r01",255,"해당 연도 안에서 별도 적합",2019-03-20,2019-09-29,"연도 간 측정·분류·표본 차이 가능","columns/001-ball-count/analysis/runs/bcap_swing_r_history__mlb_2019__20260928__r01/artifacts/year_values.csv","columns/001-ball-count/analysis/runs/bcap_swing_r_history__mlb_2019__20260928__r01/manifest.json","자료 부족"
"region","3-0","INSIDE","ALL",781,566,0.724711907810499,499,566,342,286,0.0717029449423816,0.0954063604240283,0.928297055057618,0.904593639575972,0.577893992932862,"Take","Swing_including_bunts",512,510.052652809051,456,0.00654509546361896,54,46.8978040829163,54,0.038066962399739,NA,NA,NA,NA,NA,NA,NA,NA,NA,NA,"Take","","비교 자료 부족",TRUE,FALSE,NA,"W per selected current decision; not PA sum",2019,"swing","BCAP-SWING-v0.2.0","EXPERIMENTAL","bcap_swing_r_history__mlb_2019__20260928__r01",255,"해당 연도 안에서 별도 적합",2019-03-20,2019-09-29,"연도 간 측정·분류·표본 차이 가능","columns/001-ball-count/analysis/runs/bcap_swing_r_history__mlb_2019__20260928__r01/artifacts/year_values.csv","columns/001-ball-count/analysis/runs/bcap_swing_r_history__mlb_2019__20260928__r01/manifest.json","자료 부족"
"region","3-0","LOW","ALL",988,736,0.744939271255061,615,736,388,333,0.0435222672064777,0.0570652173913044,0.956477732793522,0.942934782608696,0.626092391304348,"Take","Swing_including_bunts",694,691.198469093233,587,0.00492335093449455,42,37.5171049109355,41,0.0743030503770837,NA,NA,NA,NA,NA,NA,NA,NA,NA,NA,"Take","","비교 자료 부족",TRUE,FALSE,NA,"W per selected current decision; not PA sum",2019,"swing","BCAP-SWING-v0.2.0","EXPERIMENTAL","bcap_swing_r_history__mlb_2019__20260928__r01",255,"해당 연도 안에서 별도 적합",2019-03-20,2019-09-29,"연도 간 측정·분류·표본 차이 가능","columns/001-ball-count/analysis/runs/bcap_swing_r_history__mlb_2019__20260928__r01/artifacts/year_values.csv","columns/001-ball-count/analysis/runs/bcap_swing_r_history__mlb_2019__20260928__r01/manifest.json","자료 부족"
"region","3-0","OUTSIDE","ALL",1745,1247,0.714613180515759,966,1247,505,393,0.0446991404011461,0.0593424218123496,0.955300859598854,0.94065757818765,0.590230954290297,"Take","Swing_including_bunts",1173,1168.95289816754,925,0.00341211426217883,74,64.101001165946,71,0.0356402392449943,NA,NA,NA,NA,NA,NA,NA,NA,NA,NA,"Take","","비교 자료 부족",TRUE,FALSE,NA,"W per selected current decision; not PA sum",2019,"swing","BCAP-SWING-v0.2.0","EXPERIMENTAL","bcap_swing_r_history__mlb_2019__20260928__r01",255,"해당 연도 안에서 별도 적합",2019-03-20,2019-09-29,"연도 간 측정·분류·표본 차이 가능","columns/001-ball-count/analysis/runs/bcap_swing_r_history__mlb_2019__20260928__r01/artifacts/year_values.csv","columns/001-ball-count/analysis/runs/bcap_swing_r_history__mlb_2019__20260928__r01/manifest.json","자료 부족"
"region_pitch","0-0","HIGH","NFB",5353,4067,0.759760881748552,1909,4067,646,552,0.0418456940033626,0.0540939267273174,0.958154305996637,0.945906073272683,0.339238750922056,"Take","Swing_including_bunts",3847,3762.85627185943,1862,0.0021599023430391,220,177.281725837441,207,0.0205407690721689,NA,NA,NA,NA,NA,NA,NA,NA,NA,NA,"Take","","비교 자료 부족",TRUE,FALSE,NA,"W per selected current decision; not PA sum",2019,"swing","BCAP-SWING-v0.2.0","EXPERIMENTAL","bcap_swing_r_history__mlb_2019__20260928__r01",255,"해당 연도 안에서 별도 적합",2019-03-20,2019-09-29,"연도 간 측정·분류·표본 차이 가능","columns/001-ball-count/analysis/runs/bcap_swing_r_history__mlb_2019__20260928__r01/artifacts/year_values.csv","columns/001-ball-count/analysis/runs/bcap_swing_r_history__mlb_2019__20260928__r01/manifest.json","자료 부족"
"region_pitch","0-1","HIGH","NFB",1887,1649,0.873873873873874,1151,1649,504,494,0.126126126126126,0.140691328077623,0.873873873873874,0.859308671922377,0.294978775015161,"Take","Swing_including_bunts",1417,1156.07466582958,1043,0.00465066193325458,232,176.781398341124,221,0.0254013747455234,NA,NA,NA,NA,NA,NA,NA,NA,NA,NA,"Take","","비교 자료 부족",TRUE,FALSE,NA,"W per selected current decision; not PA sum",2019,"swing","BCAP-SWING-v0.2.0","EXPERIMENTAL","bcap_swing_r_history__mlb_2019__20260928__r01",255,"해당 연도 안에서 별도 적합",2019-03-20,2019-09-29,"연도 간 측정·분류·표본 차이 가능","columns/001-ball-count/analysis/runs/bcap_swing_r_history__mlb_2019__20260928__r01/artifacts/year_values.csv","columns/001-ball-count/analysis/runs/bcap_swing_r_history__mlb_2019__20260928__r01/manifest.json","자료 부족"
"region_pitch","0-2","HIGH","NFB",680,632,0.929411764705882,539,628,321,334,0.229411764705882,0.243670886075949,0.770588235294118,0.756329113924051,0.233523734177215,"Take","Swing_including_bunts",478,291.41026174343,423,0.0182372467070384,154,119.062212540879,145,0.0388013910293795,NA,NA,NA,NA,NA,NA,NA,NA,NA,NA,"Take","","비교 자료 부족",TRUE,FALSE,NA,"W per selected current decision; not PA sum",2019,"swing","BCAP-SWING-v0.2.0","EXPERIMENTAL","bcap_swing_r_history__mlb_2019__20260928__r01",255,"해당 연도 안에서 별도 적합",2019-03-20,2019-09-29,"연도 간 측정·분류·표본 차이 가능","columns/001-ball-count/analysis/runs/bcap_swing_r_history__mlb_2019__20260928__r01/artifacts/year_values.csv","columns/001-ball-count/analysis/runs/bcap_swing_r_history__mlb_2019__20260928__r01/manifest.json","자료 부족"
"region_pitch","1-0","HIGH","NFB",1708,1490,0.872365339578454,1058,1490,477,439,0.0644028103044497,0.0731543624161074,0.93559718969555,0.926845637583893,0.387855033557047,"Take","Swing_including_bunts",1381,1295.38689594389,1002,0.00354951832632557,109,81.3548378206666,108,0.0364852185989826,NA,NA,NA,NA,NA,NA,NA,NA,NA,NA,"Take","","비교 자료 부족",TRUE,FALSE,NA,"W per selected current decision; not PA sum",2019,"swing","BCAP-SWING-v0.2.0","EXPERIMENTAL","bcap_swing_r_history__mlb_2019__20260928__r01",255,"해당 연도 안에서 별도 적합",2019-03-20,2019-09-29,"연도 간 측정·분류·표본 차이 가능","columns/001-ball-count/analysis/runs/bcap_swing_r_history__mlb_2019__20260928__r01/artifacts/year_values.csv","columns/001-ball-count/analysis/runs/bcap_swing_r_history__mlb_2019__20260928__r01/manifest.json","자료 부족"
"region_pitch","1-1","HIGH","NFB",1750,1579,0.902285714285714,1113,1579,497,473,0.123428571428571,0.136162127929069,0.876571428571429,0.863837872070931,0.343989867004433,"Take","Swing_including_bunts",1364,1029.17142287788,1017,0.00447464768437292,215,147.353042396619,202,0.0263398937278766,NA,NA,NA,NA,NA,NA,NA,NA,NA,NA,"Take","","비교 자료 부족",TRUE,FALSE,NA,"W per selected current decision; not PA sum",2019,"swing","BCAP-SWING-v0.2.0","EXPERIMENTAL","bcap_swing_r_history__mlb_2019__20260928__r01",255,"해당 연도 안에서 별도 적합",2019-03-20,2019-09-29,"연도 간 측정·분류·표본 차이 가능","columns/001-ball-count/analysis/runs/bcap_swing_r_history__mlb_2019__20260928__r01/artifacts/year_values.csv","columns/001-ball-count/analysis/runs/bcap_swing_r_history__mlb_2019__20260928__r01/manifest.json","자료 부족"
"region_pitch","2-0","HIGH","NFB",376,328,0.872340425531915,307,328,217,213,0.0691489361702128,0.0792682926829268,0.930851063829787,0.920731707317073,0.484310975609756,"Take","Swing_including_bunts",302,281.046777383167,288,0.00907487299649563,26,22.3882548733413,26,0.100559826753497,NA,NA,NA,NA,NA,NA,NA,NA,NA,NA,"Take","","비교 자료 부족",TRUE,FALSE,NA,"W per selected current decision; not PA sum",2019,"swing","BCAP-SWING-v0.2.0","EXPERIMENTAL","bcap_swing_r_history__mlb_2019__20260928__r01",255,"해당 연도 안에서 별도 적합",2019-03-20,2019-09-29,"연도 간 측정·분류·표본 차이 가능","columns/001-ball-count/analysis/runs/bcap_swing_r_history__mlb_2019__20260928__r01/artifacts/year_values.csv","columns/001-ball-count/analysis/runs/bcap_swing_r_history__mlb_2019__20260928__r01/manifest.json","자료 부족"
"region_pitch","2-0","INSIDE","NFB",629,556,0.883942766295708,488,556,302,291,0.21939586645469,0.246402877697842,0.78060413354531,0.753597122302158,0.515985611510791,"Take","Swing_including_bunts",419,395.857112806684,377,0.0076681097590183,137,85.2359226739769,133,0.0350543619063373,NA,NA,NA,NA,NA,NA,NA,NA,NA,NA,"Take","","비교 자료 부족",TRUE,FALSE,NA,"W per selected current decision; not PA sum",2019,"swing","BCAP-SWING-v0.2.0","EXPERIMENTAL","bcap_swing_r_history__mlb_2019__20260928__r01",255,"해당 연도 안에서 별도 적합",2019-03-20,2019-09-29,"연도 간 측정·분류·표본 차이 가능","columns/001-ball-count/analysis/runs/bcap_swing_r_history__mlb_2019__20260928__r01/artifacts/year_values.csv","columns/001-ball-count/analysis/runs/bcap_swing_r_history__mlb_2019__20260928__r01/manifest.json","자료 부족"
"region_pitch","2-1","HIGH","NFB",823,760,0.923450789793439,642,760,338,350,0.134872417982989,0.143421052631579,0.865127582017011,0.856578947368421,0.401514473684211,"Take","Swing_including_bunts",651,530.910138465234,560,0.00603280948680659,109,89.015738099369,103,0.046544574678145,NA,NA,NA,NA,NA,NA,NA,NA,NA,NA,"Take","","비교 자료 부족",TRUE,FALSE,NA,"W per selected current decision; not PA sum",2019,"swing","BCAP-SWING-v0.2.0","EXPERIMENTAL","bcap_swing_r_history__mlb_2019__20260928__r01",255,"해당 연도 안에서 별도 적합",2019-03-20,2019-09-29,"연도 간 측정·분류·표본 차이 가능","columns/001-ball-count/analysis/runs/bcap_swing_r_history__mlb_2019__20260928__r01/artifacts/year_values.csv","columns/001-ball-count/analysis/runs/bcap_swing_r_history__mlb_2019__20260928__r01/manifest.json","자료 부족"
"region_pitch","3-0","CENTER","NFB",142,141,0.992957746478873,137,141,101,112,0.176056338028169,0.177304964539007,0.823943661971831,0.822695035460993,0.513212765957447,"Take","Swing_including_bunts",116,115.033042886327,113,0.0238200652095867,25,23.3178917271683,25,0.064141954289233,NA,NA,NA,NA,NA,NA,NA,NA,NA,NA,"Swing_including_bunts","","비교 자료 부족",TRUE,FALSE,NA,"W per selected current decision; not PA sum",2019,"swing","BCAP-SWING-v0.2.0","EXPERIMENTAL","bcap_swing_r_history__mlb_2019__20260928__r01",255,"해당 연도 안에서 별도 적합",2019-03-20,2019-09-29,"연도 간 측정·분류·표본 차이 가능","columns/001-ball-count/analysis/runs/bcap_swing_r_history__mlb_2019__20260928__r01/artifacts/year_values.csv","columns/001-ball-count/analysis/runs/bcap_swing_r_history__mlb_2019__20260928__r01/manifest.json","자료 부족"
"region_pitch","3-0","HIGH","FB",868,556,0.640552995391705,497,556,341,290,0.0345622119815668,0.0539568345323741,0.965437788018433,0.946043165467626,0.61296582733813,"Take","Swing_including_bunts",526,524.652614364314,469,0.00603022261135524,30,26.8978476549999,29,0.0637633725765413,NA,NA,NA,NA,NA,NA,NA,NA,NA,NA,"Take","","비교 자료 부족",TRUE,FALSE,NA,"W per selected current decision; not PA sum",2019,"swing","BCAP-SWING-v0.2.0","EXPERIMENTAL","bcap_swing_r_history__mlb_2019__20260928__r01",255,"해당 연도 안에서 별도 적합",2019-03-20,2019-09-29,"연도 간 측정·분류·표본 차이 가능","columns/001-ball-count/analysis/runs/bcap_swing_r_history__mlb_2019__20260928__r01/artifacts/year_values.csv","columns/001-ball-count/analysis/runs/bcap_swing_r_history__mlb_2019__20260928__r01/manifest.json","자료 부족"
"region_pitch","3-0","HIGH","NFB",23,17,0.739130434782609,16,17,17,17,0,0,1,1,0.63,"Take","Swing_including_bunts",17,16.8897602814476,16,0.13112611450181,0,0,0,NA,NA,NA,NA,NA,NA,NA,NA,NA,NA,NA,"Take","","비교 자료 부족",TRUE,FALSE,NA,"W per selected current decision; not PA sum",2019,"swing","BCAP-SWING-v0.2.0","EXPERIMENTAL","bcap_swing_r_history__mlb_2019__20260928__r01",255,"해당 연도 안에서 별도 적합",2019-03-20,2019-09-29,"연도 간 측정·분류·표본 차이 가능","columns/001-ball-count/analysis/runs/bcap_swing_r_history__mlb_2019__20260928__r01/artifacts/year_values.csv","columns/001-ball-count/analysis/runs/bcap_swing_r_history__mlb_2019__20260928__r01/manifest.json","자료 부족"
"region_pitch","3-0","INSIDE","FB",758,548,0.722955145118734,483,548,334,278,0.0725593667546174,0.0967153284671533,0.927440633245383,0.903284671532847,0.577989051094891,"Take","Swing_including_bunts",495,493.45584961479,441,0.00655642025081503,53,45.8990368585876,53,0.0388669120702452,NA,NA,NA,NA,NA,NA,NA,NA,NA,NA,"Take","","비교 자료 부족",TRUE,FALSE,NA,"W per selected current decision; not PA sum",2019,"swing","BCAP-SWING-v0.2.0","EXPERIMENTAL","bcap_swing_r_history__mlb_2019__20260928__r01",255,"해당 연도 안에서 별도 적합",2019-03-20,2019-09-29,"연도 간 측정·분류·표본 차이 가능","columns/001-ball-count/analysis/runs/bcap_swing_r_history__mlb_2019__20260928__r01/artifacts/year_values.csv","columns/001-ball-count/analysis/runs/bcap_swing_r_history__mlb_2019__20260928__r01/manifest.json","자료 부족"
"region_pitch","3-0","INSIDE","NFB",23,18,0.782608695652174,18,18,18,17,0.0434782608695652,0.0555555555555556,0.956521739130435,0.944444444444444,0.575,"Take","Swing_including_bunts",17,16.8081626016937,17,0.072119838731746,1,1,1,1,NA,NA,NA,NA,NA,NA,NA,NA,NA,NA,"Take","","비교 자료 부족",TRUE,FALSE,NA,"W per selected current decision; not PA sum",2019,"swing","BCAP-SWING-v0.2.0","EXPERIMENTAL","bcap_swing_r_history__mlb_2019__20260928__r01",255,"해당 연도 안에서 별도 적합",2019-03-20,2019-09-29,"연도 간 측정·분류·표본 차이 가능","columns/001-ball-count/analysis/runs/bcap_swing_r_history__mlb_2019__20260928__r01/artifacts/year_values.csv","columns/001-ball-count/analysis/runs/bcap_swing_r_history__mlb_2019__20260928__r01/manifest.json","자료 부족"
"region_pitch","3-0","LOW","FB",911,677,0.743139407244786,574,677,369,326,0.0329308452250274,0.0443131462333826,0.967069154774973,0.955686853766617,0.627849335302807,"Take","Swing_including_bunts",647,644.667449541566,555,0.00530043626131613,30,27.1222153620523,29,0.0976261483899639,NA,NA,NA,NA,NA,NA,NA,NA,NA,NA,"Take","","비교 자료 부족",TRUE,FALSE,NA,"W per selected current decision; not PA sum",2019,"swing","BCAP-SWING-v0.2.0","EXPERIMENTAL","bcap_swing_r_history__mlb_2019__20260928__r01",255,"해당 연도 안에서 별도 적합",2019-03-20,2019-09-29,"연도 간 측정·분류·표본 차이 가능","columns/001-ball-count/analysis/runs/bcap_swing_r_history__mlb_2019__20260928__r01/artifacts/year_values.csv","columns/001-ball-count/analysis/runs/bcap_swing_r_history__mlb_2019__20260928__r01/manifest.json","자료 부족"
"region_pitch","3-0","LOW","NFB",77,59,0.766233766233766,59,59,51,55,0.168831168831169,0.203389830508475,0.831168831168831,0.796610169491525,0.60593220338983,"Take","Swing_including_bunts",47,46.67553217342,47,0.0254844122604464,12,10.7753466404564,12,0.137562577628165,NA,NA,NA,NA,NA,NA,NA,NA,NA,NA,"Take","","비교 자료 부족",TRUE,FALSE,NA,"W per selected current decision; not PA sum",2019,"swing","BCAP-SWING-v0.2.0","EXPERIMENTAL","bcap_swing_r_history__mlb_2019__20260928__r01",255,"해당 연도 안에서 별도 적합",2019-03-20,2019-09-29,"연도 간 측정·분류·표본 차이 가능","columns/001-ball-count/analysis/runs/bcap_swing_r_history__mlb_2019__20260928__r01/artifacts/year_values.csv","columns/001-ball-count/analysis/runs/bcap_swing_r_history__mlb_2019__20260928__r01/manifest.json","자료 부족"
"region_pitch","3-0","OUTSIDE","FB",1651,1174,0.711084191399152,920,1174,486,391,0.0417928528164749,0.0562180579216354,0.958207147183525,0.943781942078365,0.590716354344123,"Take","Swing_including_bunts",1108,1104.86762473305,879,0.00362338860181364,66,57.3237482521846,66,0.0295799308742442,NA,NA,NA,NA,NA,NA,NA,NA,NA,NA,"Take","","비교 자료 부족",TRUE,FALSE,NA,"W per selected current decision; not PA sum",2019,"swing","BCAP-SWING-v0.2.0","EXPERIMENTAL","bcap_swing_r_history__mlb_2019__20260928__r01",255,"해당 연도 안에서 별도 적합",2019-03-20,2019-09-29,"연도 간 측정·분류·표본 차이 가능","columns/001-ball-count/analysis/runs/bcap_swing_r_history__mlb_2019__20260928__r01/artifacts/year_values.csv","columns/001-ball-count/analysis/runs/bcap_swing_r_history__mlb_2019__20260928__r01/manifest.json","자료 부족"
"region_pitch","3-0","OUTSIDE","NFB",94,73,0.776595744680851,73,73,65,62,0.0957446808510638,0.10958904109589,0.904255319148936,0.89041095890411,0.582424657534247,"Take","Swing_including_bunts",65,64.3284966144763,65,0.0207858297712008,8,7.56880261632826,8,0.168149524336216,NA,NA,NA,NA,NA,NA,NA,NA,NA,NA,"Swing_including_bunts","","비교 자료 부족",TRUE,FALSE,NA,"W per selected current decision; not PA sum",2019,"swing","BCAP-SWING-v0.2.0","EXPERIMENTAL","bcap_swing_r_history__mlb_2019__20260928__r01",255,"해당 연도 안에서 별도 적합",2019-03-20,2019-09-29,"연도 간 측정·분류·표본 차이 가능","columns/001-ball-count/analysis/runs/bcap_swing_r_history__mlb_2019__20260928__r01/artifacts/year_values.csv","columns/001-ball-count/analysis/runs/bcap_swing_r_history__mlb_2019__20260928__r01/manifest.json","자료 부족"
"region_pitch","3-1","HIGH","NFB",194,179,0.922680412371134,173,179,137,139,0.11340206185567,0.11731843575419,0.88659793814433,0.88268156424581,0.579983240223464,"Take","Swing_including_bunts",158,140.631973135441,153,0.0223591206280906,21,17.2339711244239,21,0.128360324040318,NA,NA,NA,NA,NA,NA,NA,NA,NA,NA,"Take","","비교 자료 부족",TRUE,FALSE,NA,"W per selected current decision; not PA sum",2019,"swing","BCAP-SWING-v0.2.0","EXPERIMENTAL","bcap_swing_r_history__mlb_2019__20260928__r01",255,"해당 연도 안에서 별도 적합",2019-03-20,2019-09-29,"연도 간 측정·분류·표본 차이 가능","columns/001-ball-count/analysis/runs/bcap_swing_r_history__mlb_2019__20260928__r01/artifacts/year_values.csv","columns/001-ball-count/analysis/runs/bcap_swing_r_history__mlb_2019__20260928__r01/manifest.json","자료 부족"
"region_pitch","3-1","INSIDE","NFB",349,324,0.928366762177651,298,324,212,211,0.286532951289398,0.302469135802469,0.713467048710602,0.697530864197531,0.537058641975309,"Take","Swing_including_bunts",226,199.942983864547,212,0.0175798860765896,98,64.4359472049205,97,0.0574873272088509,NA,NA,NA,NA,NA,NA,NA,NA,NA,NA,"Take","","비교 자료 부족",TRUE,FALSE,NA,"W per selected current decision; not PA sum",2019,"swing","BCAP-SWING-v0.2.0","EXPERIMENTAL","bcap_swing_r_history__mlb_2019__20260928__r01",255,"해당 연도 안에서 별도 적합",2019-03-20,2019-09-29,"연도 간 측정·분류·표본 차이 가능","columns/001-ball-count/analysis/runs/bcap_swing_r_history__mlb_2019__20260928__r01/artifacts/year_values.csv","columns/001-ball-count/analysis/runs/bcap_swing_r_history__mlb_2019__20260928__r01/manifest.json","자료 부족"
"region_pitch","3-1","OUTSIDE","NFB",804,769,0.956467661691542,649,769,343,324,0.343283582089552,0.35630689206762,0.656716417910448,0.64369310793238,0.538088426527958,"Take","Swing_including_bunts",495,433.998995843995,447,0.00614641647015049,274,178.859903320186,253,0.022516003479136,NA,NA,NA,NA,NA,NA,NA,NA,NA,NA,"Take","","비교 자료 부족",TRUE,FALSE,NA,"W per selected current decision; not PA sum",2019,"swing","BCAP-SWING-v0.2.0","EXPERIMENTAL","bcap_swing_r_history__mlb_2019__20260928__r01",255,"해당 연도 안에서 별도 적합",2019-03-20,2019-09-29,"연도 간 측정·분류·표본 차이 가능","columns/001-ball-count/analysis/runs/bcap_swing_r_history__mlb_2019__20260928__r01/artifacts/year_values.csv","columns/001-ball-count/analysis/runs/bcap_swing_r_history__mlb_2019__20260928__r01/manifest.json","자료 부족"
"region_pitch","3-2","HIGH","NFB",805,787,0.977639751552795,655,783,365,357,0.28695652173913,0.293519695044473,0.71304347826087,0.706480304955527,0.520382465057179,"Take","Swing_including_bunts",556,322.179925170488,487,0.0135245571243698,231,197.013491306624,213,0.0202745538901176,NA,NA,NA,NA,NA,NA,NA,NA,NA,NA,"Take","","비교 자료 부족",TRUE,FALSE,NA,"W per selected current decision; not PA sum",2019,"swing","BCAP-SWING-v0.2.0","EXPERIMENTAL","bcap_swing_r_history__mlb_2019__20260928__r01",255,"해당 연도 안에서 별도 적합",2019-03-20,2019-09-29,"연도 간 측정·분류·표본 차이 가능","columns/001-ball-count/analysis/runs/bcap_swing_r_history__mlb_2019__20260928__r01/artifacts/year_values.csv","columns/001-ball-count/analysis/runs/bcap_swing_r_history__mlb_2019__20260928__r01/manifest.json","자료 부족"
"region","2-0","HIGH","ALL",962,779,0.80977130977131,517,779,397,337,0.156964656964657,0.188703465982028,0.843035343035343,0.811296534017972,0.490006418485238,"Take","Swing_including_bunts",632,608.699941997714,445,0.0101404290231783,147,118.735075944154,135,0.0277719243757575,NA,NA,NA,NA,NA,NA,NA,NA,NA,NA,"Take","","비교 자료 부족",TRUE,FALSE,NA,"W per selected current decision; not PA sum",2020,"swing","BCAP-SWING-v0.2.0","EXPERIMENTAL","bcap_swing_r_history__mlb_2020__20260928__r01",255,"해당 연도 안에서 별도 적합",2020-07-23,2020-09-27,"연도 간 측정·분류·표본 차이 가능","columns/001-ball-count/analysis/runs/bcap_swing_r_history__mlb_2020__20260928__r01/artifacts/year_values.csv","columns/001-ball-count/analysis/runs/bcap_swing_r_history__mlb_2020__20260928__r01/manifest.json","자료 부족"
"region","3-0","HIGH","ALL",361,212,0.587257617728532,183,212,167,160,0.0304709141274238,0.0471698113207547,0.969529085872576,0.952830188679245,0.624933962264151,"Take","Swing_including_bunts",202,201.484519235046,174,0.0149648476137603,10,8.54367556800995,10,0.181034811719761,NA,NA,NA,NA,NA,NA,NA,NA,NA,NA,"Take","","비교 자료 부족",TRUE,FALSE,NA,"W per selected current decision; not PA sum",2020,"swing","BCAP-SWING-v0.2.0","EXPERIMENTAL","bcap_swing_r_history__mlb_2020__20260928__r01",255,"해당 연도 안에서 별도 적합",2020-07-23,2020-09-27,"연도 간 측정·분류·표본 차이 가능","columns/001-ball-count/analysis/runs/bcap_swing_r_history__mlb_2020__20260928__r01/artifacts/year_values.csv","columns/001-ball-count/analysis/runs/bcap_swing_r_history__mlb_2020__20260928__r01/manifest.json","자료 부족"
"region","3-0","INSIDE","ALL",319,219,0.686520376175549,190,219,174,161,0.0721003134796238,0.0958904109589041,0.927899686520376,0.904109589041096,0.629424657534247,"Take","Swing_including_bunts",198,197.572653956681,175,0.015574295098725,21,17.5984779074824,20,0.107741552016932,NA,NA,NA,NA,NA,NA,NA,NA,NA,NA,"Take","","비교 자료 부족",TRUE,FALSE,NA,"W per selected current decision; not PA sum",2020,"swing","BCAP-SWING-v0.2.0","EXPERIMENTAL","bcap_swing_r_history__mlb_2020__20260928__r01",255,"해당 연도 안에서 별도 적합",2020-07-23,2020-09-27,"연도 간 측정·분류·표본 차이 가능","columns/001-ball-count/analysis/runs/bcap_swing_r_history__mlb_2020__20260928__r01/artifacts/year_values.csv","columns/001-ball-count/analysis/runs/bcap_swing_r_history__mlb_2020__20260928__r01/manifest.json","자료 부족"
"region","3-0","LOW","ALL",383,294,0.767624020887728,245,294,220,202,0.0417754569190601,0.054421768707483,0.95822454308094,0.945578231292517,0.65043537414966,"Take","Swing_including_bunts",278,277.067454136373,231,0.0137659156264174,16,12.5254021577485,16,0.149921903899031,NA,NA,NA,NA,NA,NA,NA,NA,NA,NA,"Take","","비교 자료 부족",TRUE,FALSE,NA,"W per selected current decision; not PA sum",2020,"swing","BCAP-SWING-v0.2.0","EXPERIMENTAL","bcap_swing_r_history__mlb_2020__20260928__r01",255,"해당 연도 안에서 별도 적합",2020-07-23,2020-09-27,"연도 간 측정·분류·표본 차이 가능","columns/001-ball-count/analysis/runs/bcap_swing_r_history__mlb_2020__20260928__r01/artifacts/year_values.csv","columns/001-ball-count/analysis/runs/bcap_swing_r_history__mlb_2020__20260928__r01/manifest.json","자료 부족"
"region","3-0","OUTSIDE","ALL",614,452,0.736156351791531,356,452,292,259,0.0488599348534202,0.0619469026548673,0.95114006514658,0.938053097345133,0.612298672566372,"Take","Swing_including_bunts",424,422.547067435343,341,0.00969456780758264,28,24.3420799201404,28,0.0734017300603155,NA,NA,NA,NA,NA,NA,NA,NA,NA,NA,"Take","","비교 자료 부족",TRUE,FALSE,NA,"W per selected current decision; not PA sum",2020,"swing","BCAP-SWING-v0.2.0","EXPERIMENTAL","bcap_swing_r_history__mlb_2020__20260928__r01",255,"해당 연도 안에서 별도 적합",2020-07-23,2020-09-27,"연도 간 측정·분류·표본 차이 가능","columns/001-ball-count/analysis/runs/bcap_swing_r_history__mlb_2020__20260928__r01/artifacts/year_values.csv","columns/001-ball-count/analysis/runs/bcap_swing_r_history__mlb_2020__20260928__r01/manifest.json","자료 부족"
"region","3-1","HIGH","ALL",660,601,0.910606060606061,435,601,343,301,0.236363636363636,0.256239600665557,0.763636363636364,0.743760399334443,0.596747088186356,"Take","Swing_including_bunts",447,407.51376073846,340,0.0093306033140288,154,96.4981621853799,138,0.0315445681421772,NA,NA,NA,NA,NA,NA,NA,NA,NA,NA,"Take","","비교 자료 부족",TRUE,FALSE,NA,"W per selected current decision; not PA sum",2020,"swing","BCAP-SWING-v0.2.0","EXPERIMENTAL","bcap_swing_r_history__mlb_2020__20260928__r01",255,"해당 연도 안에서 별도 적합",2020-07-23,2020-09-27,"연도 간 측정·분류·표본 차이 가능","columns/001-ball-count/analysis/runs/bcap_swing_r_history__mlb_2020__20260928__r01/artifacts/year_values.csv","columns/001-ball-count/analysis/runs/bcap_swing_r_history__mlb_2020__20260928__r01/manifest.json","자료 부족"
"region","3-1","INSIDE","ALL",748,709,0.947860962566845,481,709,385,316,0.374331550802139,0.386459802538787,0.625668449197861,0.613540197461213,0.543942172073343,"Take","Swing_including_bunts",435,393.85290901285,343,0.00964892461434861,274,185.298375857308,229,0.0192204293459823,NA,NA,NA,NA,NA,NA,NA,NA,NA,NA,"Take","","비교 자료 부족",TRUE,FALSE,NA,"W per selected current decision; not PA sum",2020,"swing","BCAP-SWING-v0.2.0","EXPERIMENTAL","bcap_swing_r_history__mlb_2020__20260928__r01",255,"해당 연도 안에서 별도 적합",2020-07-23,2020-09-27,"연도 간 측정·분류·표본 차이 가능","columns/001-ball-count/analysis/runs/bcap_swing_r_history__mlb_2020__20260928__r01/artifacts/year_values.csv","columns/001-ball-count/analysis/runs/bcap_swing_r_history__mlb_2020__20260928__r01/manifest.json","자료 부족"
"region_pitch","0-0","HIGH","NFB",2139,1598,0.747078073866293,702,1598,486,424,0.0359981299672744,0.0475594493116396,0.964001870032726,0.95244055068836,0.327851063829787,"Take","Swing_including_bunts",1522,1501.59695587491,689,0.00614896600594072,76,51.4463762702787,71,0.0507859390334953,NA,NA,NA,NA,NA,NA,NA,NA,NA,NA,"Take","","비교 자료 부족",TRUE,FALSE,NA,"W per selected current decision; not PA sum",2020,"swing","BCAP-SWING-v0.2.0","EXPERIMENTAL","bcap_swing_r_history__mlb_2020__20260928__r01",255,"해당 연도 안에서 별도 적합",2020-07-23,2020-09-27,"연도 간 측정·분류·표본 차이 가능","columns/001-ball-count/analysis/runs/bcap_swing_r_history__mlb_2020__20260928__r01/artifacts/year_values.csv","columns/001-ball-count/analysis/runs/bcap_swing_r_history__mlb_2020__20260928__r01/manifest.json","자료 부족"
"region_pitch","0-1","HIGH","NFB",663,582,0.877828054298643,396,582,286,292,0.111613876319759,0.123711340206186,0.888386123680241,0.876288659793815,0.287445017182131,"Take","Swing_including_bunts",510,421.869158825586,363,0.00989365766698224,72,42.9904943604958,64,0.0825954427641104,NA,NA,NA,NA,NA,NA,NA,NA,NA,NA,"Take","","비교 자료 부족",TRUE,FALSE,NA,"W per selected current decision; not PA sum",2020,"swing","BCAP-SWING-v0.2.0","EXPERIMENTAL","bcap_swing_r_history__mlb_2020__20260928__r01",255,"해당 연도 안에서 별도 적합",2020-07-23,2020-09-27,"연도 간 측정·분류·표본 차이 가능","columns/001-ball-count/analysis/runs/bcap_swing_r_history__mlb_2020__20260928__r01/artifacts/year_values.csv","columns/001-ball-count/analysis/runs/bcap_swing_r_history__mlb_2020__20260928__r01/manifest.json","자료 부족"
"region_pitch","0-2","CENTER","NFB",1777,1623,0.913337084974676,712,1559,491,425,0.91221159257175,0.911275415896488,0.0877884074282499,0.088724584103512,0.212124460874923,"Take","Swing_including_bunts",144,125.98379241248,134,0.0222867487177226,1479,1475.68061350103,687,0.00540476137646903,NA,NA,NA,NA,NA,NA,NA,NA,NA,NA,"Swing_including_bunts","","비교 자료 부족",TRUE,FALSE,NA,"W per selected current decision; not PA sum",2020,"swing","BCAP-SWING-v0.2.0","EXPERIMENTAL","bcap_swing_r_history__mlb_2020__20260928__r01",255,"해당 연도 안에서 별도 적합",2020-07-23,2020-09-27,"연도 간 측정·분류·표본 차이 가능","columns/001-ball-count/analysis/runs/bcap_swing_r_history__mlb_2020__20260928__r01/artifacts/year_values.csv","columns/001-ball-count/analysis/runs/bcap_swing_r_history__mlb_2020__20260928__r01/manifest.json","자료 부족"
"region_pitch","0-2","HIGH","NFB",252,232,0.920634920634921,210,230,161,166,0.222222222222222,0.228448275862069,0.777777777777778,0.771551724137931,0.204491379310345,"Take","Swing_including_bunts",179,116.371085832096,168,0.0226218909534301,53,46.2745293336308,52,0.0477912973361477,NA,NA,NA,NA,NA,NA,NA,NA,NA,NA,"Swing_including_bunts","","비교 자료 부족",FALSE,FALSE,NA,"W per selected current decision; not PA sum",2020,"swing","BCAP-SWING-v0.2.0","EXPERIMENTAL","bcap_swing_r_history__mlb_2020__20260928__r01",255,"해당 연도 안에서 별도 적합",2020-07-23,2020-09-27,"연도 간 측정·분류·표본 차이 가능","columns/001-ball-count/analysis/runs/bcap_swing_r_history__mlb_2020__20260928__r01/artifacts/year_values.csv","columns/001-ball-count/analysis/runs/bcap_swing_r_history__mlb_2020__20260928__r01/manifest.json","자료 부족"
"region_pitch","0-2","LOW","FB",758,681,0.898416886543536,464,674,304,330,0.192612137203166,0.209985315712188,0.807387862796834,0.790014684287812,0.228045521292217,"Take","Swing_including_bunts",538,376.620056840342,392,0.0122688259243007,143,97.7181435289145,128,0.027294947452141,NA,NA,NA,NA,NA,NA,NA,NA,NA,NA,"Take","","비교 자료 부족",TRUE,FALSE,NA,"W per selected current decision; not PA sum",2020,"swing","BCAP-SWING-v0.2.0","EXPERIMENTAL","bcap_swing_r_history__mlb_2020__20260928__r01",255,"해당 연도 안에서 별도 적합",2020-07-23,2020-09-27,"연도 간 측정·분류·표본 차이 가능","columns/001-ball-count/analysis/runs/bcap_swing_r_history__mlb_2020__20260928__r01/artifacts/year_values.csv","columns/001-ball-count/analysis/runs/bcap_swing_r_history__mlb_2020__20260928__r01/manifest.json","자료 부족"
"region_pitch","1-0","HIGH","NFB",677,552,0.815361890694239,389,552,300,288,0.0487444608567208,0.0579710144927536,0.951255539143279,0.942028985507246,0.401240942028986,"Take","Swing_including_bunts",520,499.795241867311,372,0.0122326665796775,32,26.1661291996975,31,0.0951006604961787,NA,NA,NA,NA,NA,NA,NA,NA,NA,NA,"Take","","비교 자료 부족",TRUE,FALSE,NA,"W per selected current decision; not PA sum",2020,"swing","BCAP-SWING-v0.2.0","EXPERIMENTAL","bcap_swing_r_history__mlb_2020__20260928__r01",255,"해당 연도 안에서 별도 적합",2020-07-23,2020-09-27,"연도 간 측정·분류·표본 차이 가능","columns/001-ball-count/analysis/runs/bcap_swing_r_history__mlb_2020__20260928__r01/artifacts/year_values.csv","columns/001-ball-count/analysis/runs/bcap_swing_r_history__mlb_2020__20260928__r01/manifest.json","자료 부족"
"region_pitch","1-0","INSIDE","NFB",1247,1041,0.834803528468324,587,1041,427,379,0.226142742582197,0.261287223823247,0.773857257417803,0.738712776176753,0.35868972142171,"Take","Swing_including_bunts",769,733.469357778535,505,0.00806621360499779,272,183.001956192373,218,0.023563666520858,NA,NA,NA,NA,NA,NA,NA,NA,NA,NA,"Take","","비교 자료 부족",TRUE,FALSE,NA,"W per selected current decision; not PA sum",2020,"swing","BCAP-SWING-v0.2.0","EXPERIMENTAL","bcap_swing_r_history__mlb_2020__20260928__r01",255,"해당 연도 안에서 별도 적합",2020-07-23,2020-09-27,"연도 간 측정·분류·표본 차이 가능","columns/001-ball-count/analysis/runs/bcap_swing_r_history__mlb_2020__20260928__r01/artifacts/year_values.csv","columns/001-ball-count/analysis/runs/bcap_swing_r_history__mlb_2020__20260928__r01/manifest.json","자료 부족"
"region_pitch","1-1","HIGH","NFB",681,611,0.897209985315712,423,611,316,302,0.127753303964758,0.142389525368249,0.872246696035242,0.857610474631751,0.347911620294599,"Take","Swing_including_bunts",524,399.932124121607,374,0.0114426871030729,87,53.8910015499824,83,0.0638786513930529,NA,NA,NA,NA,NA,NA,NA,NA,NA,NA,"Take","","비교 자료 부족",TRUE,FALSE,NA,"W per selected current decision; not PA sum",2020,"swing","BCAP-SWING-v0.2.0","EXPERIMENTAL","bcap_swing_r_history__mlb_2020__20260928__r01",255,"해당 연도 안에서 별도 적합",2020-07-23,2020-09-27,"연도 간 측정·분류·표본 차이 가능","columns/001-ball-count/analysis/runs/bcap_swing_r_history__mlb_2020__20260928__r01/artifacts/year_values.csv","columns/001-ball-count/analysis/runs/bcap_swing_r_history__mlb_2020__20260928__r01/manifest.json","자료 부족"
"region_pitch","1-2","HIGH","NFB",444,418,0.941441441441441,306,413,246,254,0.272522522522523,0.282296650717703,0.727477477477478,0.717703349282297,0.236935406698565,"Take","Swing_including_bunts",300,186.671934159919,237,0.0230607779100276,118,82.4087311894893,108,0.0445114670976045,NA,NA,NA,NA,NA,NA,NA,NA,NA,NA,"Take","","비교 자료 부족",TRUE,FALSE,NA,"W per selected current decision; not PA sum",2020,"swing","BCAP-SWING-v0.2.0","EXPERIMENTAL","bcap_swing_r_history__mlb_2020__20260928__r01",255,"해당 연도 안에서 별도 적합",2020-07-23,2020-09-27,"연도 간 측정·분류·표본 차이 가능","columns/001-ball-count/analysis/runs/bcap_swing_r_history__mlb_2020__20260928__r01/artifacts/year_values.csv","columns/001-ball-count/analysis/runs/bcap_swing_r_history__mlb_2020__20260928__r01/manifest.json","자료 부족"
"region_pitch","2-0","HIGH","FB",807,647,0.801734820322181,458,647,363,318,0.177199504337051,0.216383307573416,0.822800495662949,0.783616692426584,0.482336939721793,"Take","Swing_including_bunts",507,488.280384994699,382,0.0127474625652132,140,112.532990341135,129,0.0289520979844384,NA,NA,NA,NA,NA,NA,NA,NA,NA,NA,"Take","","비교 자료 부족",TRUE,FALSE,NA,"W per selected current decision; not PA sum",2020,"swing","BCAP-SWING-v0.2.0","EXPERIMENTAL","bcap_swing_r_history__mlb_2020__20260928__r01",255,"해당 연도 안에서 별도 적합",2020-07-23,2020-09-27,"연도 간 측정·분류·표본 차이 가능","columns/001-ball-count/analysis/runs/bcap_swing_r_history__mlb_2020__20260928__r01/artifacts/year_values.csv","columns/001-ball-count/analysis/runs/bcap_swing_r_history__mlb_2020__20260928__r01/manifest.json","자료 부족"
"region_pitch","2-0","HIGH","NFB",155,132,0.851612903225806,122,132,106,108,0.0516129032258065,0.053030303030303,0.948387096774194,0.946969696969697,0.527598484848485,"Take","Swing_including_bunts",125,120.580077601687,116,0.0166229711001089,7,6.76761781788762,7,0.182180052874813,NA,NA,NA,NA,NA,NA,NA,NA,NA,NA,"Take","","비교 자료 부족",TRUE,FALSE,NA,"W per selected current decision; not PA sum",2020,"swing","BCAP-SWING-v0.2.0","EXPERIMENTAL","bcap_swing_r_history__mlb_2020__20260928__r01",255,"해당 연도 안에서 별도 적합",2020-07-23,2020-09-27,"연도 간 측정·분류·표본 차이 가능","columns/001-ball-count/analysis/runs/bcap_swing_r_history__mlb_2020__20260928__r01/artifacts/year_values.csv","columns/001-ball-count/analysis/runs/bcap_swing_r_history__mlb_2020__20260928__r01/manifest.json","자료 부족"
"region_pitch","2-0","INSIDE","FB",863,748,0.866743916570104,509,748,372,334,0.309385863267671,0.346256684491979,0.690614136732329,0.653743315508021,0.451937165775401,"Take","Swing_including_bunts",489,469.279574167819,381,0.0101777480609986,259,193.999564252541,223,0.0198552392259934,NA,NA,NA,NA,NA,NA,NA,NA,NA,NA,"Take","","비교 자료 부족",TRUE,FALSE,NA,"W per selected current decision; not PA sum",2020,"swing","BCAP-SWING-v0.2.0","EXPERIMENTAL","bcap_swing_r_history__mlb_2020__20260928__r01",255,"해당 연도 안에서 별도 적합",2020-07-23,2020-09-27,"연도 간 측정·분류·표본 차이 가능","columns/001-ball-count/analysis/runs/bcap_swing_r_history__mlb_2020__20260928__r01/artifacts/year_values.csv","columns/001-ball-count/analysis/runs/bcap_swing_r_history__mlb_2020__20260928__r01/manifest.json","자료 부족"
"region_pitch","2-0","INSIDE","NFB",280,249,0.889285714285714,217,249,180,161,0.189285714285714,0.204819277108434,0.810714285714286,0.795180722891566,0.52844578313253,"Take","Swing_including_bunts",198,190.722504950013,176,0.0161182290832781,51,38.635454497754,48,0.0516712884817055,NA,NA,NA,NA,NA,NA,NA,NA,NA,NA,"Take","","비교 자료 부족",TRUE,FALSE,NA,"W per selected current decision; not PA sum",2020,"swing","BCAP-SWING-v0.2.0","EXPERIMENTAL","bcap_swing_r_history__mlb_2020__20260928__r01",255,"해당 연도 안에서 별도 적합",2020-07-23,2020-09-27,"연도 간 측정·분류·표본 차이 가능","columns/001-ball-count/analysis/runs/bcap_swing_r_history__mlb_2020__20260928__r01/artifacts/year_values.csv","columns/001-ball-count/analysis/runs/bcap_swing_r_history__mlb_2020__20260928__r01/manifest.json","자료 부족"
"region_pitch","2-0","LOW","FB",927,807,0.870550161812298,530,807,394,350,0.176914778856526,0.198265179677819,0.823085221143474,0.801734820322181,0.479615861214374,"Take","Swing_including_bunts",647,615.560995161827,453,0.00817841445880366,160,115.452792021524,147,0.0358838343549333,NA,NA,NA,NA,NA,NA,NA,NA,NA,NA,"Take","","비교 자료 부족",TRUE,FALSE,NA,"W per selected current decision; not PA sum",2020,"swing","BCAP-SWING-v0.2.0","EXPERIMENTAL","bcap_swing_r_history__mlb_2020__20260928__r01",255,"해당 연도 안에서 별도 적합",2020-07-23,2020-09-27,"연도 간 측정·분류·표본 차이 가능","columns/001-ball-count/analysis/runs/bcap_swing_r_history__mlb_2020__20260928__r01/artifacts/year_values.csv","columns/001-ball-count/analysis/runs/bcap_swing_r_history__mlb_2020__20260928__r01/manifest.json","자료 부족"
"region_pitch","2-0","LOW","NFB",734,679,0.925068119891008,462,679,315,313,0.305177111716621,0.322533136966127,0.694822888283379,0.677466863033873,0.475783505154639,"Take","Swing_including_bunts",460,445.994143527871,352,0.00721363315236226,219,151.263133461481,195,0.0212951297316298,NA,NA,NA,NA,NA,NA,NA,NA,NA,NA,"Take","","비교 자료 부족",TRUE,FALSE,NA,"W per selected current decision; not PA sum",2020,"swing","BCAP-SWING-v0.2.0","EXPERIMENTAL","bcap_swing_r_history__mlb_2020__20260928__r01",255,"해당 연도 안에서 별도 적합",2020-07-23,2020-09-27,"연도 간 측정·분류·표본 차이 가능","columns/001-ball-count/analysis/runs/bcap_swing_r_history__mlb_2020__20260928__r01/artifacts/year_values.csv","columns/001-ball-count/analysis/runs/bcap_swing_r_history__mlb_2020__20260928__r01/manifest.json","자료 부족"
"region_pitch","2-0","OUTSIDE","FB",1540,1344,0.872727272727273,669,1344,501,406,0.170779220779221,0.191220238095238,0.829220779220779,0.808779761904762,0.481033482142857,"Take","Swing_including_bunts",1087,1037.44234201412,604,0.00548577643832528,257,192.048749939805,227,0.0216454832752405,NA,NA,NA,NA,NA,NA,NA,NA,NA,NA,"Take","","비교 자료 부족",TRUE,FALSE,NA,"W per selected current decision; not PA sum",2020,"swing","BCAP-SWING-v0.2.0","EXPERIMENTAL","bcap_swing_r_history__mlb_2020__20260928__r01",255,"해당 연도 안에서 별도 적합",2020-07-23,2020-09-27,"연도 간 측정·분류·표본 차이 가능","columns/001-ball-count/analysis/runs/bcap_swing_r_history__mlb_2020__20260928__r01/artifacts/year_values.csv","columns/001-ball-count/analysis/runs/bcap_swing_r_history__mlb_2020__20260928__r01/manifest.json","자료 부족"
"region_pitch","2-0","OUTSIDE","NFB",571,518,0.907180385288967,390,518,293,274,0.217162872154116,0.22972972972973,0.782837127845884,0.77027027027027,0.50549806949807,"Take","Swing_including_bunts",399,388.03481311519,313,0.00956780467255405,119,74.8114315076792,113,0.0393731299526738,NA,NA,NA,NA,NA,NA,NA,NA,NA,NA,"Take","","비교 자료 부족",TRUE,FALSE,NA,"W per selected current decision; not PA sum",2020,"swing","BCAP-SWING-v0.2.0","EXPERIMENTAL","bcap_swing_r_history__mlb_2020__20260928__r01",255,"해당 연도 안에서 별도 적합",2020-07-23,2020-09-27,"연도 간 측정·분류·표본 차이 가능","columns/001-ball-count/analysis/runs/bcap_swing_r_history__mlb_2020__20260928__r01/artifacts/year_values.csv","columns/001-ball-count/analysis/runs/bcap_swing_r_history__mlb_2020__20260928__r01/manifest.json","자료 부족"
"region_pitch","2-1","HIGH","FB",1087,1004,0.923643054277829,575,1004,429,366,0.31278748850046,0.333665338645418,0.68721251149954,0.666334661354582,0.410764940239044,"Take","Swing_including_bunts",669,556.094193798934,453,0.0110244514799402,335,199.912372500788,268,0.0224689571364877,NA,NA,NA,NA,NA,NA,NA,NA,NA,NA,"Take","","비교 자료 부족",TRUE,FALSE,NA,"W per selected current decision; not PA sum",2020,"swing","BCAP-SWING-v0.2.0","EXPERIMENTAL","bcap_swing_r_history__mlb_2020__20260928__r01",255,"해당 연도 안에서 별도 적합",2020-07-23,2020-09-27,"연도 간 측정·분류·표본 차이 가능","columns/001-ball-count/analysis/runs/bcap_swing_r_history__mlb_2020__20260928__r01/artifacts/year_values.csv","columns/001-ball-count/analysis/runs/bcap_swing_r_history__mlb_2020__20260928__r01/manifest.json","자료 부족"
"region_pitch","2-1","HIGH","NFB",312,280,0.897435897435897,228,280,185,190,0.121794871794872,0.135714285714286,0.878205128205128,0.864285714285714,0.431453571428571,"Take","Swing_including_bunts",242,199.836481883472,208,0.017234238087915,38,30.2335902203548,35,0.0701694021883939,NA,NA,NA,NA,NA,NA,NA,NA,NA,NA,"Take","","비교 자료 부족",TRUE,FALSE,NA,"W per selected current decision; not PA sum",2020,"swing","BCAP-SWING-v0.2.0","EXPERIMENTAL","bcap_swing_r_history__mlb_2020__20260928__r01",255,"해당 연도 안에서 별도 적합",2020-07-23,2020-09-27,"연도 간 측정·분류·표본 차이 가능","columns/001-ball-count/analysis/runs/bcap_swing_r_history__mlb_2020__20260928__r01/artifacts/year_values.csv","columns/001-ball-count/analysis/runs/bcap_swing_r_history__mlb_2020__20260928__r01/manifest.json","자료 부족"
"region_pitch","2-1","INSIDE","NFB",758,700,0.923482849604222,481,700,337,318,0.308707124010554,0.322857142857143,0.691292875989446,0.677142857142857,0.409158571428571,"Take","Swing_including_bunts",474,401.274928178921,381,0.0103309729486792,226,149.587120677008,200,0.0280852007566082,NA,NA,NA,NA,NA,NA,NA,NA,NA,NA,"Take","","비교 자료 부족",TRUE,FALSE,NA,"W per selected current decision; not PA sum",2020,"swing","BCAP-SWING-v0.2.0","EXPERIMENTAL","bcap_swing_r_history__mlb_2020__20260928__r01",255,"해당 연도 안에서 별도 적합",2020-07-23,2020-09-27,"연도 간 측정·분류·표본 차이 가능","columns/001-ball-count/analysis/runs/bcap_swing_r_history__mlb_2020__20260928__r01/artifacts/year_values.csv","columns/001-ball-count/analysis/runs/bcap_swing_r_history__mlb_2020__20260928__r01/manifest.json","자료 부족"
"region_pitch","2-1","LOW","FB",1147,1066,0.929380993897123,602,1066,441,377,0.254577157802964,0.270168855534709,0.745422842197036,0.729831144465291,0.393474671669794,"Take","Swing_including_bunts",778,610.809362616574,505,0.00785505759432524,288,185.330742964225,235,0.0190722191882085,NA,NA,NA,NA,NA,NA,NA,NA,NA,NA,"Take","","비교 자료 부족",TRUE,FALSE,NA,"W per selected current decision; not PA sum",2020,"swing","BCAP-SWING-v0.2.0","EXPERIMENTAL","bcap_swing_r_history__mlb_2020__20260928__r01",255,"해당 연도 안에서 별도 적합",2020-07-23,2020-09-27,"연도 간 측정·분류·표본 차이 가능","columns/001-ball-count/analysis/runs/bcap_swing_r_history__mlb_2020__20260928__r01/artifacts/year_values.csv","columns/001-ball-count/analysis/runs/bcap_swing_r_history__mlb_2020__20260928__r01/manifest.json","자료 부족"
"region_pitch","2-2","CENTER","NFB",3320,2926,0.881325301204819,841,2749,593,454,0.929216867469879,0.927546138072454,0.0707831325301205,0.0724538619275461,0.259228639781271,"Take","Swing_including_bunts",212,192.8900598382,187,0.0136613057566743,2714,2709.44852193477,827,0.0044576645471416,NA,NA,NA,NA,NA,NA,NA,NA,NA,NA,"Swing_including_bunts","","비교 자료 부족",TRUE,FALSE,NA,"W per selected current decision; not PA sum",2020,"swing","BCAP-SWING-v0.2.0","EXPERIMENTAL","bcap_swing_r_history__mlb_2020__20260928__r01",255,"해당 연도 안에서 별도 적합",2020-07-23,2020-09-27,"연도 간 측정·분류·표본 차이 가능","columns/001-ball-count/analysis/runs/bcap_swing_r_history__mlb_2020__20260928__r01/artifacts/year_values.csv","columns/001-ball-count/analysis/runs/bcap_swing_r_history__mlb_2020__20260928__r01/manifest.json","자료 부족"
"region_pitch","2-2","HIGH","NFB",437,413,0.945080091533181,312,411,249,259,0.224256292906178,0.230024213075061,0.775743707093822,0.76997578692494,0.317532687651332,"Take","Swing_including_bunts",318,175.080225315798,259,0.0286410082486555,95,80.6240558995493,85,0.0458533202196917,NA,NA,NA,NA,NA,NA,NA,NA,NA,NA,"Take","","비교 자료 부족",TRUE,FALSE,NA,"W per selected current decision; not PA sum",2020,"swing","BCAP-SWING-v0.2.0","EXPERIMENTAL","bcap_swing_r_history__mlb_2020__20260928__r01",255,"해당 연도 안에서 별도 적합",2020-07-23,2020-09-27,"연도 간 측정·분류·표본 차이 가능","columns/001-ball-count/analysis/runs/bcap_swing_r_history__mlb_2020__20260928__r01/artifacts/year_values.csv","columns/001-ball-count/analysis/runs/bcap_swing_r_history__mlb_2020__20260928__r01/manifest.json","자료 부족"
"region_pitch","3-0","CENTER","FB",1418,1382,0.974612129760226,695,1382,521,412,0.155148095909732,0.158465991316932,0.844851904090268,0.841534008683068,0.502550651230101,"Take","Swing_including_bunts",1163,1158.69083267497,644,0.00601393275621616,219,198.388696369921,193,0.0156945162317573,NA,NA,NA,NA,NA,NA,NA,NA,NA,NA,"Swing_including_bunts","","비교 자료 부족",FALSE,FALSE,NA,"W per selected current decision; not PA sum",2020,"swing","BCAP-SWING-v0.2.0","EXPERIMENTAL","bcap_swing_r_history__mlb_2020__20260928__r01",255,"해당 연도 안에서 별도 적합",2020-07-23,2020-09-27,"연도 간 측정·분류·표본 차이 가능","columns/001-ball-count/analysis/runs/bcap_swing_r_history__mlb_2020__20260928__r01/artifacts/year_values.csv","columns/001-ball-count/analysis/runs/bcap_swing_r_history__mlb_2020__20260928__r01/manifest.json","자료 부족"
"region_pitch","3-0","CENTER","NFB",62,61,0.983870967741936,55,61,46,57,0.0967741935483871,0.0983606557377049,0.903225806451613,0.901639344262295,0.524426229508197,"Take","Swing_including_bunts",55,54.0930224916056,50,0.0415471535038929,6,5.75696576932057,6,0.212648278698955,NA,NA,NA,NA,NA,NA,NA,NA,NA,NA,"Take","","비교 자료 부족",TRUE,FALSE,NA,"W per selected current decision; not PA sum",2020,"swing","BCAP-SWING-v0.2.0","EXPERIMENTAL","bcap_swing_r_history__mlb_2020__20260928__r01",255,"해당 연도 안에서 별도 적합",2020-07-23,2020-09-27,"연도 간 측정·분류·표본 차이 가능","columns/001-ball-count/analysis/runs/bcap_swing_r_history__mlb_2020__20260928__r01/artifacts/year_values.csv","columns/001-ball-count/analysis/runs/bcap_swing_r_history__mlb_2020__20260928__r01/manifest.json","자료 부족"
"region_pitch","3-0","HIGH","FB",349,204,0.584527220630373,177,204,161,154,0.0315186246418338,0.0490196078431373,0.968481375358166,0.950980392156863,0.628882352941177,"Take","Swing_including_bunts",194,193.510931076522,168,0.015596431841117,10,8.54367556800995,10,0.181034811719761,NA,NA,NA,NA,NA,NA,NA,NA,NA,NA,"Take","","비교 자료 부족",TRUE,FALSE,NA,"W per selected current decision; not PA sum",2020,"swing","BCAP-SWING-v0.2.0","EXPERIMENTAL","bcap_swing_r_history__mlb_2020__20260928__r01",255,"해당 연도 안에서 별도 적합",2020-07-23,2020-09-27,"연도 간 측정·분류·표본 차이 가능","columns/001-ball-count/analysis/runs/bcap_swing_r_history__mlb_2020__20260928__r01/artifacts/year_values.csv","columns/001-ball-count/analysis/runs/bcap_swing_r_history__mlb_2020__20260928__r01/manifest.json","자료 부족"
"region_pitch","3-0","HIGH","NFB",12,8,0.666666666666667,8,8,8,8,0,0,1,1,0.52425,"Take","Swing_including_bunts",8,7.97788699895604,8,0.135301313911419,0,0,0,NA,NA,NA,NA,NA,NA,NA,NA,NA,NA,NA,"Take","","비교 자료 부족",TRUE,FALSE,NA,"W per selected current decision; not PA sum",2020,"swing","BCAP-SWING-v0.2.0","EXPERIMENTAL","bcap_swing_r_history__mlb_2020__20260928__r01",255,"해당 연도 안에서 별도 적합",2020-07-23,2020-09-27,"연도 간 측정·분류·표본 차이 가능","columns/001-ball-count/analysis/runs/bcap_swing_r_history__mlb_2020__20260928__r01/artifacts/year_values.csv","columns/001-ball-count/analysis/runs/bcap_swing_r_history__mlb_2020__20260928__r01/manifest.json","자료 부족"
"region_pitch","3-0","INSIDE","FB",303,207,0.683168316831683,183,207,168,152,0.066006600660066,0.0869565217391304,0.933993399339934,0.91304347826087,0.622468599033816,"Take","Swing_including_bunts",189,188.651078787073,168,0.016357706824368,18,15.2976807031857,18,0.119555171748354,NA,NA,NA,NA,NA,NA,NA,NA,NA,NA,"Take","","비교 자료 부족",TRUE,FALSE,NA,"W per selected current decision; not PA sum",2020,"swing","BCAP-SWING-v0.2.0","EXPERIMENTAL","bcap_swing_r_history__mlb_2020__20260928__r01",255,"해당 연도 안에서 별도 적합",2020-07-23,2020-09-27,"연도 간 측정·분류·표본 차이 가능","columns/001-ball-count/analysis/runs/bcap_swing_r_history__mlb_2020__20260928__r01/artifacts/year_values.csv","columns/001-ball-count/analysis/runs/bcap_swing_r_history__mlb_2020__20260928__r01/manifest.json","자료 부족"
"region_pitch","3-0","INSIDE","NFB",16,12,0.75,12,12,11,12,0.1875,0.25,0.8125,0.75,0.749416666666667,"Take","Swing_including_bunts",9,8.95218649986065,9,0.129206096315243,3,2.61479603881725,3,0.509926339964467,NA,NA,NA,NA,NA,NA,NA,NA,NA,NA,"Swing_including_bunts","","비교 자료 부족",TRUE,FALSE,NA,"W per selected current decision; not PA sum",2020,"swing","BCAP-SWING-v0.2.0","EXPERIMENTAL","bcap_swing_r_history__mlb_2020__20260928__r01",255,"해당 연도 안에서 별도 적합",2020-07-23,2020-09-27,"연도 간 측정·분류·표본 차이 가능","columns/001-ball-count/analysis/runs/bcap_swing_r_history__mlb_2020__20260928__r01/artifacts/year_values.csv","columns/001-ball-count/analysis/runs/bcap_swing_r_history__mlb_2020__20260928__r01/manifest.json","자료 부족"
"region_pitch","3-0","LOW","FB",342,260,0.760233918128655,218,260,197,187,0.0204678362573099,0.0269230769230769,0.97953216374269,0.973076923076923,0.654838461538462,"Take","Swing_including_bunts",253,252.42953995173,211,0.0152220498560361,7,6.07683138683995,7,0.251125924100528,NA,NA,NA,NA,NA,NA,NA,NA,NA,NA,"Take","","비교 자료 부족",TRUE,FALSE,NA,"W per selected current decision; not PA sum",2020,"swing","BCAP-SWING-v0.2.0","EXPERIMENTAL","bcap_swing_r_history__mlb_2020__20260928__r01",255,"해당 연도 안에서 별도 적합",2020-07-23,2020-09-27,"연도 간 측정·분류·표본 차이 가능","columns/001-ball-count/analysis/runs/bcap_swing_r_history__mlb_2020__20260928__r01/artifacts/year_values.csv","columns/001-ball-count/analysis/runs/bcap_swing_r_history__mlb_2020__20260928__r01/manifest.json","자료 부족"
"region_pitch","3-0","LOW","NFB",41,34,0.829268292682927,34,34,32,31,0.219512195121951,0.264705882352941,0.780487804878049,0.735294117647059,0.616764705882353,"Take","Swing_including_bunts",25,24.7727241068804,25,0.047897850935436,9,7.66536208959813,9,0.215987644899882,NA,NA,NA,NA,NA,NA,NA,NA,NA,NA,"Take","","비교 자료 부족",TRUE,FALSE,NA,"W per selected current decision; not PA sum",2020,"swing","BCAP-SWING-v0.2.0","EXPERIMENTAL","bcap_swing_r_history__mlb_2020__20260928__r01",255,"해당 연도 안에서 별도 적합",2020-07-23,2020-09-27,"연도 간 측정·분류·표본 차이 가능","columns/001-ball-count/analysis/runs/bcap_swing_r_history__mlb_2020__20260928__r01/artifacts/year_values.csv","columns/001-ball-count/analysis/runs/bcap_swing_r_history__mlb_2020__20260928__r01/manifest.json","자료 부족"
"region_pitch","3-0","OUTSIDE","FB",574,418,0.72822299651568,331,418,278,248,0.0470383275261324,0.0598086124401914,0.952961672473868,0.940191387559809,0.614399521531101,"Take","Swing_including_bunts",393,391.844465719161,316,0.0104878998918674,25,22.0918377915623,25,0.0784637610891342,NA,NA,NA,NA,NA,NA,NA,NA,NA,NA,"Take","","비교 자료 부족",TRUE,FALSE,NA,"W per selected current decision; not PA sum",2020,"swing","BCAP-SWING-v0.2.0","EXPERIMENTAL","bcap_swing_r_history__mlb_2020__20260928__r01",255,"해당 연도 안에서 별도 적합",2020-07-23,2020-09-27,"연도 간 측정·분류·표본 차이 가능","columns/001-ball-count/analysis/runs/bcap_swing_r_history__mlb_2020__20260928__r01/artifacts/year_values.csv","columns/001-ball-count/analysis/runs/bcap_swing_r_history__mlb_2020__20260928__r01/manifest.json","자료 부족"
"region_pitch","3-0","OUTSIDE","NFB",40,34,0.85,33,34,31,31,0.075,0.0882352941176471,0.925,0.911764705882353,0.586470588235294,"Take","Swing_including_bunts",31,30.7541358692245,30,0.0674170699671945,3,2.83581156670487,3,0.442876816329764,NA,NA,NA,NA,NA,NA,NA,NA,NA,NA,"Take","","비교 자료 부족",TRUE,FALSE,NA,"W per selected current decision; not PA sum",2020,"swing","BCAP-SWING-v0.2.0","EXPERIMENTAL","bcap_swing_r_history__mlb_2020__20260928__r01",255,"해당 연도 안에서 별도 적합",2020-07-23,2020-09-27,"연도 간 측정·분류·표본 차이 가능","columns/001-ball-count/analysis/runs/bcap_swing_r_history__mlb_2020__20260928__r01/artifacts/year_values.csv","columns/001-ball-count/analysis/runs/bcap_swing_r_history__mlb_2020__20260928__r01/manifest.json","자료 부족"
"region_pitch","3-1","CENTER","NFB",586,579,0.988054607508533,410,579,296,281,0.643344709897611,0.640759930915371,0.356655290102389,0.359240069084629,0.422093264248705,"Take","Swing_including_bunts",208,181.105900041243,185,0.0159530496214652,371,361.258669809898,289,0.0122281901296094,NA,NA,NA,NA,NA,NA,NA,NA,NA,NA,"Swing_including_bunts","","비교 자료 부족",TRUE,FALSE,NA,"W per selected current decision; not PA sum",2020,"swing","BCAP-SWING-v0.2.0","EXPERIMENTAL","bcap_swing_r_history__mlb_2020__20260928__r01",255,"해당 연도 안에서 별도 적합",2020-07-23,2020-09-27,"연도 간 측정·분류·표본 차이 가능","columns/001-ball-count/analysis/runs/bcap_swing_r_history__mlb_2020__20260928__r01/artifacts/year_values.csv","columns/001-ball-count/analysis/runs/bcap_swing_r_history__mlb_2020__20260928__r01/manifest.json","자료 부족"
"region_pitch","3-1","HIGH","FB",567,515,0.908289241622575,384,515,310,272,0.268077601410935,0.29126213592233,0.731922398589065,0.70873786407767,0.589458252427184,"Take","Swing_including_bunts",365,332.3151718117,282,0.0106774666523362,150,94.56469557971,134,0.0324871776847259,NA,NA,NA,NA,NA,NA,NA,NA,NA,NA,"Take","","비교 자료 부족",TRUE,FALSE,NA,"W per selected current decision; not PA sum",2020,"swing","BCAP-SWING-v0.2.0","EXPERIMENTAL","bcap_swing_r_history__mlb_2020__20260928__r01",255,"해당 연도 안에서 별도 적합",2020-07-23,2020-09-27,"연도 간 측정·분류·표본 차이 가능","columns/001-ball-count/analysis/runs/bcap_swing_r_history__mlb_2020__20260928__r01/artifacts/year_values.csv","columns/001-ball-count/analysis/runs/bcap_swing_r_history__mlb_2020__20260928__r01/manifest.json","자료 부족"
"region_pitch","3-1","HIGH","NFB",93,86,0.924731182795699,83,86,77,76,0.0430107526881721,0.0465116279069768,0.956989247311828,0.953488372093023,0.640395348837209,"Take","Swing_including_bunts",82,75.8630078211783,79,0.0265550191264874,4,2.14285463378624,4,0.652870254295293,NA,NA,NA,NA,NA,NA,NA,NA,NA,NA,"Take","","비교 자료 부족",TRUE,FALSE,NA,"W per selected current decision; not PA sum",2020,"swing","BCAP-SWING-v0.2.0","EXPERIMENTAL","bcap_swing_r_history__mlb_2020__20260928__r01",255,"해당 연도 안에서 별도 적합",2020-07-23,2020-09-27,"연도 간 측정·분류·표본 차이 가능","columns/001-ball-count/analysis/runs/bcap_swing_r_history__mlb_2020__20260928__r01/artifacts/year_values.csv","columns/001-ball-count/analysis/runs/bcap_swing_r_history__mlb_2020__20260928__r01/manifest.json","자료 부족"
"region_pitch","3-1","INSIDE","FB",603,575,0.953565505804312,410,575,336,286,0.384742951907131,0.398260869565217,0.615257048092869,0.601739130434783,0.546765217391304,"Take","Swing_including_bunts",346,310.554498952697,282,0.0121840248986535,229,150.634338915359,193,0.0228845515920965,NA,NA,NA,NA,NA,NA,NA,NA,NA,NA,"Take","","비교 자료 부족",TRUE,FALSE,NA,"W per selected current decision; not PA sum",2020,"swing","BCAP-SWING-v0.2.0","EXPERIMENTAL","bcap_swing_r_history__mlb_2020__20260928__r01",255,"해당 연도 안에서 별도 적합",2020-07-23,2020-09-27,"연도 간 측정·분류·표본 차이 가능","columns/001-ball-count/analysis/runs/bcap_swing_r_history__mlb_2020__20260928__r01/artifacts/year_values.csv","columns/001-ball-count/analysis/runs/bcap_swing_r_history__mlb_2020__20260928__r01/manifest.json","자료 부족"
"region_pitch","3-1","INSIDE","NFB",145,134,0.924137931034483,124,134,110,113,0.331034482758621,0.335820895522388,0.668965517241379,0.664179104477612,0.531828358208955,"Take","Swing_including_bunts",89,83.3271065738953,86,0.0283007585633073,45,35.9165009747015,43,0.0573274776686594,NA,NA,NA,NA,NA,NA,NA,NA,NA,NA,"Take","","비교 자료 부족",TRUE,FALSE,NA,"W per selected current decision; not PA sum",2020,"swing","BCAP-SWING-v0.2.0","EXPERIMENTAL","bcap_swing_r_history__mlb_2020__20260928__r01",255,"해당 연도 안에서 별도 적합",2020-07-23,2020-09-27,"연도 간 측정·분류·표본 차이 가능","columns/001-ball-count/analysis/runs/bcap_swing_r_history__mlb_2020__20260928__r01/artifacts/year_values.csv","columns/001-ball-count/analysis/runs/bcap_swing_r_history__mlb_2020__20260928__r01/manifest.json","자료 부족"
"region_pitch","3-1","LOW","FB",659,612,0.928679817905918,421,612,359,296,0.229135053110774,0.241830065359477,0.770864946889226,0.758169934640523,0.57634477124183,"Take","Swing_including_bunts",464,409.454262400401,351,0.0115235188204628,148,108.901317820607,137,0.0333500550844826,NA,NA,NA,NA,NA,NA,NA,NA,NA,NA,"Take","","비교 자료 부족",TRUE,FALSE,NA,"W per selected current decision; not PA sum",2020,"swing","BCAP-SWING-v0.2.0","EXPERIMENTAL","bcap_swing_r_history__mlb_2020__20260928__r01",255,"해당 연도 안에서 별도 적합",2020-07-23,2020-09-27,"연도 간 측정·분류·표본 차이 가능","columns/001-ball-count/analysis/runs/bcap_swing_r_history__mlb_2020__20260928__r01/artifacts/year_values.csv","columns/001-ball-count/analysis/runs/bcap_swing_r_history__mlb_2020__20260928__r01/manifest.json","자료 부족"
"region_pitch","3-1","LOW","NFB",394,371,0.941624365482233,302,371,233,225,0.373096446700508,0.390835579514825,0.626903553299492,0.609164420485175,0.547188679245283,"Take","Swing_including_bunts",226,208.802870575173,196,0.0140264279361724,145,102.629261850618,134,0.0290448729918274,NA,NA,NA,NA,NA,NA,NA,NA,NA,NA,"Take","","비교 자료 부족",TRUE,FALSE,NA,"W per selected current decision; not PA sum",2020,"swing","BCAP-SWING-v0.2.0","EXPERIMENTAL","bcap_swing_r_history__mlb_2020__20260928__r01",255,"해당 연도 안에서 별도 적합",2020-07-23,2020-09-27,"연도 간 측정·분류·표본 차이 가능","columns/001-ball-count/analysis/runs/bcap_swing_r_history__mlb_2020__20260928__r01/artifacts/year_values.csv","columns/001-ball-count/analysis/runs/bcap_swing_r_history__mlb_2020__20260928__r01/manifest.json","자료 부족"
"region_pitch","3-1","OUTSIDE","NFB",327,307,0.938837920489297,254,307,211,190,0.287461773700306,0.299674267100977,0.712538226299694,0.700325732899023,0.549941368078176,"Take","Swing_including_bunts",215,198.804622227985,182,0.0159652722910445,92,58.8284663629064,87,0.0456731412708442,NA,NA,NA,NA,NA,NA,NA,NA,NA,NA,"Take","","비교 자료 부족",TRUE,FALSE,NA,"W per selected current decision; not PA sum",2020,"swing","BCAP-SWING-v0.2.0","EXPERIMENTAL","bcap_swing_r_history__mlb_2020__20260928__r01",255,"해당 연도 안에서 별도 적합",2020-07-23,2020-09-27,"연도 간 측정·분류·표본 차이 가능","columns/001-ball-count/analysis/runs/bcap_swing_r_history__mlb_2020__20260928__r01/artifacts/year_values.csv","columns/001-ball-count/analysis/runs/bcap_swing_r_history__mlb_2020__20260928__r01/manifest.json","자료 부족"
"region_pitch","3-2","CENTER","NFB",2143,1919,0.895473635090994,756,1775,491,409,0.919272048530098,0.913496612819177,0.080727951469902,0.0865033871808234,0.285403335070349,"Take","Swing_including_bunts",166,147.681100559626,153,0.0165163660152192,1753,1749.66690143091,732,0.00508450810358204,NA,NA,NA,NA,NA,NA,NA,NA,NA,NA,"Swing_including_bunts","","비교 자료 부족",TRUE,FALSE,NA,"W per selected current decision; not PA sum",2020,"swing","BCAP-SWING-v0.2.0","EXPERIMENTAL","bcap_swing_r_history__mlb_2020__20260928__r01",255,"해당 연도 안에서 별도 적합",2020-07-23,2020-09-27,"연도 간 측정·분류·표본 차이 가능","columns/001-ball-count/analysis/runs/bcap_swing_r_history__mlb_2020__20260928__r01/artifacts/year_values.csv","columns/001-ball-count/analysis/runs/bcap_swing_r_history__mlb_2020__20260928__r01/manifest.json","자료 부족"
"region_pitch","3-2","HIGH","NFB",296,286,0.966216216216216,239,284,200,189,0.22972972972973,0.237762237762238,0.77027027027027,0.762237762237762,0.557940559440559,"Take","Swing_including_bunts",218,130.670325006242,190,0.0302798814863638,68,51.6034849579349,64,0.0580283640838322,NA,NA,NA,NA,NA,NA,NA,NA,NA,NA,"Take","","비교 자료 부족",TRUE,FALSE,NA,"W per selected current decision; not PA sum",2020,"swing","BCAP-SWING-v0.2.0","EXPERIMENTAL","bcap_swing_r_history__mlb_2020__20260928__r01",255,"해당 연도 안에서 별도 적합",2020-07-23,2020-09-27,"연도 간 측정·분류·표본 차이 가능","columns/001-ball-count/analysis/runs/bcap_swing_r_history__mlb_2020__20260928__r01/artifacts/year_values.csv","columns/001-ball-count/analysis/runs/bcap_swing_r_history__mlb_2020__20260928__r01/manifest.json","자료 부족"
"region","3-0","HIGH","ALL",1086,635,0.584714548802947,548,635,366,326,0.0313075506445672,0.0519685039370079,0.968692449355433,0.948031496062992,0.590393700787402,"Take","Swing_including_bunts",602,600.314077160328,526,0.00553145675045312,33,29.208802296617,33,0.0557418981222436,NA,NA,NA,NA,NA,NA,NA,NA,NA,NA,"Take","","비교 자료 부족",TRUE,FALSE,NA,"W per selected current decision; not PA sum",2021,"swing","BCAP-SWING-v0.2.0","EXPERIMENTAL","bcap_swing_r_history__mlb_2021__20260928__r01",255,"해당 연도 안에서 별도 적합",2021-04-01,2021-10-03,"연도 간 측정·분류·표본 차이 가능","columns/001-ball-count/analysis/runs/bcap_swing_r_history__mlb_2021__20260928__r01/artifacts/year_values.csv","columns/001-ball-count/analysis/runs/bcap_swing_r_history__mlb_2021__20260928__r01/manifest.json","자료 부족"
"region","3-0","INSIDE","ALL",903,654,0.724252491694352,562,654,380,327,0.08859357696567,0.120795107033639,0.91140642303433,0.879204892966361,0.602388379204893,"Take","Swing_including_bunts",575,573.122691001995,504,0.00564430258999031,79,68.8270786305992,76,0.0266822335882148,NA,NA,NA,NA,NA,NA,NA,NA,NA,NA,"Take","","비교 자료 부족",TRUE,FALSE,NA,"W per selected current decision; not PA sum",2021,"swing","BCAP-SWING-v0.2.0","EXPERIMENTAL","bcap_swing_r_history__mlb_2021__20260928__r01",255,"해당 연도 안에서 별도 적합",2021-04-01,2021-10-03,"연도 간 측정·분류·표본 차이 가능","columns/001-ball-count/analysis/runs/bcap_swing_r_history__mlb_2021__20260928__r01/artifacts/year_values.csv","columns/001-ball-count/analysis/runs/bcap_swing_r_history__mlb_2021__20260928__r01/manifest.json","자료 부족"
"region","3-0","LOW","ALL",1002,704,0.702594810379242,598,704,381,328,0.0528942115768463,0.0752840909090909,0.947105788423154,0.924715909090909,0.604637784090909,"Take","Swing_including_bunts",651,649.156055631506,563,0.00465141326156641,53,45.4533933046197,52,0.0411309324039963,NA,NA,NA,NA,NA,NA,NA,NA,NA,NA,"Take","","비교 자료 부족",TRUE,FALSE,NA,"W per selected current decision; not PA sum",2021,"swing","BCAP-SWING-v0.2.0","EXPERIMENTAL","bcap_swing_r_history__mlb_2021__20260928__r01",255,"해당 연도 안에서 별도 적합",2021-04-01,2021-10-03,"연도 간 측정·분류·표본 차이 가능","columns/001-ball-count/analysis/runs/bcap_swing_r_history__mlb_2021__20260928__r01/artifacts/year_values.csv","columns/001-ball-count/analysis/runs/bcap_swing_r_history__mlb_2021__20260928__r01/manifest.json","자료 부족"
"region","3-0","OUTSIDE","ALL",1634,1129,0.69094247246022,901,1129,497,396,0.0452876376988984,0.0655447298494243,0.954712362301102,0.934455270150576,0.583819309123118,"Take","Swing_including_bunts",1055,1051.10669799052,852,0.00385404031739787,74,62.5591724797286,73,0.0299457114639383,NA,NA,NA,NA,NA,NA,NA,NA,NA,NA,"Take","","비교 자료 부족",TRUE,FALSE,NA,"W per selected current decision; not PA sum",2021,"swing","BCAP-SWING-v0.2.0","EXPERIMENTAL","bcap_swing_r_history__mlb_2021__20260928__r01",255,"해당 연도 안에서 별도 적합",2021-04-01,2021-10-03,"연도 간 측정·분류·표본 차이 가능","columns/001-ball-count/analysis/runs/bcap_swing_r_history__mlb_2021__20260928__r01/artifacts/year_values.csv","columns/001-ball-count/analysis/runs/bcap_swing_r_history__mlb_2021__20260928__r01/manifest.json","자료 부족"
"region_pitch","0-0","HIGH","NFB",5901,4337,0.734960176241315,1927,4337,695,558,0.0357566514150144,0.0472676965644455,0.964243348584986,0.952732303435555,0.325677426792714,"Take","Swing_including_bunts",4132,4056.44339804592,1890,0.00206937028756288,205,175.797212425416,193,0.0137714202633409,NA,NA,NA,NA,NA,NA,NA,NA,NA,NA,"Take","","비교 자료 부족",TRUE,FALSE,NA,"W per selected current decision; not PA sum",2021,"swing","BCAP-SWING-v0.2.0","EXPERIMENTAL","bcap_swing_r_history__mlb_2021__20260928__r01",255,"해당 연도 안에서 별도 적합",2021-04-01,2021-10-03,"연도 간 측정·분류·표본 차이 가능","columns/001-ball-count/analysis/runs/bcap_swing_r_history__mlb_2021__20260928__r01/artifacts/year_values.csv","columns/001-ball-count/analysis/runs/bcap_swing_r_history__mlb_2021__20260928__r01/manifest.json","자료 부족"
"region_pitch","0-1","HIGH","NFB",2089,1826,0.874102441359502,1222,1826,551,511,0.106270943034945,0.119934282584885,0.893729056965055,0.880065717415115,0.273775465498357,"Take","Swing_including_bunts",1607,1302.65515388651,1127,0.00386955385867426,219,175.19171897626,209,0.0187607717853323,NA,NA,NA,NA,NA,NA,NA,NA,NA,NA,"Take","","비교 자료 부족",TRUE,FALSE,NA,"W per selected current decision; not PA sum",2021,"swing","BCAP-SWING-v0.2.0","EXPERIMENTAL","bcap_swing_r_history__mlb_2021__20260928__r01",255,"해당 연도 안에서 별도 적합",2021-04-01,2021-10-03,"연도 간 측정·분류·표본 차이 가능","columns/001-ball-count/analysis/runs/bcap_swing_r_history__mlb_2021__20260928__r01/artifacts/year_values.csv","columns/001-ball-count/analysis/runs/bcap_swing_r_history__mlb_2021__20260928__r01/manifest.json","자료 부족"
"region_pitch","0-2","HIGH","NFB",798,725,0.908521303258145,600,721,348,368,0.192982456140351,0.206896551724138,0.807017543859649,0.793103448275862,0.220641379310345,"Take","Swing_including_bunts",575,326.382985771304,494,0.0133386226979505,150,118.980816416279,143,0.0251384581236064,NA,NA,NA,NA,NA,NA,NA,NA,NA,NA,"Take","","비교 자료 부족",TRUE,FALSE,NA,"W per selected current decision; not PA sum",2021,"swing","BCAP-SWING-v0.2.0","EXPERIMENTAL","bcap_swing_r_history__mlb_2021__20260928__r01",255,"해당 연도 안에서 별도 적합",2021-04-01,2021-10-03,"연도 간 측정·분류·표본 차이 가능","columns/001-ball-count/analysis/runs/bcap_swing_r_history__mlb_2021__20260928__r01/artifacts/year_values.csv","columns/001-ball-count/analysis/runs/bcap_swing_r_history__mlb_2021__20260928__r01/manifest.json","자료 부족"
"region_pitch","1-0","HIGH","NFB",1806,1463,0.810077519379845,1060,1463,527,446,0.0575858250276855,0.0704032809295967,0.942414174972314,0.929596719070403,0.41357963089542,"Take","Swing_including_bunts",1360,1277.53124341287,1009,0.00368805172444565,103,79.4347398246091,100,0.035483852827998,NA,NA,NA,NA,NA,NA,NA,NA,NA,NA,"Take","","비교 자료 부족",TRUE,FALSE,NA,"W per selected current decision; not PA sum",2021,"swing","BCAP-SWING-v0.2.0","EXPERIMENTAL","bcap_swing_r_history__mlb_2021__20260928__r01",255,"해당 연도 안에서 별도 적합",2021-04-01,2021-10-03,"연도 간 측정·분류·표본 차이 가능","columns/001-ball-count/analysis/runs/bcap_swing_r_history__mlb_2021__20260928__r01/artifacts/year_values.csv","columns/001-ball-count/analysis/runs/bcap_swing_r_history__mlb_2021__20260928__r01/manifest.json","자료 부족"
"region_pitch","1-1","HIGH","NFB",1817,1618,0.890478811227298,1144,1618,521,477,0.105118326912493,0.11433868974042,0.894881673087507,0.88566131025958,0.332539555006181,"Take","Swing_including_bunts",1433,1156.84463999141,1050,0.00393763879143402,185,138.577461400902,175,0.0338929092559442,NA,NA,NA,NA,NA,NA,NA,NA,NA,NA,"Take","","비교 자료 부족",TRUE,FALSE,NA,"W per selected current decision; not PA sum",2021,"swing","BCAP-SWING-v0.2.0","EXPERIMENTAL","bcap_swing_r_history__mlb_2021__20260928__r01",255,"해당 연도 안에서 별도 적합",2021-04-01,2021-10-03,"연도 간 측정·분류·표본 차이 가능","columns/001-ball-count/analysis/runs/bcap_swing_r_history__mlb_2021__20260928__r01/artifacts/year_values.csv","columns/001-ball-count/analysis/runs/bcap_swing_r_history__mlb_2021__20260928__r01/manifest.json","자료 부족"
"region_pitch","2-0","HIGH","NFB",476,391,0.821428571428571,353,391,238,231,0.0735294117647059,0.0792838874680307,0.926470588235294,0.920716112531969,0.528268542199489,"Take","Swing_including_bunts",360,344.02347081864,330,0.00728508168875109,31,25.2069200649371,31,0.0803933049171524,NA,NA,NA,NA,NA,NA,NA,NA,NA,NA,"Take","","비교 자료 부족",TRUE,FALSE,NA,"W per selected current decision; not PA sum",2021,"swing","BCAP-SWING-v0.2.0","EXPERIMENTAL","bcap_swing_r_history__mlb_2021__20260928__r01",255,"해당 연도 안에서 별도 적합",2021-04-01,2021-10-03,"연도 간 측정·분류·표본 차이 가능","columns/001-ball-count/analysis/runs/bcap_swing_r_history__mlb_2021__20260928__r01/artifacts/year_values.csv","columns/001-ball-count/analysis/runs/bcap_swing_r_history__mlb_2021__20260928__r01/manifest.json","자료 부족"
"region_pitch","2-0","INSIDE","NFB",781,677,0.866837387964149,576,677,364,323,0.24583866837388,0.274741506646972,0.75416133162612,0.725258493353028,0.501243722304284,"Take","Swing_including_bunts",491,472.744814373472,439,0.00742081697577938,186,120.236522241771,182,0.0231095457336416,NA,NA,NA,NA,NA,NA,NA,NA,NA,NA,"Take","","비교 자료 부족",TRUE,FALSE,NA,"W per selected current decision; not PA sum",2021,"swing","BCAP-SWING-v0.2.0","EXPERIMENTAL","bcap_swing_r_history__mlb_2021__20260928__r01",255,"해당 연도 안에서 별도 적합",2021-04-01,2021-10-03,"연도 간 측정·분류·표본 차이 가능","columns/001-ball-count/analysis/runs/bcap_swing_r_history__mlb_2021__20260928__r01/artifacts/year_values.csv","columns/001-ball-count/analysis/runs/bcap_swing_r_history__mlb_2021__20260928__r01/manifest.json","자료 부족"
"region_pitch","2-1","HIGH","NFB",873,800,0.916380297823597,677,800,381,364,0.130584192439863,0.14125,0.869415807560138,0.85875,0.42737875,"Take","Swing_including_bunts",687,553.868497581903,591,0.006051381043179,113,91.4802372417677,110,0.0432432183178604,NA,NA,NA,NA,NA,NA,NA,NA,NA,NA,"Take","","비교 자료 부족",TRUE,FALSE,NA,"W per selected current decision; not PA sum",2021,"swing","BCAP-SWING-v0.2.0","EXPERIMENTAL","bcap_swing_r_history__mlb_2021__20260928__r01",255,"해당 연도 안에서 별도 적합",2021-04-01,2021-10-03,"연도 간 측정·분류·표본 차이 가능","columns/001-ball-count/analysis/runs/bcap_swing_r_history__mlb_2021__20260928__r01/artifacts/year_values.csv","columns/001-ball-count/analysis/runs/bcap_swing_r_history__mlb_2021__20260928__r01/manifest.json","자료 부족"
"region_pitch","3-0","CENTER","NFB",182,180,0.989010989010989,171,180,120,141,0.153846153846154,0.155555555555556,0.846153846153846,0.844444444444445,0.484055555555556,"Take","Swing_including_bunts",152,150.43672628481,145,0.0138755581510267,28,26.1920503373296,28,0.0530675634527521,NA,NA,NA,NA,NA,NA,NA,NA,NA,NA,"Swing_including_bunts","","비교 자료 부족",TRUE,FALSE,NA,"W per selected current decision; not PA sum",2021,"swing","BCAP-SWING-v0.2.0","EXPERIMENTAL","bcap_swing_r_history__mlb_2021__20260928__r01",255,"해당 연도 안에서 별도 적합",2021-04-01,2021-10-03,"연도 간 측정·분류·표본 차이 가능","columns/001-ball-count/analysis/runs/bcap_swing_r_history__mlb_2021__20260928__r01/artifacts/year_values.csv","columns/001-ball-count/analysis/runs/bcap_swing_r_history__mlb_2021__20260928__r01/manifest.json","자료 부족"
"region_pitch","3-0","HIGH","FB",1054,612,0.580645161290323,526,612,356,320,0.0313092979127135,0.0522875816993464,0.968690702087287,0.947712418300654,0.588531045751634,"Take","Swing_including_bunts",580,578.585361513997,505,0.00575106498351192,32,28.2234050322698,32,0.0574750226339188,NA,NA,NA,NA,NA,NA,NA,NA,NA,NA,"Take","","비교 자료 부족",TRUE,FALSE,NA,"W per selected current decision; not PA sum",2021,"swing","BCAP-SWING-v0.2.0","EXPERIMENTAL","bcap_swing_r_history__mlb_2021__20260928__r01",255,"해당 연도 안에서 별도 적합",2021-04-01,2021-10-03,"연도 간 측정·분류·표본 차이 가능","columns/001-ball-count/analysis/runs/bcap_swing_r_history__mlb_2021__20260928__r01/artifacts/year_values.csv","columns/001-ball-count/analysis/runs/bcap_swing_r_history__mlb_2021__20260928__r01/manifest.json","자료 부족"
"region_pitch","3-0","HIGH","NFB",32,23,0.71875,23,23,19,21,0.03125,0.0434782608695652,0.96875,0.956521739130435,0.63995652173913,"Take","Swing_including_bunts",22,21.7901219744418,22,0.0624693493565011,1,1,1,1,NA,NA,NA,NA,NA,NA,NA,NA,NA,NA,"Take","","비교 자료 부족",TRUE,FALSE,NA,"W per selected current decision; not PA sum",2021,"swing","BCAP-SWING-v0.2.0","EXPERIMENTAL","bcap_swing_r_history__mlb_2021__20260928__r01",255,"해당 연도 안에서 별도 적합",2021-04-01,2021-10-03,"연도 간 측정·분류·표본 차이 가능","columns/001-ball-count/analysis/runs/bcap_swing_r_history__mlb_2021__20260928__r01/artifacts/year_values.csv","columns/001-ball-count/analysis/runs/bcap_swing_r_history__mlb_2021__20260928__r01/manifest.json","자료 부족"
"region_pitch","3-0","INSIDE","FB",858,616,0.717948717948718,531,616,365,322,0.0874125874125874,0.12012987012987,0.912587412587413,0.87987012987013,0.602428571428571,"Take","Swing_including_bunts",542,540.312278963535,474,0.00599954258032282,74,64.5198122178121,71,0.0288598315994137,NA,NA,NA,NA,NA,NA,NA,NA,NA,NA,"Take","","비교 자료 부족",TRUE,FALSE,NA,"W per selected current decision; not PA sum",2021,"swing","BCAP-SWING-v0.2.0","EXPERIMENTAL","bcap_swing_r_history__mlb_2021__20260928__r01",255,"해당 연도 안에서 별도 적합",2021-04-01,2021-10-03,"연도 간 측정·분류·표본 차이 가능","columns/001-ball-count/analysis/runs/bcap_swing_r_history__mlb_2021__20260928__r01/artifacts/year_values.csv","columns/001-ball-count/analysis/runs/bcap_swing_r_history__mlb_2021__20260928__r01/manifest.json","자료 부족"
"region_pitch","3-0","INSIDE","NFB",45,38,0.844444444444445,38,38,36,35,0.111111111111111,0.131578947368421,0.888888888888889,0.868421052631579,0.601736842105263,"Take","Swing_including_bunts",33,32.8486957367184,33,0.0359195182407306,5,4.44529821955096,5,0.337179127969641,NA,NA,NA,NA,NA,NA,NA,NA,NA,NA,"Swing_including_bunts","","비교 자료 부족",TRUE,FALSE,NA,"W per selected current decision; not PA sum",2021,"swing","BCAP-SWING-v0.2.0","EXPERIMENTAL","bcap_swing_r_history__mlb_2021__20260928__r01",255,"해당 연도 안에서 별도 적합",2021-04-01,2021-10-03,"연도 간 측정·분류·표본 차이 가능","columns/001-ball-count/analysis/runs/bcap_swing_r_history__mlb_2021__20260928__r01/artifacts/year_values.csv","columns/001-ball-count/analysis/runs/bcap_swing_r_history__mlb_2021__20260928__r01/manifest.json","자료 부족"
"region_pitch","3-0","LOW","FB",898,621,0.691536748329621,532,621,350,312,0.0423162583518931,0.0611916264090177,0.957683741648107,0.938808373590982,0.601225442834139,"Take","Swing_including_bunts",583,581.553240058832,503,0.00521429440105024,38,33.206613370797,37,0.0518706156681599,NA,NA,NA,NA,NA,NA,NA,NA,NA,NA,"Take","","비교 자료 부족",TRUE,FALSE,NA,"W per selected current decision; not PA sum",2021,"swing","BCAP-SWING-v0.2.0","EXPERIMENTAL","bcap_swing_r_history__mlb_2021__20260928__r01",255,"해당 연도 안에서 별도 적합",2021-04-01,2021-10-03,"연도 간 측정·분류·표본 차이 가능","columns/001-ball-count/analysis/runs/bcap_swing_r_history__mlb_2021__20260928__r01/artifacts/year_values.csv","columns/001-ball-count/analysis/runs/bcap_swing_r_history__mlb_2021__20260928__r01/manifest.json","자료 부족"
"region_pitch","3-0","LOW","NFB",104,83,0.798076923076923,80,83,69,67,0.144230769230769,0.180722891566265,0.855769230769231,0.819277108433735,0.630168674698795,"Take","Swing_including_bunts",68,67.6969515213489,68,0.017398127596661,15,13.9848523315865,15,0.0971632307963033,NA,NA,NA,NA,NA,NA,NA,NA,NA,NA,"Take","","비교 자료 부족",TRUE,FALSE,NA,"W per selected current decision; not PA sum",2021,"swing","BCAP-SWING-v0.2.0","EXPERIMENTAL","bcap_swing_r_history__mlb_2021__20260928__r01",255,"해당 연도 안에서 별도 적합",2021-04-01,2021-10-03,"연도 간 측정·분류·표본 차이 가능","columns/001-ball-count/analysis/runs/bcap_swing_r_history__mlb_2021__20260928__r01/artifacts/year_values.csv","columns/001-ball-count/analysis/runs/bcap_swing_r_history__mlb_2021__20260928__r01/manifest.json","자료 부족"
"region_pitch","3-0","OUTSIDE","FB",1529,1047,0.684761281883584,845,1047,476,389,0.0418574231523872,0.061127029608405,0.958142576847613,0.938872970391595,0.585385864374403,"Take","Swing_including_bunts",983,979.75973402642,803,0.00414610746812056,64,55.5172834072821,63,0.0324317635726,NA,NA,NA,NA,NA,NA,NA,NA,NA,NA,"Take","","비교 자료 부족",TRUE,FALSE,NA,"W per selected current decision; not PA sum",2021,"swing","BCAP-SWING-v0.2.0","EXPERIMENTAL","bcap_swing_r_history__mlb_2021__20260928__r01",255,"해당 연도 안에서 별도 적합",2021-04-01,2021-10-03,"연도 간 측정·분류·표본 차이 가능","columns/001-ball-count/analysis/runs/bcap_swing_r_history__mlb_2021__20260928__r01/artifacts/year_values.csv","columns/001-ball-count/analysis/runs/bcap_swing_r_history__mlb_2021__20260928__r01/manifest.json","자료 부족"
"region_pitch","3-0","OUTSIDE","NFB",105,82,0.780952380952381,80,82,66,71,0.0952380952380952,0.121951219512195,0.904761904761905,0.878048780487805,0.563817073170732,"Take","Swing_including_bunts",72,71.4486513023675,71,0.0270439215620264,10,9.35523057663956,10,0.131937440456644,NA,NA,NA,NA,NA,NA,NA,NA,NA,NA,"Take","","비교 자료 부족",TRUE,FALSE,NA,"W per selected current decision; not PA sum",2021,"swing","BCAP-SWING-v0.2.0","EXPERIMENTAL","bcap_swing_r_history__mlb_2021__20260928__r01",255,"해당 연도 안에서 별도 적합",2021-04-01,2021-10-03,"연도 간 측정·분류·표본 차이 가능","columns/001-ball-count/analysis/runs/bcap_swing_r_history__mlb_2021__20260928__r01/artifacts/year_values.csv","columns/001-ball-count/analysis/runs/bcap_swing_r_history__mlb_2021__20260928__r01/manifest.json","자료 부족"
"region_pitch","3-1","HIGH","NFB",253,220,0.869565217391304,207,220,145,161,0.0711462450592885,0.0818181818181818,0.928853754940711,0.918181818181818,0.645172727272727,"Take","Swing_including_bunts",202,181.008165154715,192,0.0212866095290785,18,16.2650610325339,18,0.107463174198506,NA,NA,NA,NA,NA,NA,NA,NA,NA,NA,"Take","","비교 자료 부족",TRUE,FALSE,NA,"W per selected current decision; not PA sum",2021,"swing","BCAP-SWING-v0.2.0","EXPERIMENTAL","bcap_swing_r_history__mlb_2021__20260928__r01",255,"해당 연도 안에서 별도 적합",2021-04-01,2021-10-03,"연도 간 측정·분류·표본 차이 가능","columns/001-ball-count/analysis/runs/bcap_swing_r_history__mlb_2021__20260928__r01/artifacts/year_values.csv","columns/001-ball-count/analysis/runs/bcap_swing_r_history__mlb_2021__20260928__r01/manifest.json","자료 부족"
"region_pitch","3-1","INSIDE","NFB",373,347,0.93029490616622,321,347,226,207,0.246648793565684,0.265129682997118,0.753351206434316,0.734870317002882,0.567778097982709,"Take","Swing_including_bunts",255,220.372578502644,240,0.0140293421356625,92,57.2311517431057,92,0.0516167273487684,NA,NA,NA,NA,NA,NA,NA,NA,NA,NA,"Take","","비교 자료 부족",TRUE,FALSE,NA,"W per selected current decision; not PA sum",2021,"swing","BCAP-SWING-v0.2.0","EXPERIMENTAL","bcap_swing_r_history__mlb_2021__20260928__r01",255,"해당 연도 안에서 별도 적합",2021-04-01,2021-10-03,"연도 간 측정·분류·표본 차이 가능","columns/001-ball-count/analysis/runs/bcap_swing_r_history__mlb_2021__20260928__r01/artifacts/year_values.csv","columns/001-ball-count/analysis/runs/bcap_swing_r_history__mlb_2021__20260928__r01/manifest.json","자료 부족"
"region_pitch","3-1","LOW","FB",1516,1364,0.899736147757256,1009,1364,504,446,0.192612137203166,0.211143695014663,0.807387862796834,0.788856304985337,0.597189149560117,"Take","Swing_including_bunts",1076,917.897122419844,840,0.00463980041454341,288,199.832115432931,271,0.0172792795315166,NA,NA,NA,NA,NA,NA,NA,NA,NA,NA,"Take","","비교 자료 부족",TRUE,FALSE,NA,"W per selected current decision; not PA sum",2021,"swing","BCAP-SWING-v0.2.0","EXPERIMENTAL","bcap_swing_r_history__mlb_2021__20260928__r01",255,"해당 연도 안에서 별도 적합",2021-04-01,2021-10-03,"연도 간 측정·분류·표본 차이 가능","columns/001-ball-count/analysis/runs/bcap_swing_r_history__mlb_2021__20260928__r01/artifacts/year_values.csv","columns/001-ball-count/analysis/runs/bcap_swing_r_history__mlb_2021__20260928__r01/manifest.json","자료 부족"
"region_pitch","3-1","OUTSIDE","NFB",816,738,0.904411764705882,630,738,359,313,0.284313725490196,0.307588075880759,0.715686274509804,0.692411924119241,0.550655826558266,"Take","Swing_including_bunts",511,460.829422070294,455,0.00780652910882156,227,149.473253589953,213,0.0268639875060234,NA,NA,NA,NA,NA,NA,NA,NA,NA,NA,"Take","","비교 자료 부족",TRUE,FALSE,NA,"W per selected current decision; not PA sum",2021,"swing","BCAP-SWING-v0.2.0","EXPERIMENTAL","bcap_swing_r_history__mlb_2021__20260928__r01",255,"해당 연도 안에서 별도 적합",2021-04-01,2021-10-03,"연도 간 측정·분류·표본 차이 가능","columns/001-ball-count/analysis/runs/bcap_swing_r_history__mlb_2021__20260928__r01/artifacts/year_values.csv","columns/001-ball-count/analysis/runs/bcap_swing_r_history__mlb_2021__20260928__r01/manifest.json","자료 부족"
"region_pitch","3-2","HIGH","NFB",806,777,0.964019851116625,647,773,357,360,0.23697270471464,0.245817245817246,0.76302729528536,0.754182754182754,0.544597168597169,"Take","Swing_including_bunts",586,369.301615913636,512,0.00963802449246093,191,167.881660936631,181,0.015827187360755,NA,NA,NA,NA,NA,NA,NA,NA,NA,NA,"Take","","비교 자료 부족",TRUE,FALSE,NA,"W per selected current decision; not PA sum",2021,"swing","BCAP-SWING-v0.2.0","EXPERIMENTAL","bcap_swing_r_history__mlb_2021__20260928__r01",255,"해당 연도 안에서 별도 적합",2021-04-01,2021-10-03,"연도 간 측정·분류·표본 차이 가능","columns/001-ball-count/analysis/runs/bcap_swing_r_history__mlb_2021__20260928__r01/artifacts/year_values.csv","columns/001-ball-count/analysis/runs/bcap_swing_r_history__mlb_2021__20260928__r01/manifest.json","자료 부족"
"region","3-0","HIGH","ALL",952,619,0.650210084033613,533,619,355,317,0.0441176470588235,0.0678513731825525,0.955882352941176,0.932148626817447,0.631828756058158,"Take","Swing_including_bunts",577,575.002483059287,501,0.00531921907137601,42,36.2667673484826,42,0.0542006945465104,NA,NA,NA,NA,NA,NA,NA,NA,NA,NA,"Take","","비교 자료 부족",TRUE,FALSE,NA,"W per selected current decision; not PA sum",2022,"swing","BCAP-SWING-v0.2.0","EXPERIMENTAL","bcap_swing_r_history__mlb_2022__20260928__r01",255,"해당 연도 안에서 별도 적합",2022-04-07,2022-10-05,"연도 간 측정·분류·표본 차이 가능","columns/001-ball-count/analysis/runs/bcap_swing_r_history__mlb_2022__20260928__r01/artifacts/year_values.csv","columns/001-ball-count/analysis/runs/bcap_swing_r_history__mlb_2022__20260928__r01/manifest.json","자료 부족"
"region","3-0","INSIDE","ALL",839,598,0.712753277711561,523,598,352,313,0.0786650774731824,0.110367892976589,0.921334922526818,0.889632107023411,0.61666220735786,"Take","Swing_including_bunts",532,530.361441748431,472,0.00596085816454538,66,57.1123814717336,65,0.0400192335136262,NA,NA,NA,NA,NA,NA,NA,NA,NA,NA,"Take","","비교 자료 부족",TRUE,FALSE,NA,"W per selected current decision; not PA sum",2022,"swing","BCAP-SWING-v0.2.0","EXPERIMENTAL","bcap_swing_r_history__mlb_2022__20260928__r01",255,"해당 연도 안에서 별도 적합",2022-04-07,2022-10-05,"연도 간 측정·분류·표본 차이 가능","columns/001-ball-count/analysis/runs/bcap_swing_r_history__mlb_2022__20260928__r01/artifacts/year_values.csv","columns/001-ball-count/analysis/runs/bcap_swing_r_history__mlb_2022__20260928__r01/manifest.json","자료 부족"
"region","3-0","LOW","ALL",847,632,0.74616292798111,561,632,370,318,0.0377804014167651,0.0474683544303798,0.962219598583235,0.95253164556962,0.628518987341772,"Take","Swing_including_bunts",602,600.331644689217,536,0.00544988636075436,30,25.3454033146867,30,0.0632226817070131,NA,NA,NA,NA,NA,NA,NA,NA,NA,NA,"Take","","비교 자료 부족",TRUE,FALSE,NA,"W per selected current decision; not PA sum",2022,"swing","BCAP-SWING-v0.2.0","EXPERIMENTAL","bcap_swing_r_history__mlb_2022__20260928__r01",255,"해당 연도 안에서 별도 적합",2022-04-07,2022-10-05,"연도 간 측정·분류·표본 차이 가능","columns/001-ball-count/analysis/runs/bcap_swing_r_history__mlb_2022__20260928__r01/artifacts/year_values.csv","columns/001-ball-count/analysis/runs/bcap_swing_r_history__mlb_2022__20260928__r01/manifest.json","자료 부족"
"region","3-0","OUTSIDE","ALL",1447,1054,0.728403593642018,855,1054,469,400,0.0400829302004147,0.0540796963946869,0.959917069799585,0.945920303605313,0.590851992409867,"Take","Swing_including_bunts",997,993.757800642,817,0.00406825384876105,57,49.1169000126959,57,0.0355672073633232,NA,NA,NA,NA,NA,NA,NA,NA,NA,NA,"Take","","비교 자료 부족",TRUE,FALSE,NA,"W per selected current decision; not PA sum",2022,"swing","BCAP-SWING-v0.2.0","EXPERIMENTAL","bcap_swing_r_history__mlb_2022__20260928__r01",255,"해당 연도 안에서 별도 적합",2022-04-07,2022-10-05,"연도 간 측정·분류·표본 차이 가능","columns/001-ball-count/analysis/runs/bcap_swing_r_history__mlb_2022__20260928__r01/artifacts/year_values.csv","columns/001-ball-count/analysis/runs/bcap_swing_r_history__mlb_2022__20260928__r01/manifest.json","자료 부족"
"region_pitch","0-1","HIGH","NFB",1998,1804,0.902902902902903,1213,1804,555,488,0.140640640640641,0.153547671840355,0.859359359359359,0.846452328159645,0.2687544345898,"Take","Swing_including_bunts",1527,1217.95595755557,1080,0.00456322945986742,277,196.250472091238,254,0.0242815896410199,NA,NA,NA,NA,NA,NA,NA,NA,NA,NA,"Take","","비교 자료 부족",TRUE,FALSE,NA,"W per selected current decision; not PA sum",2022,"swing","BCAP-SWING-v0.2.0","EXPERIMENTAL","bcap_swing_r_history__mlb_2022__20260928__r01",255,"해당 연도 안에서 별도 적합",2022-04-07,2022-10-05,"연도 간 측정·분류·표본 차이 가능","columns/001-ball-count/analysis/runs/bcap_swing_r_history__mlb_2022__20260928__r01/artifacts/year_values.csv","columns/001-ball-count/analysis/runs/bcap_swing_r_history__mlb_2022__20260928__r01/manifest.json","자료 부족"
"region_pitch","0-2","HIGH","NFB",721,676,0.937586685159501,568,674,324,354,0.274618585298197,0.28698224852071,0.725381414701803,0.71301775147929,0.194100591715976,"Take","Swing_including_bunts",482,293.908494960587,427,0.0172233728543075,194,133.705753882457,181,0.042893194985635,NA,NA,NA,NA,NA,NA,NA,NA,NA,NA,"Take","","비교 자료 부족",TRUE,FALSE,NA,"W per selected current decision; not PA sum",2022,"swing","BCAP-SWING-v0.2.0","EXPERIMENTAL","bcap_swing_r_history__mlb_2022__20260928__r01",255,"해당 연도 안에서 별도 적합",2022-04-07,2022-10-05,"연도 간 측정·분류·표본 차이 가능","columns/001-ball-count/analysis/runs/bcap_swing_r_history__mlb_2022__20260928__r01/artifacts/year_values.csv","columns/001-ball-count/analysis/runs/bcap_swing_r_history__mlb_2022__20260928__r01/manifest.json","자료 부족"
"region_pitch","1-0","HIGH","NFB",1716,1479,0.861888111888112,1031,1479,487,453,0.0821678321678322,0.0933062880324544,0.917832167832168,0.906693711967546,0.368697768762678,"Take","Swing_including_bunts",1341,1252.25117755061,965,0.00425039112414097,138,114.855087017924,131,0.0384723728683732,NA,NA,NA,NA,NA,NA,NA,NA,NA,NA,"Take","","비교 자료 부족",TRUE,FALSE,NA,"W per selected current decision; not PA sum",2022,"swing","BCAP-SWING-v0.2.0","EXPERIMENTAL","bcap_swing_r_history__mlb_2022__20260928__r01",255,"해당 연도 안에서 별도 적합",2022-04-07,2022-10-05,"연도 간 측정·분류·표본 차이 가능","columns/001-ball-count/analysis/runs/bcap_swing_r_history__mlb_2022__20260928__r01/artifacts/year_values.csv","columns/001-ball-count/analysis/runs/bcap_swing_r_history__mlb_2022__20260928__r01/manifest.json","자료 부족"
"region_pitch","2-0","HIGH","NFB",425,372,0.875294117647059,342,372,241,227,0.0564705882352941,0.0645161290322581,0.943529411764706,0.935483870967742,0.512443548387097,"Take","Swing_including_bunts",348,332.84262608627,322,0.00967948343540261,24,20.7307376556526,24,0.0875928905365309,NA,NA,NA,NA,NA,NA,NA,NA,NA,NA,"Take","","비교 자료 부족",TRUE,FALSE,NA,"W per selected current decision; not PA sum",2022,"swing","BCAP-SWING-v0.2.0","EXPERIMENTAL","bcap_swing_r_history__mlb_2022__20260928__r01",255,"해당 연도 안에서 별도 적합",2022-04-07,2022-10-05,"연도 간 측정·분류·표본 차이 가능","columns/001-ball-count/analysis/runs/bcap_swing_r_history__mlb_2022__20260928__r01/artifacts/year_values.csv","columns/001-ball-count/analysis/runs/bcap_swing_r_history__mlb_2022__20260928__r01/manifest.json","자료 부족"
"region_pitch","2-0","INSIDE","NFB",766,684,0.892950391644909,574,684,352,342,0.265013054830287,0.289473684210526,0.734986945169713,0.710526315789474,0.466368421052632,"Take","Swing_including_bunts",486,465.860924349774,432,0.00859634240507067,198,136.520703318924,190,0.0230818232928521,NA,NA,NA,NA,NA,NA,NA,NA,NA,NA,"Take","","비교 자료 부족",TRUE,FALSE,NA,"W per selected current decision; not PA sum",2022,"swing","BCAP-SWING-v0.2.0","EXPERIMENTAL","bcap_swing_r_history__mlb_2022__20260928__r01",255,"해당 연도 안에서 별도 적합",2022-04-07,2022-10-05,"연도 간 측정·분류·표본 차이 가능","columns/001-ball-count/analysis/runs/bcap_swing_r_history__mlb_2022__20260928__r01/artifacts/year_values.csv","columns/001-ball-count/analysis/runs/bcap_swing_r_history__mlb_2022__20260928__r01/manifest.json","자료 부족"
"region_pitch","2-1","HIGH","NFB",886,824,0.930022573363431,692,824,373,352,0.160270880361174,0.171116504854369,0.839729119638826,0.828883495145631,0.421151699029126,"Take","Swing_including_bunts",683,541.539906294536,592,0.00736795071598963,141,120.801350042856,137,0.0276093566663447,NA,NA,NA,NA,NA,NA,NA,NA,NA,NA,"Take","","비교 자료 부족",TRUE,FALSE,NA,"W per selected current decision; not PA sum",2022,"swing","BCAP-SWING-v0.2.0","EXPERIMENTAL","bcap_swing_r_history__mlb_2022__20260928__r01",255,"해당 연도 안에서 별도 적합",2022-04-07,2022-10-05,"연도 간 측정·분류·표본 차이 가능","columns/001-ball-count/analysis/runs/bcap_swing_r_history__mlb_2022__20260928__r01/artifacts/year_values.csv","columns/001-ball-count/analysis/runs/bcap_swing_r_history__mlb_2022__20260928__r01/manifest.json","자료 부족"
"region_pitch","3-0","CENTER","NFB",171,171,1,159,171,122,136,0.181286549707602,0.181286549707602,0.818713450292398,0.818713450292398,0.460286549707602,"Take","Swing_including_bunts",140,138.511118923659,130,0.0285927705184218,31,28.1920015076751,30,0.0615759460679982,NA,NA,NA,NA,NA,NA,NA,NA,NA,NA,"Swing_including_bunts","","비교 자료 부족",TRUE,FALSE,NA,"W per selected current decision; not PA sum",2022,"swing","BCAP-SWING-v0.2.0","EXPERIMENTAL","bcap_swing_r_history__mlb_2022__20260928__r01",255,"해당 연도 안에서 별도 적합",2022-04-07,2022-10-05,"연도 간 측정·분류·표본 차이 가능","columns/001-ball-count/analysis/runs/bcap_swing_r_history__mlb_2022__20260928__r01/artifacts/year_values.csv","columns/001-ball-count/analysis/runs/bcap_swing_r_history__mlb_2022__20260928__r01/manifest.json","자료 부족"
"region_pitch","3-0","HIGH","FB",915,592,0.646994535519126,515,592,337,310,0.0459016393442623,0.070945945945946,0.954098360655738,0.929054054054054,0.632910472972973,"Take","Swing_including_bunts",550,548.418037221182,483,0.00552796923229877,42,36.2667673484826,42,0.0542006945465104,NA,NA,NA,NA,NA,NA,NA,NA,NA,NA,"Take","","비교 자료 부족",TRUE,FALSE,NA,"W per selected current decision; not PA sum",2022,"swing","BCAP-SWING-v0.2.0","EXPERIMENTAL","bcap_swing_r_history__mlb_2022__20260928__r01",255,"해당 연도 안에서 별도 적합",2022-04-07,2022-10-05,"연도 간 측정·분류·표본 차이 가능","columns/001-ball-count/analysis/runs/bcap_swing_r_history__mlb_2022__20260928__r01/artifacts/year_values.csv","columns/001-ball-count/analysis/runs/bcap_swing_r_history__mlb_2022__20260928__r01/manifest.json","자료 부족"
"region_pitch","3-0","HIGH","NFB",37,27,0.72972972972973,26,27,26,26,0,0,1,1,0.608111111111111,"Take","Swing_including_bunts",27,26.719530882371,26,0.0741737657591678,0,0,0,NA,NA,NA,NA,NA,NA,NA,NA,NA,NA,NA,"Take","","비교 자료 부족",TRUE,FALSE,NA,"W per selected current decision; not PA sum",2022,"swing","BCAP-SWING-v0.2.0","EXPERIMENTAL","bcap_swing_r_history__mlb_2022__20260928__r01",255,"해당 연도 안에서 별도 적합",2022-04-07,2022-10-05,"연도 간 측정·분류·표본 차이 가능","columns/001-ball-count/analysis/runs/bcap_swing_r_history__mlb_2022__20260928__r01/artifacts/year_values.csv","columns/001-ball-count/analysis/runs/bcap_swing_r_history__mlb_2022__20260928__r01/manifest.json","자료 부족"
"region_pitch","3-0","INSIDE","FB",801,575,0.717852684144819,504,575,346,305,0.0811485642946317,0.11304347826087,0.918851435705368,0.886956521739131,0.614619130434783,"Take","Swing_including_bunts",510,508.644857959394,453,0.00584634514330862,65,56.3252458092591,64,0.0404010904847168,NA,NA,NA,NA,NA,NA,NA,NA,NA,NA,"Take","","비교 자료 부족",TRUE,FALSE,NA,"W per selected current decision; not PA sum",2022,"swing","BCAP-SWING-v0.2.0","EXPERIMENTAL","bcap_swing_r_history__mlb_2022__20260928__r01",255,"해당 연도 안에서 별도 적합",2022-04-07,2022-10-05,"연도 간 측정·분류·표본 차이 가능","columns/001-ball-count/analysis/runs/bcap_swing_r_history__mlb_2022__20260928__r01/artifacts/year_values.csv","columns/001-ball-count/analysis/runs/bcap_swing_r_history__mlb_2022__20260928__r01/manifest.json","자료 부족"
"region_pitch","3-0","INSIDE","NFB",38,23,0.605263157894737,23,23,21,21,0.0263157894736842,0.0434782608695652,0.973684210526316,0.956521739130435,0.667739130434783,"Take","Swing_including_bunts",22,21.8387258369665,22,0.0543545842450726,1,1,1,1,NA,NA,NA,NA,NA,NA,NA,NA,NA,NA,"Take","","비교 자료 부족",TRUE,FALSE,NA,"W per selected current decision; not PA sum",2022,"swing","BCAP-SWING-v0.2.0","EXPERIMENTAL","bcap_swing_r_history__mlb_2022__20260928__r01",255,"해당 연도 안에서 별도 적합",2022-04-07,2022-10-05,"연도 간 측정·분류·표본 차이 가능","columns/001-ball-count/analysis/runs/bcap_swing_r_history__mlb_2022__20260928__r01/artifacts/year_values.csv","columns/001-ball-count/analysis/runs/bcap_swing_r_history__mlb_2022__20260928__r01/manifest.json","자료 부족"
"region_pitch","3-0","LOW","FB",761,575,0.755584756898817,512,575,340,314,0.0328515111695138,0.0417391304347826,0.967148488830486,0.958260869565217,0.629704347826087,"Take","Swing_including_bunts",551,549.563870711746,493,0.00596553224649549,24,20.8153086544664,24,0.0749229400554601,NA,NA,NA,NA,NA,NA,NA,NA,NA,NA,"Take","","비교 자료 부족",TRUE,FALSE,NA,"W per selected current decision; not PA sum",2022,"swing","BCAP-SWING-v0.2.0","EXPERIMENTAL","bcap_swing_r_history__mlb_2022__20260928__r01",255,"해당 연도 안에서 별도 적합",2022-04-07,2022-10-05,"연도 간 측정·분류·표본 차이 가능","columns/001-ball-count/analysis/runs/bcap_swing_r_history__mlb_2022__20260928__r01/artifacts/year_values.csv","columns/001-ball-count/analysis/runs/bcap_swing_r_history__mlb_2022__20260928__r01/manifest.json","자료 부족"
"region_pitch","3-0","LOW","NFB",86,57,0.662790697674419,57,57,51,48,0.0813953488372093,0.105263157894737,0.918604651162791,0.894736842105263,0.616561403508772,"Take","Swing_including_bunts",51,50.7937800305901,51,0.0230853345751744,6,4.64832607841714,6,0.355565807950903,NA,NA,NA,NA,NA,NA,NA,NA,NA,NA,"Take","","비교 자료 부족",TRUE,FALSE,NA,"W per selected current decision; not PA sum",2022,"swing","BCAP-SWING-v0.2.0","EXPERIMENTAL","bcap_swing_r_history__mlb_2022__20260928__r01",255,"해당 연도 안에서 별도 적합",2022-04-07,2022-10-05,"연도 간 측정·분류·표본 차이 가능","columns/001-ball-count/analysis/runs/bcap_swing_r_history__mlb_2022__20260928__r01/artifacts/year_values.csv","columns/001-ball-count/analysis/runs/bcap_swing_r_history__mlb_2022__20260928__r01/manifest.json","자료 부족"
"region_pitch","3-0","OUTSIDE","FB",1361,993,0.729610580455547,811,993,455,395,0.0382072005878031,0.0523665659617321,0.961792799412197,0.947633434038268,0.591486404833837,"Take","Swing_including_bunts",941,938.395010856898,775,0.00432131322143493,52,45.4033695216466,52,0.0388125222383397,NA,NA,NA,NA,NA,NA,NA,NA,NA,NA,"Take","","비교 자료 부족",TRUE,FALSE,NA,"W per selected current decision; not PA sum",2022,"swing","BCAP-SWING-v0.2.0","EXPERIMENTAL","bcap_swing_r_history__mlb_2022__20260928__r01",255,"해당 연도 안에서 별도 적합",2022-04-07,2022-10-05,"연도 간 측정·분류·표본 차이 가능","columns/001-ball-count/analysis/runs/bcap_swing_r_history__mlb_2022__20260928__r01/artifacts/year_values.csv","columns/001-ball-count/analysis/runs/bcap_swing_r_history__mlb_2022__20260928__r01/manifest.json","자료 부족"
"region_pitch","3-0","OUTSIDE","NFB",86,61,0.709302325581395,61,61,53,53,0.0697674418604651,0.0819672131147541,0.930232558139535,0.918032786885246,0.580524590163934,"Take","Swing_including_bunts",56,55.5020234471423,56,0.0251536777117645,5,3.75897346553692,5,0.420698309905727,NA,NA,NA,NA,NA,NA,NA,NA,NA,NA,"Take","","비교 자료 부족",TRUE,FALSE,NA,"W per selected current decision; not PA sum",2022,"swing","BCAP-SWING-v0.2.0","EXPERIMENTAL","bcap_swing_r_history__mlb_2022__20260928__r01",255,"해당 연도 안에서 별도 적합",2022-04-07,2022-10-05,"연도 간 측정·분류·표본 차이 가능","columns/001-ball-count/analysis/runs/bcap_swing_r_history__mlb_2022__20260928__r01/artifacts/year_values.csv","columns/001-ball-count/analysis/runs/bcap_swing_r_history__mlb_2022__20260928__r01/manifest.json","자료 부족"
"region_pitch","3-1","HIGH","NFB",215,197,0.916279069767442,187,197,152,143,0.0837209302325582,0.0913705583756345,0.916279069767442,0.908629441624365,0.621847715736041,"Take","Swing_including_bunts",179,166.470267541672,169,0.0202456586973563,18,15.5112263542972,18,0.129587565103151,NA,NA,NA,NA,NA,NA,NA,NA,NA,NA,"Take","","비교 자료 부족",TRUE,FALSE,NA,"W per selected current decision; not PA sum",2022,"swing","BCAP-SWING-v0.2.0","EXPERIMENTAL","bcap_swing_r_history__mlb_2022__20260928__r01",255,"해당 연도 안에서 별도 적합",2022-04-07,2022-10-05,"연도 간 측정·분류·표본 차이 가능","columns/001-ball-count/analysis/runs/bcap_swing_r_history__mlb_2022__20260928__r01/artifacts/year_values.csv","columns/001-ball-count/analysis/runs/bcap_swing_r_history__mlb_2022__20260928__r01/manifest.json","자료 부족"
"region_pitch","3-1","INSIDE","NFB",405,378,0.933333333333333,341,378,242,238,0.311111111111111,0.330687830687831,0.688888888888889,0.669312169312169,0.564444444444444,"Take","Swing_including_bunts",253,234.445024563051,239,0.0114435213508155,125,81.4182167454866,120,0.0444499296838302,NA,NA,NA,NA,NA,NA,NA,NA,NA,NA,"Take","","비교 자료 부족",TRUE,FALSE,NA,"W per selected current decision; not PA sum",2022,"swing","BCAP-SWING-v0.2.0","EXPERIMENTAL","bcap_swing_r_history__mlb_2022__20260928__r01",255,"해당 연도 안에서 별도 적합",2022-04-07,2022-10-05,"연도 간 측정·분류·표본 차이 가능","columns/001-ball-count/analysis/runs/bcap_swing_r_history__mlb_2022__20260928__r01/artifacts/year_values.csv","columns/001-ball-count/analysis/runs/bcap_swing_r_history__mlb_2022__20260928__r01/manifest.json","자료 부족"
"region_pitch","3-1","OUTSIDE","NFB",733,694,0.946793997271487,590,694,368,315,0.264665757162347,0.270893371757925,0.735334242837654,0.729106628242075,0.552530259365994,"Take","Swing_including_bunts",506,463.11931079973,449,0.00831868793247868,188,128.003594064246,178,0.0261121838391561,NA,NA,NA,NA,NA,NA,NA,NA,NA,NA,"Take","","비교 자료 부족",TRUE,FALSE,NA,"W per selected current decision; not PA sum",2022,"swing","BCAP-SWING-v0.2.0","EXPERIMENTAL","bcap_swing_r_history__mlb_2022__20260928__r01",255,"해당 연도 안에서 별도 적합",2022-04-07,2022-10-05,"연도 간 측정·분류·표본 차이 가능","columns/001-ball-count/analysis/runs/bcap_swing_r_history__mlb_2022__20260928__r01/artifacts/year_values.csv","columns/001-ball-count/analysis/runs/bcap_swing_r_history__mlb_2022__20260928__r01/manifest.json","자료 부족"
"region","3-0","HIGH","ALL",1056,692,0.65530303030303,567,692,376,325,0.0321969696969697,0.0476878612716763,0.96780303030303,0.952312138728324,0.632192196531792,"Take","Swing_including_bunts",659,656.986333084434,547,0.00592379555765041,33,29.0143857624281,33,0.0613262347146174,NA,NA,NA,NA,NA,NA,NA,NA,NA,NA,"Take","","비교 자료 부족",TRUE,FALSE,NA,"W per selected current decision; not PA sum",2023,"swing","BCAP-SWING-v0.2.0","EXPERIMENTAL","bcap_swing_r_history__mlb_2023__20260928__r01",255,"해당 연도 안에서 별도 적합",2023-03-30,2023-10-01,"연도 간 측정·분류·표본 차이 가능","columns/001-ball-count/analysis/runs/bcap_swing_r_history__mlb_2023__20260928__r01/artifacts/year_values.csv","columns/001-ball-count/analysis/runs/bcap_swing_r_history__mlb_2023__20260928__r01/manifest.json","자료 부족"
"region","3-0","INSIDE","ALL",872,644,0.738532110091743,565,644,373,325,0.0676605504587156,0.0854037267080745,0.932339449541285,0.914596273291925,0.608097826086957,"Take","Swing_including_bunts",589,587.182688041461,521,0.00515225851104641,55,48.8422575093853,53,0.0472093272768178,NA,NA,NA,NA,NA,NA,NA,NA,NA,NA,"Take","","비교 자료 부족",TRUE,FALSE,NA,"W per selected current decision; not PA sum",2023,"swing","BCAP-SWING-v0.2.0","EXPERIMENTAL","bcap_swing_r_history__mlb_2023__20260928__r01",255,"해당 연도 안에서 별도 적합",2023-03-30,2023-10-01,"연도 간 측정·분류·표본 차이 가능","columns/001-ball-count/analysis/runs/bcap_swing_r_history__mlb_2023__20260928__r01/artifacts/year_values.csv","columns/001-ball-count/analysis/runs/bcap_swing_r_history__mlb_2023__20260928__r01/manifest.json","자료 부족"
"region","3-0","LOW","ALL",848,657,0.774764150943396,571,657,359,315,0.0483490566037736,0.060882800608828,0.951650943396226,0.939117199391172,0.623433789954338,"Take","Swing_including_bunts",617,615.30962390063,543,0.0063972643856157,40,35.16268976356,40,0.0443717334184395,NA,NA,NA,NA,NA,NA,NA,NA,NA,NA,"Take","","비교 자료 부족",TRUE,FALSE,NA,"W per selected current decision; not PA sum",2023,"swing","BCAP-SWING-v0.2.0","EXPERIMENTAL","bcap_swing_r_history__mlb_2023__20260928__r01",255,"해당 연도 안에서 별도 적합",2023-03-30,2023-10-01,"연도 간 측정·분류·표본 차이 가능","columns/001-ball-count/analysis/runs/bcap_swing_r_history__mlb_2023__20260928__r01/artifacts/year_values.csv","columns/001-ball-count/analysis/runs/bcap_swing_r_history__mlb_2023__20260928__r01/manifest.json","자료 부족"
"region","3-0","OUTSIDE","ALL",1433,1022,0.713189113747383,831,1022,465,374,0.0327983251919051,0.0450097847358121,0.967201674808095,0.954990215264188,0.611545009784736,"Take","Swing_including_bunts",976,973.972610416208,805,0.00418528373419332,46,41.0426450516837,46,0.0385403169446812,NA,NA,NA,NA,NA,NA,NA,NA,NA,NA,"Take","","비교 자료 부족",TRUE,FALSE,NA,"W per selected current decision; not PA sum",2023,"swing","BCAP-SWING-v0.2.0","EXPERIMENTAL","bcap_swing_r_history__mlb_2023__20260928__r01",255,"해당 연도 안에서 별도 적합",2023-03-30,2023-10-01,"연도 간 측정·분류·표본 차이 가능","columns/001-ball-count/analysis/runs/bcap_swing_r_history__mlb_2023__20260928__r01/artifacts/year_values.csv","columns/001-ball-count/analysis/runs/bcap_swing_r_history__mlb_2023__20260928__r01/manifest.json","자료 부족"
"region_pitch","0-2","HIGH","NFB",813,756,0.929889298892989,616,750,362,359,0.237392373923739,0.252645502645503,0.762607626076261,0.747354497354497,0.215769841269841,"Take","Swing_including_bunts",565,312.282084084963,481,0.0117955562290633,191,122.058937368925,177,0.0462085777970393,NA,NA,NA,NA,NA,NA,NA,NA,NA,NA,"Swing_including_bunts","","비교 자료 부족",TRUE,FALSE,NA,"W per selected current decision; not PA sum",2023,"swing","BCAP-SWING-v0.2.0","EXPERIMENTAL","bcap_swing_r_history__mlb_2023__20260928__r01",255,"해당 연도 안에서 별도 적합",2023-03-30,2023-10-01,"연도 간 측정·분류·표본 차이 가능","columns/001-ball-count/analysis/runs/bcap_swing_r_history__mlb_2023__20260928__r01/artifacts/year_values.csv","columns/001-ball-count/analysis/runs/bcap_swing_r_history__mlb_2023__20260928__r01/manifest.json","자료 부족"
"region_pitch","1-0","HIGH","NFB",1833,1594,0.869612656846699,1112,1594,500,449,0.082924168030551,0.0941028858218319,0.917075831969449,0.905897114178168,0.381564617314931,"Take","Swing_including_bunts",1444,1351.59957519049,1037,0.00435167277594924,150,100.552272098497,143,0.0396961529531855,NA,NA,NA,NA,NA,NA,NA,NA,NA,NA,"Take","","비교 자료 부족",TRUE,FALSE,NA,"W per selected current decision; not PA sum",2023,"swing","BCAP-SWING-v0.2.0","EXPERIMENTAL","bcap_swing_r_history__mlb_2023__20260928__r01",255,"해당 연도 안에서 별도 적합",2023-03-30,2023-10-01,"연도 간 측정·분류·표본 차이 가능","columns/001-ball-count/analysis/runs/bcap_swing_r_history__mlb_2023__20260928__r01/artifacts/year_values.csv","columns/001-ball-count/analysis/runs/bcap_swing_r_history__mlb_2023__20260928__r01/manifest.json","자료 부족"
"region_pitch","2-0","HIGH","NFB",473,417,0.881606765327696,365,417,245,255,0.0549682875264271,0.0623501199040767,0.945031712473573,0.937649880095923,0.525251798561151,"Take","Swing_including_bunts",391,373.948777906934,343,0.0100617472361244,26,17.9093996203128,26,0.146982308229147,NA,NA,NA,NA,NA,NA,NA,NA,NA,NA,"Take","","비교 자료 부족",TRUE,FALSE,NA,"W per selected current decision; not PA sum",2023,"swing","BCAP-SWING-v0.2.0","EXPERIMENTAL","bcap_swing_r_history__mlb_2023__20260928__r01",255,"해당 연도 안에서 별도 적합",2023-03-30,2023-10-01,"연도 간 측정·분류·표본 차이 가능","columns/001-ball-count/analysis/runs/bcap_swing_r_history__mlb_2023__20260928__r01/artifacts/year_values.csv","columns/001-ball-count/analysis/runs/bcap_swing_r_history__mlb_2023__20260928__r01/manifest.json","자료 부족"
"region_pitch","2-0","INSIDE","NFB",794,695,0.875314861460957,592,695,348,307,0.234256926952141,0.260431654676259,0.765743073047859,0.739568345323741,0.493669064748201,"Take","Swing_including_bunts",514,497.45766950672,463,0.00702881569770579,181,133.390206261984,172,0.0231667779149774,NA,NA,NA,NA,NA,NA,NA,NA,NA,NA,"Take","","비교 자료 부족",TRUE,FALSE,NA,"W per selected current decision; not PA sum",2023,"swing","BCAP-SWING-v0.2.0","EXPERIMENTAL","bcap_swing_r_history__mlb_2023__20260928__r01",255,"해당 연도 안에서 별도 적합",2023-03-30,2023-10-01,"연도 간 측정·분류·표본 차이 가능","columns/001-ball-count/analysis/runs/bcap_swing_r_history__mlb_2023__20260928__r01/artifacts/year_values.csv","columns/001-ball-count/analysis/runs/bcap_swing_r_history__mlb_2023__20260928__r01/manifest.json","자료 부족"
"region_pitch","2-1","HIGH","NFB",887,828,0.93348365276212,695,828,373,357,0.146561443066516,0.157004830917874,0.853438556933484,0.842995169082126,0.421194444444444,"Take","Swing_including_bunts",698,558.916916339814,606,0.00825582220065374,130,99.7218676475056,124,0.045870314347002,NA,NA,NA,NA,NA,NA,NA,NA,NA,NA,"Take","","비교 자료 부족",TRUE,FALSE,NA,"W per selected current decision; not PA sum",2023,"swing","BCAP-SWING-v0.2.0","EXPERIMENTAL","bcap_swing_r_history__mlb_2023__20260928__r01",255,"해당 연도 안에서 별도 적합",2023-03-30,2023-10-01,"연도 간 측정·분류·표본 차이 가능","columns/001-ball-count/analysis/runs/bcap_swing_r_history__mlb_2023__20260928__r01/artifacts/year_values.csv","columns/001-ball-count/analysis/runs/bcap_swing_r_history__mlb_2023__20260928__r01/manifest.json","자료 부족"
"region_pitch","3-0","CENTER","NFB",190,189,0.994736842105263,177,189,127,140,0.178947368421053,0.17989417989418,0.821052631578947,0.82010582010582,0.486269841269841,"Take","Swing_including_bunts",155,153.189595230171,148,0.0167536412398587,34,31.0367366316863,34,0.0534024908722321,NA,NA,NA,NA,NA,NA,NA,NA,NA,NA,"Take","","비교 자료 부족",TRUE,FALSE,NA,"W per selected current decision; not PA sum",2023,"swing","BCAP-SWING-v0.2.0","EXPERIMENTAL","bcap_swing_r_history__mlb_2023__20260928__r01",255,"해당 연도 안에서 별도 적합",2023-03-30,2023-10-01,"연도 간 측정·분류·표본 차이 가능","columns/001-ball-count/analysis/runs/bcap_swing_r_history__mlb_2023__20260928__r01/artifacts/year_values.csv","columns/001-ball-count/analysis/runs/bcap_swing_r_history__mlb_2023__20260928__r01/manifest.json","자료 부족"
"region_pitch","3-0","HIGH","FB",1024,668,0.65234375,553,668,365,322,0.03125,0.0464071856287425,0.96875,0.953592814371257,0.633025449101796,"Take","Swing_including_bunts",637,635.170636719441,534,0.00613844460066521,31,27.5370029368167,31,0.0635189193619679,NA,NA,NA,NA,NA,NA,NA,NA,NA,NA,"Take","","비교 자료 부족",TRUE,FALSE,NA,"W per selected current decision; not PA sum",2023,"swing","BCAP-SWING-v0.2.0","EXPERIMENTAL","bcap_swing_r_history__mlb_2023__20260928__r01",255,"해당 연도 안에서 별도 적합",2023-03-30,2023-10-01,"연도 간 측정·분류·표본 차이 가능","columns/001-ball-count/analysis/runs/bcap_swing_r_history__mlb_2023__20260928__r01/artifacts/year_values.csv","columns/001-ball-count/analysis/runs/bcap_swing_r_history__mlb_2023__20260928__r01/manifest.json","자료 부족"
"region_pitch","3-0","HIGH","NFB",32,24,0.75,24,24,24,23,0.0625,0.0833333333333333,0.9375,0.916666666666667,0.609,"Take","Swing_including_bunts",22,21.8731589115386,22,0.0548050454823356,2,1.93826173592837,2,0.589236186037549,NA,NA,NA,NA,NA,NA,NA,NA,NA,NA,"Take","","비교 자료 부족",TRUE,FALSE,NA,"W per selected current decision; not PA sum",2023,"swing","BCAP-SWING-v0.2.0","EXPERIMENTAL","bcap_swing_r_history__mlb_2023__20260928__r01",255,"해당 연도 안에서 별도 적합",2023-03-30,2023-10-01,"연도 간 측정·분류·표본 차이 가능","columns/001-ball-count/analysis/runs/bcap_swing_r_history__mlb_2023__20260928__r01/artifacts/year_values.csv","columns/001-ball-count/analysis/runs/bcap_swing_r_history__mlb_2023__20260928__r01/manifest.json","자료 부족"
"region_pitch","3-0","INSIDE","FB",821,601,0.732034104750305,534,601,355,320,0.0706455542021925,0.0898502495840266,0.929354445797808,0.910149750415973,0.599685524126456,"Take","Swing_including_bunts",547,545.639391032515,491,0.0055657658652446,54,47.9547396421815,52,0.0485300927919716,NA,NA,NA,NA,NA,NA,NA,NA,NA,NA,"Take","","비교 자료 부족",TRUE,FALSE,NA,"W per selected current decision; not PA sum",2023,"swing","BCAP-SWING-v0.2.0","EXPERIMENTAL","bcap_swing_r_history__mlb_2023__20260928__r01",255,"해당 연도 안에서 별도 적합",2023-03-30,2023-10-01,"연도 간 측정·분류·표본 차이 가능","columns/001-ball-count/analysis/runs/bcap_swing_r_history__mlb_2023__20260928__r01/artifacts/year_values.csv","columns/001-ball-count/analysis/runs/bcap_swing_r_history__mlb_2023__20260928__r01/manifest.json","자료 부족"
"region_pitch","3-0","INSIDE","NFB",51,43,0.843137254901961,42,43,40,39,0.0196078431372549,0.0232558139534884,0.980392156862745,0.976744186046512,0.725674418604651,"Take","Swing_including_bunts",42,41.6453075111849,41,0.0499727065474514,1,1,1,1,NA,NA,NA,NA,NA,NA,NA,NA,NA,NA,"Take","","비교 자료 부족",TRUE,FALSE,NA,"W per selected current decision; not PA sum",2023,"swing","BCAP-SWING-v0.2.0","EXPERIMENTAL","bcap_swing_r_history__mlb_2023__20260928__r01",255,"해당 연도 안에서 별도 적합",2023-03-30,2023-10-01,"연도 간 측정·분류·표본 차이 가능","columns/001-ball-count/analysis/runs/bcap_swing_r_history__mlb_2023__20260928__r01/artifacts/year_values.csv","columns/001-ball-count/analysis/runs/bcap_swing_r_history__mlb_2023__20260928__r01/manifest.json","자료 부족"
"region_pitch","3-0","LOW","FB",756,582,0.76984126984127,510,582,332,308,0.041005291005291,0.0515463917525773,0.958994708994709,0.948453608247423,0.634666666666667,"Take","Swing_including_bunts",552,550.733710476767,489,0.0055464919664194,30,26.9397421344807,30,0.0550012342594377,NA,NA,NA,NA,NA,NA,NA,NA,NA,NA,"Take","","비교 자료 부족",TRUE,FALSE,NA,"W per selected current decision; not PA sum",2023,"swing","BCAP-SWING-v0.2.0","EXPERIMENTAL","bcap_swing_r_history__mlb_2023__20260928__r01",255,"해당 연도 안에서 별도 적합",2023-03-30,2023-10-01,"연도 간 측정·분류·표본 차이 가능","columns/001-ball-count/analysis/runs/bcap_swing_r_history__mlb_2023__20260928__r01/artifacts/year_values.csv","columns/001-ball-count/analysis/runs/bcap_swing_r_history__mlb_2023__20260928__r01/manifest.json","자료 부족"
"region_pitch","3-0","LOW","NFB",92,75,0.815217391304348,73,75,62,64,0.108695652173913,0.133333333333333,0.891304347826087,0.866666666666667,0.536266666666667,"Take","Swing_including_bunts",65,64.700931880087,63,0.0309147518133706,10,8.72545386636136,10,0.186908994681719,NA,NA,NA,NA,NA,NA,NA,NA,NA,NA,"Take","","비교 자료 부족",TRUE,FALSE,NA,"W per selected current decision; not PA sum",2023,"swing","BCAP-SWING-v0.2.0","EXPERIMENTAL","bcap_swing_r_history__mlb_2023__20260928__r01",255,"해당 연도 안에서 별도 적합",2023-03-30,2023-10-01,"연도 간 측정·분류·표본 차이 가능","columns/001-ball-count/analysis/runs/bcap_swing_r_history__mlb_2023__20260928__r01/artifacts/year_values.csv","columns/001-ball-count/analysis/runs/bcap_swing_r_history__mlb_2023__20260928__r01/manifest.json","자료 부족"
"region_pitch","3-0","OUTSIDE","FB",1334,948,0.710644677661169,779,948,444,367,0.0314842578710645,0.0432489451476793,0.968515742128936,0.956751054852321,0.61039029535865,"Take","Swing_including_bunts",907,905.264683304083,755,0.00443418303792998,41,37.070235896361,41,0.0413978947049699,NA,NA,NA,NA,NA,NA,NA,NA,NA,NA,"Take","","비교 자료 부족",TRUE,FALSE,NA,"W per selected current decision; not PA sum",2023,"swing","BCAP-SWING-v0.2.0","EXPERIMENTAL","bcap_swing_r_history__mlb_2023__20260928__r01",255,"해당 연도 안에서 별도 적합",2023-03-30,2023-10-01,"연도 간 측정·분류·표본 차이 가능","columns/001-ball-count/analysis/runs/bcap_swing_r_history__mlb_2023__20260928__r01/artifacts/year_values.csv","columns/001-ball-count/analysis/runs/bcap_swing_r_history__mlb_2023__20260928__r01/manifest.json","자료 부족"
"region_pitch","3-0","OUTSIDE","NFB",99,74,0.747474747474748,72,74,62,61,0.0505050505050505,0.0675675675675676,0.949494949494949,0.932432432432432,0.626337837837838,"Take","Swing_including_bunts",69,68.7869640636414,67,0.0296308352498278,5,4.8388979860319,5,0.250766015672407,NA,NA,NA,NA,NA,NA,NA,NA,NA,NA,"Take","","비교 자료 부족",TRUE,FALSE,NA,"W per selected current decision; not PA sum",2023,"swing","BCAP-SWING-v0.2.0","EXPERIMENTAL","bcap_swing_r_history__mlb_2023__20260928__r01",255,"해당 연도 안에서 별도 적합",2023-03-30,2023-10-01,"연도 간 측정·분류·표본 차이 가능","columns/001-ball-count/analysis/runs/bcap_swing_r_history__mlb_2023__20260928__r01/artifacts/year_values.csv","columns/001-ball-count/analysis/runs/bcap_swing_r_history__mlb_2023__20260928__r01/manifest.json","자료 부족"
"region_pitch","3-1","HIGH","NFB",226,205,0.907079646017699,196,205,149,161,0.084070796460177,0.0926829268292683,0.915929203539823,0.907317073170732,0.620556097560976,"Take","Swing_including_bunts",186,161.586352688449,178,0.0145744117849474,19,15.252688775006,19,0.148556799825694,NA,NA,NA,NA,NA,NA,NA,NA,NA,NA,"Take","","비교 자료 부족",TRUE,FALSE,NA,"W per selected current decision; not PA sum",2023,"swing","BCAP-SWING-v0.2.0","EXPERIMENTAL","bcap_swing_r_history__mlb_2023__20260928__r01",255,"해당 연도 안에서 별도 적합",2023-03-30,2023-10-01,"연도 간 측정·분류·표본 차이 가능","columns/001-ball-count/analysis/runs/bcap_swing_r_history__mlb_2023__20260928__r01/artifacts/year_values.csv","columns/001-ball-count/analysis/runs/bcap_swing_r_history__mlb_2023__20260928__r01/manifest.json","자료 부족"
"region_pitch","3-1","INSIDE","NFB",463,438,0.946004319654428,392,438,253,248,0.315334773218143,0.333333333333333,0.684665226781857,0.666666666666667,0.554684931506849,"Take","Swing_including_bunts",292,264.512081794475,269,0.0118200621750371,146,108.193191903671,143,0.029107150561524,NA,NA,NA,NA,NA,NA,NA,NA,NA,NA,"Take","","비교 자료 부족",TRUE,FALSE,NA,"W per selected current decision; not PA sum",2023,"swing","BCAP-SWING-v0.2.0","EXPERIMENTAL","bcap_swing_r_history__mlb_2023__20260928__r01",255,"해당 연도 안에서 별도 적합",2023-03-30,2023-10-01,"연도 간 측정·분류·표본 차이 가능","columns/001-ball-count/analysis/runs/bcap_swing_r_history__mlb_2023__20260928__r01/artifacts/year_values.csv","columns/001-ball-count/analysis/runs/bcap_swing_r_history__mlb_2023__20260928__r01/manifest.json","자료 부족"
"region_pitch","3-1","OUTSIDE","NFB",805,762,0.946583850931677,655,762,358,338,0.250931677018634,0.261154855643045,0.749068322981366,0.738845144356955,0.56042125984252,"Take","Swing_including_bunts",563,512.479634511663,502,0.00686607766425973,199,129.664692306099,190,0.0273748624293037,NA,NA,NA,NA,NA,NA,NA,NA,NA,NA,"Take","","비교 자료 부족",TRUE,FALSE,NA,"W per selected current decision; not PA sum",2023,"swing","BCAP-SWING-v0.2.0","EXPERIMENTAL","bcap_swing_r_history__mlb_2023__20260928__r01",255,"해당 연도 안에서 별도 적합",2023-03-30,2023-10-01,"연도 간 측정·분류·표본 차이 가능","columns/001-ball-count/analysis/runs/bcap_swing_r_history__mlb_2023__20260928__r01/artifacts/year_values.csv","columns/001-ball-count/analysis/runs/bcap_swing_r_history__mlb_2023__20260928__r01/manifest.json","자료 부족"
"region","3-0","HIGH","ALL",852,543,0.637323943661972,474,543,324,310,0.0375586854460094,0.0589318600368324,0.962441314553991,0.941068139963168,0.610650092081031,"Take","Swing_including_bunts",511,510.021009742938,446,0.00764749065544095,32,29.0407052672807,32,0.0549247149855311,NA,NA,NA,NA,NA,NA,NA,NA,NA,NA,"Take","","비교 자료 부족",TRUE,FALSE,NA,"W per selected current decision; not PA sum",2024,"swing","BCAP-SWING-v0.2.0","EXPERIMENTAL","bcap_swing_r__mlb_2024_2025__20260928__r01",219,"2024·2025 공유 적합의 연도 하위집단",NA,NA,"연도 간 측정·분류·표본 차이 가능","columns/001-ball-count/analysis/runs/bcap_swing_r__mlb_2024_2025__20260928__r01/artifacts/year_values.csv","columns/001-ball-count/analysis/runs/bcap_swing_r__mlb_2024_2025__20260928__r01/manifest.json","자료 부족"
"region","3-0","INSIDE","ALL",770,563,0.731168831168831,491,563,354,306,0.0623376623376623,0.0834813499111901,0.937662337662338,0.91651865008881,0.601186500888099,"Take","Swing_including_bunts",516,514.808420967388,451,0.00609740887900136,47,41.8950279234814,46,0.041571757618614,NA,NA,NA,NA,NA,NA,NA,NA,NA,NA,"Take","","비교 자료 부족",TRUE,FALSE,NA,"W per selected current decision; not PA sum",2024,"swing","BCAP-SWING-v0.2.0","EXPERIMENTAL","bcap_swing_r__mlb_2024_2025__20260928__r01",219,"2024·2025 공유 적합의 연도 하위집단",NA,NA,"연도 간 측정·분류·표본 차이 가능","columns/001-ball-count/analysis/runs/bcap_swing_r__mlb_2024_2025__20260928__r01/artifacts/year_values.csv","columns/001-ball-count/analysis/runs/bcap_swing_r__mlb_2024_2025__20260928__r01/manifest.json","자료 부족"
"region","3-0","LOW","ALL",737,545,0.739484396200814,484,545,323,289,0.0529172320217096,0.0715596330275229,0.94708276797829,0.928440366972477,0.632510091743119,"Take","Swing_including_bunts",506,504.800709165855,452,0.00818961162110931,39,33.8004685504945,39,0.0471015847398847,NA,NA,NA,NA,NA,NA,NA,NA,NA,NA,"Take","","비교 자료 부족",TRUE,FALSE,NA,"W per selected current decision; not PA sum",2024,"swing","BCAP-SWING-v0.2.0","EXPERIMENTAL","bcap_swing_r__mlb_2024_2025__20260928__r01",219,"2024·2025 공유 적합의 연도 하위집단",NA,NA,"연도 간 측정·분류·표본 차이 가능","columns/001-ball-count/analysis/runs/bcap_swing_r__mlb_2024_2025__20260928__r01/artifacts/year_values.csv","columns/001-ball-count/analysis/runs/bcap_swing_r__mlb_2024_2025__20260928__r01/manifest.json","자료 부족"
"region","3-0","OUTSIDE","ALL",1372,990,0.721574344023324,800,990,446,406,0.0313411078717201,0.0434343434343434,0.96865889212828,0.956565656565657,0.603341414141414,"Take","Swing_including_bunts",947,944.730604768635,774,0.00418171633976409,43,37.9418000716121,43,0.0434554647961232,NA,NA,NA,NA,NA,NA,NA,NA,NA,NA,"Take","","비교 자료 부족",TRUE,FALSE,NA,"W per selected current decision; not PA sum",2024,"swing","BCAP-SWING-v0.2.0","EXPERIMENTAL","bcap_swing_r__mlb_2024_2025__20260928__r01",219,"2024·2025 공유 적합의 연도 하위집단",NA,NA,"연도 간 측정·분류·표본 차이 가능","columns/001-ball-count/analysis/runs/bcap_swing_r__mlb_2024_2025__20260928__r01/artifacts/year_values.csv","columns/001-ball-count/analysis/runs/bcap_swing_r__mlb_2024_2025__20260928__r01/manifest.json","자료 부족"
"region_pitch","0-1","HIGH","NFB",1823,1630,0.894130554031816,1114,1630,506,459,0.131651124520022,0.147239263803681,0.868348875479978,0.852760736196319,0.275849693251534,"Take","Swing_including_bunts",1390,1114.06832418194,994,0.00420263641531902,240,186.119813719806,221,0.0179934352964337,NA,NA,NA,NA,NA,NA,NA,NA,NA,NA,"Take","","비교 자료 부족",TRUE,FALSE,NA,"W per selected current decision; not PA sum",2024,"swing","BCAP-SWING-v0.2.0","EXPERIMENTAL","bcap_swing_r__mlb_2024_2025__20260928__r01",219,"2024·2025 공유 적합의 연도 하위집단",NA,NA,"연도 간 측정·분류·표본 차이 가능","columns/001-ball-count/analysis/runs/bcap_swing_r__mlb_2024_2025__20260928__r01/artifacts/year_values.csv","columns/001-ball-count/analysis/runs/bcap_swing_r__mlb_2024_2025__20260928__r01/manifest.json","자료 부족"
"region_pitch","0-2","HIGH","NFB",711,670,0.942334739803094,567,669,319,345,0.206751054852321,0.217910447761194,0.793248945147679,0.782089552238806,0.218567164179104,"Take","Swing_including_bunts",524,285.37065919629,464,0.0142506870825616,146,104.072441606454,140,0.0311032912601098,NA,NA,NA,NA,NA,NA,NA,NA,NA,NA,"Take","","비교 자료 부족",TRUE,FALSE,NA,"W per selected current decision; not PA sum",2024,"swing","BCAP-SWING-v0.2.0","EXPERIMENTAL","bcap_swing_r__mlb_2024_2025__20260928__r01",219,"2024·2025 공유 적합의 연도 하위집단",NA,NA,"연도 간 측정·분류·표본 차이 가능","columns/001-ball-count/analysis/runs/bcap_swing_r__mlb_2024_2025__20260928__r01/artifacts/year_values.csv","columns/001-ball-count/analysis/runs/bcap_swing_r__mlb_2024_2025__20260928__r01/manifest.json","자료 부족"
"region_pitch","1-0","HIGH","NFB",1584,1372,0.866161616161616,1027,1372,480,438,0.0833333333333333,0.0962099125364431,0.916666666666667,0.903790087463557,0.383801749271137,"Take","Swing_including_bunts",1240,1163.84721638406,950,0.00424657466347431,132,85.9742369232374,126,0.039110664638981,NA,NA,NA,NA,NA,NA,NA,NA,NA,NA,"Take","","비교 자료 부족",TRUE,FALSE,NA,"W per selected current decision; not PA sum",2024,"swing","BCAP-SWING-v0.2.0","EXPERIMENTAL","bcap_swing_r__mlb_2024_2025__20260928__r01",219,"2024·2025 공유 적합의 연도 하위집단",NA,NA,"연도 간 측정·분류·표본 차이 가능","columns/001-ball-count/analysis/runs/bcap_swing_r__mlb_2024_2025__20260928__r01/artifacts/year_values.csv","columns/001-ball-count/analysis/runs/bcap_swing_r__mlb_2024_2025__20260928__r01/manifest.json","자료 부족"
"region_pitch","2-0","HIGH","NFB",447,379,0.847874720357942,328,379,235,238,0.0648769574944072,0.0765171503957784,0.935123042505593,0.923482849604222,0.511324538258575,"Take","Swing_including_bunts",350,335.666660574094,307,0.0164576316975187,29,19.424463871074,29,0.117583702301947,NA,NA,NA,NA,NA,NA,NA,NA,NA,NA,"Take","","비교 자료 부족",TRUE,FALSE,NA,"W per selected current decision; not PA sum",2024,"swing","BCAP-SWING-v0.2.0","EXPERIMENTAL","bcap_swing_r__mlb_2024_2025__20260928__r01",219,"2024·2025 공유 적합의 연도 하위집단",NA,NA,"연도 간 측정·분류·표본 차이 가능","columns/001-ball-count/analysis/runs/bcap_swing_r__mlb_2024_2025__20260928__r01/artifacts/year_values.csv","columns/001-ball-count/analysis/runs/bcap_swing_r__mlb_2024_2025__20260928__r01/manifest.json","자료 부족"
"region_pitch","2-0","INSIDE","NFB",760,669,0.880263157894737,565,669,336,333,0.248684210526316,0.275037369207773,0.751315789473684,0.724962630792227,0.494641255605381,"Take","Swing_including_bunts",485,469.149204476187,424,0.00678671480468425,184,123.176963695043,174,0.0245659437058027,NA,NA,NA,NA,NA,NA,NA,NA,NA,NA,"Take","","비교 자료 부족",TRUE,FALSE,NA,"W per selected current decision; not PA sum",2024,"swing","BCAP-SWING-v0.2.0","EXPERIMENTAL","bcap_swing_r__mlb_2024_2025__20260928__r01",219,"2024·2025 공유 적합의 연도 하위집단",NA,NA,"연도 간 측정·분류·표본 차이 가능","columns/001-ball-count/analysis/runs/bcap_swing_r__mlb_2024_2025__20260928__r01/artifacts/year_values.csv","columns/001-ball-count/analysis/runs/bcap_swing_r__mlb_2024_2025__20260928__r01/manifest.json","자료 부족"
"region_pitch","2-1","HIGH","NFB",830,768,0.925301204819277,635,768,350,353,0.131325301204819,0.140625,0.868674698795181,0.859375,0.385048177083333,"Take","Swing_including_bunts",660,504.637219845413,557,0.0100712737316618,108,81.5919117108014,105,0.0537812079516071,NA,NA,NA,NA,NA,NA,NA,NA,NA,NA,"Take","","비교 자료 부족",TRUE,FALSE,NA,"W per selected current decision; not PA sum",2024,"swing","BCAP-SWING-v0.2.0","EXPERIMENTAL","bcap_swing_r__mlb_2024_2025__20260928__r01",219,"2024·2025 공유 적합의 연도 하위집단",NA,NA,"연도 간 측정·분류·표본 차이 가능","columns/001-ball-count/analysis/runs/bcap_swing_r__mlb_2024_2025__20260928__r01/artifacts/year_values.csv","columns/001-ball-count/analysis/runs/bcap_swing_r__mlb_2024_2025__20260928__r01/manifest.json","자료 부족"
"region_pitch","3-0","CENTER","NFB",151,151,1,150,151,116,110,0.125827814569536,0.125827814569536,0.874172185430464,0.874172185430464,0.51082119205298,"Take","Swing_including_bunts",132,130.982003929521,131,0.015224979237556,19,16.8708555671933,19,0.126354898235389,NA,NA,NA,NA,NA,NA,NA,NA,NA,NA,"Take","","비교 자료 부족",TRUE,FALSE,NA,"W per selected current decision; not PA sum",2024,"swing","BCAP-SWING-v0.2.0","EXPERIMENTAL","bcap_swing_r__mlb_2024_2025__20260928__r01",219,"2024·2025 공유 적합의 연도 하위집단",NA,NA,"연도 간 측정·분류·표본 차이 가능","columns/001-ball-count/analysis/runs/bcap_swing_r__mlb_2024_2025__20260928__r01/artifacts/year_values.csv","columns/001-ball-count/analysis/runs/bcap_swing_r__mlb_2024_2025__20260928__r01/manifest.json","자료 부족"
"region_pitch","3-0","HIGH","FB",823,521,0.633049817739976,455,521,315,304,0.0376670716889429,0.0595009596928983,0.962332928311057,0.940499040307102,0.607579654510557,"Take","Swing_including_bunts",490,489.111568031608,428,0.00798470852134502,31,28.0620604618219,31,0.0571746530513474,NA,NA,NA,NA,NA,NA,NA,NA,NA,NA,"Take","","비교 자료 부족",TRUE,FALSE,NA,"W per selected current decision; not PA sum",2024,"swing","BCAP-SWING-v0.2.0","EXPERIMENTAL","bcap_swing_r__mlb_2024_2025__20260928__r01",219,"2024·2025 공유 적합의 연도 하위집단",NA,NA,"연도 간 측정·분류·표본 차이 가능","columns/001-ball-count/analysis/runs/bcap_swing_r__mlb_2024_2025__20260928__r01/artifacts/year_values.csv","columns/001-ball-count/analysis/runs/bcap_swing_r__mlb_2024_2025__20260928__r01/manifest.json","자료 부족"
"region_pitch","3-0","HIGH","NFB",29,22,0.758620689655172,22,22,20,22,0.0344827586206897,0.0454545454545455,0.96551724137931,0.954545454545455,0.683363636363636,"Take","Swing_including_bunts",21,20.9281254301464,21,0.0549598903288036,1,1,1,1,NA,NA,NA,NA,NA,NA,NA,NA,NA,NA,"Take","","비교 자료 부족",TRUE,FALSE,NA,"W per selected current decision; not PA sum",2024,"swing","BCAP-SWING-v0.2.0","EXPERIMENTAL","bcap_swing_r__mlb_2024_2025__20260928__r01",219,"2024·2025 공유 적합의 연도 하위집단",NA,NA,"연도 간 측정·분류·표본 차이 가능","columns/001-ball-count/analysis/runs/bcap_swing_r__mlb_2024_2025__20260928__r01/artifacts/year_values.csv","columns/001-ball-count/analysis/runs/bcap_swing_r__mlb_2024_2025__20260928__r01/manifest.json","자료 부족"
"region_pitch","3-0","INSIDE","FB",723,527,0.728907330567082,467,527,340,298,0.0622406639004149,0.0834914611005693,0.937759336099585,0.916508538899431,0.604339658444023,"Take","Swing_including_bunts",483,481.942641875725,430,0.00652329415309162,44,39.4536657833043,43,0.0441473808382102,NA,NA,NA,NA,NA,NA,NA,NA,NA,NA,"Take","","비교 자료 부족",TRUE,FALSE,NA,"W per selected current decision; not PA sum",2024,"swing","BCAP-SWING-v0.2.0","EXPERIMENTAL","bcap_swing_r__mlb_2024_2025__20260928__r01",219,"2024·2025 공유 적합의 연도 하위집단",NA,NA,"연도 간 측정·분류·표본 차이 가능","columns/001-ball-count/analysis/runs/bcap_swing_r__mlb_2024_2025__20260928__r01/artifacts/year_values.csv","columns/001-ball-count/analysis/runs/bcap_swing_r__mlb_2024_2025__20260928__r01/manifest.json","자료 부족"
"region_pitch","3-0","INSIDE","NFB",47,36,0.765957446808511,35,36,30,36,0.0638297872340426,0.0833333333333333,0.936170212765957,0.916666666666667,0.555027777777778,"Take","Swing_including_bunts",33,32.8830110662254,32,0.0578902759523636,3,2.44136567844268,3,0.532641679433117,NA,NA,NA,NA,NA,NA,NA,NA,NA,NA,"Take","","비교 자료 부족",TRUE,FALSE,NA,"W per selected current decision; not PA sum",2024,"swing","BCAP-SWING-v0.2.0","EXPERIMENTAL","bcap_swing_r__mlb_2024_2025__20260928__r01",219,"2024·2025 공유 적합의 연도 하위집단",NA,NA,"연도 간 측정·분류·표본 차이 가능","columns/001-ball-count/analysis/runs/bcap_swing_r__mlb_2024_2025__20260928__r01/artifacts/year_values.csv","columns/001-ball-count/analysis/runs/bcap_swing_r__mlb_2024_2025__20260928__r01/manifest.json","자료 부족"
"region_pitch","3-0","LOW","FB",644,475,0.737577639751553,426,475,295,274,0.0419254658385093,0.0568421052631579,0.958074534161491,0.943157894736842,0.635273684210526,"Take","Swing_including_bunts",448,447.203549391022,405,0.00680737454678623,27,23.7308963222354,27,0.0651173444918366,NA,NA,NA,NA,NA,NA,NA,NA,NA,NA,"Take","","비교 자료 부족",TRUE,FALSE,NA,"W per selected current decision; not PA sum",2024,"swing","BCAP-SWING-v0.2.0","EXPERIMENTAL","bcap_swing_r__mlb_2024_2025__20260928__r01",219,"2024·2025 공유 적합의 연도 하위집단",NA,NA,"연도 간 측정·분류·표본 차이 가능","columns/001-ball-count/analysis/runs/bcap_swing_r__mlb_2024_2025__20260928__r01/artifacts/year_values.csv","columns/001-ball-count/analysis/runs/bcap_swing_r__mlb_2024_2025__20260928__r01/manifest.json","자료 부족"
"region_pitch","3-0","LOW","NFB",93,70,0.752688172043011,68,70,55,60,0.129032258064516,0.171428571428571,0.870967741935484,0.828571428571429,0.613757142857143,"Take","Swing_including_bunts",58,57.6551208068649,56,0.0328397622986207,12,10.1548687111983,12,0.148188857459203,NA,NA,NA,NA,NA,NA,NA,NA,NA,NA,"Take","","비교 자료 부족",TRUE,FALSE,NA,"W per selected current decision; not PA sum",2024,"swing","BCAP-SWING-v0.2.0","EXPERIMENTAL","bcap_swing_r__mlb_2024_2025__20260928__r01",219,"2024·2025 공유 적합의 연도 하위집단",NA,NA,"연도 간 측정·분류·표본 차이 가능","columns/001-ball-count/analysis/runs/bcap_swing_r__mlb_2024_2025__20260928__r01/artifacts/year_values.csv","columns/001-ball-count/analysis/runs/bcap_swing_r__mlb_2024_2025__20260928__r01/manifest.json","자료 부족"
"region_pitch","3-0","OUTSIDE","FB",1277,914,0.715740015661707,753,914,427,393,0.0281910728269381,0.0393873085339169,0.971808927173062,0.960612691466083,0.601653172866521,"Take","Swing_including_bunts",878,876.085919112593,727,0.00451958807231663,36,31.3551093508311,36,0.0521574899151203,NA,NA,NA,NA,NA,NA,NA,NA,NA,NA,"Take","","비교 자료 부족",TRUE,FALSE,NA,"W per selected current decision; not PA sum",2024,"swing","BCAP-SWING-v0.2.0","EXPERIMENTAL","bcap_swing_r__mlb_2024_2025__20260928__r01",219,"2024·2025 공유 적합의 연도 하위집단",NA,NA,"연도 간 측정·분류·표본 차이 가능","columns/001-ball-count/analysis/runs/bcap_swing_r__mlb_2024_2025__20260928__r01/artifacts/year_values.csv","columns/001-ball-count/analysis/runs/bcap_swing_r__mlb_2024_2025__20260928__r01/manifest.json","자료 부족"
"region_pitch","3-0","OUTSIDE","NFB",95,76,0.8,73,76,68,68,0.0736842105263158,0.0921052631578947,0.926315789473684,0.907894736842105,0.623644736842105,"Take","Swing_including_bunts",69,68.7029581174398,66,0.0306138530649971,7,6.5997956720654,7,0.19078210647167,NA,NA,NA,NA,NA,NA,NA,NA,NA,NA,"Take","","비교 자료 부족",TRUE,FALSE,NA,"W per selected current decision; not PA sum",2024,"swing","BCAP-SWING-v0.2.0","EXPERIMENTAL","bcap_swing_r__mlb_2024_2025__20260928__r01",219,"2024·2025 공유 적합의 연도 하위집단",NA,NA,"연도 간 측정·분류·표본 차이 가능","columns/001-ball-count/analysis/runs/bcap_swing_r__mlb_2024_2025__20260928__r01/artifacts/year_values.csv","columns/001-ball-count/analysis/runs/bcap_swing_r__mlb_2024_2025__20260928__r01/manifest.json","자료 부족"
"region_pitch","3-1","HIGH","NFB",183,167,0.912568306010929,161,167,129,127,0.0874316939890711,0.0958083832335329,0.912568306010929,0.904191616766467,0.578802395209581,"Take","Swing_including_bunts",151,139.89348052179,146,0.0197881152273154,16,14.7651533457482,16,0.0916209681107058,NA,NA,NA,NA,NA,NA,NA,NA,NA,NA,"Take","","비교 자료 부족",TRUE,FALSE,NA,"W per selected current decision; not PA sum",2024,"swing","BCAP-SWING-v0.2.0","EXPERIMENTAL","bcap_swing_r__mlb_2024_2025__20260928__r01",219,"2024·2025 공유 적합의 연도 하위집단",NA,NA,"연도 간 측정·분류·표본 차이 가능","columns/001-ball-count/analysis/runs/bcap_swing_r__mlb_2024_2025__20260928__r01/artifacts/year_values.csv","columns/001-ball-count/analysis/runs/bcap_swing_r__mlb_2024_2025__20260928__r01/manifest.json","자료 부족"
"region_pitch","3-1","INSIDE","NFB",403,382,0.947890818858561,351,382,255,231,0.334987593052109,0.353403141361257,0.665012406947891,0.646596858638743,0.539782722513089,"Take","Swing_including_bunts",247,227.700762247306,228,0.0142826110482743,135,91.2633936890695,132,0.0318191390715651,NA,NA,NA,NA,NA,NA,NA,NA,NA,NA,"Take","","비교 자료 부족",TRUE,FALSE,NA,"W per selected current decision; not PA sum",2024,"swing","BCAP-SWING-v0.2.0","EXPERIMENTAL","bcap_swing_r__mlb_2024_2025__20260928__r01",219,"2024·2025 공유 적합의 연도 하위집단",NA,NA,"연도 간 측정·분류·표본 차이 가능","columns/001-ball-count/analysis/runs/bcap_swing_r__mlb_2024_2025__20260928__r01/artifacts/year_values.csv","columns/001-ball-count/analysis/runs/bcap_swing_r__mlb_2024_2025__20260928__r01/manifest.json","자료 부족"
"region_pitch","3-1","OUTSIDE","NFB",721,694,0.962552011095701,606,694,349,319,0.29126213592233,0.301152737752161,0.70873786407767,0.698847262247839,0.543131123919308,"Take","Swing_including_bunts",485,451.740573095844,442,0.00735331625052451,209,128.175941347087,195,0.0260243494514817,NA,NA,NA,NA,NA,NA,NA,NA,NA,NA,"Take","","비교 자료 부족",TRUE,FALSE,NA,"W per selected current decision; not PA sum",2024,"swing","BCAP-SWING-v0.2.0","EXPERIMENTAL","bcap_swing_r__mlb_2024_2025__20260928__r01",219,"2024·2025 공유 적합의 연도 하위집단",NA,NA,"연도 간 측정·분류·표본 차이 가능","columns/001-ball-count/analysis/runs/bcap_swing_r__mlb_2024_2025__20260928__r01/artifacts/year_values.csv","columns/001-ball-count/analysis/runs/bcap_swing_r__mlb_2024_2025__20260928__r01/manifest.json","자료 부족"
"region_pitch","3-2","HIGH","NFB",682,664,0.973607038123167,555,659,337,333,0.263929618768328,0.269578313253012,0.736070381231672,0.730421686746988,0.506546686746988,"Take","Swing_including_bunts",485,296.563029456037,430,0.0138290664481177,179,160.258869693006,166,0.0194716370789196,NA,NA,NA,NA,NA,NA,NA,NA,NA,NA,"Take","","비교 자료 부족",TRUE,FALSE,NA,"W per selected current decision; not PA sum",2024,"swing","BCAP-SWING-v0.2.0","EXPERIMENTAL","bcap_swing_r__mlb_2024_2025__20260928__r01",219,"2024·2025 공유 적합의 연도 하위집단",NA,NA,"연도 간 측정·분류·표본 차이 가능","columns/001-ball-count/analysis/runs/bcap_swing_r__mlb_2024_2025__20260928__r01/artifacts/year_values.csv","columns/001-ball-count/analysis/runs/bcap_swing_r__mlb_2024_2025__20260928__r01/manifest.json","자료 부족"
"region","3-0","HIGH","ALL",931,562,0.603651987110634,494,562,350,305,0.0182599355531686,0.0302491103202847,0.981740064446831,0.969750889679715,0.632781138790036,"Take","Swing_including_bunts",545,543.553266464622,481,0.00755380204678225,17,15.7095205427086,17,0.0944884358697867,NA,NA,NA,NA,NA,NA,NA,NA,NA,NA,"Take","","비교 자료 부족",TRUE,FALSE,NA,"W per selected current decision; not PA sum",2025,"swing","BCAP-SWING-v0.2.0","EXPERIMENTAL","bcap_swing_r__mlb_2024_2025__20260928__r01",219,"2024·2025 공유 적합의 연도 하위집단",NA,NA,"연도 간 측정·분류·표본 차이 가능","columns/001-ball-count/analysis/runs/bcap_swing_r__mlb_2024_2025__20260928__r01/artifacts/year_values.csv","columns/001-ball-count/analysis/runs/bcap_swing_r__mlb_2024_2025__20260928__r01/manifest.json","자료 부족"
"region","3-0","INSIDE","ALL",868,594,0.684331797235023,532,594,350,312,0.0506912442396313,0.0707070707070707,0.949308755760369,0.929292929292929,0.620624579124579,"Take","Swing_including_bunts",552,550.526586615404,499,0.00593860163666135,42,37.654796887629,42,0.0407407297680811,NA,NA,NA,NA,NA,NA,NA,NA,NA,NA,"Take","","비교 자료 부족",TRUE,FALSE,NA,"W per selected current decision; not PA sum",2025,"swing","BCAP-SWING-v0.2.0","EXPERIMENTAL","bcap_swing_r__mlb_2024_2025__20260928__r01",219,"2024·2025 공유 적합의 연도 하위집단",NA,NA,"연도 간 측정·분류·표본 차이 가능","columns/001-ball-count/analysis/runs/bcap_swing_r__mlb_2024_2025__20260928__r01/artifacts/year_values.csv","columns/001-ball-count/analysis/runs/bcap_swing_r__mlb_2024_2025__20260928__r01/manifest.json","자료 부족"
"region","3-0","LOW","ALL",715,515,0.72027972027972,460,515,319,287,0.0433566433566434,0.058252427184466,0.956643356643357,0.941747572815534,0.640743689320388,"Take","Swing_including_bunts",485,483.88578032113,434,0.00658507040044183,30,26.4947785358498,30,0.0575677506398875,NA,NA,NA,NA,NA,NA,NA,NA,NA,NA,"Take","","비교 자료 부족",TRUE,FALSE,NA,"W per selected current decision; not PA sum",2025,"swing","BCAP-SWING-v0.2.0","EXPERIMENTAL","bcap_swing_r__mlb_2024_2025__20260928__r01",219,"2024·2025 공유 적합의 연도 하위집단",NA,NA,"연도 간 측정·분류·표본 차이 가능","columns/001-ball-count/analysis/runs/bcap_swing_r__mlb_2024_2025__20260928__r01/artifacts/year_values.csv","columns/001-ball-count/analysis/runs/bcap_swing_r__mlb_2024_2025__20260928__r01/manifest.json","자료 부족"
"region","3-0","OUTSIDE","ALL",1460,1000,0.684931506849315,804,1000,467,392,0.026027397260274,0.037,0.973972602739726,0.963,0.630443,"Take","Swing_including_bunts",963,960.834104369836,781,0.00514378123874756,37,31.7685458414097,37,0.0495747475406478,NA,NA,NA,NA,NA,NA,NA,NA,NA,NA,"Take","","비교 자료 부족",TRUE,FALSE,NA,"W per selected current decision; not PA sum",2025,"swing","BCAP-SWING-v0.2.0","EXPERIMENTAL","bcap_swing_r__mlb_2024_2025__20260928__r01",219,"2024·2025 공유 적합의 연도 하위집단",NA,NA,"연도 간 측정·분류·표본 차이 가능","columns/001-ball-count/analysis/runs/bcap_swing_r__mlb_2024_2025__20260928__r01/artifacts/year_values.csv","columns/001-ball-count/analysis/runs/bcap_swing_r__mlb_2024_2025__20260928__r01/manifest.json","자료 부족"
"region_pitch","0-2","HIGH","NFB",662,636,0.960725075528701,548,632,327,327,0.235649546827795,0.243710691823899,0.764350453172205,0.756289308176101,0.209125786163522,"Take","Swing_including_bunts",481,299.525935109529,424,0.0172062286128403,155,105.349926132306,149,0.0426832603747412,NA,NA,NA,NA,NA,NA,NA,NA,NA,NA,"Take","","비교 자료 부족",TRUE,FALSE,NA,"W per selected current decision; not PA sum",2025,"swing","BCAP-SWING-v0.2.0","EXPERIMENTAL","bcap_swing_r__mlb_2024_2025__20260928__r01",219,"2024·2025 공유 적합의 연도 하위집단",NA,NA,"연도 간 측정·분류·표본 차이 가능","columns/001-ball-count/analysis/runs/bcap_swing_r__mlb_2024_2025__20260928__r01/artifacts/year_values.csv","columns/001-ball-count/analysis/runs/bcap_swing_r__mlb_2024_2025__20260928__r01/manifest.json","자료 부족"
"region_pitch","0-2","LOW","FB",1180,1080,0.915254237288136,834,1075,390,412,0.188135593220339,0.202777777777778,0.811864406779661,0.797222222222222,0.20465,"Take","Swing_including_bunts",861,630.599751692645,704,0.00575086915026292,219,140.36417819921,196,0.0253596139237685,NA,NA,NA,NA,NA,NA,NA,NA,NA,NA,"Take","","비교 자료 부족",TRUE,FALSE,NA,"W per selected current decision; not PA sum",2025,"swing","BCAP-SWING-v0.2.0","EXPERIMENTAL","bcap_swing_r__mlb_2024_2025__20260928__r01",219,"2024·2025 공유 적합의 연도 하위집단",NA,NA,"연도 간 측정·분류·표본 차이 가능","columns/001-ball-count/analysis/runs/bcap_swing_r__mlb_2024_2025__20260928__r01/artifacts/year_values.csv","columns/001-ball-count/analysis/runs/bcap_swing_r__mlb_2024_2025__20260928__r01/manifest.json","자료 부족"
"region_pitch","1-0","HIGH","NFB",1570,1339,0.852866242038217,976,1339,484,444,0.0662420382165605,0.0769230769230769,0.93375796178344,0.923076923076923,0.40247498132935,"Take","Swing_including_bunts",1236,1172.60626775468,928,0.00493988536201719,103,77.3957455690665,100,0.0499877590071788,NA,NA,NA,NA,NA,NA,NA,NA,NA,NA,"Take","","비교 자료 부족",TRUE,FALSE,NA,"W per selected current decision; not PA sum",2025,"swing","BCAP-SWING-v0.2.0","EXPERIMENTAL","bcap_swing_r__mlb_2024_2025__20260928__r01",219,"2024·2025 공유 적합의 연도 하위집단",NA,NA,"연도 간 측정·분류·표본 차이 가능","columns/001-ball-count/analysis/runs/bcap_swing_r__mlb_2024_2025__20260928__r01/artifacts/year_values.csv","columns/001-ball-count/analysis/runs/bcap_swing_r__mlb_2024_2025__20260928__r01/manifest.json","자료 부족"
"region_pitch","1-1","HIGH","NFB",1639,1495,0.912141549725442,1072,1495,502,449,0.140939597315436,0.153177257525084,0.859060402684564,0.846822742474916,0.343551170568562,"Take","Swing_including_bunts",1266,998.382663927815,954,0.00533408704464346,229,152.564970996679,214,0.0407935292381838,NA,NA,NA,NA,NA,NA,NA,NA,NA,NA,"Take","","비교 자료 부족",TRUE,FALSE,NA,"W per selected current decision; not PA sum",2025,"swing","BCAP-SWING-v0.2.0","EXPERIMENTAL","bcap_swing_r__mlb_2024_2025__20260928__r01",219,"2024·2025 공유 적합의 연도 하위집단",NA,NA,"연도 간 측정·분류·표본 차이 가능","columns/001-ball-count/analysis/runs/bcap_swing_r__mlb_2024_2025__20260928__r01/artifacts/year_values.csv","columns/001-ball-count/analysis/runs/bcap_swing_r__mlb_2024_2025__20260928__r01/manifest.json","자료 부족"
"region_pitch","1-2","HIGH","NFB",1167,1128,0.966580976863753,863,1121,425,411,0.251928020565553,0.25709219858156,0.748071979434447,0.74290780141844,0.248123226950355,"Take","Swing_including_bunts",838,478.096364865646,694,0.00944550563402585,290,187.774797082919,270,0.0401384433074767,NA,NA,NA,NA,NA,NA,NA,NA,NA,NA,"Take","","비교 자료 부족",TRUE,FALSE,NA,"W per selected current decision; not PA sum",2025,"swing","BCAP-SWING-v0.2.0","EXPERIMENTAL","bcap_swing_r__mlb_2024_2025__20260928__r01",219,"2024·2025 공유 적합의 연도 하위집단",NA,NA,"연도 간 측정·분류·표본 차이 가능","columns/001-ball-count/analysis/runs/bcap_swing_r__mlb_2024_2025__20260928__r01/artifacts/year_values.csv","columns/001-ball-count/analysis/runs/bcap_swing_r__mlb_2024_2025__20260928__r01/manifest.json","자료 부족"
"region_pitch","2-0","HIGH","NFB",437,375,0.85812356979405,338,375,237,237,0.0526315789473684,0.0613333333333333,0.947368421052632,0.938666666666667,0.512248,"Take","Swing_including_bunts",352,340.289008342361,321,0.00777609360359988,23,19.6394946106788,23,0.109826845301752,NA,NA,NA,NA,NA,NA,NA,NA,NA,NA,"Take","","비교 자료 부족",TRUE,FALSE,NA,"W per selected current decision; not PA sum",2025,"swing","BCAP-SWING-v0.2.0","EXPERIMENTAL","bcap_swing_r__mlb_2024_2025__20260928__r01",219,"2024·2025 공유 적합의 연도 하위집단",NA,NA,"연도 간 측정·분류·표본 차이 가능","columns/001-ball-count/analysis/runs/bcap_swing_r__mlb_2024_2025__20260928__r01/artifacts/year_values.csv","columns/001-ball-count/analysis/runs/bcap_swing_r__mlb_2024_2025__20260928__r01/manifest.json","자료 부족"
"region_pitch","2-0","INSIDE","NFB",751,662,0.881491344873502,562,662,347,318,0.241011984021305,0.265861027190332,0.758988015978695,0.734138972809668,0.474280966767372,"Take","Swing_including_bunts",486,472.502271163746,433,0.00672394708198265,176,126.603252795536,168,0.0233071326867761,NA,NA,NA,NA,NA,NA,NA,NA,NA,NA,"Take","","비교 자료 부족",TRUE,FALSE,NA,"W per selected current decision; not PA sum",2025,"swing","BCAP-SWING-v0.2.0","EXPERIMENTAL","bcap_swing_r__mlb_2024_2025__20260928__r01",219,"2024·2025 공유 적합의 연도 하위집단",NA,NA,"연도 간 측정·분류·표본 차이 가능","columns/001-ball-count/analysis/runs/bcap_swing_r__mlb_2024_2025__20260928__r01/artifacts/year_values.csv","columns/001-ball-count/analysis/runs/bcap_swing_r__mlb_2024_2025__20260928__r01/manifest.json","자료 부족"
"region_pitch","2-1","HIGH","NFB",868,802,0.923963133640553,655,802,386,364,0.147465437788018,0.159600997506234,0.852534562211982,0.840399002493766,0.431687032418953,"Take","Swing_including_bunts",674,529.868702942874,575,0.00669680018363307,128,74.5352479747737,115,0.0938212884927357,NA,NA,NA,NA,NA,NA,NA,NA,NA,NA,"Take","","비교 자료 부족",TRUE,FALSE,NA,"W per selected current decision; not PA sum",2025,"swing","BCAP-SWING-v0.2.0","EXPERIMENTAL","bcap_swing_r__mlb_2024_2025__20260928__r01",219,"2024·2025 공유 적합의 연도 하위집단",NA,NA,"연도 간 측정·분류·표본 차이 가능","columns/001-ball-count/analysis/runs/bcap_swing_r__mlb_2024_2025__20260928__r01/artifacts/year_values.csv","columns/001-ball-count/analysis/runs/bcap_swing_r__mlb_2024_2025__20260928__r01/manifest.json","자료 부족"
"region_pitch","3-0","CENTER","NFB",219,218,0.995433789954338,196,218,137,152,0.118721461187215,0.119266055045872,0.881278538812785,0.880733944954129,0.518220183486239,"Take","Swing_including_bunts",192,190.929521477707,172,0.0265301574313868,26,20.7075332301097,26,0.112204869720414,NA,NA,NA,NA,NA,NA,NA,NA,NA,NA,"Take","","비교 자료 부족",TRUE,FALSE,NA,"W per selected current decision; not PA sum",2025,"swing","BCAP-SWING-v0.2.0","EXPERIMENTAL","bcap_swing_r__mlb_2024_2025__20260928__r01",219,"2024·2025 공유 적합의 연도 하위집단",NA,NA,"연도 간 측정·분류·표본 차이 가능","columns/001-ball-count/analysis/runs/bcap_swing_r__mlb_2024_2025__20260928__r01/artifacts/year_values.csv","columns/001-ball-count/analysis/runs/bcap_swing_r__mlb_2024_2025__20260928__r01/manifest.json","자료 부족"
"region_pitch","3-0","HIGH","FB",901,541,0.600443951165372,479,541,338,296,0.0188679245283019,0.0314232902033272,0.981132075471698,0.968576709796673,0.631512014787431,"Take","Swing_including_bunts",524,522.598443297061,466,0.00785928686967391,17,15.7095205427086,17,0.0944884358697867,NA,NA,NA,NA,NA,NA,NA,NA,NA,NA,"Take","","비교 자료 부족",TRUE,FALSE,NA,"W per selected current decision; not PA sum",2025,"swing","BCAP-SWING-v0.2.0","EXPERIMENTAL","bcap_swing_r__mlb_2024_2025__20260928__r01",219,"2024·2025 공유 적합의 연도 하위집단",NA,NA,"연도 간 측정·분류·표본 차이 가능","columns/001-ball-count/analysis/runs/bcap_swing_r__mlb_2024_2025__20260928__r01/artifacts/year_values.csv","columns/001-ball-count/analysis/runs/bcap_swing_r__mlb_2024_2025__20260928__r01/manifest.json","자료 부족"
"region_pitch","3-0","HIGH","NFB",30,21,0.7,21,21,20,20,0,0,1,1,0.66547619047619,"Take","Swing_including_bunts",21,20.9562795676929,21,0.052164181340712,0,0,0,NA,NA,NA,NA,NA,NA,NA,NA,NA,NA,NA,"Take","","비교 자료 부족",TRUE,FALSE,NA,"W per selected current decision; not PA sum",2025,"swing","BCAP-SWING-v0.2.0","EXPERIMENTAL","bcap_swing_r__mlb_2024_2025__20260928__r01",219,"2024·2025 공유 적합의 연도 하위집단",NA,NA,"연도 간 측정·분류·표본 차이 가능","columns/001-ball-count/analysis/runs/bcap_swing_r__mlb_2024_2025__20260928__r01/artifacts/year_values.csv","columns/001-ball-count/analysis/runs/bcap_swing_r__mlb_2024_2025__20260928__r01/manifest.json","자료 부족"
"region_pitch","3-0","INSIDE","FB",804,543,0.675373134328358,492,543,330,294,0.0472636815920398,0.0681399631675875,0.95273631840796,0.931860036832412,0.622922651933702,"Take","Swing_including_bunts",506,504.876348011324,461,0.00650168583984813,37,33.2850109363569,37,0.0459496522491303,NA,NA,NA,NA,NA,NA,NA,NA,NA,NA,"Take","","비교 자료 부족",TRUE,FALSE,NA,"W per selected current decision; not PA sum",2025,"swing","BCAP-SWING-v0.2.0","EXPERIMENTAL","bcap_swing_r__mlb_2024_2025__20260928__r01",219,"2024·2025 공유 적합의 연도 하위집단",NA,NA,"연도 간 측정·분류·표본 차이 가능","columns/001-ball-count/analysis/runs/bcap_swing_r__mlb_2024_2025__20260928__r01/artifacts/year_values.csv","columns/001-ball-count/analysis/runs/bcap_swing_r__mlb_2024_2025__20260928__r01/manifest.json","자료 부족"
"region_pitch","3-0","INSIDE","NFB",64,51,0.796875,51,51,46,47,0.09375,0.0980392156862745,0.90625,0.901960784313725,0.596156862745098,"Take","Swing_including_bunts",46,45.7405277625174,46,0.0260659780262503,5,4.37256523553054,5,0.314497965242747,NA,NA,NA,NA,NA,NA,NA,NA,NA,NA,"Take","","비교 자료 부족",TRUE,FALSE,NA,"W per selected current decision; not PA sum",2025,"swing","BCAP-SWING-v0.2.0","EXPERIMENTAL","bcap_swing_r__mlb_2024_2025__20260928__r01",219,"2024·2025 공유 적합의 연도 하위집단",NA,NA,"연도 간 측정·분류·표본 차이 가능","columns/001-ball-count/analysis/runs/bcap_swing_r__mlb_2024_2025__20260928__r01/artifacts/year_values.csv","columns/001-ball-count/analysis/runs/bcap_swing_r__mlb_2024_2025__20260928__r01/manifest.json","자료 부족"
"region_pitch","3-0","LOW","FB",614,441,0.718241042345277,403,441,283,266,0.0342019543973941,0.0476190476190476,0.965798045602606,0.952380952380952,0.643979591836735,"Take","Swing_including_bunts",420,419.211088081912,384,0.0072278717489354,21,19.1484207659439,21,0.0758705281978979,NA,NA,NA,NA,NA,NA,NA,NA,NA,NA,"Take","","비교 자료 부족",TRUE,FALSE,NA,"W per selected current decision; not PA sum",2025,"swing","BCAP-SWING-v0.2.0","EXPERIMENTAL","bcap_swing_r__mlb_2024_2025__20260928__r01",219,"2024·2025 공유 적합의 연도 하위집단",NA,NA,"연도 간 측정·분류·표본 차이 가능","columns/001-ball-count/analysis/runs/bcap_swing_r__mlb_2024_2025__20260928__r01/artifacts/year_values.csv","columns/001-ball-count/analysis/runs/bcap_swing_r__mlb_2024_2025__20260928__r01/manifest.json","자료 부족"
"region_pitch","3-0","LOW","NFB",101,74,0.732673267326733,72,74,63,64,0.099009900990099,0.121621621621622,0.900990099009901,0.878378378378378,0.62145945945946,"Take","Swing_including_bunts",65,64.7564795422513,63,0.0305143541037482,9,7.45717589996051,9,0.229135703647711,NA,NA,NA,NA,NA,NA,NA,NA,NA,NA,"Take","","비교 자료 부족",TRUE,FALSE,NA,"W per selected current decision; not PA sum",2025,"swing","BCAP-SWING-v0.2.0","EXPERIMENTAL","bcap_swing_r__mlb_2024_2025__20260928__r01",219,"2024·2025 공유 적합의 연도 하위집단",NA,NA,"연도 간 측정·분류·표본 차이 가능","columns/001-ball-count/analysis/runs/bcap_swing_r__mlb_2024_2025__20260928__r01/artifacts/year_values.csv","columns/001-ball-count/analysis/runs/bcap_swing_r__mlb_2024_2025__20260928__r01/manifest.json","자료 부족"
"region_pitch","3-0","OUTSIDE","FB",1350,917,0.679259259259259,746,917,434,379,0.0237037037037037,0.0338058887677208,0.976296296296296,0.966194111232279,0.626845147219193,"Take","Swing_including_bunts",886,884.102276667239,728,0.00560293567721563,31,27.035727553079,31,0.0558988009089207,NA,NA,NA,NA,NA,NA,NA,NA,NA,NA,"Take","","비교 자료 부족",TRUE,FALSE,NA,"W per selected current decision; not PA sum",2025,"swing","BCAP-SWING-v0.2.0","EXPERIMENTAL","bcap_swing_r__mlb_2024_2025__20260928__r01",219,"2024·2025 공유 적합의 연도 하위집단",NA,NA,"연도 간 측정·분류·표본 차이 가능","columns/001-ball-count/analysis/runs/bcap_swing_r__mlb_2024_2025__20260928__r01/artifacts/year_values.csv","columns/001-ball-count/analysis/runs/bcap_swing_r__mlb_2024_2025__20260928__r01/manifest.json","자료 부족"
"region_pitch","3-0","OUTSIDE","NFB",110,83,0.754545454545455,79,83,68,76,0.0545454545454545,0.072289156626506,0.945454545454546,0.927710843373494,0.670192771084337,"Take","Swing_including_bunts",77,76.786070884566,74,0.026830705814782,6,5.3657224954121,6,0.261705575965154,NA,NA,NA,NA,NA,NA,NA,NA,NA,NA,"Take","","비교 자료 부족",TRUE,FALSE,NA,"W per selected current decision; not PA sum",2025,"swing","BCAP-SWING-v0.2.0","EXPERIMENTAL","bcap_swing_r__mlb_2024_2025__20260928__r01",219,"2024·2025 공유 적합의 연도 하위집단",NA,NA,"연도 간 측정·분류·표본 차이 가능","columns/001-ball-count/analysis/runs/bcap_swing_r__mlb_2024_2025__20260928__r01/artifacts/year_values.csv","columns/001-ball-count/analysis/runs/bcap_swing_r__mlb_2024_2025__20260928__r01/manifest.json","자료 부족"
"region_pitch","3-1","HIGH","NFB",228,207,0.907894736842105,195,207,150,158,0.109649122807018,0.120772946859903,0.890350877192983,0.879227053140097,0.615826086956522,"Take","Swing_including_bunts",182,169.730736707886,174,0.0135173765746312,25,22.0728834345878,24,0.0824076415331807,NA,NA,NA,NA,NA,NA,NA,NA,NA,NA,"Take","","비교 자료 부족",TRUE,FALSE,NA,"W per selected current decision; not PA sum",2025,"swing","BCAP-SWING-v0.2.0","EXPERIMENTAL","bcap_swing_r__mlb_2024_2025__20260928__r01",219,"2024·2025 공유 적합의 연도 하위집단",NA,NA,"연도 간 측정·분류·표본 차이 가능","columns/001-ball-count/analysis/runs/bcap_swing_r__mlb_2024_2025__20260928__r01/artifacts/year_values.csv","columns/001-ball-count/analysis/runs/bcap_swing_r__mlb_2024_2025__20260928__r01/manifest.json","자료 부족"
"region_pitch","3-1","INSIDE","NFB",397,365,0.919395465994962,326,365,249,230,0.317380352644836,0.336986301369863,0.682619647355164,0.663013698630137,0.560923287671233,"Take","Swing_including_bunts",242,226.603653937691,231,0.0101770085050081,123,85.3797268283765,118,0.0364189694727576,NA,NA,NA,NA,NA,NA,NA,NA,NA,NA,"Take","","비교 자료 부족",TRUE,FALSE,NA,"W per selected current decision; not PA sum",2025,"swing","BCAP-SWING-v0.2.0","EXPERIMENTAL","bcap_swing_r__mlb_2024_2025__20260928__r01",219,"2024·2025 공유 적합의 연도 하위집단",NA,NA,"연도 간 측정·분류·표본 차이 가능","columns/001-ball-count/analysis/runs/bcap_swing_r__mlb_2024_2025__20260928__r01/artifacts/year_values.csv","columns/001-ball-count/analysis/runs/bcap_swing_r__mlb_2024_2025__20260928__r01/manifest.json","자료 부족"
"region_pitch","3-1","LOW","FB",1159,1108,0.955996548748922,862,1108,458,409,0.225194132873167,0.235559566787004,0.774805867126833,0.764440433212996,0.576443140794224,"Take","Swing_including_bunts",847,752.618261708495,695,0.00597390497191153,261,184.241825273931,240,0.0199911390898918,NA,NA,NA,NA,NA,NA,NA,NA,NA,NA,"Take","","비교 자료 부족",TRUE,FALSE,NA,"W per selected current decision; not PA sum",2025,"swing","BCAP-SWING-v0.2.0","EXPERIMENTAL","bcap_swing_r__mlb_2024_2025__20260928__r01",219,"2024·2025 공유 적합의 연도 하위집단",NA,NA,"연도 간 측정·분류·표본 차이 가능","columns/001-ball-count/analysis/runs/bcap_swing_r__mlb_2024_2025__20260928__r01/artifacts/year_values.csv","columns/001-ball-count/analysis/runs/bcap_swing_r__mlb_2024_2025__20260928__r01/manifest.json","자료 부족"
"region_pitch","3-1","OUTSIDE","NFB",802,764,0.952618453865337,648,764,366,329,0.268079800498753,0.276178010471204,0.731920199501247,0.723821989528796,0.556887434554974,"Take","Swing_including_bunts",553,513.640869127055,486,0.00732958684659428,211,155.136373566248,206,0.0186607840276539,NA,NA,NA,NA,NA,NA,NA,NA,NA,NA,"Take","","비교 자료 부족",TRUE,FALSE,NA,"W per selected current decision; not PA sum",2025,"swing","BCAP-SWING-v0.2.0","EXPERIMENTAL","bcap_swing_r__mlb_2024_2025__20260928__r01",219,"2024·2025 공유 적합의 연도 하위집단",NA,NA,"연도 간 측정·분류·표본 차이 가능","columns/001-ball-count/analysis/runs/bcap_swing_r__mlb_2024_2025__20260928__r01/artifacts/year_values.csv","columns/001-ball-count/analysis/runs/bcap_swing_r__mlb_2024_2025__20260928__r01/manifest.json","자료 부족"
"region_pitch","3-2","HIGH","NFB",686,675,0.983965014577259,563,670,327,329,0.239067055393586,0.242962962962963,0.760932944606414,0.757037037037037,0.563611851851852,"Take","Swing_including_bunts",511,328.904919673507,446,0.0102692400120221,164,111.265597500947,156,0.0404151060040163,NA,NA,NA,NA,NA,NA,NA,NA,NA,NA,"Take","","비교 자료 부족",TRUE,FALSE,NA,"W per selected current decision; not PA sum",2025,"swing","BCAP-SWING-v0.2.0","EXPERIMENTAL","bcap_swing_r__mlb_2024_2025__20260928__r01",219,"2024·2025 공유 적합의 연도 하위집단",NA,NA,"연도 간 측정·분류·표본 차이 가능","columns/001-ball-count/analysis/runs/bcap_swing_r__mlb_2024_2025__20260928__r01/artifacts/year_values.csv","columns/001-ball-count/analysis/runs/bcap_swing_r__mlb_2024_2025__20260928__r01/manifest.json","자료 부족"
