level,state,n_all,n,coverage,games,PA,pitchers,batters,action1_rate_all,action1_rate,ESS0,arm_games0,max_game_share0,ESS1,arm_games1,max_game_share1,Q0,Q1,gcomp0,gcomp1,delta,se,CI95_low,CI95_high,simultaneous95_low,simultaneous95_high,grade,reason,suggested_action,evaluation_contrast_direction,run_id,model_id,variant,period,execution_status,evaluation_method,unit,column_units,action0_label,action1_label,count,zone,pitch_group,saved_development_policy_p1,saved_development_policy_role,record_type,evaluation_status,numeric_estimate_available,observed_value,observed_gain,observed_gain_low,observed_gain_high,learned_value,learned_gain,learned_gain_low,learned_gain_high,conservative_value,conservative_gain,conservative_gain_low,conservative_gain_high,always_0_value,always_0_gain,always_0_gain_low,always_0_gain_high,always_1_value,always_1_gain,always_1_gain_low,always_1_gain_high,stochastic_half_value,stochastic_half_gain,stochastic_half_gain_low,stochastic_half_gain_high,fixed_development_prediction_n,fixed_development_prediction_games,fixed_development_prediction_Y_mean,fixed_development_prediction_outcome_MSE,fixed_development_prediction_Brier,fixed_development_prediction_log_loss,fixed_development_prediction_coverage,fixed_development_prediction_eligible_measurement_fraction,fixed_development_prediction_raw_p_outside01,external_CF_nuisance_n,external_CF_nuisance_games,external_CF_nuisance_Y_mean,external_CF_nuisance_outcome_MSE,external_CF_nuisance_Brier,external_CF_nuisance_log_loss,external_CF_nuisance_coverage,external_CF_nuisance_eligible_measurement_fraction,external_CF_nuisance_raw_p_outside01,access_log_source,first_external_row_access_utc
overall,ALL,716113,697633,0.9741940168660532,2430,178747,691,654,0.5551400407477591,0.5534973259579177,272754.5140106878,2430,0.0006816120251452,348471.40827179264,2430,0.0007074596290524,0.3057644762515307,0.3070574503915755,0.3049297852893706,0.3085094727332675,0.0012929741400447,0.0012864234727823,-0.0012296265304432,0.0038155748105327,-0.0040619677201401,0.0066479160002296,UNCERTAIN,IDENTIFICATION_AND_FULL_LEARNING_UNCERTAINTY,,NFB,bcap_pitch__mlb_2023__20260909__r01,BCAP-PITCH-v0.1.0,pitch,2023,COMPLETE,fixed_development_policy_external_crossfit_nuisance_OPE,season-weighted final PA W per selected current decision; no summed PA policy gain,Q/value/delta/gain: raw W; outcome MSE: W^2; probabilities/coverage: fraction; sample counts: explicit rows/PA/games,NFB,FB,ALL,,,,Frozen diagnostic candidate; never a recommended action,action_and_policy_value,EVALUATED,True,0.3056303013188883,0.0,0.0,0.0,0.3042181484584028,0.0014121528604855,-0.0009053296936199,0.003729635414591,0.3056303013188883,0.0,0.0,0.0,0.3057644762515307,-0.0001341749326424,-0.0032888275957762,0.0030204777304914,0.3070574503915755,-0.0014271490726871,-0.0038860744935367,0.0010317763481623,0.3064109633215531,-0.0007806620026648,-0.0016918278732222,0.0001305038678926,716113,2430,0.3076435394972581,0.23687683508079263,0.2299845017977185,0.6506148563088672,0.8873194593590676,1.0,0.004863757535472754,716113,2430,0.3076435394972581,0.23697279323635156,0.2239698247713543,0.6371667075203675,0.9741940168660532,1.0,0.0042744650634746195,columns/001-ball-count/analysis/runs/bcap_pitch__mlb_2023__20260909__r01/artifacts/external_access_log.json,2026-09-09T06:14:39.518503+00:00
count,0-0,182894,178191,0.9742856517983094,2430,178191,691,654,0.6015068837687404,0.6014276815327373,64281.74445781356,2430,0.0007310526429329,102481.50975294466,2430,0.0007093429732815,0.3184238503464213,0.3154058338707131,0.3197252507621768,0.3157509253737882,-0.0030180164757082,0.0026012589908443,-0.0081189321642444,0.0020828992128278,-0.0138461698435307,0.0078101368921141,UNCERTAIN,IDENTIFICATION_AND_FULL_LEARNING_UNCERTAINTY,,FB,bcap_pitch__mlb_2023__20260909__r01,BCAP-PITCH-v0.1.0,pitch,2023,COMPLETE,fixed_development_policy_external_crossfit_nuisance_OPE,season-weighted final PA W per selected current decision; no summed PA policy gain,Q/value/delta/gain: raw W; outcome MSE: W^2; probabilities/coverage: fraction; sample counts: explicit rows/PA/games,NFB,FB,0-0,,,1,Frozen diagnostic candidate; never a recommended action,action_and_policy_value,EVALUATED,True,0.3156790747007424,0.0,0.0,0.0,0.3154058338707131,0.0002732408300294,-0.004109097642531,0.0046555793025898,0.3156790747007424,0.0,0.0,0.0,0.3184238503464213,-0.0027447756456788,-0.009526415537402,0.0040368642460443,0.3154058338707131,0.0002732408300294,-0.004109097642531,0.0046555793025898,0.3169148421085672,-0.0012357674078247,-0.0030483729124164,0.000576838096767,,,,,,,,,,,,,,,,,,,columns/001-ball-count/analysis/runs/bcap_pitch__mlb_2023__20260909__r01/artifacts/external_access_log.json,2026-09-09T06:14:39.518503+00:00
count,0-1,92901,90735,0.9766848580747248,2430,90735,691,651,0.5044940312806105,0.5029812090152642,41418.1877236391,2430,0.000854141855661,41806.71702130206,2430,0.0008521563868586,0.2704518089414662,0.26600475666409,0.2723958471889465,0.2692133232503133,-0.004447052277376,0.0034167331685667,-0.0111470648037823,0.0022529602490301,-0.0186697463252908,0.0097756417705386,UNCERTAIN,IDENTIFICATION_AND_FULL_LEARNING_UNCERTAINTY,,FB,bcap_pitch__mlb_2023__20260909__r01,BCAP-PITCH-v0.1.0,pitch,2023,COMPLETE,fixed_development_policy_external_crossfit_nuisance_OPE,season-weighted final PA W per selected current decision; no summed PA policy gain,Q/value/delta/gain: raw W; outcome MSE: W^2; probabilities/coverage: fraction; sample counts: explicit rows/PA/games,NFB,FB,0-1,,,1,Frozen diagnostic candidate; never a recommended action,action_and_policy_value,EVALUATED,True,0.2675789386675483,0.0,0.0,0.0,0.26600475666409,0.0015741820034582,-0.0058533498189559,0.0090017138258724,0.2675789386675483,0.0,0.0,0.0,0.2704518089414662,-0.0028728702739178,-0.0102453693438007,0.004499628795965,0.26600475666409,0.0015741820034582,-0.0058533498189559,0.0090017138258724,0.2682282828027781,-0.0006493441352297,-0.0026962269504032,0.0013975386799436,,,,,,,,,,,,,,,,,,,columns/001-ball-count/analysis/runs/bcap_pitch__mlb_2023__20260909__r01/artifacts/external_access_log.json,2026-09-09T06:14:39.518503+00:00
count,0-2,48733,47611,0.9769765867071594,2430,38547,687,640,0.4473765210432356,0.444456113083111,24677.03070126835,2430,0.0010935157870786,18875.3137946212,2429,0.0012250726051571,0.2007634952500575,0.2088242913861387,0.208164822360278,0.217317540967062,0.0080607961360813,0.0041603103149972,-9.732738396857345e-05,0.0162189196561312,-0.0092571557891524,0.0253787480613151,UNCERTAIN,IDENTIFICATION_AND_FULL_LEARNING_UNCERTAINTY,,NFB,bcap_pitch__mlb_2023__20260909__r01,BCAP-PITCH-v0.1.0,pitch,2023,COMPLETE,fixed_development_policy_external_crossfit_nuisance_OPE,season-weighted final PA W per selected current decision; no summed PA policy gain,Q/value/delta/gain: raw W; outcome MSE: W^2; probabilities/coverage: fraction; sample counts: explicit rows/PA/games,NFB,FB,0-2,,,0,Frozen diagnostic candidate; never a recommended action,action_and_policy_value,EVALUATED,True,0.2036762302829178,0.0,0.0,0.0,0.2007634952500575,0.0029127350328603,-0.0047204616847253,0.010545931750446,0.2036762302829178,0.0,0.0,0.0,0.2007634952500575,0.0029127350328603,-0.0047204616847253,0.010545931750446,0.2088242913861387,-0.005148061103221,-0.015523653914759,0.005227531708317,0.2047938933180982,-0.0011176630351803,-0.0039428080648953,0.0017074819945346,,,,,,,,,,,,,,,,,,,columns/001-ball-count/analysis/runs/bcap_pitch__mlb_2023__20260909__r01/artifacts/external_access_log.json,2026-09-09T06:14:39.518503+00:00
count,1-0,70014,68056,0.9720341645956524,2430,68056,691,643,0.5941525980518182,0.5936581638650523,24992.286969698813,2428,0.0010435432192416,38459.173028182064,2430,0.0009309936477608,0.3561777381689853,0.3593343189275789,0.3562530127202536,0.3586429242409495,0.0031565807585935,0.0041565133044523,-0.0049940970473901,0.0113072585645772,-0.0141455655076635,0.0204587270248506,UNCERTAIN,IDENTIFICATION_AND_FULL_LEARNING_UNCERTAINTY,,NFB,bcap_pitch__mlb_2023__20260909__r01,BCAP-PITCH-v0.1.0,pitch,2023,COMPLETE,fixed_development_policy_external_crossfit_nuisance_OPE,season-weighted final PA W per selected current decision; no summed PA policy gain,Q/value/delta/gain: raw W; outcome MSE: W^2; probabilities/coverage: fraction; sample counts: explicit rows/PA/games,NFB,FB,1-0,,,1,Frozen diagnostic candidate; never a recommended action,action_and_policy_value,EVALUATED,True,0.3569040202186435,0.0,0.0,0.0,0.3593343189275789,-0.0024302987089354,-0.0095659993421777,0.0047054019243067,0.3569040202186435,0.0,0.0,0.0,0.3561777381689853,0.000726282049658,-0.009998342728829,0.0114509068281451,0.3593343189275789,-0.0024302987089354,-0.0095659993421777,0.0047054019243067,0.3577560285482822,-0.0008520083296387,-0.0037027685315072,0.0019987518722298,,,,,,,,,,,,,,,,,,,columns/001-ball-count/analysis/runs/bcap_pitch__mlb_2023__20260909__r01/artifacts/external_access_log.json,2026-09-09T06:14:39.518503+00:00
count,1-1,72416,70625,0.9752678965974372,2430,70625,691,647,0.5060345779938136,0.5043539823008849,32146.15380914289,2430,0.0008364518209837,32703.56215616137,2430,0.0009623119380416,0.2976963868714574,0.3021318921205202,0.2982434127840182,0.304404498856209,0.0044355052490627,0.0040567583183859,-0.0035195589039832,0.0123905694021087,-0.0124513950566289,0.0213224055547544,UNCERTAIN,IDENTIFICATION_AND_FULL_LEARNING_UNCERTAINTY,,NFB,bcap_pitch__mlb_2023__20260909__r01,BCAP-PITCH-v0.1.0,pitch,2023,COMPLETE,fixed_development_policy_external_crossfit_nuisance_OPE,season-weighted final PA W per selected current decision; no summed PA policy gain,Q/value/delta/gain: raw W; outcome MSE: W^2; probabilities/coverage: fraction; sample counts: explicit rows/PA/games,NFB,FB,1-1,,,1,Frozen diagnostic candidate; never a recommended action,action_and_policy_value,EVALUATED,True,0.2988151504424778,0.0,0.0,0.0,0.3021318921205202,-0.0033167416780423,-0.0122426242485469,0.0056091408924623,0.2988151504424778,0.0,0.0,0.0,0.2976963868714574,0.0011187635710204,-0.0075383999290309,0.0097759270710718,0.3021318921205202,-0.0033167416780423,-0.0122426242485469,0.0056091408924623,0.2999141394959888,-0.0010989890535109,-0.003551962612467,0.0013539845054451,,,,,,,,,,,,,,,,,,,columns/001-ball-count/analysis/runs/bcap_pitch__mlb_2023__20260909__r01/artifacts/external_access_log.json,2026-09-09T06:14:39.518503+00:00
count,1-2,69569,67949,0.9767137661889634,2430,53456,688,646,0.4518966781181273,0.4496754919130524,34867.2398392666,2430,0.0008708953401253,27360.58231784729,2430,0.0010023279668283,0.2224226385271415,0.228661485898239,0.226716066323025,0.2357165642261816,0.0062388473710975,0.0034811281975892,-0.0005874400148905,0.0130651347570855,-0.0082519012045808,0.0207295959467758,UNCERTAIN,IDENTIFICATION_AND_FULL_LEARNING_UNCERTAINTY,,NFB,bcap_pitch__mlb_2023__20260909__r01,BCAP-PITCH-v0.1.0,pitch,2023,COMPLETE,fixed_development_policy_external_crossfit_nuisance_OPE,season-weighted final PA W per selected current decision; no summed PA policy gain,Q/value/delta/gain: raw W; outcome MSE: W^2; probabilities/coverage: fraction; sample counts: explicit rows/PA/games,NFB,FB,1-2,,,0,Frozen diagnostic candidate; never a recommended action,action_and_policy_value,EVALUATED,True,0.2248105785221268,0.0,0.0,0.0,0.2224226385271415,0.0023879399949854,-0.0040598483431327,0.0088357283331035,0.2248105785221268,0.0,0.0,0.0,0.2224226385271415,0.0023879399949854,-0.0040598483431327,0.0088357283331035,0.228661485898239,-0.0038509073761121,-0.0125318459690806,0.0048300312168564,0.2255420622126902,-0.0007314836905633,-0.0031750233532556,0.0017120559721289,,,,,,,,,,,,,,,,,,,columns/001-ball-count/analysis/runs/bcap_pitch__mlb_2023__20260909__r01/artifacts/external_access_log.json,2026-09-09T06:14:39.518503+00:00
count,2-0,23694,23028,0.9718916181311724,2430,23028,681,626,0.7160040516586478,0.7157373632100053,5684.462125493393,2189,0.0022104770906012,16130.046467763406,2430,0.0010624341934484,0.4360094923996727,0.4179144765374217,0.4159722836728468,0.4121529691094938,-0.018095015862251,0.0074044875015321,-0.0326147797900543,-0.0035752519344477,-0.0489173701756486,0.0127273384511466,UNCERTAIN,IDENTIFICATION_AND_FULL_LEARNING_UNCERTAINTY,,FB,bcap_pitch__mlb_2023__20260909__r01,BCAP-PITCH-v0.1.0,pitch,2023,COMPLETE,fixed_development_policy_external_crossfit_nuisance_OPE,season-weighted final PA W per selected current decision; no summed PA policy gain,Q/value/delta/gain: raw W; outcome MSE: W^2; probabilities/coverage: fraction; sample counts: explicit rows/PA/games,NFB,FB,2-0,,,1,Frozen diagnostic candidate; never a recommended action,action_and_policy_value,EVALUATED,True,0.4220034740316136,0.0,0.0,0.0,0.4179144765374217,0.004088997494192,-0.0046729121914486,0.0128509071798326,0.4220034740316136,0.0,0.0,0.0,0.4360094923996727,-0.014006018368059,-0.0368231673643082,0.0088111306281901,0.4179144765374217,0.004088997494192,-0.0046729121914486,0.0128509071798326,0.4269619844685472,-0.0049585104369335,-0.0127810607546383,0.0028640398807713,,,,,,,,,,,,,,,,,,,columns/001-ball-count/analysis/runs/bcap_pitch__mlb_2023__20260909__r01/artifacts/external_access_log.json,2026-09-09T06:14:39.518503+00:00
count,2-1,37379,36417,0.9742636239599776,2430,36417,688,641,0.5908665293346531,0.5895323612598512,13477.80625328675,2419,0.0012132193408513,20426.30977136888,2430,0.0010264781807047,0.3550454862375611,0.3540335501642981,0.3543522558683878,0.3549192048870031,-0.001011936073263,0.0054613204308958,-0.0117212638119198,0.0096973916653937,-0.0237455490755453,0.0217216769290192,UNCERTAIN,IDENTIFICATION_AND_FULL_LEARNING_UNCERTAINTY,,FB,bcap_pitch__mlb_2023__20260909__r01,BCAP-PITCH-v0.1.0,pitch,2023,COMPLETE,fixed_development_policy_external_crossfit_nuisance_OPE,season-weighted final PA W per selected current decision; no summed PA policy gain,Q/value/delta/gain: raw W; outcome MSE: W^2; probabilities/coverage: fraction; sample counts: explicit rows/PA/games,NFB,FB,2-1,,,1,Frozen diagnostic candidate; never a recommended action,action_and_policy_value,EVALUATED,True,0.3541124749430211,0.0,0.0,0.0,0.3540335501642981,7.892477872297835e-05,-0.0095126357399804,0.0096704852974264,0.3541124749430211,0.0,0.0,0.0,0.3550454862375611,-0.00093301129454,-0.0148164043369927,0.0129503817479125,0.3540335501642981,7.892477872297835e-05,-0.0095126357399804,0.0096704852974264,0.3545395182009296,-0.0004270432579085,-0.0040559587630149,0.0032018722471978,,,,,,,,,,,,,,,,,,,columns/001-ball-count/analysis/runs/bcap_pitch__mlb_2023__20260909__r01/artifacts/external_access_log.json,2026-09-09T06:14:39.518503+00:00
count,2-2,59449,58106,0.9774092078924792,2430,43659,689,642,0.4864337499369207,0.4843905964960589,27764.98420170996,2429,0.0010367715993477,25693.40175577114,2430,0.0010116823057373,0.2717941519797887,0.2740706083544268,0.2734480125201072,0.2775507283700931,0.0022764563746381,0.0039240019201715,-0.0054182802997567,0.0099711930490329,-0.0140578243551157,0.018610737104392,UNCERTAIN,IDENTIFICATION_AND_FULL_LEARNING_UNCERTAINTY,,NFB,bcap_pitch__mlb_2023__20260909__r01,BCAP-PITCH-v0.1.0,pitch,2023,COMPLETE,fixed_development_policy_external_crossfit_nuisance_OPE,season-weighted final PA W per selected current decision; no summed PA policy gain,Q/value/delta/gain: raw W; outcome MSE: W^2; probabilities/coverage: fraction; sample counts: explicit rows/PA/games,NFB,FB,2-2,,,0,Frozen diagnostic candidate; never a recommended action,action_and_policy_value,EVALUATED,True,0.2705743813031356,0.0,0.0,0.0,0.2717941519797887,-0.001219770676653,-0.0091698030118497,0.0067302616585435,0.2705743813031356,0.0,0.0,0.0,0.2717941519797887,-0.001219770676653,-0.0091698030118497,0.0067302616585435,0.2740706083544268,-0.0034962270512912,-0.0125576847528698,0.0055652306502873,0.2729323801671078,-0.0023579988639721,-0.0047981490979706,8.215137002632591e-05,,,,,,,,,,,,,,,,,,,columns/001-ball-count/analysis/runs/bcap_pitch__mlb_2023__20260909__r01/artifacts/external_access_log.json,2026-09-09T06:14:39.518503+00:00
count,3-0,7319,6608,0.9028555813635742,2245,6608,651,580,0.941795327230496,0.9412832929782082,330.4715675204463,342,0.015031596227604,6194.21342548689,2212,0.0015156560565013,0.4444350169649479,0.5516203643964224,0.3812852611661834,0.5163231638415523,0.1071853474314744,0.0100712935148633,0.0874353222297519,0.1269353726331969,0.0652554830611376,0.1491152118018112,UNCERTAIN,IDENTIFICATION_AND_FULL_LEARNING_UNCERTAINTY,,NFB,bcap_pitch__mlb_2023__20260909__r01,BCAP-PITCH-v0.1.0,pitch,2023,COMPLETE,fixed_development_policy_external_crossfit_nuisance_OPE,season-weighted final PA W per selected current decision; no summed PA policy gain,Q/value/delta/gain: raw W; outcome MSE: W^2; probabilities/coverage: fraction; sample counts: explicit rows/PA/games,NFB,FB,3-0,,,0,Frozen diagnostic candidate; never a recommended action,action_and_policy_value,EVALUATED,True,0.5485911016949151,0.0,0.0,0.0,0.4444350169649479,0.1041560847299673,0.066901877649679,0.1414102918102556,0.5485911016949151,0.0,0.0,0.0,0.4444350169649479,0.1041560847299673,0.066901877649679,0.1414102918102556,0.5516203643964224,-0.0030292627015071,-0.008512568709138,0.0024540433061238,0.4980276906806851,0.0505634110142301,0.0341486946460301,0.0669781273824301,,,,,,,,,,,,,,,,,,,columns/001-ball-count/analysis/runs/bcap_pitch__mlb_2023__20260909__r01/artifacts/external_access_log.json,2026-09-09T06:14:39.518503+00:00
count,3-1,15555,15092,0.9702346512375442,2415,15091,680,613,0.7739633558341369,0.7742512589451365,2920.1365592493744,1745,0.0027265907805835,11518.608298053294,2388,0.0012673922527032,0.4853453169472005,0.4712967645910816,0.441968177222047,0.4587075007772201,-0.014048552356119,0.0086589877722025,-0.0310283700349599,0.0029312653227219,-0.0500933847339295,0.0219962800216915,UNCERTAIN,IDENTIFICATION_AND_FULL_LEARNING_UNCERTAINTY,,FB,bcap_pitch__mlb_2023__20260909__r01,BCAP-PITCH-v0.1.0,pitch,2023,COMPLETE,fixed_development_policy_external_crossfit_nuisance_OPE,season-weighted final PA W per selected current decision; no summed PA policy gain,Q/value/delta/gain: raw W; outcome MSE: W^2; probabilities/coverage: fraction; sample counts: explicit rows/PA/games,NFB,FB,3-1,,,1,Frozen diagnostic candidate; never a recommended action,action_and_policy_value,EVALUATED,True,0.4739223429631592,0.0,0.0,0.0,0.4712967645910816,0.0026255783720776,-0.005869405735051,0.0111205624792063,0.4739223429631592,0.0,0.0,0.0,0.4853453169472005,-0.0114229739840413,-0.039795374136224,0.0169494261681414,0.4712967645910816,0.0026255783720776,-0.005869405735051,0.0111205624792063,0.4783210407691411,-0.0043986978059818,-0.0150650672633866,0.006267671651423,,,,,,,,,,,,,,,,,,,columns/001-ball-count/analysis/runs/bcap_pitch__mlb_2023__20260909__r01/artifacts/external_access_log.json,2026-09-09T06:14:39.518503+00:00
count,3-2,36190,35215,0.9730588560375796,2430,25385,683,633,0.6155844155844156,0.6131194093426097,12144.741216237126,2403,0.001449141289608,20696.185952862208,2426,0.0012440458605641,0.3711556545915833,0.3805984537044469,0.3650227839186731,0.3801611008203752,0.0094427991128636,0.0051279075141873,-0.0006127255313742,0.0194983237571015,-0.011902929711165,0.0307885279368923,UNCERTAIN,IDENTIFICATION_AND_FULL_LEARNING_UNCERTAINTY,,NFB,bcap_pitch__mlb_2023__20260909__r01,BCAP-PITCH-v0.1.0,pitch,2023,COMPLETE,fixed_development_policy_external_crossfit_nuisance_OPE,season-weighted final PA W per selected current decision; no summed PA policy gain,Q/value/delta/gain: raw W; outcome MSE: W^2; probabilities/coverage: fraction; sample counts: explicit rows/PA/games,NFB,FB,3-2,,,0,Frozen diagnostic candidate; never a recommended action,action_and_policy_value,EVALUATED,True,0.3750829192105636,0.0,0.0,0.0,0.3711556545915833,0.0039272646189803,-0.0098643825570004,0.0177189117949611,0.3750829192105636,0.0,0.0,0.0,0.3711556545915833,0.0039272646189803,-0.0098643825570004,0.0177189117949611,0.3805984537044469,-0.0055155344938832,-0.0137952029908291,0.0027641340030625,0.3758770541480151,-0.0007941349374514,-0.0047274778370453,0.0031392079621423,,,,,,,,,,,,,,,,,,,columns/001-ball-count/analysis/runs/bcap_pitch__mlb_2023__20260909__r01/artifacts/external_access_log.json,2026-09-09T06:14:39.518503+00:00
overall,ALL,716385,682953,0.9533323562051133,2430,181940,863,598,0.4757344165497602,0.4876397058069882,202654.1520721956,2430,0.0007297869833146,207922.849349456,2430,0.0006684241245002,0.2912182026594064,0.2636219914217529,0.3051315863715468,0.2638493780279773,-0.0275962112376534,0.0013056708988309,-0.0301565549771094,-0.0250358674981975,-0.0330312735633216,-0.0221611489119852,UNCERTAIN,IDENTIFICATION_AND_FULL_LEARNING_UNCERTAINTY,,Take,bcap_swing__mlb_2023__20260909__r01,BCAP-SWING-v0.1.0,swing,2023,COMPLETE,fixed_development_policy_external_crossfit_nuisance_OPE,season-weighted final PA W per selected current decision; no summed PA policy gain,Q/value/delta/gain: raw W; outcome MSE: W^2; probabilities/coverage: fraction; sample counts: explicit rows/PA/games,Take_adjudicated,Swing_offer_including_bunts,ALL,,,,Frozen diagnostic candidate; never a recommended action,action_and_policy_value,EVALUATED,True,0.3051969886653986,0.0,0.0,0.0,0.331607753407053,0.0264107647416544,0.0243808331973483,0.0284406962859604,0.3051969886653986,0.0,0.0,0.0,0.2912182026594064,-0.0139787860059921,-0.0170407740224539,-0.0109167979895303,0.2636219914217529,-0.0415749972436456,-0.0449246274541815,-0.0382253670331096,0.2774200970405797,-0.0277768916248189,-0.029483619769302,-0.0260701634803357,716385,2430,0.30763138256663664,0.2321580463080851,0.16987979309756365,0.5098098622588673,0.880680081241232,0.9996189199941372,0.059525255274747516,716385,2430,0.30763138256663664,0.23251750539367197,0.1688151830874964,0.5073589937995971,0.9533323562051131,0.9996189199941372,0.055398982390753575,columns/001-ball-count/analysis/runs/bcap_swing__mlb_2023__20260909__r01/artifacts/external_access_log.json,2026-09-09T06:17:36.283411+00:00
count,0-0,182967,170438,0.9315231708450158,2430,170438,863,598,0.3108484043570698,0.3298912214412279,105933.88756837728,2430,0.0006636127325462,39230.20694786637,2430,0.0009101559695337,0.3081445205934293,0.2964790705303058,0.3067141920798986,0.2950478968901623,-0.0116654500631234,0.0029243429110754,-0.0173999142922783,-0.0059309858339686,-0.0238384915221561,0.0005075913959091,UNCERTAIN,IDENTIFICATION_AND_FULL_LEARNING_UNCERTAINTY,,Take,bcap_swing__mlb_2023__20260909__r01,BCAP-SWING-v0.1.0,swing,2023,COMPLETE,fixed_development_policy_external_crossfit_nuisance_OPE,season-weighted final PA W per selected current decision; no summed PA policy gain,Q/value/delta/gain: raw W; outcome MSE: W^2; probabilities/coverage: fraction; sample counts: explicit rows/PA/games,Take_adjudicated,Swing_offer_including_bunts,0-0,,,,Frozen diagnostic candidate; never a recommended action,action_and_policy_value,EVALUATED,True,0.3143576784519884,0.0,0.0,0.0,0.3318011450373315,0.0174434665853431,0.0124403383629978,0.0224465948076884,0.3143576784519884,0.0,0.0,0.0,0.3081445205934293,-0.006213157858559,-0.0101724951335139,-0.0022538205836042,0.2964790705303058,-0.0178786079216825,-0.0269551582153861,-0.008802057627979,0.3023117955618676,-0.0120458828901208,-0.0155077211091392,-0.0085840446711024,,,,,,,,,,,,,,,,,,,columns/001-ball-count/analysis/runs/bcap_swing__mlb_2023__20260909__r01/artifacts/external_access_log.json,2026-09-09T06:17:36.283411+00:00
count,0-1,92936,89499,0.9630175604717224,2430,89499,853,597,0.4884544202461909,0.5023631548955855,27043.256949620954,2430,0.0009240981903805,27811.958631752637,2430,0.0010368928923456,0.2616493863086214,0.2369137211907563,0.262820207796148,0.2355804630284469,-0.024735665117865,0.004026486859799,-0.0326313687233593,-0.0168399615123708,-0.0414965556731246,-0.0079747745626055,UNCERTAIN,IDENTIFICATION_AND_FULL_LEARNING_UNCERTAINTY,,Take,bcap_swing__mlb_2023__20260909__r01,BCAP-SWING-v0.1.0,swing,2023,COMPLETE,fixed_development_policy_external_crossfit_nuisance_OPE,season-weighted final PA W per selected current decision; no summed PA policy gain,Q/value/delta/gain: raw W; outcome MSE: W^2; probabilities/coverage: fraction; sample counts: explicit rows/PA/games,Take_adjudicated,Swing_offer_including_bunts,0-1,,,,Frozen diagnostic candidate; never a recommended action,action_and_policy_value,EVALUATED,True,0.268107755393915,0.0,0.0,0.0,0.282405841510907,0.014298086116992,0.0092889746756161,0.0193071975583678,0.268107755393915,0.0,0.0,0.0,0.2616493863086214,-0.0064583690852935,-0.0170001728829951,0.004083434712408,0.2369137211907563,-0.0311940342031586,-0.0402413496951212,-0.022146718711196,0.2492815537496889,-0.018826201644226,-0.023950643995236,-0.0137017592932161,,,,,,,,,,,,,,,,,,,columns/001-ball-count/analysis/runs/bcap_swing__mlb_2023__20260909__r01/artifacts/external_access_log.json,2026-09-09T06:17:36.283411+00:00
count,0-2,48752,46460,0.9529865441417787,2430,37744,818,592,0.5140712175910732,0.5237839001291433,11087.996476218836,2430,0.0015293793961963,15312.630540176511,2428,0.0012261646921645,0.167115087515225,0.1584286163720297,0.1946617129238822,0.1724359481617627,-0.0086864711431952,0.0037986199251229,-0.016135341109256,-0.0012376011771345,-0.0244988294205027,0.0071258871341121,UNCERTAIN,IDENTIFICATION_AND_FULL_LEARNING_UNCERTAINTY,,Take,bcap_swing__mlb_2023__20260909__r01,BCAP-SWING-v0.1.0,swing,2023,COMPLETE,fixed_development_policy_external_crossfit_nuisance_OPE,season-weighted final PA W per selected current decision; no summed PA policy gain,Q/value/delta/gain: raw W; outcome MSE: W^2; probabilities/coverage: fraction; sample counts: explicit rows/PA/games,Take_adjudicated,Swing_offer_including_bunts,0-2,,,,Frozen diagnostic candidate; never a recommended action,action_and_policy_value,EVALUATED,True,0.2032045200172191,0.0,0.0,0.0,0.2288721635230867,0.0256676435058675,0.0205121555403437,0.0308231314713914,0.2032045200172191,0.0,0.0,0.0,0.167115087515225,-0.036089432501994,-0.0465178321156963,-0.0256610328882918,0.1584286163720297,-0.0447759036451893,-0.0526915237709157,-0.0368602835194629,0.1627718519436274,-0.0404326680735917,-0.0452489541600333,-0.03561638198715,,,,,,,,,,,,,,,,,,,columns/001-ball-count/analysis/runs/bcap_swing__mlb_2023__20260909__r01/artifacts/external_access_log.json,2026-09-09T06:17:36.283411+00:00
count,1-0,70041,67219,0.9597093131166032,2430,67219,856,596,0.4271926443083337,0.4412591677948199,29121.59226938808,2430,0.0010146152677279,19063.70014729223,2429,0.0011488522185641,0.3523598712071548,0.3211657904900164,0.3532154163604157,0.3173550686728977,-0.0311940807171383,0.0046610155733271,-0.0403340577613998,-0.0220541036728768,-0.0505962977418314,-0.0117918636924452,UNCERTAIN,IDENTIFICATION_AND_FULL_LEARNING_UNCERTAINTY,,Take,bcap_swing__mlb_2023__20260909__r01,BCAP-SWING-v0.1.0,swing,2023,COMPLETE,fixed_development_policy_external_crossfit_nuisance_OPE,season-weighted final PA W per selected current decision; no summed PA policy gain,Q/value/delta/gain: raw W; outcome MSE: W^2; probabilities/coverage: fraction; sample counts: explicit rows/PA/games,Take_adjudicated,Swing_offer_including_bunts,1-0,,,,Frozen diagnostic candidate; never a recommended action,action_and_policy_value,EVALUATED,True,0.3560369835909489,0.0,0.0,0.0,0.3726214266876316,0.0165844430966825,0.0104526613494424,0.0227162248439227,0.3560369835909489,0.0,0.0,0.0,0.3523598712071548,-0.0036771123837941,-0.0133963168333646,0.0060420920657762,0.3211657904900164,-0.0348711931009325,-0.0471509345791614,-0.0225914516227036,0.3367628308485856,-0.0192741527423633,-0.0246141889392463,-0.0139341165454803,,,,,,,,,,,,,,,,,,,columns/001-ball-count/analysis/runs/bcap_swing__mlb_2023__20260909__r01/artifacts/external_access_log.json,2026-09-09T06:17:36.283411+00:00
count,1-1,72441,70483,0.9729711075219836,2430,70483,853,597,0.5427865435319777,0.552885092859271,18280.34070212623,2430,0.0010743332397647,25465.0192704121,2430,0.0010130231641543,0.2889335198287773,0.2636916671870005,0.2968968568194203,0.2619275660493575,-0.0252418526417768,0.0046362588081238,-0.034333283127442,-0.0161504221561116,-0.0445410157024254,-0.0059426895811282,UNCERTAIN,IDENTIFICATION_AND_FULL_LEARNING_UNCERTAINTY,,Take,bcap_swing__mlb_2023__20260909__r01,BCAP-SWING-v0.1.0,swing,2023,COMPLETE,fixed_development_policy_external_crossfit_nuisance_OPE,season-weighted final PA W per selected current decision; no summed PA policy gain,Q/value/delta/gain: raw W; outcome MSE: W^2; probabilities/coverage: fraction; sample counts: explicit rows/PA/games,Take_adjudicated,Swing_offer_including_bunts,1-1,,,,Frozen diagnostic candidate; never a recommended action,action_and_policy_value,EVALUATED,True,0.2995321708780841,0.0,0.0,0.0,0.3183788323336035,0.0188466614555194,0.0141861000727573,0.0235072228382815,0.2995321708780841,0.0,0.0,0.0,0.2889335198287773,-0.0105986510493067,-0.0237890571861478,0.0025917550875343,0.2636916671870005,-0.0358405036910835,-0.0450745567693359,-0.0266064506128311,0.2763125935078889,-0.0232195773701951,-0.0292621638563799,-0.0171769908840103,,,,,,,,,,,,,,,,,,,columns/001-ball-count/analysis/runs/bcap_swing__mlb_2023__20260909__r01/artifacts/external_access_log.json,2026-09-09T06:17:36.283411+00:00
count,1-2,69595,66567,0.956491127236152,2430,52754,833,598,0.5756160643724405,0.5765769825889705,13897.470673227886,2430,0.0012494153782846,25409.31158300285,2430,0.001047625986654,0.1910720217206375,0.1744664552324613,0.2186518963507268,0.1824723544969597,-0.0166055664881762,0.0034351391464972,-0.0233416720533453,-0.009869460923007,-0.0309048783402459,-0.0023062546361064,UNCERTAIN,IDENTIFICATION_AND_FULL_LEARNING_UNCERTAINTY,,Take,bcap_swing__mlb_2023__20260909__r01,BCAP-SWING-v0.1.0,swing,2023,COMPLETE,fixed_development_policy_external_crossfit_nuisance_OPE,season-weighted final PA W per selected current decision; no summed PA policy gain,Q/value/delta/gain: raw W; outcome MSE: W^2; probabilities/coverage: fraction; sample counts: explicit rows/PA/games,Take_adjudicated,Swing_offer_including_bunts,1-2,,,,Frozen diagnostic candidate; never a recommended action,action_and_policy_value,EVALUATED,True,0.2243605690507308,0.0,0.0,0.0,0.2590269008862199,0.0346663318354891,0.0299415466624898,0.0393911170084884,0.2243605690507308,0.0,0.0,0.0,0.1910720217206375,-0.0332885473300933,-0.0430417129380348,-0.0235353817221517,0.1744664552324613,-0.0498941138182695,-0.0566244919328517,-0.0431637357036873,0.1827692384765493,-0.0415913305741814,-0.0459609455011406,-0.0372217156472222,,,,,,,,,,,,,,,,,,,columns/001-ball-count/analysis/runs/bcap_swing__mlb_2023__20260909__r01/artifacts/external_access_log.json,2026-09-09T06:17:36.283411+00:00
count,2-0,23702,22792,0.9616066154754872,2430,22792,832,584,0.4274744747278711,0.4415145665145665,9883.078666884316,2412,0.0016128020842387,6718.670760441079,2384,0.0017637067389398,0.4193229690615054,0.3648012045289173,0.4199016662228903,0.3551437075807055,-0.0545217645325881,0.0078697446494777,-0.0699538703277381,-0.0390896587374381,-0.0872808255603739,-0.0217627035048023,UNCERTAIN,IDENTIFICATION_AND_FULL_LEARNING_UNCERTAINTY,,Take,bcap_swing__mlb_2023__20260909__r01,BCAP-SWING-v0.1.0,swing,2023,COMPLETE,fixed_development_policy_external_crossfit_nuisance_OPE,season-weighted final PA W per selected current decision; no summed PA policy gain,Q/value/delta/gain: raw W; outcome MSE: W^2; probabilities/coverage: fraction; sample counts: explicit rows/PA/games,Take_adjudicated,Swing_offer_including_bunts,2-0,,,,Frozen diagnostic candidate; never a recommended action,action_and_policy_value,EVALUATED,True,0.4195327307827308,0.0,0.0,0.0,0.4368022186029682,0.0172694878202373,0.0070069883302207,0.027531987310254,0.4195327307827308,0.0,0.0,0.0,0.4193229690615054,-0.0002097617212253,-0.0168566042282676,0.016437080785817,0.3648012045289173,-0.0547315262538134,-0.0745851679197826,-0.0348778845878442,0.3920620867952114,-0.0274706439875193,-0.0356775439242763,-0.0192637440507624,,,,,,,,,,,,,,,,,,,columns/001-ball-count/analysis/runs/bcap_swing__mlb_2023__20260909__r01/artifacts/external_access_log.json,2026-09-09T06:17:36.283411+00:00
count,2-1,37395,36565,0.9778045193207648,2430,36565,840,588,0.5759593528546597,0.583016545877205,8766.191872218425,2423,0.001627843602409,14748.013944999588,2430,0.0011800199867774,0.3561878994311231,0.2967778143151006,0.371708777687711,0.2952092463941467,-0.0594100851160225,0.0063398142016121,-0.071842087403081,-0.0469780828289641,-0.0858005678554108,-0.0330196023766343,UNCERTAIN,IDENTIFICATION_AND_FULL_LEARNING_UNCERTAINTY,,Take,bcap_swing__mlb_2023__20260909__r01,BCAP-SWING-v0.1.0,swing,2023,COMPLETE,fixed_development_policy_external_crossfit_nuisance_OPE,season-weighted final PA W per selected current decision; no summed PA policy gain,Q/value/delta/gain: raw W; outcome MSE: W^2; probabilities/coverage: fraction; sample counts: explicit rows/PA/games,Take_adjudicated,Swing_offer_including_bunts,2-1,,,,Frozen diagnostic candidate; never a recommended action,action_and_policy_value,EVALUATED,True,0.3541166142485983,0.0,0.0,0.0,0.3840046545138057,0.0298880402652072,0.0192181970569157,0.0405578834734988,0.3541166142485983,0.0,0.0,0.0,0.3561878994311231,0.0020712851825248,-0.0168421589819706,0.0209847293470203,0.2967778143151006,-0.0573387999334977,-0.0690842247943111,-0.0455933750726843,0.3264828568731119,-0.0276337573754864,-0.0362199260704145,-0.0190475886805582,,,,,,,,,,,,,,,,,,,columns/001-ball-count/analysis/runs/bcap_swing__mlb_2023__20260909__r01/artifacts/external_access_log.json,2026-09-09T06:17:36.283411+00:00
count,2-2,59473,56727,0.953827787399324,2430,43102,828,593,0.6403746237788577,0.6361344685952016,10011.861153867829,2430,0.0014077015627751,25989.956031539477,2430,0.00104304358059,0.2308869978987349,0.2106214251401594,0.2742836940722467,0.219206660267005,-0.0202655727585755,0.0039387553316044,-0.027989240003937,-0.0125419055132139,-0.0366612669047773,-0.0038698786123736,UNCERTAIN,IDENTIFICATION_AND_FULL_LEARNING_UNCERTAINTY,,Take,bcap_swing__mlb_2023__20260909__r01,BCAP-SWING-v0.1.0,swing,2023,COMPLETE,fixed_development_policy_external_crossfit_nuisance_OPE,season-weighted final PA W per selected current decision; no summed PA policy gain,Q/value/delta/gain: raw W; outcome MSE: W^2; probabilities/coverage: fraction; sample counts: explicit rows/PA/games,Take_adjudicated,Swing_offer_including_bunts,2-2,,,,Frozen diagnostic candidate; never a recommended action,action_and_policy_value,EVALUATED,True,0.2699690799795511,0.0,0.0,0.0,0.3150984491525185,0.0451293691729673,0.0397220444916194,0.0505366938543151,0.2699690799795511,0.0,0.0,0.0,0.2308869978987349,-0.0390820820808162,-0.0508922675012518,-0.0272718966603806,0.2106214251401594,-0.0593476548393917,-0.066145710026789,-0.0525495996519944,0.2207542115194471,-0.049214868460104,-0.0542786931375622,-0.0441510437826458,,,,,,,,,,,,,,,,,,,columns/001-ball-count/analysis/runs/bcap_swing__mlb_2023__20260909__r01/artifacts/external_access_log.json,2026-09-09T06:17:36.283411+00:00
count,3-0,7320,6452,0.8814207650273224,2248,6452,750,552,0.0968579234972677,0.1089584624922504,5726.10922728509,2178,0.001584078911841,620.4349041374035,597,0.0065587646776383,0.5407031670666016,0.4361554277145035,0.5131752466614066,0.3569949189419623,-0.104547739352098,0.0198150941660217,-0.1434055411435862,-0.0656899375606097,-0.1870437910442312,-0.0220516876599648,UNCERTAIN,IDENTIFICATION_AND_FULL_LEARNING_UNCERTAINTY,,Take,bcap_swing__mlb_2023__20260909__r01,BCAP-SWING-v0.1.0,swing,2023,COMPLETE,fixed_development_policy_external_crossfit_nuisance_OPE,season-weighted final PA W per selected current decision; no summed PA policy gain,Q/value/delta/gain: raw W; outcome MSE: W^2; probabilities/coverage: fraction; sample counts: explicit rows/PA/games,Take_adjudicated,Swing_offer_including_bunts,3-0,,,,Frozen diagnostic candidate; never a recommended action,action_and_policy_value,EVALUATED,True,0.5350413825170489,0.0,0.0,0.0,0.5637666940574032,0.0287253115403542,-0.0293498150120629,0.0868004380927713,0.5350413825170489,0.0,0.0,0.0,0.5407031670666016,0.0056617845495526,-0.0045674180892466,0.0158909871883519,0.4361554277145035,-0.0988859548025454,-0.1721757903385355,-0.0255961192665552,0.4884292973905526,-0.0466120851264963,-0.0788086478865376,-0.014415522366455,,,,,,,,,,,,,,,,,,,columns/001-ball-count/analysis/runs/bcap_swing__mlb_2023__20260909__r01/artifacts/external_access_log.json,2026-09-09T06:17:36.283411+00:00
count,3-1,15561,15177,0.9753229226913438,2414,15176,808,582,0.536083799241694,0.545891809975621,4196.1379305418495,2256,0.0022364999746952,5389.4507984386055,2340,0.0020159310043856,0.4957358696069005,0.3753430216887116,0.498840467610591,0.3617288619594322,-0.1203928479181889,0.0097221744884285,-0.1394575225564719,-0.1013281732799059,-0.1608634472624396,-0.0799222485739382,UNCERTAIN,IDENTIFICATION_AND_FULL_LEARNING_UNCERTAINTY,,Take,bcap_swing__mlb_2023__20260909__r01,BCAP-SWING-v0.1.0,swing,2023,COMPLETE,fixed_development_policy_external_crossfit_nuisance_OPE,season-weighted final PA W per selected current decision; no summed PA policy gain,Q/value/delta/gain: raw W; outcome MSE: W^2; probabilities/coverage: fraction; sample counts: explicit rows/PA/games,Take_adjudicated,Swing_offer_including_bunts,3-1,,,,Frozen diagnostic candidate; never a recommended action,action_and_policy_value,EVALUATED,True,0.4715793635105751,0.0,0.0,0.0,0.5137482183455173,0.042168854834942,0.0289676211490753,0.0553700885208088,0.4715793635105751,0.0,0.0,0.0,0.4957358696069005,0.0241565060963253,-0.0027588324294952,0.0510718446221458,0.3753430216887116,-0.0962363418218636,-0.1166606249049024,-0.0758120587388247,0.435539445647806,-0.0360399178627691,-0.0487413367160743,-0.0233384990094639,,,,,,,,,,,,,,,,,,,columns/001-ball-count/analysis/runs/bcap_swing__mlb_2023__20260909__r01/artifacts/external_access_log.json,2026-09-09T06:17:36.283411+00:00
count,3-2,36202,34574,0.955030108833766,2430,25198,818,585,0.700790011601569,0.6955226470758373,5382.204064578041,2388,0.0018502342810409,18824.65387799647,2429,0.0011907631290818,0.3391816604333574,0.275734846486003,0.4257983180096163,0.282189065184766,-0.0634468139473544,0.0056619413806744,-0.0745495475536225,-0.0523440803410863,-0.0870155434915293,-0.0398780844031795,UNCERTAIN,IDENTIFICATION_AND_FULL_LEARNING_UNCERTAINTY,,Take,bcap_swing__mlb_2023__20260909__r01,BCAP-SWING-v0.1.0,swing,2023,COMPLETE,fixed_development_policy_external_crossfit_nuisance_OPE,season-weighted final PA W per selected current decision; no summed PA policy gain,Q/value/delta/gain: raw W; outcome MSE: W^2; probabilities/coverage: fraction; sample counts: explicit rows/PA/games,Take_adjudicated,Swing_offer_including_bunts,3-2,,,,Frozen diagnostic candidate; never a recommended action,action_and_policy_value,EVALUATED,True,0.3762079597385318,0.0,0.0,0.0,0.4620949613359594,0.0858870015974275,0.0797426015875202,0.0920314016073347,0.3762079597385318,0.0,0.0,0.0,0.3391816604333574,-0.0370262993051743,-0.0556520920561659,-0.0184005065541827,0.275734846486003,-0.1004731132525287,-0.108276626688176,-0.0926695998168814,0.3074582534596802,-0.0687497062788515,-0.0768142109561392,-0.0606852016015639,,,,,,,,,,,,,,,,,,,columns/001-ball-count/analysis/runs/bcap_swing__mlb_2023__20260909__r01/artifacts/external_access_log.json,2026-09-09T06:17:36.283411+00:00
cell,0-0|BOUNDARY|FB,29225,29034,0.993464499572284,2430,29034,783,593,0.3647219846022241,0.3645381277123372,18079.43868412922,2429,0.0010159578746483,9728.22738374148,2404,0.0013603208078698,0.2887892658944805,0.3041830955876519,0.2886953961219864,0.3015632804649012,0.0153938296931713,0.0067070678519079,0.002241664626067,0.0285459947602756,-0.0125254046485339,0.0433130640348767,UNCERTAIN,IDENTIFICATION_AND_FULL_LEARNING_UNCERTAINTY,,Swing_including_bunts,bcap_swing__mlb_2023__20260909__r01,BCAP-SWING-v0.1.0,swing,2023,COMPLETE,fixed_development_policy_external_crossfit_nuisance_OPE,season-weighted final PA W per selected current decision; no summed PA policy gain,Q/value/delta/gain: raw W; outcome MSE: W^2; probabilities/coverage: fraction; sample counts: explicit rows/PA/games,Take_adjudicated,Swing_offer_including_bunts,0-0,BOUNDARY,FB,1,Frozen diagnostic candidate; never a recommended action,action_and_policy_value,EVALUATED,True,0.2946865743610939,0.0,0.0,0.0,0.3041830955876519,0.009496521226558,-0.0098928097841034,0.0288858522372196,0.2946865743610939,0.0,0.0,0.0,0.2887892658944805,-0.0058973084666132,-0.0149703779207633,0.0031757609875367,0.3041830955876519,0.009496521226558,-0.0098928097841034,0.0288858522372196,0.2964861807410662,0.0017996063799724,-0.0040538081469213,0.0076530209068662,,,,,,,,,,,,,,,,,,,columns/001-ball-count/analysis/runs/bcap_swing__mlb_2023__20260909__r01/artifacts/external_access_log.json,2026-09-09T06:17:36.283411+00:00
cell,0-0|BOUNDARY|NFB,17618,17503,0.9934725848563968,2428,17503,816,589,0.3643432852764218,0.3642232760098269,10879.567363243616,2404,0.0011251059624765,5800.090299236541,2216,0.0018308091064,0.2908049733511237,0.2895009104624658,0.2917555811359358,0.2891001946525915,-0.0013040628886579,0.0087971409028681,-0.0185547452078138,0.0159466194304979,-0.0379236148021689,0.0353154890248529,UNCERTAIN,IDENTIFICATION_AND_FULL_LEARNING_UNCERTAINTY,,Take,bcap_swing__mlb_2023__20260909__r01,BCAP-SWING-v0.1.0,swing,2023,COMPLETE,fixed_development_policy_external_crossfit_nuisance_OPE,season-weighted final PA W per selected current decision; no summed PA policy gain,Q/value/delta/gain: raw W; outcome MSE: W^2; probabilities/coverage: fraction; sample counts: explicit rows/PA/games,Take_adjudicated,Swing_offer_including_bunts,0-0,BOUNDARY,NFB,0,Frozen diagnostic candidate; never a recommended action,action_and_policy_value,EVALUATED,True,0.29122019082443,0.0,0.0,0.0,0.2908049733511237,-0.0004152174733063,-0.0122472391829332,0.0114168042363206,0.29122019082443,0.0,0.0,0.0,0.2908049733511237,-0.0004152174733063,-0.0122472391829332,0.0114168042363206,0.2895009104624658,-0.0017192803619642,-0.027252417307236,0.0238138565833074,0.2901529419067948,-0.0010672489176352,-0.0088596179036986,0.006725120068428,,,,,,,,,,,,,,,,,,,columns/001-ball-count/analysis/runs/bcap_swing__mlb_2023__20260909__r01/artifacts/external_access_log.json,2026-09-09T06:17:36.283411+00:00
cell,0-0|INNER|FB,35798,35548,0.9930163696295884,2430,35548,786,595,0.5185764567852953,0.5181163497243164,16340.78145021776,2427,0.0012727977043903,17745.620948293825,2426,0.0012339831951594,0.2706291589911724,0.3339720602685792,0.2713969413690411,0.3319516941628757,0.0633429012774067,0.0055409462562336,0.0524774319845609,0.0742083705702525,0.040277833140579,0.0864079694142343,UNCERTAIN,IDENTIFICATION_AND_FULL_LEARNING_UNCERTAINTY,,Swing_including_bunts,bcap_swing__mlb_2023__20260909__r01,BCAP-SWING-v0.1.0,swing,2023,COMPLETE,fixed_development_policy_external_crossfit_nuisance_OPE,season-weighted final PA W per selected current decision; no summed PA policy gain,Q/value/delta/gain: raw W; outcome MSE: W^2; probabilities/coverage: fraction; sample counts: explicit rows/PA/games,Take_adjudicated,Swing_offer_including_bunts,0-0,INNER,FB,1,Frozen diagnostic candidate; never a recommended action,action_and_policy_value,EVALUATED,True,0.3034914763137166,0.0,0.0,0.0,0.3339720602685792,0.0304805839548625,0.0191499095915779,0.0418112583181471,0.3034914763137166,0.0,0.0,0.0,0.2706291589911724,-0.0328623173225441,-0.0451256184486982,-0.02059901619639,0.3339720602685792,0.0304805839548625,0.0191499095915779,0.0418112583181471,0.3023006096298758,-0.0011908666838408,-0.0037181232951958,0.0013363899275142,,,,,,,,,,,,,,,,,,,columns/001-ball-count/analysis/runs/bcap_swing__mlb_2023__20260909__r01/artifacts/external_access_log.json,2026-09-09T06:17:36.283411+00:00
cell,0-0|INNER|NFB,20252,20130,0.993975903614458,2430,20130,805,591,0.4582757258542366,0.4583209140586189,10509.663200505967,2393,0.0012681022699693,8703.68256199542,2369,0.0015471993378954,0.2707483466293038,0.3369843054494242,0.2711806620329827,0.3351860673745464,0.0662359588201203,0.0076654990875559,0.0512043665435348,0.0812675510967057,0.0343271023574971,0.0981448152827434,UNCERTAIN,IDENTIFICATION_AND_FULL_LEARNING_UNCERTAINTY,,Swing_including_bunts,bcap_swing__mlb_2023__20260909__r01,BCAP-SWING-v0.1.0,swing,2023,COMPLETE,fixed_development_policy_external_crossfit_nuisance_OPE,season-weighted final PA W per selected current decision; no summed PA policy gain,Q/value/delta/gain: raw W; outcome MSE: W^2; probabilities/coverage: fraction; sample counts: explicit rows/PA/games,Take_adjudicated,Swing_offer_including_bunts,0-0,INNER,NFB,1,Frozen diagnostic candidate; never a recommended action,action_and_policy_value,EVALUATED,True,0.3023445106805762,0.0,0.0,0.0,0.3369843054494242,0.0346397947688479,0.0163084138921915,0.0529711756455043,0.3023445106805762,0.0,0.0,0.0,0.2707483466293038,-0.0315961640512723,-0.0459623214631806,-0.017230006639364,0.3369843054494242,0.0346397947688479,0.0163084138921915,0.0529711756455043,0.3038663260393641,0.0015218153587878,-0.0025609804512319,0.0056046111688075,,,,,,,,,,,,,,,,,,,columns/001-ball-count/analysis/runs/bcap_swing__mlb_2023__20260909__r01/artifacts/external_access_log.json,2026-09-09T06:17:36.283411+00:00
cell,0-0|MISSING|UNCLASSIFIED,73,0,0.0,0,0,0,0,0.3424657534246575,,0.0,0,,0.0,0,,,,,,,,,,,,NO_SUPPORT,NO_COMMON_SUPPORT,,,bcap_swing__mlb_2023__20260909__r01,BCAP-SWING-v0.1.0,swing,2023,COMPLETE,fixed_development_policy_external_crossfit_nuisance_OPE,season-weighted final PA W per selected current decision; no summed PA policy gain,Q/value/delta/gain: raw W; outcome MSE: W^2; probabilities/coverage: fraction; sample counts: explicit rows/PA/games,Take_adjudicated,Swing_offer_including_bunts,0-0,MISSING,UNCLASSIFIED,0.5,Frozen diagnostic candidate; never a recommended action,action_and_policy_value,EVALUATED,True,,,,,,,,,,,,,,,,,,,,,,,,,,,,,,,,,,,,,,,,,,,columns/001-ball-count/analysis/runs/bcap_swing__mlb_2023__20260909__r01/artifacts/external_access_log.json,2026-09-09T06:17:36.283411+00:00
cell,0-0|OUT|FB,44989,38051,0.8457845251061371,2430,38051,792,594,0.1328546978150214,0.1544506057659457,31873.822772785283,2430,0.0010471383054945,4681.431242315371,2187,0.0019468914279133,0.3446876098990702,0.2578127762316629,0.3425223943591114,0.2630087415637792,-0.0868748336674073,0.0067758265787244,-0.1001618305484819,-0.0735878367863327,-0.1150802871214602,-0.0586693802133544,UNCERTAIN,IDENTIFICATION_AND_FULL_LEARNING_UNCERTAINTY,,Take,bcap_swing__mlb_2023__20260909__r01,BCAP-SWING-v0.1.0,swing,2023,COMPLETE,fixed_development_policy_external_crossfit_nuisance_OPE,season-weighted final PA W per selected current decision; no summed PA policy gain,Q/value/delta/gain: raw W; outcome MSE: W^2; probabilities/coverage: fraction; sample counts: explicit rows/PA/games,Take_adjudicated,Swing_offer_including_bunts,0-0,OUT,FB,0,Frozen diagnostic candidate; never a recommended action,action_and_policy_value,EVALUATED,True,0.3341248587422143,0.0,0.0,0.0,0.3446876098990702,0.0105627511568558,0.0058897888519063,0.0152357134618054,0.3341248587422143,0.0,0.0,0.0,0.3446876098990702,0.0105627511568558,0.0058897888519063,0.0152357134618054,0.2578127762316629,-0.0763120825105514,-0.1004617632928649,-0.0521624017282379,0.3012501930653666,-0.0328746656768477,-0.0430547898488986,-0.0226945415047969,,,,,,,,,,,,,,,,,,,columns/001-ball-count/analysis/runs/bcap_swing__mlb_2023__20260909__r01/artifacts/external_access_log.json,2026-09-09T06:17:36.283411+00:00
cell,0-0|OUT|NFB,35012,30172,0.8617616817091283,2430,30172,843,589,0.1699417342625385,0.1904414689115736,23973.883104678964,2429,0.0011212410411888,4205.834153620832,2171,0.0020668138122962,0.3598923174009752,0.2706796557872354,0.3528890552769637,0.262375860816265,-0.0892126616137398,0.0081427990430789,-0.1051802109941099,-0.0732451122333696,-0.1231083548884788,-0.0553169683390007,UNCERTAIN,IDENTIFICATION_AND_FULL_LEARNING_UNCERTAINTY,,Take,bcap_swing__mlb_2023__20260909__r01,BCAP-SWING-v0.1.0,swing,2023,COMPLETE,fixed_development_policy_external_crossfit_nuisance_OPE,season-weighted final PA W per selected current decision; no summed PA policy gain,Q/value/delta/gain: raw W; outcome MSE: W^2; probabilities/coverage: fraction; sample counts: explicit rows/PA/games,Take_adjudicated,Swing_offer_including_bunts,0-0,OUT,NFB,0,Frozen diagnostic candidate; never a recommended action,action_and_policy_value,EVALUATED,True,0.3425971761898448,0.0,0.0,0.0,0.3598923174009752,0.0172951412111303,0.011166183892951,0.0234240985293096,0.3425971761898448,0.0,0.0,0.0,0.3598923174009752,0.0172951412111303,0.011166183892951,0.0234240985293096,0.2706796557872354,-0.0719175204026094,-0.100864054571515,-0.0429709862337038,0.3152859865941054,-0.0273111895957395,-0.0395791753088076,-0.0150432038826714,,,,,,,,,,,,,,,,,,,columns/001-ball-count/analysis/runs/bcap_swing__mlb_2023__20260909__r01/artifacts/external_access_log.json,2026-09-09T06:17:36.283411+00:00
cell,0-1|BOUNDARY|FB,11994,11913,0.9932466233116558,2398,11913,749,578,0.6320660330165082,0.6320825988416016,4028.8485627555447,2017,0.0020670492894139,7382.847695196705,2308,0.0013998098131562,0.2393060693888821,0.2484156021126538,0.2412843165866615,0.2500716572733255,0.0091095327237717,0.0093107511059171,-0.0091484233847048,0.0273674888322482,-0.029648920346915,0.0478679857944584,UNCERTAIN,IDENTIFICATION_AND_FULL_LEARNING_UNCERTAINTY,,Swing_including_bunts,bcap_swing__mlb_2023__20260909__r01,BCAP-SWING-v0.1.0,swing,2023,COMPLETE,fixed_development_policy_external_crossfit_nuisance_OPE,season-weighted final PA W per selected current decision; no summed PA policy gain,Q/value/delta/gain: raw W; outcome MSE: W^2; probabilities/coverage: fraction; sample counts: explicit rows/PA/games,Take_adjudicated,Swing_offer_including_bunts,0-1,BOUNDARY,FB,0,Frozen diagnostic candidate; never a recommended action,action_and_policy_value,EVALUATED,True,0.2461893729539159,0.0,0.0,0.0,0.2393060693888821,-0.0068833035650337,-0.0333990270867373,0.0196324199566699,0.2461893729539159,0.0,0.0,0.0,0.2393060693888821,-0.0068833035650337,-0.0333990270867373,0.0196324199566699,0.2484156021126538,0.0022262291587379,-0.0108072134522435,0.0152596717697194,0.243860835750768,-0.0023285372031478,-0.0101338359788791,0.0054767615725833,,,,,,,,,,,,,,,,,,,columns/001-ball-count/analysis/runs/bcap_swing__mlb_2023__20260909__r01/artifacts/external_access_log.json,2026-09-09T06:17:36.283411+00:00
cell,0-1|BOUNDARY|NFB,9893,9825,0.9931264530476094,2387,9825,762,577,0.6694632568482766,0.6689058524173028,2937.338595562373,1778,0.0026094822921636,6462.031940685045,2244,0.0017504028042263,0.2488021335340752,0.2519487750755789,0.2507332093174107,0.2525304150030301,0.0031466415415036,0.0115221847183139,-0.0194478871316896,0.0257411702146968,-0.0448179080348726,0.0511111911178799,UNCERTAIN,IDENTIFICATION_AND_FULL_LEARNING_UNCERTAINTY,,Swing_including_bunts,bcap_swing__mlb_2023__20260909__r01,BCAP-SWING-v0.1.0,swing,2023,COMPLETE,fixed_development_policy_external_crossfit_nuisance_OPE,season-weighted final PA W per selected current decision; no summed PA policy gain,Q/value/delta/gain: raw W; outcome MSE: W^2; probabilities/coverage: fraction; sample counts: explicit rows/PA/games,Take_adjudicated,Swing_offer_including_bunts,0-1,BOUNDARY,NFB,1,Frozen diagnostic candidate; never a recommended action,action_and_policy_value,EVALUATED,True,0.2536348091603053,0.0,0.0,0.0,0.2519487750755789,-0.0016860340847264,-0.0154712766159354,0.0120992084464824,0.2536348091603053,0.0,0.0,0.0,0.2488021335340752,-0.00483267562623,-0.0398911178783917,0.0302257666259316,0.2519487750755789,-0.0016860340847264,-0.0154712766159354,0.0120992084464824,0.2503754543048271,-0.0032593548554782,-0.0148530660119647,0.0083343563010081,,,,,,,,,,,,,,,,,,,columns/001-ball-count/analysis/runs/bcap_swing__mlb_2023__20260909__r01/artifacts/external_access_log.json,2026-09-09T06:17:36.283411+00:00
cell,0-1|INNER|FB,13136,13047,0.9932247259439708,2416,13047,747,583,0.8067904993909866,0.8063156281137426,2265.178920809972,1558,0.0028252194454254,10477.971196369705,2398,0.0013649879293575,0.1958730537652118,0.2798508825558266,0.2110509829768472,0.2793590261271964,0.0839778287906148,0.0114354056916845,0.06155360687185,0.1064020507093796,0.0363756183595817,0.131580039221648,UNCERTAIN,IDENTIFICATION_AND_FULL_LEARNING_UNCERTAINTY,,Swing_including_bunts,bcap_swing__mlb_2023__20260909__r01,BCAP-SWING-v0.1.0,swing,2023,COMPLETE,fixed_development_policy_external_crossfit_nuisance_OPE,season-weighted final PA W per selected current decision; no summed PA policy gain,Q/value/delta/gain: raw W; outcome MSE: W^2; probabilities/coverage: fraction; sample counts: explicit rows/PA/games,Take_adjudicated,Swing_offer_including_bunts,0-1,INNER,FB,1,Frozen diagnostic candidate; never a recommended action,action_and_policy_value,EVALUATED,True,0.263595309266498,0.0,0.0,0.0,0.2798508825558266,0.0162555732893286,0.0085540799283705,0.0239570666502866,0.263595309266498,0.0,0.0,0.0,0.1958730537652118,-0.0677222555012862,-0.1081860013432711,-0.0272585096593013,0.2798508825558266,0.0162555732893286,0.0085540799283705,0.0239570666502866,0.2378619681605192,-0.0257333411059788,-0.0425208738102425,-0.008945808401715,,,,,,,,,,,,,,,,,,,columns/001-ball-count/analysis/runs/bcap_swing__mlb_2023__20260909__r01/artifacts/external_access_log.json,2026-09-09T06:17:36.283411+00:00
cell,0-1|INNER|NFB,9520,9421,0.9896008403361344,2378,9421,746,581,0.8139705882352941,0.8139263347839932,1558.3323911761008,1214,0.0036429629815257,7631.417883086588,2330,0.0014847520375391,0.217696210852417,0.295300233649671,0.2213582760686075,0.2928073871560118,0.077604022797254,0.0153138136802291,0.0475742085165816,0.1076338370779263,0.0138552179491501,0.1413528276453578,UNCERTAIN,IDENTIFICATION_AND_FULL_LEARNING_UNCERTAINTY,,Swing_including_bunts,bcap_swing__mlb_2023__20260909__r01,BCAP-SWING-v0.1.0,swing,2023,COMPLETE,fixed_development_policy_external_crossfit_nuisance_OPE,season-weighted final PA W per selected current decision; no summed PA policy gain,Q/value/delta/gain: raw W; outcome MSE: W^2; probabilities/coverage: fraction; sample counts: explicit rows/PA/games,Take_adjudicated,Swing_offer_including_bunts,0-1,INNER,NFB,1,Frozen diagnostic candidate; never a recommended action,action_and_policy_value,EVALUATED,True,0.2810838552170683,0.0,0.0,0.0,0.295300233649671,0.0142163784326027,0.0048315297531372,0.0236012271120683,0.2810838552170683,0.0,0.0,0.0,0.217696210852417,-0.0633876443646512,-0.1185329137765306,-0.0082423749527717,0.295300233649671,0.0142163784326027,0.0048315297531372,0.0236012271120683,0.256498222251044,-0.0245856329660242,-0.0480070020919358,-0.0011642638401125,,,,,,,,,,,,,,,,,,,columns/001-ball-count/analysis/runs/bcap_swing__mlb_2023__20260909__r01/artifacts/external_access_log.json,2026-09-09T06:17:36.283411+00:00
cell,0-1|MISSING|UNCLASSIFIED,35,0,0.0,0,0,0,0,0.4857142857142857,,0.0,0,,0.0,0,,,,,,,,,,,,NO_SUPPORT,NO_COMMON_SUPPORT,,,bcap_swing__mlb_2023__20260909__r01,BCAP-SWING-v0.1.0,swing,2023,COMPLETE,fixed_development_policy_external_crossfit_nuisance_OPE,season-weighted final PA W per selected current decision; no summed PA policy gain,Q/value/delta/gain: raw W; outcome MSE: W^2; probabilities/coverage: fraction; sample counts: explicit rows/PA/games,Take_adjudicated,Swing_offer_including_bunts,0-1,MISSING,UNCLASSIFIED,0.5,Frozen diagnostic candidate; never a recommended action,action_and_policy_value,EVALUATED,True,,,,,,,,,,,,,,,,,,,,,,,,,,,,,,,,,,,,,,,,,,,columns/001-ball-count/analysis/runs/bcap_swing__mlb_2023__20260909__r01/artifacts/external_access_log.json,2026-09-09T06:17:36.283411+00:00
cell,0-1|OUT|FB,21738,20477,0.9419909835311436,2429,20477,770,587,0.2390284294783328,0.2515505200957171,14943.168349363448,2422,0.0010337282855232,4062.849306523037,2126,0.002279749149325,0.2991775416698649,0.205895492736487,0.2960975798862691,0.2079517689797091,-0.0932820489333778,0.0075756286852362,-0.1081374136938618,-0.0784266841728939,-0.1248168300320239,-0.0617472678347317,UNCERTAIN,IDENTIFICATION_AND_FULL_LEARNING_UNCERTAINTY,,Take,bcap_swing__mlb_2023__20260909__r01,BCAP-SWING-v0.1.0,swing,2023,COMPLETE,fixed_development_policy_external_crossfit_nuisance_OPE,season-weighted final PA W per selected current decision; no summed PA policy gain,Q/value/delta/gain: raw W; outcome MSE: W^2; probabilities/coverage: fraction; sample counts: explicit rows/PA/games,Take_adjudicated,Swing_offer_including_bunts,0-1,OUT,FB,0,Frozen diagnostic candidate; never a recommended action,action_and_policy_value,EVALUATED,True,0.2799230356009181,0.0,0.0,0.0,0.2991775416698649,0.0192545060689468,0.0115424744831246,0.026966537654769,0.2799230356009181,0.0,0.0,0.0,0.2991775416698649,0.0192545060689468,0.0115424744831246,0.026966537654769,0.205895492736487,-0.074027542864431,-0.0992770541230953,-0.0487780316057666,0.252536517203176,-0.027386518397742,-0.0373813180583749,-0.0173917187371092,,,,,,,,,,,,,,,,,,,columns/001-ball-count/analysis/runs/bcap_swing__mlb_2023__20260909__r01/artifacts/external_access_log.json,2026-09-09T06:17:36.283411+00:00
cell,0-1|OUT|NFB,26620,24816,0.9322314049586776,2430,24816,829,592,0.286664162283997,0.303030303030303,16478.44942939058,2428,0.0013445730087589,5278.871613270585,2294,0.0021852055278015,0.2977632979909778,0.2062947041860666,0.2934430728334372,0.1999692496133645,-0.0914685938049112,0.0070505194689101,-0.1052942472665144,-0.077642940343308,-0.120817500007979,-0.0621196876018433,UNCERTAIN,IDENTIFICATION_AND_FULL_LEARNING_UNCERTAINTY,,Take,bcap_swing__mlb_2023__20260909__r01,BCAP-SWING-v0.1.0,swing,2023,COMPLETE,fixed_development_policy_external_crossfit_nuisance_OPE,season-weighted final PA W per selected current decision; no summed PA policy gain,Q/value/delta/gain: raw W; outcome MSE: W^2; probabilities/coverage: fraction; sample counts: explicit rows/PA/games,Take_adjudicated,Swing_offer_including_bunts,0-1,OUT,NFB,0,Frozen diagnostic candidate; never a recommended action,action_and_policy_value,EVALUATED,True,0.2720566166989039,0.0,0.0,0.0,0.2977632979909778,0.0257066812920739,0.0173525429571306,0.0340608196270171,0.2720566166989039,0.0,0.0,0.0,0.2977632979909778,0.0257066812920739,0.0173525429571306,0.0340608196270171,0.2062947041860666,-0.0657619125128373,-0.0885192791950134,-0.0430045458306612,0.2520290010885222,-0.0200276156103817,-0.0288879264956766,-0.0111673047250867,,,,,,,,,,,,,,,,,,,columns/001-ball-count/analysis/runs/bcap_swing__mlb_2023__20260909__r01/artifacts/external_access_log.json,2026-09-09T06:17:36.283411+00:00
cell,0-2|BOUNDARY|FB,4721,4685,0.9923744969286168,1995,4506,653,553,0.7693285320906588,0.7688367129135539,966.9238950502572,865,0.0038147826853905,3576.903347172961,1791,0.0024739298897577,0.0991675189292373,0.2145192215616608,0.1552594693480985,0.2155339319029707,0.1153517026324235,0.0145155001460349,0.0868845656605284,0.1438188396043186,0.0549038081841852,0.1757995970806618,UNCERTAIN,IDENTIFICATION_AND_FULL_LEARNING_UNCERTAINTY,,Swing_including_bunts,bcap_swing__mlb_2023__20260909__r01,BCAP-SWING-v0.1.0,swing,2023,COMPLETE,fixed_development_policy_external_crossfit_nuisance_OPE,season-weighted final PA W per selected current decision; no summed PA policy gain,Q/value/delta/gain: raw W; outcome MSE: W^2; probabilities/coverage: fraction; sample counts: explicit rows/PA/games,Take_adjudicated,Swing_offer_including_bunts,0-2,BOUNDARY,FB,1,Frozen diagnostic candidate; never a recommended action,action_and_policy_value,EVALUATED,True,0.190125506937033,0.0,0.0,0.0,0.2145192215616608,0.0243937146246277,0.0117454123426998,0.0370420169065557,0.190125506937033,0.0,0.0,0.0,0.0991675189292373,-0.0909579880077957,-0.139651345471512,-0.0422646305440795,0.2145192215616608,0.0243937146246277,0.0117454123426998,0.0370420169065557,0.1568433702454491,-0.0332821366915839,-0.0520444478510813,-0.0145198255320866,,,,,,,,,,,,,,,,,,,columns/001-ball-count/analysis/runs/bcap_swing__mlb_2023__20260909__r01/artifacts/external_access_log.json,2026-09-09T06:17:36.283411+00:00
cell,0-2|BOUNDARY|NFB,4184,4111,0.9825525812619504,1961,3989,668,546,0.8522944550669216,0.8523473607394795,529.401166650216,527,0.0066189093171463,3489.887561672416,1839,0.0022600548843527,0.0860727098475701,0.222363561413009,0.1614196461401124,0.2226942496004248,0.1362908515654389,0.0169619246448625,0.1030255479473326,0.1695561551835452,0.0656523328742229,0.2069293702566548,UNCERTAIN,IDENTIFICATION_AND_FULL_LEARNING_UNCERTAINTY,,Swing_including_bunts,bcap_swing__mlb_2023__20260909__r01,BCAP-SWING-v0.1.0,swing,2023,COMPLETE,fixed_development_policy_external_crossfit_nuisance_OPE,season-weighted final PA W per selected current decision; no summed PA policy gain,Q/value/delta/gain: raw W; outcome MSE: W^2; probabilities/coverage: fraction; sample counts: explicit rows/PA/games,Take_adjudicated,Swing_offer_including_bunts,0-2,BOUNDARY,NFB,1,Frozen diagnostic candidate; never a recommended action,action_and_policy_value,EVALUATED,True,0.2064847968864023,0.0,0.0,0.0,0.222363561413009,0.0158787645266067,0.0062706362002042,0.0254868928530091,0.2064847968864023,0.0,0.0,0.0,0.0860727098475701,-0.1204120870388321,-0.1822719852825517,-0.0585521887951126,0.222363561413009,0.0158787645266067,0.0062706362002042,0.0254868928530091,0.1542181356302896,-0.0522666612561127,-0.0789505794393117,-0.0255827430729136,,,,,,,,,,,,,,,,,,,columns/001-ball-count/analysis/runs/bcap_swing__mlb_2023__20260909__r01/artifacts/external_access_log.json,2026-09-09T06:17:36.283411+00:00
cell,0-2|INNER|FB,4545,4378,0.9632563256325632,1979,4166,647,555,0.8968096809680968,0.8949291914116034,412.8741028156388,418,0.0070556830642446,3910.5933357032222,1890,0.0020838180335,0.0193427954466047,0.258563579964354,0.128416780163733,0.2531212846129147,0.2392207845177492,0.010370283523701,0.2188829574434532,0.2595586115920452,0.1960342991415836,0.2824072698939148,UNCERTAIN,IDENTIFICATION_AND_FULL_LEARNING_UNCERTAINTY,,Swing_including_bunts,bcap_swing__mlb_2023__20260909__r01,BCAP-SWING-v0.1.0,swing,2023,COMPLETE,fixed_development_policy_external_crossfit_nuisance_OPE,season-weighted final PA W per selected current decision; no summed PA policy gain,Q/value/delta/gain: raw W; outcome MSE: W^2; probabilities/coverage: fraction; sample counts: explicit rows/PA/games,Take_adjudicated,Swing_offer_including_bunts,0-2,INNER,FB,1,Frozen diagnostic candidate; never a recommended action,action_and_policy_value,EVALUATED,True,0.2325004568296025,0.0,0.0,0.0,0.258563579964354,0.0260631231347514,0.0193907699210229,0.0327354763484798,0.2325004568296025,0.0,0.0,0.0,0.0193427954466047,-0.2131576613829978,-0.2503551163056067,-0.1759602064603889,0.258563579964354,0.0260631231347514,0.0193907699210229,0.0327354763484798,0.1389531877054793,-0.0935472691241232,-0.1092894845107101,-0.0778050537375362,,,,,,,,,,,,,,,,,,,columns/001-ball-count/analysis/runs/bcap_swing__mlb_2023__20260909__r01/artifacts/external_access_log.json,2026-09-09T06:17:36.283411+00:00
cell,0-2|INNER|NFB,3624,3244,0.8951434878587197,1701,3133,627,524,0.9392935982339956,0.936189889025894,187.8792795207138,197,0.0148531940284131,3032.6564463177774,1656,0.0036550561409251,0.0512110326182889,0.273532468835343,0.1451257123085333,0.2697684349288068,0.222321436217054,0.0127649444779183,0.1972847794136887,0.2473580930204194,0.1691424068956737,0.2755004655384344,NO_SUPPORT,SAMPLE_OR_OVERLAP_GATE,,Swing_including_bunts,bcap_swing__mlb_2023__20260909__r01,BCAP-SWING-v0.1.0,swing,2023,COMPLETE,fixed_development_policy_external_crossfit_nuisance_OPE,season-weighted final PA W per selected current decision; no summed PA policy gain,Q/value/delta/gain: raw W; outcome MSE: W^2; probabilities/coverage: fraction; sample counts: explicit rows/PA/games,Take_adjudicated,Swing_offer_including_bunts,0-2,INNER,NFB,1,Frozen diagnostic candidate; never a recommended action,action_and_policy_value,EVALUATED,True,0.2576069667077681,0.0,0.0,0.0,0.273532468835343,0.0159255021275748,0.0095389026775259,0.0223121015776237,0.2576069667077681,0.0,0.0,0.0,0.0512110326182889,-0.2063959340894792,-0.2537368258285745,-0.1590550423503839,0.273532468835343,0.0159255021275748,0.0095389026775259,0.0223121015776237,0.1623717507268159,-0.0952352159809521,-0.1160672118455589,-0.0744032201163454,,,,,,,,,,,,,,,,,,,columns/001-ball-count/analysis/runs/bcap_swing__mlb_2023__20260909__r01/artifacts/external_access_log.json,2026-09-09T06:17:36.283411+00:00
cell,0-2|MISSING|UNCLASSIFIED,19,0,0.0,0,0,0,0,0.5789473684210527,,0.0,0,,0.0,0,,,,,,,,,,,,NO_SUPPORT,NO_COMMON_SUPPORT,,,bcap_swing__mlb_2023__20260909__r01,BCAP-SWING-v0.1.0,swing,2023,COMPLETE,fixed_development_policy_external_crossfit_nuisance_OPE,season-weighted final PA W per selected current decision; no summed PA policy gain,Q/value/delta/gain: raw W; outcome MSE: W^2; probabilities/coverage: fraction; sample counts: explicit rows/PA/games,Take_adjudicated,Swing_offer_including_bunts,0-2,MISSING,UNCLASSIFIED,0.5,Frozen diagnostic candidate; never a recommended action,action_and_policy_value,EVALUATED,True,,,,,,,,,,,,,,,,,,,,,,,,,,,,,,,,,,,,,,,,,,,columns/001-ball-count/analysis/runs/bcap_swing__mlb_2023__20260909__r01/artifacts/external_access_log.json,2026-09-09T06:17:36.283411+00:00
cell,0-2|OUT|FB,12536,11923,0.9511008296107212,2401,11515,742,581,0.300494575622208,0.3131762140400906,7787.654812200366,2325,0.0014704784810363,2947.734834292523,1827,0.002860067077928,0.2309931412300563,0.1385753202423982,0.2275544623218237,0.1552733750754428,-0.092417820987658,0.0074398322181075,-0.1070069817081611,-0.0778286602671549,-0.1233880077148231,-0.0614476342604929,UNCERTAIN,IDENTIFICATION_AND_FULL_LEARNING_UNCERTAINTY,,Take,bcap_swing__mlb_2023__20260909__r01,BCAP-SWING-v0.1.0,swing,2023,COMPLETE,fixed_development_policy_external_crossfit_nuisance_OPE,season-weighted final PA W per selected current decision; no summed PA policy gain,Q/value/delta/gain: raw W; outcome MSE: W^2; probabilities/coverage: fraction; sample counts: explicit rows/PA/games,Take_adjudicated,Swing_offer_including_bunts,0-2,OUT,FB,0,Frozen diagnostic candidate; never a recommended action,action_and_policy_value,EVALUATED,True,0.2080057032626016,0.0,0.0,0.0,0.2309931412300563,0.0229874379674546,0.0123268611880978,0.0336480147468114,0.2080057032626016,0.0,0.0,0.0,0.2309931412300563,0.0229874379674546,0.0123268611880978,0.0336480147468114,0.1385753202423982,-0.0694303830202034,-0.0914176949034233,-0.0474430711369834,0.1847842307362273,-0.0232214725263743,-0.0308867692642968,-0.0155561757884518,,,,,,,,,,,,,,,,,,,columns/001-ball-count/analysis/runs/bcap_swing__mlb_2023__20260909__r01/artifacts/external_access_log.json,2026-09-09T06:17:36.283411+00:00
cell,0-2|OUT|NFB,19123,18119,0.9474977775453642,2426,17383,792,588,0.3454478899754222,0.3609470721342237,10534.611966768904,2401,0.0012651090249637,4366.674205742871,2234,0.0021465170458093,0.217494324103184,0.0976803431438452,0.2156227206091348,0.1242609074757899,-0.1198139809593387,0.0054295472775687,-0.1304610121708661,-0.1091669497478113,-0.1424154033442939,-0.0972125585743835,UNCERTAIN,IDENTIFICATION_AND_FULL_LEARNING_UNCERTAINTY,,Take,bcap_swing__mlb_2023__20260909__r01,BCAP-SWING-v0.1.0,swing,2023,COMPLETE,fixed_development_policy_external_crossfit_nuisance_OPE,season-weighted final PA W per selected current decision; no summed PA policy gain,Q/value/delta/gain: raw W; outcome MSE: W^2; probabilities/coverage: fraction; sample counts: explicit rows/PA/games,Take_adjudicated,Swing_offer_including_bunts,0-2,OUT,NFB,0,Frozen diagnostic candidate; never a recommended action,action_and_policy_value,EVALUATED,True,0.185863954964402,0.0,0.0,0.0,0.217494324103184,0.0316303691387819,0.0214812321843958,0.0417795060931681,0.185863954964402,0.0,0.0,0.0,0.217494324103184,0.0316303691387819,0.0214812321843958,0.0417795060931681,0.0976803431438452,-0.0881836118205567,-0.102176926981916,-0.0741902966591975,0.1575873336235146,-0.0282766213408873,-0.0329352532866648,-0.0236179893951099,,,,,,,,,,,,,,,,,,,columns/001-ball-count/analysis/runs/bcap_swing__mlb_2023__20260909__r01/artifacts/external_access_log.json,2026-09-09T06:17:36.283411+00:00
cell,1-0|BOUNDARY|FB,11239,11167,0.9935937360975176,2395,11167,754,579,0.4850965388379749,0.48464224948509,5512.752546494554,2200,0.0017412898260744,5158.445751525668,2117,0.001900784364214,0.3280567676876026,0.3216027546411779,0.3280107881292791,0.3214635459227888,-0.0064540130464248,0.0099846081525396,-0.0260333843285971,0.0131253582357475,-0.0480176728586468,0.0351096467657972,UNCERTAIN,IDENTIFICATION_AND_FULL_LEARNING_UNCERTAINTY,,Take,bcap_swing__mlb_2023__20260909__r01,BCAP-SWING-v0.1.0,swing,2023,COMPLETE,fixed_development_policy_external_crossfit_nuisance_OPE,season-weighted final PA W per selected current decision; no summed PA policy gain,Q/value/delta/gain: raw W; outcome MSE: W^2; probabilities/coverage: fraction; sample counts: explicit rows/PA/games,Take_adjudicated,Swing_offer_including_bunts,1-0,BOUNDARY,FB,0,Frozen diagnostic candidate; never a recommended action,action_and_policy_value,EVALUATED,True,0.3268440046565773,0.0,0.0,0.0,0.3280567676876026,0.0012127630310252,-0.0193184030022075,0.021743929064258,0.3268440046565773,0.0,0.0,0.0,0.3280567676876026,0.0012127630310252,-0.0193184030022075,0.021743929064258,0.3216027546411779,-0.0052412500153995,-0.0272014454972357,0.0167189454664366,0.3248297611643903,-0.0020142434921871,-0.0064869415476996,0.0024584545633253,,,,,,,,,,,,,,,,,,,columns/001-ball-count/analysis/runs/bcap_swing__mlb_2023__20260909__r01/artifacts/external_access_log.json,2026-09-09T06:17:36.283411+00:00
cell,1-0|BOUNDARY|NFB,6945,6910,0.9949604031677466,2281,6910,734,570,0.4937365010799136,0.4931982633863965,3338.66582968523,1827,0.0023473054917428,3234.031714792869,1816,0.0025455179936349,0.3213779682825791,0.3152532157062307,0.3243180857977059,0.3152557585973911,-0.0061247525763483,0.012896477715933,-0.0314148098280707,0.0191653046753739,-0.0598149922933751,0.0475654871406783,UNCERTAIN,IDENTIFICATION_AND_FULL_LEARNING_UNCERTAINTY,,Take,bcap_swing__mlb_2023__20260909__r01,BCAP-SWING-v0.1.0,swing,2023,COMPLETE,fixed_development_policy_external_crossfit_nuisance_OPE,season-weighted final PA W per selected current decision; no summed PA policy gain,Q/value/delta/gain: raw W; outcome MSE: W^2; probabilities/coverage: fraction; sample counts: explicit rows/PA/games,Take_adjudicated,Swing_offer_including_bunts,1-0,BOUNDARY,NFB,0,Frozen diagnostic candidate; never a recommended action,action_and_policy_value,EVALUATED,True,0.3188962373371924,0.0,0.0,0.0,0.3213779682825791,0.0024817309453866,-0.0245565498285274,0.0295200117193007,0.3188962373371924,0.0,0.0,0.0,0.3213779682825791,0.0024817309453866,-0.0245565498285274,0.0295200117193007,0.3152532157062307,-0.0036430216309617,-0.0315567728702977,0.0242707296083741,0.3183155919944049,-0.0005806453427875,-0.0064511314821392,0.0052898407965641,,,,,,,,,,,,,,,,,,,columns/001-ball-count/analysis/runs/bcap_swing__mlb_2023__20260909__r01/artifacts/external_access_log.json,2026-09-09T06:17:36.283411+00:00
cell,1-0|INNER|FB,14222,14130,0.993531148924202,2416,14130,766,585,0.6939249050766418,0.6932059447983014,3956.0864647619633,1990,0.0021636006980145,9686.190532066968,2376,0.0018296922583064,0.2979498666873366,0.3697148602816935,0.3043246188824275,0.365858640612468,0.0717649935943569,0.0108571640566609,0.0504746727453084,0.0930553144434054,0.0265698320020368,0.116960155186677,UNCERTAIN,IDENTIFICATION_AND_FULL_LEARNING_UNCERTAINTY,,Swing_including_bunts,bcap_swing__mlb_2023__20260909__r01,BCAP-SWING-v0.1.0,swing,2023,COMPLETE,fixed_development_policy_external_crossfit_nuisance_OPE,season-weighted final PA W per selected current decision; no summed PA policy gain,Q/value/delta/gain: raw W; outcome MSE: W^2; probabilities/coverage: fraction; sample counts: explicit rows/PA/games,Take_adjudicated,Swing_offer_including_bunts,1-0,INNER,FB,1,Frozen diagnostic candidate; never a recommended action,action_and_policy_value,EVALUATED,True,0.3497278131634819,0.0,0.0,0.0,0.3697148602816935,0.0199870471182115,0.008160391015472,0.031813703220951,0.3497278131634819,0.0,0.0,0.0,0.2979498666873366,-0.0517779464761453,-0.085837830972698,-0.0177180619795926,0.3697148602816935,0.0199870471182115,0.008160391015472,0.031813703220951,0.333832363484515,-0.0158954496789668,-0.0276989282088963,-0.0040919711490374,,,,,,,,,,,,,,,,,,,columns/001-ball-count/analysis/runs/bcap_swing__mlb_2023__20260909__r01/artifacts/external_access_log.json,2026-09-09T06:17:36.283411+00:00
cell,1-0|INNER|NFB,7888,7827,0.9922667342799188,2306,7827,727,566,0.6180273833671399,0.618116775265108,2768.146570717084,1731,0.0028929734290922,4738.168894262531,2049,0.0023324953921228,0.3112592216698872,0.3557107533364141,0.3174333108792277,0.3513883184648175,0.0444515316665268,0.0127130447705859,0.0195213309520755,0.0693817323809781,-0.0084738941098574,0.0973769574429111,UNCERTAIN,IDENTIFICATION_AND_FULL_LEARNING_UNCERTAINTY,,Swing_including_bunts,bcap_swing__mlb_2023__20260909__r01,BCAP-SWING-v0.1.0,swing,2023,COMPLETE,fixed_development_policy_external_crossfit_nuisance_OPE,season-weighted final PA W per selected current decision; no summed PA policy gain,Q/value/delta/gain: raw W; outcome MSE: W^2; probabilities/coverage: fraction; sample counts: explicit rows/PA/games,Take_adjudicated,Swing_offer_including_bunts,1-0,INNER,NFB,1,Frozen diagnostic candidate; never a recommended action,action_and_policy_value,EVALUATED,True,0.3422056982240961,0.0,0.0,0.0,0.3557107533364141,0.0135050551123179,-0.0048534439572334,0.0318635541818694,0.3422056982240961,0.0,0.0,0.0,0.3112592216698872,-0.0309464765542088,-0.0665745074652778,0.0046815543568601,0.3557107533364141,0.0135050551123179,-0.0048534439572334,0.0318635541818694,0.3334849875031506,-0.0087207107209454,-0.0188656781403368,0.001424256698446,,,,,,,,,,,,,,,,,,,columns/001-ball-count/analysis/runs/bcap_swing__mlb_2023__20260909__r01/artifacts/external_access_log.json,2026-09-09T06:17:36.283411+00:00
cell,1-0|MISSING|UNCLASSIFIED,27,0,0.0,0,0,0,0,0.5185185185185185,,0.0,0,,0.0,0,,,,,,,,,,,,NO_SUPPORT,NO_COMMON_SUPPORT,,,bcap_swing__mlb_2023__20260909__r01,BCAP-SWING-v0.1.0,swing,2023,COMPLETE,fixed_development_policy_external_crossfit_nuisance_OPE,season-weighted final PA W per selected current decision; no summed PA policy gain,Q/value/delta/gain: raw W; outcome MSE: W^2; probabilities/coverage: fraction; sample counts: explicit rows/PA/games,Take_adjudicated,Swing_offer_including_bunts,1-0,MISSING,UNCLASSIFIED,0.5,Frozen diagnostic candidate; never a recommended action,action_and_policy_value,EVALUATED,True,,,,,,,,,,,,,,,,,,,,,,,,,,,,,,,,,,,,,,,,,,,columns/001-ball-count/analysis/runs/bcap_swing__mlb_2023__20260909__r01/artifacts/external_access_log.json,2026-09-09T06:17:36.283411+00:00
cell,1-0|OUT|FB,16138,14677,0.9094683356054034,2421,14677,768,582,0.1874457801462387,0.2038563739183757,11515.253715799738,2399,0.0013888008470505,2358.607511510289,1675,0.002760401727264,0.4057778096085661,0.2723086587838963,0.4033458526511794,0.2791990525594311,-0.1334691508246698,0.010216019337021,-0.1535022002486067,-0.1134361014007329,-0.1759952502966337,-0.0909430513527058,UNCERTAIN,IDENTIFICATION_AND_FULL_LEARNING_UNCERTAINTY,,Take,bcap_swing__mlb_2023__20260909__r01,BCAP-SWING-v0.1.0,swing,2023,COMPLETE,fixed_development_policy_external_crossfit_nuisance_OPE,season-weighted final PA W per selected current decision; no summed PA policy gain,Q/value/delta/gain: raw W; outcome MSE: W^2; probabilities/coverage: fraction; sample counts: explicit rows/PA/games,Take_adjudicated,Swing_offer_including_bunts,1-0,OUT,FB,0,Frozen diagnostic candidate; never a recommended action,action_and_policy_value,EVALUATED,True,0.3836382094433467,0.0,0.0,0.0,0.4057778096085661,0.0221396001652193,0.0132444887970125,0.0310347115334262,0.3836382094433467,0.0,0.0,0.0,0.4057778096085661,0.0221396001652193,0.0132444887970125,0.0310347115334262,0.2723086587838963,-0.1113295506594504,-0.1462111674747214,-0.0764479338441793,0.3390432341962312,-0.0445949752471155,-0.0585881098092948,-0.0306018406849361,,,,,,,,,,,,,,,,,,,columns/001-ball-count/analysis/runs/bcap_swing__mlb_2023__20260909__r01/artifacts/external_access_log.json,2026-09-09T06:17:36.283411+00:00
cell,1-0|OUT|NFB,13582,12508,0.920924753350022,2403,12508,789,579,0.2398026800176704,0.2571154461144867,9011.036204461165,2357,0.0013449835407055,2280.128573669365,1743,0.003206099603918,0.4156770100053134,0.3049098466760984,0.4104803453795329,0.2835294369205857,-0.1107671633292149,0.0122385647494397,-0.1347664025419891,-0.0867679241164406,-0.1617132093147972,-0.0598211173436325,UNCERTAIN,IDENTIFICATION_AND_FULL_LEARNING_UNCERTAINTY,,Take,bcap_swing__mlb_2023__20260909__r01,BCAP-SWING-v0.1.0,swing,2023,COMPLETE,fixed_development_policy_external_crossfit_nuisance_OPE,season-weighted final PA W per selected current decision; no summed PA policy gain,Q/value/delta/gain: raw W; outcome MSE: W^2; probabilities/coverage: fraction; sample counts: explicit rows/PA/games,Take_adjudicated,Swing_offer_including_bunts,1-0,OUT,NFB,0,Frozen diagnostic candidate; never a recommended action,action_and_policy_value,EVALUATED,True,0.386013271506236,0.0,0.0,0.0,0.4156770100053134,0.0296637384990773,0.0184104684186641,0.0409170085794904,0.386013271506236,0.0,0.0,0.0,0.4156770100053134,0.0296637384990773,0.0184104684186641,0.0409170085794904,0.3049098466760984,-0.0811034248301376,-0.1233098975266383,-0.0388969521336368,0.3602934283407059,-0.0257198431655301,-0.0431879945302374,-0.0082516918008228,,,,,,,,,,,,,,,,,,,columns/001-ball-count/analysis/runs/bcap_swing__mlb_2023__20260909__r01/artifacts/external_access_log.json,2026-09-09T06:17:36.283411+00:00
cell,1-1|BOUNDARY|FB,9631,9574,0.994081611462984,2381,9574,738,573,0.6559028138303395,0.6561520785460623,3015.244117419045,1795,0.002262182526683,6175.549686677665,2231,0.0013916261477455,0.2586237396610722,0.2681905614002352,0.2715924092206142,0.270052549604164,0.0095668217391629,0.0107950653060057,-0.01160188286206,0.0307355263403859,-0.0353710923082493,0.0545047357865752,UNCERTAIN,IDENTIFICATION_AND_FULL_LEARNING_UNCERTAINTY,,Swing_including_bunts,bcap_swing__mlb_2023__20260909__r01,BCAP-SWING-v0.1.0,swing,2023,COMPLETE,fixed_development_policy_external_crossfit_nuisance_OPE,season-weighted final PA W per selected current decision; no summed PA policy gain,Q/value/delta/gain: raw W; outcome MSE: W^2; probabilities/coverage: fraction; sample counts: explicit rows/PA/games,Take_adjudicated,Swing_offer_including_bunts,1-1,BOUNDARY,FB,1,Frozen diagnostic candidate; never a recommended action,action_and_policy_value,EVALUATED,True,0.2706093586797576,0.0,0.0,0.0,0.2681905614002352,-0.0024187972795225,-0.0163038790910088,0.0114662845319637,0.2706093586797576,0.0,0.0,0.0,0.2586237396610722,-0.0119856190186854,-0.04387377669366,0.0199025386562891,0.2681905614002352,-0.0024187972795225,-0.0163038790910088,0.0114662845319637,0.2634071505306537,-0.0072022081491039,-0.0172007589778341,0.0027963426796261,,,,,,,,,,,,,,,,,,,columns/001-ball-count/analysis/runs/bcap_swing__mlb_2023__20260909__r01/artifacts/external_access_log.json,2026-09-09T06:17:36.283411+00:00
cell,1-1|BOUNDARY|NFB,8215,8160,0.9933049300060864,2328,8160,751,576,0.7106512477175898,0.7104166666666667,2125.9644639862067,1490,0.0037145326061504,5718.830101471246,2172,0.001745054094519,0.2533406275606144,0.2697494160773273,0.2715177542327247,0.2695016270492822,0.0164087885167128,0.0135929925239256,-0.0102468518012788,0.0430644288347046,-0.0401788690737869,0.0729964461072127,UNCERTAIN,IDENTIFICATION_AND_FULL_LEARNING_UNCERTAINTY,,Swing_including_bunts,bcap_swing__mlb_2023__20260909__r01,BCAP-SWING-v0.1.0,swing,2023,COMPLETE,fixed_development_policy_external_crossfit_nuisance_OPE,season-weighted final PA W per selected current decision; no summed PA policy gain,Q/value/delta/gain: raw W; outcome MSE: W^2; probabilities/coverage: fraction; sample counts: explicit rows/PA/games,Take_adjudicated,Swing_offer_including_bunts,1-1,BOUNDARY,NFB,1,Frozen diagnostic candidate; never a recommended action,action_and_policy_value,EVALUATED,True,0.2702087009803921,0.0,0.0,0.0,0.2697494160773273,-0.0004592849030648,-0.0140859013953573,0.0131673315892276,0.2702087009803921,0.0,0.0,0.0,0.2533406275606144,-0.0168680734197777,-0.0607891446805955,0.02705299784104,0.2697494160773273,-0.0004592849030648,-0.0140859013953573,0.0131673315892276,0.2615450218189709,-0.0086636791614212,-0.0246896531089857,0.0073622947861431,,,,,,,,,,,,,,,,,,,columns/001-ball-count/analysis/runs/bcap_swing__mlb_2023__20260909__r01/artifacts/external_access_log.json,2026-09-09T06:17:36.283411+00:00
cell,1-1|INNER|FB,11319,11199,0.9893983567452956,2407,11199,741,580,0.8467179079423978,0.8462362710956335,1544.5662568204536,1235,0.0036800874966114,9450.0557035004,2382,0.0012770871453639,0.2129618008979743,0.319340845097338,0.2387626440971365,0.3149164049613099,0.1063790441993637,0.0135870199790762,0.0797355712070681,0.1330225171916594,0.0498198995419625,0.1629381888567649,UNCERTAIN,IDENTIFICATION_AND_FULL_LEARNING_UNCERTAINTY,,Swing_including_bunts,bcap_swing__mlb_2023__20260909__r01,BCAP-SWING-v0.1.0,swing,2023,COMPLETE,fixed_development_policy_external_crossfit_nuisance_OPE,season-weighted final PA W per selected current decision; no summed PA policy gain,Q/value/delta/gain: raw W; outcome MSE: W^2; probabilities/coverage: fraction; sample counts: explicit rows/PA/games,Take_adjudicated,Swing_offer_including_bunts,1-1,INNER,FB,1,Frozen diagnostic candidate; never a recommended action,action_and_policy_value,EVALUATED,True,0.3038759710688454,0.0,0.0,0.0,0.319340845097338,0.0154648740284926,0.0076192313307422,0.023310516726243,0.3038759710688454,0.0,0.0,0.0,0.2129618008979743,-0.0909141701708711,-0.1401618856120187,-0.0416664547297234,0.319340845097338,0.0154648740284926,0.0076192313307422,0.023310516726243,0.2661513229976562,-0.0377246480711892,-0.0587891106008218,-0.0166601855415565,,,,,,,,,,,,,,,,,,,columns/001-ball-count/analysis/runs/bcap_swing__mlb_2023__20260909__r01/artifacts/external_access_log.json,2026-09-09T06:17:36.283411+00:00
cell,1-1|INNER|NFB,8595,8530,0.992437463641652,2331,8530,756,576,0.8315299592786504,0.8308323563892145,1281.7807928597902,1056,0.0037729526313215,7060.0847380354535,2274,0.0014355355887839,0.2287674899586792,0.3059734195790621,0.2470141722301472,0.3045138800103732,0.0772059296203828,0.0161540879577185,0.0455280434603581,0.1088838157804076,0.0099565962841377,0.144455262956628,UNCERTAIN,IDENTIFICATION_AND_FULL_LEARNING_UNCERTAINTY,,Swing_including_bunts,bcap_swing__mlb_2023__20260909__r01,BCAP-SWING-v0.1.0,swing,2023,COMPLETE,fixed_development_policy_external_crossfit_nuisance_OPE,season-weighted final PA W per selected current decision; no summed PA policy gain,Q/value/delta/gain: raw W; outcome MSE: W^2; probabilities/coverage: fraction; sample counts: explicit rows/PA/games,Take_adjudicated,Swing_offer_including_bunts,1-1,INNER,NFB,1,Frozen diagnostic candidate; never a recommended action,action_and_policy_value,EVALUATED,True,0.2937454865181712,0.0,0.0,0.0,0.3059734195790621,0.0122279330608909,0.0028643045525577,0.0215915615692241,0.2937454865181712,0.0,0.0,0.0,0.2287674899586792,-0.0649779965594919,-0.1236164478659952,-0.0063395452529886,0.3059734195790621,0.0122279330608909,0.0028643045525577,0.0215915615692241,0.2673704547688707,-0.0263750317493004,-0.051523680752602,-0.0012263827459988,,,,,,,,,,,,,,,,,,,columns/001-ball-count/analysis/runs/bcap_swing__mlb_2023__20260909__r01/artifacts/external_access_log.json,2026-09-09T06:17:36.283411+00:00
cell,1-1|MISSING|UNCLASSIFIED,25,0,0.0,0,0,0,0,0.48,,0.0,0,,0.0,0,,,,,,,,,,,,NO_SUPPORT,NO_COMMON_SUPPORT,,,bcap_swing__mlb_2023__20260909__r01,BCAP-SWING-v0.1.0,swing,2023,COMPLETE,fixed_development_policy_external_crossfit_nuisance_OPE,season-weighted final PA W per selected current decision; no summed PA policy gain,Q/value/delta/gain: raw W; outcome MSE: W^2; probabilities/coverage: fraction; sample counts: explicit rows/PA/games,Take_adjudicated,Swing_offer_including_bunts,1-1,MISSING,UNCLASSIFIED,0.5,Frozen diagnostic candidate; never a recommended action,action_and_policy_value,EVALUATED,True,,,,,,,,,,,,,,,,,,,,,,,,,,,,,,,,,,,,,,,,,,,columns/001-ball-count/analysis/runs/bcap_swing__mlb_2023__20260909__r01/artifacts/external_access_log.json,2026-09-09T06:17:36.283411+00:00
cell,1-1|OUT|FB,15695,15046,0.9586492513539344,2419,15046,766,581,0.2739088881809493,0.2837963578359697,10444.989470224284,2387,0.0013449950805461,3374.151563994173,1987,0.0026187752462828,0.3493811612320237,0.2396905992692837,0.3423559359166243,0.2400490834201368,-0.1096905619627399,0.0091487312687268,-0.1276307258840243,-0.0917503980414554,-0.1477739338856241,-0.0716071900398556,UNCERTAIN,IDENTIFICATION_AND_FULL_LEARNING_UNCERTAINTY,,Take,bcap_swing__mlb_2023__20260909__r01,BCAP-SWING-v0.1.0,swing,2023,COMPLETE,fixed_development_policy_external_crossfit_nuisance_OPE,season-weighted final PA W per selected current decision; no summed PA policy gain,Q/value/delta/gain: raw W; outcome MSE: W^2; probabilities/coverage: fraction; sample counts: explicit rows/PA/games,Take_adjudicated,Swing_offer_including_bunts,1-1,OUT,FB,0,Frozen diagnostic candidate; never a recommended action,action_and_policy_value,EVALUATED,True,0.3220755017944968,0.0,0.0,0.0,0.3493811612320237,0.0273056594375267,0.0170294839580152,0.0375818349170382,0.3220755017944968,0.0,0.0,0.0,0.3493811612320237,0.0273056594375267,0.0170294839580152,0.0375818349170382,0.2396905992692837,-0.0823849025252131,-0.1118276438339582,-0.0529421612164679,0.2945358802506537,-0.0275396215438431,-0.0386594954134299,-0.0164197476742563,,,,,,,,,,,,,,,,,,,columns/001-ball-count/analysis/runs/bcap_swing__mlb_2023__20260909__r01/artifacts/external_access_log.json,2026-09-09T06:17:36.283411+00:00
cell,1-1|OUT|NFB,18961,17974,0.94794578345024,2429,17974,816,587,0.3229260060123411,0.3369311227328363,11211.257550681345,2409,0.0012209068572721,4366.245795821159,2230,0.0020455089191947,0.346525159907701,0.2238974050542106,0.3437381443539274,0.2192496676552179,-0.1226277548534904,0.007869792557713,-0.1380599577625383,-0.1071955519444425,-0.1553870407042984,-0.0898684690026823,UNCERTAIN,IDENTIFICATION_AND_FULL_LEARNING_UNCERTAINTY,,Take,bcap_swing__mlb_2023__20260909__r01,BCAP-SWING-v0.1.0,swing,2023,COMPLETE,fixed_development_policy_external_crossfit_nuisance_OPE,season-weighted final PA W per selected current decision; no summed PA policy gain,Q/value/delta/gain: raw W; outcome MSE: W^2; probabilities/coverage: fraction; sample counts: explicit rows/PA/games,Take_adjudicated,Swing_offer_including_bunts,1-1,OUT,NFB,0,Frozen diagnostic candidate; never a recommended action,action_and_policy_value,EVALUATED,True,0.309419439189941,0.0,0.0,0.0,0.346525159907701,0.03710572071776,0.026355247241356,0.047856194194164,0.309419439189941,0.0,0.0,0.0,0.346525159907701,0.03710572071776,0.026355247241356,0.047856194194164,0.2238974050542106,-0.0855220341357304,-0.1097727627960819,-0.0612713054753788,0.2852112824809558,-0.0242081567089851,-0.0333483185182034,-0.0150679948997669,,,,,,,,,,,,,,,,,,,columns/001-ball-count/analysis/runs/bcap_swing__mlb_2023__20260909__r01/artifacts/external_access_log.json,2026-09-09T06:17:36.283411+00:00
cell,1-2|BOUNDARY|FB,7459,7399,0.9919560262769808,2275,7056,706,568,0.7899182196004826,0.7906473847817272,1380.9712260459287,1110,0.0037029574823734,5814.646621640379,2155,0.0017437476978979,0.0962131657151955,0.2266746636260883,0.1569793899412021,0.2274044917450418,0.1304614979108928,0.0109654099977788,0.1089582439702248,0.1519647518515607,0.0848103813976268,0.1761126144241587,UNCERTAIN,IDENTIFICATION_AND_FULL_LEARNING_UNCERTAINTY,,Swing_including_bunts,bcap_swing__mlb_2023__20260909__r01,BCAP-SWING-v0.1.0,swing,2023,COMPLETE,fixed_development_policy_external_crossfit_nuisance_OPE,season-weighted final PA W per selected current decision; no summed PA policy gain,Q/value/delta/gain: raw W; outcome MSE: W^2; probabilities/coverage: fraction; sample counts: explicit rows/PA/games,Take_adjudicated,Swing_offer_including_bunts,1-2,BOUNDARY,FB,1,Frozen diagnostic candidate; never a recommended action,action_and_policy_value,EVALUATED,True,0.2032511150155426,0.0,0.0,0.0,0.2266746636260883,0.0234235486105456,0.0143521008278748,0.0324949963932165,0.2032511150155426,0.0,0.0,0.0,0.0962131657151955,-0.1070379493003471,-0.1443244996534893,-0.0697513989472049,0.2266746636260883,0.0234235486105456,0.0143521008278748,0.0324949963932165,0.1614439146706419,-0.0418072003449007,-0.0564797219866847,-0.0271346787031166,,,,,,,,,,,,,,,,,,,columns/001-ball-count/analysis/runs/bcap_swing__mlb_2023__20260909__r01/artifacts/external_access_log.json,2026-09-09T06:17:36.283411+00:00
cell,1-2|BOUNDARY|NFB,6998,6823,0.9749928551014576,2248,6592,712,574,0.8595312946556158,0.8588597391176902,838.0525500900801,798,0.0047451120662605,5837.445338320198,2169,0.0015737944853457,0.1099579884561534,0.2246842197256588,0.174408213300561,0.2239396088772677,0.1147262312695053,0.0141213060365628,0.0870340635508861,0.1424183989881245,0.0559350903850807,0.1735173721539299,UNCERTAIN,IDENTIFICATION_AND_FULL_LEARNING_UNCERTAINTY,,Swing_including_bunts,bcap_swing__mlb_2023__20260909__r01,BCAP-SWING-v0.1.0,swing,2023,COMPLETE,fixed_development_policy_external_crossfit_nuisance_OPE,season-weighted final PA W per selected current decision; no summed PA policy gain,Q/value/delta/gain: raw W; outcome MSE: W^2; probabilities/coverage: fraction; sample counts: explicit rows/PA/games,Take_adjudicated,Swing_offer_including_bunts,1-2,BOUNDARY,NFB,1,Frozen diagnostic candidate; never a recommended action,action_and_policy_value,EVALUATED,True,0.2124695881577018,0.0,0.0,0.0,0.2246842197256588,0.0122146315679569,0.0040813032300977,0.0203479599058161,0.2124695881577018,0.0,0.0,0.0,0.1099579884561534,-0.1025115997015484,-0.1537650104412671,-0.0512581889618297,0.2246842197256588,0.0122146315679569,0.0040813032300977,0.0203479599058161,0.1673211040909061,-0.0451484840667957,-0.0671128190107407,-0.0231841491228507,,,,,,,,,,,,,,,,,,,columns/001-ball-count/analysis/runs/bcap_swing__mlb_2023__20260909__r01/artifacts/external_access_log.json,2026-09-09T06:17:36.283411+00:00
cell,1-2|INNER|FB,7647,7142,0.9339610304694652,2253,6799,702,570,0.9172224401726168,0.9138896667600112,546.5709298939689,536,0.0067214860911381,6517.579581718862,2213,0.0015451577037035,0.0407105368059263,0.2733068329207822,0.134631090982256,0.2675669824500128,0.2325962961148558,0.0089120799987618,0.215119547285835,0.2500730449438766,0.195492859503823,0.2696997327258885,UNCERTAIN,IDENTIFICATION_AND_FULL_LEARNING_UNCERTAINTY,,Swing_including_bunts,bcap_swing__mlb_2023__20260909__r01,BCAP-SWING-v0.1.0,swing,2023,COMPLETE,fixed_development_policy_external_crossfit_nuisance_OPE,season-weighted final PA W per selected current decision; no summed PA policy gain,Q/value/delta/gain: raw W; outcome MSE: W^2; probabilities/coverage: fraction; sample counts: explicit rows/PA/games,Take_adjudicated,Swing_offer_including_bunts,1-2,INNER,FB,1,Frozen diagnostic candidate; never a recommended action,action_and_policy_value,EVALUATED,True,0.2512472696723606,0.0,0.0,0.0,0.2733068329207822,0.0220595632484215,0.0172222487022169,0.0268968777946261,0.2512472696723606,0.0,0.0,0.0,0.0407105368059263,-0.2105367328664343,-0.2433978407561307,-0.1776756249767379,0.2733068329207822,0.0220595632484215,0.0172222487022169,0.0268968777946261,0.1570086848633543,-0.0942385848090063,-0.1086420482741373,-0.0798351213438754,,,,,,,,,,,,,,,,,,,columns/001-ball-count/analysis/runs/bcap_swing__mlb_2023__20260909__r01/artifacts/external_access_log.json,2026-09-09T06:17:36.283411+00:00
cell,1-2|INNER|NFB,6253,5377,0.8599072445226291,2132,5170,717,566,0.9453062529985606,0.939929328621908,293.24646101004976,299,0.007931710019247,5047.572186430355,2093,0.0016282262563146,0.0659050491879225,0.2731373340249126,0.1531399300712635,0.2691492009033859,0.20723228483699,0.0106160198312044,0.1864134437449559,0.228051125929024,0.1630297824442953,0.2514347872296846,UNCERTAIN,IDENTIFICATION_AND_FULL_LEARNING_UNCERTAINTY,,Swing_including_bunts,bcap_swing__mlb_2023__20260909__r01,BCAP-SWING-v0.1.0,swing,2023,COMPLETE,fixed_development_policy_external_crossfit_nuisance_OPE,season-weighted final PA W per selected current decision; no summed PA policy gain,Q/value/delta/gain: raw W; outcome MSE: W^2; probabilities/coverage: fraction; sample counts: explicit rows/PA/games,Take_adjudicated,Swing_offer_including_bunts,1-2,INNER,NFB,1,Frozen diagnostic candidate; never a recommended action,action_and_policy_value,EVALUATED,True,0.2580596987167565,0.0,0.0,0.0,0.2731373340249126,0.015077635308156,0.0101029088689038,0.0200523617474081,0.2580596987167565,0.0,0.0,0.0,0.0659050491879225,-0.1921546495288339,-0.2318727218860759,-0.1524365771715919,0.2731373340249126,0.015077635308156,0.0101029088689038,0.0200523617474081,0.1695211916064176,-0.0885385071103389,-0.1062210205916348,-0.0708559936290431,,,,,,,,,,,,,,,,,,,columns/001-ball-count/analysis/runs/bcap_swing__mlb_2023__20260909__r01/artifacts/external_access_log.json,2026-09-09T06:17:36.283411+00:00
cell,1-2|MISSING|UNCLASSIFIED,26,0,0.0,0,0,0,0,0.6923076923076923,,0.0,0,,0.0,0,,,,,,,,,,,,NO_SUPPORT,NO_COMMON_SUPPORT,,,bcap_swing__mlb_2023__20260909__r01,BCAP-SWING-v0.1.0,swing,2023,COMPLETE,fixed_development_policy_external_crossfit_nuisance_OPE,season-weighted final PA W per selected current decision; no summed PA policy gain,Q/value/delta/gain: raw W; outcome MSE: W^2; probabilities/coverage: fraction; sample counts: explicit rows/PA/games,Take_adjudicated,Swing_offer_including_bunts,1-2,MISSING,UNCLASSIFIED,0.5,Frozen diagnostic candidate; never a recommended action,action_and_policy_value,EVALUATED,True,,,,,,,,,,,,,,,,,,,,,,,,,,,,,,,,,,,,,,,,,,,columns/001-ball-count/analysis/runs/bcap_swing__mlb_2023__20260909__r01/artifacts/external_access_log.json,2026-09-09T06:17:36.283411+00:00
cell,1-2|OUT|FB,16332,15768,0.9654665686994856,2422,15219,767,586,0.3316189076659319,0.3403729071537291,9790.993262211974,2395,0.0012948225296665,4225.002647985247,2097,0.0027643317269962,0.2599585386800603,0.1640329823058474,0.2550639785719346,0.1711881200753669,-0.0959255563742129,0.007179665329984,-0.1100044804570584,-0.0818466322913673,-0.1258122386179177,-0.0660388741305081,UNCERTAIN,IDENTIFICATION_AND_FULL_LEARNING_UNCERTAINTY,,Take,bcap_swing__mlb_2023__20260909__r01,BCAP-SWING-v0.1.0,swing,2023,COMPLETE,fixed_development_policy_external_crossfit_nuisance_OPE,season-weighted final PA W per selected current decision; no summed PA policy gain,Q/value/delta/gain: raw W; outcome MSE: W^2; probabilities/coverage: fraction; sample counts: explicit rows/PA/games,Take_adjudicated,Swing_offer_including_bunts,1-2,OUT,FB,0,Frozen diagnostic candidate; never a recommended action,action_and_policy_value,EVALUATED,True,0.2326830923389142,0.0,0.0,0.0,0.2599585386800603,0.027275446341146,0.0166138133069351,0.037937079375357,0.2326830923389142,0.0,0.0,0.0,0.2599585386800603,0.027275446341146,0.0166138133069351,0.037937079375357,0.1640329823058474,-0.0686501100330668,-0.0895611215869769,-0.0477390984791567,0.2119957604929538,-0.0206873318459603,-0.0279100022453296,-0.0134646614465911,,,,,,,,,,,,,,,,,,,columns/001-ball-count/analysis/runs/bcap_swing__mlb_2023__20260909__r01/artifacts/external_access_log.json,2026-09-09T06:17:36.283411+00:00
cell,1-2|OUT|NFB,24880,24058,0.9669614147909968,2430,23046,810,592,0.3936495176848875,0.4041483082550502,12667.866151647366,2423,0.0011769928936376,6553.797827896667,2369,0.0021496679312546,0.2707130418262546,0.0996106637015076,0.265886838845433,0.1196549387623275,-0.171102378124747,0.004928948600813,-0.1807677560568824,-0.1614370001926116,-0.1916199088971804,-0.1505848473523136,UNCERTAIN,IDENTIFICATION_AND_FULL_LEARNING_UNCERTAINTY,,Take,bcap_swing__mlb_2023__20260909__r01,BCAP-SWING-v0.1.0,swing,2023,COMPLETE,fixed_development_policy_external_crossfit_nuisance_OPE,season-weighted final PA W per selected current decision; no summed PA policy gain,Q/value/delta/gain: raw W; outcome MSE: W^2; probabilities/coverage: fraction; sample counts: explicit rows/PA/games,Take_adjudicated,Swing_offer_including_bunts,1-2,OUT,NFB,0,Frozen diagnostic candidate; never a recommended action,action_and_policy_value,EVALUATED,True,0.2132568376423642,0.0,0.0,0.0,0.2707130418262546,0.0574562041838903,0.0472409657747233,0.0676714425930574,0.2132568376423642,0.0,0.0,0.0,0.2707130418262546,0.0574562041838903,0.0472409657747233,0.0676714425930574,0.0996106637015076,-0.1136461739408566,-0.1255532900551886,-0.1017390578265246,0.1851618527638811,-0.0280949848784831,-0.0323167129261806,-0.0238732568307856,,,,,,,,,,,,,,,,,,,columns/001-ball-count/analysis/runs/bcap_swing__mlb_2023__20260909__r01/artifacts/external_access_log.json,2026-09-09T06:17:36.283411+00:00
cell,2-0|BOUNDARY|FB,4603,4573,0.9934825114056052,2026,4573,685,550,0.4768629154898979,0.4778045047015088,2280.0746680865745,1510,0.002597108686727,2083.5740467231285,1408,0.0025941344794261,0.3749121625968367,0.3833368602584163,0.3828849613380006,0.3684555962002467,0.0084246976615795,0.015031607400568,-0.0210543312316033,0.0379037265547625,-0.0541702597202936,0.0710196550434528,UNCERTAIN,IDENTIFICATION_AND_FULL_LEARNING_UNCERTAINTY,,Swing_including_bunts,bcap_swing__mlb_2023__20260909__r01,BCAP-SWING-v0.1.0,swing,2023,COMPLETE,fixed_development_policy_external_crossfit_nuisance_OPE,season-weighted final PA W per selected current decision; no summed PA policy gain,Q/value/delta/gain: raw W; outcome MSE: W^2; probabilities/coverage: fraction; sample counts: explicit rows/PA/games,Take_adjudicated,Swing_offer_including_bunts,2-0,BOUNDARY,FB,0,Frozen diagnostic candidate; never a recommended action,action_and_policy_value,EVALUATED,True,0.3818994095779575,0.0,0.0,0.0,0.3749121625968367,-0.0069872469811208,-0.037534238735522,0.0235597447732804,0.3818994095779575,0.0,0.0,0.0,0.3749121625968367,-0.0069872469811208,-0.037534238735522,0.0235597447732804,0.3833368602584163,0.0014374506804587,-0.032124406557601,0.0349993079185186,0.3791245114276266,-0.002774898150331,-0.0098619504886485,0.0043121541879865,,,,,,,,,,,,,,,,,,,columns/001-ball-count/analysis/runs/bcap_swing__mlb_2023__20260909__r01/artifacts/external_access_log.json,2026-09-09T06:17:36.283411+00:00
cell,2-0|BOUNDARY|NFB,1729,1724,0.9971081550028918,1213,1724,494,440,0.4412955465587044,0.4408352668213457,930.2498743492137,792,0.0045520980844323,716.889265787627,639,0.0051128457862624,0.3790779289021582,0.3861382711705829,0.3962157169895224,0.3581934364990839,0.0070603422684246,0.0270737228421054,-0.0460562234147158,0.0601769079515651,-0.105851696650316,0.1199723811871653,UNCERTAIN,IDENTIFICATION_AND_FULL_LEARNING_UNCERTAINTY,,Swing_including_bunts,bcap_swing__mlb_2023__20260909__r01,BCAP-SWING-v0.1.0,swing,2023,COMPLETE,fixed_development_policy_external_crossfit_nuisance_OPE,season-weighted final PA W per selected current decision; no summed PA policy gain,Q/value/delta/gain: raw W; outcome MSE: W^2; probabilities/coverage: fraction; sample counts: explicit rows/PA/games,Take_adjudicated,Swing_offer_including_bunts,2-0,BOUNDARY,NFB,0,Frozen diagnostic candidate; never a recommended action,action_and_policy_value,EVALUATED,True,0.3809124129930394,0.0,0.0,0.0,0.3790779289021582,-0.0018344840908812,-0.0491717659319438,0.0455027977501814,0.3809124129930394,0.0,0.0,0.0,0.3790779289021582,-0.0018344840908812,-0.0491717659319438,0.0455027977501814,0.3861382711705829,0.0052258581775434,-0.0629382394844872,0.0733899558395741,0.3826081000363706,0.0016956870433311,-0.0143136570373214,0.0177050311239836,,,,,,,,,,,,,,,,,,,columns/001-ball-count/analysis/runs/bcap_swing__mlb_2023__20260909__r01/artifacts/external_access_log.json,2026-09-09T06:17:36.283411+00:00
cell,2-0|INNER|FB,6195,6156,0.9937046004842616,2226,6156,709,553,0.6842615012106538,0.6843729694606887,1773.2656938464422,1315,0.0033317161025187,4163.894243424623,2007,0.0019889866120762,0.3259815924613124,0.3824828158364061,0.3526677830049592,0.3789561597955757,0.0565012233750937,0.0155981638063274,0.0259127445975231,0.0870897021526642,-0.0084398165250683,0.1214422632752557,UNCERTAIN,IDENTIFICATION_AND_FULL_LEARNING_UNCERTAINTY,,Swing_including_bunts,bcap_swing__mlb_2023__20260909__r01,BCAP-SWING-v0.1.0,swing,2023,COMPLETE,fixed_development_policy_external_crossfit_nuisance_OPE,season-weighted final PA W per selected current decision; no summed PA policy gain,Q/value/delta/gain: raw W; outcome MSE: W^2; probabilities/coverage: fraction; sample counts: explicit rows/PA/games,Take_adjudicated,Swing_offer_including_bunts,2-0,INNER,FB,1,Frozen diagnostic candidate; never a recommended action,action_and_policy_value,EVALUATED,True,0.3673115659519168,0.0,0.0,0.0,0.3824828158364061,0.0151712498844893,-0.0026135623227988,0.0329560620917774,0.3673115659519168,0.0,0.0,0.0,0.3259815924613124,-0.0413299734906043,-0.0895229847570072,0.0068630377757984,0.3824828158364061,0.0151712498844893,-0.0026135623227988,0.0329560620917774,0.3542322041488593,-0.0130793618030575,-0.0293612005891854,0.0032024769830703,,,,,,,,,,,,,,,,,,,columns/001-ball-count/analysis/runs/bcap_swing__mlb_2023__20260909__r01/artifacts/external_access_log.json,2026-09-09T06:17:36.283411+00:00
cell,2-0|INNER|NFB,2045,2040,0.9975550122249388,1327,2040,520,473,0.5623471882640587,0.5632352941176471,841.1312195032946,739,0.0046681604299655,1116.0151026256403,888,0.0040077652441674,0.3826487911339886,0.4074358129241555,0.3820097559370124,0.389227022891078,0.0247870217901669,0.0249868760694525,-0.0242310981298079,0.0738051417101418,-0.0793879020932116,0.1289619456735455,UNCERTAIN,IDENTIFICATION_AND_FULL_LEARNING_UNCERTAINTY,,Swing_including_bunts,bcap_swing__mlb_2023__20260909__r01,BCAP-SWING-v0.1.0,swing,2023,COMPLETE,fixed_development_policy_external_crossfit_nuisance_OPE,season-weighted final PA W per selected current decision; no summed PA policy gain,Q/value/delta/gain: raw W; outcome MSE: W^2; probabilities/coverage: fraction; sample counts: explicit rows/PA/games,Take_adjudicated,Swing_offer_including_bunts,2-0,INNER,NFB,1,Frozen diagnostic candidate; never a recommended action,action_and_policy_value,EVALUATED,True,0.3965941176470587,0.0,0.0,0.0,0.4074358129241555,0.0108416952770967,-0.0329083049781958,0.0545916955323892,0.3965941176470587,0.0,0.0,0.0,0.3826487911339886,-0.0139453265130702,-0.0763240227978283,0.0484333697716879,0.4074358129241555,0.0108416952770967,-0.0329083049781958,0.0545916955323892,0.395042302029072,-0.0015518156179867,-0.0153169325711829,0.0122133013352094,,,,,,,,,,,,,,,,,,,columns/001-ball-count/analysis/runs/bcap_swing__mlb_2023__20260909__r01/artifacts/external_access_log.json,2026-09-09T06:17:36.283411+00:00
cell,2-0|MISSING|UNCLASSIFIED,8,0,0.0,0,0,0,0,0.625,,0.0,0,,0.0,0,,,,,,,,,,,,NO_SUPPORT,NO_COMMON_SUPPORT,,,bcap_swing__mlb_2023__20260909__r01,BCAP-SWING-v0.1.0,swing,2023,COMPLETE,fixed_development_policy_external_crossfit_nuisance_OPE,season-weighted final PA W per selected current decision; no summed PA policy gain,Q/value/delta/gain: raw W; outcome MSE: W^2; probabilities/coverage: fraction; sample counts: explicit rows/PA/games,Take_adjudicated,Swing_offer_including_bunts,2-0,MISSING,UNCLASSIFIED,0.5,Frozen diagnostic candidate; never a recommended action,action_and_policy_value,EVALUATED,True,,,,,,,,,,,,,,,,,,,,,,,,,,,,,,,,,,,,,,,,,,,columns/001-ball-count/analysis/runs/bcap_swing__mlb_2023__20260909__r01/artifacts/external_access_log.json,2026-09-09T06:17:36.283411+00:00
cell,2-0|OUT|FB,6167,5583,0.905302416085617,2168,5583,725,547,0.1806388843846278,0.1975640336736521,4418.115578989487,2022,0.0017695667670918,901.4642697396783,891,0.0042204519421612,0.5222092364861924,0.3238494706133283,0.5039267580583038,0.3227361576682614,-0.1983597658728641,0.0163334560653661,-0.2303906419844328,-0.1663288897612953,-0.2663658456837108,-0.1303536860620173,UNCERTAIN,IDENTIFICATION_AND_FULL_LEARNING_UNCERTAINTY,,Take,bcap_swing__mlb_2023__20260909__r01,BCAP-SWING-v0.1.0,swing,2023,COMPLETE,fixed_development_policy_external_crossfit_nuisance_OPE,season-weighted final PA W per selected current decision; no summed PA policy gain,Q/value/delta/gain: raw W; outcome MSE: W^2; probabilities/coverage: fraction; sample counts: explicit rows/PA/games,Take_adjudicated,Swing_offer_including_bunts,2-0,OUT,FB,0,Frozen diagnostic candidate; never a recommended action,action_and_policy_value,EVALUATED,True,0.4891941608454235,0.0,0.0,0.0,0.5222092364861924,0.0330150756407688,0.0188522314452224,0.0471779198363151,0.4891941608454235,0.0,0.0,0.0,0.5222092364861924,0.0330150756407688,0.0188522314452224,0.0471779198363151,0.3238494706133283,-0.1653446902320952,-0.2213197852760963,-0.1093695951880942,0.4230293535497604,-0.0661648072956632,-0.0887633025472573,-0.0435663120440691,,,,,,,,,,,,,,,,,,,columns/001-ball-count/analysis/runs/bcap_swing__mlb_2023__20260909__r01/artifacts/external_access_log.json,2026-09-09T06:17:36.283411+00:00
cell,2-0|OUT|NFB,2955,2716,0.9191201353637902,1555,2716,616,480,0.2253807106598984,0.2404270986745213,2007.8714557652656,1324,0.003282319108731,479.0664561328351,559,0.0083274091845091,0.5472625395653863,0.3321289930319791,0.5053917848799546,0.3178384545545006,-0.2151335465334071,0.0220989449056184,-0.2584804438110876,-0.1717866492557267,-0.3072215027086303,-0.1230455903581839,UNCERTAIN,IDENTIFICATION_AND_FULL_LEARNING_UNCERTAINTY,,Take,bcap_swing__mlb_2023__20260909__r01,BCAP-SWING-v0.1.0,swing,2023,COMPLETE,fixed_development_policy_external_crossfit_nuisance_OPE,season-weighted final PA W per selected current decision; no summed PA policy gain,Q/value/delta/gain: raw W; outcome MSE: W^2; probabilities/coverage: fraction; sample counts: explicit rows/PA/games,Take_adjudicated,Swing_offer_including_bunts,2-0,OUT,NFB,0,Frozen diagnostic candidate; never a recommended action,action_and_policy_value,EVALUATED,True,0.4998078055964653,0.0,0.0,0.0,0.5472625395653863,0.0474547339689209,0.0251497688078477,0.069759699129994,0.4998078055964653,0.0,0.0,0.0,0.5472625395653863,0.0474547339689209,0.0251497688078477,0.069759699129994,0.3321289930319791,-0.1676788125644862,-0.2418016435468346,-0.0935559815821378,0.4396957662986827,-0.0601120392977826,-0.0897060395969105,-0.0305180389986548,,,,,,,,,,,,,,,,,,,columns/001-ball-count/analysis/runs/bcap_swing__mlb_2023__20260909__r01/artifacts/external_access_log.json,2026-09-09T06:17:36.283411+00:00
cell,2-1|BOUNDARY|FB,6014,5971,0.9928500166278684,2198,5971,721,559,0.661456601263718,0.66186568414001,1837.266182015337,1371,0.0031523164492949,3888.4970737434674,1949,0.002077784016348,0.3232008517022152,0.3099685705384802,0.3401195758706385,0.3074101927862883,-0.0132322811637349,0.0143560062084747,-0.0413850459852842,0.0149204836578143,-0.0730033159962663,0.0465387536687965,UNCERTAIN,IDENTIFICATION_AND_FULL_LEARNING_UNCERTAINTY,,Take,bcap_swing__mlb_2023__20260909__r01,BCAP-SWING-v0.1.0,swing,2023,COMPLETE,fixed_development_policy_external_crossfit_nuisance_OPE,season-weighted final PA W per selected current decision; no summed PA policy gain,Q/value/delta/gain: raw W; outcome MSE: W^2; probabilities/coverage: fraction; sample counts: explicit rows/PA/games,Take_adjudicated,Swing_offer_including_bunts,2-1,BOUNDARY,FB,0,Frozen diagnostic candidate; never a recommended action,action_and_policy_value,EVALUATED,True,0.3192868866186568,0.0,0.0,0.0,0.3232008517022152,0.0039139650835583,-0.0388464881228212,0.046674418289938,0.3192868866186568,0.0,0.0,0.0,0.3232008517022152,0.0039139650835583,-0.0388464881228212,0.046674418289938,0.3099685705384802,-0.0093183160801765,-0.0274840602493504,0.0088474280889972,0.3165847111203477,-0.0027021754983091,-0.0163433322886809,0.0109389812920626,,,,,,,,,,,,,,,,,,,columns/001-ball-count/analysis/runs/bcap_swing__mlb_2023__20260909__r01/artifacts/external_access_log.json,2026-09-09T06:17:36.283411+00:00
cell,2-1|BOUNDARY|NFB,3804,3779,0.993427970557308,1877,3779,653,527,0.6869085173501577,0.6880127017729558,1067.126392916991,922,0.0038576781350455,2561.97244936152,1547,0.0021693632007481,0.317805368688376,0.2917258892833896,0.3432502020152576,0.293966224148068,-0.0260794794049865,0.0187338232415534,-0.0628208028935593,0.0106618440835862,-0.1041052835070281,0.051946324697055,UNCERTAIN,IDENTIFICATION_AND_FULL_LEARNING_UNCERTAINTY,,Take,bcap_swing__mlb_2023__20260909__r01,BCAP-SWING-v0.1.0,swing,2023,COMPLETE,fixed_development_policy_external_crossfit_nuisance_OPE,season-weighted final PA W per selected current decision; no summed PA policy gain,Q/value/delta/gain: raw W; outcome MSE: W^2; probabilities/coverage: fraction; sample counts: explicit rows/PA/games,Take_adjudicated,Swing_offer_including_bunts,2-1,BOUNDARY,NFB,0,Frozen diagnostic candidate; never a recommended action,action_and_policy_value,EVALUATED,True,0.3041833818470494,0.0,0.0,0.0,0.317805368688376,0.0136219868413266,-0.0456808624362466,0.0729248361189,0.3041833818470494,0.0,0.0,0.0,0.317805368688376,0.0136219868413266,-0.0456808624362466,0.0729248361189,0.2917258892833896,-0.0124574925636598,-0.0328664586995168,0.0079514735721971,0.3047656289858829,0.0005822471388333,-0.020504961997134,0.0216694562748007,,,,,,,,,,,,,,,,,,,columns/001-ball-count/analysis/runs/bcap_swing__mlb_2023__20260909__r01/artifacts/external_access_log.json,2026-09-09T06:17:36.283411+00:00
cell,2-1|INNER|FB,7691,7587,0.9864777012092056,2290,7587,721,569,0.8612664152905994,0.8604191379992092,938.9939289521204,853,0.004632736980643,6510.859243927336,2241,0.0016883410746778,0.2357543924279566,0.333909844695332,0.2950835147688612,0.3322747039874807,0.0981554522673753,0.0166754690321358,0.0654548424488166,0.1308560620859341,0.0287331736065024,0.1675777309282483,UNCERTAIN,IDENTIFICATION_AND_FULL_LEARNING_UNCERTAINTY,,Swing_including_bunts,bcap_swing__mlb_2023__20260909__r01,BCAP-SWING-v0.1.0,swing,2023,COMPLETE,fixed_development_policy_external_crossfit_nuisance_OPE,season-weighted final PA W per selected current decision; no summed PA policy gain,Q/value/delta/gain: raw W; outcome MSE: W^2; probabilities/coverage: fraction; sample counts: explicit rows/PA/games,Take_adjudicated,Swing_offer_including_bunts,2-1,INNER,FB,1,Frozen diagnostic candidate; never a recommended action,action_and_policy_value,EVALUATED,True,0.321008435481745,0.0,0.0,0.0,0.333909844695332,0.0129014092135868,0.0041598451587672,0.0216429732684065,0.321008435481745,0.0,0.0,0.0,0.2357543924279566,-0.0852540430537884,-0.1466199881681658,-0.0238880979394111,0.333909844695332,0.0129014092135868,0.0041598451587672,0.0216429732684065,0.2848321185616443,-0.0361763169201007,-0.0629388632738331,-0.0094137705663684,,,,,,,,,,,,,,,,,,,columns/001-ball-count/analysis/runs/bcap_swing__mlb_2023__20260909__r01/artifacts/external_access_log.json,2026-09-09T06:17:36.283411+00:00
cell,2-1|INNER|NFB,4352,4321,0.9928768382352942,1985,4321,651,527,0.8113511029411765,0.8116176810923398,729.4926022042007,686,0.0043043971340605,3491.9602649127896,1815,0.0022400675711957,0.2810918515961798,0.3441361083065956,0.3156488453333298,0.3376411616202154,0.0630442567104157,0.0233518590483384,0.0172475154050152,0.1088409980158163,-0.0342026184408792,0.1602911318617108,UNCERTAIN,IDENTIFICATION_AND_FULL_LEARNING_UNCERTAINTY,,Swing_including_bunts,bcap_swing__mlb_2023__20260909__r01,BCAP-SWING-v0.1.0,swing,2023,COMPLETE,fixed_development_policy_external_crossfit_nuisance_OPE,season-weighted final PA W per selected current decision; no summed PA policy gain,Q/value/delta/gain: raw W; outcome MSE: W^2; probabilities/coverage: fraction; sample counts: explicit rows/PA/games,Take_adjudicated,Swing_offer_including_bunts,2-1,INNER,NFB,1,Frozen diagnostic candidate; never a recommended action,action_and_policy_value,EVALUATED,True,0.3330770654940985,0.0,0.0,0.0,0.3441361083065956,0.0110590428124969,-0.0037122467011312,0.0258303323261251,0.3330770654940985,0.0,0.0,0.0,0.2810918515961798,-0.0519852138979188,-0.1353679514290371,0.0313975236331995,0.3441361083065956,0.0110590428124969,-0.0037122467011312,0.0258303323261251,0.3126139799513876,-0.0204630855427109,-0.0554087186656993,0.0144825475802775,,,,,,,,,,,,,,,,,,,columns/001-ball-count/analysis/runs/bcap_swing__mlb_2023__20260909__r01/artifacts/external_access_log.json,2026-09-09T06:17:36.283411+00:00
cell,2-1|MISSING|UNCLASSIFIED,16,0,0.0,0,0,0,0,0.375,,0.0,0,,0.0,0,,,,,,,,,,,,NO_SUPPORT,NO_COMMON_SUPPORT,,,bcap_swing__mlb_2023__20260909__r01,BCAP-SWING-v0.1.0,swing,2023,COMPLETE,fixed_development_policy_external_crossfit_nuisance_OPE,season-weighted final PA W per selected current decision; no summed PA policy gain,Q/value/delta/gain: raw W; outcome MSE: W^2; probabilities/coverage: fraction; sample counts: explicit rows/PA/games,Take_adjudicated,Swing_offer_including_bunts,2-1,MISSING,UNCLASSIFIED,0.5,Frozen diagnostic candidate; never a recommended action,action_and_policy_value,EVALUATED,True,,,,,,,,,,,,,,,,,,,,,,,,,,,,,,,,,,,,,,,,,,,columns/001-ball-count/analysis/runs/bcap_swing__mlb_2023__20260909__r01/artifacts/external_access_log.json,2026-09-09T06:17:36.283411+00:00
cell,2-1|OUT|FB,8381,8069,0.9627729387901204,2331,8069,737,568,0.281947261663286,0.289379105217499,5540.306903551278,2163,0.0017684285822308,1874.978639421696,1496,0.0028589240735084,0.4572971977606727,0.2626177542989867,0.4415679094018751,0.2646702524068356,-0.194679443461686,0.0119003263916263,-0.2180157770069639,-0.1713431099164082,-0.2442204029027424,-0.1451384840206296,UNCERTAIN,IDENTIFICATION_AND_FULL_LEARNING_UNCERTAINTY,,Take,bcap_swing__mlb_2023__20260909__r01,BCAP-SWING-v0.1.0,swing,2023,COMPLETE,fixed_development_policy_external_crossfit_nuisance_OPE,season-weighted final PA W per selected current decision; no summed PA policy gain,Q/value/delta/gain: raw W; outcome MSE: W^2; probabilities/coverage: fraction; sample counts: explicit rows/PA/games,Take_adjudicated,Swing_offer_including_bunts,2-1,OUT,FB,0,Frozen diagnostic candidate; never a recommended action,action_and_policy_value,EVALUATED,True,0.4062724005452967,0.0,0.0,0.0,0.4572971977606727,0.0510247972153759,0.0365835232730713,0.0654660711576806,0.4062724005452967,0.0,0.0,0.0,0.4572971977606727,0.0510247972153759,0.0365835232730713,0.0654660711576806,0.2626177542989867,-0.14365464624631,-0.1813163600131289,-0.1059929324794912,0.3599574760298297,-0.046314924515467,-0.0604535550318976,-0.0321762939990364,,,,,,,,,,,,,,,,,,,columns/001-ball-count/analysis/runs/bcap_swing__mlb_2023__20260909__r01/artifacts/external_access_log.json,2026-09-09T06:17:36.283411+00:00
cell,2-1|OUT|NFB,7137,6838,0.9581056466302368,2252,6838,732,557,0.3394983886787165,0.350394852295993,4175.979126809158,1988,0.0020140784194884,1793.1718386584812,1526,0.0033763489225659,0.4679722454055063,0.2572356734439388,0.4530281086591856,0.2533403871065768,-0.2107365719615676,0.0122556916295742,-0.234770208950185,-0.1867029349729501,-0.2617604280937779,-0.1597127158293572,UNCERTAIN,IDENTIFICATION_AND_FULL_LEARNING_UNCERTAINTY,,Take,bcap_swing__mlb_2023__20260909__r01,BCAP-SWING-v0.1.0,swing,2023,COMPLETE,fixed_development_policy_external_crossfit_nuisance_OPE,season-weighted final PA W per selected current decision; no summed PA policy gain,Q/value/delta/gain: raw W; outcome MSE: W^2; probabilities/coverage: fraction; sample counts: explicit rows/PA/games,Take_adjudicated,Swing_offer_including_bunts,2-1,OUT,NFB,0,Frozen diagnostic candidate; never a recommended action,action_and_policy_value,EVALUATED,True,0.4006104124012869,0.0,0.0,0.0,0.4679722454055063,0.0673618330042194,0.049118838147871,0.0856048278605678,0.4006104124012869,0.0,0.0,0.0,0.4679722454055063,0.0673618330042194,0.049118838147871,0.0856048278605678,0.2572356734439388,-0.1433747389573481,-0.1800624714368144,-0.1066870064778818,0.3626039594247225,-0.0380064529765643,-0.0517374330674644,-0.0242754728856641,,,,,,,,,,,,,,,,,,,columns/001-ball-count/analysis/runs/bcap_swing__mlb_2023__20260909__r01/artifacts/external_access_log.json,2026-09-09T06:17:36.283411+00:00
cell,2-2|BOUNDARY|FB,7374,7308,0.9910496338486574,2274,6937,710,567,0.7953620829943043,0.7957033388067871,1320.0171027728477,1088,0.0044458252808964,5779.567739050595,2177,0.0018524091120679,0.1162649922140194,0.249011886131269,0.1959657732910067,0.2493184449024363,0.1327468939172496,0.0120919143735715,0.1090345506145497,0.1564592372199494,0.0824058779044059,0.1830879099300932,UNCERTAIN,IDENTIFICATION_AND_FULL_LEARNING_UNCERTAINTY,,Swing_including_bunts,bcap_swing__mlb_2023__20260909__r01,BCAP-SWING-v0.1.0,swing,2023,COMPLETE,fixed_development_policy_external_crossfit_nuisance_OPE,season-weighted final PA W per selected current decision; no summed PA policy gain,Q/value/delta/gain: raw W; outcome MSE: W^2; probabilities/coverage: fraction; sample counts: explicit rows/PA/games,Take_adjudicated,Swing_offer_including_bunts,2-2,BOUNDARY,FB,1,Frozen diagnostic candidate; never a recommended action,action_and_policy_value,EVALUATED,True,0.2272302955665024,0.0,0.0,0.0,0.249011886131269,0.0217815905647665,0.012506652371328,0.0310565287582051,0.2272302955665024,0.0,0.0,0.0,0.1162649922140194,-0.110965303352483,-0.1527243771281389,-0.069206229576827,0.249011886131269,0.0217815905647665,0.012506652371328,0.0310565287582051,0.1826384391726442,-0.0445918563938582,-0.0613658805754624,-0.0278178322122539,,,,,,,,,,,,,,,,,,,columns/001-ball-count/analysis/runs/bcap_swing__mlb_2023__20260909__r01/artifacts/external_access_log.json,2026-09-09T06:17:36.283411+00:00
cell,2-2|BOUNDARY|NFB,6528,6378,0.9770220588235294,2232,6103,700,568,0.8625919117647058,0.8621825023518345,769.8997642614816,740,0.0051166280224303,5479.620367175648,2145,0.0016145610327276,0.1364806956540781,0.2350747913402172,0.2200784455196664,0.2396099364535069,0.0985940956861391,0.0150136576254626,0.0691518945953738,0.1280362967769045,0.0360869209993673,0.161101270372911,UNCERTAIN,IDENTIFICATION_AND_FULL_LEARNING_UNCERTAINTY,,Swing_including_bunts,bcap_swing__mlb_2023__20260909__r01,BCAP-SWING-v0.1.0,swing,2023,COMPLETE,fixed_development_policy_external_crossfit_nuisance_OPE,season-weighted final PA W per selected current decision; no summed PA policy gain,Q/value/delta/gain: raw W; outcome MSE: W^2; probabilities/coverage: fraction; sample counts: explicit rows/PA/games,Take_adjudicated,Swing_offer_including_bunts,2-2,BOUNDARY,NFB,1,Frozen diagnostic candidate; never a recommended action,action_and_policy_value,EVALUATED,True,0.2264873000940734,0.0,0.0,0.0,0.2350747913402172,0.0085874912461439,0.0005102526949951,0.0166647297972927,0.2264873000940734,0.0,0.0,0.0,0.1364806956540781,-0.0900066044399952,-0.144957050505745,-0.0350561583742454,0.2350747913402172,0.0085874912461439,0.0005102526949951,0.0166647297972927,0.1857777434971476,-0.0407095565969256,-0.0644921117768862,-0.0169270014169651,,,,,,,,,,,,,,,,,,,columns/001-ball-count/analysis/runs/bcap_swing__mlb_2023__20260909__r01/artifacts/external_access_log.json,2026-09-09T06:17:36.283411+00:00
cell,2-2|INNER|FB,8729,7999,0.9163707182953372,2293,7475,714,567,0.9253064497651506,0.9209901237654708,567.6870203939096,556,0.0060091321978169,7357.312553710319,2270,0.0014747434288969,0.043284101315822,0.2906369641520412,0.1650758919607808,0.2879054931540898,0.2473528628362192,0.008330393386013,0.2310169652016672,0.2636887604707712,0.212672376324025,0.2820333493484134,UNCERTAIN,IDENTIFICATION_AND_FULL_LEARNING_UNCERTAINTY,,Swing_including_bunts,bcap_swing__mlb_2023__20260909__r01,BCAP-SWING-v0.1.0,swing,2023,COMPLETE,fixed_development_policy_external_crossfit_nuisance_OPE,season-weighted final PA W per selected current decision; no summed PA policy gain,Q/value/delta/gain: raw W; outcome MSE: W^2; probabilities/coverage: fraction; sample counts: explicit rows/PA/games,Take_adjudicated,Swing_offer_including_bunts,2-2,INNER,FB,1,Frozen diagnostic candidate; never a recommended action,action_and_policy_value,EVALUATED,True,0.2684624328041005,0.0,0.0,0.0,0.2906369641520412,0.0221745313479407,0.0176667765733125,0.0266822861225689,0.2684624328041005,0.0,0.0,0.0,0.043284101315822,-0.2251783314882785,-0.255779494305684,-0.194577168670873,0.2906369641520412,0.0221745313479407,0.0176667765733125,0.0266822861225689,0.1669605327339316,-0.1015019000701688,-0.1148319965912805,-0.0881718035490572,,,,,,,,,,,,,,,,,,,columns/001-ball-count/analysis/runs/bcap_swing__mlb_2023__20260909__r01/artifacts/external_access_log.json,2026-09-09T06:17:36.283411+00:00
cell,2-2|INNER|NFB,6502,5473,0.8417410027683789,2120,5234,692,553,0.9520147646877885,0.947560752786406,261.0216157436721,271,0.0136479381472731,5180.016662874065,2096,0.0019386388433226,0.0803897651879859,0.2995638931640517,0.1939197731901978,0.2981763830585658,0.2191741279760659,0.0108589287093096,0.1978788551356705,0.2404694008164613,0.1739596631092582,0.2643885928428736,UNCERTAIN,IDENTIFICATION_AND_FULL_LEARNING_UNCERTAINTY,,Swing_including_bunts,bcap_swing__mlb_2023__20260909__r01,BCAP-SWING-v0.1.0,swing,2023,COMPLETE,fixed_development_policy_external_crossfit_nuisance_OPE,season-weighted final PA W per selected current decision; no summed PA policy gain,Q/value/delta/gain: raw W; outcome MSE: W^2; probabilities/coverage: fraction; sample counts: explicit rows/PA/games,Take_adjudicated,Swing_offer_including_bunts,2-2,INNER,NFB,1,Frozen diagnostic candidate; never a recommended action,action_and_policy_value,EVALUATED,True,0.2843080577379865,0.0,0.0,0.0,0.2995638931640517,0.0152558354260653,0.010439600759151,0.0200720700929795,0.2843080577379865,0.0,0.0,0.0,0.0803897651879859,-0.2039182925500005,-0.2446435596783835,-0.1631930254216175,0.2995638931640517,0.0152558354260653,0.010439600759151,0.0200720700929795,0.1899768291760188,-0.0943312285619676,-0.1124912062939066,-0.0761712508300285,,,,,,,,,,,,,,,,,,,columns/001-ball-count/analysis/runs/bcap_swing__mlb_2023__20260909__r01/artifacts/external_access_log.json,2026-09-09T06:17:36.283411+00:00
cell,2-2|MISSING|UNCLASSIFIED,24,0,0.0,0,0,0,0,0.5833333333333334,,0.0,0,,0.0,0,,,,,,,,,,,,NO_SUPPORT,NO_COMMON_SUPPORT,,,bcap_swing__mlb_2023__20260909__r01,BCAP-SWING-v0.1.0,swing,2023,COMPLETE,fixed_development_policy_external_crossfit_nuisance_OPE,season-weighted final PA W per selected current decision; no summed PA policy gain,Q/value/delta/gain: raw W; outcome MSE: W^2; probabilities/coverage: fraction; sample counts: explicit rows/PA/games,Take_adjudicated,Swing_offer_including_bunts,2-2,MISSING,UNCLASSIFIED,0.5,Frozen diagnostic candidate; never a recommended action,action_and_policy_value,EVALUATED,True,,,,,,,,,,,,,,,,,,,,,,,,,,,,,,,,,,,,,,,,,,,columns/001-ball-count/analysis/runs/bcap_swing__mlb_2023__20260909__r01/artifacts/external_access_log.json,2026-09-09T06:17:36.283411+00:00
cell,2-2|OUT|FB,12815,12495,0.9750292625829108,2409,12002,760,573,0.367381974248927,0.374469787915166,7300.079797745343,2324,0.0014970159001671,3829.4526823918327,2038,0.002728666593298,0.3530636727582449,0.1918625576036839,0.3432181314305063,0.2006677589661136,-0.1612011151545609,0.007806275664755,-0.1765088285619596,-0.1458934017471623,-0.1936965099029109,-0.128705720406211,UNCERTAIN,IDENTIFICATION_AND_FULL_LEARNING_UNCERTAINTY,,Take,bcap_swing__mlb_2023__20260909__r01,BCAP-SWING-v0.1.0,swing,2023,COMPLETE,fixed_development_policy_external_crossfit_nuisance_OPE,season-weighted final PA W per selected current decision; no summed PA policy gain,Q/value/delta/gain: raw W; outcome MSE: W^2; probabilities/coverage: fraction; sample counts: explicit rows/PA/games,Take_adjudicated,Swing_offer_including_bunts,2-2,OUT,FB,0,Frozen diagnostic candidate; never a recommended action,action_and_policy_value,EVALUATED,True,0.3022981192476991,0.0,0.0,0.0,0.3530636727582449,0.0507655535105458,0.0376116755322038,0.0639194314888879,0.3022981192476991,0.0,0.0,0.0,0.3530636727582449,0.0507655535105458,0.0376116755322038,0.0639194314888879,0.1918625576036839,-0.1104355616440151,-0.1318669320504068,-0.0890041912376234,0.2724631151809644,-0.0298350040667346,-0.0370583275206417,-0.0226116806128275,,,,,,,,,,,,,,,,,,,columns/001-ball-count/analysis/runs/bcap_swing__mlb_2023__20260909__r01/artifacts/external_access_log.json,2026-09-09T06:17:36.283411+00:00
cell,2-2|OUT|NFB,17501,17074,0.9756013942060454,2426,16313,791,581,0.4342608993771784,0.4416071219397915,8357.34964159654,2350,0.0021722581732784,5363.707811066573,2267,0.0020863455298864,0.3619336410569517,0.1327863874964003,0.3545295411861784,0.154765480521157,-0.2291472535605514,0.0063674245638114,-0.2416334084095988,-0.216661098711504,-0.2556527511119944,-0.2026417560091084,UNCERTAIN,IDENTIFICATION_AND_FULL_LEARNING_UNCERTAINTY,,Take,bcap_swing__mlb_2023__20260909__r01,BCAP-SWING-v0.1.0,swing,2023,COMPLETE,fixed_development_policy_external_crossfit_nuisance_OPE,season-weighted final PA W per selected current decision; no summed PA policy gain,Q/value/delta/gain: raw W; outcome MSE: W^2; probabilities/coverage: fraction; sample counts: explicit rows/PA/games,Take_adjudicated,Swing_offer_including_bunts,2-2,OUT,NFB,0,Frozen diagnostic candidate; never a recommended action,action_and_policy_value,EVALUATED,True,0.2769554293077192,0.0,0.0,0.0,0.3619336410569517,0.0849782117492323,0.0709957782081943,0.0989606452902703,0.2769554293077192,0.0,0.0,0.0,0.3619336410569517,0.0849782117492323,0.0709957782081943,0.0989606452902703,0.1327863874964003,-0.144169041811319,-0.1591433424775688,-0.1291947411450693,0.247360014276676,-0.0295954150310433,-0.0354463734118565,-0.02374445665023,,,,,,,,,,,,,,,,,,,columns/001-ball-count/analysis/runs/bcap_swing__mlb_2023__20260909__r01/artifacts/external_access_log.json,2026-09-09T06:17:36.283411+00:00
cell,3-0|BOUNDARY|FB,1942,1859,0.9572605561277034,1290,1859,572,465,0.1004119464469619,0.1038192576654115,1662.0128007932117,1200,0.0032334768350375,175.27137406854226,184,0.0131572054414692,0.5014631340670844,0.4102022424741562,0.493338619220038,0.3460894292419226,-0.0912608915929282,0.0368431493674692,-0.1635400060684585,-0.0189817771173978,-0.2448820424718028,0.0623602592859463,NO_SUPPORT,SAMPLE_OR_OVERLAP_GATE,,Take,bcap_swing__mlb_2023__20260909__r01,BCAP-SWING-v0.1.0,swing,2023,COMPLETE,fixed_development_policy_external_crossfit_nuisance_OPE,season-weighted final PA W per selected current decision; no summed PA policy gain,Q/value/delta/gain: raw W; outcome MSE: W^2; probabilities/coverage: fraction; sample counts: explicit rows/PA/games,Take_adjudicated,Swing_offer_including_bunts,3-0,BOUNDARY,FB,0,Frozen diagnostic candidate; never a recommended action,action_and_policy_value,EVALUATED,True,0.4920016137708444,0.0,0.0,0.0,0.5014631340670844,0.0094615202962399,-0.0074204512651171,0.0263434918575971,0.4920016137708444,0.0,0.0,0.0,0.5014631340670844,0.0094615202962399,-0.0074204512651171,0.0263434918575971,0.4102022424741562,-0.0817993712966882,-0.2201148399613259,0.0565160973679494,0.4558326882706203,-0.0361689255002241,-0.097879705907872,0.0255418549074237,,,,,,,,,,,,,,,,,,,columns/001-ball-count/analysis/runs/bcap_swing__mlb_2023__20260909__r01/artifacts/external_access_log.json,2026-09-09T06:17:36.283411+00:00
cell,3-0|BOUNDARY|NFB,105,105,1.0,101,105,76,90,0.1238095238095238,0.1238095238095238,91.1908531840455,89,0.030236287895386,12.057005580336748,13,0.1286329797049039,0.4892541755954224,0.2924450754166723,0.4877231291879065,0.3336572594572125,-0.19680910017875,0.0840281971181031,-0.3635186500139494,-0.0300995503435506,-0.5625355686429712,0.1689173682854711,NO_SUPPORT,SAMPLE_OR_OVERLAP_GATE,,Take,bcap_swing__mlb_2023__20260909__r01,BCAP-SWING-v0.1.0,swing,2023,COMPLETE,fixed_development_policy_external_crossfit_nuisance_OPE,season-weighted final PA W per selected current decision; no summed PA policy gain,Q/value/delta/gain: raw W; outcome MSE: W^2; probabilities/coverage: fraction; sample counts: explicit rows/PA/games,Take_adjudicated,Swing_offer_including_bunts,3-0,BOUNDARY,NFB,0,Frozen diagnostic candidate; never a recommended action,action_and_policy_value,EVALUATED,True,0.4654190476190475,0.0,0.0,0.0,0.4892541755954224,0.0238351279763747,-0.0497416036105417,0.0974118595632913,0.4654190476190475,0.0,0.0,0.0,0.4892541755954224,0.0238351279763747,-0.0497416036105417,0.0974118595632913,0.2924450754166723,-0.1729739722023752,-0.4712067166951693,0.1252587722904188,0.3908496255060473,-0.0745694221130002,-0.1917837140126271,0.0426448697866266,,,,,,,,,,,,,,,,,,,columns/001-ball-count/analysis/runs/bcap_swing__mlb_2023__20260909__r01/artifacts/external_access_log.json,2026-09-09T06:17:36.283411+00:00
cell,3-0|INNER|FB,2549,2521,0.9890153001176932,1574,2521,622,511,0.1506473126716359,0.1523205077350257,2130.814227459228,1424,0.0024214408909326,346.75881352500465,351,0.0093083627334744,0.4718722620841917,0.5308987897099957,0.466739151571355,0.3966529753145155,0.0590265276258039,0.0401269572457494,-0.0196814254124747,0.1377344806640826,-0.1081795570809764,0.2262326123325843,UNCERTAIN,IDENTIFICATION_AND_FULL_LEARNING_UNCERTAINTY,,Swing_including_bunts,bcap_swing__mlb_2023__20260909__r01,BCAP-SWING-v0.1.0,swing,2023,COMPLETE,fixed_development_policy_external_crossfit_nuisance_OPE,season-weighted final PA W per selected current decision; no summed PA policy gain,Q/value/delta/gain: raw W; outcome MSE: W^2; probabilities/coverage: fraction; sample counts: explicit rows/PA/games,Take_adjudicated,Swing_offer_including_bunts,3-0,INNER,FB,1,Frozen diagnostic candidate; never a recommended action,action_and_policy_value,EVALUATED,True,0.4797405791352637,0.0,0.0,0.0,0.5308987897099957,0.0511582105747319,-0.0958569761326813,0.1981733972821451,0.4797405791352637,0.0,0.0,0.0,0.4718722620841917,-0.007868317051072,-0.0292364272220857,0.0134997931199416,0.5308987897099957,0.0511582105747319,-0.0958569761326813,0.1981733972821451,0.5013855258970938,0.0216449467618299,-0.0419597852689342,0.0852496787925941,,,,,,,,,,,,,,,,,,,columns/001-ball-count/analysis/runs/bcap_swing__mlb_2023__20260909__r01/artifacts/external_access_log.json,2026-09-09T06:17:36.283411+00:00
cell,3-0|INNER|NFB,132,131,0.9924242424242424,126,131,96,104,0.2045454545454545,0.2061068702290076,102.75612355375648,101,0.0191308052707045,24.690258116367144,27,0.0666651056126204,0.5450001754166417,0.3779325629615586,0.4738070387132122,0.3626604755860069,-0.1670676124550831,0.0891852352094042,-0.3435762616626473,0.009441036752481,-0.5515999074494142,0.2174646825392478,NO_SUPPORT,SAMPLE_OR_OVERLAP_GATE,,Take,bcap_swing__mlb_2023__20260909__r01,BCAP-SWING-v0.1.0,swing,2023,COMPLETE,fixed_development_policy_external_crossfit_nuisance_OPE,season-weighted final PA W per selected current decision; no summed PA policy gain,Q/value/delta/gain: raw W; outcome MSE: W^2; probabilities/coverage: fraction; sample counts: explicit rows/PA/games,Take_adjudicated,Swing_offer_including_bunts,3-0,INNER,NFB,0,Frozen diagnostic candidate; never a recommended action,action_and_policy_value,EVALUATED,True,0.5063587786259541,0.0,0.0,0.0,0.5450001754166417,0.0386413967906876,-0.0654309948520248,0.1427137884334,0.5063587786259541,0.0,0.0,0.0,0.5450001754166417,0.0386413967906876,-0.0654309948520248,0.1427137884334,0.3779325629615586,-0.1284262156643955,-0.4156403010324552,0.1587878697036641,0.4614663691891003,-0.0448924094368539,-0.1433567445771512,0.0535719257034433,,,,,,,,,,,,,,,,,,,columns/001-ball-count/analysis/runs/bcap_swing__mlb_2023__20260909__r01/artifacts/external_access_log.json,2026-09-09T06:17:36.283411+00:00
cell,3-0|MISSING|UNCLASSIFIED,1,0,0.0,0,0,0,0,0.0,,0.0,0,,0.0,0,,,,,,,,,,,,NO_SUPPORT,NO_COMMON_SUPPORT,,,bcap_swing__mlb_2023__20260909__r01,BCAP-SWING-v0.1.0,swing,2023,COMPLETE,fixed_development_policy_external_crossfit_nuisance_OPE,season-weighted final PA W per selected current decision; no summed PA policy gain,Q/value/delta/gain: raw W; outcome MSE: W^2; probabilities/coverage: fraction; sample counts: explicit rows/PA/games,Take_adjudicated,Swing_offer_including_bunts,3-0,MISSING,UNCLASSIFIED,0.5,Frozen diagnostic candidate; never a recommended action,action_and_policy_value,EVALUATED,True,,,,,,,,,,,,,,,,,,,,,,,,,,,,,,,,,,,,,,,,,,,columns/001-ball-count/analysis/runs/bcap_swing__mlb_2023__20260909__r01/artifacts/external_access_log.json,2026-09-09T06:17:36.283411+00:00
cell,3-0|OUT|FB,2402,1692,0.704412989175687,1195,1692,590,446,0.0324729392173189,0.0443262411347517,1612.091860093983,1163,0.0030700970248244,64.77407469119656,74,0.0357153532669288,0.6781324553276348,0.3439502918085702,0.6063716217454704,0.3150381676553065,-0.3341821635190646,0.021738882433717,-0.3768328246197582,-0.291531502418371,-0.424850202019202,-0.2435141250189273,NO_SUPPORT,SAMPLE_OR_OVERLAP_GATE,,Take,bcap_swing__mlb_2023__20260909__r01,BCAP-SWING-v0.1.0,swing,2023,COMPLETE,fixed_development_policy_external_crossfit_nuisance_OPE,season-weighted final PA W per selected current decision; no summed PA policy gain,Q/value/delta/gain: raw W; outcome MSE: W^2; probabilities/coverage: fraction; sample counts: explicit rows/PA/games,Take_adjudicated,Swing_offer_including_bunts,3-0,OUT,FB,0,Frozen diagnostic candidate; never a recommended action,action_and_policy_value,EVALUATED,True,0.6621985815602836,0.0,0.0,0.0,0.6781324553276348,0.0159338737673511,0.0045134047114677,0.0273543428232345,0.6621985815602836,0.0,0.0,0.0,0.6781324553276348,0.0159338737673511,0.0045134047114677,0.0273543428232345,0.3439502918085702,-0.3182482897517135,-0.4003818426937326,-0.2361147368096943,0.5110413735681025,-0.1511572079921811,-0.1883459228772418,-0.1139684931071205,,,,,,,,,,,,,,,,,,,columns/001-ball-count/analysis/runs/bcap_swing__mlb_2023__20260909__r01/artifacts/external_access_log.json,2026-09-09T06:17:36.283411+00:00
cell,3-0|OUT|NFB,189,144,0.7619047619047619,136,144,109,113,0.0634920634920634,0.0763888888888889,132.4596403188106,125,0.0171280222652449,9.043822447470175,11,0.1983596626483461,0.6711115912312403,0.3537028443667073,0.5415302957532017,0.3083451601899994,-0.317408746864533,0.0738524371729917,-0.4634661415168559,-0.1713513522122101,-0.634948268881321,0.000130775152255,NO_SUPPORT,SAMPLE_OR_OVERLAP_GATE,,Take,bcap_swing__mlb_2023__20260909__r01,BCAP-SWING-v0.1.0,swing,2023,COMPLETE,fixed_development_policy_external_crossfit_nuisance_OPE,season-weighted final PA W per selected current decision; no summed PA policy gain,Q/value/delta/gain: raw W; outcome MSE: W^2; probabilities/coverage: fraction; sample counts: explicit rows/PA/games,Take_adjudicated,Swing_offer_including_bunts,3-0,OUT,NFB,0,Frozen diagnostic candidate; never a recommended action,action_and_policy_value,EVALUATED,True,0.6415833333333332,0.0,0.0,0.0,0.6711115912312403,0.0295282578979069,-0.0164516845871542,0.0755082003829682,0.6415833333333332,0.0,0.0,0.0,0.6711115912312403,0.0295282578979069,-0.0164516845871542,0.0755082003829682,0.3537028443667073,-0.287880488966626,-0.5761824616809297,0.0004214837476776,0.5124072177989737,-0.1291761155343595,-0.2611164591760287,0.0027642281073097,,,,,,,,,,,,,,,,,,,columns/001-ball-count/analysis/runs/bcap_swing__mlb_2023__20260909__r01/artifacts/external_access_log.json,2026-09-09T06:17:36.283411+00:00
cell,3-1|BOUNDARY|FB,3279,3259,0.9939005794449528,1743,3259,665,517,0.5995730405611467,0.5995704203743479,1210.1070530428292,975,0.003718522899233,1908.267771859316,1319,0.0038320901673502,0.4463140504947535,0.3703317741122741,0.4598020367057381,0.3628408436934209,-0.0759822763824794,0.0171294921681688,-0.1095788071423938,-0.0423857456225651,-0.147339473787188,-0.0046250789777709,UNCERTAIN,IDENTIFICATION_AND_FULL_LEARNING_UNCERTAINTY,,Take,bcap_swing__mlb_2023__20260909__r01,BCAP-SWING-v0.1.0,swing,2023,COMPLETE,fixed_development_policy_external_crossfit_nuisance_OPE,season-weighted final PA W per selected current decision; no summed PA policy gain,Q/value/delta/gain: raw W; outcome MSE: W^2; probabilities/coverage: fraction; sample counts: explicit rows/PA/games,Take_adjudicated,Swing_offer_including_bunts,3-1,BOUNDARY,FB,0,Frozen diagnostic candidate; never a recommended action,action_and_policy_value,EVALUATED,True,0.4063669837373427,0.0,0.0,0.0,0.4463140504947535,0.0399470667574107,-0.0063311092506873,0.0862252427655089,0.4063669837373427,0.0,0.0,0.0,0.4463140504947535,0.0399470667574107,-0.0063311092506873,0.0862252427655089,0.3703317741122741,-0.0360352096250687,-0.0630265370445161,-0.0090438822056212,0.4083229123035138,0.001955928566171,-0.0107774236981201,0.0146892808304621,,,,,,,,,,,,,,,,,,,columns/001-ball-count/analysis/runs/bcap_swing__mlb_2023__20260909__r01/artifacts/external_access_log.json,2026-09-09T06:17:36.283411+00:00
cell,3-1|BOUNDARY|NFB,876,871,0.9942922374429224,726,871,380,370,0.567351598173516,0.5706084959816303,346.33031847558175,345,0.011604801489847,482.3585661581976,451,0.0058890841828649,0.4615674769147035,0.3713808695680625,0.4734850624700581,0.3572850339988341,-0.0901866073466409,0.0327589989303281,-0.1545004322117146,-0.0258727824815673,-0.2271568077136646,0.0467835930203826,UNCERTAIN,IDENTIFICATION_AND_FULL_LEARNING_UNCERTAINTY,,Take,bcap_swing__mlb_2023__20260909__r01,BCAP-SWING-v0.1.0,swing,2023,COMPLETE,fixed_development_policy_external_crossfit_nuisance_OPE,season-weighted final PA W per selected current decision; no summed PA policy gain,Q/value/delta/gain: raw W; outcome MSE: W^2; probabilities/coverage: fraction; sample counts: explicit rows/PA/games,Take_adjudicated,Swing_offer_including_bunts,3-1,BOUNDARY,NFB,0,Frozen diagnostic candidate; never a recommended action,action_and_policy_value,EVALUATED,True,0.4118300803673937,0.0,0.0,0.0,0.4615674769147035,0.0497373965473097,-0.034249235408927,0.1337240285035465,0.4118300803673937,0.0,0.0,0.0,0.4615674769147035,0.0497373965473097,-0.034249235408927,0.1337240285035465,0.3713808695680625,-0.0404492107993311,-0.0975097034079386,0.0166112818092762,0.4164741732413831,0.0046440928739892,-0.01691090967528,0.0261990954232586,,,,,,,,,,,,,,,,,,,columns/001-ball-count/analysis/runs/bcap_swing__mlb_2023__20260909__r01/artifacts/external_access_log.json,2026-09-09T06:17:36.283411+00:00
cell,3-1|INNER|FB,4578,4549,0.9936653560506772,2022,4549,694,550,0.8193534294451725,0.8193009452626951,737.3225015752813,697,0.0052115005826266,3712.7633797808207,1882,0.0022429107860361,0.3704190567130234,0.4066713852944165,0.4207504018616664,0.3982994138511496,0.036252328581393,0.0210799810897866,-0.0050884336282748,0.0775930907910609,-0.0515297948592134,0.1240344520219995,UNCERTAIN,IDENTIFICATION_AND_FULL_LEARNING_UNCERTAINTY,,Swing_including_bunts,bcap_swing__mlb_2023__20260909__r01,BCAP-SWING-v0.1.0,swing,2023,COMPLETE,fixed_development_policy_external_crossfit_nuisance_OPE,season-weighted final PA W per selected current decision; no summed PA policy gain,Q/value/delta/gain: raw W; outcome MSE: W^2; probabilities/coverage: fraction; sample counts: explicit rows/PA/games,Take_adjudicated,Swing_offer_including_bunts,3-1,INNER,FB,1,Frozen diagnostic candidate; never a recommended action,action_and_policy_value,EVALUATED,True,0.4008379863706308,0.0,0.0,0.0,0.4066713852944165,0.0058333989237856,-0.0072098076206045,0.0188766054681757,0.4008379863706308,0.0,0.0,0.0,0.3704190567130234,-0.0304189296576074,-0.1061124669012101,0.0452746075859952,0.4066713852944165,0.0058333989237856,-0.0072098076206045,0.0188766054681757,0.38854522100372,-0.0122927653669109,-0.0442832813016168,0.019697750567795,,,,,,,,,,,,,,,,,,,columns/001-ball-count/analysis/runs/bcap_swing__mlb_2023__20260909__r01/artifacts/external_access_log.json,2026-09-09T06:17:36.283411+00:00
cell,3-1|INNER|NFB,1116,1113,0.9973118279569892,858,1113,414,386,0.6774193548387096,0.6765498652291105,331.49135340346487,329,0.0110658167923983,741.8840570599461,620,0.0052381929842053,0.3432239175412698,0.4406736696430036,0.4370054334722883,0.39969302769329,0.0974497521017337,0.0342211301450169,0.03028270996495,0.1646167942385173,-0.0454944949124454,0.2403939991159129,UNCERTAIN,IDENTIFICATION_AND_FULL_LEARNING_UNCERTAINTY,,Swing_including_bunts,bcap_swing__mlb_2023__20260909__r01,BCAP-SWING-v0.1.0,swing,2023,COMPLETE,fixed_development_policy_external_crossfit_nuisance_OPE,season-weighted final PA W per selected current decision; no summed PA policy gain,Q/value/delta/gain: raw W; outcome MSE: W^2; probabilities/coverage: fraction; sample counts: explicit rows/PA/games,Take_adjudicated,Swing_offer_including_bunts,3-1,INNER,NFB,1,Frozen diagnostic candidate; never a recommended action,action_and_policy_value,EVALUATED,True,0.4152309074573225,0.0,0.0,0.0,0.4406736696430036,0.025442762185681,-0.0158919287297433,0.0667774531011054,0.4152309074573225,0.0,0.0,0.0,0.3432239175412698,-0.0720069899160526,-0.1758552234985117,0.0318412436664063,0.4406736696430036,0.025442762185681,-0.0158919287297433,0.0667774531011054,0.3919487935921367,-0.0232821138651858,-0.0570199517778715,0.0104557240474999,,,,,,,,,,,,,,,,,,,columns/001-ball-count/analysis/runs/bcap_swing__mlb_2023__20260909__r01/artifacts/external_access_log.json,2026-09-09T06:17:36.283411+00:00
cell,3-1|MISSING|UNCLASSIFIED,6,0,0.0,0,0,0,0,0.8333333333333334,,0.0,0,,0.0,0,,,,,,,,,,,,NO_SUPPORT,NO_COMMON_SUPPORT,,,bcap_swing__mlb_2023__20260909__r01,BCAP-SWING-v0.1.0,swing,2023,COMPLETE,fixed_development_policy_external_crossfit_nuisance_OPE,season-weighted final PA W per selected current decision; no summed PA policy gain,Q/value/delta/gain: raw W; outcome MSE: W^2; probabilities/coverage: fraction; sample counts: explicit rows/PA/games,Take_adjudicated,Swing_offer_including_bunts,3-1,MISSING,UNCLASSIFIED,0.5,Frozen diagnostic candidate; never a recommended action,action_and_policy_value,EVALUATED,True,,,,,,,,,,,,,,,,,,,,,,,,,,,,,,,,,,,,,,,,,,,columns/001-ball-count/analysis/runs/bcap_swing__mlb_2023__20260909__r01/artifacts/external_access_log.json,2026-09-09T06:17:36.283411+00:00
cell,3-1|OUT|FB,4182,3929,0.9395026303204208,1896,3929,683,539,0.2226207556193209,0.2349198269279715,2948.9099811859264,1676,0.0023851522782306,737.0525624016301,768,0.005721764972178,0.6674001615263696,0.3272901612325119,0.6143254482181496,0.3234843379615555,-0.3401100002938577,0.0172146551381703,-0.3738716682145718,-0.3063483323731437,-0.4118067626615624,-0.268413237926153,UNCERTAIN,IDENTIFICATION_AND_FULL_LEARNING_UNCERTAINTY,,Take,bcap_swing__mlb_2023__20260909__r01,BCAP-SWING-v0.1.0,swing,2023,COMPLETE,fixed_development_policy_external_crossfit_nuisance_OPE,season-weighted final PA W per selected current decision; no summed PA policy gain,Q/value/delta/gain: raw W; outcome MSE: W^2; probabilities/coverage: fraction; sample counts: explicit rows/PA/games,Take_adjudicated,Swing_offer_including_bunts,3-1,OUT,FB,0,Frozen diagnostic candidate; never a recommended action,action_and_policy_value,EVALUATED,True,0.5949735301603462,0.0,0.0,0.0,0.6674001615263696,0.0724266313660235,0.0558171696566995,0.0890360930753474,0.5949735301603462,0.0,0.0,0.0,0.6674001615263696,0.0724266313660235,0.0558171696566995,0.0890360930753474,0.3272901612325119,-0.2676833689278342,-0.3275841371048283,-0.2077826007508401,0.4973451613794407,-0.0976283687809053,-0.123062237730221,-0.0721944998315896,,,,,,,,,,,,,,,,,,,columns/001-ball-count/analysis/runs/bcap_swing__mlb_2023__20260909__r01/artifacts/external_access_log.json,2026-09-09T06:17:36.283411+00:00
cell,3-1|OUT|NFB,1524,1456,0.9553805774278216,1053,1456,479,416,0.2860892388451443,0.2960164835164835,982.7202183827532,803,0.0040527006738256,307.65817218256075,390,0.0128443877921532,0.6716763641625944,0.3707802757173003,0.581000094998647,0.3218221335618111,-0.300896088445294,0.027000444835616,-0.353876943101286,-0.2479152337893019,-0.4135672543441034,-0.1882249225464844,UNCERTAIN,IDENTIFICATION_AND_FULL_LEARNING_UNCERTAINTY,,Take,bcap_swing__mlb_2023__20260909__r01,BCAP-SWING-v0.1.0,swing,2023,COMPLETE,fixed_development_policy_external_crossfit_nuisance_OPE,season-weighted final PA W per selected current decision; no summed PA policy gain,Q/value/delta/gain: raw W; outcome MSE: W^2; probabilities/coverage: fraction; sample counts: explicit rows/PA/games,Take_adjudicated,Swing_offer_including_bunts,3-1,OUT,NFB,0,Frozen diagnostic candidate; never a recommended action,action_and_policy_value,EVALUATED,True,0.5844031593406592,0.0,0.0,0.0,0.6716763641625944,0.087273204821935,0.0558273634575691,0.1187190461863009,0.5844031593406592,0.0,0.0,0.0,0.6716763641625944,0.087273204821935,0.0558273634575691,0.1187190461863009,0.3707802757173003,-0.213622883623359,-0.305590267767475,-0.1216554994792429,0.5212283199399472,-0.0631748394007119,-0.1025413535524993,-0.0238083252489246,,,,,,,,,,,,,,,,,,,columns/001-ball-count/analysis/runs/bcap_swing__mlb_2023__20260909__r01/artifacts/external_access_log.json,2026-09-09T06:17:36.283411+00:00
cell,3-2|BOUNDARY|FB,6001,5955,0.9923346108981836,2164,5517,701,558,0.7973671054824196,0.7966414777497901,1072.1725387210563,943,0.0046636393141315,4718.6355588354045,2003,0.0020345069100887,0.1696333043802113,0.3116198874036758,0.3106078195700846,0.306101214656294,0.1419865830234644,0.0135817744681369,0.1153518902053896,0.1686212758415393,0.0854372012297048,0.1985359648172241,UNCERTAIN,IDENTIFICATION_AND_FULL_LEARNING_UNCERTAINTY,,Swing_including_bunts,bcap_swing__mlb_2023__20260909__r01,BCAP-SWING-v0.1.0,swing,2023,COMPLETE,fixed_development_policy_external_crossfit_nuisance_OPE,season-weighted final PA W per selected current decision; no summed PA policy gain,Q/value/delta/gain: raw W; outcome MSE: W^2; probabilities/coverage: fraction; sample counts: explicit rows/PA/games,Take_adjudicated,Swing_offer_including_bunts,3-2,BOUNDARY,FB,1,Frozen diagnostic candidate; never a recommended action,action_and_policy_value,EVALUATED,True,0.2927895885810243,0.0,0.0,0.0,0.3116198874036758,0.0188302988226515,0.0091919128760093,0.0284686847692937,0.2927895885810243,0.0,0.0,0.0,0.1696333043802113,-0.1231562842008129,-0.1707379659843809,-0.075574602417245,0.3116198874036758,0.0188302988226515,0.0091919128760093,0.0284686847692937,0.2406265958919436,-0.0521629926890807,-0.0716308974862199,-0.0326950878919414,,,,,,,,,,,,,,,,,,,columns/001-ball-count/analysis/runs/bcap_swing__mlb_2023__20260909__r01/artifacts/external_access_log.json,2026-09-09T06:17:36.283411+00:00
cell,3-2|BOUNDARY|NFB,3418,3377,0.9880046811000586,1758,3205,600,514,0.8300175541252194,0.8303227716908499,495.65955310828895,498,0.0088091504599184,2791.340147319299,1583,0.0024681739274518,0.1414320628281718,0.2676880904121535,0.3418238654380527,0.2752234749860437,0.1262560275839816,0.0200865469797938,0.0868599800443293,0.165652075123634,0.0425823524661041,0.2099297027018592,UNCERTAIN,IDENTIFICATION_AND_FULL_LEARNING_UNCERTAINTY,,Swing_including_bunts,bcap_swing__mlb_2023__20260909__r01,BCAP-SWING-v0.1.0,swing,2023,COMPLETE,fixed_development_policy_external_crossfit_nuisance_OPE,season-weighted final PA W per selected current decision; no summed PA policy gain,Q/value/delta/gain: raw W; outcome MSE: W^2; probabilities/coverage: fraction; sample counts: explicit rows/PA/games,Take_adjudicated,Swing_offer_including_bunts,3-2,BOUNDARY,NFB,1,Frozen diagnostic candidate; never a recommended action,action_and_policy_value,EVALUATED,True,0.2572904945217648,0.0,0.0,0.0,0.2676880904121535,0.0103975958903886,-0.0008115317469561,0.0216067235277333,0.2572904945217648,0.0,0.0,0.0,0.1414320628281718,-0.115858431693593,-0.1895698098985413,-0.0421470534886447,0.2676880904121535,0.0103975958903886,-0.0008115317469561,0.0216067235277333,0.2045600766201626,-0.0527304179016022,-0.0848113301813142,-0.0206495056218902,,,,,,,,,,,,,,,,,,,columns/001-ball-count/analysis/runs/bcap_swing__mlb_2023__20260909__r01/artifacts/external_access_log.json,2026-09-09T06:17:36.283411+00:00
cell,3-2|INNER|FB,8333,7491,0.8989559582383295,2280,6629,718,555,0.937357494299772,0.9329862501668668,456.2727703250117,449,0.007015291551131,6981.060509473112,2245,0.0017111836924292,0.0884120210067125,0.36039790100586,0.2792115181060584,0.3498883102404022,0.2719858799991474,0.0115886562061006,0.2492604619678197,0.294711298030475,0.2237402821734651,0.3202314778248297,UNCERTAIN,IDENTIFICATION_AND_FULL_LEARNING_UNCERTAINTY,,Swing_including_bunts,bcap_swing__mlb_2023__20260909__r01,BCAP-SWING-v0.1.0,swing,2023,COMPLETE,fixed_development_policy_external_crossfit_nuisance_OPE,season-weighted final PA W per selected current decision; no summed PA policy gain,Q/value/delta/gain: raw W; outcome MSE: W^2; probabilities/coverage: fraction; sample counts: explicit rows/PA/games,Take_adjudicated,Swing_offer_including_bunts,3-2,INNER,FB,1,Frozen diagnostic candidate; never a recommended action,action_and_policy_value,EVALUATED,True,0.3372011747430249,0.0,0.0,0.0,0.36039790100586,0.023196726262835,0.0180429078574274,0.0283505446682426,0.3372011747430249,0.0,0.0,0.0,0.0884120210067125,-0.2487891537363123,-0.2921503094645276,-0.2054279980080972,0.36039790100586,0.023196726262835,0.0180429078574274,0.0283505446682426,0.2244049610062863,-0.1127962137367386,-0.1320696775596184,-0.0935227499138589,,,,,,,,,,,,,,,,,,,columns/001-ball-count/analysis/runs/bcap_swing__mlb_2023__20260909__r01/artifacts/external_access_log.json,2026-09-09T06:17:36.283411+00:00
cell,3-2|INNER|NFB,4052,3645,0.8995557749259625,1794,3424,591,521,0.9336130306021716,0.9308641975308642,229.411655693746,240,0.0111902276315419,3388.322896548026,1727,0.0024401514150746,0.0904439857975982,0.3484032536376823,0.3203829410605686,0.3396515534000204,0.2579592678400841,0.0181218603727522,0.2224170817006516,0.2935014539795166,0.182473750499928,0.3334447851802403,UNCERTAIN,IDENTIFICATION_AND_FULL_LEARNING_UNCERTAINTY,,Swing_including_bunts,bcap_swing__mlb_2023__20260909__r01,BCAP-SWING-v0.1.0,swing,2023,COMPLETE,fixed_development_policy_external_crossfit_nuisance_OPE,season-weighted final PA W per selected current decision; no summed PA policy gain,Q/value/delta/gain: raw W; outcome MSE: W^2; probabilities/coverage: fraction; sample counts: explicit rows/PA/games,Take_adjudicated,Swing_offer_including_bunts,3-2,INNER,NFB,1,Frozen diagnostic candidate; never a recommended action,action_and_policy_value,EVALUATED,True,0.3263064471879286,0.0,0.0,0.0,0.3484032536376823,0.0220968064497537,0.0150384675031596,0.0291551453963477,0.3263064471879286,0.0,0.0,0.0,0.0904439857975982,-0.2358624613903304,-0.3046530760619427,-0.1670718467187181,0.3484032536376823,0.0220968064497537,0.0150384675031596,0.0291551453963477,0.2194236197176403,-0.1068828274702883,-0.1379709051812674,-0.0757947497593093,,,,,,,,,,,,,,,,,,,columns/001-ball-count/analysis/runs/bcap_swing__mlb_2023__20260909__r01/artifacts/external_access_log.json,2026-09-09T06:17:36.283411+00:00
cell,3-2|MISSING|UNCLASSIFIED,12,0,0.0,0,0,0,0,0.5833333333333334,,0.0,0,,0.0,0,,,,,,,,,,,,NO_SUPPORT,NO_COMMON_SUPPORT,,,bcap_swing__mlb_2023__20260909__r01,BCAP-SWING-v0.1.0,swing,2023,COMPLETE,fixed_development_policy_external_crossfit_nuisance_OPE,season-weighted final PA W per selected current decision; no summed PA policy gain,Q/value/delta/gain: raw W; outcome MSE: W^2; probabilities/coverage: fraction; sample counts: explicit rows/PA/games,Take_adjudicated,Swing_offer_including_bunts,3-2,MISSING,UNCLASSIFIED,0.5,Frozen diagnostic candidate; never a recommended action,action_and_policy_value,EVALUATED,True,,,,,,,,,,,,,,,,,,,,,,,,,,,,,,,,,,,,,,,,,,,columns/001-ball-count/analysis/runs/bcap_swing__mlb_2023__20260909__r01/artifacts/external_access_log.json,2026-09-09T06:17:36.283411+00:00
cell,3-2|OUT|FB,7944,7796,0.9813695871097684,2282,7361,729,558,0.4101208459214501,0.4154694715238584,4202.777382229583,2021,0.0017588868500965,2677.863462939311,1702,0.0031293256268668,0.6521775632011634,0.2317538675221173,0.6016521642356394,0.2430767986521603,-0.4204236956790459,0.0085633822677208,-0.437216527191734,-0.4036308641663578,-0.4560744875167714,-0.3847729038413204,UNCERTAIN,IDENTIFICATION_AND_FULL_LEARNING_UNCERTAINTY,,Take,bcap_swing__mlb_2023__20260909__r01,BCAP-SWING-v0.1.0,swing,2023,COMPLETE,fixed_development_policy_external_crossfit_nuisance_OPE,season-weighted final PA W per selected current decision; no summed PA policy gain,Q/value/delta/gain: raw W; outcome MSE: W^2; probabilities/coverage: fraction; sample counts: explicit rows/PA/games,Take_adjudicated,Swing_offer_including_bunts,3-2,OUT,FB,0,Frozen diagnostic candidate; never a recommended action,action_and_policy_value,EVALUATED,True,0.4921526423807079,0.0,0.0,0.0,0.6521775632011634,0.1600249208204553,0.1423321974657983,0.1777176441751122,0.4921526423807079,0.0,0.0,0.0,0.6521775632011634,0.1600249208204553,0.1423321974657983,0.1777176441751122,0.2317538675221173,-0.2603987748585906,-0.2838707964331071,-0.2369267532840742,0.4419657153616403,-0.0501869270190676,-0.0608752097897135,-0.0394986442484217,,,,,,,,,,,,,,,,,,,columns/001-ball-count/analysis/runs/bcap_swing__mlb_2023__20260909__r01/artifacts/external_access_log.json,2026-09-09T06:17:36.283411+00:00
cell,3-2|OUT|NFB,6442,6310,0.9795094691089724,2199,6061,721,555,0.4484632101831729,0.4561014263074485,2985.4734521832297,1799,0.0026803705515673,2161.094156274932,1618,0.0038434208215608,0.6597060639870378,0.1580275411172204,0.5970986866974672,0.1981097250310352,-0.5016785228698172,0.0076479500395673,-0.5166764883003797,-0.4866805574392547,-0.5335206277482181,-0.4698364179914163,UNCERTAIN,IDENTIFICATION_AND_FULL_LEARNING_UNCERTAINTY,,Take,bcap_swing__mlb_2023__20260909__r01,BCAP-SWING-v0.1.0,swing,2023,COMPLETE,fixed_development_policy_external_crossfit_nuisance_OPE,season-weighted final PA W per selected current decision; no summed PA policy gain,Q/value/delta/gain: raw W; outcome MSE: W^2; probabilities/coverage: fraction; sample counts: explicit rows/PA/games,Take_adjudicated,Swing_offer_including_bunts,3-2,OUT,NFB,0,Frozen diagnostic candidate; never a recommended action,action_and_policy_value,EVALUATED,True,0.4504594294770205,0.0,0.0,0.0,0.6597060639870378,0.2092466345100171,0.1895255119850447,0.2289677570349896,0.4504594294770205,0.0,0.0,0.0,0.6597060639870378,0.2092466345100171,0.1895255119850447,0.2289677570349896,0.1580275411172204,-0.2924318883598001,-0.3123436021281806,-0.2725201745914196,0.4088668025521291,-0.0415926269248914,-0.0533917624291424,-0.0297934914206405,,,,,,,,,,,,,,,,,,,columns/001-ball-count/analysis/runs/bcap_swing__mlb_2023__20260909__r01/artifacts/external_access_log.json,2026-09-09T06:17:36.283411+00:00
