level,state,policy,n,value,CI95_low,CI95_high,gain,gain_low,gain_high,unit,conditional,run_id,model_id,variant,period,execution_status,evaluation_method,column_units,action0_label,action1_label,count,zone,pitch_group,record_type,evaluation_status,reason,grade,numeric_estimate_available
overall,ALL,observed,1395402.0,0.3005348358394211,0.2986984712027752,0.3023712004760671,0.0,0.0,0.0,season-weighted final PA W per selected current decision; no summed PA policy gain,True,bcap_pitch__mlb_2024_2025__20260909__r02,BCAP-PITCH-v0.1.0,pitch,2024_2025,COMPLETE,outer_game_nested_procedure_OPE,Q/value/delta/gain: raw W; outcome MSE: W^2; probabilities/coverage: fraction; sample counts: explicit rows/PA/games,NFB,FB,ALL,,,,,,,
overall,ALL,always_0,1395402.0,0.3009324327279313,0.2988573551761174,0.3030075102797452,-0.0003975968885102,-0.0025895774326929,0.0017943836556725,season-weighted final PA W per selected current decision; no summed PA policy gain,True,bcap_pitch__mlb_2024_2025__20260909__r02,BCAP-PITCH-v0.1.0,pitch,2024_2025,COMPLETE,outer_game_nested_procedure_OPE,Q/value/delta/gain: raw W; outcome MSE: W^2; probabilities/coverage: fraction; sample counts: explicit rows/PA/games,NFB,FB,ALL,,,,,,,
overall,ALL,always_1,1395402.0,0.3009184342153114,0.2988828917415114,0.3029539766891114,-0.0003835983758902,-0.0020959567011962,0.0013287599494157,season-weighted final PA W per selected current decision; no summed PA policy gain,True,bcap_pitch__mlb_2024_2025__20260909__r02,BCAP-PITCH-v0.1.0,pitch,2024_2025,COMPLETE,outer_game_nested_procedure_OPE,Q/value/delta/gain: raw W; outcome MSE: W^2; probabilities/coverage: fraction; sample counts: explicit rows/PA/games,NFB,FB,ALL,,,,,,,
overall,ALL,learned,1395402.0,0.2995489396089443,0.2975705215480508,0.3015273576698377,0.0009858962304768,-0.0006866028443572,0.0026583953053109,season-weighted final PA W per selected current decision; no summed PA policy gain,True,bcap_pitch__mlb_2024_2025__20260909__r02,BCAP-PITCH-v0.1.0,pitch,2024_2025,COMPLETE,outer_game_nested_procedure_OPE,Q/value/delta/gain: raw W; outcome MSE: W^2; probabilities/coverage: fraction; sample counts: explicit rows/PA/games,NFB,FB,ALL,,,,,,,
overall,ALL,conservative,1395402.0,0.3005348358394211,0.2986984712027752,0.3023712004760671,0.0,0.0,0.0,season-weighted final PA W per selected current decision; no summed PA policy gain,True,bcap_pitch__mlb_2024_2025__20260909__r02,BCAP-PITCH-v0.1.0,pitch,2024_2025,COMPLETE,outer_game_nested_procedure_OPE,Q/value/delta/gain: raw W; outcome MSE: W^2; probabilities/coverage: fraction; sample counts: explicit rows/PA/games,NFB,FB,ALL,,,,,,,
overall,ALL,stochastic_half,1395402.0,0.3009254334716214,0.2990660420231141,0.3027848249201287,-0.0003905976322002,-0.0010351053064982,0.0002539100420977,season-weighted final PA W per selected current decision; no summed PA policy gain,True,bcap_pitch__mlb_2024_2025__20260909__r02,BCAP-PITCH-v0.1.0,pitch,2024_2025,COMPLETE,outer_game_nested_procedure_OPE,Q/value/delta/gain: raw W; outcome MSE: W^2; probabilities/coverage: fraction; sample counts: explicit rows/PA/games,NFB,FB,ALL,,,,,,,
count,0-0,observed,358210.0,0.3095791937690181,0.3078043677016887,0.3113540198363476,0.0,0.0,0.0,season-weighted final PA W per selected current decision; no summed PA policy gain,True,bcap_pitch__mlb_2024_2025__20260909__r02,BCAP-PITCH-v0.1.0,pitch,2024_2025,COMPLETE,outer_game_nested_procedure_OPE,Q/value/delta/gain: raw W; outcome MSE: W^2; probabilities/coverage: fraction; sample counts: explicit rows/PA/games,NFB,FB,0-0,,,,,,,
count,0-0,always_0,358210.0,0.3106831587960099,0.3079167371325485,0.3134495804594713,-0.0011039650269917,-0.0057692749756598,0.0035613449216763,season-weighted final PA W per selected current decision; no summed PA policy gain,True,bcap_pitch__mlb_2024_2025__20260909__r02,BCAP-PITCH-v0.1.0,pitch,2024_2025,COMPLETE,outer_game_nested_procedure_OPE,Q/value/delta/gain: raw W; outcome MSE: W^2; probabilities/coverage: fraction; sample counts: explicit rows/PA/games,NFB,FB,0-0,,,,,,,
count,0-0,always_1,358210.0,0.3092441117442402,0.306979966929655,0.3115082565588253,0.0003350820247779,-0.0025913978753007,0.0032615619248567,season-weighted final PA W per selected current decision; no summed PA policy gain,True,bcap_pitch__mlb_2024_2025__20260909__r02,BCAP-PITCH-v0.1.0,pitch,2024_2025,COMPLETE,outer_game_nested_procedure_OPE,Q/value/delta/gain: raw W; outcome MSE: W^2; probabilities/coverage: fraction; sample counts: explicit rows/PA/games,NFB,FB,0-0,,,,,,,
count,0-0,learned,358210.0,0.3092441117442402,0.306979966929655,0.3115082565588253,0.0003350820247779,-0.0025913978753007,0.0032615619248567,season-weighted final PA W per selected current decision; no summed PA policy gain,True,bcap_pitch__mlb_2024_2025__20260909__r02,BCAP-PITCH-v0.1.0,pitch,2024_2025,COMPLETE,outer_game_nested_procedure_OPE,Q/value/delta/gain: raw W; outcome MSE: W^2; probabilities/coverage: fraction; sample counts: explicit rows/PA/games,NFB,FB,0-0,,,,,,,
count,0-0,conservative,358210.0,0.3095791937690181,0.3078043677016887,0.3113540198363476,0.0,0.0,0.0,season-weighted final PA W per selected current decision; no summed PA policy gain,True,bcap_pitch__mlb_2024_2025__20260909__r02,BCAP-PITCH-v0.1.0,pitch,2024_2025,COMPLETE,outer_game_nested_procedure_OPE,Q/value/delta/gain: raw W; outcome MSE: W^2; probabilities/coverage: fraction; sample counts: explicit rows/PA/games,NFB,FB,0-0,,,,,,,
count,0-0,stochastic_half,358210.0,0.3099636352701251,0.3081283186613865,0.3117989518788637,-0.0003844415011068,-0.0016369286223245,0.0008680456201107,season-weighted final PA W per selected current decision; no summed PA policy gain,True,bcap_pitch__mlb_2024_2025__20260909__r02,BCAP-PITCH-v0.1.0,pitch,2024_2025,COMPLETE,outer_game_nested_procedure_OPE,Q/value/delta/gain: raw W; outcome MSE: W^2; probabilities/coverage: fraction; sample counts: explicit rows/PA/games,NFB,FB,0-0,,,,,,,
count,0-1,observed,182172.0,0.2634369990997519,0.2611161767731631,0.2657578214263406,0.0,0.0,0.0,season-weighted final PA W per selected current decision; no summed PA policy gain,True,bcap_pitch__mlb_2024_2025__20260909__r02,BCAP-PITCH-v0.1.0,pitch,2024_2025,COMPLETE,outer_game_nested_procedure_OPE,Q/value/delta/gain: raw W; outcome MSE: W^2; probabilities/coverage: fraction; sample counts: explicit rows/PA/games,NFB,FB,0-1,,,,,,,
count,0-1,always_0,182172.0,0.2677404429225087,0.2643078598388082,0.2711730260062092,-0.0043034438227568,-0.009471761197544,0.0008648735520304,season-weighted final PA W per selected current decision; no summed PA policy gain,True,bcap_pitch__mlb_2024_2025__20260909__r02,BCAP-PITCH-v0.1.0,pitch,2024_2025,COMPLETE,outer_game_nested_procedure_OPE,Q/value/delta/gain: raw W; outcome MSE: W^2; probabilities/coverage: fraction; sample counts: explicit rows/PA/games,NFB,FB,0-1,,,,,,,
count,0-1,always_1,182172.0,0.2606580282899947,0.2573193083356038,0.2639967482443856,0.0027789708097571,-0.0023750650160531,0.0079330066355674,season-weighted final PA W per selected current decision; no summed PA policy gain,True,bcap_pitch__mlb_2024_2025__20260909__r02,BCAP-PITCH-v0.1.0,pitch,2024_2025,COMPLETE,outer_game_nested_procedure_OPE,Q/value/delta/gain: raw W; outcome MSE: W^2; probabilities/coverage: fraction; sample counts: explicit rows/PA/games,NFB,FB,0-1,,,,,,,
count,0-1,learned,182172.0,0.2606580282899947,0.2573193083356038,0.2639967482443856,0.0027789708097571,-0.0023750650160531,0.0079330066355674,season-weighted final PA W per selected current decision; no summed PA policy gain,True,bcap_pitch__mlb_2024_2025__20260909__r02,BCAP-PITCH-v0.1.0,pitch,2024_2025,COMPLETE,outer_game_nested_procedure_OPE,Q/value/delta/gain: raw W; outcome MSE: W^2; probabilities/coverage: fraction; sample counts: explicit rows/PA/games,NFB,FB,0-1,,,,,,,
count,0-1,conservative,182172.0,0.2634369990997519,0.2611161767731631,0.2657578214263406,0.0,0.0,0.0,season-weighted final PA W per selected current decision; no summed PA policy gain,True,bcap_pitch__mlb_2024_2025__20260909__r02,BCAP-PITCH-v0.1.0,pitch,2024_2025,COMPLETE,outer_game_nested_procedure_OPE,Q/value/delta/gain: raw W; outcome MSE: W^2; probabilities/coverage: fraction; sample counts: explicit rows/PA/games,NFB,FB,0-1,,,,,,,
count,0-1,stochastic_half,182172.0,0.2641992356062517,0.2617581394801072,0.2666403317323961,-0.0007622365064998,-0.0021265451841035,0.0006020721711039,season-weighted final PA W per selected current decision; no summed PA policy gain,True,bcap_pitch__mlb_2024_2025__20260909__r02,BCAP-PITCH-v0.1.0,pitch,2024_2025,COMPLETE,outer_game_nested_procedure_OPE,Q/value/delta/gain: raw W; outcome MSE: W^2; probabilities/coverage: fraction; sample counts: explicit rows/PA/games,NFB,FB,0-1,,,,,,,
count,0-2,observed,95305.0,0.2000537012748544,0.196654384605345,0.2034530179443638,0.0,0.0,0.0,season-weighted final PA W per selected current decision; no summed PA policy gain,True,bcap_pitch__mlb_2024_2025__20260909__r02,BCAP-PITCH-v0.1.0,pitch,2024_2025,COMPLETE,outer_game_nested_procedure_OPE,Q/value/delta/gain: raw W; outcome MSE: W^2; probabilities/coverage: fraction; sample counts: explicit rows/PA/games,NFB,FB,0-2,,,,,,,
count,0-2,always_0,95305.0,0.1998982080715997,0.1958039137542427,0.2039925023889568,0.0001554932032546,-0.004945857643431,0.0052568440499402,season-weighted final PA W per selected current decision; no summed PA policy gain,True,bcap_pitch__mlb_2024_2025__20260909__r02,BCAP-PITCH-v0.1.0,pitch,2024_2025,COMPLETE,outer_game_nested_procedure_OPE,Q/value/delta/gain: raw W; outcome MSE: W^2; probabilities/coverage: fraction; sample counts: explicit rows/PA/games,NFB,FB,0-2,,,,,,,
count,0-2,always_1,95305.0,0.202478928618379,0.1973826156345443,0.2075752416022136,-0.0024252273435245,-0.0097866664197657,0.0049362117327166,season-weighted final PA W per selected current decision; no summed PA policy gain,True,bcap_pitch__mlb_2024_2025__20260909__r02,BCAP-PITCH-v0.1.0,pitch,2024_2025,COMPLETE,outer_game_nested_procedure_OPE,Q/value/delta/gain: raw W; outcome MSE: W^2; probabilities/coverage: fraction; sample counts: explicit rows/PA/games,NFB,FB,0-2,,,,,,,
count,0-2,learned,95305.0,0.1998982080715997,0.1958039137542427,0.2039925023889568,0.0001554932032546,-0.004945857643431,0.0052568440499402,season-weighted final PA W per selected current decision; no summed PA policy gain,True,bcap_pitch__mlb_2024_2025__20260909__r02,BCAP-PITCH-v0.1.0,pitch,2024_2025,COMPLETE,outer_game_nested_procedure_OPE,Q/value/delta/gain: raw W; outcome MSE: W^2; probabilities/coverage: fraction; sample counts: explicit rows/PA/games,NFB,FB,0-2,,,,,,,
count,0-2,conservative,95305.0,0.2000537012748544,0.196654384605345,0.2034530179443638,0.0,0.0,0.0,season-weighted final PA W per selected current decision; no summed PA policy gain,True,bcap_pitch__mlb_2024_2025__20260909__r02,BCAP-PITCH-v0.1.0,pitch,2024_2025,COMPLETE,outer_game_nested_procedure_OPE,Q/value/delta/gain: raw W; outcome MSE: W^2; probabilities/coverage: fraction; sample counts: explicit rows/PA/games,NFB,FB,0-2,,,,,,,
count,0-2,stochastic_half,95305.0,0.2011885683449893,0.1975354138292517,0.2048417228607269,-0.0011348670701349,-0.0031366280238255,0.0008668938835556,season-weighted final PA W per selected current decision; no summed PA policy gain,True,bcap_pitch__mlb_2024_2025__20260909__r02,BCAP-PITCH-v0.1.0,pitch,2024_2025,COMPLETE,outer_game_nested_procedure_OPE,Q/value/delta/gain: raw W; outcome MSE: W^2; probabilities/coverage: fraction; sample counts: explicit rows/PA/games,NFB,FB,0-2,,,,,,,
count,1-0,observed,134359.0,0.3499025149041002,0.3470432457447837,0.3527617840634166,0.0,0.0,0.0,season-weighted final PA W per selected current decision; no summed PA policy gain,True,bcap_pitch__mlb_2024_2025__20260909__r02,BCAP-PITCH-v0.1.0,pitch,2024_2025,COMPLETE,outer_game_nested_procedure_OPE,Q/value/delta/gain: raw W; outcome MSE: W^2; probabilities/coverage: fraction; sample counts: explicit rows/PA/games,NFB,FB,1-0,,,,,,,
count,1-0,always_0,134359.0,0.3525259371197212,0.3478727408182345,0.357179133421208,-0.0026234222156211,-0.0103236124306883,0.0050767679994461,season-weighted final PA W per selected current decision; no summed PA policy gain,True,bcap_pitch__mlb_2024_2025__20260909__r02,BCAP-PITCH-v0.1.0,pitch,2024_2025,COMPLETE,outer_game_nested_procedure_OPE,Q/value/delta/gain: raw W; outcome MSE: W^2; probabilities/coverage: fraction; sample counts: explicit rows/PA/games,NFB,FB,1-0,,,,,,,
count,1-0,always_1,134359.0,0.350003295406873,0.3463722874285844,0.3536343033851616,-0.0001007805027727,-0.0051197046502571,0.0049181436447116,season-weighted final PA W per selected current decision; no summed PA policy gain,True,bcap_pitch__mlb_2024_2025__20260909__r02,BCAP-PITCH-v0.1.0,pitch,2024_2025,COMPLETE,outer_game_nested_procedure_OPE,Q/value/delta/gain: raw W; outcome MSE: W^2; probabilities/coverage: fraction; sample counts: explicit rows/PA/games,NFB,FB,1-0,,,,,,,
count,1-0,learned,134359.0,0.3528142432847,0.3488517371903297,0.3567767493790703,-0.0029117283805998,-0.0089939939937918,0.0031705372325921,season-weighted final PA W per selected current decision; no summed PA policy gain,True,bcap_pitch__mlb_2024_2025__20260909__r02,BCAP-PITCH-v0.1.0,pitch,2024_2025,COMPLETE,outer_game_nested_procedure_OPE,Q/value/delta/gain: raw W; outcome MSE: W^2; probabilities/coverage: fraction; sample counts: explicit rows/PA/games,NFB,FB,1-0,,,,,,,
count,1-0,conservative,134359.0,0.3499025149041002,0.3470432457447837,0.3527617840634166,0.0,0.0,0.0,season-weighted final PA W per selected current decision; no summed PA policy gain,True,bcap_pitch__mlb_2024_2025__20260909__r02,BCAP-PITCH-v0.1.0,pitch,2024_2025,COMPLETE,outer_game_nested_procedure_OPE,Q/value/delta/gain: raw W; outcome MSE: W^2; probabilities/coverage: fraction; sample counts: explicit rows/PA/games,NFB,FB,1-0,,,,,,,
count,1-0,stochastic_half,134359.0,0.3512646162632972,0.3482757931456843,0.35425343938091,-0.0013621013591969,-0.003376571879083,0.0006523691606891,season-weighted final PA W per selected current decision; no summed PA policy gain,True,bcap_pitch__mlb_2024_2025__20260909__r02,BCAP-PITCH-v0.1.0,pitch,2024_2025,COMPLETE,outer_game_nested_procedure_OPE,Q/value/delta/gain: raw W; outcome MSE: W^2; probabilities/coverage: fraction; sample counts: explicit rows/PA/games,NFB,FB,1-0,,,,,,,
count,1-1,observed,140604.0,0.2918223592500925,0.2891611858971729,0.2944835326030121,0.0,0.0,0.0,season-weighted final PA W per selected current decision; no summed PA policy gain,True,bcap_pitch__mlb_2024_2025__20260909__r02,BCAP-PITCH-v0.1.0,pitch,2024_2025,COMPLETE,outer_game_nested_procedure_OPE,Q/value/delta/gain: raw W; outcome MSE: W^2; probabilities/coverage: fraction; sample counts: explicit rows/PA/games,NFB,FB,1-1,,,,,,,
count,1-1,always_0,140604.0,0.2937233972986578,0.2898570824197891,0.2975897121775265,-0.0019010380485653,-0.0078888010782439,0.0040867249811131,season-weighted final PA W per selected current decision; no summed PA policy gain,True,bcap_pitch__mlb_2024_2025__20260909__r02,BCAP-PITCH-v0.1.0,pitch,2024_2025,COMPLETE,outer_game_nested_procedure_OPE,Q/value/delta/gain: raw W; outcome MSE: W^2; probabilities/coverage: fraction; sample counts: explicit rows/PA/games,NFB,FB,1-1,,,,,,,
count,1-1,always_1,140604.0,0.2910781132919627,0.287128058313406,0.2950281682705194,0.0007442459581297,-0.0052535476448477,0.0067420395611071,season-weighted final PA W per selected current decision; no summed PA policy gain,True,bcap_pitch__mlb_2024_2025__20260909__r02,BCAP-PITCH-v0.1.0,pitch,2024_2025,COMPLETE,outer_game_nested_procedure_OPE,Q/value/delta/gain: raw W; outcome MSE: W^2; probabilities/coverage: fraction; sample counts: explicit rows/PA/games,NFB,FB,1-1,,,,,,,
count,1-1,learned,140604.0,0.2941135351997861,0.290209394777809,0.2980176756217633,-0.0022911759496936,-0.0082664668484983,0.0036841149491109,season-weighted final PA W per selected current decision; no summed PA policy gain,True,bcap_pitch__mlb_2024_2025__20260909__r02,BCAP-PITCH-v0.1.0,pitch,2024_2025,COMPLETE,outer_game_nested_procedure_OPE,Q/value/delta/gain: raw W; outcome MSE: W^2; probabilities/coverage: fraction; sample counts: explicit rows/PA/games,NFB,FB,1-1,,,,,,,
count,1-1,conservative,140604.0,0.2918223592500925,0.2891611858971729,0.2944835326030121,0.0,0.0,0.0,season-weighted final PA W per selected current decision; no summed PA policy gain,True,bcap_pitch__mlb_2024_2025__20260909__r02,BCAP-PITCH-v0.1.0,pitch,2024_2025,COMPLETE,outer_game_nested_procedure_OPE,Q/value/delta/gain: raw W; outcome MSE: W^2; probabilities/coverage: fraction; sample counts: explicit rows/PA/games,NFB,FB,1-1,,,,,,,
count,1-1,stochastic_half,140604.0,0.2924007552953103,0.2896010434529558,0.2952004671376647,-0.0005783960452178,-0.0021422791845751,0.0009854870941394,season-weighted final PA W per selected current decision; no summed PA policy gain,True,bcap_pitch__mlb_2024_2025__20260909__r02,BCAP-PITCH-v0.1.0,pitch,2024_2025,COMPLETE,outer_game_nested_procedure_OPE,Q/value/delta/gain: raw W; outcome MSE: W^2; probabilities/coverage: fraction; sample counts: explicit rows/PA/games,NFB,FB,1-1,,,,,,,
count,1-2,observed,137924.0,0.2242801397871291,0.2211991254954771,0.2273611540787811,0.0,0.0,0.0,season-weighted final PA W per selected current decision; no summed PA policy gain,True,bcap_pitch__mlb_2024_2025__20260909__r02,BCAP-PITCH-v0.1.0,pitch,2024_2025,COMPLETE,outer_game_nested_procedure_OPE,Q/value/delta/gain: raw W; outcome MSE: W^2; probabilities/coverage: fraction; sample counts: explicit rows/PA/games,NFB,FB,1-2,,,,,,,
count,1-2,always_0,137924.0,0.2220261004375829,0.2183645735864919,0.2256876272886738,0.0022540393495462,-0.0023695806185715,0.0068776593176639,season-weighted final PA W per selected current decision; no summed PA policy gain,True,bcap_pitch__mlb_2024_2025__20260909__r02,BCAP-PITCH-v0.1.0,pitch,2024_2025,COMPLETE,outer_game_nested_procedure_OPE,Q/value/delta/gain: raw W; outcome MSE: W^2; probabilities/coverage: fraction; sample counts: explicit rows/PA/games,NFB,FB,1-2,,,,,,,
count,1-2,always_1,137924.0,0.2275520864428418,0.223027506663471,0.2320766662222126,-0.0032719466557126,-0.0096377144197777,0.0030938211083523,season-weighted final PA W per selected current decision; no summed PA policy gain,True,bcap_pitch__mlb_2024_2025__20260909__r02,BCAP-PITCH-v0.1.0,pitch,2024_2025,COMPLETE,outer_game_nested_procedure_OPE,Q/value/delta/gain: raw W; outcome MSE: W^2; probabilities/coverage: fraction; sample counts: explicit rows/PA/games,NFB,FB,1-2,,,,,,,
count,1-2,learned,137924.0,0.2220261004375829,0.2183645735864919,0.2256876272886738,0.0022540393495462,-0.0023695806185715,0.0068776593176639,season-weighted final PA W per selected current decision; no summed PA policy gain,True,bcap_pitch__mlb_2024_2025__20260909__r02,BCAP-PITCH-v0.1.0,pitch,2024_2025,COMPLETE,outer_game_nested_procedure_OPE,Q/value/delta/gain: raw W; outcome MSE: W^2; probabilities/coverage: fraction; sample counts: explicit rows/PA/games,NFB,FB,1-2,,,,,,,
count,1-2,conservative,137924.0,0.2242801397871291,0.2211991254954771,0.2273611540787811,0.0,0.0,0.0,season-weighted final PA W per selected current decision; no summed PA policy gain,True,bcap_pitch__mlb_2024_2025__20260909__r02,BCAP-PITCH-v0.1.0,pitch,2024_2025,COMPLETE,outer_game_nested_procedure_OPE,Q/value/delta/gain: raw W; outcome MSE: W^2; probabilities/coverage: fraction; sample counts: explicit rows/PA/games,NFB,FB,1-2,,,,,,,
count,1-2,stochastic_half,137924.0,0.2247890934402123,0.2215211829702538,0.2280570039101709,-0.0005089536530832,-0.0021763468095284,0.001158439503362,season-weighted final PA W per selected current decision; no summed PA policy gain,True,bcap_pitch__mlb_2024_2025__20260909__r02,BCAP-PITCH-v0.1.0,pitch,2024_2025,COMPLETE,outer_game_nested_procedure_OPE,Q/value/delta/gain: raw W; outcome MSE: W^2; probabilities/coverage: fraction; sample counts: explicit rows/PA/games,NFB,FB,1-2,,,,,,,
count,2-0,observed,44787.0,0.4210451247013642,0.4163275718628655,0.4257626775398628,0.0,0.0,0.0,season-weighted final PA W per selected current decision; no summed PA policy gain,True,bcap_pitch__mlb_2024_2025__20260909__r02,BCAP-PITCH-v0.1.0,pitch,2024_2025,COMPLETE,outer_game_nested_procedure_OPE,Q/value/delta/gain: raw W; outcome MSE: W^2; probabilities/coverage: fraction; sample counts: explicit rows/PA/games,NFB,FB,2-0,,,,,,,
count,2-0,always_0,44787.0,0.4229318845389861,0.4142603109527734,0.4316034581251988,-0.0018867598376218,-0.0178405933162859,0.0140670736410421,season-weighted final PA W per selected current decision; no summed PA policy gain,True,bcap_pitch__mlb_2024_2025__20260909__r02,BCAP-PITCH-v0.1.0,pitch,2024_2025,COMPLETE,outer_game_nested_procedure_OPE,Q/value/delta/gain: raw W; outcome MSE: W^2; probabilities/coverage: fraction; sample counts: explicit rows/PA/games,NFB,FB,2-0,,,,,,,
count,2-0,always_1,44787.0,0.4207065772071174,0.4150849133436267,0.426328241070608,0.0003385474942468,-0.0060795256103458,0.0067566205988394,season-weighted final PA W per selected current decision; no summed PA policy gain,True,bcap_pitch__mlb_2024_2025__20260909__r02,BCAP-PITCH-v0.1.0,pitch,2024_2025,COMPLETE,outer_game_nested_procedure_OPE,Q/value/delta/gain: raw W; outcome MSE: W^2; probabilities/coverage: fraction; sample counts: explicit rows/PA/games,NFB,FB,2-0,,,,,,,
count,2-0,learned,44787.0,0.4207065772071174,0.4150849133436267,0.426328241070608,0.0003385474942468,-0.0060795256103458,0.0067566205988394,season-weighted final PA W per selected current decision; no summed PA policy gain,True,bcap_pitch__mlb_2024_2025__20260909__r02,BCAP-PITCH-v0.1.0,pitch,2024_2025,COMPLETE,outer_game_nested_procedure_OPE,Q/value/delta/gain: raw W; outcome MSE: W^2; probabilities/coverage: fraction; sample counts: explicit rows/PA/games,NFB,FB,2-0,,,,,,,
count,2-0,conservative,44787.0,0.4210451247013642,0.4163275718628655,0.4257626775398628,0.0,0.0,0.0,season-weighted final PA W per selected current decision; no summed PA policy gain,True,bcap_pitch__mlb_2024_2025__20260909__r02,BCAP-PITCH-v0.1.0,pitch,2024_2025,COMPLETE,outer_game_nested_procedure_OPE,Q/value/delta/gain: raw W; outcome MSE: W^2; probabilities/coverage: fraction; sample counts: explicit rows/PA/games,NFB,FB,2-0,,,,,,,
count,2-0,stochastic_half,44787.0,0.4218192308730518,0.4166407058122411,0.4269977559338624,-0.0007741061716875,-0.0060879595144685,0.0045397471710934,season-weighted final PA W per selected current decision; no summed PA policy gain,True,bcap_pitch__mlb_2024_2025__20260909__r02,BCAP-PITCH-v0.1.0,pitch,2024_2025,COMPLETE,outer_game_nested_procedure_OPE,Q/value/delta/gain: raw W; outcome MSE: W^2; probabilities/coverage: fraction; sample counts: explicit rows/PA/games,NFB,FB,2-0,,,,,,,
count,2-1,observed,71881.0,0.3494386833794743,0.3457575332495134,0.3531198335094352,0.0,0.0,0.0,season-weighted final PA W per selected current decision; no summed PA policy gain,True,bcap_pitch__mlb_2024_2025__20260909__r02,BCAP-PITCH-v0.1.0,pitch,2024_2025,COMPLETE,outer_game_nested_procedure_OPE,Q/value/delta/gain: raw W; outcome MSE: W^2; probabilities/coverage: fraction; sample counts: explicit rows/PA/games,NFB,FB,2-1,,,,,,,
count,2-1,always_0,71881.0,0.3498257560906375,0.3439492053437236,0.3557023068375513,-0.000387072711163,-0.0101713934123735,0.0093972479900474,season-weighted final PA W per selected current decision; no summed PA policy gain,True,bcap_pitch__mlb_2024_2025__20260909__r02,BCAP-PITCH-v0.1.0,pitch,2024_2025,COMPLETE,outer_game_nested_procedure_OPE,Q/value/delta/gain: raw W; outcome MSE: W^2; probabilities/coverage: fraction; sample counts: explicit rows/PA/games,NFB,FB,2-1,,,,,,,
count,2-1,always_1,71881.0,0.3500481756854599,0.345200785018846,0.3548955663520738,-0.0006094923059855,-0.0074013977720139,0.0061824131600429,season-weighted final PA W per selected current decision; no summed PA policy gain,True,bcap_pitch__mlb_2024_2025__20260909__r02,BCAP-PITCH-v0.1.0,pitch,2024_2025,COMPLETE,outer_game_nested_procedure_OPE,Q/value/delta/gain: raw W; outcome MSE: W^2; probabilities/coverage: fraction; sample counts: explicit rows/PA/games,NFB,FB,2-1,,,,,,,
count,2-1,learned,71881.0,0.3526335557792912,0.3473663844571562,0.3579007271014262,-0.0031948723998168,-0.0111791382488589,0.0047893934492251,season-weighted final PA W per selected current decision; no summed PA policy gain,True,bcap_pitch__mlb_2024_2025__20260909__r02,BCAP-PITCH-v0.1.0,pitch,2024_2025,COMPLETE,outer_game_nested_procedure_OPE,Q/value/delta/gain: raw W; outcome MSE: W^2; probabilities/coverage: fraction; sample counts: explicit rows/PA/games,NFB,FB,2-1,,,,,,,
count,2-1,conservative,71881.0,0.3494386833794743,0.3457575332495134,0.3531198335094352,0.0,0.0,0.0,season-weighted final PA W per selected current decision; no summed PA policy gain,True,bcap_pitch__mlb_2024_2025__20260909__r02,BCAP-PITCH-v0.1.0,pitch,2024_2025,COMPLETE,outer_game_nested_procedure_OPE,Q/value/delta/gain: raw W; outcome MSE: W^2; probabilities/coverage: fraction; sample counts: explicit rows/PA/games,NFB,FB,2-1,,,,,,,
count,2-1,stochastic_half,71881.0,0.3499369658880487,0.3461107518037225,0.3537631799723748,-0.0004982825085742,-0.0029965472634079,0.0019999822462593,season-weighted final PA W per selected current decision; no summed PA policy gain,True,bcap_pitch__mlb_2024_2025__20260909__r02,BCAP-PITCH-v0.1.0,pitch,2024_2025,COMPLETE,outer_game_nested_procedure_OPE,Q/value/delta/gain: raw W; outcome MSE: W^2; probabilities/coverage: fraction; sample counts: explicit rows/PA/games,NFB,FB,2-1,,,,,,,
count,2-2,observed,117147.0,0.26571396621339,0.2622413790170603,0.2691865534097196,0.0,0.0,0.0,season-weighted final PA W per selected current decision; no summed PA policy gain,True,bcap_pitch__mlb_2024_2025__20260909__r02,BCAP-PITCH-v0.1.0,pitch,2024_2025,COMPLETE,outer_game_nested_procedure_OPE,Q/value/delta/gain: raw W; outcome MSE: W^2; probabilities/coverage: fraction; sample counts: explicit rows/PA/games,NFB,FB,2-2,,,,,,,
count,2-2,always_0,117147.0,0.2655411180912274,0.2612000601763778,0.2698821760060769,0.0001728481221626,-0.0055476777630253,0.0058933740073505,season-weighted final PA W per selected current decision; no summed PA policy gain,True,bcap_pitch__mlb_2024_2025__20260909__r02,BCAP-PITCH-v0.1.0,pitch,2024_2025,COMPLETE,outer_game_nested_procedure_OPE,Q/value/delta/gain: raw W; outcome MSE: W^2; probabilities/coverage: fraction; sample counts: explicit rows/PA/games,NFB,FB,2-2,,,,,,,
count,2-2,always_1,117147.0,0.2675090677065704,0.262839144612541,0.2721789908005998,-0.0017951014931804,-0.0080151940170072,0.0044249910306463,season-weighted final PA W per selected current decision; no summed PA policy gain,True,bcap_pitch__mlb_2024_2025__20260909__r02,BCAP-PITCH-v0.1.0,pitch,2024_2025,COMPLETE,outer_game_nested_procedure_OPE,Q/value/delta/gain: raw W; outcome MSE: W^2; probabilities/coverage: fraction; sample counts: explicit rows/PA/games,NFB,FB,2-2,,,,,,,
count,2-2,learned,117147.0,0.2655411180912274,0.2612000601763778,0.2698821760060769,0.0001728481221626,-0.0055476777630253,0.0058933740073505,season-weighted final PA W per selected current decision; no summed PA policy gain,True,bcap_pitch__mlb_2024_2025__20260909__r02,BCAP-PITCH-v0.1.0,pitch,2024_2025,COMPLETE,outer_game_nested_procedure_OPE,Q/value/delta/gain: raw W; outcome MSE: W^2; probabilities/coverage: fraction; sample counts: explicit rows/PA/games,NFB,FB,2-2,,,,,,,
count,2-2,conservative,117147.0,0.26571396621339,0.2622413790170603,0.2691865534097196,0.0,0.0,0.0,season-weighted final PA W per selected current decision; no summed PA policy gain,True,bcap_pitch__mlb_2024_2025__20260909__r02,BCAP-PITCH-v0.1.0,pitch,2024_2025,COMPLETE,outer_game_nested_procedure_OPE,Q/value/delta/gain: raw W; outcome MSE: W^2; probabilities/coverage: fraction; sample counts: explicit rows/PA/games,NFB,FB,2-2,,,,,,,
count,2-2,stochastic_half,117147.0,0.266525092898899,0.2629282388519475,0.2701219469458504,-0.0008111266855089,-0.0023782841638949,0.000756030792877,season-weighted final PA W per selected current decision; no summed PA policy gain,True,bcap_pitch__mlb_2024_2025__20260909__r02,BCAP-PITCH-v0.1.0,pitch,2024_2025,COMPLETE,outer_game_nested_procedure_OPE,Q/value/delta/gain: raw W; outcome MSE: W^2; probabilities/coverage: fraction; sample counts: explicit rows/PA/games,NFB,FB,2-2,,,,,,,
count,3-0,observed,12983.0,0.5447633058615112,0.5378258545745137,0.5517007571485087,0.0,0.0,0.0,season-weighted final PA W per selected current decision; no summed PA policy gain,True,bcap_pitch__mlb_2024_2025__20260909__r02,BCAP-PITCH-v0.1.0,pitch,2024_2025,COMPLETE,outer_game_nested_procedure_OPE,Q/value/delta/gain: raw W; outcome MSE: W^2; probabilities/coverage: fraction; sample counts: explicit rows/PA/games,NFB,FB,3-0,,,,,,,
count,3-0,always_0,12983.0,0.4749163426686103,0.4634225971547985,0.4864100881824221,0.0698469631929008,0.0439326314841262,0.0957612949016755,season-weighted final PA W per selected current decision; no summed PA policy gain,True,bcap_pitch__mlb_2024_2025__20260909__r02,BCAP-PITCH-v0.1.0,pitch,2024_2025,COMPLETE,outer_game_nested_procedure_OPE,Q/value/delta/gain: raw W; outcome MSE: W^2; probabilities/coverage: fraction; sample counts: explicit rows/PA/games,NFB,FB,3-0,,,,,,,
count,3-0,always_1,12983.0,0.5451815894052642,0.5374364715785478,0.5529267072319806,-0.000418283543753,-0.0043996235946859,0.0035630565071797,season-weighted final PA W per selected current decision; no summed PA policy gain,True,bcap_pitch__mlb_2024_2025__20260909__r02,BCAP-PITCH-v0.1.0,pitch,2024_2025,COMPLETE,outer_game_nested_procedure_OPE,Q/value/delta/gain: raw W; outcome MSE: W^2; probabilities/coverage: fraction; sample counts: explicit rows/PA/games,NFB,FB,3-0,,,,,,,
count,3-0,learned,12983.0,0.4749163426686103,0.4634225971547985,0.4864100881824221,0.0698469631929008,0.0439326314841262,0.0957612949016755,season-weighted final PA W per selected current decision; no summed PA policy gain,True,bcap_pitch__mlb_2024_2025__20260909__r02,BCAP-PITCH-v0.1.0,pitch,2024_2025,COMPLETE,outer_game_nested_procedure_OPE,Q/value/delta/gain: raw W; outcome MSE: W^2; probabilities/coverage: fraction; sample counts: explicit rows/PA/games,NFB,FB,3-0,,,,,,,
count,3-0,conservative,12983.0,0.5447633058615112,0.5378258545745137,0.5517007571485087,0.0,0.0,0.0,season-weighted final PA W per selected current decision; no summed PA policy gain,True,bcap_pitch__mlb_2024_2025__20260909__r02,BCAP-PITCH-v0.1.0,pitch,2024_2025,COMPLETE,outer_game_nested_procedure_OPE,Q/value/delta/gain: raw W; outcome MSE: W^2; probabilities/coverage: fraction; sample counts: explicit rows/PA/games,NFB,FB,3-0,,,,,,,
count,3-0,stochastic_half,12983.0,0.5100489660369373,0.5031239750179569,0.5169739570559176,0.0347143398245738,0.0234331954196382,0.0459954842295095,season-weighted final PA W per selected current decision; no summed PA policy gain,True,bcap_pitch__mlb_2024_2025__20260909__r02,BCAP-PITCH-v0.1.0,pitch,2024_2025,COMPLETE,outer_game_nested_procedure_OPE,Q/value/delta/gain: raw W; outcome MSE: W^2; probabilities/coverage: fraction; sample counts: explicit rows/PA/games,NFB,FB,3-0,,,,,,,
count,3-1,observed,29270.0,0.4691192005466347,0.4638542219868776,0.4743841791063919,0.0,0.0,0.0,season-weighted final PA W per selected current decision; no summed PA policy gain,True,bcap_pitch__mlb_2024_2025__20260909__r02,BCAP-PITCH-v0.1.0,pitch,2024_2025,COMPLETE,outer_game_nested_procedure_OPE,Q/value/delta/gain: raw W; outcome MSE: W^2; probabilities/coverage: fraction; sample counts: explicit rows/PA/games,NFB,FB,3-1,,,,,,,
count,3-1,always_0,29270.0,0.4780946242376921,0.4681439675773899,0.4880452808979942,-0.0089754236910573,-0.0280257298787318,0.010074882496617,season-weighted final PA W per selected current decision; no summed PA policy gain,True,bcap_pitch__mlb_2024_2025__20260909__r02,BCAP-PITCH-v0.1.0,pitch,2024_2025,COMPLETE,outer_game_nested_procedure_OPE,Q/value/delta/gain: raw W; outcome MSE: W^2; probabilities/coverage: fraction; sample counts: explicit rows/PA/games,NFB,FB,3-1,,,,,,,
count,3-1,always_1,29270.0,0.4671419604252436,0.4610604190190724,0.4732235018314148,0.001977240121391,-0.0040029305342004,0.0079574107769826,season-weighted final PA W per selected current decision; no summed PA policy gain,True,bcap_pitch__mlb_2024_2025__20260909__r02,BCAP-PITCH-v0.1.0,pitch,2024_2025,COMPLETE,outer_game_nested_procedure_OPE,Q/value/delta/gain: raw W; outcome MSE: W^2; probabilities/coverage: fraction; sample counts: explicit rows/PA/games,NFB,FB,3-1,,,,,,,
count,3-1,learned,29270.0,0.4671419604252436,0.4610604190190724,0.4732235018314148,0.001977240121391,-0.0040029305342004,0.0079574107769826,season-weighted final PA W per selected current decision; no summed PA policy gain,True,bcap_pitch__mlb_2024_2025__20260909__r02,BCAP-PITCH-v0.1.0,pitch,2024_2025,COMPLETE,outer_game_nested_procedure_OPE,Q/value/delta/gain: raw W; outcome MSE: W^2; probabilities/coverage: fraction; sample counts: explicit rows/PA/games,NFB,FB,3-1,,,,,,,
count,3-1,conservative,29270.0,0.4691192005466347,0.4638542219868776,0.4743841791063919,0.0,0.0,0.0,season-weighted final PA W per selected current decision; no summed PA policy gain,True,bcap_pitch__mlb_2024_2025__20260909__r02,BCAP-PITCH-v0.1.0,pitch,2024_2025,COMPLETE,outer_game_nested_procedure_OPE,Q/value/delta/gain: raw W; outcome MSE: W^2; probabilities/coverage: fraction; sample counts: explicit rows/PA/games,NFB,FB,3-1,,,,,,,
count,3-1,stochastic_half,29270.0,0.4726182923314679,0.466742248145951,0.4784943365169847,-0.0034990917848331,-0.010478490426435,0.0034803068567687,season-weighted final PA W per selected current decision; no summed PA policy gain,True,bcap_pitch__mlb_2024_2025__20260909__r02,BCAP-PITCH-v0.1.0,pitch,2024_2025,COMPLETE,outer_game_nested_procedure_OPE,Q/value/delta/gain: raw W; outcome MSE: W^2; probabilities/coverage: fraction; sample counts: explicit rows/PA/games,NFB,FB,3-1,,,,,,,
count,3-2,observed,70760.0,0.3749477529677784,0.3702262889941942,0.3796692169413625,0.0,0.0,0.0,season-weighted final PA W per selected current decision; no summed PA policy gain,True,bcap_pitch__mlb_2024_2025__20260909__r02,BCAP-PITCH-v0.1.0,pitch,2024_2025,COMPLETE,outer_game_nested_procedure_OPE,Q/value/delta/gain: raw W; outcome MSE: W^2; probabilities/coverage: fraction; sample counts: explicit rows/PA/games,NFB,FB,3-2,,,,,,,
count,3-2,always_0,70760.0,0.3697662422416802,0.3631467908341249,0.3763856936492354,0.0051815107260982,-0.0051307816112994,0.0154938030634958,season-weighted final PA W per selected current decision; no summed PA policy gain,True,bcap_pitch__mlb_2024_2025__20260909__r02,BCAP-PITCH-v0.1.0,pitch,2024_2025,COMPLETE,outer_game_nested_procedure_OPE,Q/value/delta/gain: raw W; outcome MSE: W^2; probabilities/coverage: fraction; sample counts: explicit rows/PA/games,NFB,FB,3-2,,,,,,,
count,3-2,always_1,70760.0,0.3803709492740779,0.3748590087104108,0.385882889837745,-0.0054231963062995,-0.0113293815839801,0.000482988971381,season-weighted final PA W per selected current decision; no summed PA policy gain,True,bcap_pitch__mlb_2024_2025__20260909__r02,BCAP-PITCH-v0.1.0,pitch,2024_2025,COMPLETE,outer_game_nested_procedure_OPE,Q/value/delta/gain: raw W; outcome MSE: W^2; probabilities/coverage: fraction; sample counts: explicit rows/PA/games,NFB,FB,3-2,,,,,,,
count,3-2,learned,70760.0,0.3697662422416802,0.3631467908341249,0.3763856936492354,0.0051815107260982,-0.0051307816112994,0.0154938030634958,season-weighted final PA W per selected current decision; no summed PA policy gain,True,bcap_pitch__mlb_2024_2025__20260909__r02,BCAP-PITCH-v0.1.0,pitch,2024_2025,COMPLETE,outer_game_nested_procedure_OPE,Q/value/delta/gain: raw W; outcome MSE: W^2; probabilities/coverage: fraction; sample counts: explicit rows/PA/games,NFB,FB,3-2,,,,,,,
count,3-2,conservative,70760.0,0.3749477529677784,0.3702262889941942,0.3796692169413625,0.0,0.0,0.0,season-weighted final PA W per selected current decision; no summed PA policy gain,True,bcap_pitch__mlb_2024_2025__20260909__r02,BCAP-PITCH-v0.1.0,pitch,2024_2025,COMPLETE,outer_game_nested_procedure_OPE,Q/value/delta/gain: raw W; outcome MSE: W^2; probabilities/coverage: fraction; sample counts: explicit rows/PA/games,NFB,FB,3-2,,,,,,,
count,3-2,stochastic_half,70760.0,0.375068595757879,0.3702465584374178,0.3798906330783401,-0.0001208427901006,-0.0030019177502275,0.0027602321700261,season-weighted final PA W per selected current decision; no summed PA policy gain,True,bcap_pitch__mlb_2024_2025__20260909__r02,BCAP-PITCH-v0.1.0,pitch,2024_2025,COMPLETE,outer_game_nested_procedure_OPE,Q/value/delta/gain: raw W; outcome MSE: W^2; probabilities/coverage: fraction; sample counts: explicit rows/PA/games,NFB,FB,3-2,,,,,,,
overall,ALL,observed,1354516.0,0.2992772259611551,0.2974369821823279,0.3011174697399822,0.0,0.0,0.0,season-weighted final PA W per selected current decision; no summed PA policy gain,True,bcap_swing__mlb_2024_2025__20260909__r01,BCAP-SWING-v0.1.0,swing,2024_2025,COMPLETE,outer_game_nested_procedure_OPE,Q/value/delta/gain: raw W; outcome MSE: W^2; probabilities/coverage: fraction; sample counts: explicit rows/PA/games,Take_adjudicated,Swing_offer_including_bunts,ALL,,,,,,,
overall,ALL,always_0,1354516.0,0.2845789415991425,0.2825255977290039,0.2866322854692811,-0.0146982843620126,-0.0169200328328266,-0.0124765358911986,season-weighted final PA W per selected current decision; no summed PA policy gain,True,bcap_swing__mlb_2024_2025__20260909__r01,BCAP-SWING-v0.1.0,swing,2024_2025,COMPLETE,outer_game_nested_procedure_OPE,Q/value/delta/gain: raw W; outcome MSE: W^2; probabilities/coverage: fraction; sample counts: explicit rows/PA/games,Take_adjudicated,Swing_offer_including_bunts,ALL,,,,,,,
overall,ALL,always_1,1354516.0,0.2599807425325486,0.2580199810860412,0.2619415039790561,-0.0392964834286065,-0.0417272431940039,-0.036865723663209,season-weighted final PA W per selected current decision; no summed PA policy gain,True,bcap_swing__mlb_2024_2025__20260909__r01,BCAP-SWING-v0.1.0,swing,2024_2025,COMPLETE,outer_game_nested_procedure_OPE,Q/value/delta/gain: raw W; outcome MSE: W^2; probabilities/coverage: fraction; sample counts: explicit rows/PA/games,Take_adjudicated,Swing_offer_including_bunts,ALL,,,,,,,
overall,ALL,learned,1354516.0,0.3248494285135364,0.3228825560331909,0.326816300993882,0.0255722025523812,0.0241734483082559,0.0269709567965066,season-weighted final PA W per selected current decision; no summed PA policy gain,True,bcap_swing__mlb_2024_2025__20260909__r01,BCAP-SWING-v0.1.0,swing,2024_2025,COMPLETE,outer_game_nested_procedure_OPE,Q/value/delta/gain: raw W; outcome MSE: W^2; probabilities/coverage: fraction; sample counts: explicit rows/PA/games,Take_adjudicated,Swing_offer_including_bunts,ALL,,,,,,,
overall,ALL,conservative,1354516.0,0.2992772259611551,0.2974369821823279,0.3011174697399822,0.0,0.0,0.0,season-weighted final PA W per selected current decision; no summed PA policy gain,True,bcap_swing__mlb_2024_2025__20260909__r01,BCAP-SWING-v0.1.0,swing,2024_2025,COMPLETE,outer_game_nested_procedure_OPE,Q/value/delta/gain: raw W; outcome MSE: W^2; probabilities/coverage: fraction; sample counts: explicit rows/PA/games,Take_adjudicated,Swing_offer_including_bunts,ALL,,,,,,,
overall,ALL,stochastic_half,1354516.0,0.2722798420658455,0.2705014158097076,0.2740582683219835,-0.0269973838953095,-0.0282295248488612,-0.0257652429417579,season-weighted final PA W per selected current decision; no summed PA policy gain,True,bcap_swing__mlb_2024_2025__20260909__r01,BCAP-SWING-v0.1.0,swing,2024_2025,COMPLETE,outer_game_nested_procedure_OPE,Q/value/delta/gain: raw W; outcome MSE: W^2; probabilities/coverage: fraction; sample counts: explicit rows/PA/games,Take_adjudicated,Swing_offer_including_bunts,ALL,,,,,,,
count,0-0,observed,341213.0,0.3076359751826572,0.3057980628155968,0.3094738875497175,0.0,0.0,0.0,season-weighted final PA W per selected current decision; no summed PA policy gain,True,bcap_swing__mlb_2024_2025__20260909__r01,BCAP-SWING-v0.1.0,swing,2024_2025,COMPLETE,outer_game_nested_procedure_OPE,Q/value/delta/gain: raw W; outcome MSE: W^2; probabilities/coverage: fraction; sample counts: explicit rows/PA/games,Take_adjudicated,Swing_offer_including_bunts,0-0,,,,,,,
count,0-0,always_0,341213.0,0.30071735566886,0.29855557667799,0.3028791346597301,-0.0069186195137971,-0.0098416297953482,-0.003995609232246,season-weighted final PA W per selected current decision; no summed PA policy gain,True,bcap_swing__mlb_2024_2025__20260909__r01,BCAP-SWING-v0.1.0,swing,2024_2025,COMPLETE,outer_game_nested_procedure_OPE,Q/value/delta/gain: raw W; outcome MSE: W^2; probabilities/coverage: fraction; sample counts: explicit rows/PA/games,Take_adjudicated,Swing_offer_including_bunts,0-0,,,,,,,
count,0-0,always_1,341213.0,0.2912641355345483,0.2876871931643492,0.2948410779047473,-0.0163718396481088,-0.022763728344076,-0.0099799509521416,season-weighted final PA W per selected current decision; no summed PA policy gain,True,bcap_swing__mlb_2024_2025__20260909__r01,BCAP-SWING-v0.1.0,swing,2024_2025,COMPLETE,outer_game_nested_procedure_OPE,Q/value/delta/gain: raw W; outcome MSE: W^2; probabilities/coverage: fraction; sample counts: explicit rows/PA/games,Take_adjudicated,Swing_offer_including_bunts,0-0,,,,,,,
count,0-0,learned,341213.0,0.3243738343259041,0.3218228483290744,0.3269248203227339,0.0167378591432469,0.0132805699326507,0.0201951483538431,season-weighted final PA W per selected current decision; no summed PA policy gain,True,bcap_swing__mlb_2024_2025__20260909__r01,BCAP-SWING-v0.1.0,swing,2024_2025,COMPLETE,outer_game_nested_procedure_OPE,Q/value/delta/gain: raw W; outcome MSE: W^2; probabilities/coverage: fraction; sample counts: explicit rows/PA/games,Take_adjudicated,Swing_offer_including_bunts,0-0,,,,,,,
count,0-0,conservative,341213.0,0.3076359751826572,0.3057980628155968,0.3094738875497175,0.0,0.0,0.0,season-weighted final PA W per selected current decision; no summed PA policy gain,True,bcap_swing__mlb_2024_2025__20260909__r01,BCAP-SWING-v0.1.0,swing,2024_2025,COMPLETE,outer_game_nested_procedure_OPE,Q/value/delta/gain: raw W; outcome MSE: W^2; probabilities/coverage: fraction; sample counts: explicit rows/PA/games,Take_adjudicated,Swing_offer_including_bunts,0-0,,,,,,,
count,0-0,stochastic_half,341213.0,0.2959907456017041,0.2938573635729914,0.2981241276304168,-0.011645229580953,-0.0140697955262958,-0.0092206636356101,season-weighted final PA W per selected current decision; no summed PA policy gain,True,bcap_swing__mlb_2024_2025__20260909__r01,BCAP-SWING-v0.1.0,swing,2024_2025,COMPLETE,outer_game_nested_procedure_OPE,Q/value/delta/gain: raw W; outcome MSE: W^2; probabilities/coverage: fraction; sample counts: explicit rows/PA/games,Take_adjudicated,Swing_offer_including_bunts,0-0,,,,,,,
count,0-1,observed,178442.0,0.2631935979197722,0.2608414947633322,0.2655457010762123,0.0,0.0,0.0,season-weighted final PA W per selected current decision; no summed PA policy gain,True,bcap_swing__mlb_2024_2025__20260909__r01,BCAP-SWING-v0.1.0,swing,2024_2025,COMPLETE,outer_game_nested_procedure_OPE,Q/value/delta/gain: raw W; outcome MSE: W^2; probabilities/coverage: fraction; sample counts: explicit rows/PA/games,Take_adjudicated,Swing_offer_including_bunts,0-1,,,,,,,
count,0-1,always_0,178442.0,0.2554278860655694,0.2512428642978356,0.2596129078333031,-0.0077657118542028,-0.0149974245038348,-0.0005339992045708,season-weighted final PA W per selected current decision; no summed PA policy gain,True,bcap_swing__mlb_2024_2025__20260909__r01,BCAP-SWING-v0.1.0,swing,2024_2025,COMPLETE,outer_game_nested_procedure_OPE,Q/value/delta/gain: raw W; outcome MSE: W^2; probabilities/coverage: fraction; sample counts: explicit rows/PA/games,Take_adjudicated,Swing_offer_including_bunts,0-1,,,,,,,
count,0-1,always_1,178442.0,0.2351079209134637,0.2314441750799725,0.2387716667469549,-0.0280856770063084,-0.0344989914091274,-0.0216723626034895,season-weighted final PA W per selected current decision; no summed PA policy gain,True,bcap_swing__mlb_2024_2025__20260909__r01,BCAP-SWING-v0.1.0,swing,2024_2025,COMPLETE,outer_game_nested_procedure_OPE,Q/value/delta/gain: raw W; outcome MSE: W^2; probabilities/coverage: fraction; sample counts: explicit rows/PA/games,Take_adjudicated,Swing_offer_including_bunts,0-1,,,,,,,
count,0-1,learned,178442.0,0.2764063094019504,0.2735774329491197,0.2792351858547812,0.0132127114821781,0.0099272237114897,0.0164981992528665,season-weighted final PA W per selected current decision; no summed PA policy gain,True,bcap_swing__mlb_2024_2025__20260909__r01,BCAP-SWING-v0.1.0,swing,2024_2025,COMPLETE,outer_game_nested_procedure_OPE,Q/value/delta/gain: raw W; outcome MSE: W^2; probabilities/coverage: fraction; sample counts: explicit rows/PA/games,Take_adjudicated,Swing_offer_including_bunts,0-1,,,,,,,
count,0-1,conservative,178442.0,0.2631935979197722,0.2608414947633322,0.2655457010762123,0.0,0.0,0.0,season-weighted final PA W per selected current decision; no summed PA policy gain,True,bcap_swing__mlb_2024_2025__20260909__r01,BCAP-SWING-v0.1.0,swing,2024_2025,COMPLETE,outer_game_nested_procedure_OPE,Q/value/delta/gain: raw W; outcome MSE: W^2; probabilities/coverage: fraction; sample counts: explicit rows/PA/games,Take_adjudicated,Swing_offer_including_bunts,0-1,,,,,,,
count,0-1,stochastic_half,178442.0,0.2452679034895166,0.2424593734538165,0.2480764335252167,-0.0179256944302556,-0.021475375331134,-0.0143760135293773,season-weighted final PA W per selected current decision; no summed PA policy gain,True,bcap_swing__mlb_2024_2025__20260909__r01,BCAP-SWING-v0.1.0,swing,2024_2025,COMPLETE,outer_game_nested_procedure_OPE,Q/value/delta/gain: raw W; outcome MSE: W^2; probabilities/coverage: fraction; sample counts: explicit rows/PA/games,Take_adjudicated,Swing_offer_including_bunts,0-1,,,,,,,
count,0-2,observed,91486.0,0.1982740747218153,0.194811916337923,0.2017362331057076,0.0,0.0,0.0,season-weighted final PA W per selected current decision; no summed PA policy gain,True,bcap_swing__mlb_2024_2025__20260909__r01,BCAP-SWING-v0.1.0,swing,2024_2025,COMPLETE,outer_game_nested_procedure_OPE,Q/value/delta/gain: raw W; outcome MSE: W^2; probabilities/coverage: fraction; sample counts: explicit rows/PA/games,Take_adjudicated,Swing_offer_including_bunts,0-2,,,,,,,
count,0-2,always_0,91486.0,0.1653904164527253,0.1615002657418584,0.1692805671635921,-0.03288365826909,-0.0400255224342449,-0.0257417941039352,season-weighted final PA W per selected current decision; no summed PA policy gain,True,bcap_swing__mlb_2024_2025__20260909__r01,BCAP-SWING-v0.1.0,swing,2024_2025,COMPLETE,outer_game_nested_procedure_OPE,Q/value/delta/gain: raw W; outcome MSE: W^2; probabilities/coverage: fraction; sample counts: explicit rows/PA/games,Take_adjudicated,Swing_offer_including_bunts,0-2,,,,,,,
count,0-2,always_1,91486.0,0.1528505231807039,0.1486467304799741,0.1570543158814337,-0.0454235515411114,-0.0513168169087138,-0.039530286173509,season-weighted final PA W per selected current decision; no summed PA policy gain,True,bcap_swing__mlb_2024_2025__20260909__r01,BCAP-SWING-v0.1.0,swing,2024_2025,COMPLETE,outer_game_nested_procedure_OPE,Q/value/delta/gain: raw W; outcome MSE: W^2; probabilities/coverage: fraction; sample counts: explicit rows/PA/games,Take_adjudicated,Swing_offer_including_bunts,0-2,,,,,,,
count,0-2,learned,91486.0,0.2218238952876168,0.217937038127475,0.2257107524477585,0.0235498205658014,0.0202071248355582,0.0268925162960446,season-weighted final PA W per selected current decision; no summed PA policy gain,True,bcap_swing__mlb_2024_2025__20260909__r01,BCAP-SWING-v0.1.0,swing,2024_2025,COMPLETE,outer_game_nested_procedure_OPE,Q/value/delta/gain: raw W; outcome MSE: W^2; probabilities/coverage: fraction; sample counts: explicit rows/PA/games,Take_adjudicated,Swing_offer_including_bunts,0-2,,,,,,,
count,0-2,conservative,91486.0,0.1982740747218153,0.194811916337923,0.2017362331057076,0.0,0.0,0.0,season-weighted final PA W per selected current decision; no summed PA policy gain,True,bcap_swing__mlb_2024_2025__20260909__r01,BCAP-SWING-v0.1.0,swing,2024_2025,COMPLETE,outer_game_nested_procedure_OPE,Q/value/delta/gain: raw W; outcome MSE: W^2; probabilities/coverage: fraction; sample counts: explicit rows/PA/games,Take_adjudicated,Swing_offer_including_bunts,0-2,,,,,,,
count,0-2,stochastic_half,91486.0,0.1591204698167145,0.1560598798788549,0.1621810597545742,-0.0391536049051007,-0.0425016377589554,-0.035805572051246,season-weighted final PA W per selected current decision; no summed PA policy gain,True,bcap_swing__mlb_2024_2025__20260909__r01,BCAP-SWING-v0.1.0,swing,2024_2025,COMPLETE,outer_game_nested_procedure_OPE,Q/value/delta/gain: raw W; outcome MSE: W^2; probabilities/coverage: fraction; sample counts: explicit rows/PA/games,Take_adjudicated,Swing_offer_including_bunts,0-2,,,,,,,
count,1-0,observed,131649.0,0.3487499563232535,0.3458399717706863,0.3516599408758206,0.0,0.0,0.0,season-weighted final PA W per selected current decision; no summed PA policy gain,True,bcap_swing__mlb_2024_2025__20260909__r01,BCAP-SWING-v0.1.0,swing,2024_2025,COMPLETE,outer_game_nested_procedure_OPE,Q/value/delta/gain: raw W; outcome MSE: W^2; probabilities/coverage: fraction; sample counts: explicit rows/PA/games,Take_adjudicated,Swing_offer_including_bunts,1-0,,,,,,,
count,1-0,always_0,131649.0,0.3464431672808731,0.342170242586743,0.3507160919750032,-0.0023067890423803,-0.0091173441818687,0.004503766097108,season-weighted final PA W per selected current decision; no summed PA policy gain,True,bcap_swing__mlb_2024_2025__20260909__r01,BCAP-SWING-v0.1.0,swing,2024_2025,COMPLETE,outer_game_nested_procedure_OPE,Q/value/delta/gain: raw W; outcome MSE: W^2; probabilities/coverage: fraction; sample counts: explicit rows/PA/games,Take_adjudicated,Swing_offer_including_bunts,1-0,,,,,,,
count,1-0,always_1,131649.0,0.3158226758132402,0.3107299052853366,0.3209154463411439,-0.0329272805100132,-0.0418414323637611,-0.0240131286562653,season-weighted final PA W per selected current decision; no summed PA policy gain,True,bcap_swing__mlb_2024_2025__20260909__r01,BCAP-SWING-v0.1.0,swing,2024_2025,COMPLETE,outer_game_nested_procedure_OPE,Q/value/delta/gain: raw W; outcome MSE: W^2; probabilities/coverage: fraction; sample counts: explicit rows/PA/games,Take_adjudicated,Swing_offer_including_bunts,1-0,,,,,,,
count,1-0,learned,131649.0,0.365144094563195,0.361576936555014,0.368711252571376,0.0163941382399414,0.011997730207747,0.0207905462721358,season-weighted final PA W per selected current decision; no summed PA policy gain,True,bcap_swing__mlb_2024_2025__20260909__r01,BCAP-SWING-v0.1.0,swing,2024_2025,COMPLETE,outer_game_nested_procedure_OPE,Q/value/delta/gain: raw W; outcome MSE: W^2; probabilities/coverage: fraction; sample counts: explicit rows/PA/games,Take_adjudicated,Swing_offer_including_bunts,1-0,,,,,,,
count,1-0,conservative,131649.0,0.3487499563232535,0.3458399717706863,0.3516599408758206,0.0,0.0,0.0,season-weighted final PA W per selected current decision; no summed PA policy gain,True,bcap_swing__mlb_2024_2025__20260909__r01,BCAP-SWING-v0.1.0,swing,2024_2025,COMPLETE,outer_game_nested_procedure_OPE,Q/value/delta/gain: raw W; outcome MSE: W^2; probabilities/coverage: fraction; sample counts: explicit rows/PA/games,Take_adjudicated,Swing_offer_including_bunts,1-0,,,,,,,
count,1-0,stochastic_half,131649.0,0.3311329215470567,0.3277481276898498,0.3345177154042636,-0.0176170347761967,-0.0214954044711939,-0.0137386650811996,season-weighted final PA W per selected current decision; no summed PA policy gain,True,bcap_swing__mlb_2024_2025__20260909__r01,BCAP-SWING-v0.1.0,swing,2024_2025,COMPLETE,outer_game_nested_procedure_OPE,Q/value/delta/gain: raw W; outcome MSE: W^2; probabilities/coverage: fraction; sample counts: explicit rows/PA/games,Take_adjudicated,Swing_offer_including_bunts,1-0,,,,,,,
count,1-1,observed,139043.0,0.291528404881943,0.2888533040661277,0.2942035056977582,0.0,0.0,0.0,season-weighted final PA W per selected current decision; no summed PA policy gain,True,bcap_swing__mlb_2024_2025__20260909__r01,BCAP-SWING-v0.1.0,swing,2024_2025,COMPLETE,outer_game_nested_procedure_OPE,Q/value/delta/gain: raw W; outcome MSE: W^2; probabilities/coverage: fraction; sample counts: explicit rows/PA/games,Take_adjudicated,Swing_offer_including_bunts,1-1,,,,,,,
count,1-1,always_0,139043.0,0.2835381713813742,0.2784567178245344,0.2886196249382139,-0.0079902335005687,-0.017317871844348,0.0013374048432105,season-weighted final PA W per selected current decision; no summed PA policy gain,True,bcap_swing__mlb_2024_2025__20260909__r01,BCAP-SWING-v0.1.0,swing,2024_2025,COMPLETE,outer_game_nested_procedure_OPE,Q/value/delta/gain: raw W; outcome MSE: W^2; probabilities/coverage: fraction; sample counts: explicit rows/PA/games,Take_adjudicated,Swing_offer_including_bunts,1-1,,,,,,,
count,1-1,always_1,139043.0,0.2551489996478254,0.2511553888841217,0.259142610411529,-0.0363794052341175,-0.042974505862945,-0.0297843046052901,season-weighted final PA W per selected current decision; no summed PA policy gain,True,bcap_swing__mlb_2024_2025__20260909__r01,BCAP-SWING-v0.1.0,swing,2024_2025,COMPLETE,outer_game_nested_procedure_OPE,Q/value/delta/gain: raw W; outcome MSE: W^2; probabilities/coverage: fraction; sample counts: explicit rows/PA/games,Take_adjudicated,Swing_offer_including_bunts,1-1,,,,,,,
count,1-1,learned,139043.0,0.3096701937962161,0.306605852771122,0.3127345348213102,0.0181417889142731,0.0149170261549282,0.0213665516736179,season-weighted final PA W per selected current decision; no summed PA policy gain,True,bcap_swing__mlb_2024_2025__20260909__r01,BCAP-SWING-v0.1.0,swing,2024_2025,COMPLETE,outer_game_nested_procedure_OPE,Q/value/delta/gain: raw W; outcome MSE: W^2; probabilities/coverage: fraction; sample counts: explicit rows/PA/games,Take_adjudicated,Swing_offer_including_bunts,1-1,,,,,,,
count,1-1,conservative,139043.0,0.291528404881943,0.2888533040661277,0.2942035056977582,0.0,0.0,0.0,season-weighted final PA W per selected current decision; no summed PA policy gain,True,bcap_swing__mlb_2024_2025__20260909__r01,BCAP-SWING-v0.1.0,swing,2024_2025,COMPLETE,outer_game_nested_procedure_OPE,Q/value/delta/gain: raw W; outcome MSE: W^2; probabilities/coverage: fraction; sample counts: explicit rows/PA/games,Take_adjudicated,Swing_offer_including_bunts,1-1,,,,,,,
count,1-1,stochastic_half,139043.0,0.2693435855145998,0.2660649754036687,0.2726221956255309,-0.0221848193673431,-0.0266164366233806,-0.0177532021113057,season-weighted final PA W per selected current decision; no summed PA policy gain,True,bcap_swing__mlb_2024_2025__20260909__r01,BCAP-SWING-v0.1.0,swing,2024_2025,COMPLETE,outer_game_nested_procedure_OPE,Q/value/delta/gain: raw W; outcome MSE: W^2; probabilities/coverage: fraction; sample counts: explicit rows/PA/games,Take_adjudicated,Swing_offer_including_bunts,1-1,,,,,,,
count,1-2,observed,133557.0,0.2225897631722785,0.2194956510443353,0.2256838753002217,0.0,0.0,0.0,season-weighted final PA W per selected current decision; no summed PA policy gain,True,bcap_swing__mlb_2024_2025__20260909__r01,BCAP-SWING-v0.1.0,swing,2024_2025,COMPLETE,outer_game_nested_procedure_OPE,Q/value/delta/gain: raw W; outcome MSE: W^2; probabilities/coverage: fraction; sample counts: explicit rows/PA/games,Take_adjudicated,Swing_offer_including_bunts,1-2,,,,,,,
count,1-2,always_0,133557.0,0.1828458458667105,0.179333920774109,0.1863577709593119,-0.039743917305568,-0.0463593642297011,-0.0331284703814348,season-weighted final PA W per selected current decision; no summed PA policy gain,True,bcap_swing__mlb_2024_2025__20260909__r01,BCAP-SWING-v0.1.0,swing,2024_2025,COMPLETE,outer_game_nested_procedure_OPE,Q/value/delta/gain: raw W; outcome MSE: W^2; probabilities/coverage: fraction; sample counts: explicit rows/PA/games,Take_adjudicated,Swing_offer_including_bunts,1-2,,,,,,,
count,1-2,always_1,133557.0,0.1756329289472765,0.1719193685273985,0.1793464893671545,-0.0469568342250019,-0.0516909546720408,-0.0422227137779631,season-weighted final PA W per selected current decision; no summed PA policy gain,True,bcap_swing__mlb_2024_2025__20260909__r01,BCAP-SWING-v0.1.0,swing,2024_2025,COMPLETE,outer_game_nested_procedure_OPE,Q/value/delta/gain: raw W; outcome MSE: W^2; probabilities/coverage: fraction; sample counts: explicit rows/PA/games,Take_adjudicated,Swing_offer_including_bunts,1-2,,,,,,,
count,1-2,learned,133557.0,0.2534280655549131,0.2499720585947532,0.2568840725150729,0.0308383023826345,0.0276971003526738,0.0339795044125953,season-weighted final PA W per selected current decision; no summed PA policy gain,True,bcap_swing__mlb_2024_2025__20260909__r01,BCAP-SWING-v0.1.0,swing,2024_2025,COMPLETE,outer_game_nested_procedure_OPE,Q/value/delta/gain: raw W; outcome MSE: W^2; probabilities/coverage: fraction; sample counts: explicit rows/PA/games,Take_adjudicated,Swing_offer_including_bunts,1-2,,,,,,,
count,1-2,conservative,133557.0,0.2225897631722785,0.2194956510443353,0.2256838753002217,0.0,0.0,0.0,season-weighted final PA W per selected current decision; no summed PA policy gain,True,bcap_swing__mlb_2024_2025__20260909__r01,BCAP-SWING-v0.1.0,swing,2024_2025,COMPLETE,outer_game_nested_procedure_OPE,Q/value/delta/gain: raw W; outcome MSE: W^2; probabilities/coverage: fraction; sample counts: explicit rows/PA/games,Take_adjudicated,Swing_offer_including_bunts,1-2,,,,,,,
count,1-2,stochastic_half,133557.0,0.1792393874069935,0.1764735817577379,0.182005193056249,-0.0433503757652849,-0.0463054201048031,-0.0403953314257668,season-weighted final PA W per selected current decision; no summed PA policy gain,True,bcap_swing__mlb_2024_2025__20260909__r01,BCAP-SWING-v0.1.0,swing,2024_2025,COMPLETE,outer_game_nested_procedure_OPE,Q/value/delta/gain: raw W; outcome MSE: W^2; probabilities/coverage: fraction; sample counts: explicit rows/PA/games,Take_adjudicated,Swing_offer_including_bunts,1-2,,,,,,,
count,2-0,observed,44034.0,0.4175922469001226,0.412816969423348,0.4223675243768972,0.0,0.0,0.0,season-weighted final PA W per selected current decision; no summed PA policy gain,True,bcap_swing__mlb_2024_2025__20260909__r01,BCAP-SWING-v0.1.0,swing,2024_2025,COMPLETE,outer_game_nested_procedure_OPE,Q/value/delta/gain: raw W; outcome MSE: W^2; probabilities/coverage: fraction; sample counts: explicit rows/PA/games,Take_adjudicated,Swing_offer_including_bunts,2-0,,,,,,,
count,2-0,always_0,44034.0,0.4218217618254671,0.4147286744968307,0.4289148491541035,0.0042295149253445,-0.0077007256350882,0.0161597554857774,season-weighted final PA W per selected current decision; no summed PA policy gain,True,bcap_swing__mlb_2024_2025__20260909__r01,BCAP-SWING-v0.1.0,swing,2024_2025,COMPLETE,outer_game_nested_procedure_OPE,Q/value/delta/gain: raw W; outcome MSE: W^2; probabilities/coverage: fraction; sample counts: explicit rows/PA/games,Take_adjudicated,Swing_offer_including_bunts,2-0,,,,,,,
count,2-0,always_1,44034.0,0.3701098495793565,0.3609534211665065,0.3792662779922066,-0.047482397320766,-0.0632116048367473,-0.0317531898047848,season-weighted final PA W per selected current decision; no summed PA policy gain,True,bcap_swing__mlb_2024_2025__20260909__r01,BCAP-SWING-v0.1.0,swing,2024_2025,COMPLETE,outer_game_nested_procedure_OPE,Q/value/delta/gain: raw W; outcome MSE: W^2; probabilities/coverage: fraction; sample counts: explicit rows/PA/games,Take_adjudicated,Swing_offer_including_bunts,2-0,,,,,,,
count,2-0,learned,44034.0,0.4379953626179648,0.4321587027120085,0.443832022523921,0.0204031157178422,0.0127885026649648,0.0280177287707195,season-weighted final PA W per selected current decision; no summed PA policy gain,True,bcap_swing__mlb_2024_2025__20260909__r01,BCAP-SWING-v0.1.0,swing,2024_2025,COMPLETE,outer_game_nested_procedure_OPE,Q/value/delta/gain: raw W; outcome MSE: W^2; probabilities/coverage: fraction; sample counts: explicit rows/PA/games,Take_adjudicated,Swing_offer_including_bunts,2-0,,,,,,,
count,2-0,conservative,44034.0,0.4175922469001226,0.412816969423348,0.4223675243768972,0.0,0.0,0.0,season-weighted final PA W per selected current decision; no summed PA policy gain,True,bcap_swing__mlb_2024_2025__20260909__r01,BCAP-SWING-v0.1.0,swing,2024_2025,COMPLETE,outer_game_nested_procedure_OPE,Q/value/delta/gain: raw W; outcome MSE: W^2; probabilities/coverage: fraction; sample counts: explicit rows/PA/games,Take_adjudicated,Swing_offer_including_bunts,2-0,,,,,,,
count,2-0,stochastic_half,44034.0,0.3959658057024118,0.3901577476666257,0.4017738637381979,-0.0216264411977107,-0.0283218335598694,-0.014931048835552,season-weighted final PA W per selected current decision; no summed PA policy gain,True,bcap_swing__mlb_2024_2025__20260909__r01,BCAP-SWING-v0.1.0,swing,2024_2025,COMPLETE,outer_game_nested_procedure_OPE,Q/value/delta/gain: raw W; outcome MSE: W^2; probabilities/coverage: fraction; sample counts: explicit rows/PA/games,Take_adjudicated,Swing_offer_including_bunts,2-0,,,,,,,
count,2-1,observed,71495.0,0.3482590390936429,0.3445509196475746,0.3519671585397111,0.0,0.0,0.0,season-weighted final PA W per selected current decision; no summed PA policy gain,True,bcap_swing__mlb_2024_2025__20260909__r01,BCAP-SWING-v0.1.0,swing,2024_2025,COMPLETE,outer_game_nested_procedure_OPE,Q/value/delta/gain: raw W; outcome MSE: W^2; probabilities/coverage: fraction; sample counts: explicit rows/PA/games,Take_adjudicated,Swing_offer_including_bunts,2-1,,,,,,,
count,2-1,always_0,71495.0,0.3511902384713385,0.3439192142330782,0.3584612627095987,0.0029311993776956,-0.0107280561079921,0.0165904548633834,season-weighted final PA W per selected current decision; no summed PA policy gain,True,bcap_swing__mlb_2024_2025__20260909__r01,BCAP-SWING-v0.1.0,swing,2024_2025,COMPLETE,outer_game_nested_procedure_OPE,Q/value/delta/gain: raw W; outcome MSE: W^2; probabilities/coverage: fraction; sample counts: explicit rows/PA/games,Take_adjudicated,Swing_offer_including_bunts,2-1,,,,,,,
count,2-1,always_1,71495.0,0.2955978647894544,0.2901408257358491,0.3010549038430596,-0.0526611743041885,-0.0614237851276791,-0.0438985634806979,season-weighted final PA W per selected current decision; no summed PA policy gain,True,bcap_swing__mlb_2024_2025__20260909__r01,BCAP-SWING-v0.1.0,swing,2024_2025,COMPLETE,outer_game_nested_procedure_OPE,Q/value/delta/gain: raw W; outcome MSE: W^2; probabilities/coverage: fraction; sample counts: explicit rows/PA/games,Take_adjudicated,Swing_offer_including_bunts,2-1,,,,,,,
count,2-1,learned,71495.0,0.378389723826529,0.3731664413893091,0.3836130062637489,0.0301306847328861,0.0223541015141811,0.0379072679515911,season-weighted final PA W per selected current decision; no summed PA policy gain,True,bcap_swing__mlb_2024_2025__20260909__r01,BCAP-SWING-v0.1.0,swing,2024_2025,COMPLETE,outer_game_nested_procedure_OPE,Q/value/delta/gain: raw W; outcome MSE: W^2; probabilities/coverage: fraction; sample counts: explicit rows/PA/games,Take_adjudicated,Swing_offer_including_bunts,2-1,,,,,,,
count,2-1,conservative,71495.0,0.3482590390936429,0.3445509196475746,0.3519671585397111,0.0,0.0,0.0,season-weighted final PA W per selected current decision; no summed PA policy gain,True,bcap_swing__mlb_2024_2025__20260909__r01,BCAP-SWING-v0.1.0,swing,2024_2025,COMPLETE,outer_game_nested_procedure_OPE,Q/value/delta/gain: raw W; outcome MSE: W^2; probabilities/coverage: fraction; sample counts: explicit rows/PA/games,Take_adjudicated,Swing_offer_including_bunts,2-1,,,,,,,
count,2-1,stochastic_half,71495.0,0.3233940516303965,0.3188372200240716,0.3279508832367213,-0.0248649874632464,-0.0311231636290382,-0.0186068112974546,season-weighted final PA W per selected current decision; no summed PA policy gain,True,bcap_swing__mlb_2024_2025__20260909__r01,BCAP-SWING-v0.1.0,swing,2024_2025,COMPLETE,outer_game_nested_procedure_OPE,Q/value/delta/gain: raw W; outcome MSE: W^2; probabilities/coverage: fraction; sample counts: explicit rows/PA/games,Take_adjudicated,Swing_offer_including_bunts,2-1,,,,,,,
count,2-2,observed,113434.0,0.2644537704744609,0.2609955462440956,0.2679119947048262,0.0,0.0,0.0,season-weighted final PA W per selected current decision; no summed PA policy gain,True,bcap_swing__mlb_2024_2025__20260909__r01,BCAP-SWING-v0.1.0,swing,2024_2025,COMPLETE,outer_game_nested_procedure_OPE,Q/value/delta/gain: raw W; outcome MSE: W^2; probabilities/coverage: fraction; sample counts: explicit rows/PA/games,Take_adjudicated,Swing_offer_including_bunts,2-2,,,,,,,
count,2-2,always_0,113434.0,0.226827441488533,0.2227757770164846,0.2308791059605814,-0.0376263289859279,-0.0459163563859102,-0.0293363015859456,season-weighted final PA W per selected current decision; no summed PA policy gain,True,bcap_swing__mlb_2024_2025__20260909__r01,BCAP-SWING-v0.1.0,swing,2024_2025,COMPLETE,outer_game_nested_procedure_OPE,Q/value/delta/gain: raw W; outcome MSE: W^2; probabilities/coverage: fraction; sample counts: explicit rows/PA/games,Take_adjudicated,Swing_offer_including_bunts,2-2,,,,,,,
count,2-2,always_1,113434.0,0.2015073410616062,0.1974723448335092,0.2055423372897033,-0.0629464294128546,-0.067659027722932,-0.0582338311027772,season-weighted final PA W per selected current decision; no summed PA policy gain,True,bcap_swing__mlb_2024_2025__20260909__r01,BCAP-SWING-v0.1.0,swing,2024_2025,COMPLETE,outer_game_nested_procedure_OPE,Q/value/delta/gain: raw W; outcome MSE: W^2; probabilities/coverage: fraction; sample counts: explicit rows/PA/games,Take_adjudicated,Swing_offer_including_bunts,2-2,,,,,,,
count,2-2,learned,113434.0,0.3110787780762621,0.3072024232133353,0.314955132939189,0.0466250076018012,0.0429282179479006,0.0503217972557017,season-weighted final PA W per selected current decision; no summed PA policy gain,True,bcap_swing__mlb_2024_2025__20260909__r01,BCAP-SWING-v0.1.0,swing,2024_2025,COMPLETE,outer_game_nested_procedure_OPE,Q/value/delta/gain: raw W; outcome MSE: W^2; probabilities/coverage: fraction; sample counts: explicit rows/PA/games,Take_adjudicated,Swing_offer_including_bunts,2-2,,,,,,,
count,2-2,conservative,113434.0,0.2644537704744609,0.2609955462440956,0.2679119947048262,0.0,0.0,0.0,season-weighted final PA W per selected current decision; no summed PA policy gain,True,bcap_swing__mlb_2024_2025__20260909__r01,BCAP-SWING-v0.1.0,swing,2024_2025,COMPLETE,outer_game_nested_procedure_OPE,Q/value/delta/gain: raw W; outcome MSE: W^2; probabilities/coverage: fraction; sample counts: explicit rows/PA/games,Take_adjudicated,Swing_offer_including_bunts,2-2,,,,,,,
count,2-2,stochastic_half,113434.0,0.2141673912750696,0.2111455943049767,0.2171891882451625,-0.0502863791993912,-0.053890352711838,-0.0466824056869445,season-weighted final PA W per selected current decision; no summed PA policy gain,True,bcap_swing__mlb_2024_2025__20260909__r01,BCAP-SWING-v0.1.0,swing,2024_2025,COMPLETE,outer_game_nested_procedure_OPE,Q/value/delta/gain: raw W; outcome MSE: W^2; probabilities/coverage: fraction; sample counts: explicit rows/PA/games,Take_adjudicated,Swing_offer_including_bunts,2-2,,,,,,,
count,3-0,observed,12230.0,0.5274731807031888,0.5199975230853336,0.534948838321044,0.0,0.0,0.0,season-weighted final PA W per selected current decision; no summed PA policy gain,True,bcap_swing__mlb_2024_2025__20260909__r01,BCAP-SWING-v0.1.0,swing,2024_2025,COMPLETE,outer_game_nested_procedure_OPE,Q/value/delta/gain: raw W; outcome MSE: W^2; probabilities/coverage: fraction; sample counts: explicit rows/PA/games,Take_adjudicated,Swing_offer_including_bunts,3-0,,,,,,,
count,3-0,always_0,12230.0,0.5270202593609408,0.5193574306205245,0.534683088101357,-0.000452921342248,-0.0079879897095798,0.0070821470250836,season-weighted final PA W per selected current decision; no summed PA policy gain,True,bcap_swing__mlb_2024_2025__20260909__r01,BCAP-SWING-v0.1.0,swing,2024_2025,COMPLETE,outer_game_nested_procedure_OPE,Q/value/delta/gain: raw W; outcome MSE: W^2; probabilities/coverage: fraction; sample counts: explicit rows/PA/games,Take_adjudicated,Swing_offer_including_bunts,3-0,,,,,,,
count,3-0,always_1,12230.0,0.4785654659945663,0.4485516447664968,0.5085792872226358,-0.0489077147086224,-0.1079829636955595,0.0101675342783146,season-weighted final PA W per selected current decision; no summed PA policy gain,True,bcap_swing__mlb_2024_2025__20260909__r01,BCAP-SWING-v0.1.0,swing,2024_2025,COMPLETE,outer_game_nested_procedure_OPE,Q/value/delta/gain: raw W; outcome MSE: W^2; probabilities/coverage: fraction; sample counts: explicit rows/PA/games,Take_adjudicated,Swing_offer_including_bunts,3-0,,,,,,,
count,3-0,learned,12230.0,0.5687443100398039,0.5447990555849069,0.5926895644947008,0.041271129336615,-0.0044842712601813,0.0870265299334113,season-weighted final PA W per selected current decision; no summed PA policy gain,True,bcap_swing__mlb_2024_2025__20260909__r01,BCAP-SWING-v0.1.0,swing,2024_2025,COMPLETE,outer_game_nested_procedure_OPE,Q/value/delta/gain: raw W; outcome MSE: W^2; probabilities/coverage: fraction; sample counts: explicit rows/PA/games,Take_adjudicated,Swing_offer_including_bunts,3-0,,,,,,,
count,3-0,conservative,12230.0,0.5274731807031888,0.5199975230853336,0.534948838321044,0.0,0.0,0.0,season-weighted final PA W per selected current decision; no summed PA policy gain,True,bcap_swing__mlb_2024_2025__20260909__r01,BCAP-SWING-v0.1.0,swing,2024_2025,COMPLETE,outer_game_nested_procedure_OPE,Q/value/delta/gain: raw W; outcome MSE: W^2; probabilities/coverage: fraction; sample counts: explicit rows/PA/games,Take_adjudicated,Swing_offer_including_bunts,3-0,,,,,,,
count,3-0,stochastic_half,12230.0,0.5027928626777536,0.4873768549225153,0.5182088704329919,-0.0246803180254352,-0.0508266039994154,0.0014659679485448,season-weighted final PA W per selected current decision; no summed PA policy gain,True,bcap_swing__mlb_2024_2025__20260909__r01,BCAP-SWING-v0.1.0,swing,2024_2025,COMPLETE,outer_game_nested_procedure_OPE,Q/value/delta/gain: raw W; outcome MSE: W^2; probabilities/coverage: fraction; sample counts: explicit rows/PA/games,Take_adjudicated,Swing_offer_including_bunts,3-0,,,,,,,
count,3-1,observed,29289.0,0.4667437945986547,0.4614429342437172,0.4720446549535922,0.0,0.0,0.0,season-weighted final PA W per selected current decision; no summed PA policy gain,True,bcap_swing__mlb_2024_2025__20260909__r01,BCAP-SWING-v0.1.0,swing,2024_2025,COMPLETE,outer_game_nested_procedure_OPE,Q/value/delta/gain: raw W; outcome MSE: W^2; probabilities/coverage: fraction; sample counts: explicit rows/PA/games,Take_adjudicated,Swing_offer_including_bunts,3-1,,,,,,,
count,3-1,always_0,29289.0,0.4832127634726563,0.4730773022247495,0.4933482247205631,0.0164689688740015,-0.0033051974998136,0.0362431352478168,season-weighted final PA W per selected current decision; no summed PA policy gain,True,bcap_swing__mlb_2024_2025__20260909__r01,BCAP-SWING-v0.1.0,swing,2024_2025,COMPLETE,outer_game_nested_procedure_OPE,Q/value/delta/gain: raw W; outcome MSE: W^2; probabilities/coverage: fraction; sample counts: explicit rows/PA/games,Take_adjudicated,Swing_offer_including_bunts,3-1,,,,,,,
count,3-1,always_1,29289.0,0.3791046246598227,0.3703293098439569,0.3878799394756886,-0.0876391699388319,-0.1008022062104769,-0.074476133667187,season-weighted final PA W per selected current decision; no summed PA policy gain,True,bcap_swing__mlb_2024_2025__20260909__r01,BCAP-SWING-v0.1.0,swing,2024_2025,COMPLETE,outer_game_nested_procedure_OPE,Q/value/delta/gain: raw W; outcome MSE: W^2; probabilities/coverage: fraction; sample counts: explicit rows/PA/games,Take_adjudicated,Swing_offer_including_bunts,3-1,,,,,,,
count,3-1,learned,29289.0,0.5079168570969528,0.5014792455094491,0.5143544686844564,0.041173062498298,0.0317577449795381,0.0505883800170579,season-weighted final PA W per selected current decision; no summed PA policy gain,True,bcap_swing__mlb_2024_2025__20260909__r01,BCAP-SWING-v0.1.0,swing,2024_2025,COMPLETE,outer_game_nested_procedure_OPE,Q/value/delta/gain: raw W; outcome MSE: W^2; probabilities/coverage: fraction; sample counts: explicit rows/PA/games,Take_adjudicated,Swing_offer_including_bunts,3-1,,,,,,,
count,3-1,conservative,29289.0,0.4667437945986547,0.4614429342437172,0.4720446549535922,0.0,0.0,0.0,season-weighted final PA W per selected current decision; no summed PA policy gain,True,bcap_swing__mlb_2024_2025__20260909__r01,BCAP-SWING-v0.1.0,swing,2024_2025,COMPLETE,outer_game_nested_procedure_OPE,Q/value/delta/gain: raw W; outcome MSE: W^2; probabilities/coverage: fraction; sample counts: explicit rows/PA/games,Take_adjudicated,Swing_offer_including_bunts,3-1,,,,,,,
count,3-1,stochastic_half,29289.0,0.4311586940662395,0.4244086648233537,0.4379087233091253,-0.0355851005324152,-0.044683085442857,-0.0264871156219733,season-weighted final PA W per selected current decision; no summed PA policy gain,True,bcap_swing__mlb_2024_2025__20260909__r01,BCAP-SWING-v0.1.0,swing,2024_2025,COMPLETE,outer_game_nested_procedure_OPE,Q/value/delta/gain: raw W; outcome MSE: W^2; probabilities/coverage: fraction; sample counts: explicit rows/PA/games,Take_adjudicated,Swing_offer_including_bunts,3-1,,,,,,,
count,3-2,observed,68644.0,0.374683482897267,0.3699962680961949,0.3793706976983391,0.0,0.0,0.0,season-weighted final PA W per selected current decision; no summed PA policy gain,True,bcap_swing__mlb_2024_2025__20260909__r01,BCAP-SWING-v0.1.0,swing,2024_2025,COMPLETE,outer_game_nested_procedure_OPE,Q/value/delta/gain: raw W; outcome MSE: W^2; probabilities/coverage: fraction; sample counts: explicit rows/PA/games,Take_adjudicated,Swing_offer_including_bunts,3-2,,,,,,,
count,3-2,always_0,68644.0,0.3304554659740468,0.3253353533056954,0.3355755786423982,-0.0442280169232202,-0.0565714839079172,-0.0318845499385233,season-weighted final PA W per selected current decision; no summed PA policy gain,True,bcap_swing__mlb_2024_2025__20260909__r01,BCAP-SWING-v0.1.0,swing,2024_2025,COMPLETE,outer_game_nested_procedure_OPE,Q/value/delta/gain: raw W; outcome MSE: W^2; probabilities/coverage: fraction; sample counts: explicit rows/PA/games,Take_adjudicated,Swing_offer_including_bunts,3-2,,,,,,,
count,3-2,always_1,68644.0,0.2778291664658178,0.2721225621893146,0.283535770742321,-0.0968543164314492,-0.1020950297533339,-0.0916136031095646,season-weighted final PA W per selected current decision; no summed PA policy gain,True,bcap_swing__mlb_2024_2025__20260909__r01,BCAP-SWING-v0.1.0,swing,2024_2025,COMPLETE,outer_game_nested_procedure_OPE,Q/value/delta/gain: raw W; outcome MSE: W^2; probabilities/coverage: fraction; sample counts: explicit rows/PA/games,Take_adjudicated,Swing_offer_including_bunts,3-2,,,,,,,
count,3-2,learned,68644.0,0.4557250898466962,0.4511420107300471,0.4603081689633453,0.0810416069494292,0.0769050697985403,0.085178144100318,season-weighted final PA W per selected current decision; no summed PA policy gain,True,bcap_swing__mlb_2024_2025__20260909__r01,BCAP-SWING-v0.1.0,swing,2024_2025,COMPLETE,outer_game_nested_procedure_OPE,Q/value/delta/gain: raw W; outcome MSE: W^2; probabilities/coverage: fraction; sample counts: explicit rows/PA/games,Take_adjudicated,Swing_offer_including_bunts,3-2,,,,,,,
count,3-2,conservative,68644.0,0.374683482897267,0.3699962680961949,0.3793706976983391,0.0,0.0,0.0,season-weighted final PA W per selected current decision; no summed PA policy gain,True,bcap_swing__mlb_2024_2025__20260909__r01,BCAP-SWING-v0.1.0,swing,2024_2025,COMPLETE,outer_game_nested_procedure_OPE,Q/value/delta/gain: raw W; outcome MSE: W^2; probabilities/coverage: fraction; sample counts: explicit rows/PA/games,Take_adjudicated,Swing_offer_including_bunts,3-2,,,,,,,
count,3-2,stochastic_half,68644.0,0.3041423162199322,0.3001663812774418,0.3081182511624227,-0.0705411666773347,-0.0759070293092292,-0.0651753040454403,season-weighted final PA W per selected current decision; no summed PA policy gain,True,bcap_swing__mlb_2024_2025__20260909__r01,BCAP-SWING-v0.1.0,swing,2024_2025,COMPLETE,outer_game_nested_procedure_OPE,Q/value/delta/gain: raw W; outcome MSE: W^2; probabilities/coverage: fraction; sample counts: explicit rows/PA/games,Take_adjudicated,Swing_offer_including_bunts,3-2,,,,,,,
cell,0-0|BOUNDARY|FB,observed,58896.0,0.2885659637326813,0.2844569781924805,0.2926749492728821,0.0,0.0,0.0,season-weighted final PA W per selected current decision; no summed PA policy gain,True,bcap_swing__mlb_2024_2025__20260909__r01,BCAP-SWING-v0.1.0,swing,2024_2025,COMPLETE,outer_game_nested_procedure_OPE,Q/value/delta/gain: raw W; outcome MSE: W^2; probabilities/coverage: fraction; sample counts: explicit rows/PA/games,Take_adjudicated,Swing_offer_including_bunts,0-0,BOUNDARY,FB,,,,,
cell,0-0|BOUNDARY|FB,always_0,58896.0,0.2841881838884112,0.2794449010521996,0.2889314667246228,-0.0043777798442701,-0.010815062521124,0.0020595028325837,season-weighted final PA W per selected current decision; no summed PA policy gain,True,bcap_swing__mlb_2024_2025__20260909__r01,BCAP-SWING-v0.1.0,swing,2024_2025,COMPLETE,outer_game_nested_procedure_OPE,Q/value/delta/gain: raw W; outcome MSE: W^2; probabilities/coverage: fraction; sample counts: explicit rows/PA/games,Take_adjudicated,Swing_offer_including_bunts,0-0,BOUNDARY,FB,,,,,
cell,0-0|BOUNDARY|FB,always_1,58896.0,0.2946695113600594,0.2867160254107311,0.3026229973093877,0.006103547627378,-0.0073807672905732,0.0195878625453294,season-weighted final PA W per selected current decision; no summed PA policy gain,True,bcap_swing__mlb_2024_2025__20260909__r01,BCAP-SWING-v0.1.0,swing,2024_2025,COMPLETE,outer_game_nested_procedure_OPE,Q/value/delta/gain: raw W; outcome MSE: W^2; probabilities/coverage: fraction; sample counts: explicit rows/PA/games,Take_adjudicated,Swing_offer_including_bunts,0-0,BOUNDARY,FB,,,,,
cell,0-0|BOUNDARY|FB,learned,58896.0,0.2946695113600594,0.2867160254107311,0.3026229973093877,0.006103547627378,-0.0073807672905732,0.0195878625453294,season-weighted final PA W per selected current decision; no summed PA policy gain,True,bcap_swing__mlb_2024_2025__20260909__r01,BCAP-SWING-v0.1.0,swing,2024_2025,COMPLETE,outer_game_nested_procedure_OPE,Q/value/delta/gain: raw W; outcome MSE: W^2; probabilities/coverage: fraction; sample counts: explicit rows/PA/games,Take_adjudicated,Swing_offer_including_bunts,0-0,BOUNDARY,FB,,,,,
cell,0-0|BOUNDARY|FB,conservative,58896.0,0.2885659637326813,0.2844569781924805,0.2926749492728821,0.0,0.0,0.0,season-weighted final PA W per selected current decision; no summed PA policy gain,True,bcap_swing__mlb_2024_2025__20260909__r01,BCAP-SWING-v0.1.0,swing,2024_2025,COMPLETE,outer_game_nested_procedure_OPE,Q/value/delta/gain: raw W; outcome MSE: W^2; probabilities/coverage: fraction; sample counts: explicit rows/PA/games,Take_adjudicated,Swing_offer_including_bunts,0-0,BOUNDARY,FB,,,,,
cell,0-0|BOUNDARY|FB,stochastic_half,58896.0,0.2894288476242353,0.2847697266753256,0.294087968573145,0.0008628838915539,-0.0031823187822877,0.0049080865653957,season-weighted final PA W per selected current decision; no summed PA policy gain,True,bcap_swing__mlb_2024_2025__20260909__r01,BCAP-SWING-v0.1.0,swing,2024_2025,COMPLETE,outer_game_nested_procedure_OPE,Q/value/delta/gain: raw W; outcome MSE: W^2; probabilities/coverage: fraction; sample counts: explicit rows/PA/games,Take_adjudicated,Swing_offer_including_bunts,0-0,BOUNDARY,FB,,,,,
cell,0-0|BOUNDARY|NFB,observed,34797.0,0.2858321694398942,0.2805803475855352,0.2910839912942531,0.0,0.0,0.0,season-weighted final PA W per selected current decision; no summed PA policy gain,True,bcap_swing__mlb_2024_2025__20260909__r01,BCAP-SWING-v0.1.0,swing,2024_2025,COMPLETE,outer_game_nested_procedure_OPE,Q/value/delta/gain: raw W; outcome MSE: W^2; probabilities/coverage: fraction; sample counts: explicit rows/PA/games,Take_adjudicated,Swing_offer_including_bunts,0-0,BOUNDARY,NFB,,,,,
cell,0-0|BOUNDARY|NFB,always_0,34797.0,0.286424972395277,0.2802062517325112,0.2926436930580428,0.0005928029553827,-0.0076584286307883,0.0088440345415539,season-weighted final PA W per selected current decision; no summed PA policy gain,True,bcap_swing__mlb_2024_2025__20260909__r01,BCAP-SWING-v0.1.0,swing,2024_2025,COMPLETE,outer_game_nested_procedure_OPE,Q/value/delta/gain: raw W; outcome MSE: W^2; probabilities/coverage: fraction; sample counts: explicit rows/PA/games,Take_adjudicated,Swing_offer_including_bunts,0-0,BOUNDARY,NFB,,,,,
cell,0-0|BOUNDARY|NFB,always_1,34797.0,0.2791160042120036,0.2690878091414645,0.2891441992825428,-0.0067161652278905,-0.0239704808374463,0.0105381503816652,season-weighted final PA W per selected current decision; no summed PA policy gain,True,bcap_swing__mlb_2024_2025__20260909__r01,BCAP-SWING-v0.1.0,swing,2024_2025,COMPLETE,outer_game_nested_procedure_OPE,Q/value/delta/gain: raw W; outcome MSE: W^2; probabilities/coverage: fraction; sample counts: explicit rows/PA/games,Take_adjudicated,Swing_offer_including_bunts,0-0,BOUNDARY,NFB,,,,,
cell,0-0|BOUNDARY|NFB,learned,34797.0,0.286424972395277,0.2802062517325112,0.2926436930580428,0.0005928029553827,-0.0076584286307883,0.0088440345415539,season-weighted final PA W per selected current decision; no summed PA policy gain,True,bcap_swing__mlb_2024_2025__20260909__r01,BCAP-SWING-v0.1.0,swing,2024_2025,COMPLETE,outer_game_nested_procedure_OPE,Q/value/delta/gain: raw W; outcome MSE: W^2; probabilities/coverage: fraction; sample counts: explicit rows/PA/games,Take_adjudicated,Swing_offer_including_bunts,0-0,BOUNDARY,NFB,,,,,
cell,0-0|BOUNDARY|NFB,conservative,34797.0,0.2858321694398942,0.2805803475855352,0.2910839912942531,0.0,0.0,0.0,season-weighted final PA W per selected current decision; no summed PA policy gain,True,bcap_swing__mlb_2024_2025__20260909__r01,BCAP-SWING-v0.1.0,swing,2024_2025,COMPLETE,outer_game_nested_procedure_OPE,Q/value/delta/gain: raw W; outcome MSE: W^2; probabilities/coverage: fraction; sample counts: explicit rows/PA/games,Take_adjudicated,Swing_offer_including_bunts,0-0,BOUNDARY,NFB,,,,,
cell,0-0|BOUNDARY|NFB,stochastic_half,34797.0,0.2827704883036403,0.2768495055217056,0.288691471085575,-0.0030616811362538,-0.0082937439334946,0.0021703816609868,season-weighted final PA W per selected current decision; no summed PA policy gain,True,bcap_swing__mlb_2024_2025__20260909__r01,BCAP-SWING-v0.1.0,swing,2024_2025,COMPLETE,outer_game_nested_procedure_OPE,Q/value/delta/gain: raw W; outcome MSE: W^2; probabilities/coverage: fraction; sample counts: explicit rows/PA/games,Take_adjudicated,Swing_offer_including_bunts,0-0,BOUNDARY,NFB,,,,,
cell,0-0|INNER|FB,observed,74756.0,0.2952618786451924,0.2914605461918839,0.2990632110985008,0.0,0.0,0.0,season-weighted final PA W per selected current decision; no summed PA policy gain,True,bcap_swing__mlb_2024_2025__20260909__r01,BCAP-SWING-v0.1.0,swing,2024_2025,COMPLETE,outer_game_nested_procedure_OPE,Q/value/delta/gain: raw W; outcome MSE: W^2; probabilities/coverage: fraction; sample counts: explicit rows/PA/games,Take_adjudicated,Swing_offer_including_bunts,0-0,INNER,FB,,,,,
cell,0-0|INNER|FB,always_0,74756.0,0.2625294301288937,0.2571674906426216,0.2678913696151657,-0.0327324485162986,-0.0416282420760892,-0.023836654956508,season-weighted final PA W per selected current decision; no summed PA policy gain,True,bcap_swing__mlb_2024_2025__20260909__r01,BCAP-SWING-v0.1.0,swing,2024_2025,COMPLETE,outer_game_nested_procedure_OPE,Q/value/delta/gain: raw W; outcome MSE: W^2; probabilities/coverage: fraction; sample counts: explicit rows/PA/games,Take_adjudicated,Swing_offer_including_bunts,0-0,INNER,FB,,,,,
cell,0-0|INNER|FB,always_1,74756.0,0.323484146871996,0.3181148482948954,0.3288534454490965,0.0282222682268036,0.0208076431650403,0.0356368932885669,season-weighted final PA W per selected current decision; no summed PA policy gain,True,bcap_swing__mlb_2024_2025__20260909__r01,BCAP-SWING-v0.1.0,swing,2024_2025,COMPLETE,outer_game_nested_procedure_OPE,Q/value/delta/gain: raw W; outcome MSE: W^2; probabilities/coverage: fraction; sample counts: explicit rows/PA/games,Take_adjudicated,Swing_offer_including_bunts,0-0,INNER,FB,,,,,
cell,0-0|INNER|FB,learned,74756.0,0.323484146871996,0.3181148482948954,0.3288534454490965,0.0282222682268036,0.0208076431650403,0.0356368932885669,season-weighted final PA W per selected current decision; no summed PA policy gain,True,bcap_swing__mlb_2024_2025__20260909__r01,BCAP-SWING-v0.1.0,swing,2024_2025,COMPLETE,outer_game_nested_procedure_OPE,Q/value/delta/gain: raw W; outcome MSE: W^2; probabilities/coverage: fraction; sample counts: explicit rows/PA/games,Take_adjudicated,Swing_offer_including_bunts,0-0,INNER,FB,,,,,
cell,0-0|INNER|FB,conservative,74756.0,0.2952618786451924,0.2914605461918839,0.2990632110985008,0.0,0.0,0.0,season-weighted final PA W per selected current decision; no summed PA policy gain,True,bcap_swing__mlb_2024_2025__20260909__r01,BCAP-SWING-v0.1.0,swing,2024_2025,COMPLETE,outer_game_nested_procedure_OPE,Q/value/delta/gain: raw W; outcome MSE: W^2; probabilities/coverage: fraction; sample counts: explicit rows/PA/games,Take_adjudicated,Swing_offer_including_bunts,0-0,INNER,FB,,,,,
cell,0-0|INNER|FB,stochastic_half,74756.0,0.2930067885004448,0.2891787502887011,0.2968348267121886,-0.0022550901447475,-0.0041108890937626,-0.0003992911957323,season-weighted final PA W per selected current decision; no summed PA policy gain,True,bcap_swing__mlb_2024_2025__20260909__r01,BCAP-SWING-v0.1.0,swing,2024_2025,COMPLETE,outer_game_nested_procedure_OPE,Q/value/delta/gain: raw W; outcome MSE: W^2; probabilities/coverage: fraction; sample counts: explicit rows/PA/games,Take_adjudicated,Swing_offer_including_bunts,0-0,INNER,FB,,,,,
cell,0-0|INNER|NFB,observed,40845.0,0.2995101236381442,0.2944140544359748,0.3046061928403136,0.0,0.0,0.0,season-weighted final PA W per selected current decision; no summed PA policy gain,True,bcap_swing__mlb_2024_2025__20260909__r01,BCAP-SWING-v0.1.0,swing,2024_2025,COMPLETE,outer_game_nested_procedure_OPE,Q/value/delta/gain: raw W; outcome MSE: W^2; probabilities/coverage: fraction; sample counts: explicit rows/PA/games,Take_adjudicated,Swing_offer_including_bunts,0-0,INNER,NFB,,,,,
cell,0-0|INNER|NFB,always_0,40845.0,0.2668073233133029,0.2604348677579822,0.2731797788686236,-0.0327028003248413,-0.0429106700803778,-0.0224949305693048,season-weighted final PA W per selected current decision; no summed PA policy gain,True,bcap_swing__mlb_2024_2025__20260909__r01,BCAP-SWING-v0.1.0,swing,2024_2025,COMPLETE,outer_game_nested_procedure_OPE,Q/value/delta/gain: raw W; outcome MSE: W^2; probabilities/coverage: fraction; sample counts: explicit rows/PA/games,Take_adjudicated,Swing_offer_including_bunts,0-0,INNER,NFB,,,,,
cell,0-0|INNER|NFB,always_1,40845.0,0.3377550276685101,0.3293688746773,0.3461411806597202,0.0382449040303659,0.0255399713958158,0.050949836664916,season-weighted final PA W per selected current decision; no summed PA policy gain,True,bcap_swing__mlb_2024_2025__20260909__r01,BCAP-SWING-v0.1.0,swing,2024_2025,COMPLETE,outer_game_nested_procedure_OPE,Q/value/delta/gain: raw W; outcome MSE: W^2; probabilities/coverage: fraction; sample counts: explicit rows/PA/games,Take_adjudicated,Swing_offer_including_bunts,0-0,INNER,NFB,,,,,
cell,0-0|INNER|NFB,learned,40845.0,0.3377550276685101,0.3293688746773,0.3461411806597202,0.0382449040303659,0.0255399713958158,0.050949836664916,season-weighted final PA W per selected current decision; no summed PA policy gain,True,bcap_swing__mlb_2024_2025__20260909__r01,BCAP-SWING-v0.1.0,swing,2024_2025,COMPLETE,outer_game_nested_procedure_OPE,Q/value/delta/gain: raw W; outcome MSE: W^2; probabilities/coverage: fraction; sample counts: explicit rows/PA/games,Take_adjudicated,Swing_offer_including_bunts,0-0,INNER,NFB,,,,,
cell,0-0|INNER|NFB,conservative,40845.0,0.2995101236381442,0.2944140544359748,0.3046061928403136,0.0,0.0,0.0,season-weighted final PA W per selected current decision; no summed PA policy gain,True,bcap_swing__mlb_2024_2025__20260909__r01,BCAP-SWING-v0.1.0,swing,2024_2025,COMPLETE,outer_game_nested_procedure_OPE,Q/value/delta/gain: raw W; outcome MSE: W^2; probabilities/coverage: fraction; sample counts: explicit rows/PA/games,Take_adjudicated,Swing_offer_including_bunts,0-0,INNER,NFB,,,,,
cell,0-0|INNER|NFB,stochastic_half,40845.0,0.3022811754909065,0.2970128090912308,0.3075495418905822,0.0027710518527622,-7.556016780941189e-05,0.005617663873334,season-weighted final PA W per selected current decision; no summed PA policy gain,True,bcap_swing__mlb_2024_2025__20260909__r01,BCAP-SWING-v0.1.0,swing,2024_2025,COMPLETE,outer_game_nested_procedure_OPE,Q/value/delta/gain: raw W; outcome MSE: W^2; probabilities/coverage: fraction; sample counts: explicit rows/PA/games,Take_adjudicated,Swing_offer_including_bunts,0-0,INNER,NFB,,,,,
cell,0-0|OUT|FB,observed,73458.0,0.3298069781371668,0.3260526043686191,0.3335613519057145,0.0,0.0,0.0,season-weighted final PA W per selected current decision; no summed PA policy gain,True,bcap_swing__mlb_2024_2025__20260909__r01,BCAP-SWING-v0.1.0,swing,2024_2025,COMPLETE,outer_game_nested_procedure_OPE,Q/value/delta/gain: raw W; outcome MSE: W^2; probabilities/coverage: fraction; sample counts: explicit rows/PA/games,Take_adjudicated,Swing_offer_including_bunts,0-0,OUT,FB,,,,,
cell,0-0|OUT|FB,always_0,73458.0,0.3418029721543508,0.3376750341089027,0.3459309101997989,0.011995994017184,0.0087393675639418,0.0152526204704261,season-weighted final PA W per selected current decision; no summed PA policy gain,True,bcap_swing__mlb_2024_2025__20260909__r01,BCAP-SWING-v0.1.0,swing,2024_2025,COMPLETE,outer_game_nested_procedure_OPE,Q/value/delta/gain: raw W; outcome MSE: W^2; probabilities/coverage: fraction; sample counts: explicit rows/PA/games,Take_adjudicated,Swing_offer_including_bunts,0-0,OUT,FB,,,,,
cell,0-0|OUT|FB,always_1,73458.0,0.2503979133852442,0.2415025155225131,0.2592933112479753,-0.0794090647519226,-0.0973841675881315,-0.0614339619157136,season-weighted final PA W per selected current decision; no summed PA policy gain,True,bcap_swing__mlb_2024_2025__20260909__r01,BCAP-SWING-v0.1.0,swing,2024_2025,COMPLETE,outer_game_nested_procedure_OPE,Q/value/delta/gain: raw W; outcome MSE: W^2; probabilities/coverage: fraction; sample counts: explicit rows/PA/games,Take_adjudicated,Swing_offer_including_bunts,0-0,OUT,FB,,,,,
cell,0-0|OUT|FB,learned,73458.0,0.3418029721543508,0.3376750341089027,0.3459309101997989,0.011995994017184,0.0087393675639418,0.0152526204704261,season-weighted final PA W per selected current decision; no summed PA policy gain,True,bcap_swing__mlb_2024_2025__20260909__r01,BCAP-SWING-v0.1.0,swing,2024_2025,COMPLETE,outer_game_nested_procedure_OPE,Q/value/delta/gain: raw W; outcome MSE: W^2; probabilities/coverage: fraction; sample counts: explicit rows/PA/games,Take_adjudicated,Swing_offer_including_bunts,0-0,OUT,FB,,,,,
cell,0-0|OUT|FB,conservative,73458.0,0.3298069781371668,0.3260526043686191,0.3335613519057145,0.0,0.0,0.0,season-weighted final PA W per selected current decision; no summed PA policy gain,True,bcap_swing__mlb_2024_2025__20260909__r01,BCAP-SWING-v0.1.0,swing,2024_2025,COMPLETE,outer_game_nested_procedure_OPE,Q/value/delta/gain: raw W; outcome MSE: W^2; probabilities/coverage: fraction; sample counts: explicit rows/PA/games,Take_adjudicated,Swing_offer_including_bunts,0-0,OUT,FB,,,,,
cell,0-0|OUT|FB,stochastic_half,73458.0,0.2961004427697974,0.2911901748836745,0.3010107106559204,-0.0337065353673693,-0.0413860856414576,-0.026026985093281,season-weighted final PA W per selected current decision; no summed PA policy gain,True,bcap_swing__mlb_2024_2025__20260909__r01,BCAP-SWING-v0.1.0,swing,2024_2025,COMPLETE,outer_game_nested_procedure_OPE,Q/value/delta/gain: raw W; outcome MSE: W^2; probabilities/coverage: fraction; sample counts: explicit rows/PA/games,Take_adjudicated,Swing_offer_including_bunts,0-0,OUT,FB,,,,,
cell,0-0|OUT|NFB,observed,58461.0,0.3334678161509382,0.3292523927028378,0.3376832395990385,0.0,0.0,0.0,season-weighted final PA W per selected current decision; no summed PA policy gain,True,bcap_swing__mlb_2024_2025__20260909__r01,BCAP-SWING-v0.1.0,swing,2024_2025,COMPLETE,outer_game_nested_procedure_OPE,Q/value/delta/gain: raw W; outcome MSE: W^2; probabilities/coverage: fraction; sample counts: explicit rows/PA/games,Take_adjudicated,Swing_offer_including_bunts,0-0,OUT,NFB,,,,,
cell,0-0|OUT|NFB,always_0,58461.0,0.3467753905876855,0.3420053671457332,0.3515454140296377,0.0133075744367472,0.008856996512669,0.0177581523608254,season-weighted final PA W per selected current decision; no summed PA policy gain,True,bcap_swing__mlb_2024_2025__20260909__r01,BCAP-SWING-v0.1.0,swing,2024_2025,COMPLETE,outer_game_nested_procedure_OPE,Q/value/delta/gain: raw W; outcome MSE: W^2; probabilities/coverage: fraction; sample counts: explicit rows/PA/games,Take_adjudicated,Swing_offer_including_bunts,0-0,OUT,NFB,,,,,
cell,0-0|OUT|NFB,always_1,58461.0,0.2727312127467232,0.262516183501516,0.2829462419919303,-0.060736603404215,-0.0809307915306108,-0.0405424152778193,season-weighted final PA W per selected current decision; no summed PA policy gain,True,bcap_swing__mlb_2024_2025__20260909__r01,BCAP-SWING-v0.1.0,swing,2024_2025,COMPLETE,outer_game_nested_procedure_OPE,Q/value/delta/gain: raw W; outcome MSE: W^2; probabilities/coverage: fraction; sample counts: explicit rows/PA/games,Take_adjudicated,Swing_offer_including_bunts,0-0,OUT,NFB,,,,,
cell,0-0|OUT|NFB,learned,58461.0,0.3467753905876855,0.3420053671457332,0.3515454140296377,0.0133075744367472,0.008856996512669,0.0177581523608254,season-weighted final PA W per selected current decision; no summed PA policy gain,True,bcap_swing__mlb_2024_2025__20260909__r01,BCAP-SWING-v0.1.0,swing,2024_2025,COMPLETE,outer_game_nested_procedure_OPE,Q/value/delta/gain: raw W; outcome MSE: W^2; probabilities/coverage: fraction; sample counts: explicit rows/PA/games,Take_adjudicated,Swing_offer_including_bunts,0-0,OUT,NFB,,,,,
cell,0-0|OUT|NFB,conservative,58461.0,0.3334678161509382,0.3292523927028378,0.3376832395990385,0.0,0.0,0.0,season-weighted final PA W per selected current decision; no summed PA policy gain,True,bcap_swing__mlb_2024_2025__20260909__r01,BCAP-SWING-v0.1.0,swing,2024_2025,COMPLETE,outer_game_nested_procedure_OPE,Q/value/delta/gain: raw W; outcome MSE: W^2; probabilities/coverage: fraction; sample counts: explicit rows/PA/games,Take_adjudicated,Swing_offer_including_bunts,0-0,OUT,NFB,,,,,
cell,0-0|OUT|NFB,stochastic_half,58461.0,0.3097533016672043,0.3041050760300449,0.3154015273043636,-0.0237145144837339,-0.032163942646994,-0.0152650863204737,season-weighted final PA W per selected current decision; no summed PA policy gain,True,bcap_swing__mlb_2024_2025__20260909__r01,BCAP-SWING-v0.1.0,swing,2024_2025,COMPLETE,outer_game_nested_procedure_OPE,Q/value/delta/gain: raw W; outcome MSE: W^2; probabilities/coverage: fraction; sample counts: explicit rows/PA/games,Take_adjudicated,Swing_offer_including_bunts,0-0,OUT,NFB,,,,,
cell,0-1|BOUNDARY|FB,observed,24014.0,0.2424643957691346,0.2364879139511118,0.2484408775871575,0.0,0.0,0.0,season-weighted final PA W per selected current decision; no summed PA policy gain,True,bcap_swing__mlb_2024_2025__20260909__r01,BCAP-SWING-v0.1.0,swing,2024_2025,COMPLETE,outer_game_nested_procedure_OPE,Q/value/delta/gain: raw W; outcome MSE: W^2; probabilities/coverage: fraction; sample counts: explicit rows/PA/games,Take_adjudicated,Swing_offer_including_bunts,0-1,BOUNDARY,FB,,,,,
cell,0-1|BOUNDARY|FB,always_0,24014.0,0.2443986849351256,0.2336863458642138,0.2551110240060373,0.0019342891659909,-0.0163243377824334,0.0201929161144153,season-weighted final PA W per selected current decision; no summed PA policy gain,True,bcap_swing__mlb_2024_2025__20260909__r01,BCAP-SWING-v0.1.0,swing,2024_2025,COMPLETE,outer_game_nested_procedure_OPE,Q/value/delta/gain: raw W; outcome MSE: W^2; probabilities/coverage: fraction; sample counts: explicit rows/PA/games,Take_adjudicated,Swing_offer_including_bunts,0-1,BOUNDARY,FB,,,,,
cell,0-1|BOUNDARY|FB,always_1,24014.0,0.2401710247516938,0.2330350920665072,0.2473069574368804,-0.0022933710174408,-0.0118197379836349,0.0072329959487532,season-weighted final PA W per selected current decision; no summed PA policy gain,True,bcap_swing__mlb_2024_2025__20260909__r01,BCAP-SWING-v0.1.0,swing,2024_2025,COMPLETE,outer_game_nested_procedure_OPE,Q/value/delta/gain: raw W; outcome MSE: W^2; probabilities/coverage: fraction; sample counts: explicit rows/PA/games,Take_adjudicated,Swing_offer_including_bunts,0-1,BOUNDARY,FB,,,,,
cell,0-1|BOUNDARY|FB,learned,24014.0,0.2383192836042862,0.2288476642198057,0.2477909029887667,-0.0041451121648484,-0.0197504003331842,0.0114601760034873,season-weighted final PA W per selected current decision; no summed PA policy gain,True,bcap_swing__mlb_2024_2025__20260909__r01,BCAP-SWING-v0.1.0,swing,2024_2025,COMPLETE,outer_game_nested_procedure_OPE,Q/value/delta/gain: raw W; outcome MSE: W^2; probabilities/coverage: fraction; sample counts: explicit rows/PA/games,Take_adjudicated,Swing_offer_including_bunts,0-1,BOUNDARY,FB,,,,,
cell,0-1|BOUNDARY|FB,conservative,24014.0,0.2424643957691346,0.2364879139511118,0.2484408775871575,0.0,0.0,0.0,season-weighted final PA W per selected current decision; no summed PA policy gain,True,bcap_swing__mlb_2024_2025__20260909__r01,BCAP-SWING-v0.1.0,swing,2024_2025,COMPLETE,outer_game_nested_procedure_OPE,Q/value/delta/gain: raw W; outcome MSE: W^2; probabilities/coverage: fraction; sample counts: explicit rows/PA/games,Take_adjudicated,Swing_offer_including_bunts,0-1,BOUNDARY,FB,,,,,
cell,0-1|BOUNDARY|FB,stochastic_half,24014.0,0.2422848548434097,0.235828555012359,0.2487411546744604,-0.0001795409257249,-0.0053631114943353,0.0050040296428853,season-weighted final PA W per selected current decision; no summed PA policy gain,True,bcap_swing__mlb_2024_2025__20260909__r01,BCAP-SWING-v0.1.0,swing,2024_2025,COMPLETE,outer_game_nested_procedure_OPE,Q/value/delta/gain: raw W; outcome MSE: W^2; probabilities/coverage: fraction; sample counts: explicit rows/PA/games,Take_adjudicated,Swing_offer_including_bunts,0-1,BOUNDARY,FB,,,,,
cell,0-1|BOUNDARY|NFB,observed,19650.0,0.2426931806615776,0.2361622461042719,0.2492241152188833,0.0,0.0,0.0,season-weighted final PA W per selected current decision; no summed PA policy gain,True,bcap_swing__mlb_2024_2025__20260909__r01,BCAP-SWING-v0.1.0,swing,2024_2025,COMPLETE,outer_game_nested_procedure_OPE,Q/value/delta/gain: raw W; outcome MSE: W^2; probabilities/coverage: fraction; sample counts: explicit rows/PA/games,Take_adjudicated,Swing_offer_including_bunts,0-1,BOUNDARY,NFB,,,,,
cell,0-1|BOUNDARY|NFB,always_0,19650.0,0.234089792589863,0.2201984253504563,0.2479811598292696,-0.0086033880717146,-0.0337339905356548,0.0165272143922256,season-weighted final PA W per selected current decision; no summed PA policy gain,True,bcap_swing__mlb_2024_2025__20260909__r01,BCAP-SWING-v0.1.0,swing,2024_2025,COMPLETE,outer_game_nested_procedure_OPE,Q/value/delta/gain: raw W; outcome MSE: W^2; probabilities/coverage: fraction; sample counts: explicit rows/PA/games,Take_adjudicated,Swing_offer_including_bunts,0-1,BOUNDARY,NFB,,,,,
cell,0-1|BOUNDARY|NFB,always_1,19650.0,0.2444404235561858,0.2368795264597243,0.2520013206526473,0.0017472428946082,-0.0073623579412822,0.0108568437304986,season-weighted final PA W per selected current decision; no summed PA policy gain,True,bcap_swing__mlb_2024_2025__20260909__r01,BCAP-SWING-v0.1.0,swing,2024_2025,COMPLETE,outer_game_nested_procedure_OPE,Q/value/delta/gain: raw W; outcome MSE: W^2; probabilities/coverage: fraction; sample counts: explicit rows/PA/games,Take_adjudicated,Swing_offer_including_bunts,0-1,BOUNDARY,NFB,,,,,
cell,0-1|BOUNDARY|NFB,learned,19650.0,0.2444404235561858,0.2368795264597243,0.2520013206526473,0.0017472428946082,-0.0073623579412822,0.0108568437304986,season-weighted final PA W per selected current decision; no summed PA policy gain,True,bcap_swing__mlb_2024_2025__20260909__r01,BCAP-SWING-v0.1.0,swing,2024_2025,COMPLETE,outer_game_nested_procedure_OPE,Q/value/delta/gain: raw W; outcome MSE: W^2; probabilities/coverage: fraction; sample counts: explicit rows/PA/games,Take_adjudicated,Swing_offer_including_bunts,0-1,BOUNDARY,NFB,,,,,
cell,0-1|BOUNDARY|NFB,conservative,19650.0,0.2426931806615776,0.2361622461042719,0.2492241152188833,0.0,0.0,0.0,season-weighted final PA W per selected current decision; no summed PA policy gain,True,bcap_swing__mlb_2024_2025__20260909__r01,BCAP-SWING-v0.1.0,swing,2024_2025,COMPLETE,outer_game_nested_procedure_OPE,Q/value/delta/gain: raw W; outcome MSE: W^2; probabilities/coverage: fraction; sample counts: explicit rows/PA/games,Take_adjudicated,Swing_offer_including_bunts,0-1,BOUNDARY,NFB,,,,,
cell,0-1|BOUNDARY|NFB,stochastic_half,19650.0,0.2392651080730244,0.2313635659787791,0.2471666501672696,-0.0034280725885531,-0.0121115939252967,0.0052554487481903,season-weighted final PA W per selected current decision; no summed PA policy gain,True,bcap_swing__mlb_2024_2025__20260909__r01,BCAP-SWING-v0.1.0,swing,2024_2025,COMPLETE,outer_game_nested_procedure_OPE,Q/value/delta/gain: raw W; outcome MSE: W^2; probabilities/coverage: fraction; sample counts: explicit rows/PA/games,Take_adjudicated,Swing_offer_including_bunts,0-1,BOUNDARY,NFB,,,,,
cell,0-1|INNER|FB,observed,26778.0,0.2611817163343042,0.2553073887059606,0.2670560439626478,0.0,0.0,0.0,season-weighted final PA W per selected current decision; no summed PA policy gain,True,bcap_swing__mlb_2024_2025__20260909__r01,BCAP-SWING-v0.1.0,swing,2024_2025,COMPLETE,outer_game_nested_procedure_OPE,Q/value/delta/gain: raw W; outcome MSE: W^2; probabilities/coverage: fraction; sample counts: explicit rows/PA/games,Take_adjudicated,Swing_offer_including_bunts,0-1,INNER,FB,,,,,
cell,0-1|INNER|FB,always_0,26778.0,0.1977860457991285,0.1832134906987656,0.2123586008994913,-0.0633956705351757,-0.0922007110281316,-0.0345906300422199,season-weighted final PA W per selected current decision; no summed PA policy gain,True,bcap_swing__mlb_2024_2025__20260909__r01,BCAP-SWING-v0.1.0,swing,2024_2025,COMPLETE,outer_game_nested_procedure_OPE,Q/value/delta/gain: raw W; outcome MSE: W^2; probabilities/coverage: fraction; sample counts: explicit rows/PA/games,Take_adjudicated,Swing_offer_including_bunts,0-1,INNER,FB,,,,,
cell,0-1|INNER|FB,always_1,26778.0,0.2754714009748853,0.2690511327083102,0.2818916692414605,0.0142896846405811,0.0089915671942815,0.0195878020868807,season-weighted final PA W per selected current decision; no summed PA policy gain,True,bcap_swing__mlb_2024_2025__20260909__r01,BCAP-SWING-v0.1.0,swing,2024_2025,COMPLETE,outer_game_nested_procedure_OPE,Q/value/delta/gain: raw W; outcome MSE: W^2; probabilities/coverage: fraction; sample counts: explicit rows/PA/games,Take_adjudicated,Swing_offer_including_bunts,0-1,INNER,FB,,,,,
cell,0-1|INNER|FB,learned,26778.0,0.2754714009748853,0.2690511327083102,0.2818916692414605,0.0142896846405811,0.0089915671942815,0.0195878020868807,season-weighted final PA W per selected current decision; no summed PA policy gain,True,bcap_swing__mlb_2024_2025__20260909__r01,BCAP-SWING-v0.1.0,swing,2024_2025,COMPLETE,outer_game_nested_procedure_OPE,Q/value/delta/gain: raw W; outcome MSE: W^2; probabilities/coverage: fraction; sample counts: explicit rows/PA/games,Take_adjudicated,Swing_offer_including_bunts,0-1,INNER,FB,,,,,
cell,0-1|INNER|FB,conservative,26778.0,0.2611817163343042,0.2553073887059606,0.2670560439626478,0.0,0.0,0.0,season-weighted final PA W per selected current decision; no summed PA policy gain,True,bcap_swing__mlb_2024_2025__20260909__r01,BCAP-SWING-v0.1.0,swing,2024_2025,COMPLETE,outer_game_nested_procedure_OPE,Q/value/delta/gain: raw W; outcome MSE: W^2; probabilities/coverage: fraction; sample counts: explicit rows/PA/games,Take_adjudicated,Swing_offer_including_bunts,0-1,INNER,FB,,,,,
cell,0-1|INNER|FB,stochastic_half,26778.0,0.2366287233870069,0.2286483872364229,0.2446090595375909,-0.0245529929472973,-0.0365917410793621,-0.0125142448152325,season-weighted final PA W per selected current decision; no summed PA policy gain,True,bcap_swing__mlb_2024_2025__20260909__r01,BCAP-SWING-v0.1.0,swing,2024_2025,COMPLETE,outer_game_nested_procedure_OPE,Q/value/delta/gain: raw W; outcome MSE: W^2; probabilities/coverage: fraction; sample counts: explicit rows/PA/games,Take_adjudicated,Swing_offer_including_bunts,0-1,INNER,FB,,,,,
cell,0-1|INNER|NFB,observed,19168.0,0.2750288501669449,0.2676684308598938,0.2823892694739959,0.0,0.0,0.0,season-weighted final PA W per selected current decision; no summed PA policy gain,True,bcap_swing__mlb_2024_2025__20260909__r01,BCAP-SWING-v0.1.0,swing,2024_2025,COMPLETE,outer_game_nested_procedure_OPE,Q/value/delta/gain: raw W; outcome MSE: W^2; probabilities/coverage: fraction; sample counts: explicit rows/PA/games,Take_adjudicated,Swing_offer_including_bunts,0-1,INNER,NFB,,,,,
cell,0-1|INNER|NFB,always_0,19168.0,0.2067766626712553,0.1885437880302184,0.2250095373122922,-0.0682521874956895,-0.1040664010037322,-0.0324379739876469,season-weighted final PA W per selected current decision; no summed PA policy gain,True,bcap_swing__mlb_2024_2025__20260909__r01,BCAP-SWING-v0.1.0,swing,2024_2025,COMPLETE,outer_game_nested_procedure_OPE,Q/value/delta/gain: raw W; outcome MSE: W^2; probabilities/coverage: fraction; sample counts: explicit rows/PA/games,Take_adjudicated,Swing_offer_including_bunts,0-1,INNER,NFB,,,,,
cell,0-1|INNER|NFB,always_1,19168.0,0.2905503595183241,0.2825231839102489,0.2985775351263994,0.0155215093513792,0.0088766836069405,0.0221663350958179,season-weighted final PA W per selected current decision; no summed PA policy gain,True,bcap_swing__mlb_2024_2025__20260909__r01,BCAP-SWING-v0.1.0,swing,2024_2025,COMPLETE,outer_game_nested_procedure_OPE,Q/value/delta/gain: raw W; outcome MSE: W^2; probabilities/coverage: fraction; sample counts: explicit rows/PA/games,Take_adjudicated,Swing_offer_including_bunts,0-1,INNER,NFB,,,,,
cell,0-1|INNER|NFB,learned,19168.0,0.2905503595183241,0.2825231839102489,0.2985775351263994,0.0155215093513792,0.0088766836069405,0.0221663350958179,season-weighted final PA W per selected current decision; no summed PA policy gain,True,bcap_swing__mlb_2024_2025__20260909__r01,BCAP-SWING-v0.1.0,swing,2024_2025,COMPLETE,outer_game_nested_procedure_OPE,Q/value/delta/gain: raw W; outcome MSE: W^2; probabilities/coverage: fraction; sample counts: explicit rows/PA/games,Take_adjudicated,Swing_offer_including_bunts,0-1,INNER,NFB,,,,,
cell,0-1|INNER|NFB,conservative,19168.0,0.2750288501669449,0.2676684308598938,0.2823892694739959,0.0,0.0,0.0,season-weighted final PA W per selected current decision; no summed PA policy gain,True,bcap_swing__mlb_2024_2025__20260909__r01,BCAP-SWING-v0.1.0,swing,2024_2025,COMPLETE,outer_game_nested_procedure_OPE,Q/value/delta/gain: raw W; outcome MSE: W^2; probabilities/coverage: fraction; sample counts: explicit rows/PA/games,Take_adjudicated,Swing_offer_including_bunts,0-1,INNER,NFB,,,,,
cell,0-1|INNER|NFB,stochastic_half,19168.0,0.2486635110947897,0.2386348821770915,0.2586921400124878,-0.0263653390721551,-0.0412988003405085,-0.0114318778038018,season-weighted final PA W per selected current decision; no summed PA policy gain,True,bcap_swing__mlb_2024_2025__20260909__r01,BCAP-SWING-v0.1.0,swing,2024_2025,COMPLETE,outer_game_nested_procedure_OPE,Q/value/delta/gain: raw W; outcome MSE: W^2; probabilities/coverage: fraction; sample counts: explicit rows/PA/games,Take_adjudicated,Swing_offer_including_bunts,0-1,INNER,NFB,,,,,
cell,0-1|OUT|FB,observed,39488.0,0.2682890498379254,0.2634987448321307,0.2730793548437202,0.0,0.0,0.0,season-weighted final PA W per selected current decision; no summed PA policy gain,True,bcap_swing__mlb_2024_2025__20260909__r01,BCAP-SWING-v0.1.0,swing,2024_2025,COMPLETE,outer_game_nested_procedure_OPE,Q/value/delta/gain: raw W; outcome MSE: W^2; probabilities/coverage: fraction; sample counts: explicit rows/PA/games,Take_adjudicated,Swing_offer_including_bunts,0-1,OUT,FB,,,,,
cell,0-1|OUT|FB,always_0,39488.0,0.2821461279435445,0.2767157019570211,0.287576553930068,0.0138570781056191,0.0083977517000214,0.0193164045112167,season-weighted final PA W per selected current decision; no summed PA policy gain,True,bcap_swing__mlb_2024_2025__20260909__r01,BCAP-SWING-v0.1.0,swing,2024_2025,COMPLETE,outer_game_nested_procedure_OPE,Q/value/delta/gain: raw W; outcome MSE: W^2; probabilities/coverage: fraction; sample counts: explicit rows/PA/games,Take_adjudicated,Swing_offer_including_bunts,0-1,OUT,FB,,,,,
cell,0-1|OUT|FB,always_1,39488.0,0.2055344420543874,0.1962055351416224,0.2148633489671525,-0.0627546077835379,-0.0806734000433567,-0.0448358155237191,season-weighted final PA W per selected current decision; no summed PA policy gain,True,bcap_swing__mlb_2024_2025__20260909__r01,BCAP-SWING-v0.1.0,swing,2024_2025,COMPLETE,outer_game_nested_procedure_OPE,Q/value/delta/gain: raw W; outcome MSE: W^2; probabilities/coverage: fraction; sample counts: explicit rows/PA/games,Take_adjudicated,Swing_offer_including_bunts,0-1,OUT,FB,,,,,
cell,0-1|OUT|FB,learned,39488.0,0.2821461279435445,0.2767157019570211,0.287576553930068,0.0138570781056191,0.0083977517000214,0.0193164045112167,season-weighted final PA W per selected current decision; no summed PA policy gain,True,bcap_swing__mlb_2024_2025__20260909__r01,BCAP-SWING-v0.1.0,swing,2024_2025,COMPLETE,outer_game_nested_procedure_OPE,Q/value/delta/gain: raw W; outcome MSE: W^2; probabilities/coverage: fraction; sample counts: explicit rows/PA/games,Take_adjudicated,Swing_offer_including_bunts,0-1,OUT,FB,,,,,
cell,0-1|OUT|FB,conservative,39488.0,0.2682890498379254,0.2634987448321307,0.2730793548437202,0.0,0.0,0.0,season-weighted final PA W per selected current decision; no summed PA policy gain,True,bcap_swing__mlb_2024_2025__20260909__r01,BCAP-SWING-v0.1.0,swing,2024_2025,COMPLETE,outer_game_nested_procedure_OPE,Q/value/delta/gain: raw W; outcome MSE: W^2; probabilities/coverage: fraction; sample counts: explicit rows/PA/games,Take_adjudicated,Swing_offer_including_bunts,0-1,OUT,FB,,,,,
cell,0-1|OUT|FB,stochastic_half,39488.0,0.243840284998966,0.2383812469381025,0.2492993230598295,-0.0244487648389594,-0.0313323148198784,-0.0175652148580404,season-weighted final PA W per selected current decision; no summed PA policy gain,True,bcap_swing__mlb_2024_2025__20260909__r01,BCAP-SWING-v0.1.0,swing,2024_2025,COMPLETE,outer_game_nested_procedure_OPE,Q/value/delta/gain: raw W; outcome MSE: W^2; probabilities/coverage: fraction; sample counts: explicit rows/PA/games,Take_adjudicated,Swing_offer_including_bunts,0-1,OUT,FB,,,,,
cell,0-1|OUT|NFB,observed,49344.0,0.2738621919584954,0.2694825234594815,0.2782418604575093,0.0,0.0,0.0,season-weighted final PA W per selected current decision; no summed PA policy gain,True,bcap_swing__mlb_2024_2025__20260909__r01,BCAP-SWING-v0.1.0,swing,2024_2025,COMPLETE,outer_game_nested_procedure_OPE,Q/value/delta/gain: raw W; outcome MSE: W^2; probabilities/coverage: fraction; sample counts: explicit rows/PA/games,Take_adjudicated,Swing_offer_including_bunts,0-1,OUT,NFB,,,,,
cell,0-1|OUT|NFB,always_0,49344.0,0.2980912025000617,0.2927251235038238,0.3034572814962997,0.0242290105415663,0.0180651968612251,0.0303928242219075,season-weighted final PA W per selected current decision; no summed PA policy gain,True,bcap_swing__mlb_2024_2025__20260909__r01,BCAP-SWING-v0.1.0,swing,2024_2025,COMPLETE,outer_game_nested_procedure_OPE,Q/value/delta/gain: raw W; outcome MSE: W^2; probabilities/coverage: fraction; sample counts: explicit rows/PA/games,Take_adjudicated,Swing_offer_including_bunts,0-1,OUT,NFB,,,,,
cell,0-1|OUT|NFB,always_1,49344.0,0.2091524764505857,0.2007644602599755,0.2175404926411958,-0.0647097155079097,-0.0810190447725383,-0.048400386243281,season-weighted final PA W per selected current decision; no summed PA policy gain,True,bcap_swing__mlb_2024_2025__20260909__r01,BCAP-SWING-v0.1.0,swing,2024_2025,COMPLETE,outer_game_nested_procedure_OPE,Q/value/delta/gain: raw W; outcome MSE: W^2; probabilities/coverage: fraction; sample counts: explicit rows/PA/games,Take_adjudicated,Swing_offer_including_bunts,0-1,OUT,NFB,,,,,
cell,0-1|OUT|NFB,learned,49344.0,0.2980912025000617,0.2927251235038238,0.3034572814962997,0.0242290105415663,0.0180651968612251,0.0303928242219075,season-weighted final PA W per selected current decision; no summed PA policy gain,True,bcap_swing__mlb_2024_2025__20260909__r01,BCAP-SWING-v0.1.0,swing,2024_2025,COMPLETE,outer_game_nested_procedure_OPE,Q/value/delta/gain: raw W; outcome MSE: W^2; probabilities/coverage: fraction; sample counts: explicit rows/PA/games,Take_adjudicated,Swing_offer_including_bunts,0-1,OUT,NFB,,,,,
cell,0-1|OUT|NFB,conservative,49344.0,0.2738621919584954,0.2694825234594815,0.2782418604575093,0.0,0.0,0.0,season-weighted final PA W per selected current decision; no summed PA policy gain,True,bcap_swing__mlb_2024_2025__20260909__r01,BCAP-SWING-v0.1.0,swing,2024_2025,COMPLETE,outer_game_nested_procedure_OPE,Q/value/delta/gain: raw W; outcome MSE: W^2; probabilities/coverage: fraction; sample counts: explicit rows/PA/games,Take_adjudicated,Swing_offer_including_bunts,0-1,OUT,NFB,,,,,
cell,0-1|OUT|NFB,stochastic_half,49344.0,0.2536218394753237,0.2486553728345057,0.2585883061161417,-0.0202403524831717,-0.0265565207097105,-0.0139241842566328,season-weighted final PA W per selected current decision; no summed PA policy gain,True,bcap_swing__mlb_2024_2025__20260909__r01,BCAP-SWING-v0.1.0,swing,2024_2025,COMPLETE,outer_game_nested_procedure_OPE,Q/value/delta/gain: raw W; outcome MSE: W^2; probabilities/coverage: fraction; sample counts: explicit rows/PA/games,Take_adjudicated,Swing_offer_including_bunts,0-1,OUT,NFB,,,,,
cell,0-2|BOUNDARY|FB,observed,9437.0,0.1756779696937586,0.1673083179916994,0.1840476213958178,0.0,0.0,0.0,season-weighted final PA W per selected current decision; no summed PA policy gain,True,bcap_swing__mlb_2024_2025__20260909__r01,BCAP-SWING-v0.1.0,swing,2024_2025,COMPLETE,outer_game_nested_procedure_OPE,Q/value/delta/gain: raw W; outcome MSE: W^2; probabilities/coverage: fraction; sample counts: explicit rows/PA/games,Take_adjudicated,Swing_offer_including_bunts,0-2,BOUNDARY,FB,,,,,
cell,0-2|BOUNDARY|FB,always_0,9437.0,0.0982087144366082,0.0825764586791416,0.1138409701940747,-0.0774692552571504,-0.1087748648498465,-0.0461636456644543,season-weighted final PA W per selected current decision; no summed PA policy gain,True,bcap_swing__mlb_2024_2025__20260909__r01,BCAP-SWING-v0.1.0,swing,2024_2025,COMPLETE,outer_game_nested_procedure_OPE,Q/value/delta/gain: raw W; outcome MSE: W^2; probabilities/coverage: fraction; sample counts: explicit rows/PA/games,Take_adjudicated,Swing_offer_including_bunts,0-2,BOUNDARY,FB,,,,,
cell,0-2|BOUNDARY|FB,always_1,9437.0,0.1958411447299431,0.1863000404441049,0.2053822490157814,0.0201631750361845,0.01157491123499,0.028751438837379,season-weighted final PA W per selected current decision; no summed PA policy gain,True,bcap_swing__mlb_2024_2025__20260909__r01,BCAP-SWING-v0.1.0,swing,2024_2025,COMPLETE,outer_game_nested_procedure_OPE,Q/value/delta/gain: raw W; outcome MSE: W^2; probabilities/coverage: fraction; sample counts: explicit rows/PA/games,Take_adjudicated,Swing_offer_including_bunts,0-2,BOUNDARY,FB,,,,,
cell,0-2|BOUNDARY|FB,learned,9437.0,0.1958411447299431,0.1863000404441049,0.2053822490157814,0.0201631750361845,0.01157491123499,0.028751438837379,season-weighted final PA W per selected current decision; no summed PA policy gain,True,bcap_swing__mlb_2024_2025__20260909__r01,BCAP-SWING-v0.1.0,swing,2024_2025,COMPLETE,outer_game_nested_procedure_OPE,Q/value/delta/gain: raw W; outcome MSE: W^2; probabilities/coverage: fraction; sample counts: explicit rows/PA/games,Take_adjudicated,Swing_offer_including_bunts,0-2,BOUNDARY,FB,,,,,
cell,0-2|BOUNDARY|FB,conservative,9437.0,0.1756779696937586,0.1673083179916994,0.1840476213958178,0.0,0.0,0.0,season-weighted final PA W per selected current decision; no summed PA policy gain,True,bcap_swing__mlb_2024_2025__20260909__r01,BCAP-SWING-v0.1.0,swing,2024_2025,COMPLETE,outer_game_nested_procedure_OPE,Q/value/delta/gain: raw W; outcome MSE: W^2; probabilities/coverage: fraction; sample counts: explicit rows/PA/games,Take_adjudicated,Swing_offer_including_bunts,0-2,BOUNDARY,FB,,,,,
cell,0-2|BOUNDARY|FB,stochastic_half,9437.0,0.1470249295832757,0.1379628412924265,0.1560870178741249,-0.0286530401104829,-0.0405563389807134,-0.0167497412402523,season-weighted final PA W per selected current decision; no summed PA policy gain,True,bcap_swing__mlb_2024_2025__20260909__r01,BCAP-SWING-v0.1.0,swing,2024_2025,COMPLETE,outer_game_nested_procedure_OPE,Q/value/delta/gain: raw W; outcome MSE: W^2; probabilities/coverage: fraction; sample counts: explicit rows/PA/games,Take_adjudicated,Swing_offer_including_bunts,0-2,BOUNDARY,FB,,,,,
cell,0-2|BOUNDARY|NFB,observed,8602.0,0.1944901185770751,0.1850268283167515,0.2039534088373986,0.0,0.0,0.0,season-weighted final PA W per selected current decision; no summed PA policy gain,True,bcap_swing__mlb_2024_2025__20260909__r01,BCAP-SWING-v0.1.0,swing,2024_2025,COMPLETE,outer_game_nested_procedure_OPE,Q/value/delta/gain: raw W; outcome MSE: W^2; probabilities/coverage: fraction; sample counts: explicit rows/PA/games,Take_adjudicated,Swing_offer_including_bunts,0-2,BOUNDARY,NFB,,,,,
cell,0-2|BOUNDARY|NFB,always_0,8602.0,0.0993823000288862,0.0796297201338285,0.1191348799239438,-0.0951078185481888,-0.1357067627467901,-0.0545088743495875,season-weighted final PA W per selected current decision; no summed PA policy gain,True,bcap_swing__mlb_2024_2025__20260909__r01,BCAP-SWING-v0.1.0,swing,2024_2025,COMPLETE,outer_game_nested_procedure_OPE,Q/value/delta/gain: raw W; outcome MSE: W^2; probabilities/coverage: fraction; sample counts: explicit rows/PA/games,Take_adjudicated,Swing_offer_including_bunts,0-2,BOUNDARY,NFB,,,,,
cell,0-2|BOUNDARY|NFB,always_1,8602.0,0.2083572920248033,0.1979741294975474,0.2187404545520593,0.0138671734477282,0.0066306206501433,0.0211037262453131,season-weighted final PA W per selected current decision; no summed PA policy gain,True,bcap_swing__mlb_2024_2025__20260909__r01,BCAP-SWING-v0.1.0,swing,2024_2025,COMPLETE,outer_game_nested_procedure_OPE,Q/value/delta/gain: raw W; outcome MSE: W^2; probabilities/coverage: fraction; sample counts: explicit rows/PA/games,Take_adjudicated,Swing_offer_including_bunts,0-2,BOUNDARY,NFB,,,,,
cell,0-2|BOUNDARY|NFB,learned,8602.0,0.2083572920248033,0.1979741294975474,0.2187404545520593,0.0138671734477282,0.0066306206501433,0.0211037262453131,season-weighted final PA W per selected current decision; no summed PA policy gain,True,bcap_swing__mlb_2024_2025__20260909__r01,BCAP-SWING-v0.1.0,swing,2024_2025,COMPLETE,outer_game_nested_procedure_OPE,Q/value/delta/gain: raw W; outcome MSE: W^2; probabilities/coverage: fraction; sample counts: explicit rows/PA/games,Take_adjudicated,Swing_offer_including_bunts,0-2,BOUNDARY,NFB,,,,,
cell,0-2|BOUNDARY|NFB,conservative,8602.0,0.1944901185770751,0.1850268283167515,0.2039534088373986,0.0,0.0,0.0,season-weighted final PA W per selected current decision; no summed PA policy gain,True,bcap_swing__mlb_2024_2025__20260909__r01,BCAP-SWING-v0.1.0,swing,2024_2025,COMPLETE,outer_game_nested_procedure_OPE,Q/value/delta/gain: raw W; outcome MSE: W^2; probabilities/coverage: fraction; sample counts: explicit rows/PA/games,Take_adjudicated,Swing_offer_including_bunts,0-2,BOUNDARY,NFB,,,,,
cell,0-2|BOUNDARY|NFB,stochastic_half,8602.0,0.1538697960268447,0.1426807285748435,0.165058863478846,-0.0406203225502303,-0.0577398194734093,-0.0235008256270512,season-weighted final PA W per selected current decision; no summed PA policy gain,True,bcap_swing__mlb_2024_2025__20260909__r01,BCAP-SWING-v0.1.0,swing,2024_2025,COMPLETE,outer_game_nested_procedure_OPE,Q/value/delta/gain: raw W; outcome MSE: W^2; probabilities/coverage: fraction; sample counts: explicit rows/PA/games,Take_adjudicated,Swing_offer_including_bunts,0-2,BOUNDARY,NFB,,,,,
cell,0-2|INNER|FB,observed,8351.0,0.2293348102023709,0.2188397322622781,0.2398298881424638,0.0,0.0,0.0,season-weighted final PA W per selected current decision; no summed PA policy gain,True,bcap_swing__mlb_2024_2025__20260909__r01,BCAP-SWING-v0.1.0,swing,2024_2025,COMPLETE,outer_game_nested_procedure_OPE,Q/value/delta/gain: raw W; outcome MSE: W^2; probabilities/coverage: fraction; sample counts: explicit rows/PA/games,Take_adjudicated,Swing_offer_including_bunts,0-2,INNER,FB,,,,,
cell,0-2|INNER|FB,always_0,8351.0,0.0187667000510442,0.0114525628699642,0.0260808372321243,-0.2105681101513267,-0.2355738191683438,-0.1855624011343095,season-weighted final PA W per selected current decision; no summed PA policy gain,True,bcap_swing__mlb_2024_2025__20260909__r01,BCAP-SWING-v0.1.0,swing,2024_2025,COMPLETE,outer_game_nested_procedure_OPE,Q/value/delta/gain: raw W; outcome MSE: W^2; probabilities/coverage: fraction; sample counts: explicit rows/PA/games,Take_adjudicated,Swing_offer_including_bunts,0-2,INNER,FB,,,,,
cell,0-2|INNER|FB,always_1,8351.0,0.2541867834694958,0.2426249315576164,0.2657486353813753,0.0248519732671249,0.020352267425777,0.0293516791084727,season-weighted final PA W per selected current decision; no summed PA policy gain,True,bcap_swing__mlb_2024_2025__20260909__r01,BCAP-SWING-v0.1.0,swing,2024_2025,COMPLETE,outer_game_nested_procedure_OPE,Q/value/delta/gain: raw W; outcome MSE: W^2; probabilities/coverage: fraction; sample counts: explicit rows/PA/games,Take_adjudicated,Swing_offer_including_bunts,0-2,INNER,FB,,,,,
cell,0-2|INNER|FB,learned,8351.0,0.2541867834694958,0.2426249315576164,0.2657486353813753,0.0248519732671249,0.020352267425777,0.0293516791084727,season-weighted final PA W per selected current decision; no summed PA policy gain,True,bcap_swing__mlb_2024_2025__20260909__r01,BCAP-SWING-v0.1.0,swing,2024_2025,COMPLETE,outer_game_nested_procedure_OPE,Q/value/delta/gain: raw W; outcome MSE: W^2; probabilities/coverage: fraction; sample counts: explicit rows/PA/games,Take_adjudicated,Swing_offer_including_bunts,0-2,INNER,FB,,,,,
cell,0-2|INNER|FB,conservative,8351.0,0.2293348102023709,0.2188397322622781,0.2398298881424638,0.0,0.0,0.0,season-weighted final PA W per selected current decision; no summed PA policy gain,True,bcap_swing__mlb_2024_2025__20260909__r01,BCAP-SWING-v0.1.0,swing,2024_2025,COMPLETE,outer_game_nested_procedure_OPE,Q/value/delta/gain: raw W; outcome MSE: W^2; probabilities/coverage: fraction; sample counts: explicit rows/PA/games,Take_adjudicated,Swing_offer_including_bunts,0-2,INNER,FB,,,,,
cell,0-2|INNER|FB,stochastic_half,8351.0,0.13647674176027,0.1295935495100851,0.143359934010455,-0.0928580684421008,-0.1035705346227995,-0.0821456022614022,season-weighted final PA W per selected current decision; no summed PA policy gain,True,bcap_swing__mlb_2024_2025__20260909__r01,BCAP-SWING-v0.1.0,swing,2024_2025,COMPLETE,outer_game_nested_procedure_OPE,Q/value/delta/gain: raw W; outcome MSE: W^2; probabilities/coverage: fraction; sample counts: explicit rows/PA/games,Take_adjudicated,Swing_offer_including_bunts,0-2,INNER,FB,,,,,
cell,0-2|INNER|NFB,observed,6346.0,0.238727860069335,0.2261692868089416,0.2512864333297284,0.0,0.0,0.0,season-weighted final PA W per selected current decision; no summed PA policy gain,True,bcap_swing__mlb_2024_2025__20260909__r01,BCAP-SWING-v0.1.0,swing,2024_2025,COMPLETE,outer_game_nested_procedure_OPE,Q/value/delta/gain: raw W; outcome MSE: W^2; probabilities/coverage: fraction; sample counts: explicit rows/PA/games,Take_adjudicated,Swing_offer_including_bunts,0-2,INNER,NFB,,,,,
cell,0-2|INNER|NFB,always_0,6346.0,0.0436591251703797,0.0339395210202751,0.0533787293204844,-0.1950687348989552,-0.2269163303286904,-0.16322113946922,season-weighted final PA W per selected current decision; no summed PA policy gain,True,bcap_swing__mlb_2024_2025__20260909__r01,BCAP-SWING-v0.1.0,swing,2024_2025,COMPLETE,outer_game_nested_procedure_OPE,Q/value/delta/gain: raw W; outcome MSE: W^2; probabilities/coverage: fraction; sample counts: explicit rows/PA/games,Take_adjudicated,Swing_offer_including_bunts,0-2,INNER,NFB,,,,,
cell,0-2|INNER|NFB,always_1,6346.0,0.2545195100166322,0.2407749002858063,0.2682641197474582,0.0157916499472972,0.0113375111021613,0.0202457887924331,season-weighted final PA W per selected current decision; no summed PA policy gain,True,bcap_swing__mlb_2024_2025__20260909__r01,BCAP-SWING-v0.1.0,swing,2024_2025,COMPLETE,outer_game_nested_procedure_OPE,Q/value/delta/gain: raw W; outcome MSE: W^2; probabilities/coverage: fraction; sample counts: explicit rows/PA/games,Take_adjudicated,Swing_offer_including_bunts,0-2,INNER,NFB,,,,,
cell,0-2|INNER|NFB,learned,6346.0,0.2545195100166322,0.2407749002858063,0.2682641197474582,0.0157916499472972,0.0113375111021613,0.0202457887924331,season-weighted final PA W per selected current decision; no summed PA policy gain,True,bcap_swing__mlb_2024_2025__20260909__r01,BCAP-SWING-v0.1.0,swing,2024_2025,COMPLETE,outer_game_nested_procedure_OPE,Q/value/delta/gain: raw W; outcome MSE: W^2; probabilities/coverage: fraction; sample counts: explicit rows/PA/games,Take_adjudicated,Swing_offer_including_bunts,0-2,INNER,NFB,,,,,
cell,0-2|INNER|NFB,conservative,6346.0,0.238727860069335,0.2261692868089416,0.2512864333297284,0.0,0.0,0.0,season-weighted final PA W per selected current decision; no summed PA policy gain,True,bcap_swing__mlb_2024_2025__20260909__r01,BCAP-SWING-v0.1.0,swing,2024_2025,COMPLETE,outer_game_nested_procedure_OPE,Q/value/delta/gain: raw W; outcome MSE: W^2; probabilities/coverage: fraction; sample counts: explicit rows/PA/games,Take_adjudicated,Swing_offer_including_bunts,0-2,INNER,NFB,,,,,
cell,0-2|INNER|NFB,stochastic_half,6346.0,0.149089317593506,0.1406899354516937,0.1574886997353182,-0.0896385424758289,-0.1036643844578152,-0.0756127004938427,season-weighted final PA W per selected current decision; no summed PA policy gain,True,bcap_swing__mlb_2024_2025__20260909__r01,BCAP-SWING-v0.1.0,swing,2024_2025,COMPLETE,outer_game_nested_procedure_OPE,Q/value/delta/gain: raw W; outcome MSE: W^2; probabilities/coverage: fraction; sample counts: explicit rows/PA/games,Take_adjudicated,Swing_offer_including_bunts,0-2,INNER,NFB,,,,,
cell,0-2|OUT|FB,observed,22111.0,0.2019397132648907,0.1960469941091698,0.2078324324206117,0.0,0.0,0.0,season-weighted final PA W per selected current decision; no summed PA policy gain,True,bcap_swing__mlb_2024_2025__20260909__r01,BCAP-SWING-v0.1.0,swing,2024_2025,COMPLETE,outer_game_nested_procedure_OPE,Q/value/delta/gain: raw W; outcome MSE: W^2; probabilities/coverage: fraction; sample counts: explicit rows/PA/games,Take_adjudicated,Swing_offer_including_bunts,0-2,OUT,FB,,,,,
cell,0-2|OUT|FB,always_0,22111.0,0.2173007244405657,0.2105356367836121,0.2240658120975194,0.0153610111756749,0.0078061882505823,0.0229158341007676,season-weighted final PA W per selected current decision; no summed PA policy gain,True,bcap_swing__mlb_2024_2025__20260909__r01,BCAP-SWING-v0.1.0,swing,2024_2025,COMPLETE,outer_game_nested_procedure_OPE,Q/value/delta/gain: raw W; outcome MSE: W^2; probabilities/coverage: fraction; sample counts: explicit rows/PA/games,Take_adjudicated,Swing_offer_including_bunts,0-2,OUT,FB,,,,,
cell,0-2|OUT|FB,always_1,22111.0,0.1440406547948872,0.1346964016566615,0.1533849079331129,-0.0578990584700035,-0.0754128795713173,-0.0403852373686897,season-weighted final PA W per selected current decision; no summed PA policy gain,True,bcap_swing__mlb_2024_2025__20260909__r01,BCAP-SWING-v0.1.0,swing,2024_2025,COMPLETE,outer_game_nested_procedure_OPE,Q/value/delta/gain: raw W; outcome MSE: W^2; probabilities/coverage: fraction; sample counts: explicit rows/PA/games,Take_adjudicated,Swing_offer_including_bunts,0-2,OUT,FB,,,,,
cell,0-2|OUT|FB,learned,22111.0,0.2173007244405657,0.2105356367836121,0.2240658120975194,0.0153610111756749,0.0078061882505823,0.0229158341007676,season-weighted final PA W per selected current decision; no summed PA policy gain,True,bcap_swing__mlb_2024_2025__20260909__r01,BCAP-SWING-v0.1.0,swing,2024_2025,COMPLETE,outer_game_nested_procedure_OPE,Q/value/delta/gain: raw W; outcome MSE: W^2; probabilities/coverage: fraction; sample counts: explicit rows/PA/games,Take_adjudicated,Swing_offer_including_bunts,0-2,OUT,FB,,,,,
cell,0-2|OUT|FB,conservative,22111.0,0.2019397132648907,0.1960469941091698,0.2078324324206117,0.0,0.0,0.0,season-weighted final PA W per selected current decision; no summed PA policy gain,True,bcap_swing__mlb_2024_2025__20260909__r01,BCAP-SWING-v0.1.0,swing,2024_2025,COMPLETE,outer_game_nested_procedure_OPE,Q/value/delta/gain: raw W; outcome MSE: W^2; probabilities/coverage: fraction; sample counts: explicit rows/PA/games,Take_adjudicated,Swing_offer_including_bunts,0-2,OUT,FB,,,,,
cell,0-2|OUT|FB,stochastic_half,22111.0,0.1806706896177264,0.1747745246088234,0.1865668546266295,-0.0212690236471642,-0.0275068056181969,-0.0150312416761316,season-weighted final PA W per selected current decision; no summed PA policy gain,True,bcap_swing__mlb_2024_2025__20260909__r01,BCAP-SWING-v0.1.0,swing,2024_2025,COMPLETE,outer_game_nested_procedure_OPE,Q/value/delta/gain: raw W; outcome MSE: W^2; probabilities/coverage: fraction; sample counts: explicit rows/PA/games,Take_adjudicated,Swing_offer_including_bunts,0-2,OUT,FB,,,,,
cell,0-2|OUT|NFB,observed,36639.0,0.1886840252190288,0.1842378362488444,0.1931302141892133,0.0,0.0,0.0,season-weighted final PA W per selected current decision; no summed PA policy gain,True,bcap_swing__mlb_2024_2025__20260909__r01,BCAP-SWING-v0.1.0,swing,2024_2025,COMPLETE,outer_game_nested_procedure_OPE,Q/value/delta/gain: raw W; outcome MSE: W^2; probabilities/coverage: fraction; sample counts: explicit rows/PA/games,Take_adjudicated,Swing_offer_including_bunts,0-2,OUT,NFB,,,,,
cell,0-2|OUT|NFB,always_0,36639.0,0.2213681491865067,0.2157369469062646,0.2269993514667489,0.0326841239674778,0.0261828669303208,0.0391853810046349,season-weighted final PA W per selected current decision; no summed PA policy gain,True,bcap_swing__mlb_2024_2025__20260909__r01,BCAP-SWING-v0.1.0,swing,2024_2025,COMPLETE,outer_game_nested_procedure_OPE,Q/value/delta/gain: raw W; outcome MSE: W^2; probabilities/coverage: fraction; sample counts: explicit rows/PA/games,Take_adjudicated,Swing_offer_including_bunts,0-2,OUT,NFB,,,,,
cell,0-2|OUT|NFB,always_1,36639.0,0.0933557983953433,0.0882266068464254,0.0984849899442613,-0.0953282268236855,-0.1054530379274,-0.0852034157199709,season-weighted final PA W per selected current decision; no summed PA policy gain,True,bcap_swing__mlb_2024_2025__20260909__r01,BCAP-SWING-v0.1.0,swing,2024_2025,COMPLETE,outer_game_nested_procedure_OPE,Q/value/delta/gain: raw W; outcome MSE: W^2; probabilities/coverage: fraction; sample counts: explicit rows/PA/games,Take_adjudicated,Swing_offer_including_bunts,0-2,OUT,NFB,,,,,
cell,0-2|OUT|NFB,learned,36639.0,0.2213681491865067,0.2157369469062646,0.2269993514667489,0.0326841239674778,0.0261828669303208,0.0391853810046349,season-weighted final PA W per selected current decision; no summed PA policy gain,True,bcap_swing__mlb_2024_2025__20260909__r01,BCAP-SWING-v0.1.0,swing,2024_2025,COMPLETE,outer_game_nested_procedure_OPE,Q/value/delta/gain: raw W; outcome MSE: W^2; probabilities/coverage: fraction; sample counts: explicit rows/PA/games,Take_adjudicated,Swing_offer_including_bunts,0-2,OUT,NFB,,,,,
cell,0-2|OUT|NFB,conservative,36639.0,0.1886840252190288,0.1842378362488444,0.1931302141892133,0.0,0.0,0.0,season-weighted final PA W per selected current decision; no summed PA policy gain,True,bcap_swing__mlb_2024_2025__20260909__r01,BCAP-SWING-v0.1.0,swing,2024_2025,COMPLETE,outer_game_nested_procedure_OPE,Q/value/delta/gain: raw W; outcome MSE: W^2; probabilities/coverage: fraction; sample counts: explicit rows/PA/games,Take_adjudicated,Swing_offer_including_bunts,0-2,OUT,NFB,,,,,
cell,0-2|OUT|NFB,stochastic_half,36639.0,0.1573619737909251,0.153405027287207,0.1613189202946431,-0.0313220514281038,-0.0348298548170433,-0.0278142480391643,season-weighted final PA W per selected current decision; no summed PA policy gain,True,bcap_swing__mlb_2024_2025__20260909__r01,BCAP-SWING-v0.1.0,swing,2024_2025,COMPLETE,outer_game_nested_procedure_OPE,Q/value/delta/gain: raw W; outcome MSE: W^2; probabilities/coverage: fraction; sample counts: explicit rows/PA/games,Take_adjudicated,Swing_offer_including_bunts,0-2,OUT,NFB,,,,,
cell,1-0|BOUNDARY|FB,observed,22231.0,0.3198597454005668,0.3130226260686265,0.326696864732507,0.0,0.0,0.0,season-weighted final PA W per selected current decision; no summed PA policy gain,True,bcap_swing__mlb_2024_2025__20260909__r01,BCAP-SWING-v0.1.0,swing,2024_2025,COMPLETE,outer_game_nested_procedure_OPE,Q/value/delta/gain: raw W; outcome MSE: W^2; probabilities/coverage: fraction; sample counts: explicit rows/PA/games,Take_adjudicated,Swing_offer_including_bunts,1-0,BOUNDARY,FB,,,,,
cell,1-0|BOUNDARY|FB,always_0,22231.0,0.3203657707880082,0.3112495043877689,0.3294820371882476,0.0005060253874414,-0.0134778189854189,0.0144898697603019,season-weighted final PA W per selected current decision; no summed PA policy gain,True,bcap_swing__mlb_2024_2025__20260909__r01,BCAP-SWING-v0.1.0,swing,2024_2025,COMPLETE,outer_game_nested_procedure_OPE,Q/value/delta/gain: raw W; outcome MSE: W^2; probabilities/coverage: fraction; sample counts: explicit rows/PA/games,Take_adjudicated,Swing_offer_including_bunts,1-0,BOUNDARY,FB,,,,,
cell,1-0|BOUNDARY|FB,always_1,22231.0,0.3179407697751226,0.3077847650318762,0.3280967745183689,-0.0019189756254442,-0.0172288496586001,0.0133908984077117,season-weighted final PA W per selected current decision; no summed PA policy gain,True,bcap_swing__mlb_2024_2025__20260909__r01,BCAP-SWING-v0.1.0,swing,2024_2025,COMPLETE,outer_game_nested_procedure_OPE,Q/value/delta/gain: raw W; outcome MSE: W^2; probabilities/coverage: fraction; sample counts: explicit rows/PA/games,Take_adjudicated,Swing_offer_including_bunts,1-0,BOUNDARY,FB,,,,,
cell,1-0|BOUNDARY|FB,learned,22231.0,0.3159903110262375,0.3064503765410506,0.3255302455114244,-0.0038694343743292,-0.0183208328135718,0.0105819640649133,season-weighted final PA W per selected current decision; no summed PA policy gain,True,bcap_swing__mlb_2024_2025__20260909__r01,BCAP-SWING-v0.1.0,swing,2024_2025,COMPLETE,outer_game_nested_procedure_OPE,Q/value/delta/gain: raw W; outcome MSE: W^2; probabilities/coverage: fraction; sample counts: explicit rows/PA/games,Take_adjudicated,Swing_offer_including_bunts,1-0,BOUNDARY,FB,,,,,
cell,1-0|BOUNDARY|FB,conservative,22231.0,0.3198597454005668,0.3130226260686265,0.326696864732507,0.0,0.0,0.0,season-weighted final PA W per selected current decision; no summed PA policy gain,True,bcap_swing__mlb_2024_2025__20260909__r01,BCAP-SWING-v0.1.0,swing,2024_2025,COMPLETE,outer_game_nested_procedure_OPE,Q/value/delta/gain: raw W; outcome MSE: W^2; probabilities/coverage: fraction; sample counts: explicit rows/PA/games,Take_adjudicated,Swing_offer_including_bunts,1-0,BOUNDARY,FB,,,,,
cell,1-0|BOUNDARY|FB,stochastic_half,22231.0,0.3191532702815653,0.3122611552366809,0.3260453853264498,-0.0007064751190013,-0.0038141806645015,0.0024012304264988,season-weighted final PA W per selected current decision; no summed PA policy gain,True,bcap_swing__mlb_2024_2025__20260909__r01,BCAP-SWING-v0.1.0,swing,2024_2025,COMPLETE,outer_game_nested_procedure_OPE,Q/value/delta/gain: raw W; outcome MSE: W^2; probabilities/coverage: fraction; sample counts: explicit rows/PA/games,Take_adjudicated,Swing_offer_including_bunts,1-0,BOUNDARY,FB,,,,,
cell,1-0|BOUNDARY|NFB,observed,13718.0,0.3164357778101764,0.3078915934786065,0.3249799621417463,0.0,0.0,0.0,season-weighted final PA W per selected current decision; no summed PA policy gain,True,bcap_swing__mlb_2024_2025__20260909__r01,BCAP-SWING-v0.1.0,swing,2024_2025,COMPLETE,outer_game_nested_procedure_OPE,Q/value/delta/gain: raw W; outcome MSE: W^2; probabilities/coverage: fraction; sample counts: explicit rows/PA/games,Take_adjudicated,Swing_offer_including_bunts,1-0,BOUNDARY,NFB,,,,,
cell,1-0|BOUNDARY|NFB,always_0,13718.0,0.3263078472765111,0.3141326695844507,0.3384830249685714,0.0098720694663346,-0.0084660303029068,0.0282101692355762,season-weighted final PA W per selected current decision; no summed PA policy gain,True,bcap_swing__mlb_2024_2025__20260909__r01,BCAP-SWING-v0.1.0,swing,2024_2025,COMPLETE,outer_game_nested_procedure_OPE,Q/value/delta/gain: raw W; outcome MSE: W^2; probabilities/coverage: fraction; sample counts: explicit rows/PA/games,Take_adjudicated,Swing_offer_including_bunts,1-0,BOUNDARY,NFB,,,,,
cell,1-0|BOUNDARY|NFB,always_1,13718.0,0.3051957017273046,0.2930335920929541,0.3173578113616552,-0.0112400760828717,-0.0298843247146859,0.0074041725489424,season-weighted final PA W per selected current decision; no summed PA policy gain,True,bcap_swing__mlb_2024_2025__20260909__r01,BCAP-SWING-v0.1.0,swing,2024_2025,COMPLETE,outer_game_nested_procedure_OPE,Q/value/delta/gain: raw W; outcome MSE: W^2; probabilities/coverage: fraction; sample counts: explicit rows/PA/games,Take_adjudicated,Swing_offer_including_bunts,1-0,BOUNDARY,NFB,,,,,
cell,1-0|BOUNDARY|NFB,learned,13718.0,0.3263078472765111,0.3141326695844507,0.3384830249685714,0.0098720694663346,-0.0084660303029068,0.0282101692355762,season-weighted final PA W per selected current decision; no summed PA policy gain,True,bcap_swing__mlb_2024_2025__20260909__r01,BCAP-SWING-v0.1.0,swing,2024_2025,COMPLETE,outer_game_nested_procedure_OPE,Q/value/delta/gain: raw W; outcome MSE: W^2; probabilities/coverage: fraction; sample counts: explicit rows/PA/games,Take_adjudicated,Swing_offer_including_bunts,1-0,BOUNDARY,NFB,,,,,
cell,1-0|BOUNDARY|NFB,conservative,13718.0,0.3164357778101764,0.3078915934786065,0.3249799621417463,0.0,0.0,0.0,season-weighted final PA W per selected current decision; no summed PA policy gain,True,bcap_swing__mlb_2024_2025__20260909__r01,BCAP-SWING-v0.1.0,swing,2024_2025,COMPLETE,outer_game_nested_procedure_OPE,Q/value/delta/gain: raw W; outcome MSE: W^2; probabilities/coverage: fraction; sample counts: explicit rows/PA/games,Take_adjudicated,Swing_offer_including_bunts,1-0,BOUNDARY,NFB,,,,,
cell,1-0|BOUNDARY|NFB,stochastic_half,13718.0,0.3157517745019078,0.3070508877486989,0.3244526612551167,-0.0006840033082685,-0.0047144669601057,0.0033464603435687,season-weighted final PA W per selected current decision; no summed PA policy gain,True,bcap_swing__mlb_2024_2025__20260909__r01,BCAP-SWING-v0.1.0,swing,2024_2025,COMPLETE,outer_game_nested_procedure_OPE,Q/value/delta/gain: raw W; outcome MSE: W^2; probabilities/coverage: fraction; sample counts: explicit rows/PA/games,Take_adjudicated,Swing_offer_including_bunts,1-0,BOUNDARY,NFB,,,,,
cell,1-0|INNER|FB,observed,28637.0,0.3310360372944093,0.3246736609501675,0.3373984136386511,0.0,0.0,0.0,season-weighted final PA W per selected current decision; no summed PA policy gain,True,bcap_swing__mlb_2024_2025__20260909__r01,BCAP-SWING-v0.1.0,swing,2024_2025,COMPLETE,outer_game_nested_procedure_OPE,Q/value/delta/gain: raw W; outcome MSE: W^2; probabilities/coverage: fraction; sample counts: explicit rows/PA/games,Take_adjudicated,Swing_offer_including_bunts,1-0,INNER,FB,,,,,
cell,1-0|INNER|FB,always_0,28637.0,0.2899218475850569,0.2776044289522257,0.302239266217888,-0.0411141897093523,-0.0642784214875095,-0.0179499579311951,season-weighted final PA W per selected current decision; no summed PA policy gain,True,bcap_swing__mlb_2024_2025__20260909__r01,BCAP-SWING-v0.1.0,swing,2024_2025,COMPLETE,outer_game_nested_procedure_OPE,Q/value/delta/gain: raw W; outcome MSE: W^2; probabilities/coverage: fraction; sample counts: explicit rows/PA/games,Take_adjudicated,Swing_offer_including_bunts,1-0,INNER,FB,,,,,
cell,1-0|INNER|FB,always_1,28637.0,0.3490864387984679,0.3415716992826179,0.356601178314318,0.0180504015040586,0.0101662633100451,0.0259345396980721,season-weighted final PA W per selected current decision; no summed PA policy gain,True,bcap_swing__mlb_2024_2025__20260909__r01,BCAP-SWING-v0.1.0,swing,2024_2025,COMPLETE,outer_game_nested_procedure_OPE,Q/value/delta/gain: raw W; outcome MSE: W^2; probabilities/coverage: fraction; sample counts: explicit rows/PA/games,Take_adjudicated,Swing_offer_including_bunts,1-0,INNER,FB,,,,,
cell,1-0|INNER|FB,learned,28637.0,0.3490864387984679,0.3415716992826179,0.356601178314318,0.0180504015040586,0.0101662633100451,0.0259345396980721,season-weighted final PA W per selected current decision; no summed PA policy gain,True,bcap_swing__mlb_2024_2025__20260909__r01,BCAP-SWING-v0.1.0,swing,2024_2025,COMPLETE,outer_game_nested_procedure_OPE,Q/value/delta/gain: raw W; outcome MSE: W^2; probabilities/coverage: fraction; sample counts: explicit rows/PA/games,Take_adjudicated,Swing_offer_including_bunts,1-0,INNER,FB,,,,,
cell,1-0|INNER|FB,conservative,28637.0,0.3310360372944093,0.3246736609501675,0.3373984136386511,0.0,0.0,0.0,season-weighted final PA W per selected current decision; no summed PA policy gain,True,bcap_swing__mlb_2024_2025__20260909__r01,BCAP-SWING-v0.1.0,swing,2024_2025,COMPLETE,outer_game_nested_procedure_OPE,Q/value/delta/gain: raw W; outcome MSE: W^2; probabilities/coverage: fraction; sample counts: explicit rows/PA/games,Take_adjudicated,Swing_offer_including_bunts,1-0,INNER,FB,,,,,
cell,1-0|INNER|FB,stochastic_half,28637.0,0.3195041431917624,0.3122710969471905,0.3267371894363344,-0.0115318941026468,-0.0196785653226721,-0.0033852228826216,season-weighted final PA W per selected current decision; no summed PA policy gain,True,bcap_swing__mlb_2024_2025__20260909__r01,BCAP-SWING-v0.1.0,swing,2024_2025,COMPLETE,outer_game_nested_procedure_OPE,Q/value/delta/gain: raw W; outcome MSE: W^2; probabilities/coverage: fraction; sample counts: explicit rows/PA/games,Take_adjudicated,Swing_offer_including_bunts,1-0,INNER,FB,,,,,
cell,1-0|INNER|NFB,observed,15689.0,0.3273904009178405,0.3187043654778933,0.3360764363577876,0.0,0.0,0.0,season-weighted final PA W per selected current decision; no summed PA policy gain,True,bcap_swing__mlb_2024_2025__20260909__r01,BCAP-SWING-v0.1.0,swing,2024_2025,COMPLETE,outer_game_nested_procedure_OPE,Q/value/delta/gain: raw W; outcome MSE: W^2; probabilities/coverage: fraction; sample counts: explicit rows/PA/games,Take_adjudicated,Swing_offer_including_bunts,1-0,INNER,NFB,,,,,
cell,1-0|INNER|NFB,always_0,15689.0,0.2935236762508095,0.2797078898860053,0.3073394626156136,-0.033866724667031,-0.058240132729616,-0.009493316604446,season-weighted final PA W per selected current decision; no summed PA policy gain,True,bcap_swing__mlb_2024_2025__20260909__r01,BCAP-SWING-v0.1.0,swing,2024_2025,COMPLETE,outer_game_nested_procedure_OPE,Q/value/delta/gain: raw W; outcome MSE: W^2; probabilities/coverage: fraction; sample counts: explicit rows/PA/games,Take_adjudicated,Swing_offer_including_bunts,1-0,INNER,NFB,,,,,
cell,1-0|INNER|NFB,always_1,15689.0,0.348653564910116,0.3375946287599035,0.3597125010603286,0.0212631639922755,0.0081190426915431,0.0344072852930078,season-weighted final PA W per selected current decision; no summed PA policy gain,True,bcap_swing__mlb_2024_2025__20260909__r01,BCAP-SWING-v0.1.0,swing,2024_2025,COMPLETE,outer_game_nested_procedure_OPE,Q/value/delta/gain: raw W; outcome MSE: W^2; probabilities/coverage: fraction; sample counts: explicit rows/PA/games,Take_adjudicated,Swing_offer_including_bunts,1-0,INNER,NFB,,,,,
cell,1-0|INNER|NFB,learned,15689.0,0.348653564910116,0.3375946287599035,0.3597125010603286,0.0212631639922755,0.0081190426915431,0.0344072852930078,season-weighted final PA W per selected current decision; no summed PA policy gain,True,bcap_swing__mlb_2024_2025__20260909__r01,BCAP-SWING-v0.1.0,swing,2024_2025,COMPLETE,outer_game_nested_procedure_OPE,Q/value/delta/gain: raw W; outcome MSE: W^2; probabilities/coverage: fraction; sample counts: explicit rows/PA/games,Take_adjudicated,Swing_offer_including_bunts,1-0,INNER,NFB,,,,,
cell,1-0|INNER|NFB,conservative,15689.0,0.3273904009178405,0.3187043654778933,0.3360764363577876,0.0,0.0,0.0,season-weighted final PA W per selected current decision; no summed PA policy gain,True,bcap_swing__mlb_2024_2025__20260909__r01,BCAP-SWING-v0.1.0,swing,2024_2025,COMPLETE,outer_game_nested_procedure_OPE,Q/value/delta/gain: raw W; outcome MSE: W^2; probabilities/coverage: fraction; sample counts: explicit rows/PA/games,Take_adjudicated,Swing_offer_including_bunts,1-0,INNER,NFB,,,,,
cell,1-0|INNER|NFB,stochastic_half,15689.0,0.3210886205804628,0.3120596372738785,0.330117603887047,-0.0063017803373777,-0.0130544481921337,0.0004508875173782,season-weighted final PA W per selected current decision; no summed PA policy gain,True,bcap_swing__mlb_2024_2025__20260909__r01,BCAP-SWING-v0.1.0,swing,2024_2025,COMPLETE,outer_game_nested_procedure_OPE,Q/value/delta/gain: raw W; outcome MSE: W^2; probabilities/coverage: fraction; sample counts: explicit rows/PA/games,Take_adjudicated,Swing_offer_including_bunts,1-0,INNER,NFB,,,,,
cell,1-0|OUT|FB,observed,27691.0,0.3840270846123289,0.3780730751138725,0.3899810941107852,0.0,0.0,0.0,season-weighted final PA W per selected current decision; no summed PA policy gain,True,bcap_swing__mlb_2024_2025__20260909__r01,BCAP-SWING-v0.1.0,swing,2024_2025,COMPLETE,outer_game_nested_procedure_OPE,Q/value/delta/gain: raw W; outcome MSE: W^2; probabilities/coverage: fraction; sample counts: explicit rows/PA/games,Take_adjudicated,Swing_offer_including_bunts,1-0,OUT,FB,,,,,
cell,1-0|OUT|FB,always_0,27691.0,0.40325880771583,0.3966307881825414,0.4098868272491185,0.0192317231035011,0.0128588347675901,0.0256046114394121,season-weighted final PA W per selected current decision; no summed PA policy gain,True,bcap_swing__mlb_2024_2025__20260909__r01,BCAP-SWING-v0.1.0,swing,2024_2025,COMPLETE,outer_game_nested_procedure_OPE,Q/value/delta/gain: raw W; outcome MSE: W^2; probabilities/coverage: fraction; sample counts: explicit rows/PA/games,Take_adjudicated,Swing_offer_including_bunts,1-0,OUT,FB,,,,,
cell,1-0|OUT|FB,always_1,27691.0,0.2907171665957306,0.2765895475326528,0.3048447856588085,-0.0933099180165982,-0.1211324605326995,-0.0654873755004969,season-weighted final PA W per selected current decision; no summed PA policy gain,True,bcap_swing__mlb_2024_2025__20260909__r01,BCAP-SWING-v0.1.0,swing,2024_2025,COMPLETE,outer_game_nested_procedure_OPE,Q/value/delta/gain: raw W; outcome MSE: W^2; probabilities/coverage: fraction; sample counts: explicit rows/PA/games,Take_adjudicated,Swing_offer_including_bunts,1-0,OUT,FB,,,,,
cell,1-0|OUT|FB,learned,27691.0,0.40325880771583,0.3966307881825414,0.4098868272491185,0.0192317231035011,0.0128588347675901,0.0256046114394121,season-weighted final PA W per selected current decision; no summed PA policy gain,True,bcap_swing__mlb_2024_2025__20260909__r01,BCAP-SWING-v0.1.0,swing,2024_2025,COMPLETE,outer_game_nested_procedure_OPE,Q/value/delta/gain: raw W; outcome MSE: W^2; probabilities/coverage: fraction; sample counts: explicit rows/PA/games,Take_adjudicated,Swing_offer_including_bunts,1-0,OUT,FB,,,,,
cell,1-0|OUT|FB,conservative,27691.0,0.3840270846123289,0.3780730751138725,0.3899810941107852,0.0,0.0,0.0,season-weighted final PA W per selected current decision; no summed PA policy gain,True,bcap_swing__mlb_2024_2025__20260909__r01,BCAP-SWING-v0.1.0,swing,2024_2025,COMPLETE,outer_game_nested_procedure_OPE,Q/value/delta/gain: raw W; outcome MSE: W^2; probabilities/coverage: fraction; sample counts: explicit rows/PA/games,Take_adjudicated,Swing_offer_including_bunts,1-0,OUT,FB,,,,,
cell,1-0|OUT|FB,stochastic_half,27691.0,0.3469879871557804,0.3392164457121819,0.3547595285993788,-0.0370390974565485,-0.0484941336731276,-0.0255840612399694,season-weighted final PA W per selected current decision; no summed PA policy gain,True,bcap_swing__mlb_2024_2025__20260909__r01,BCAP-SWING-v0.1.0,swing,2024_2025,COMPLETE,outer_game_nested_procedure_OPE,Q/value/delta/gain: raw W; outcome MSE: W^2; probabilities/coverage: fraction; sample counts: explicit rows/PA/games,Take_adjudicated,Swing_offer_including_bunts,1-0,OUT,FB,,,,,
cell,1-0|OUT|NFB,observed,23683.0,0.3889082464214837,0.382319534130084,0.3954969587128835,0.0,0.0,0.0,season-weighted final PA W per selected current decision; no summed PA policy gain,True,bcap_swing__mlb_2024_2025__20260909__r01,BCAP-SWING-v0.1.0,swing,2024_2025,COMPLETE,outer_game_nested_procedure_OPE,Q/value/delta/gain: raw W; outcome MSE: W^2; probabilities/coverage: fraction; sample counts: explicit rows/PA/games,Take_adjudicated,Swing_offer_including_bunts,1-0,OUT,NFB,,,,,
cell,1-0|OUT|NFB,always_0,23683.0,0.4195553553004688,0.4121002378787881,0.4270104727221495,0.030647108878985,0.0224290160787672,0.0388652016792027,season-weighted final PA W per selected current decision; no summed PA policy gain,True,bcap_swing__mlb_2024_2025__20260909__r01,BCAP-SWING-v0.1.0,swing,2024_2025,COMPLETE,outer_game_nested_procedure_OPE,Q/value/delta/gain: raw W; outcome MSE: W^2; probabilities/coverage: fraction; sample counts: explicit rows/PA/games,Take_adjudicated,Swing_offer_including_bunts,1-0,OUT,NFB,,,,,
cell,1-0|OUT|NFB,always_1,23683.0,0.2873732369641699,0.2717373472268298,0.30300912670151,-0.1015350094573138,-0.1317023854431729,-0.0713676334714546,season-weighted final PA W per selected current decision; no summed PA policy gain,True,bcap_swing__mlb_2024_2025__20260909__r01,BCAP-SWING-v0.1.0,swing,2024_2025,COMPLETE,outer_game_nested_procedure_OPE,Q/value/delta/gain: raw W; outcome MSE: W^2; probabilities/coverage: fraction; sample counts: explicit rows/PA/games,Take_adjudicated,Swing_offer_including_bunts,1-0,OUT,NFB,,,,,
cell,1-0|OUT|NFB,learned,23683.0,0.4195553553004688,0.4121002378787881,0.4270104727221495,0.030647108878985,0.0224290160787672,0.0388652016792027,season-weighted final PA W per selected current decision; no summed PA policy gain,True,bcap_swing__mlb_2024_2025__20260909__r01,BCAP-SWING-v0.1.0,swing,2024_2025,COMPLETE,outer_game_nested_procedure_OPE,Q/value/delta/gain: raw W; outcome MSE: W^2; probabilities/coverage: fraction; sample counts: explicit rows/PA/games,Take_adjudicated,Swing_offer_including_bunts,1-0,OUT,NFB,,,,,
cell,1-0|OUT|NFB,conservative,23683.0,0.3889082464214837,0.382319534130084,0.3954969587128835,0.0,0.0,0.0,season-weighted final PA W per selected current decision; no summed PA policy gain,True,bcap_swing__mlb_2024_2025__20260909__r01,BCAP-SWING-v0.1.0,swing,2024_2025,COMPLETE,outer_game_nested_procedure_OPE,Q/value/delta/gain: raw W; outcome MSE: W^2; probabilities/coverage: fraction; sample counts: explicit rows/PA/games,Take_adjudicated,Swing_offer_including_bunts,1-0,OUT,NFB,,,,,
cell,1-0|OUT|NFB,stochastic_half,23683.0,0.3534642961323193,0.344781711775987,0.3621468804886517,-0.0354439502891644,-0.0478095182129818,-0.0230783823653469,season-weighted final PA W per selected current decision; no summed PA policy gain,True,bcap_swing__mlb_2024_2025__20260909__r01,BCAP-SWING-v0.1.0,swing,2024_2025,COMPLETE,outer_game_nested_procedure_OPE,Q/value/delta/gain: raw W; outcome MSE: W^2; probabilities/coverage: fraction; sample counts: explicit rows/PA/games,Take_adjudicated,Swing_offer_including_bunts,1-0,OUT,NFB,,,,,
cell,1-1|BOUNDARY|FB,observed,19164.0,0.2620115320392402,0.2553317408586089,0.2686913232198716,0.0,0.0,0.0,season-weighted final PA W per selected current decision; no summed PA policy gain,True,bcap_swing__mlb_2024_2025__20260909__r01,BCAP-SWING-v0.1.0,swing,2024_2025,COMPLETE,outer_game_nested_procedure_OPE,Q/value/delta/gain: raw W; outcome MSE: W^2; probabilities/coverage: fraction; sample counts: explicit rows/PA/games,Take_adjudicated,Swing_offer_including_bunts,1-1,BOUNDARY,FB,,,,,
cell,1-1|BOUNDARY|FB,always_0,19164.0,0.2533091507587685,0.2405307450511819,0.2660875564663551,-0.0087023812804717,-0.0316022886173608,0.0141975260564174,season-weighted final PA W per selected current decision; no summed PA policy gain,True,bcap_swing__mlb_2024_2025__20260909__r01,BCAP-SWING-v0.1.0,swing,2024_2025,COMPLETE,outer_game_nested_procedure_OPE,Q/value/delta/gain: raw W; outcome MSE: W^2; probabilities/coverage: fraction; sample counts: explicit rows/PA/games,Take_adjudicated,Swing_offer_including_bunts,1-1,BOUNDARY,FB,,,,,
cell,1-1|BOUNDARY|FB,always_1,19164.0,0.2624428557522067,0.2545397339393697,0.2703459775650437,0.0004313237129664,-0.0092786682760836,0.0101413157020164,season-weighted final PA W per selected current decision; no summed PA policy gain,True,bcap_swing__mlb_2024_2025__20260909__r01,BCAP-SWING-v0.1.0,swing,2024_2025,COMPLETE,outer_game_nested_procedure_OPE,Q/value/delta/gain: raw W; outcome MSE: W^2; probabilities/coverage: fraction; sample counts: explicit rows/PA/games,Take_adjudicated,Swing_offer_including_bunts,1-1,BOUNDARY,FB,,,,,
cell,1-1|BOUNDARY|FB,learned,19164.0,0.2624428557522067,0.2545397339393697,0.2703459775650437,0.0004313237129664,-0.0092786682760836,0.0101413157020164,season-weighted final PA W per selected current decision; no summed PA policy gain,True,bcap_swing__mlb_2024_2025__20260909__r01,BCAP-SWING-v0.1.0,swing,2024_2025,COMPLETE,outer_game_nested_procedure_OPE,Q/value/delta/gain: raw W; outcome MSE: W^2; probabilities/coverage: fraction; sample counts: explicit rows/PA/games,Take_adjudicated,Swing_offer_including_bunts,1-1,BOUNDARY,FB,,,,,
cell,1-1|BOUNDARY|FB,conservative,19164.0,0.2620115320392402,0.2553317408586089,0.2686913232198716,0.0,0.0,0.0,season-weighted final PA W per selected current decision; no summed PA policy gain,True,bcap_swing__mlb_2024_2025__20260909__r01,BCAP-SWING-v0.1.0,swing,2024_2025,COMPLETE,outer_game_nested_procedure_OPE,Q/value/delta/gain: raw W; outcome MSE: W^2; probabilities/coverage: fraction; sample counts: explicit rows/PA/games,Take_adjudicated,Swing_offer_including_bunts,1-1,BOUNDARY,FB,,,,,
cell,1-1|BOUNDARY|FB,stochastic_half,19164.0,0.2578760032554876,0.2503819886314093,0.2653700178795659,-0.0041355287837526,-0.0114927577718979,0.0032217002043926,season-weighted final PA W per selected current decision; no summed PA policy gain,True,bcap_swing__mlb_2024_2025__20260909__r01,BCAP-SWING-v0.1.0,swing,2024_2025,COMPLETE,outer_game_nested_procedure_OPE,Q/value/delta/gain: raw W; outcome MSE: W^2; probabilities/coverage: fraction; sample counts: explicit rows/PA/games,Take_adjudicated,Swing_offer_including_bunts,1-1,BOUNDARY,FB,,,,,
cell,1-1|BOUNDARY|NFB,observed,16546.0,0.2612834521938837,0.2541554600204803,0.2684114443672871,0.0,0.0,0.0,season-weighted final PA W per selected current decision; no summed PA policy gain,True,bcap_swing__mlb_2024_2025__20260909__r01,BCAP-SWING-v0.1.0,swing,2024_2025,COMPLETE,outer_game_nested_procedure_OPE,Q/value/delta/gain: raw W; outcome MSE: W^2; probabilities/coverage: fraction; sample counts: explicit rows/PA/games,Take_adjudicated,Swing_offer_including_bunts,1-1,BOUNDARY,NFB,,,,,
cell,1-1|BOUNDARY|NFB,always_0,16546.0,0.2527043268097156,0.2373399295995642,0.2680687240198671,-0.008579125384168,-0.036800715252072,0.0196424644837359,season-weighted final PA W per selected current decision; no summed PA policy gain,True,bcap_swing__mlb_2024_2025__20260909__r01,BCAP-SWING-v0.1.0,swing,2024_2025,COMPLETE,outer_game_nested_procedure_OPE,Q/value/delta/gain: raw W; outcome MSE: W^2; probabilities/coverage: fraction; sample counts: explicit rows/PA/games,Take_adjudicated,Swing_offer_including_bunts,1-1,BOUNDARY,NFB,,,,,
cell,1-1|BOUNDARY|NFB,always_1,16546.0,0.2605758186468349,0.2523654236862674,0.2687862136074023,-0.0007076335470488,-0.0102669233834273,0.0088516562893297,season-weighted final PA W per selected current decision; no summed PA policy gain,True,bcap_swing__mlb_2024_2025__20260909__r01,BCAP-SWING-v0.1.0,swing,2024_2025,COMPLETE,outer_game_nested_procedure_OPE,Q/value/delta/gain: raw W; outcome MSE: W^2; probabilities/coverage: fraction; sample counts: explicit rows/PA/games,Take_adjudicated,Swing_offer_including_bunts,1-1,BOUNDARY,NFB,,,,,
cell,1-1|BOUNDARY|NFB,learned,16546.0,0.2605758186468349,0.2523654236862674,0.2687862136074023,-0.0007076335470488,-0.0102669233834273,0.0088516562893297,season-weighted final PA W per selected current decision; no summed PA policy gain,True,bcap_swing__mlb_2024_2025__20260909__r01,BCAP-SWING-v0.1.0,swing,2024_2025,COMPLETE,outer_game_nested_procedure_OPE,Q/value/delta/gain: raw W; outcome MSE: W^2; probabilities/coverage: fraction; sample counts: explicit rows/PA/games,Take_adjudicated,Swing_offer_including_bunts,1-1,BOUNDARY,NFB,,,,,
cell,1-1|BOUNDARY|NFB,conservative,16546.0,0.2612834521938837,0.2541554600204803,0.2684114443672871,0.0,0.0,0.0,season-weighted final PA W per selected current decision; no summed PA policy gain,True,bcap_swing__mlb_2024_2025__20260909__r01,BCAP-SWING-v0.1.0,swing,2024_2025,COMPLETE,outer_game_nested_procedure_OPE,Q/value/delta/gain: raw W; outcome MSE: W^2; probabilities/coverage: fraction; sample counts: explicit rows/PA/games,Take_adjudicated,Swing_offer_including_bunts,1-1,BOUNDARY,NFB,,,,,
cell,1-1|BOUNDARY|NFB,stochastic_half,16546.0,0.2566400727282752,0.2479678253398111,0.2653123201167394,-0.0046433794656084,-0.0146193297171461,0.0053325707859292,season-weighted final PA W per selected current decision; no summed PA policy gain,True,bcap_swing__mlb_2024_2025__20260909__r01,BCAP-SWING-v0.1.0,swing,2024_2025,COMPLETE,outer_game_nested_procedure_OPE,Q/value/delta/gain: raw W; outcome MSE: W^2; probabilities/coverage: fraction; sample counts: explicit rows/PA/games,Take_adjudicated,Swing_offer_including_bunts,1-1,BOUNDARY,NFB,,,,,
cell,1-1|INNER|FB,observed,23188.0,0.2835490771088494,0.2768412248768366,0.2902569293408622,0.0,0.0,0.0,season-weighted final PA W per selected current decision; no summed PA policy gain,True,bcap_swing__mlb_2024_2025__20260909__r01,BCAP-SWING-v0.1.0,swing,2024_2025,COMPLETE,outer_game_nested_procedure_OPE,Q/value/delta/gain: raw W; outcome MSE: W^2; probabilities/coverage: fraction; sample counts: explicit rows/PA/games,Take_adjudicated,Swing_offer_including_bunts,1-1,INNER,FB,,,,,
cell,1-1|INNER|FB,always_0,23188.0,0.2275368098188505,0.2097274259748048,0.2453461936628963,-0.0560122672899988,-0.091636947486733,-0.0203875870932646,season-weighted final PA W per selected current decision; no summed PA policy gain,True,bcap_swing__mlb_2024_2025__20260909__r01,BCAP-SWING-v0.1.0,swing,2024_2025,COMPLETE,outer_game_nested_procedure_OPE,Q/value/delta/gain: raw W; outcome MSE: W^2; probabilities/coverage: fraction; sample counts: explicit rows/PA/games,Take_adjudicated,Swing_offer_including_bunts,1-1,INNER,FB,,,,,
cell,1-1|INNER|FB,always_1,23188.0,0.2928041485918313,0.2855994589561676,0.3000088382274951,0.0092550714829819,0.0038574592466229,0.0146526837193409,season-weighted final PA W per selected current decision; no summed PA policy gain,True,bcap_swing__mlb_2024_2025__20260909__r01,BCAP-SWING-v0.1.0,swing,2024_2025,COMPLETE,outer_game_nested_procedure_OPE,Q/value/delta/gain: raw W; outcome MSE: W^2; probabilities/coverage: fraction; sample counts: explicit rows/PA/games,Take_adjudicated,Swing_offer_including_bunts,1-1,INNER,FB,,,,,
cell,1-1|INNER|FB,learned,23188.0,0.2928041485918313,0.2855994589561676,0.3000088382274951,0.0092550714829819,0.0038574592466229,0.0146526837193409,season-weighted final PA W per selected current decision; no summed PA policy gain,True,bcap_swing__mlb_2024_2025__20260909__r01,BCAP-SWING-v0.1.0,swing,2024_2025,COMPLETE,outer_game_nested_procedure_OPE,Q/value/delta/gain: raw W; outcome MSE: W^2; probabilities/coverage: fraction; sample counts: explicit rows/PA/games,Take_adjudicated,Swing_offer_including_bunts,1-1,INNER,FB,,,,,
cell,1-1|INNER|FB,conservative,23188.0,0.2835490771088494,0.2768412248768366,0.2902569293408622,0.0,0.0,0.0,season-weighted final PA W per selected current decision; no summed PA policy gain,True,bcap_swing__mlb_2024_2025__20260909__r01,BCAP-SWING-v0.1.0,swing,2024_2025,COMPLETE,outer_game_nested_procedure_OPE,Q/value/delta/gain: raw W; outcome MSE: W^2; probabilities/coverage: fraction; sample counts: explicit rows/PA/games,Take_adjudicated,Swing_offer_including_bunts,1-1,INNER,FB,,,,,
cell,1-1|INNER|FB,stochastic_half,23188.0,0.260170479205341,0.2505488906262089,0.269792067784473,-0.0233785979035084,-0.0387172158039455,-0.0080399800030713,season-weighted final PA W per selected current decision; no summed PA policy gain,True,bcap_swing__mlb_2024_2025__20260909__r01,BCAP-SWING-v0.1.0,swing,2024_2025,COMPLETE,outer_game_nested_procedure_OPE,Q/value/delta/gain: raw W; outcome MSE: W^2; probabilities/coverage: fraction; sample counts: explicit rows/PA/games,Take_adjudicated,Swing_offer_including_bunts,1-1,INNER,FB,,,,,
cell,1-1|INNER|NFB,observed,17292.0,0.2956736641221374,0.2877594050066336,0.3035879232376411,0.0,0.0,0.0,season-weighted final PA W per selected current decision; no summed PA policy gain,True,bcap_swing__mlb_2024_2025__20260909__r01,BCAP-SWING-v0.1.0,swing,2024_2025,COMPLETE,outer_game_nested_procedure_OPE,Q/value/delta/gain: raw W; outcome MSE: W^2; probabilities/coverage: fraction; sample counts: explicit rows/PA/games,Take_adjudicated,Swing_offer_including_bunts,1-1,INNER,NFB,,,,,
cell,1-1|INNER|NFB,always_0,17292.0,0.205492067185407,0.1864039465943074,0.2245801877765066,-0.0901815969367303,-0.128885030998011,-0.0514781628754496,season-weighted final PA W per selected current decision; no summed PA policy gain,True,bcap_swing__mlb_2024_2025__20260909__r01,BCAP-SWING-v0.1.0,swing,2024_2025,COMPLETE,outer_game_nested_procedure_OPE,Q/value/delta/gain: raw W; outcome MSE: W^2; probabilities/coverage: fraction; sample counts: explicit rows/PA/games,Take_adjudicated,Swing_offer_including_bunts,1-1,INNER,NFB,,,,,
cell,1-1|INNER|NFB,always_1,17292.0,0.3104409287819692,0.3017364311803947,0.3191454263835438,0.0147672646598318,0.0083449923779569,0.0211895369417067,season-weighted final PA W per selected current decision; no summed PA policy gain,True,bcap_swing__mlb_2024_2025__20260909__r01,BCAP-SWING-v0.1.0,swing,2024_2025,COMPLETE,outer_game_nested_procedure_OPE,Q/value/delta/gain: raw W; outcome MSE: W^2; probabilities/coverage: fraction; sample counts: explicit rows/PA/games,Take_adjudicated,Swing_offer_including_bunts,1-1,INNER,NFB,,,,,
cell,1-1|INNER|NFB,learned,17292.0,0.3104409287819692,0.3017364311803947,0.3191454263835438,0.0147672646598318,0.0083449923779569,0.0211895369417067,season-weighted final PA W per selected current decision; no summed PA policy gain,True,bcap_swing__mlb_2024_2025__20260909__r01,BCAP-SWING-v0.1.0,swing,2024_2025,COMPLETE,outer_game_nested_procedure_OPE,Q/value/delta/gain: raw W; outcome MSE: W^2; probabilities/coverage: fraction; sample counts: explicit rows/PA/games,Take_adjudicated,Swing_offer_including_bunts,1-1,INNER,NFB,,,,,
cell,1-1|INNER|NFB,conservative,17292.0,0.2956736641221374,0.2877594050066336,0.3035879232376411,0.0,0.0,0.0,season-weighted final PA W per selected current decision; no summed PA policy gain,True,bcap_swing__mlb_2024_2025__20260909__r01,BCAP-SWING-v0.1.0,swing,2024_2025,COMPLETE,outer_game_nested_procedure_OPE,Q/value/delta/gain: raw W; outcome MSE: W^2; probabilities/coverage: fraction; sample counts: explicit rows/PA/games,Take_adjudicated,Swing_offer_including_bunts,1-1,INNER,NFB,,,,,
cell,1-1|INNER|NFB,stochastic_half,17292.0,0.2579664979836881,0.2475022716582441,0.2684307243091322,-0.0377071661384492,-0.0542010066637931,-0.0212133256131053,season-weighted final PA W per selected current decision; no summed PA policy gain,True,bcap_swing__mlb_2024_2025__20260909__r01,BCAP-SWING-v0.1.0,swing,2024_2025,COMPLETE,outer_game_nested_procedure_OPE,Q/value/delta/gain: raw W; outcome MSE: W^2; probabilities/coverage: fraction; sample counts: explicit rows/PA/games,Take_adjudicated,Swing_offer_including_bunts,1-1,INNER,NFB,,,,,
cell,1-1|OUT|FB,observed,28213.0,0.3113280757097791,0.3056411605268211,0.3170149908927372,0.0,0.0,0.0,season-weighted final PA W per selected current decision; no summed PA policy gain,True,bcap_swing__mlb_2024_2025__20260909__r01,BCAP-SWING-v0.1.0,swing,2024_2025,COMPLETE,outer_game_nested_procedure_OPE,Q/value/delta/gain: raw W; outcome MSE: W^2; probabilities/coverage: fraction; sample counts: explicit rows/PA/games,Take_adjudicated,Swing_offer_including_bunts,1-1,OUT,FB,,,,,
cell,1-1|OUT|FB,always_0,28213.0,0.3369143543855386,0.3304161290690592,0.343412579702018,0.0255862786757594,0.0185223445466261,0.0326502128048927,season-weighted final PA W per selected current decision; no summed PA policy gain,True,bcap_swing__mlb_2024_2025__20260909__r01,BCAP-SWING-v0.1.0,swing,2024_2025,COMPLETE,outer_game_nested_procedure_OPE,Q/value/delta/gain: raw W; outcome MSE: W^2; probabilities/coverage: fraction; sample counts: explicit rows/PA/games,Take_adjudicated,Swing_offer_including_bunts,1-1,OUT,FB,,,,,
cell,1-1|OUT|FB,always_1,28213.0,0.22484193114917,0.213617150776049,0.2360667115222911,-0.0864861445606091,-0.1078884111677737,-0.0650838779534445,season-weighted final PA W per selected current decision; no summed PA policy gain,True,bcap_swing__mlb_2024_2025__20260909__r01,BCAP-SWING-v0.1.0,swing,2024_2025,COMPLETE,outer_game_nested_procedure_OPE,Q/value/delta/gain: raw W; outcome MSE: W^2; probabilities/coverage: fraction; sample counts: explicit rows/PA/games,Take_adjudicated,Swing_offer_including_bunts,1-1,OUT,FB,,,,,
cell,1-1|OUT|FB,learned,28213.0,0.3369143543855386,0.3304161290690592,0.343412579702018,0.0255862786757594,0.0185223445466261,0.0326502128048927,season-weighted final PA W per selected current decision; no summed PA policy gain,True,bcap_swing__mlb_2024_2025__20260909__r01,BCAP-SWING-v0.1.0,swing,2024_2025,COMPLETE,outer_game_nested_procedure_OPE,Q/value/delta/gain: raw W; outcome MSE: W^2; probabilities/coverage: fraction; sample counts: explicit rows/PA/games,Take_adjudicated,Swing_offer_including_bunts,1-1,OUT,FB,,,,,
cell,1-1|OUT|FB,conservative,28213.0,0.3113280757097791,0.3056411605268211,0.3170149908927372,0.0,0.0,0.0,season-weighted final PA W per selected current decision; no summed PA policy gain,True,bcap_swing__mlb_2024_2025__20260909__r01,BCAP-SWING-v0.1.0,swing,2024_2025,COMPLETE,outer_game_nested_procedure_OPE,Q/value/delta/gain: raw W; outcome MSE: W^2; probabilities/coverage: fraction; sample counts: explicit rows/PA/games,Take_adjudicated,Swing_offer_including_bunts,1-1,OUT,FB,,,,,
cell,1-1|OUT|FB,stochastic_half,28213.0,0.2808781427673543,0.2743475126685731,0.2874087728661356,-0.0304499329424248,-0.0386595380533956,-0.022240327831454,season-weighted final PA W per selected current decision; no summed PA policy gain,True,bcap_swing__mlb_2024_2025__20260909__r01,BCAP-SWING-v0.1.0,swing,2024_2025,COMPLETE,outer_game_nested_procedure_OPE,Q/value/delta/gain: raw W; outcome MSE: W^2; probabilities/coverage: fraction; sample counts: explicit rows/PA/games,Take_adjudicated,Swing_offer_including_bunts,1-1,OUT,FB,,,,,
cell,1-1|OUT|NFB,observed,34640.0,0.3094507794457274,0.3043454558125316,0.3145561030789233,0.0,0.0,0.0,season-weighted final PA W per selected current decision; no summed PA policy gain,True,bcap_swing__mlb_2024_2025__20260909__r01,BCAP-SWING-v0.1.0,swing,2024_2025,COMPLETE,outer_game_nested_procedure_OPE,Q/value/delta/gain: raw W; outcome MSE: W^2; probabilities/coverage: fraction; sample counts: explicit rows/PA/games,Take_adjudicated,Swing_offer_including_bunts,1-1,OUT,NFB,,,,,
cell,1-1|OUT|NFB,always_0,34640.0,0.3479641615103076,0.3415436989275538,0.3543846240930614,0.0385133820645801,0.030792449384528,0.0462343147446322,season-weighted final PA W per selected current decision; no summed PA policy gain,True,bcap_swing__mlb_2024_2025__20260909__r01,BCAP-SWING-v0.1.0,swing,2024_2025,COMPLETE,outer_game_nested_procedure_OPE,Q/value/delta/gain: raw W; outcome MSE: W^2; probabilities/coverage: fraction; sample counts: explicit rows/PA/games,Take_adjudicated,Swing_offer_including_bunts,1-1,OUT,NFB,,,,,
cell,1-1|OUT|NFB,always_1,34640.0,0.2203980205978648,0.2110748515114032,0.2297211896843264,-0.0890527588478626,-0.107056780068506,-0.0710487376272192,season-weighted final PA W per selected current decision; no summed PA policy gain,True,bcap_swing__mlb_2024_2025__20260909__r01,BCAP-SWING-v0.1.0,swing,2024_2025,COMPLETE,outer_game_nested_procedure_OPE,Q/value/delta/gain: raw W; outcome MSE: W^2; probabilities/coverage: fraction; sample counts: explicit rows/PA/games,Take_adjudicated,Swing_offer_including_bunts,1-1,OUT,NFB,,,,,
cell,1-1|OUT|NFB,learned,34640.0,0.3479641615103076,0.3415436989275538,0.3543846240930614,0.0385133820645801,0.030792449384528,0.0462343147446322,season-weighted final PA W per selected current decision; no summed PA policy gain,True,bcap_swing__mlb_2024_2025__20260909__r01,BCAP-SWING-v0.1.0,swing,2024_2025,COMPLETE,outer_game_nested_procedure_OPE,Q/value/delta/gain: raw W; outcome MSE: W^2; probabilities/coverage: fraction; sample counts: explicit rows/PA/games,Take_adjudicated,Swing_offer_including_bunts,1-1,OUT,NFB,,,,,
cell,1-1|OUT|NFB,conservative,34640.0,0.3094507794457274,0.3043454558125316,0.3145561030789233,0.0,0.0,0.0,season-weighted final PA W per selected current decision; no summed PA policy gain,True,bcap_swing__mlb_2024_2025__20260909__r01,BCAP-SWING-v0.1.0,swing,2024_2025,COMPLETE,outer_game_nested_procedure_OPE,Q/value/delta/gain: raw W; outcome MSE: W^2; probabilities/coverage: fraction; sample counts: explicit rows/PA/games,Take_adjudicated,Swing_offer_including_bunts,1-1,OUT,NFB,,,,,
cell,1-1|OUT|NFB,stochastic_half,34640.0,0.2841810910540862,0.2785280638101077,0.2898341182980647,-0.0252696883916412,-0.0321515786475115,-0.0183877981357709,season-weighted final PA W per selected current decision; no summed PA policy gain,True,bcap_swing__mlb_2024_2025__20260909__r01,BCAP-SWING-v0.1.0,swing,2024_2025,COMPLETE,outer_game_nested_procedure_OPE,Q/value/delta/gain: raw W; outcome MSE: W^2; probabilities/coverage: fraction; sample counts: explicit rows/PA/games,Take_adjudicated,Swing_offer_including_bunts,1-1,OUT,NFB,,,,,
cell,1-2|BOUNDARY|FB,observed,14950.0,0.2013216053511705,0.193906765850583,0.208736444851758,0.0,0.0,0.0,season-weighted final PA W per selected current decision; no summed PA policy gain,True,bcap_swing__mlb_2024_2025__20260909__r01,BCAP-SWING-v0.1.0,swing,2024_2025,COMPLETE,outer_game_nested_procedure_OPE,Q/value/delta/gain: raw W; outcome MSE: W^2; probabilities/coverage: fraction; sample counts: explicit rows/PA/games,Take_adjudicated,Swing_offer_including_bunts,1-2,BOUNDARY,FB,,,,,
cell,1-2|BOUNDARY|FB,always_0,14950.0,0.0966778990975042,0.0833459625626055,0.1100098356324029,-0.1046437062536663,-0.1318691844891358,-0.0774182280181968,season-weighted final PA W per selected current decision; no summed PA policy gain,True,bcap_swing__mlb_2024_2025__20260909__r01,BCAP-SWING-v0.1.0,swing,2024_2025,COMPLETE,outer_game_nested_procedure_OPE,Q/value/delta/gain: raw W; outcome MSE: W^2; probabilities/coverage: fraction; sample counts: explicit rows/PA/games,Take_adjudicated,Swing_offer_including_bunts,1-2,BOUNDARY,FB,,,,,
cell,1-2|BOUNDARY|FB,always_1,14950.0,0.2257512067724468,0.2174389152916912,0.2340634982532024,0.0244296014212762,0.0179862448492352,0.0308729579933172,season-weighted final PA W per selected current decision; no summed PA policy gain,True,bcap_swing__mlb_2024_2025__20260909__r01,BCAP-SWING-v0.1.0,swing,2024_2025,COMPLETE,outer_game_nested_procedure_OPE,Q/value/delta/gain: raw W; outcome MSE: W^2; probabilities/coverage: fraction; sample counts: explicit rows/PA/games,Take_adjudicated,Swing_offer_including_bunts,1-2,BOUNDARY,FB,,,,,
cell,1-2|BOUNDARY|FB,learned,14950.0,0.2257512067724468,0.2174389152916912,0.2340634982532024,0.0244296014212762,0.0179862448492352,0.0308729579933172,season-weighted final PA W per selected current decision; no summed PA policy gain,True,bcap_swing__mlb_2024_2025__20260909__r01,BCAP-SWING-v0.1.0,swing,2024_2025,COMPLETE,outer_game_nested_procedure_OPE,Q/value/delta/gain: raw W; outcome MSE: W^2; probabilities/coverage: fraction; sample counts: explicit rows/PA/games,Take_adjudicated,Swing_offer_including_bunts,1-2,BOUNDARY,FB,,,,,
cell,1-2|BOUNDARY|FB,conservative,14950.0,0.2013216053511705,0.193906765850583,0.208736444851758,0.0,0.0,0.0,season-weighted final PA W per selected current decision; no summed PA policy gain,True,bcap_swing__mlb_2024_2025__20260909__r01,BCAP-SWING-v0.1.0,swing,2024_2025,COMPLETE,outer_game_nested_procedure_OPE,Q/value/delta/gain: raw W; outcome MSE: W^2; probabilities/coverage: fraction; sample counts: explicit rows/PA/games,Take_adjudicated,Swing_offer_including_bunts,1-2,BOUNDARY,FB,,,,,
cell,1-2|BOUNDARY|FB,stochastic_half,14950.0,0.1612145529349755,0.1532893854261657,0.1691397204437852,-0.040107052416195,-0.0509978593913903,-0.0292162454409997,season-weighted final PA W per selected current decision; no summed PA policy gain,True,bcap_swing__mlb_2024_2025__20260909__r01,BCAP-SWING-v0.1.0,swing,2024_2025,COMPLETE,outer_game_nested_procedure_OPE,Q/value/delta/gain: raw W; outcome MSE: W^2; probabilities/coverage: fraction; sample counts: explicit rows/PA/games,Take_adjudicated,Swing_offer_including_bunts,1-2,BOUNDARY,FB,,,,,
cell,1-2|BOUNDARY|NFB,observed,14345.0,0.2110886720111537,0.2034239270967247,0.2187534169255827,0.0,0.0,0.0,season-weighted final PA W per selected current decision; no summed PA policy gain,True,bcap_swing__mlb_2024_2025__20260909__r01,BCAP-SWING-v0.1.0,swing,2024_2025,COMPLETE,outer_game_nested_procedure_OPE,Q/value/delta/gain: raw W; outcome MSE: W^2; probabilities/coverage: fraction; sample counts: explicit rows/PA/games,Take_adjudicated,Swing_offer_including_bunts,1-2,BOUNDARY,NFB,,,,,
cell,1-2|BOUNDARY|NFB,always_0,14345.0,0.1094411520234114,0.0937218552178303,0.1251604488289925,-0.1016475199877422,-0.1345336732665369,-0.0687613667089475,season-weighted final PA W per selected current decision; no summed PA policy gain,True,bcap_swing__mlb_2024_2025__20260909__r01,BCAP-SWING-v0.1.0,swing,2024_2025,COMPLETE,outer_game_nested_procedure_OPE,Q/value/delta/gain: raw W; outcome MSE: W^2; probabilities/coverage: fraction; sample counts: explicit rows/PA/games,Take_adjudicated,Swing_offer_including_bunts,1-2,BOUNDARY,NFB,,,,,
cell,1-2|BOUNDARY|NFB,always_1,14345.0,0.2236253140028063,0.2152025375737379,0.2320480904318747,0.0125366419916526,0.0072618079655509,0.0178114760177542,season-weighted final PA W per selected current decision; no summed PA policy gain,True,bcap_swing__mlb_2024_2025__20260909__r01,BCAP-SWING-v0.1.0,swing,2024_2025,COMPLETE,outer_game_nested_procedure_OPE,Q/value/delta/gain: raw W; outcome MSE: W^2; probabilities/coverage: fraction; sample counts: explicit rows/PA/games,Take_adjudicated,Swing_offer_including_bunts,1-2,BOUNDARY,NFB,,,,,
cell,1-2|BOUNDARY|NFB,learned,14345.0,0.2236253140028063,0.2152025375737379,0.2320480904318747,0.0125366419916526,0.0072618079655509,0.0178114760177542,season-weighted final PA W per selected current decision; no summed PA policy gain,True,bcap_swing__mlb_2024_2025__20260909__r01,BCAP-SWING-v0.1.0,swing,2024_2025,COMPLETE,outer_game_nested_procedure_OPE,Q/value/delta/gain: raw W; outcome MSE: W^2; probabilities/coverage: fraction; sample counts: explicit rows/PA/games,Take_adjudicated,Swing_offer_including_bunts,1-2,BOUNDARY,NFB,,,,,
cell,1-2|BOUNDARY|NFB,conservative,14345.0,0.2110886720111537,0.2034239270967247,0.2187534169255827,0.0,0.0,0.0,season-weighted final PA W per selected current decision; no summed PA policy gain,True,bcap_swing__mlb_2024_2025__20260909__r01,BCAP-SWING-v0.1.0,swing,2024_2025,COMPLETE,outer_game_nested_procedure_OPE,Q/value/delta/gain: raw W; outcome MSE: W^2; probabilities/coverage: fraction; sample counts: explicit rows/PA/games,Take_adjudicated,Swing_offer_including_bunts,1-2,BOUNDARY,NFB,,,,,
cell,1-2|BOUNDARY|NFB,stochastic_half,14345.0,0.1665332330131088,0.1575884691265725,0.1754779968996452,-0.0445554389980448,-0.0586650701606768,-0.0304458078354127,season-weighted final PA W per selected current decision; no summed PA policy gain,True,bcap_swing__mlb_2024_2025__20260909__r01,BCAP-SWING-v0.1.0,swing,2024_2025,COMPLETE,outer_game_nested_procedure_OPE,Q/value/delta/gain: raw W; outcome MSE: W^2; probabilities/coverage: fraction; sample counts: explicit rows/PA/games,Take_adjudicated,Swing_offer_including_bunts,1-2,BOUNDARY,NFB,,,,,
cell,1-2|INNER|FB,observed,14377.0,0.2397340196146623,0.2313617596138871,0.2481062796154374,0.0,0.0,0.0,season-weighted final PA W per selected current decision; no summed PA policy gain,True,bcap_swing__mlb_2024_2025__20260909__r01,BCAP-SWING-v0.1.0,swing,2024_2025,COMPLETE,outer_game_nested_procedure_OPE,Q/value/delta/gain: raw W; outcome MSE: W^2; probabilities/coverage: fraction; sample counts: explicit rows/PA/games,Take_adjudicated,Swing_offer_including_bunts,1-2,INNER,FB,,,,,
cell,1-2|INNER|FB,always_0,14377.0,0.0240264065098652,0.0181040079794548,0.0299488050402757,-0.215707613104797,-0.23564890160922,-0.1957663246003739,season-weighted final PA W per selected current decision; no summed PA policy gain,True,bcap_swing__mlb_2024_2025__20260909__r01,BCAP-SWING-v0.1.0,swing,2024_2025,COMPLETE,outer_game_nested_procedure_OPE,Q/value/delta/gain: raw W; outcome MSE: W^2; probabilities/coverage: fraction; sample counts: explicit rows/PA/games,Take_adjudicated,Swing_offer_including_bunts,1-2,INNER,FB,,,,,
cell,1-2|INNER|FB,always_1,14377.0,0.2619216870316868,0.2527901321014115,0.2710532419619621,0.0221876674170245,0.0188724428346519,0.0255028919993971,season-weighted final PA W per selected current decision; no summed PA policy gain,True,bcap_swing__mlb_2024_2025__20260909__r01,BCAP-SWING-v0.1.0,swing,2024_2025,COMPLETE,outer_game_nested_procedure_OPE,Q/value/delta/gain: raw W; outcome MSE: W^2; probabilities/coverage: fraction; sample counts: explicit rows/PA/games,Take_adjudicated,Swing_offer_including_bunts,1-2,INNER,FB,,,,,
cell,1-2|INNER|FB,learned,14377.0,0.2619216870316868,0.2527901321014115,0.2710532419619621,0.0221876674170245,0.0188724428346519,0.0255028919993971,season-weighted final PA W per selected current decision; no summed PA policy gain,True,bcap_swing__mlb_2024_2025__20260909__r01,BCAP-SWING-v0.1.0,swing,2024_2025,COMPLETE,outer_game_nested_procedure_OPE,Q/value/delta/gain: raw W; outcome MSE: W^2; probabilities/coverage: fraction; sample counts: explicit rows/PA/games,Take_adjudicated,Swing_offer_including_bunts,1-2,INNER,FB,,,,,
cell,1-2|INNER|FB,conservative,14377.0,0.2397340196146623,0.2313617596138871,0.2481062796154374,0.0,0.0,0.0,season-weighted final PA W per selected current decision; no summed PA policy gain,True,bcap_swing__mlb_2024_2025__20260909__r01,BCAP-SWING-v0.1.0,swing,2024_2025,COMPLETE,outer_game_nested_procedure_OPE,Q/value/delta/gain: raw W; outcome MSE: W^2; probabilities/coverage: fraction; sample counts: explicit rows/PA/games,Take_adjudicated,Swing_offer_including_bunts,1-2,INNER,FB,,,,,
cell,1-2|INNER|FB,stochastic_half,14377.0,0.142974046770776,0.1374395433453463,0.1485085501962058,-0.0967599728438862,-0.1054556080943978,-0.0880643375933746,season-weighted final PA W per selected current decision; no summed PA policy gain,True,bcap_swing__mlb_2024_2025__20260909__r01,BCAP-SWING-v0.1.0,swing,2024_2025,COMPLETE,outer_game_nested_procedure_OPE,Q/value/delta/gain: raw W; outcome MSE: W^2; probabilities/coverage: fraction; sample counts: explicit rows/PA/games,Take_adjudicated,Swing_offer_including_bunts,1-2,INNER,FB,,,,,
cell,1-2|INNER|NFB,observed,10802.0,0.2575199037215331,0.2476036326855212,0.267436174757545,0.0,0.0,0.0,season-weighted final PA W per selected current decision; no summed PA policy gain,True,bcap_swing__mlb_2024_2025__20260909__r01,BCAP-SWING-v0.1.0,swing,2024_2025,COMPLETE,outer_game_nested_procedure_OPE,Q/value/delta/gain: raw W; outcome MSE: W^2; probabilities/coverage: fraction; sample counts: explicit rows/PA/games,Take_adjudicated,Swing_offer_including_bunts,1-2,INNER,NFB,,,,,
cell,1-2|INNER|NFB,always_0,10802.0,0.046601117546445,0.0395987849547814,0.0536034501381087,-0.2109187861750879,-0.2350888576474822,-0.1867487147026937,season-weighted final PA W per selected current decision; no summed PA policy gain,True,bcap_swing__mlb_2024_2025__20260909__r01,BCAP-SWING-v0.1.0,swing,2024_2025,COMPLETE,outer_game_nested_procedure_OPE,Q/value/delta/gain: raw W; outcome MSE: W^2; probabilities/coverage: fraction; sample counts: explicit rows/PA/games,Take_adjudicated,Swing_offer_including_bunts,1-2,INNER,NFB,,,,,
cell,1-2|INNER|NFB,always_1,10802.0,0.2723844274427821,0.261595480613366,0.2831733742721982,0.014864523721249,0.0114681200811293,0.0182609273613688,season-weighted final PA W per selected current decision; no summed PA policy gain,True,bcap_swing__mlb_2024_2025__20260909__r01,BCAP-SWING-v0.1.0,swing,2024_2025,COMPLETE,outer_game_nested_procedure_OPE,Q/value/delta/gain: raw W; outcome MSE: W^2; probabilities/coverage: fraction; sample counts: explicit rows/PA/games,Take_adjudicated,Swing_offer_including_bunts,1-2,INNER,NFB,,,,,
cell,1-2|INNER|NFB,learned,10802.0,0.2723844274427821,0.261595480613366,0.2831733742721982,0.014864523721249,0.0114681200811293,0.0182609273613688,season-weighted final PA W per selected current decision; no summed PA policy gain,True,bcap_swing__mlb_2024_2025__20260909__r01,BCAP-SWING-v0.1.0,swing,2024_2025,COMPLETE,outer_game_nested_procedure_OPE,Q/value/delta/gain: raw W; outcome MSE: W^2; probabilities/coverage: fraction; sample counts: explicit rows/PA/games,Take_adjudicated,Swing_offer_including_bunts,1-2,INNER,NFB,,,,,
cell,1-2|INNER|NFB,conservative,10802.0,0.2575199037215331,0.2476036326855212,0.267436174757545,0.0,0.0,0.0,season-weighted final PA W per selected current decision; no summed PA policy gain,True,bcap_swing__mlb_2024_2025__20260909__r01,BCAP-SWING-v0.1.0,swing,2024_2025,COMPLETE,outer_game_nested_procedure_OPE,Q/value/delta/gain: raw W; outcome MSE: W^2; probabilities/coverage: fraction; sample counts: explicit rows/PA/games,Take_adjudicated,Swing_offer_including_bunts,1-2,INNER,NFB,,,,,
cell,1-2|INNER|NFB,stochastic_half,10802.0,0.1594927724946136,0.1530250934902682,0.165960451498959,-0.0980271312269194,-0.1086966075598273,-0.0873576548940114,season-weighted final PA W per selected current decision; no summed PA policy gain,True,bcap_swing__mlb_2024_2025__20260909__r01,BCAP-SWING-v0.1.0,swing,2024_2025,COMPLETE,outer_game_nested_procedure_OPE,Q/value/delta/gain: raw W; outcome MSE: W^2; probabilities/coverage: fraction; sample counts: explicit rows/PA/games,Take_adjudicated,Swing_offer_including_bunts,1-2,INNER,NFB,,,,,
cell,1-2|OUT|FB,observed,30174.0,0.2341841651753164,0.2288554061910009,0.239512924159632,0.0,0.0,0.0,season-weighted final PA W per selected current decision; no summed PA policy gain,True,bcap_swing__mlb_2024_2025__20260909__r01,BCAP-SWING-v0.1.0,swing,2024_2025,COMPLETE,outer_game_nested_procedure_OPE,Q/value/delta/gain: raw W; outcome MSE: W^2; probabilities/coverage: fraction; sample counts: explicit rows/PA/games,Take_adjudicated,Swing_offer_including_bunts,1-2,OUT,FB,,,,,
cell,1-2|OUT|FB,always_0,30174.0,0.2594706866686789,0.2532625730166402,0.2656788003207175,0.0252865214933623,0.0177589433946799,0.0328140995920447,season-weighted final PA W per selected current decision; no summed PA policy gain,True,bcap_swing__mlb_2024_2025__20260909__r01,BCAP-SWING-v0.1.0,swing,2024_2025,COMPLETE,outer_game_nested_procedure_OPE,Q/value/delta/gain: raw W; outcome MSE: W^2; probabilities/coverage: fraction; sample counts: explicit rows/PA/games,Take_adjudicated,Swing_offer_including_bunts,1-2,OUT,FB,,,,,
cell,1-2|OUT|FB,always_1,30174.0,0.163745442176491,0.1550453316743342,0.1724455526786479,-0.0704387229988254,-0.0864471097561014,-0.0544303362415494,season-weighted final PA W per selected current decision; no summed PA policy gain,True,bcap_swing__mlb_2024_2025__20260909__r01,BCAP-SWING-v0.1.0,swing,2024_2025,COMPLETE,outer_game_nested_procedure_OPE,Q/value/delta/gain: raw W; outcome MSE: W^2; probabilities/coverage: fraction; sample counts: explicit rows/PA/games,Take_adjudicated,Swing_offer_including_bunts,1-2,OUT,FB,,,,,
cell,1-2|OUT|FB,learned,30174.0,0.2594706866686789,0.2532625730166402,0.2656788003207175,0.0252865214933623,0.0177589433946799,0.0328140995920447,season-weighted final PA W per selected current decision; no summed PA policy gain,True,bcap_swing__mlb_2024_2025__20260909__r01,BCAP-SWING-v0.1.0,swing,2024_2025,COMPLETE,outer_game_nested_procedure_OPE,Q/value/delta/gain: raw W; outcome MSE: W^2; probabilities/coverage: fraction; sample counts: explicit rows/PA/games,Take_adjudicated,Swing_offer_including_bunts,1-2,OUT,FB,,,,,
cell,1-2|OUT|FB,conservative,30174.0,0.2341841651753164,0.2288554061910009,0.239512924159632,0.0,0.0,0.0,season-weighted final PA W per selected current decision; no summed PA policy gain,True,bcap_swing__mlb_2024_2025__20260909__r01,BCAP-SWING-v0.1.0,swing,2024_2025,COMPLETE,outer_game_nested_procedure_OPE,Q/value/delta/gain: raw W; outcome MSE: W^2; probabilities/coverage: fraction; sample counts: explicit rows/PA/games,Take_adjudicated,Swing_offer_including_bunts,1-2,OUT,FB,,,,,
cell,1-2|OUT|FB,stochastic_half,30174.0,0.2116080644225849,0.2061361654034601,0.2170799634417097,-0.0225761007527315,-0.0284224713669202,-0.0167297301385428,season-weighted final PA W per selected current decision; no summed PA policy gain,True,bcap_swing__mlb_2024_2025__20260909__r01,BCAP-SWING-v0.1.0,swing,2024_2025,COMPLETE,outer_game_nested_procedure_OPE,Q/value/delta/gain: raw W; outcome MSE: W^2; probabilities/coverage: fraction; sample counts: explicit rows/PA/games,Take_adjudicated,Swing_offer_including_bunts,1-2,OUT,FB,,,,,
cell,1-2|OUT|NFB,observed,48909.0,0.2125567278006093,0.2084865333790747,0.2166269222221438,0.0,0.0,0.0,season-weighted final PA W per selected current decision; no summed PA policy gain,True,bcap_swing__mlb_2024_2025__20260909__r01,BCAP-SWING-v0.1.0,swing,2024_2025,COMPLETE,outer_game_nested_procedure_OPE,Q/value/delta/gain: raw W; outcome MSE: W^2; probabilities/coverage: fraction; sample counts: explicit rows/PA/games,Take_adjudicated,Swing_offer_including_bunts,1-2,OUT,NFB,,,,,
cell,1-2|OUT|NFB,always_0,48909.0,0.2602178188363487,0.2548553163066089,0.2655803213660886,0.0476610910357394,0.0408658861585799,0.0544562959128988,season-weighted final PA W per selected current decision; no summed PA policy gain,True,bcap_swing__mlb_2024_2025__20260909__r01,BCAP-SWING-v0.1.0,swing,2024_2025,COMPLETE,outer_game_nested_procedure_OPE,Q/value/delta/gain: raw W; outcome MSE: W^2; probabilities/coverage: fraction; sample counts: explicit rows/PA/games,Take_adjudicated,Swing_offer_including_bunts,1-2,OUT,NFB,,,,,
cell,1-2|OUT|NFB,always_1,48909.0,0.1068376325189257,0.1024461079990535,0.1112291570387978,-0.1057190952816836,-0.1139993957909151,-0.0974387947724521,season-weighted final PA W per selected current decision; no summed PA policy gain,True,bcap_swing__mlb_2024_2025__20260909__r01,BCAP-SWING-v0.1.0,swing,2024_2025,COMPLETE,outer_game_nested_procedure_OPE,Q/value/delta/gain: raw W; outcome MSE: W^2; probabilities/coverage: fraction; sample counts: explicit rows/PA/games,Take_adjudicated,Swing_offer_including_bunts,1-2,OUT,NFB,,,,,
cell,1-2|OUT|NFB,learned,48909.0,0.2602178188363487,0.2548553163066089,0.2655803213660886,0.0476610910357394,0.0408658861585799,0.0544562959128988,season-weighted final PA W per selected current decision; no summed PA policy gain,True,bcap_swing__mlb_2024_2025__20260909__r01,BCAP-SWING-v0.1.0,swing,2024_2025,COMPLETE,outer_game_nested_procedure_OPE,Q/value/delta/gain: raw W; outcome MSE: W^2; probabilities/coverage: fraction; sample counts: explicit rows/PA/games,Take_adjudicated,Swing_offer_including_bunts,1-2,OUT,NFB,,,,,
cell,1-2|OUT|NFB,conservative,48909.0,0.2125567278006093,0.2084865333790747,0.2166269222221438,0.0,0.0,0.0,season-weighted final PA W per selected current decision; no summed PA policy gain,True,bcap_swing__mlb_2024_2025__20260909__r01,BCAP-SWING-v0.1.0,swing,2024_2025,COMPLETE,outer_game_nested_procedure_OPE,Q/value/delta/gain: raw W; outcome MSE: W^2; probabilities/coverage: fraction; sample counts: explicit rows/PA/games,Take_adjudicated,Swing_offer_including_bunts,1-2,OUT,NFB,,,,,
cell,1-2|OUT|NFB,stochastic_half,48909.0,0.1835277256776372,0.1798924218333866,0.1871630295218877,-0.029029002122972,-0.0319860792652985,-0.0260719249806455,season-weighted final PA W per selected current decision; no summed PA policy gain,True,bcap_swing__mlb_2024_2025__20260909__r01,BCAP-SWING-v0.1.0,swing,2024_2025,COMPLETE,outer_game_nested_procedure_OPE,Q/value/delta/gain: raw W; outcome MSE: W^2; probabilities/coverage: fraction; sample counts: explicit rows/PA/games,Take_adjudicated,Swing_offer_including_bunts,1-2,OUT,NFB,,,,,
cell,2-0|BOUNDARY|FB,observed,8861.0,0.3746209231463717,0.3639623545460288,0.3852794917467145,0.0,0.0,0.0,season-weighted final PA W per selected current decision; no summed PA policy gain,True,bcap_swing__mlb_2024_2025__20260909__r01,BCAP-SWING-v0.1.0,swing,2024_2025,COMPLETE,outer_game_nested_procedure_OPE,Q/value/delta/gain: raw W; outcome MSE: W^2; probabilities/coverage: fraction; sample counts: explicit rows/PA/games,Take_adjudicated,Swing_offer_including_bunts,2-0,BOUNDARY,FB,,,,,
cell,2-0|BOUNDARY|FB,always_0,8861.0,0.3831674892667443,0.3693947523913084,0.3969402261421802,0.0085465661203725,-0.0131156922258752,0.0302088244666203,season-weighted final PA W per selected current decision; no summed PA policy gain,True,bcap_swing__mlb_2024_2025__20260909__r01,BCAP-SWING-v0.1.0,swing,2024_2025,COMPLETE,outer_game_nested_procedure_OPE,Q/value/delta/gain: raw W; outcome MSE: W^2; probabilities/coverage: fraction; sample counts: explicit rows/PA/games,Take_adjudicated,Swing_offer_including_bunts,2-0,BOUNDARY,FB,,,,,
cell,2-0|BOUNDARY|FB,always_1,8861.0,0.3634231643825956,0.3457120522515781,0.3811342765136131,-0.011197758763776,-0.0383765953639623,0.0159810778364102,season-weighted final PA W per selected current decision; no summed PA policy gain,True,bcap_swing__mlb_2024_2025__20260909__r01,BCAP-SWING-v0.1.0,swing,2024_2025,COMPLETE,outer_game_nested_procedure_OPE,Q/value/delta/gain: raw W; outcome MSE: W^2; probabilities/coverage: fraction; sample counts: explicit rows/PA/games,Take_adjudicated,Swing_offer_including_bunts,2-0,BOUNDARY,FB,,,,,
cell,2-0|BOUNDARY|FB,learned,8861.0,0.3831674892667443,0.3693947523913084,0.3969402261421802,0.0085465661203725,-0.0131156922258752,0.0302088244666203,season-weighted final PA W per selected current decision; no summed PA policy gain,True,bcap_swing__mlb_2024_2025__20260909__r01,BCAP-SWING-v0.1.0,swing,2024_2025,COMPLETE,outer_game_nested_procedure_OPE,Q/value/delta/gain: raw W; outcome MSE: W^2; probabilities/coverage: fraction; sample counts: explicit rows/PA/games,Take_adjudicated,Swing_offer_including_bunts,2-0,BOUNDARY,FB,,,,,
cell,2-0|BOUNDARY|FB,conservative,8861.0,0.3746209231463717,0.3639623545460288,0.3852794917467145,0.0,0.0,0.0,season-weighted final PA W per selected current decision; no summed PA policy gain,True,bcap_swing__mlb_2024_2025__20260909__r01,BCAP-SWING-v0.1.0,swing,2024_2025,COMPLETE,outer_game_nested_procedure_OPE,Q/value/delta/gain: raw W; outcome MSE: W^2; probabilities/coverage: fraction; sample counts: explicit rows/PA/games,Take_adjudicated,Swing_offer_including_bunts,2-0,BOUNDARY,FB,,,,,
cell,2-0|BOUNDARY|FB,stochastic_half,8861.0,0.37329532682467,0.3621328742486732,0.3844577794006667,-0.0013255963217017,-0.006975907661338,0.0043247150179345,season-weighted final PA W per selected current decision; no summed PA policy gain,True,bcap_swing__mlb_2024_2025__20260909__r01,BCAP-SWING-v0.1.0,swing,2024_2025,COMPLETE,outer_game_nested_procedure_OPE,Q/value/delta/gain: raw W; outcome MSE: W^2; probabilities/coverage: fraction; sample counts: explicit rows/PA/games,Take_adjudicated,Swing_offer_including_bunts,2-0,BOUNDARY,FB,,,,,
cell,2-0|BOUNDARY|NFB,observed,3511.0,0.3812210196525206,0.3645400225348131,0.3979020167702281,0.0,0.0,0.0,season-weighted final PA W per selected current decision; no summed PA policy gain,True,bcap_swing__mlb_2024_2025__20260909__r01,BCAP-SWING-v0.1.0,swing,2024_2025,COMPLETE,outer_game_nested_procedure_OPE,Q/value/delta/gain: raw W; outcome MSE: W^2; probabilities/coverage: fraction; sample counts: explicit rows/PA/games,Take_adjudicated,Swing_offer_including_bunts,2-0,BOUNDARY,NFB,,,,,
cell,2-0|BOUNDARY|NFB,always_0,3511.0,0.393448861477902,0.3728206619036032,0.4140770610522009,0.0122278418253813,-0.0183468033694326,0.0428024870201954,season-weighted final PA W per selected current decision; no summed PA policy gain,True,bcap_swing__mlb_2024_2025__20260909__r01,BCAP-SWING-v0.1.0,swing,2024_2025,COMPLETE,outer_game_nested_procedure_OPE,Q/value/delta/gain: raw W; outcome MSE: W^2; probabilities/coverage: fraction; sample counts: explicit rows/PA/games,Take_adjudicated,Swing_offer_including_bunts,2-0,BOUNDARY,NFB,,,,,
cell,2-0|BOUNDARY|NFB,always_1,3511.0,0.3609093613275558,0.3329973263000457,0.3888213963550658,-0.0203116583249647,-0.0639094044447763,0.0232860877948467,season-weighted final PA W per selected current decision; no summed PA policy gain,True,bcap_swing__mlb_2024_2025__20260909__r01,BCAP-SWING-v0.1.0,swing,2024_2025,COMPLETE,outer_game_nested_procedure_OPE,Q/value/delta/gain: raw W; outcome MSE: W^2; probabilities/coverage: fraction; sample counts: explicit rows/PA/games,Take_adjudicated,Swing_offer_including_bunts,2-0,BOUNDARY,NFB,,,,,
cell,2-0|BOUNDARY|NFB,learned,3511.0,0.393448861477902,0.3728206619036032,0.4140770610522009,0.0122278418253813,-0.0183468033694326,0.0428024870201954,season-weighted final PA W per selected current decision; no summed PA policy gain,True,bcap_swing__mlb_2024_2025__20260909__r01,BCAP-SWING-v0.1.0,swing,2024_2025,COMPLETE,outer_game_nested_procedure_OPE,Q/value/delta/gain: raw W; outcome MSE: W^2; probabilities/coverage: fraction; sample counts: explicit rows/PA/games,Take_adjudicated,Swing_offer_including_bunts,2-0,BOUNDARY,NFB,,,,,
cell,2-0|BOUNDARY|NFB,conservative,3511.0,0.3812210196525206,0.3645400225348131,0.3979020167702281,0.0,0.0,0.0,season-weighted final PA W per selected current decision; no summed PA policy gain,True,bcap_swing__mlb_2024_2025__20260909__r01,BCAP-SWING-v0.1.0,swing,2024_2025,COMPLETE,outer_game_nested_procedure_OPE,Q/value/delta/gain: raw W; outcome MSE: W^2; probabilities/coverage: fraction; sample counts: explicit rows/PA/games,Take_adjudicated,Swing_offer_including_bunts,2-0,BOUNDARY,NFB,,,,,
cell,2-0|BOUNDARY|NFB,stochastic_half,3511.0,0.377179111402729,0.3595356931254676,0.3948225296799903,-0.0040419082497916,-0.014357721012065,0.0062739045124816,season-weighted final PA W per selected current decision; no summed PA policy gain,True,bcap_swing__mlb_2024_2025__20260909__r01,BCAP-SWING-v0.1.0,swing,2024_2025,COMPLETE,outer_game_nested_procedure_OPE,Q/value/delta/gain: raw W; outcome MSE: W^2; probabilities/coverage: fraction; sample counts: explicit rows/PA/games,Take_adjudicated,Swing_offer_including_bunts,2-0,BOUNDARY,NFB,,,,,
cell,2-0|INNER|FB,observed,12035.0,0.3813518903199002,0.3713649407281343,0.3913388399116661,0.0,0.0,0.0,season-weighted final PA W per selected current decision; no summed PA policy gain,True,bcap_swing__mlb_2024_2025__20260909__r01,BCAP-SWING-v0.1.0,swing,2024_2025,COMPLETE,outer_game_nested_procedure_OPE,Q/value/delta/gain: raw W; outcome MSE: W^2; probabilities/coverage: fraction; sample counts: explicit rows/PA/games,Take_adjudicated,Swing_offer_including_bunts,2-0,INNER,FB,,,,,
cell,2-0|INNER|FB,always_0,12035.0,0.3537345977402063,0.3344569696979036,0.373012225782509,-0.0276172925796939,-0.0630140370521719,0.007779451892784,season-weighted final PA W per selected current decision; no summed PA policy gain,True,bcap_swing__mlb_2024_2025__20260909__r01,BCAP-SWING-v0.1.0,swing,2024_2025,COMPLETE,outer_game_nested_procedure_OPE,Q/value/delta/gain: raw W; outcome MSE: W^2; probabilities/coverage: fraction; sample counts: explicit rows/PA/games,Take_adjudicated,Swing_offer_including_bunts,2-0,INNER,FB,,,,,
cell,2-0|INNER|FB,always_1,12035.0,0.39609619425854,0.3841259767844925,0.4080664117325874,0.0147443039386396,0.0015082533738501,0.0279803545034292,season-weighted final PA W per selected current decision; no summed PA policy gain,True,bcap_swing__mlb_2024_2025__20260909__r01,BCAP-SWING-v0.1.0,swing,2024_2025,COMPLETE,outer_game_nested_procedure_OPE,Q/value/delta/gain: raw W; outcome MSE: W^2; probabilities/coverage: fraction; sample counts: explicit rows/PA/games,Take_adjudicated,Swing_offer_including_bunts,2-0,INNER,FB,,,,,
cell,2-0|INNER|FB,learned,12035.0,0.39609619425854,0.3841259767844925,0.4080664117325874,0.0147443039386396,0.0015082533738501,0.0279803545034292,season-weighted final PA W per selected current decision; no summed PA policy gain,True,bcap_swing__mlb_2024_2025__20260909__r01,BCAP-SWING-v0.1.0,swing,2024_2025,COMPLETE,outer_game_nested_procedure_OPE,Q/value/delta/gain: raw W; outcome MSE: W^2; probabilities/coverage: fraction; sample counts: explicit rows/PA/games,Take_adjudicated,Swing_offer_including_bunts,2-0,INNER,FB,,,,,
cell,2-0|INNER|FB,conservative,12035.0,0.3813518903199002,0.3713649407281343,0.3913388399116661,0.0,0.0,0.0,season-weighted final PA W per selected current decision; no summed PA policy gain,True,bcap_swing__mlb_2024_2025__20260909__r01,BCAP-SWING-v0.1.0,swing,2024_2025,COMPLETE,outer_game_nested_procedure_OPE,Q/value/delta/gain: raw W; outcome MSE: W^2; probabilities/coverage: fraction; sample counts: explicit rows/PA/games,Take_adjudicated,Swing_offer_including_bunts,2-0,INNER,FB,,,,,
cell,2-0|INNER|FB,stochastic_half,12035.0,0.3749153959993732,0.3634920564310591,0.3863387355676872,-0.0064364943205271,-0.01837987376335,0.0055068851222958,season-weighted final PA W per selected current decision; no summed PA policy gain,True,bcap_swing__mlb_2024_2025__20260909__r01,BCAP-SWING-v0.1.0,swing,2024_2025,COMPLETE,outer_game_nested_procedure_OPE,Q/value/delta/gain: raw W; outcome MSE: W^2; probabilities/coverage: fraction; sample counts: explicit rows/PA/games,Take_adjudicated,Swing_offer_including_bunts,2-0,INNER,FB,,,,,
cell,2-0|INNER|NFB,observed,4146.0,0.3670219488663772,0.3505774273806791,0.3834664703520752,0.0,0.0,0.0,season-weighted final PA W per selected current decision; no summed PA policy gain,True,bcap_swing__mlb_2024_2025__20260909__r01,BCAP-SWING-v0.1.0,swing,2024_2025,COMPLETE,outer_game_nested_procedure_OPE,Q/value/delta/gain: raw W; outcome MSE: W^2; probabilities/coverage: fraction; sample counts: explicit rows/PA/games,Take_adjudicated,Swing_offer_including_bunts,2-0,INNER,NFB,,,,,
cell,2-0|INNER|NFB,always_0,4146.0,0.3377117194340966,0.315164814434158,0.3602586244340353,-0.0293102294322805,-0.0681516085926429,0.0095311497280818,season-weighted final PA W per selected current decision; no summed PA policy gain,True,bcap_swing__mlb_2024_2025__20260909__r01,BCAP-SWING-v0.1.0,swing,2024_2025,COMPLETE,outer_game_nested_procedure_OPE,Q/value/delta/gain: raw W; outcome MSE: W^2; probabilities/coverage: fraction; sample counts: explicit rows/PA/games,Take_adjudicated,Swing_offer_including_bunts,2-0,INNER,NFB,,,,,
cell,2-0|INNER|NFB,always_1,4146.0,0.386521782916657,0.3621764702803731,0.4108670955529409,0.0194998340502797,-0.0135895544894626,0.0525892225900222,season-weighted final PA W per selected current decision; no summed PA policy gain,True,bcap_swing__mlb_2024_2025__20260909__r01,BCAP-SWING-v0.1.0,swing,2024_2025,COMPLETE,outer_game_nested_procedure_OPE,Q/value/delta/gain: raw W; outcome MSE: W^2; probabilities/coverage: fraction; sample counts: explicit rows/PA/games,Take_adjudicated,Swing_offer_including_bunts,2-0,INNER,NFB,,,,,
cell,2-0|INNER|NFB,learned,4146.0,0.386521782916657,0.3621764702803731,0.4108670955529409,0.0194998340502797,-0.0135895544894626,0.0525892225900222,season-weighted final PA W per selected current decision; no summed PA policy gain,True,bcap_swing__mlb_2024_2025__20260909__r01,BCAP-SWING-v0.1.0,swing,2024_2025,COMPLETE,outer_game_nested_procedure_OPE,Q/value/delta/gain: raw W; outcome MSE: W^2; probabilities/coverage: fraction; sample counts: explicit rows/PA/games,Take_adjudicated,Swing_offer_including_bunts,2-0,INNER,NFB,,,,,
cell,2-0|INNER|NFB,conservative,4146.0,0.3670219488663772,0.3505774273806791,0.3834664703520752,0.0,0.0,0.0,season-weighted final PA W per selected current decision; no summed PA policy gain,True,bcap_swing__mlb_2024_2025__20260909__r01,BCAP-SWING-v0.1.0,swing,2024_2025,COMPLETE,outer_game_nested_procedure_OPE,Q/value/delta/gain: raw W; outcome MSE: W^2; probabilities/coverage: fraction; sample counts: explicit rows/PA/games,Take_adjudicated,Swing_offer_including_bunts,2-0,INNER,NFB,,,,,
cell,2-0|INNER|NFB,stochastic_half,4146.0,0.3621167511753768,0.3455243407150036,0.3787091616357501,-0.0049051976910003,-0.0127721530977471,0.0029617577157464,season-weighted final PA W per selected current decision; no summed PA policy gain,True,bcap_swing__mlb_2024_2025__20260909__r01,BCAP-SWING-v0.1.0,swing,2024_2025,COMPLETE,outer_game_nested_procedure_OPE,Q/value/delta/gain: raw W; outcome MSE: W^2; probabilities/coverage: fraction; sample counts: explicit rows/PA/games,Take_adjudicated,Swing_offer_including_bunts,2-0,INNER,NFB,,,,,
cell,2-0|OUT|FB,observed,10228.0,0.4907225263981227,0.4823968430497973,0.4990482097464481,0.0,0.0,0.0,season-weighted final PA W per selected current decision; no summed PA policy gain,True,bcap_swing__mlb_2024_2025__20260909__r01,BCAP-SWING-v0.1.0,swing,2024_2025,COMPLETE,outer_game_nested_procedure_OPE,Q/value/delta/gain: raw W; outcome MSE: W^2; probabilities/coverage: fraction; sample counts: explicit rows/PA/games,Take_adjudicated,Swing_offer_including_bunts,2-0,OUT,FB,,,,,
cell,2-0|OUT|FB,always_0,10228.0,0.5218554114920111,0.5131179376314856,0.5305928853525366,0.0311328850938883,0.0208294600368247,0.0414363101509519,season-weighted final PA W per selected current decision; no summed PA policy gain,True,bcap_swing__mlb_2024_2025__20260909__r01,BCAP-SWING-v0.1.0,swing,2024_2025,COMPLETE,outer_game_nested_procedure_OPE,Q/value/delta/gain: raw W; outcome MSE: W^2; probabilities/coverage: fraction; sample counts: explicit rows/PA/games,Take_adjudicated,Swing_offer_including_bunts,2-0,OUT,FB,,,,,
cell,2-0|OUT|FB,always_1,10228.0,0.3370994982613828,0.3126033453946076,0.361595651128158,-0.1536230281367399,-0.2005201536358509,-0.1067259026376288,season-weighted final PA W per selected current decision; no summed PA policy gain,True,bcap_swing__mlb_2024_2025__20260909__r01,BCAP-SWING-v0.1.0,swing,2024_2025,COMPLETE,outer_game_nested_procedure_OPE,Q/value/delta/gain: raw W; outcome MSE: W^2; probabilities/coverage: fraction; sample counts: explicit rows/PA/games,Take_adjudicated,Swing_offer_including_bunts,2-0,OUT,FB,,,,,
cell,2-0|OUT|FB,learned,10228.0,0.5218554114920111,0.5131179376314856,0.5305928853525366,0.0311328850938883,0.0208294600368247,0.0414363101509519,season-weighted final PA W per selected current decision; no summed PA policy gain,True,bcap_swing__mlb_2024_2025__20260909__r01,BCAP-SWING-v0.1.0,swing,2024_2025,COMPLETE,outer_game_nested_procedure_OPE,Q/value/delta/gain: raw W; outcome MSE: W^2; probabilities/coverage: fraction; sample counts: explicit rows/PA/games,Take_adjudicated,Swing_offer_including_bunts,2-0,OUT,FB,,,,,
cell,2-0|OUT|FB,conservative,10228.0,0.4907225263981227,0.4823968430497973,0.4990482097464481,0.0,0.0,0.0,season-weighted final PA W per selected current decision; no summed PA policy gain,True,bcap_swing__mlb_2024_2025__20260909__r01,BCAP-SWING-v0.1.0,swing,2024_2025,COMPLETE,outer_game_nested_procedure_OPE,Q/value/delta/gain: raw W; outcome MSE: W^2; probabilities/coverage: fraction; sample counts: explicit rows/PA/games,Take_adjudicated,Swing_offer_including_bunts,2-0,OUT,FB,,,,,
cell,2-0|OUT|FB,stochastic_half,10228.0,0.4294774548766969,0.416536104921001,0.4424188048323927,-0.0612450715214257,-0.0808495393378547,-0.0416406037049967,season-weighted final PA W per selected current decision; no summed PA policy gain,True,bcap_swing__mlb_2024_2025__20260909__r01,BCAP-SWING-v0.1.0,swing,2024_2025,COMPLETE,outer_game_nested_procedure_OPE,Q/value/delta/gain: raw W; outcome MSE: W^2; probabilities/coverage: fraction; sample counts: explicit rows/PA/games,Take_adjudicated,Swing_offer_including_bunts,2-0,OUT,FB,,,,,
cell,2-0|OUT|NFB,observed,5253.0,0.4949402246335426,0.4830650691933301,0.5068153800737552,0.0,0.0,0.0,season-weighted final PA W per selected current decision; no summed PA policy gain,True,bcap_swing__mlb_2024_2025__20260909__r01,BCAP-SWING-v0.1.0,swing,2024_2025,COMPLETE,outer_game_nested_procedure_OPE,Q/value/delta/gain: raw W; outcome MSE: W^2; probabilities/coverage: fraction; sample counts: explicit rows/PA/games,Take_adjudicated,Swing_offer_including_bunts,2-0,OUT,NFB,,,,,
cell,2-0|OUT|NFB,always_0,5253.0,0.5335936729228345,0.5209664565000374,0.5462208893456317,0.0386534482892918,0.0222418383316944,0.0550650582468892,season-weighted final PA W per selected current decision; no summed PA policy gain,True,bcap_swing__mlb_2024_2025__20260909__r01,BCAP-SWING-v0.1.0,swing,2024_2025,COMPLETE,outer_game_nested_procedure_OPE,Q/value/delta/gain: raw W; outcome MSE: W^2; probabilities/coverage: fraction; sample counts: explicit rows/PA/games,Take_adjudicated,Swing_offer_including_bunts,2-0,OUT,NFB,,,,,
cell,2-0|OUT|NFB,always_1,5253.0,0.3793224844985237,0.3439346399922194,0.414710329004828,-0.1156177401350189,-0.18297020763211,-0.0482652726379278,season-weighted final PA W per selected current decision; no summed PA policy gain,True,bcap_swing__mlb_2024_2025__20260909__r01,BCAP-SWING-v0.1.0,swing,2024_2025,COMPLETE,outer_game_nested_procedure_OPE,Q/value/delta/gain: raw W; outcome MSE: W^2; probabilities/coverage: fraction; sample counts: explicit rows/PA/games,Take_adjudicated,Swing_offer_including_bunts,2-0,OUT,NFB,,,,,
cell,2-0|OUT|NFB,learned,5253.0,0.5335936729228345,0.5209664565000374,0.5462208893456317,0.0386534482892918,0.0222418383316944,0.0550650582468892,season-weighted final PA W per selected current decision; no summed PA policy gain,True,bcap_swing__mlb_2024_2025__20260909__r01,BCAP-SWING-v0.1.0,swing,2024_2025,COMPLETE,outer_game_nested_procedure_OPE,Q/value/delta/gain: raw W; outcome MSE: W^2; probabilities/coverage: fraction; sample counts: explicit rows/PA/games,Take_adjudicated,Swing_offer_including_bunts,2-0,OUT,NFB,,,,,
cell,2-0|OUT|NFB,conservative,5253.0,0.4949402246335426,0.4830650691933301,0.5068153800737552,0.0,0.0,0.0,season-weighted final PA W per selected current decision; no summed PA policy gain,True,bcap_swing__mlb_2024_2025__20260909__r01,BCAP-SWING-v0.1.0,swing,2024_2025,COMPLETE,outer_game_nested_procedure_OPE,Q/value/delta/gain: raw W; outcome MSE: W^2; probabilities/coverage: fraction; sample counts: explicit rows/PA/games,Take_adjudicated,Swing_offer_including_bunts,2-0,OUT,NFB,,,,,
cell,2-0|OUT|NFB,stochastic_half,5253.0,0.4564580787106791,0.4377535758826812,0.4751625815386771,-0.0384821459228635,-0.0667581473846302,-0.0102061444610968,season-weighted final PA W per selected current decision; no summed PA policy gain,True,bcap_swing__mlb_2024_2025__20260909__r01,BCAP-SWING-v0.1.0,swing,2024_2025,COMPLETE,outer_game_nested_procedure_OPE,Q/value/delta/gain: raw W; outcome MSE: W^2; probabilities/coverage: fraction; sample counts: explicit rows/PA/games,Take_adjudicated,Swing_offer_including_bunts,2-0,OUT,NFB,,,,,
cell,2-1|BOUNDARY|FB,observed,11729.0,0.3078645238298235,0.2990307076283759,0.316698340031271,0.0,0.0,0.0,season-weighted final PA W per selected current decision; no summed PA policy gain,True,bcap_swing__mlb_2024_2025__20260909__r01,BCAP-SWING-v0.1.0,swing,2024_2025,COMPLETE,outer_game_nested_procedure_OPE,Q/value/delta/gain: raw W; outcome MSE: W^2; probabilities/coverage: fraction; sample counts: explicit rows/PA/games,Take_adjudicated,Swing_offer_including_bunts,2-1,BOUNDARY,FB,,,,,
cell,2-1|BOUNDARY|FB,always_0,11729.0,0.3263803472821809,0.3092204081471529,0.343540286417209,0.0185158234523574,-0.0122034432775389,0.0492350901822538,season-weighted final PA W per selected current decision; no summed PA policy gain,True,bcap_swing__mlb_2024_2025__20260909__r01,BCAP-SWING-v0.1.0,swing,2024_2025,COMPLETE,outer_game_nested_procedure_OPE,Q/value/delta/gain: raw W; outcome MSE: W^2; probabilities/coverage: fraction; sample counts: explicit rows/PA/games,Take_adjudicated,Swing_offer_including_bunts,2-1,BOUNDARY,FB,,,,,
cell,2-1|BOUNDARY|FB,always_1,11729.0,0.2915458154181875,0.2811672169056391,0.3019244139307359,-0.0163187084116359,-0.0290492157351252,-0.0035882010881467,season-weighted final PA W per selected current decision; no summed PA policy gain,True,bcap_swing__mlb_2024_2025__20260909__r01,BCAP-SWING-v0.1.0,swing,2024_2025,COMPLETE,outer_game_nested_procedure_OPE,Q/value/delta/gain: raw W; outcome MSE: W^2; probabilities/coverage: fraction; sample counts: explicit rows/PA/games,Take_adjudicated,Swing_offer_including_bunts,2-1,BOUNDARY,FB,,,,,
cell,2-1|BOUNDARY|FB,learned,11729.0,0.3263803472821809,0.3092204081471529,0.343540286417209,0.0185158234523574,-0.0122034432775389,0.0492350901822538,season-weighted final PA W per selected current decision; no summed PA policy gain,True,bcap_swing__mlb_2024_2025__20260909__r01,BCAP-SWING-v0.1.0,swing,2024_2025,COMPLETE,outer_game_nested_procedure_OPE,Q/value/delta/gain: raw W; outcome MSE: W^2; probabilities/coverage: fraction; sample counts: explicit rows/PA/games,Take_adjudicated,Swing_offer_including_bunts,2-1,BOUNDARY,FB,,,,,
cell,2-1|BOUNDARY|FB,conservative,11729.0,0.3078645238298235,0.2990307076283759,0.316698340031271,0.0,0.0,0.0,season-weighted final PA W per selected current decision; no summed PA policy gain,True,bcap_swing__mlb_2024_2025__20260909__r01,BCAP-SWING-v0.1.0,swing,2024_2025,COMPLETE,outer_game_nested_procedure_OPE,Q/value/delta/gain: raw W; outcome MSE: W^2; probabilities/coverage: fraction; sample counts: explicit rows/PA/games,Take_adjudicated,Swing_offer_including_bunts,2-1,BOUNDARY,FB,,,,,
cell,2-1|BOUNDARY|FB,stochastic_half,11729.0,0.3089630813501842,0.2989660140831335,0.318960148617235,0.0010985575203607,-0.0087826981812232,0.0109798132219446,season-weighted final PA W per selected current decision; no summed PA policy gain,True,bcap_swing__mlb_2024_2025__20260909__r01,BCAP-SWING-v0.1.0,swing,2024_2025,COMPLETE,outer_game_nested_procedure_OPE,Q/value/delta/gain: raw W; outcome MSE: W^2; probabilities/coverage: fraction; sample counts: explicit rows/PA/games,Take_adjudicated,Swing_offer_including_bunts,2-1,BOUNDARY,FB,,,,,
cell,2-1|BOUNDARY|NFB,observed,7618.0,0.302046731425571,0.2909747703290964,0.3131186925220456,0.0,0.0,0.0,season-weighted final PA W per selected current decision; no summed PA policy gain,True,bcap_swing__mlb_2024_2025__20260909__r01,BCAP-SWING-v0.1.0,swing,2024_2025,COMPLETE,outer_game_nested_procedure_OPE,Q/value/delta/gain: raw W; outcome MSE: W^2; probabilities/coverage: fraction; sample counts: explicit rows/PA/games,Take_adjudicated,Swing_offer_including_bunts,2-1,BOUNDARY,NFB,,,,,
cell,2-1|BOUNDARY|NFB,always_0,7618.0,0.3231711356948277,0.2995492998922929,0.3467929714973624,0.0211244042692566,-0.0214552263983776,0.0637040349368909,season-weighted final PA W per selected current decision; no summed PA policy gain,True,bcap_swing__mlb_2024_2025__20260909__r01,BCAP-SWING-v0.1.0,swing,2024_2025,COMPLETE,outer_game_nested_procedure_OPE,Q/value/delta/gain: raw W; outcome MSE: W^2; probabilities/coverage: fraction; sample counts: explicit rows/PA/games,Take_adjudicated,Swing_offer_including_bunts,2-1,BOUNDARY,NFB,,,,,
cell,2-1|BOUNDARY|NFB,always_1,7618.0,0.2864529348114668,0.2738505890021241,0.2990552806208094,-0.0155937966141042,-0.0306039780479885,-0.0005836151802199,season-weighted final PA W per selected current decision; no summed PA policy gain,True,bcap_swing__mlb_2024_2025__20260909__r01,BCAP-SWING-v0.1.0,swing,2024_2025,COMPLETE,outer_game_nested_procedure_OPE,Q/value/delta/gain: raw W; outcome MSE: W^2; probabilities/coverage: fraction; sample counts: explicit rows/PA/games,Take_adjudicated,Swing_offer_including_bunts,2-1,BOUNDARY,NFB,,,,,
cell,2-1|BOUNDARY|NFB,learned,7618.0,0.3231711356948277,0.2995492998922929,0.3467929714973624,0.0211244042692566,-0.0214552263983776,0.0637040349368909,season-weighted final PA W per selected current decision; no summed PA policy gain,True,bcap_swing__mlb_2024_2025__20260909__r01,BCAP-SWING-v0.1.0,swing,2024_2025,COMPLETE,outer_game_nested_procedure_OPE,Q/value/delta/gain: raw W; outcome MSE: W^2; probabilities/coverage: fraction; sample counts: explicit rows/PA/games,Take_adjudicated,Swing_offer_including_bunts,2-1,BOUNDARY,NFB,,,,,
cell,2-1|BOUNDARY|NFB,conservative,7618.0,0.302046731425571,0.2909747703290964,0.3131186925220456,0.0,0.0,0.0,season-weighted final PA W per selected current decision; no summed PA policy gain,True,bcap_swing__mlb_2024_2025__20260909__r01,BCAP-SWING-v0.1.0,swing,2024_2025,COMPLETE,outer_game_nested_procedure_OPE,Q/value/delta/gain: raw W; outcome MSE: W^2; probabilities/coverage: fraction; sample counts: explicit rows/PA/games,Take_adjudicated,Swing_offer_including_bunts,2-1,BOUNDARY,NFB,,,,,
cell,2-1|BOUNDARY|NFB,stochastic_half,7618.0,0.3048120352531472,0.2913457304931202,0.3182783400131743,0.0027653038275762,-0.0121364288089589,0.0176670364641114,season-weighted final PA W per selected current decision; no summed PA policy gain,True,bcap_swing__mlb_2024_2025__20260909__r01,BCAP-SWING-v0.1.0,swing,2024_2025,COMPLETE,outer_game_nested_procedure_OPE,Q/value/delta/gain: raw W; outcome MSE: W^2; probabilities/coverage: fraction; sample counts: explicit rows/PA/games,Take_adjudicated,Swing_offer_including_bunts,2-1,BOUNDARY,NFB,,,,,
cell,2-1|INNER|FB,observed,15591.0,0.3130481688153422,0.3047145403594866,0.3213817972711977,0.0,0.0,0.0,season-weighted final PA W per selected current decision; no summed PA policy gain,True,bcap_swing__mlb_2024_2025__20260909__r01,BCAP-SWING-v0.1.0,swing,2024_2025,COMPLETE,outer_game_nested_procedure_OPE,Q/value/delta/gain: raw W; outcome MSE: W^2; probabilities/coverage: fraction; sample counts: explicit rows/PA/games,Take_adjudicated,Swing_offer_including_bunts,2-1,INNER,FB,,,,,
cell,2-1|INNER|FB,always_0,15591.0,0.2395380602337786,0.2185230987954636,0.2605530216720936,-0.0735101085815635,-0.1164468221008489,-0.0305733950622781,season-weighted final PA W per selected current decision; no summed PA policy gain,True,bcap_swing__mlb_2024_2025__20260909__r01,BCAP-SWING-v0.1.0,swing,2024_2025,COMPLETE,outer_game_nested_procedure_OPE,Q/value/delta/gain: raw W; outcome MSE: W^2; probabilities/coverage: fraction; sample counts: explicit rows/PA/games,Take_adjudicated,Swing_offer_including_bunts,2-1,INNER,FB,,,,,
cell,2-1|INNER|FB,always_1,15591.0,0.3239362241860394,0.3148867513904164,0.3329856969816625,0.0108880553706973,0.0047755089317345,0.01700060180966,season-weighted final PA W per selected current decision; no summed PA policy gain,True,bcap_swing__mlb_2024_2025__20260909__r01,BCAP-SWING-v0.1.0,swing,2024_2025,COMPLETE,outer_game_nested_procedure_OPE,Q/value/delta/gain: raw W; outcome MSE: W^2; probabilities/coverage: fraction; sample counts: explicit rows/PA/games,Take_adjudicated,Swing_offer_including_bunts,2-1,INNER,FB,,,,,
cell,2-1|INNER|FB,learned,15591.0,0.3239362241860394,0.3148867513904164,0.3329856969816625,0.0108880553706973,0.0047755089317345,0.01700060180966,season-weighted final PA W per selected current decision; no summed PA policy gain,True,bcap_swing__mlb_2024_2025__20260909__r01,BCAP-SWING-v0.1.0,swing,2024_2025,COMPLETE,outer_game_nested_procedure_OPE,Q/value/delta/gain: raw W; outcome MSE: W^2; probabilities/coverage: fraction; sample counts: explicit rows/PA/games,Take_adjudicated,Swing_offer_including_bunts,2-1,INNER,FB,,,,,
cell,2-1|INNER|FB,conservative,15591.0,0.3130481688153422,0.3047145403594866,0.3213817972711977,0.0,0.0,0.0,season-weighted final PA W per selected current decision; no summed PA policy gain,True,bcap_swing__mlb_2024_2025__20260909__r01,BCAP-SWING-v0.1.0,swing,2024_2025,COMPLETE,outer_game_nested_procedure_OPE,Q/value/delta/gain: raw W; outcome MSE: W^2; probabilities/coverage: fraction; sample counts: explicit rows/PA/games,Take_adjudicated,Swing_offer_including_bunts,2-1,INNER,FB,,,,,
cell,2-1|INNER|FB,stochastic_half,15591.0,0.281737142209909,0.2703348915864215,0.2931393928333966,-0.0313110266054331,-0.0499537486371582,-0.0126683045737079,season-weighted final PA W per selected current decision; no summed PA policy gain,True,bcap_swing__mlb_2024_2025__20260909__r01,BCAP-SWING-v0.1.0,swing,2024_2025,COMPLETE,outer_game_nested_procedure_OPE,Q/value/delta/gain: raw W; outcome MSE: W^2; probabilities/coverage: fraction; sample counts: explicit rows/PA/games,Take_adjudicated,Swing_offer_including_bunts,2-1,INNER,FB,,,,,
cell,2-1|INNER|NFB,observed,8715.0,0.3308651749856569,0.3192349597848661,0.3424953901864476,0.0,0.0,0.0,season-weighted final PA W per selected current decision; no summed PA policy gain,True,bcap_swing__mlb_2024_2025__20260909__r01,BCAP-SWING-v0.1.0,swing,2024_2025,COMPLETE,outer_game_nested_procedure_OPE,Q/value/delta/gain: raw W; outcome MSE: W^2; probabilities/coverage: fraction; sample counts: explicit rows/PA/games,Take_adjudicated,Swing_offer_including_bunts,2-1,INNER,NFB,,,,,
cell,2-1|INNER|NFB,always_0,8715.0,0.2698157780308883,0.2421606643022537,0.2974708917595228,-0.0610493969547686,-0.1161726335327619,-0.0059261603767752,season-weighted final PA W per selected current decision; no summed PA policy gain,True,bcap_swing__mlb_2024_2025__20260909__r01,BCAP-SWING-v0.1.0,swing,2024_2025,COMPLETE,outer_game_nested_procedure_OPE,Q/value/delta/gain: raw W; outcome MSE: W^2; probabilities/coverage: fraction; sample counts: explicit rows/PA/games,Take_adjudicated,Swing_offer_including_bunts,2-1,INNER,NFB,,,,,
cell,2-1|INNER|NFB,always_1,8715.0,0.3419644218965963,0.3291897213277281,0.3547391224654646,0.0110992469109395,0.0010986208010395,0.0210998730208394,season-weighted final PA W per selected current decision; no summed PA policy gain,True,bcap_swing__mlb_2024_2025__20260909__r01,BCAP-SWING-v0.1.0,swing,2024_2025,COMPLETE,outer_game_nested_procedure_OPE,Q/value/delta/gain: raw W; outcome MSE: W^2; probabilities/coverage: fraction; sample counts: explicit rows/PA/games,Take_adjudicated,Swing_offer_including_bunts,2-1,INNER,NFB,,,,,
cell,2-1|INNER|NFB,learned,8715.0,0.3419644218965963,0.3291897213277281,0.3547391224654646,0.0110992469109395,0.0010986208010395,0.0210998730208394,season-weighted final PA W per selected current decision; no summed PA policy gain,True,bcap_swing__mlb_2024_2025__20260909__r01,BCAP-SWING-v0.1.0,swing,2024_2025,COMPLETE,outer_game_nested_procedure_OPE,Q/value/delta/gain: raw W; outcome MSE: W^2; probabilities/coverage: fraction; sample counts: explicit rows/PA/games,Take_adjudicated,Swing_offer_including_bunts,2-1,INNER,NFB,,,,,
cell,2-1|INNER|NFB,conservative,8715.0,0.3308651749856569,0.3192349597848661,0.3424953901864476,0.0,0.0,0.0,season-weighted final PA W per selected current decision; no summed PA policy gain,True,bcap_swing__mlb_2024_2025__20260909__r01,BCAP-SWING-v0.1.0,swing,2024_2025,COMPLETE,outer_game_nested_procedure_OPE,Q/value/delta/gain: raw W; outcome MSE: W^2; probabilities/coverage: fraction; sample counts: explicit rows/PA/games,Take_adjudicated,Swing_offer_including_bunts,2-1,INNER,NFB,,,,,
cell,2-1|INNER|NFB,stochastic_half,8715.0,0.3058900999637424,0.2906109274728723,0.3211692724546124,-0.0249750750219145,-0.0480302254508628,-0.0019199245929662,season-weighted final PA W per selected current decision; no summed PA policy gain,True,bcap_swing__mlb_2024_2025__20260909__r01,BCAP-SWING-v0.1.0,swing,2024_2025,COMPLETE,outer_game_nested_procedure_OPE,Q/value/delta/gain: raw W; outcome MSE: W^2; probabilities/coverage: fraction; sample counts: explicit rows/PA/games,Take_adjudicated,Swing_offer_including_bunts,2-1,INNER,NFB,,,,,
cell,2-1|OUT|FB,observed,14667.0,0.4125363059930456,0.4048603015818903,0.4202123104042009,0.0,0.0,0.0,season-weighted final PA W per selected current decision; no summed PA policy gain,True,bcap_swing__mlb_2024_2025__20260909__r01,BCAP-SWING-v0.1.0,swing,2024_2025,COMPLETE,outer_game_nested_procedure_OPE,Q/value/delta/gain: raw W; outcome MSE: W^2; probabilities/coverage: fraction; sample counts: explicit rows/PA/games,Take_adjudicated,Swing_offer_including_bunts,2-1,OUT,FB,,,,,
cell,2-1|OUT|FB,always_0,14667.0,0.4575823342701624,0.4492154176517001,0.4659492508886247,0.0450460282771168,0.0345217022298554,0.0555703543243783,season-weighted final PA W per selected current decision; no summed PA policy gain,True,bcap_swing__mlb_2024_2025__20260909__r01,BCAP-SWING-v0.1.0,swing,2024_2025,COMPLETE,outer_game_nested_procedure_OPE,Q/value/delta/gain: raw W; outcome MSE: W^2; probabilities/coverage: fraction; sample counts: explicit rows/PA/games,Take_adjudicated,Swing_offer_including_bunts,2-1,OUT,FB,,,,,
cell,2-1|OUT|FB,always_1,14667.0,0.2734244398117574,0.2573910744391184,0.2894578051843964,-0.1391118661812881,-0.1686296050200169,-0.1095941273425593,season-weighted final PA W per selected current decision; no summed PA policy gain,True,bcap_swing__mlb_2024_2025__20260909__r01,BCAP-SWING-v0.1.0,swing,2024_2025,COMPLETE,outer_game_nested_procedure_OPE,Q/value/delta/gain: raw W; outcome MSE: W^2; probabilities/coverage: fraction; sample counts: explicit rows/PA/games,Take_adjudicated,Swing_offer_including_bunts,2-1,OUT,FB,,,,,
cell,2-1|OUT|FB,learned,14667.0,0.4575823342701624,0.4492154176517001,0.4659492508886247,0.0450460282771168,0.0345217022298554,0.0555703543243783,season-weighted final PA W per selected current decision; no summed PA policy gain,True,bcap_swing__mlb_2024_2025__20260909__r01,BCAP-SWING-v0.1.0,swing,2024_2025,COMPLETE,outer_game_nested_procedure_OPE,Q/value/delta/gain: raw W; outcome MSE: W^2; probabilities/coverage: fraction; sample counts: explicit rows/PA/games,Take_adjudicated,Swing_offer_including_bunts,2-1,OUT,FB,,,,,
cell,2-1|OUT|FB,conservative,14667.0,0.4125363059930456,0.4048603015818903,0.4202123104042009,0.0,0.0,0.0,season-weighted final PA W per selected current decision; no summed PA policy gain,True,bcap_swing__mlb_2024_2025__20260909__r01,BCAP-SWING-v0.1.0,swing,2024_2025,COMPLETE,outer_game_nested_procedure_OPE,Q/value/delta/gain: raw W; outcome MSE: W^2; probabilities/coverage: fraction; sample counts: explicit rows/PA/games,Take_adjudicated,Swing_offer_including_bunts,2-1,OUT,FB,,,,,
cell,2-1|OUT|FB,stochastic_half,14667.0,0.3655033870409599,0.3564509842962116,0.3745557897857083,-0.0470329189520856,-0.0581612159437095,-0.0359046219604617,season-weighted final PA W per selected current decision; no summed PA policy gain,True,bcap_swing__mlb_2024_2025__20260909__r01,BCAP-SWING-v0.1.0,swing,2024_2025,COMPLETE,outer_game_nested_procedure_OPE,Q/value/delta/gain: raw W; outcome MSE: W^2; probabilities/coverage: fraction; sample counts: explicit rows/PA/games,Take_adjudicated,Swing_offer_including_bunts,2-1,OUT,FB,,,,,
cell,2-1|OUT|NFB,observed,13175.0,0.3925579506641365,0.3843917648061511,0.400724136522122,0.0,0.0,0.0,season-weighted final PA W per selected current decision; no summed PA policy gain,True,bcap_swing__mlb_2024_2025__20260909__r01,BCAP-SWING-v0.1.0,swing,2024_2025,COMPLETE,outer_game_nested_procedure_OPE,Q/value/delta/gain: raw W; outcome MSE: W^2; probabilities/coverage: fraction; sample counts: explicit rows/PA/games,Take_adjudicated,Swing_offer_including_bunts,2-1,OUT,NFB,,,,,
cell,2-1|OUT|NFB,always_0,13175.0,0.4569920907117983,0.447019306580788,0.4669648748428086,0.0644341400476617,0.0513116613955332,0.0775566186997902,season-weighted final PA W per selected current decision; no summed PA policy gain,True,bcap_swing__mlb_2024_2025__20260909__r01,BCAP-SWING-v0.1.0,swing,2024_2025,COMPLETE,outer_game_nested_procedure_OPE,Q/value/delta/gain: raw W; outcome MSE: W^2; probabilities/coverage: fraction; sample counts: explicit rows/PA/games,Take_adjudicated,Swing_offer_including_bunts,2-1,OUT,NFB,,,,,
cell,2-1|OUT|NFB,always_1,13175.0,0.2649718519814755,0.248807086569157,0.281136617393794,-0.127586098682661,-0.1577775656964838,-0.0973946316688382,season-weighted final PA W per selected current decision; no summed PA policy gain,True,bcap_swing__mlb_2024_2025__20260909__r01,BCAP-SWING-v0.1.0,swing,2024_2025,COMPLETE,outer_game_nested_procedure_OPE,Q/value/delta/gain: raw W; outcome MSE: W^2; probabilities/coverage: fraction; sample counts: explicit rows/PA/games,Take_adjudicated,Swing_offer_including_bunts,2-1,OUT,NFB,,,,,
cell,2-1|OUT|NFB,learned,13175.0,0.4569920907117983,0.447019306580788,0.4669648748428086,0.0644341400476617,0.0513116613955332,0.0775566186997902,season-weighted final PA W per selected current decision; no summed PA policy gain,True,bcap_swing__mlb_2024_2025__20260909__r01,BCAP-SWING-v0.1.0,swing,2024_2025,COMPLETE,outer_game_nested_procedure_OPE,Q/value/delta/gain: raw W; outcome MSE: W^2; probabilities/coverage: fraction; sample counts: explicit rows/PA/games,Take_adjudicated,Swing_offer_including_bunts,2-1,OUT,NFB,,,,,
cell,2-1|OUT|NFB,conservative,13175.0,0.3925579506641365,0.3843917648061511,0.400724136522122,0.0,0.0,0.0,season-weighted final PA W per selected current decision; no summed PA policy gain,True,bcap_swing__mlb_2024_2025__20260909__r01,BCAP-SWING-v0.1.0,swing,2024_2025,COMPLETE,outer_game_nested_procedure_OPE,Q/value/delta/gain: raw W; outcome MSE: W^2; probabilities/coverage: fraction; sample counts: explicit rows/PA/games,Take_adjudicated,Swing_offer_including_bunts,2-1,OUT,NFB,,,,,
cell,2-1|OUT|NFB,stochastic_half,13175.0,0.3609819713466369,0.3513674607481693,0.3705964819451046,-0.0315759793174996,-0.0436627849181326,-0.0194891737168667,season-weighted final PA W per selected current decision; no summed PA policy gain,True,bcap_swing__mlb_2024_2025__20260909__r01,BCAP-SWING-v0.1.0,swing,2024_2025,COMPLETE,outer_game_nested_procedure_OPE,Q/value/delta/gain: raw W; outcome MSE: W^2; probabilities/coverage: fraction; sample counts: explicit rows/PA/games,Take_adjudicated,Swing_offer_including_bunts,2-1,OUT,NFB,,,,,
cell,2-2|BOUNDARY|FB,observed,14945.0,0.2218091669454667,0.2141393588851625,0.2294789750057708,0.0,0.0,0.0,season-weighted final PA W per selected current decision; no summed PA policy gain,True,bcap_swing__mlb_2024_2025__20260909__r01,BCAP-SWING-v0.1.0,swing,2024_2025,COMPLETE,outer_game_nested_procedure_OPE,Q/value/delta/gain: raw W; outcome MSE: W^2; probabilities/coverage: fraction; sample counts: explicit rows/PA/games,Take_adjudicated,Swing_offer_including_bunts,2-2,BOUNDARY,FB,,,,,
cell,2-2|BOUNDARY|FB,always_0,14945.0,0.1323786126473349,0.117995748811222,0.1467614764834478,-0.0894305542981317,-0.1185439591026756,-0.0603171494935878,season-weighted final PA W per selected current decision; no summed PA policy gain,True,bcap_swing__mlb_2024_2025__20260909__r01,BCAP-SWING-v0.1.0,swing,2024_2025,COMPLETE,outer_game_nested_procedure_OPE,Q/value/delta/gain: raw W; outcome MSE: W^2; probabilities/coverage: fraction; sample counts: explicit rows/PA/games,Take_adjudicated,Swing_offer_including_bunts,2-2,BOUNDARY,FB,,,,,
cell,2-2|BOUNDARY|FB,always_1,14945.0,0.2407142448855352,0.2321208613117684,0.2493076284593019,0.0189050779400685,0.0121164400006222,0.0256937158795147,season-weighted final PA W per selected current decision; no summed PA policy gain,True,bcap_swing__mlb_2024_2025__20260909__r01,BCAP-SWING-v0.1.0,swing,2024_2025,COMPLETE,outer_game_nested_procedure_OPE,Q/value/delta/gain: raw W; outcome MSE: W^2; probabilities/coverage: fraction; sample counts: explicit rows/PA/games,Take_adjudicated,Swing_offer_including_bunts,2-2,BOUNDARY,FB,,,,,
cell,2-2|BOUNDARY|FB,learned,14945.0,0.2407142448855352,0.2321208613117684,0.2493076284593019,0.0189050779400685,0.0121164400006222,0.0256937158795147,season-weighted final PA W per selected current decision; no summed PA policy gain,True,bcap_swing__mlb_2024_2025__20260909__r01,BCAP-SWING-v0.1.0,swing,2024_2025,COMPLETE,outer_game_nested_procedure_OPE,Q/value/delta/gain: raw W; outcome MSE: W^2; probabilities/coverage: fraction; sample counts: explicit rows/PA/games,Take_adjudicated,Swing_offer_including_bunts,2-2,BOUNDARY,FB,,,,,
cell,2-2|BOUNDARY|FB,conservative,14945.0,0.2218091669454667,0.2141393588851625,0.2294789750057708,0.0,0.0,0.0,season-weighted final PA W per selected current decision; no summed PA policy gain,True,bcap_swing__mlb_2024_2025__20260909__r01,BCAP-SWING-v0.1.0,swing,2024_2025,COMPLETE,outer_game_nested_procedure_OPE,Q/value/delta/gain: raw W; outcome MSE: W^2; probabilities/coverage: fraction; sample counts: explicit rows/PA/games,Take_adjudicated,Swing_offer_including_bunts,2-2,BOUNDARY,FB,,,,,
cell,2-2|BOUNDARY|FB,stochastic_half,14945.0,0.1865464287664351,0.178135213663291,0.1949576438695792,-0.0352627381790316,-0.0468202097071412,-0.0237052666509219,season-weighted final PA W per selected current decision; no summed PA policy gain,True,bcap_swing__mlb_2024_2025__20260909__r01,BCAP-SWING-v0.1.0,swing,2024_2025,COMPLETE,outer_game_nested_procedure_OPE,Q/value/delta/gain: raw W; outcome MSE: W^2; probabilities/coverage: fraction; sample counts: explicit rows/PA/games,Take_adjudicated,Swing_offer_including_bunts,2-2,BOUNDARY,FB,,,,,
cell,2-2|BOUNDARY|NFB,observed,12966.0,0.2286348141292611,0.2205022977954403,0.2367673304630819,0.0,0.0,0.0,season-weighted final PA W per selected current decision; no summed PA policy gain,True,bcap_swing__mlb_2024_2025__20260909__r01,BCAP-SWING-v0.1.0,swing,2024_2025,COMPLETE,outer_game_nested_procedure_OPE,Q/value/delta/gain: raw W; outcome MSE: W^2; probabilities/coverage: fraction; sample counts: explicit rows/PA/games,Take_adjudicated,Swing_offer_including_bunts,2-2,BOUNDARY,NFB,,,,,
cell,2-2|BOUNDARY|NFB,always_0,12966.0,0.1346171782970489,0.1163534774624659,0.1528808791316319,-0.0940176358322122,-0.1318418749854852,-0.0561933966789392,season-weighted final PA W per selected current decision; no summed PA policy gain,True,bcap_swing__mlb_2024_2025__20260909__r01,BCAP-SWING-v0.1.0,swing,2024_2025,COMPLETE,outer_game_nested_procedure_OPE,Q/value/delta/gain: raw W; outcome MSE: W^2; probabilities/coverage: fraction; sample counts: explicit rows/PA/games,Take_adjudicated,Swing_offer_including_bunts,2-2,BOUNDARY,NFB,,,,,
cell,2-2|BOUNDARY|NFB,always_1,12966.0,0.2381635527330643,0.2292833297097264,0.2470437757564022,0.0095287386038031,0.0037141504371604,0.0153433267704459,season-weighted final PA W per selected current decision; no summed PA policy gain,True,bcap_swing__mlb_2024_2025__20260909__r01,BCAP-SWING-v0.1.0,swing,2024_2025,COMPLETE,outer_game_nested_procedure_OPE,Q/value/delta/gain: raw W; outcome MSE: W^2; probabilities/coverage: fraction; sample counts: explicit rows/PA/games,Take_adjudicated,Swing_offer_including_bunts,2-2,BOUNDARY,NFB,,,,,
cell,2-2|BOUNDARY|NFB,learned,12966.0,0.2381635527330643,0.2292833297097264,0.2470437757564022,0.0095287386038031,0.0037141504371604,0.0153433267704459,season-weighted final PA W per selected current decision; no summed PA policy gain,True,bcap_swing__mlb_2024_2025__20260909__r01,BCAP-SWING-v0.1.0,swing,2024_2025,COMPLETE,outer_game_nested_procedure_OPE,Q/value/delta/gain: raw W; outcome MSE: W^2; probabilities/coverage: fraction; sample counts: explicit rows/PA/games,Take_adjudicated,Swing_offer_including_bunts,2-2,BOUNDARY,NFB,,,,,
cell,2-2|BOUNDARY|NFB,conservative,12966.0,0.2286348141292611,0.2205022977954403,0.2367673304630819,0.0,0.0,0.0,season-weighted final PA W per selected current decision; no summed PA policy gain,True,bcap_swing__mlb_2024_2025__20260909__r01,BCAP-SWING-v0.1.0,swing,2024_2025,COMPLETE,outer_game_nested_procedure_OPE,Q/value/delta/gain: raw W; outcome MSE: W^2; probabilities/coverage: fraction; sample counts: explicit rows/PA/games,Take_adjudicated,Swing_offer_including_bunts,2-2,BOUNDARY,NFB,,,,,
cell,2-2|BOUNDARY|NFB,stochastic_half,12966.0,0.1863903655150566,0.1762556416382667,0.1965250893918464,-0.0422444486142045,-0.0585676236533312,-0.0259212735750777,season-weighted final PA W per selected current decision; no summed PA policy gain,True,bcap_swing__mlb_2024_2025__20260909__r01,BCAP-SWING-v0.1.0,swing,2024_2025,COMPLETE,outer_game_nested_procedure_OPE,Q/value/delta/gain: raw W; outcome MSE: W^2; probabilities/coverage: fraction; sample counts: explicit rows/PA/games,Take_adjudicated,Swing_offer_including_bunts,2-2,BOUNDARY,NFB,,,,,
cell,2-2|INNER|FB,observed,16745.0,0.2613518662287249,0.2533943096122859,0.269309422845164,0.0,0.0,0.0,season-weighted final PA W per selected current decision; no summed PA policy gain,True,bcap_swing__mlb_2024_2025__20260909__r01,BCAP-SWING-v0.1.0,swing,2024_2025,COMPLETE,outer_game_nested_procedure_OPE,Q/value/delta/gain: raw W; outcome MSE: W^2; probabilities/coverage: fraction; sample counts: explicit rows/PA/games,Take_adjudicated,Swing_offer_including_bunts,2-2,INNER,FB,,,,,
cell,2-2|INNER|FB,always_0,16745.0,0.0383283916104792,0.0319349928512744,0.044721790369684,-0.2230234746182457,-0.2433209413626833,-0.2027260078738081,season-weighted final PA W per selected current decision; no summed PA policy gain,True,bcap_swing__mlb_2024_2025__20260909__r01,BCAP-SWING-v0.1.0,swing,2024_2025,COMPLETE,outer_game_nested_procedure_OPE,Q/value/delta/gain: raw W; outcome MSE: W^2; probabilities/coverage: fraction; sample counts: explicit rows/PA/games,Take_adjudicated,Swing_offer_including_bunts,2-2,INNER,FB,,,,,
cell,2-2|INNER|FB,always_1,16745.0,0.2815469303922868,0.2728483401656351,0.2902455206189386,0.0201950641635618,0.0171411153346427,0.0232490129924809,season-weighted final PA W per selected current decision; no summed PA policy gain,True,bcap_swing__mlb_2024_2025__20260909__r01,BCAP-SWING-v0.1.0,swing,2024_2025,COMPLETE,outer_game_nested_procedure_OPE,Q/value/delta/gain: raw W; outcome MSE: W^2; probabilities/coverage: fraction; sample counts: explicit rows/PA/games,Take_adjudicated,Swing_offer_including_bunts,2-2,INNER,FB,,,,,
cell,2-2|INNER|FB,learned,16745.0,0.2815469303922868,0.2728483401656351,0.2902455206189386,0.0201950641635618,0.0171411153346427,0.0232490129924809,season-weighted final PA W per selected current decision; no summed PA policy gain,True,bcap_swing__mlb_2024_2025__20260909__r01,BCAP-SWING-v0.1.0,swing,2024_2025,COMPLETE,outer_game_nested_procedure_OPE,Q/value/delta/gain: raw W; outcome MSE: W^2; probabilities/coverage: fraction; sample counts: explicit rows/PA/games,Take_adjudicated,Swing_offer_including_bunts,2-2,INNER,FB,,,,,
cell,2-2|INNER|FB,conservative,16745.0,0.2613518662287249,0.2533943096122859,0.269309422845164,0.0,0.0,0.0,season-weighted final PA W per selected current decision; no summed PA policy gain,True,bcap_swing__mlb_2024_2025__20260909__r01,BCAP-SWING-v0.1.0,swing,2024_2025,COMPLETE,outer_game_nested_procedure_OPE,Q/value/delta/gain: raw W; outcome MSE: W^2; probabilities/coverage: fraction; sample counts: explicit rows/PA/games,Take_adjudicated,Swing_offer_including_bunts,2-2,INNER,FB,,,,,
cell,2-2|INNER|FB,stochastic_half,16745.0,0.159937661001383,0.1545481834555411,0.1653271385472249,-0.1014142052273419,-0.1103103086743943,-0.0925181017802895,season-weighted final PA W per selected current decision; no summed PA policy gain,True,bcap_swing__mlb_2024_2025__20260909__r01,BCAP-SWING-v0.1.0,swing,2024_2025,COMPLETE,outer_game_nested_procedure_OPE,Q/value/delta/gain: raw W; outcome MSE: W^2; probabilities/coverage: fraction; sample counts: explicit rows/PA/games,Take_adjudicated,Swing_offer_including_bunts,2-2,INNER,FB,,,,,
cell,2-2|INNER|NFB,observed,11179.0,0.273797387959567,0.2634152963938289,0.2841794795253051,0.0,0.0,0.0,season-weighted final PA W per selected current decision; no summed PA policy gain,True,bcap_swing__mlb_2024_2025__20260909__r01,BCAP-SWING-v0.1.0,swing,2024_2025,COMPLETE,outer_game_nested_procedure_OPE,Q/value/delta/gain: raw W; outcome MSE: W^2; probabilities/coverage: fraction; sample counts: explicit rows/PA/games,Take_adjudicated,Swing_offer_including_bunts,2-2,INNER,NFB,,,,,
cell,2-2|INNER|NFB,always_0,11179.0,0.0633938586612278,0.0550075038396843,0.0717802134827712,-0.2104035292983392,-0.2367923378352261,-0.1840147207614524,season-weighted final PA W per selected current decision; no summed PA policy gain,True,bcap_swing__mlb_2024_2025__20260909__r01,BCAP-SWING-v0.1.0,swing,2024_2025,COMPLETE,outer_game_nested_procedure_OPE,Q/value/delta/gain: raw W; outcome MSE: W^2; probabilities/coverage: fraction; sample counts: explicit rows/PA/games,Take_adjudicated,Swing_offer_including_bunts,2-2,INNER,NFB,,,,,
cell,2-2|INNER|NFB,always_1,11179.0,0.289050300905956,0.277792388337626,0.300308213474286,0.0152529129463889,0.0118125583256962,0.0186932675670816,season-weighted final PA W per selected current decision; no summed PA policy gain,True,bcap_swing__mlb_2024_2025__20260909__r01,BCAP-SWING-v0.1.0,swing,2024_2025,COMPLETE,outer_game_nested_procedure_OPE,Q/value/delta/gain: raw W; outcome MSE: W^2; probabilities/coverage: fraction; sample counts: explicit rows/PA/games,Take_adjudicated,Swing_offer_including_bunts,2-2,INNER,NFB,,,,,
cell,2-2|INNER|NFB,learned,11179.0,0.289050300905956,0.277792388337626,0.300308213474286,0.0152529129463889,0.0118125583256962,0.0186932675670816,season-weighted final PA W per selected current decision; no summed PA policy gain,True,bcap_swing__mlb_2024_2025__20260909__r01,BCAP-SWING-v0.1.0,swing,2024_2025,COMPLETE,outer_game_nested_procedure_OPE,Q/value/delta/gain: raw W; outcome MSE: W^2; probabilities/coverage: fraction; sample counts: explicit rows/PA/games,Take_adjudicated,Swing_offer_including_bunts,2-2,INNER,NFB,,,,,
cell,2-2|INNER|NFB,conservative,11179.0,0.273797387959567,0.2634152963938289,0.2841794795253051,0.0,0.0,0.0,season-weighted final PA W per selected current decision; no summed PA policy gain,True,bcap_swing__mlb_2024_2025__20260909__r01,BCAP-SWING-v0.1.0,swing,2024_2025,COMPLETE,outer_game_nested_procedure_OPE,Q/value/delta/gain: raw W; outcome MSE: W^2; probabilities/coverage: fraction; sample counts: explicit rows/PA/games,Take_adjudicated,Swing_offer_including_bunts,2-2,INNER,NFB,,,,,
cell,2-2|INNER|NFB,stochastic_half,11179.0,0.1762220797835919,0.1691328550993604,0.1833113044678234,-0.0975753081759751,-0.1092718455585859,-0.0858787707933642,season-weighted final PA W per selected current decision; no summed PA policy gain,True,bcap_swing__mlb_2024_2025__20260909__r01,BCAP-SWING-v0.1.0,swing,2024_2025,COMPLETE,outer_game_nested_procedure_OPE,Q/value/delta/gain: raw W; outcome MSE: W^2; probabilities/coverage: fraction; sample counts: explicit rows/PA/games,Take_adjudicated,Swing_offer_including_bunts,2-2,INNER,NFB,,,,,
cell,2-2|OUT|FB,observed,23896.0,0.2980514730498828,0.2920052755667102,0.3040976705330553,0.0,0.0,0.0,season-weighted final PA W per selected current decision; no summed PA policy gain,True,bcap_swing__mlb_2024_2025__20260909__r01,BCAP-SWING-v0.1.0,swing,2024_2025,COMPLETE,outer_game_nested_procedure_OPE,Q/value/delta/gain: raw W; outcome MSE: W^2; probabilities/coverage: fraction; sample counts: explicit rows/PA/games,Take_adjudicated,Swing_offer_including_bunts,2-2,OUT,FB,,,,,
cell,2-2|OUT|FB,always_0,23896.0,0.3572312208292041,0.3499628801035013,0.3644995615549069,0.0591797477793212,0.0495135510583278,0.0688459445003147,season-weighted final PA W per selected current decision; no summed PA policy gain,True,bcap_swing__mlb_2024_2025__20260909__r01,BCAP-SWING-v0.1.0,swing,2024_2025,COMPLETE,outer_game_nested_procedure_OPE,Q/value/delta/gain: raw W; outcome MSE: W^2; probabilities/coverage: fraction; sample counts: explicit rows/PA/games,Take_adjudicated,Swing_offer_including_bunts,2-2,OUT,FB,,,,,
cell,2-2|OUT|FB,always_1,23896.0,0.171495215463689,0.1624587698664764,0.1805316610609017,-0.1265562575861937,-0.1425764358808565,-0.1105360792915309,season-weighted final PA W per selected current decision; no summed PA policy gain,True,bcap_swing__mlb_2024_2025__20260909__r01,BCAP-SWING-v0.1.0,swing,2024_2025,COMPLETE,outer_game_nested_procedure_OPE,Q/value/delta/gain: raw W; outcome MSE: W^2; probabilities/coverage: fraction; sample counts: explicit rows/PA/games,Take_adjudicated,Swing_offer_including_bunts,2-2,OUT,FB,,,,,
cell,2-2|OUT|FB,learned,23896.0,0.3572312208292041,0.3499628801035013,0.3644995615549069,0.0591797477793212,0.0495135510583278,0.0688459445003147,season-weighted final PA W per selected current decision; no summed PA policy gain,True,bcap_swing__mlb_2024_2025__20260909__r01,BCAP-SWING-v0.1.0,swing,2024_2025,COMPLETE,outer_game_nested_procedure_OPE,Q/value/delta/gain: raw W; outcome MSE: W^2; probabilities/coverage: fraction; sample counts: explicit rows/PA/games,Take_adjudicated,Swing_offer_including_bunts,2-2,OUT,FB,,,,,
cell,2-2|OUT|FB,conservative,23896.0,0.2980514730498828,0.2920052755667102,0.3040976705330553,0.0,0.0,0.0,season-weighted final PA W per selected current decision; no summed PA policy gain,True,bcap_swing__mlb_2024_2025__20260909__r01,BCAP-SWING-v0.1.0,swing,2024_2025,COMPLETE,outer_game_nested_procedure_OPE,Q/value/delta/gain: raw W; outcome MSE: W^2; probabilities/coverage: fraction; sample counts: explicit rows/PA/games,Take_adjudicated,Swing_offer_including_bunts,2-2,OUT,FB,,,,,
cell,2-2|OUT|FB,stochastic_half,23896.0,0.2643632181464465,0.2584440352101693,0.2702824010827237,-0.0336882549034362,-0.0391755552564199,-0.0282009545504525,season-weighted final PA W per selected current decision; no summed PA policy gain,True,bcap_swing__mlb_2024_2025__20260909__r01,BCAP-SWING-v0.1.0,swing,2024_2025,COMPLETE,outer_game_nested_procedure_OPE,Q/value/delta/gain: raw W; outcome MSE: W^2; probabilities/coverage: fraction; sample counts: explicit rows/PA/games,Take_adjudicated,Swing_offer_including_bunts,2-2,OUT,FB,,,,,
cell,2-2|OUT|NFB,observed,33703.0,0.2717644126635611,0.2668276289196719,0.2767011964074503,0.0,0.0,0.0,season-weighted final PA W per selected current decision; no summed PA policy gain,True,bcap_swing__mlb_2024_2025__20260909__r01,BCAP-SWING-v0.1.0,swing,2024_2025,COMPLETE,outer_game_nested_procedure_OPE,Q/value/delta/gain: raw W; outcome MSE: W^2; probabilities/coverage: fraction; sample counts: explicit rows/PA/games,Take_adjudicated,Swing_offer_including_bunts,2-2,OUT,NFB,,,,,
cell,2-2|OUT|NFB,always_0,33703.0,0.3595885583351718,0.3527608420674331,0.3664162746029105,0.0878241456716106,0.0782026755617056,0.0974456157815157,season-weighted final PA W per selected current decision; no summed PA policy gain,True,bcap_swing__mlb_2024_2025__20260909__r01,BCAP-SWING-v0.1.0,swing,2024_2025,COMPLETE,outer_game_nested_procedure_OPE,Q/value/delta/gain: raw W; outcome MSE: W^2; probabilities/coverage: fraction; sample counts: explicit rows/PA/games,Take_adjudicated,Swing_offer_including_bunts,2-2,OUT,NFB,,,,,
cell,2-2|OUT|NFB,always_1,33703.0,0.1224945666398888,0.117090848821021,0.1278982844587565,-0.1492698460236723,-0.1593872679942605,-0.1391524240530841,season-weighted final PA W per selected current decision; no summed PA policy gain,True,bcap_swing__mlb_2024_2025__20260909__r01,BCAP-SWING-v0.1.0,swing,2024_2025,COMPLETE,outer_game_nested_procedure_OPE,Q/value/delta/gain: raw W; outcome MSE: W^2; probabilities/coverage: fraction; sample counts: explicit rows/PA/games,Take_adjudicated,Swing_offer_including_bunts,2-2,OUT,NFB,,,,,
cell,2-2|OUT|NFB,learned,33703.0,0.3595885583351718,0.3527608420674331,0.3664162746029105,0.0878241456716106,0.0782026755617056,0.0974456157815157,season-weighted final PA W per selected current decision; no summed PA policy gain,True,bcap_swing__mlb_2024_2025__20260909__r01,BCAP-SWING-v0.1.0,swing,2024_2025,COMPLETE,outer_game_nested_procedure_OPE,Q/value/delta/gain: raw W; outcome MSE: W^2; probabilities/coverage: fraction; sample counts: explicit rows/PA/games,Take_adjudicated,Swing_offer_including_bunts,2-2,OUT,NFB,,,,,
cell,2-2|OUT|NFB,conservative,33703.0,0.2717644126635611,0.2668276289196719,0.2767011964074503,0.0,0.0,0.0,season-weighted final PA W per selected current decision; no summed PA policy gain,True,bcap_swing__mlb_2024_2025__20260909__r01,BCAP-SWING-v0.1.0,swing,2024_2025,COMPLETE,outer_game_nested_procedure_OPE,Q/value/delta/gain: raw W; outcome MSE: W^2; probabilities/coverage: fraction; sample counts: explicit rows/PA/games,Take_adjudicated,Swing_offer_including_bunts,2-2,OUT,NFB,,,,,
cell,2-2|OUT|NFB,stochastic_half,33703.0,0.2410415624875302,0.2365862945812583,0.2454968303938022,-0.0307228501760308,-0.0347477098758621,-0.0266979904761994,season-weighted final PA W per selected current decision; no summed PA policy gain,True,bcap_swing__mlb_2024_2025__20260909__r01,BCAP-SWING-v0.1.0,swing,2024_2025,COMPLETE,outer_game_nested_procedure_OPE,Q/value/delta/gain: raw W; outcome MSE: W^2; probabilities/coverage: fraction; sample counts: explicit rows/PA/games,Take_adjudicated,Swing_offer_including_bunts,2-2,OUT,NFB,,,,,
cell,3-0|BOUNDARY|FB,observed,3444.0,0.4984744483159117,0.4842296838279656,0.5127192128038578,0.0,0.0,0.0,season-weighted final PA W per selected current decision; no summed PA policy gain,True,bcap_swing__mlb_2024_2025__20260909__r01,BCAP-SWING-v0.1.0,swing,2024_2025,COMPLETE,outer_game_nested_procedure_OPE,Q/value/delta/gain: raw W; outcome MSE: W^2; probabilities/coverage: fraction; sample counts: explicit rows/PA/games,Take_adjudicated,Swing_offer_including_bunts,3-0,BOUNDARY,FB,,,,,
cell,3-0|BOUNDARY|FB,always_0,3444.0,0.5049729430410952,0.4901273972115062,0.5198184888706842,0.0064984947251834,-0.0060340008334381,0.019030990283805,season-weighted final PA W per selected current decision; no summed PA policy gain,True,bcap_swing__mlb_2024_2025__20260909__r01,BCAP-SWING-v0.1.0,swing,2024_2025,COMPLETE,outer_game_nested_procedure_OPE,Q/value/delta/gain: raw W; outcome MSE: W^2; probabilities/coverage: fraction; sample counts: explicit rows/PA/games,Take_adjudicated,Swing_offer_including_bunts,3-0,BOUNDARY,FB,,,,,
cell,3-0|BOUNDARY|FB,always_1,3444.0,0.429746754731287,0.374574536714148,0.484918972748426,-0.0687276935846246,-0.1792776752528214,0.0418222880835721,season-weighted final PA W per selected current decision; no summed PA policy gain,True,bcap_swing__mlb_2024_2025__20260909__r01,BCAP-SWING-v0.1.0,swing,2024_2025,COMPLETE,outer_game_nested_procedure_OPE,Q/value/delta/gain: raw W; outcome MSE: W^2; probabilities/coverage: fraction; sample counts: explicit rows/PA/games,Take_adjudicated,Swing_offer_including_bunts,3-0,BOUNDARY,FB,,,,,
cell,3-0|BOUNDARY|FB,learned,3444.0,0.5049729430410952,0.4901273972115062,0.5198184888706842,0.0064984947251834,-0.0060340008334381,0.019030990283805,season-weighted final PA W per selected current decision; no summed PA policy gain,True,bcap_swing__mlb_2024_2025__20260909__r01,BCAP-SWING-v0.1.0,swing,2024_2025,COMPLETE,outer_game_nested_procedure_OPE,Q/value/delta/gain: raw W; outcome MSE: W^2; probabilities/coverage: fraction; sample counts: explicit rows/PA/games,Take_adjudicated,Swing_offer_including_bunts,3-0,BOUNDARY,FB,,,,,
cell,3-0|BOUNDARY|FB,conservative,3444.0,0.4984744483159117,0.4842296838279656,0.5127192128038578,0.0,0.0,0.0,season-weighted final PA W per selected current decision; no summed PA policy gain,True,bcap_swing__mlb_2024_2025__20260909__r01,BCAP-SWING-v0.1.0,swing,2024_2025,COMPLETE,outer_game_nested_procedure_OPE,Q/value/delta/gain: raw W; outcome MSE: W^2; probabilities/coverage: fraction; sample counts: explicit rows/PA/games,Take_adjudicated,Swing_offer_including_bunts,3-0,BOUNDARY,FB,,,,,
cell,3-0|BOUNDARY|FB,stochastic_half,3444.0,0.467359848886191,0.4389701046135189,0.4957495931588631,-0.0311145994297205,-0.0807743575987493,0.0185451587393081,season-weighted final PA W per selected current decision; no summed PA policy gain,True,bcap_swing__mlb_2024_2025__20260909__r01,BCAP-SWING-v0.1.0,swing,2024_2025,COMPLETE,outer_game_nested_procedure_OPE,Q/value/delta/gain: raw W; outcome MSE: W^2; probabilities/coverage: fraction; sample counts: explicit rows/PA/games,Take_adjudicated,Swing_offer_including_bunts,3-0,BOUNDARY,FB,,,,,
cell,3-0|BOUNDARY|NFB,observed,202.0,0.5221732673267327,0.4647422364107044,0.579604298242761,0.0,0.0,0.0,season-weighted final PA W per selected current decision; no summed PA policy gain,True,bcap_swing__mlb_2024_2025__20260909__r01,BCAP-SWING-v0.1.0,swing,2024_2025,COMPLETE,outer_game_nested_procedure_OPE,Q/value/delta/gain: raw W; outcome MSE: W^2; probabilities/coverage: fraction; sample counts: explicit rows/PA/games,Take_adjudicated,Swing_offer_including_bunts,3-0,BOUNDARY,NFB,,,,,
cell,3-0|BOUNDARY|NFB,always_0,202.0,0.5222922190012265,0.4631540655783401,0.5814303724241128,0.0001189516744938,-0.0644794375119247,0.0647173408609124,season-weighted final PA W per selected current decision; no summed PA policy gain,True,bcap_swing__mlb_2024_2025__20260909__r01,BCAP-SWING-v0.1.0,swing,2024_2025,COMPLETE,outer_game_nested_procedure_OPE,Q/value/delta/gain: raw W; outcome MSE: W^2; probabilities/coverage: fraction; sample counts: explicit rows/PA/games,Take_adjudicated,Swing_offer_including_bunts,3-0,BOUNDARY,NFB,,,,,
cell,3-0|BOUNDARY|NFB,always_1,202.0,0.446006552191757,0.2646834257108434,0.6273296786726708,-0.0761667151349756,-0.430032003534505,0.2776985732645538,season-weighted final PA W per selected current decision; no summed PA policy gain,True,bcap_swing__mlb_2024_2025__20260909__r01,BCAP-SWING-v0.1.0,swing,2024_2025,COMPLETE,outer_game_nested_procedure_OPE,Q/value/delta/gain: raw W; outcome MSE: W^2; probabilities/coverage: fraction; sample counts: explicit rows/PA/games,Take_adjudicated,Swing_offer_including_bunts,3-0,BOUNDARY,NFB,,,,,
cell,3-0|BOUNDARY|NFB,learned,202.0,0.5222922190012265,0.4631540655783401,0.5814303724241128,0.0001189516744938,-0.0644794375119247,0.0647173408609124,season-weighted final PA W per selected current decision; no summed PA policy gain,True,bcap_swing__mlb_2024_2025__20260909__r01,BCAP-SWING-v0.1.0,swing,2024_2025,COMPLETE,outer_game_nested_procedure_OPE,Q/value/delta/gain: raw W; outcome MSE: W^2; probabilities/coverage: fraction; sample counts: explicit rows/PA/games,Take_adjudicated,Swing_offer_including_bunts,3-0,BOUNDARY,NFB,,,,,
cell,3-0|BOUNDARY|NFB,conservative,202.0,0.5221732673267327,0.4647422364107044,0.579604298242761,0.0,0.0,0.0,season-weighted final PA W per selected current decision; no summed PA policy gain,True,bcap_swing__mlb_2024_2025__20260909__r01,BCAP-SWING-v0.1.0,swing,2024_2025,COMPLETE,outer_game_nested_procedure_OPE,Q/value/delta/gain: raw W; outcome MSE: W^2; probabilities/coverage: fraction; sample counts: explicit rows/PA/games,Take_adjudicated,Swing_offer_including_bunts,3-0,BOUNDARY,NFB,,,,,
cell,3-0|BOUNDARY|NFB,stochastic_half,202.0,0.4841493855964918,0.3888715227000437,0.5794272484929398,-0.0380238817302408,-0.1872833284977965,0.1112355650373147,season-weighted final PA W per selected current decision; no summed PA policy gain,True,bcap_swing__mlb_2024_2025__20260909__r01,BCAP-SWING-v0.1.0,swing,2024_2025,COMPLETE,outer_game_nested_procedure_OPE,Q/value/delta/gain: raw W; outcome MSE: W^2; probabilities/coverage: fraction; sample counts: explicit rows/PA/games,Take_adjudicated,Swing_offer_including_bunts,3-0,BOUNDARY,NFB,,,,,
cell,3-0|INNER|FB,observed,5090.0,0.4689265225933202,0.45560932268998,0.4822437224966603,0.0,0.0,0.0,season-weighted final PA W per selected current decision; no summed PA policy gain,True,bcap_swing__mlb_2024_2025__20260909__r01,BCAP-SWING-v0.1.0,swing,2024_2025,COMPLETE,outer_game_nested_procedure_OPE,Q/value/delta/gain: raw W; outcome MSE: W^2; probabilities/coverage: fraction; sample counts: explicit rows/PA/games,Take_adjudicated,Swing_offer_including_bunts,3-0,INNER,FB,,,,,
cell,3-0|INNER|FB,always_0,5090.0,0.4577159775966727,0.4444331730003735,0.4709987821929719,-0.0112105449966475,-0.0256500386292895,0.0032289486359944,season-weighted final PA W per selected current decision; no summed PA policy gain,True,bcap_swing__mlb_2024_2025__20260909__r01,BCAP-SWING-v0.1.0,swing,2024_2025,COMPLETE,outer_game_nested_procedure_OPE,Q/value/delta/gain: raw W; outcome MSE: W^2; probabilities/coverage: fraction; sample counts: explicit rows/PA/games,Take_adjudicated,Swing_offer_including_bunts,3-0,INNER,FB,,,,,
cell,3-0|INNER|FB,always_1,5090.0,0.5600300806965757,0.5036218762918024,0.6164382851013489,0.0911035581032555,-0.0180463703258542,0.2002534865323653,season-weighted final PA W per selected current decision; no summed PA policy gain,True,bcap_swing__mlb_2024_2025__20260909__r01,BCAP-SWING-v0.1.0,swing,2024_2025,COMPLETE,outer_game_nested_procedure_OPE,Q/value/delta/gain: raw W; outcome MSE: W^2; probabilities/coverage: fraction; sample counts: explicit rows/PA/games,Take_adjudicated,Swing_offer_including_bunts,3-0,INNER,FB,,,,,
cell,3-0|INNER|FB,learned,5090.0,0.5600300806965757,0.5036218762918024,0.6164382851013489,0.0911035581032555,-0.0180463703258542,0.2002534865323653,season-weighted final PA W per selected current decision; no summed PA policy gain,True,bcap_swing__mlb_2024_2025__20260909__r01,BCAP-SWING-v0.1.0,swing,2024_2025,COMPLETE,outer_game_nested_procedure_OPE,Q/value/delta/gain: raw W; outcome MSE: W^2; probabilities/coverage: fraction; sample counts: explicit rows/PA/games,Take_adjudicated,Swing_offer_including_bunts,3-0,INNER,FB,,,,,
cell,3-0|INNER|FB,conservative,5090.0,0.4689265225933202,0.45560932268998,0.4822437224966603,0.0,0.0,0.0,season-weighted final PA W per selected current decision; no summed PA policy gain,True,bcap_swing__mlb_2024_2025__20260909__r01,BCAP-SWING-v0.1.0,swing,2024_2025,COMPLETE,outer_game_nested_procedure_OPE,Q/value/delta/gain: raw W; outcome MSE: W^2; probabilities/coverage: fraction; sample counts: explicit rows/PA/games,Take_adjudicated,Swing_offer_including_bunts,3-0,INNER,FB,,,,,
cell,3-0|INNER|FB,stochastic_half,5090.0,0.5088730291466241,0.4798651057873373,0.537880952505911,0.0399465065533039,-0.0078909922811388,0.0877840053877467,season-weighted final PA W per selected current decision; no summed PA policy gain,True,bcap_swing__mlb_2024_2025__20260909__r01,BCAP-SWING-v0.1.0,swing,2024_2025,COMPLETE,outer_game_nested_procedure_OPE,Q/value/delta/gain: raw W; outcome MSE: W^2; probabilities/coverage: fraction; sample counts: explicit rows/PA/games,Take_adjudicated,Swing_offer_including_bunts,3-0,INNER,FB,,,,,
cell,3-0|INNER|NFB,observed,263.0,0.5193307984790875,0.4619380950863102,0.5767235018718647,0.0,0.0,0.0,season-weighted final PA W per selected current decision; no summed PA policy gain,True,bcap_swing__mlb_2024_2025__20260909__r01,BCAP-SWING-v0.1.0,swing,2024_2025,COMPLETE,outer_game_nested_procedure_OPE,Q/value/delta/gain: raw W; outcome MSE: W^2; probabilities/coverage: fraction; sample counts: explicit rows/PA/games,Take_adjudicated,Swing_offer_including_bunts,3-0,INNER,NFB,,,,,
cell,3-0|INNER|NFB,always_0,263.0,0.5128822886038055,0.4524324519461463,0.5733321252614646,-0.0064485098752819,-0.0738757755553939,0.06097875580483,season-weighted final PA W per selected current decision; no summed PA policy gain,True,bcap_swing__mlb_2024_2025__20260909__r01,BCAP-SWING-v0.1.0,swing,2024_2025,COMPLETE,outer_game_nested_procedure_OPE,Q/value/delta/gain: raw W; outcome MSE: W^2; probabilities/coverage: fraction; sample counts: explicit rows/PA/games,Take_adjudicated,Swing_offer_including_bunts,3-0,INNER,NFB,,,,,
cell,3-0|INNER|NFB,always_1,263.0,0.4986281767044909,0.3107184223444036,0.6865379310645782,-0.0207026217745965,-0.3833647874776081,0.341959543928415,season-weighted final PA W per selected current decision; no summed PA policy gain,True,bcap_swing__mlb_2024_2025__20260909__r01,BCAP-SWING-v0.1.0,swing,2024_2025,COMPLETE,outer_game_nested_procedure_OPE,Q/value/delta/gain: raw W; outcome MSE: W^2; probabilities/coverage: fraction; sample counts: explicit rows/PA/games,Take_adjudicated,Swing_offer_including_bunts,3-0,INNER,NFB,,,,,
cell,3-0|INNER|NFB,learned,263.0,0.4729824978204936,0.3624071686726627,0.5835578269683246,-0.0463483006585937,-0.2524387638680797,0.1597421625508921,season-weighted final PA W per selected current decision; no summed PA policy gain,True,bcap_swing__mlb_2024_2025__20260909__r01,BCAP-SWING-v0.1.0,swing,2024_2025,COMPLETE,outer_game_nested_procedure_OPE,Q/value/delta/gain: raw W; outcome MSE: W^2; probabilities/coverage: fraction; sample counts: explicit rows/PA/games,Take_adjudicated,Swing_offer_including_bunts,3-0,INNER,NFB,,,,,
cell,3-0|INNER|NFB,conservative,263.0,0.5193307984790875,0.4619380950863102,0.5767235018718647,0.0,0.0,0.0,season-weighted final PA W per selected current decision; no summed PA policy gain,True,bcap_swing__mlb_2024_2025__20260909__r01,BCAP-SWING-v0.1.0,swing,2024_2025,COMPLETE,outer_game_nested_procedure_OPE,Q/value/delta/gain: raw W; outcome MSE: W^2; probabilities/coverage: fraction; sample counts: explicit rows/PA/games,Take_adjudicated,Swing_offer_including_bunts,3-0,INNER,NFB,,,,,
cell,3-0|INNER|NFB,stochastic_half,263.0,0.5057552326541481,0.4070621692112222,0.6044482960970741,-0.0135755658249392,-0.1654499744988381,0.1382988428489596,season-weighted final PA W per selected current decision; no summed PA policy gain,True,bcap_swing__mlb_2024_2025__20260909__r01,BCAP-SWING-v0.1.0,swing,2024_2025,COMPLETE,outer_game_nested_procedure_OPE,Q/value/delta/gain: raw W; outcome MSE: W^2; probabilities/coverage: fraction; sample counts: explicit rows/PA/games,Take_adjudicated,Swing_offer_including_bunts,3-0,INNER,NFB,,,,,
cell,3-0|OUT|FB,observed,2962.0,0.6509230249831195,0.6430602618382402,0.6587857881279988,0.0,0.0,0.0,season-weighted final PA W per selected current decision; no summed PA policy gain,True,bcap_swing__mlb_2024_2025__20260909__r01,BCAP-SWING-v0.1.0,swing,2024_2025,COMPLETE,outer_game_nested_procedure_OPE,Q/value/delta/gain: raw W; outcome MSE: W^2; probabilities/coverage: fraction; sample counts: explicit rows/PA/games,Take_adjudicated,Swing_offer_including_bunts,3-0,OUT,FB,,,,,
cell,3-0|OUT|FB,always_0,2962.0,0.6591849037616093,0.651110639827274,0.6672591676959446,0.0082618787784898,0.0001364539369884,0.0163873036199912,season-weighted final PA W per selected current decision; no summed PA policy gain,True,bcap_swing__mlb_2024_2025__20260909__r01,BCAP-SWING-v0.1.0,swing,2024_2025,COMPLETE,outer_game_nested_procedure_OPE,Q/value/delta/gain: raw W; outcome MSE: W^2; probabilities/coverage: fraction; sample counts: explicit rows/PA/games,Take_adjudicated,Swing_offer_including_bunts,3-0,OUT,FB,,,,,
cell,3-0|OUT|FB,always_1,2962.0,0.4011670693814844,0.3656182637637908,0.4367158749991781,-0.2497559556016351,-0.3204640729659761,-0.1790478382372941,season-weighted final PA W per selected current decision; no summed PA policy gain,True,bcap_swing__mlb_2024_2025__20260909__r01,BCAP-SWING-v0.1.0,swing,2024_2025,COMPLETE,outer_game_nested_procedure_OPE,Q/value/delta/gain: raw W; outcome MSE: W^2; probabilities/coverage: fraction; sample counts: explicit rows/PA/games,Take_adjudicated,Swing_offer_including_bunts,3-0,OUT,FB,,,,,
cell,3-0|OUT|FB,learned,2962.0,0.6591849037616093,0.651110639827274,0.6672591676959446,0.0082618787784898,0.0001364539369884,0.0163873036199912,season-weighted final PA W per selected current decision; no summed PA policy gain,True,bcap_swing__mlb_2024_2025__20260909__r01,BCAP-SWING-v0.1.0,swing,2024_2025,COMPLETE,outer_game_nested_procedure_OPE,Q/value/delta/gain: raw W; outcome MSE: W^2; probabilities/coverage: fraction; sample counts: explicit rows/PA/games,Take_adjudicated,Swing_offer_including_bunts,3-0,OUT,FB,,,,,
cell,3-0|OUT|FB,conservative,2962.0,0.6509230249831195,0.6430602618382402,0.6587857881279988,0.0,0.0,0.0,season-weighted final PA W per selected current decision; no summed PA policy gain,True,bcap_swing__mlb_2024_2025__20260909__r01,BCAP-SWING-v0.1.0,swing,2024_2025,COMPLETE,outer_game_nested_procedure_OPE,Q/value/delta/gain: raw W; outcome MSE: W^2; probabilities/coverage: fraction; sample counts: explicit rows/PA/games,Take_adjudicated,Swing_offer_including_bunts,3-0,OUT,FB,,,,,
cell,3-0|OUT|FB,stochastic_half,2962.0,0.5301759865715469,0.5119468091775156,0.5484051639655781,-0.1207470384115726,-0.1529273297667084,-0.0885667470564367,season-weighted final PA W per selected current decision; no summed PA policy gain,True,bcap_swing__mlb_2024_2025__20260909__r01,BCAP-SWING-v0.1.0,swing,2024_2025,COMPLETE,outer_game_nested_procedure_OPE,Q/value/delta/gain: raw W; outcome MSE: W^2; probabilities/coverage: fraction; sample counts: explicit rows/PA/games,Take_adjudicated,Swing_offer_including_bunts,3-0,OUT,FB,,,,,
cell,3-0|OUT|NFB,observed,269.0,0.659174721189591,0.6323329404847033,0.6860165018944786,0.0,0.0,0.0,season-weighted final PA W per selected current decision; no summed PA policy gain,True,bcap_swing__mlb_2024_2025__20260909__r01,BCAP-SWING-v0.1.0,swing,2024_2025,COMPLETE,outer_game_nested_procedure_OPE,Q/value/delta/gain: raw W; outcome MSE: W^2; probabilities/coverage: fraction; sample counts: explicit rows/PA/games,Take_adjudicated,Swing_offer_including_bunts,3-0,OUT,NFB,,,,,
cell,3-0|OUT|NFB,always_0,269.0,0.6827504650586418,0.6588980857004944,0.7066028444167892,0.0235757438690506,-0.0179105155497066,0.065062003287808,season-weighted final PA W per selected current decision; no summed PA policy gain,True,bcap_swing__mlb_2024_2025__20260909__r01,BCAP-SWING-v0.1.0,swing,2024_2025,COMPLETE,outer_game_nested_procedure_OPE,Q/value/delta/gain: raw W; outcome MSE: W^2; probabilities/coverage: fraction; sample counts: explicit rows/PA/games,Take_adjudicated,Swing_offer_including_bunts,3-0,OUT,NFB,,,,,
cell,3-0|OUT|NFB,always_1,269.0,0.4192019388455422,0.2895456162319393,0.5488582614591451,-0.2399727823440488,-0.4956871703561986,0.0157416056681009,season-weighted final PA W per selected current decision; no summed PA policy gain,True,bcap_swing__mlb_2024_2025__20260909__r01,BCAP-SWING-v0.1.0,swing,2024_2025,COMPLETE,outer_game_nested_procedure_OPE,Q/value/delta/gain: raw W; outcome MSE: W^2; probabilities/coverage: fraction; sample counts: explicit rows/PA/games,Take_adjudicated,Swing_offer_including_bunts,3-0,OUT,NFB,,,,,
cell,3-0|OUT|NFB,learned,269.0,0.6827504650586418,0.6588980857004944,0.7066028444167892,0.0235757438690506,-0.0179105155497066,0.065062003287808,season-weighted final PA W per selected current decision; no summed PA policy gain,True,bcap_swing__mlb_2024_2025__20260909__r01,BCAP-SWING-v0.1.0,swing,2024_2025,COMPLETE,outer_game_nested_procedure_OPE,Q/value/delta/gain: raw W; outcome MSE: W^2; probabilities/coverage: fraction; sample counts: explicit rows/PA/games,Take_adjudicated,Swing_offer_including_bunts,3-0,OUT,NFB,,,,,
cell,3-0|OUT|NFB,conservative,269.0,0.659174721189591,0.6323329404847033,0.6860165018944786,0.0,0.0,0.0,season-weighted final PA W per selected current decision; no summed PA policy gain,True,bcap_swing__mlb_2024_2025__20260909__r01,BCAP-SWING-v0.1.0,swing,2024_2025,COMPLETE,outer_game_nested_procedure_OPE,Q/value/delta/gain: raw W; outcome MSE: W^2; probabilities/coverage: fraction; sample counts: explicit rows/PA/games,Take_adjudicated,Swing_offer_including_bunts,3-0,OUT,NFB,,,,,
cell,3-0|OUT|NFB,stochastic_half,269.0,0.5509762019520918,0.4856416344705589,0.6163107694336247,-0.1081985192374991,-0.2228662915709081,0.0064692530959099,season-weighted final PA W per selected current decision; no summed PA policy gain,True,bcap_swing__mlb_2024_2025__20260909__r01,BCAP-SWING-v0.1.0,swing,2024_2025,COMPLETE,outer_game_nested_procedure_OPE,Q/value/delta/gain: raw W; outcome MSE: W^2; probabilities/coverage: fraction; sample counts: explicit rows/PA/games,Take_adjudicated,Swing_offer_including_bunts,3-0,OUT,NFB,,,,,
cell,3-1|BOUNDARY|FB,observed,6305.0,0.4012340999206978,0.3896440397147515,0.4128241601266442,0.0,0.0,0.0,season-weighted final PA W per selected current decision; no summed PA policy gain,True,bcap_swing__mlb_2024_2025__20260909__r01,BCAP-SWING-v0.1.0,swing,2024_2025,COMPLETE,outer_game_nested_procedure_OPE,Q/value/delta/gain: raw W; outcome MSE: W^2; probabilities/coverage: fraction; sample counts: explicit rows/PA/games,Take_adjudicated,Swing_offer_including_bunts,3-1,BOUNDARY,FB,,,,,
cell,3-1|BOUNDARY|FB,always_0,6305.0,0.4567644073101769,0.4383968804081153,0.4751319342122385,0.055530307389479,0.0222946867097718,0.0887659280691863,season-weighted final PA W per selected current decision; no summed PA policy gain,True,bcap_swing__mlb_2024_2025__20260909__r01,BCAP-SWING-v0.1.0,swing,2024_2025,COMPLETE,outer_game_nested_procedure_OPE,Q/value/delta/gain: raw W; outcome MSE: W^2; probabilities/coverage: fraction; sample counts: explicit rows/PA/games,Take_adjudicated,Swing_offer_including_bunts,3-1,BOUNDARY,FB,,,,,
cell,3-1|BOUNDARY|FB,always_1,6305.0,0.3548122673737937,0.3393487064232363,0.370275828324351,-0.0464218325469041,-0.0656019589003091,-0.0272417061934992,season-weighted final PA W per selected current decision; no summed PA policy gain,True,bcap_swing__mlb_2024_2025__20260909__r01,BCAP-SWING-v0.1.0,swing,2024_2025,COMPLETE,outer_game_nested_procedure_OPE,Q/value/delta/gain: raw W; outcome MSE: W^2; probabilities/coverage: fraction; sample counts: explicit rows/PA/games,Take_adjudicated,Swing_offer_including_bunts,3-1,BOUNDARY,FB,,,,,
cell,3-1|BOUNDARY|FB,learned,6305.0,0.4567644073101769,0.4383968804081153,0.4751319342122385,0.055530307389479,0.0222946867097718,0.0887659280691863,season-weighted final PA W per selected current decision; no summed PA policy gain,True,bcap_swing__mlb_2024_2025__20260909__r01,BCAP-SWING-v0.1.0,swing,2024_2025,COMPLETE,outer_game_nested_procedure_OPE,Q/value/delta/gain: raw W; outcome MSE: W^2; probabilities/coverage: fraction; sample counts: explicit rows/PA/games,Take_adjudicated,Swing_offer_including_bunts,3-1,BOUNDARY,FB,,,,,
cell,3-1|BOUNDARY|FB,conservative,6305.0,0.4012340999206978,0.3896440397147515,0.4128241601266442,0.0,0.0,0.0,season-weighted final PA W per selected current decision; no summed PA policy gain,True,bcap_swing__mlb_2024_2025__20260909__r01,BCAP-SWING-v0.1.0,swing,2024_2025,COMPLETE,outer_game_nested_procedure_OPE,Q/value/delta/gain: raw W; outcome MSE: W^2; probabilities/coverage: fraction; sample counts: explicit rows/PA/games,Take_adjudicated,Swing_offer_including_bunts,3-1,BOUNDARY,FB,,,,,
cell,3-1|BOUNDARY|FB,stochastic_half,6305.0,0.4057883373419853,0.3938077383196008,0.4177689363643697,0.0045542374212874,-0.004649768685618,0.0137582435281929,season-weighted final PA W per selected current decision; no summed PA policy gain,True,bcap_swing__mlb_2024_2025__20260909__r01,BCAP-SWING-v0.1.0,swing,2024_2025,COMPLETE,outer_game_nested_procedure_OPE,Q/value/delta/gain: raw W; outcome MSE: W^2; probabilities/coverage: fraction; sample counts: explicit rows/PA/games,Take_adjudicated,Swing_offer_including_bunts,3-1,BOUNDARY,FB,,,,,
cell,3-1|BOUNDARY|NFB,observed,1784.0,0.4145162556053811,0.392475455154106,0.4365570560566562,0.0,0.0,0.0,season-weighted final PA W per selected current decision; no summed PA policy gain,True,bcap_swing__mlb_2024_2025__20260909__r01,BCAP-SWING-v0.1.0,swing,2024_2025,COMPLETE,outer_game_nested_procedure_OPE,Q/value/delta/gain: raw W; outcome MSE: W^2; probabilities/coverage: fraction; sample counts: explicit rows/PA/games,Take_adjudicated,Swing_offer_including_bunts,3-1,BOUNDARY,NFB,,,,,
cell,3-1|BOUNDARY|NFB,always_0,1784.0,0.4257006063219875,0.3937458576226441,0.4576553550213308,0.0111843507166063,-0.0443362696500923,0.066704971083305,season-weighted final PA W per selected current decision; no summed PA policy gain,True,bcap_swing__mlb_2024_2025__20260909__r01,BCAP-SWING-v0.1.0,swing,2024_2025,COMPLETE,outer_game_nested_procedure_OPE,Q/value/delta/gain: raw W; outcome MSE: W^2; probabilities/coverage: fraction; sample counts: explicit rows/PA/games,Take_adjudicated,Swing_offer_including_bunts,3-1,BOUNDARY,NFB,,,,,
cell,3-1|BOUNDARY|NFB,always_1,1784.0,0.3840454646323227,0.3527517366228507,0.4153391926417947,-0.0304707909730584,-0.0724955352230846,0.0115539532769677,season-weighted final PA W per selected current decision; no summed PA policy gain,True,bcap_swing__mlb_2024_2025__20260909__r01,BCAP-SWING-v0.1.0,swing,2024_2025,COMPLETE,outer_game_nested_procedure_OPE,Q/value/delta/gain: raw W; outcome MSE: W^2; probabilities/coverage: fraction; sample counts: explicit rows/PA/games,Take_adjudicated,Swing_offer_including_bunts,3-1,BOUNDARY,NFB,,,,,
cell,3-1|BOUNDARY|NFB,learned,1784.0,0.4257006063219875,0.3937458576226441,0.4576553550213308,0.0111843507166063,-0.0443362696500923,0.066704971083305,season-weighted final PA W per selected current decision; no summed PA policy gain,True,bcap_swing__mlb_2024_2025__20260909__r01,BCAP-SWING-v0.1.0,swing,2024_2025,COMPLETE,outer_game_nested_procedure_OPE,Q/value/delta/gain: raw W; outcome MSE: W^2; probabilities/coverage: fraction; sample counts: explicit rows/PA/games,Take_adjudicated,Swing_offer_including_bunts,3-1,BOUNDARY,NFB,,,,,
cell,3-1|BOUNDARY|NFB,conservative,1784.0,0.4145162556053811,0.392475455154106,0.4365570560566562,0.0,0.0,0.0,season-weighted final PA W per selected current decision; no summed PA policy gain,True,bcap_swing__mlb_2024_2025__20260909__r01,BCAP-SWING-v0.1.0,swing,2024_2025,COMPLETE,outer_game_nested_procedure_OPE,Q/value/delta/gain: raw W; outcome MSE: W^2; probabilities/coverage: fraction; sample counts: explicit rows/PA/games,Take_adjudicated,Swing_offer_including_bunts,3-1,BOUNDARY,NFB,,,,,
cell,3-1|BOUNDARY|NFB,stochastic_half,1784.0,0.4048730354771551,0.3824854964165224,0.4272605745377877,-0.009643220128226,-0.022739200719316,0.0034527604628639,season-weighted final PA W per selected current decision; no summed PA policy gain,True,bcap_swing__mlb_2024_2025__20260909__r01,BCAP-SWING-v0.1.0,swing,2024_2025,COMPLETE,outer_game_nested_procedure_OPE,Q/value/delta/gain: raw W; outcome MSE: W^2; probabilities/coverage: fraction; sample counts: explicit rows/PA/games,Take_adjudicated,Swing_offer_including_bunts,3-1,BOUNDARY,NFB,,,,,
cell,3-1|INNER|FB,observed,9123.0,0.4019967116080237,0.3908258077269671,0.4131676154890802,0.0,0.0,0.0,season-weighted final PA W per selected current decision; no summed PA policy gain,True,bcap_swing__mlb_2024_2025__20260909__r01,BCAP-SWING-v0.1.0,swing,2024_2025,COMPLETE,outer_game_nested_procedure_OPE,Q/value/delta/gain: raw W; outcome MSE: W^2; probabilities/coverage: fraction; sample counts: explicit rows/PA/games,Take_adjudicated,Swing_offer_including_bunts,3-1,INNER,FB,,,,,
cell,3-1|INNER|FB,always_0,9123.0,0.3479019845616799,0.3208238385433549,0.3749801305800049,-0.0540947270463437,-0.1092557068005642,0.0010662527078767,season-weighted final PA W per selected current decision; no summed PA policy gain,True,bcap_swing__mlb_2024_2025__20260909__r01,BCAP-SWING-v0.1.0,swing,2024_2025,COMPLETE,outer_game_nested_procedure_OPE,Q/value/delta/gain: raw W; outcome MSE: W^2; probabilities/coverage: fraction; sample counts: explicit rows/PA/games,Take_adjudicated,Swing_offer_including_bunts,3-1,INNER,FB,,,,,
cell,3-1|INNER|FB,always_1,9123.0,0.4107713936767809,0.3983033360583443,0.4232394512952175,0.0087746820687571,-0.0003800593299126,0.017929423467427,season-weighted final PA W per selected current decision; no summed PA policy gain,True,bcap_swing__mlb_2024_2025__20260909__r01,BCAP-SWING-v0.1.0,swing,2024_2025,COMPLETE,outer_game_nested_procedure_OPE,Q/value/delta/gain: raw W; outcome MSE: W^2; probabilities/coverage: fraction; sample counts: explicit rows/PA/games,Take_adjudicated,Swing_offer_including_bunts,3-1,INNER,FB,,,,,
cell,3-1|INNER|FB,learned,9123.0,0.4107713936767809,0.3983033360583443,0.4232394512952175,0.0087746820687571,-0.0003800593299126,0.017929423467427,season-weighted final PA W per selected current decision; no summed PA policy gain,True,bcap_swing__mlb_2024_2025__20260909__r01,BCAP-SWING-v0.1.0,swing,2024_2025,COMPLETE,outer_game_nested_procedure_OPE,Q/value/delta/gain: raw W; outcome MSE: W^2; probabilities/coverage: fraction; sample counts: explicit rows/PA/games,Take_adjudicated,Swing_offer_including_bunts,3-1,INNER,FB,,,,,
cell,3-1|INNER|FB,conservative,9123.0,0.4019967116080237,0.3908258077269671,0.4131676154890802,0.0,0.0,0.0,season-weighted final PA W per selected current decision; no summed PA policy gain,True,bcap_swing__mlb_2024_2025__20260909__r01,BCAP-SWING-v0.1.0,swing,2024_2025,COMPLETE,outer_game_nested_procedure_OPE,Q/value/delta/gain: raw W; outcome MSE: W^2; probabilities/coverage: fraction; sample counts: explicit rows/PA/games,Take_adjudicated,Swing_offer_including_bunts,3-1,INNER,FB,,,,,
cell,3-1|INNER|FB,stochastic_half,9123.0,0.3793366891192303,0.3645322631453417,0.3941411150931189,-0.0226600224887932,-0.0461068211203818,0.0007867761427953,season-weighted final PA W per selected current decision; no summed PA policy gain,True,bcap_swing__mlb_2024_2025__20260909__r01,BCAP-SWING-v0.1.0,swing,2024_2025,COMPLETE,outer_game_nested_procedure_OPE,Q/value/delta/gain: raw W; outcome MSE: W^2; probabilities/coverage: fraction; sample counts: explicit rows/PA/games,Take_adjudicated,Swing_offer_including_bunts,3-1,INNER,FB,,,,,
cell,3-1|INNER|NFB,observed,2226.0,0.4141172506738544,0.392764685859676,0.4354698154880328,0.0,0.0,0.0,season-weighted final PA W per selected current decision; no summed PA policy gain,True,bcap_swing__mlb_2024_2025__20260909__r01,BCAP-SWING-v0.1.0,swing,2024_2025,COMPLETE,outer_game_nested_procedure_OPE,Q/value/delta/gain: raw W; outcome MSE: W^2; probabilities/coverage: fraction; sample counts: explicit rows/PA/games,Take_adjudicated,Swing_offer_including_bunts,3-1,INNER,NFB,,,,,
cell,3-1|INNER|NFB,always_0,2226.0,0.3611136000496939,0.3231167359062468,0.399110464193141,-0.0530036506241605,-0.1254662705194494,0.0194589692711284,season-weighted final PA W per selected current decision; no summed PA policy gain,True,bcap_swing__mlb_2024_2025__20260909__r01,BCAP-SWING-v0.1.0,swing,2024_2025,COMPLETE,outer_game_nested_procedure_OPE,Q/value/delta/gain: raw W; outcome MSE: W^2; probabilities/coverage: fraction; sample counts: explicit rows/PA/games,Take_adjudicated,Swing_offer_including_bunts,3-1,INNER,NFB,,,,,
cell,3-1|INNER|NFB,always_1,2226.0,0.4284993048138238,0.4023329660250934,0.4546656436025542,0.0143820541399693,-0.0124846369858259,0.0412487452657647,season-weighted final PA W per selected current decision; no summed PA policy gain,True,bcap_swing__mlb_2024_2025__20260909__r01,BCAP-SWING-v0.1.0,swing,2024_2025,COMPLETE,outer_game_nested_procedure_OPE,Q/value/delta/gain: raw W; outcome MSE: W^2; probabilities/coverage: fraction; sample counts: explicit rows/PA/games,Take_adjudicated,Swing_offer_including_bunts,3-1,INNER,NFB,,,,,
cell,3-1|INNER|NFB,learned,2226.0,0.4284993048138238,0.4023329660250934,0.4546656436025542,0.0143820541399693,-0.0124846369858259,0.0412487452657647,season-weighted final PA W per selected current decision; no summed PA policy gain,True,bcap_swing__mlb_2024_2025__20260909__r01,BCAP-SWING-v0.1.0,swing,2024_2025,COMPLETE,outer_game_nested_procedure_OPE,Q/value/delta/gain: raw W; outcome MSE: W^2; probabilities/coverage: fraction; sample counts: explicit rows/PA/games,Take_adjudicated,Swing_offer_including_bunts,3-1,INNER,NFB,,,,,
cell,3-1|INNER|NFB,conservative,2226.0,0.4141172506738544,0.392764685859676,0.4354698154880328,0.0,0.0,0.0,season-weighted final PA W per selected current decision; no summed PA policy gain,True,bcap_swing__mlb_2024_2025__20260909__r01,BCAP-SWING-v0.1.0,swing,2024_2025,COMPLETE,outer_game_nested_procedure_OPE,Q/value/delta/gain: raw W; outcome MSE: W^2; probabilities/coverage: fraction; sample counts: explicit rows/PA/games,Take_adjudicated,Swing_offer_including_bunts,3-1,INNER,NFB,,,,,
cell,3-1|INNER|NFB,stochastic_half,2226.0,0.3948064524317588,0.3716073316852222,0.4180055731782954,-0.0193107982420955,-0.0440770378318168,0.0054554413476256,season-weighted final PA W per selected current decision; no summed PA policy gain,True,bcap_swing__mlb_2024_2025__20260909__r01,BCAP-SWING-v0.1.0,swing,2024_2025,COMPLETE,outer_game_nested_procedure_OPE,Q/value/delta/gain: raw W; outcome MSE: W^2; probabilities/coverage: fraction; sample counts: explicit rows/PA/games,Take_adjudicated,Swing_offer_including_bunts,3-1,INNER,NFB,,,,,
cell,3-1|OUT|FB,observed,7174.0,0.5934612489545581,0.5866606701614799,0.6002618277476363,0.0,0.0,0.0,season-weighted final PA W per selected current decision; no summed PA policy gain,True,bcap_swing__mlb_2024_2025__20260909__r01,BCAP-SWING-v0.1.0,swing,2024_2025,COMPLETE,outer_game_nested_procedure_OPE,Q/value/delta/gain: raw W; outcome MSE: W^2; probabilities/coverage: fraction; sample counts: explicit rows/PA/games,Take_adjudicated,Swing_offer_including_bunts,3-1,OUT,FB,,,,,
cell,3-1|OUT|FB,always_0,7174.0,0.6623535558059617,0.6582418192520041,0.6664652923599192,0.0688923068514036,0.0558051955986504,0.0819794181041568,season-weighted final PA W per selected current decision; no summed PA policy gain,True,bcap_swing__mlb_2024_2025__20260909__r01,BCAP-SWING-v0.1.0,swing,2024_2025,COMPLETE,outer_game_nested_procedure_OPE,Q/value/delta/gain: raw W; outcome MSE: W^2; probabilities/coverage: fraction; sample counts: explicit rows/PA/games,Take_adjudicated,Swing_offer_including_bunts,3-1,OUT,FB,,,,,
cell,3-1|OUT|FB,always_1,7174.0,0.3462615776586102,0.3230497182369699,0.3694734370802505,-0.2471996712959478,-0.2874068042847333,-0.2069925383071624,season-weighted final PA W per selected current decision; no summed PA policy gain,True,bcap_swing__mlb_2024_2025__20260909__r01,BCAP-SWING-v0.1.0,swing,2024_2025,COMPLETE,outer_game_nested_procedure_OPE,Q/value/delta/gain: raw W; outcome MSE: W^2; probabilities/coverage: fraction; sample counts: explicit rows/PA/games,Take_adjudicated,Swing_offer_including_bunts,3-1,OUT,FB,,,,,
cell,3-1|OUT|FB,learned,7174.0,0.6623535558059617,0.6582418192520041,0.6664652923599192,0.0688923068514036,0.0558051955986504,0.0819794181041568,season-weighted final PA W per selected current decision; no summed PA policy gain,True,bcap_swing__mlb_2024_2025__20260909__r01,BCAP-SWING-v0.1.0,swing,2024_2025,COMPLETE,outer_game_nested_procedure_OPE,Q/value/delta/gain: raw W; outcome MSE: W^2; probabilities/coverage: fraction; sample counts: explicit rows/PA/games,Take_adjudicated,Swing_offer_including_bunts,3-1,OUT,FB,,,,,
cell,3-1|OUT|FB,conservative,7174.0,0.5934612489545581,0.5866606701614799,0.6002618277476363,0.0,0.0,0.0,season-weighted final PA W per selected current decision; no summed PA policy gain,True,bcap_swing__mlb_2024_2025__20260909__r01,BCAP-SWING-v0.1.0,swing,2024_2025,COMPLETE,outer_game_nested_procedure_OPE,Q/value/delta/gain: raw W; outcome MSE: W^2; probabilities/coverage: fraction; sample counts: explicit rows/PA/games,Take_adjudicated,Swing_offer_including_bunts,3-1,OUT,FB,,,,,
cell,3-1|OUT|FB,stochastic_half,7174.0,0.504307566732286,0.4925480498068966,0.5160670836576755,-0.0891536822222721,-0.1054519291638019,-0.0728554352807423,season-weighted final PA W per selected current decision; no summed PA policy gain,True,bcap_swing__mlb_2024_2025__20260909__r01,BCAP-SWING-v0.1.0,swing,2024_2025,COMPLETE,outer_game_nested_procedure_OPE,Q/value/delta/gain: raw W; outcome MSE: W^2; probabilities/coverage: fraction; sample counts: explicit rows/PA/games,Take_adjudicated,Swing_offer_including_bunts,3-1,OUT,FB,,,,,
cell,3-1|OUT|NFB,observed,2677.0,0.5806682853940979,0.5691277976820025,0.5922087731061932,0.0,0.0,0.0,season-weighted final PA W per selected current decision; no summed PA policy gain,True,bcap_swing__mlb_2024_2025__20260909__r01,BCAP-SWING-v0.1.0,swing,2024_2025,COMPLETE,outer_game_nested_procedure_OPE,Q/value/delta/gain: raw W; outcome MSE: W^2; probabilities/coverage: fraction; sample counts: explicit rows/PA/games,Take_adjudicated,Swing_offer_including_bunts,3-1,OUT,NFB,,,,,
cell,3-1|OUT|NFB,always_0,2677.0,0.6664161641250456,0.6594714373780713,0.6733608908720198,0.0857478787309476,0.0634769552362875,0.1080188022256078,season-weighted final PA W per selected current decision; no summed PA policy gain,True,bcap_swing__mlb_2024_2025__20260909__r01,BCAP-SWING-v0.1.0,swing,2024_2025,COMPLETE,outer_game_nested_procedure_OPE,Q/value/delta/gain: raw W; outcome MSE: W^2; probabilities/coverage: fraction; sample counts: explicit rows/PA/games,Take_adjudicated,Swing_offer_including_bunts,3-1,OUT,NFB,,,,,
cell,3-1|OUT|NFB,always_1,2677.0,0.3720506020971248,0.336082428145117,0.4080187760491327,-0.2086176832969729,-0.2713777933793315,-0.1458575732146144,season-weighted final PA W per selected current decision; no summed PA policy gain,True,bcap_swing__mlb_2024_2025__20260909__r01,BCAP-SWING-v0.1.0,swing,2024_2025,COMPLETE,outer_game_nested_procedure_OPE,Q/value/delta/gain: raw W; outcome MSE: W^2; probabilities/coverage: fraction; sample counts: explicit rows/PA/games,Take_adjudicated,Swing_offer_including_bunts,3-1,OUT,NFB,,,,,
cell,3-1|OUT|NFB,learned,2677.0,0.6664161641250456,0.6594714373780713,0.6733608908720198,0.0857478787309476,0.0634769552362875,0.1080188022256078,season-weighted final PA W per selected current decision; no summed PA policy gain,True,bcap_swing__mlb_2024_2025__20260909__r01,BCAP-SWING-v0.1.0,swing,2024_2025,COMPLETE,outer_game_nested_procedure_OPE,Q/value/delta/gain: raw W; outcome MSE: W^2; probabilities/coverage: fraction; sample counts: explicit rows/PA/games,Take_adjudicated,Swing_offer_including_bunts,3-1,OUT,NFB,,,,,
cell,3-1|OUT|NFB,conservative,2677.0,0.5806682853940979,0.5691277976820025,0.5922087731061932,0.0,0.0,0.0,season-weighted final PA W per selected current decision; no summed PA policy gain,True,bcap_swing__mlb_2024_2025__20260909__r01,BCAP-SWING-v0.1.0,swing,2024_2025,COMPLETE,outer_game_nested_procedure_OPE,Q/value/delta/gain: raw W; outcome MSE: W^2; probabilities/coverage: fraction; sample counts: explicit rows/PA/games,Take_adjudicated,Swing_offer_including_bunts,3-1,OUT,NFB,,,,,
cell,3-1|OUT|NFB,stochastic_half,2677.0,0.5192333831110852,0.5009741690651563,0.5374925971570141,-0.0614349022830126,-0.0878035061432396,-0.0350662984227856,season-weighted final PA W per selected current decision; no summed PA policy gain,True,bcap_swing__mlb_2024_2025__20260909__r01,BCAP-SWING-v0.1.0,swing,2024_2025,COMPLETE,outer_game_nested_procedure_OPE,Q/value/delta/gain: raw W; outcome MSE: W^2; probabilities/coverage: fraction; sample counts: explicit rows/PA/games,Take_adjudicated,Swing_offer_including_bunts,3-1,OUT,NFB,,,,,
cell,3-2|BOUNDARY|FB,observed,12349.0,0.2980442950846222,0.2893380922854033,0.306750497883841,0.0,0.0,0.0,season-weighted final PA W per selected current decision; no summed PA policy gain,True,bcap_swing__mlb_2024_2025__20260909__r01,BCAP-SWING-v0.1.0,swing,2024_2025,COMPLETE,outer_game_nested_procedure_OPE,Q/value/delta/gain: raw W; outcome MSE: W^2; probabilities/coverage: fraction; sample counts: explicit rows/PA/games,Take_adjudicated,Swing_offer_including_bunts,3-2,BOUNDARY,FB,,,,,
cell,3-2|BOUNDARY|FB,always_0,12349.0,0.1925429811655492,0.1771384516375128,0.2079475106935857,-0.1055013139190729,-0.1375848313548609,-0.0734177964832849,season-weighted final PA W per selected current decision; no summed PA policy gain,True,bcap_swing__mlb_2024_2025__20260909__r01,BCAP-SWING-v0.1.0,swing,2024_2025,COMPLETE,outer_game_nested_procedure_OPE,Q/value/delta/gain: raw W; outcome MSE: W^2; probabilities/coverage: fraction; sample counts: explicit rows/PA/games,Take_adjudicated,Swing_offer_including_bunts,3-2,BOUNDARY,FB,,,,,
cell,3-2|BOUNDARY|FB,always_1,12349.0,0.313931460298738,0.3040380823974427,0.3238248382000333,0.0158871652141158,0.0089650358775751,0.0228092945506564,season-weighted final PA W per selected current decision; no summed PA policy gain,True,bcap_swing__mlb_2024_2025__20260909__r01,BCAP-SWING-v0.1.0,swing,2024_2025,COMPLETE,outer_game_nested_procedure_OPE,Q/value/delta/gain: raw W; outcome MSE: W^2; probabilities/coverage: fraction; sample counts: explicit rows/PA/games,Take_adjudicated,Swing_offer_including_bunts,3-2,BOUNDARY,FB,,,,,
cell,3-2|BOUNDARY|FB,learned,12349.0,0.313931460298738,0.3040380823974427,0.3238248382000333,0.0158871652141158,0.0089650358775751,0.0228092945506564,season-weighted final PA W per selected current decision; no summed PA policy gain,True,bcap_swing__mlb_2024_2025__20260909__r01,BCAP-SWING-v0.1.0,swing,2024_2025,COMPLETE,outer_game_nested_procedure_OPE,Q/value/delta/gain: raw W; outcome MSE: W^2; probabilities/coverage: fraction; sample counts: explicit rows/PA/games,Take_adjudicated,Swing_offer_including_bunts,3-2,BOUNDARY,FB,,,,,
cell,3-2|BOUNDARY|FB,conservative,12349.0,0.2980442950846222,0.2893380922854033,0.306750497883841,0.0,0.0,0.0,season-weighted final PA W per selected current decision; no summed PA policy gain,True,bcap_swing__mlb_2024_2025__20260909__r01,BCAP-SWING-v0.1.0,swing,2024_2025,COMPLETE,outer_game_nested_procedure_OPE,Q/value/delta/gain: raw W; outcome MSE: W^2; probabilities/coverage: fraction; sample counts: explicit rows/PA/games,Take_adjudicated,Swing_offer_including_bunts,3-2,BOUNDARY,FB,,,,,
cell,3-2|BOUNDARY|FB,stochastic_half,12349.0,0.2532372207321436,0.2440039426291836,0.2624704988351036,-0.0448070743524785,-0.057771000929799,-0.031843147775158,season-weighted final PA W per selected current decision; no summed PA policy gain,True,bcap_swing__mlb_2024_2025__20260909__r01,BCAP-SWING-v0.1.0,swing,2024_2025,COMPLETE,outer_game_nested_procedure_OPE,Q/value/delta/gain: raw W; outcome MSE: W^2; probabilities/coverage: fraction; sample counts: explicit rows/PA/games,Take_adjudicated,Swing_offer_including_bunts,3-2,BOUNDARY,FB,,,,,
cell,3-2|BOUNDARY|NFB,observed,6689.0,0.2746851547316489,0.2629268314533235,0.2864434780099744,0.0,0.0,0.0,season-weighted final PA W per selected current decision; no summed PA policy gain,True,bcap_swing__mlb_2024_2025__20260909__r01,BCAP-SWING-v0.1.0,swing,2024_2025,COMPLETE,outer_game_nested_procedure_OPE,Q/value/delta/gain: raw W; outcome MSE: W^2; probabilities/coverage: fraction; sample counts: explicit rows/PA/games,Take_adjudicated,Swing_offer_including_bunts,3-2,BOUNDARY,NFB,,,,,
cell,3-2|BOUNDARY|NFB,always_0,6689.0,0.1795575256894385,0.1558086735103385,0.2033063778685385,-0.0951276290422104,-0.1446770490887248,-0.045578208995696,season-weighted final PA W per selected current decision; no summed PA policy gain,True,bcap_swing__mlb_2024_2025__20260909__r01,BCAP-SWING-v0.1.0,swing,2024_2025,COMPLETE,outer_game_nested_procedure_OPE,Q/value/delta/gain: raw W; outcome MSE: W^2; probabilities/coverage: fraction; sample counts: explicit rows/PA/games,Take_adjudicated,Swing_offer_including_bunts,3-2,BOUNDARY,NFB,,,,,
cell,3-2|BOUNDARY|NFB,always_1,6689.0,0.2829098914551706,0.2698565632134451,0.2959632196968961,0.0082247367235216,5.048957252062197e-05,0.0163989838745226,season-weighted final PA W per selected current decision; no summed PA policy gain,True,bcap_swing__mlb_2024_2025__20260909__r01,BCAP-SWING-v0.1.0,swing,2024_2025,COMPLETE,outer_game_nested_procedure_OPE,Q/value/delta/gain: raw W; outcome MSE: W^2; probabilities/coverage: fraction; sample counts: explicit rows/PA/games,Take_adjudicated,Swing_offer_including_bunts,3-2,BOUNDARY,NFB,,,,,
cell,3-2|BOUNDARY|NFB,learned,6689.0,0.2829098914551706,0.2698565632134451,0.2959632196968961,0.0082247367235216,5.048957252062197e-05,0.0163989838745226,season-weighted final PA W per selected current decision; no summed PA policy gain,True,bcap_swing__mlb_2024_2025__20260909__r01,BCAP-SWING-v0.1.0,swing,2024_2025,COMPLETE,outer_game_nested_procedure_OPE,Q/value/delta/gain: raw W; outcome MSE: W^2; probabilities/coverage: fraction; sample counts: explicit rows/PA/games,Take_adjudicated,Swing_offer_including_bunts,3-2,BOUNDARY,NFB,,,,,
cell,3-2|BOUNDARY|NFB,conservative,6689.0,0.2746851547316489,0.2629268314533235,0.2864434780099744,0.0,0.0,0.0,season-weighted final PA W per selected current decision; no summed PA policy gain,True,bcap_swing__mlb_2024_2025__20260909__r01,BCAP-SWING-v0.1.0,swing,2024_2025,COMPLETE,outer_game_nested_procedure_OPE,Q/value/delta/gain: raw W; outcome MSE: W^2; probabilities/coverage: fraction; sample counts: explicit rows/PA/games,Take_adjudicated,Swing_offer_including_bunts,3-2,BOUNDARY,NFB,,,,,
cell,3-2|BOUNDARY|NFB,stochastic_half,6689.0,0.2312337085723045,0.217558494075019,0.2449089230695901,-0.0434514461593444,-0.0646573580106016,-0.0222455343080871,season-weighted final PA W per selected current decision; no summed PA policy gain,True,bcap_swing__mlb_2024_2025__20260909__r01,BCAP-SWING-v0.1.0,swing,2024_2025,COMPLETE,outer_game_nested_procedure_OPE,Q/value/delta/gain: raw W; outcome MSE: W^2; probabilities/coverage: fraction; sample counts: explicit rows/PA/games,Take_adjudicated,Swing_offer_including_bunts,3-2,BOUNDARY,NFB,,,,,
cell,3-2|INNER|FB,observed,15797.0,0.3253904538836488,0.3160276308927682,0.3347532768745294,0.0,0.0,0.0,season-weighted final PA W per selected current decision; no summed PA policy gain,True,bcap_swing__mlb_2024_2025__20260909__r01,BCAP-SWING-v0.1.0,swing,2024_2025,COMPLETE,outer_game_nested_procedure_OPE,Q/value/delta/gain: raw W; outcome MSE: W^2; probabilities/coverage: fraction; sample counts: explicit rows/PA/games,Take_adjudicated,Swing_offer_including_bunts,3-2,INNER,FB,,,,,
cell,3-2|INNER|FB,always_0,15797.0,0.0644838712126625,0.0549889264650313,0.0739788159602937,-0.2609065826709862,-0.2865424091970419,-0.2352707561449305,season-weighted final PA W per selected current decision; no summed PA policy gain,True,bcap_swing__mlb_2024_2025__20260909__r01,BCAP-SWING-v0.1.0,swing,2024_2025,COMPLETE,outer_game_nested_procedure_OPE,Q/value/delta/gain: raw W; outcome MSE: W^2; probabilities/coverage: fraction; sample counts: explicit rows/PA/games,Take_adjudicated,Swing_offer_including_bunts,3-2,INNER,FB,,,,,
cell,3-2|INNER|FB,always_1,15797.0,0.3486187157367712,0.3385156291683024,0.35872180230524,0.0232282618531223,0.0197783149372582,0.0266782087689865,season-weighted final PA W per selected current decision; no summed PA policy gain,True,bcap_swing__mlb_2024_2025__20260909__r01,BCAP-SWING-v0.1.0,swing,2024_2025,COMPLETE,outer_game_nested_procedure_OPE,Q/value/delta/gain: raw W; outcome MSE: W^2; probabilities/coverage: fraction; sample counts: explicit rows/PA/games,Take_adjudicated,Swing_offer_including_bunts,3-2,INNER,FB,,,,,
cell,3-2|INNER|FB,learned,15797.0,0.3486187157367712,0.3385156291683024,0.35872180230524,0.0232282618531223,0.0197783149372582,0.0266782087689865,season-weighted final PA W per selected current decision; no summed PA policy gain,True,bcap_swing__mlb_2024_2025__20260909__r01,BCAP-SWING-v0.1.0,swing,2024_2025,COMPLETE,outer_game_nested_procedure_OPE,Q/value/delta/gain: raw W; outcome MSE: W^2; probabilities/coverage: fraction; sample counts: explicit rows/PA/games,Take_adjudicated,Swing_offer_including_bunts,3-2,INNER,FB,,,,,
cell,3-2|INNER|FB,conservative,15797.0,0.3253904538836488,0.3160276308927682,0.3347532768745294,0.0,0.0,0.0,season-weighted final PA W per selected current decision; no summed PA policy gain,True,bcap_swing__mlb_2024_2025__20260909__r01,BCAP-SWING-v0.1.0,swing,2024_2025,COMPLETE,outer_game_nested_procedure_OPE,Q/value/delta/gain: raw W; outcome MSE: W^2; probabilities/coverage: fraction; sample counts: explicit rows/PA/games,Take_adjudicated,Swing_offer_including_bunts,3-2,INNER,FB,,,,,
cell,3-2|INNER|FB,stochastic_half,15797.0,0.2065512934747168,0.1994752763955074,0.2136273105539263,-0.1188391604089319,-0.130123446425151,-0.1075548743927127,season-weighted final PA W per selected current decision; no summed PA policy gain,True,bcap_swing__mlb_2024_2025__20260909__r01,BCAP-SWING-v0.1.0,swing,2024_2025,COMPLETE,outer_game_nested_procedure_OPE,Q/value/delta/gain: raw W; outcome MSE: W^2; probabilities/coverage: fraction; sample counts: explicit rows/PA/games,Take_adjudicated,Swing_offer_including_bunts,3-2,INNER,FB,,,,,
cell,3-2|INNER|NFB,observed,7152.0,0.3289182046979865,0.3152647533486376,0.3425716560473354,0.0,0.0,0.0,season-weighted final PA W per selected current decision; no summed PA policy gain,True,bcap_swing__mlb_2024_2025__20260909__r01,BCAP-SWING-v0.1.0,swing,2024_2025,COMPLETE,outer_game_nested_procedure_OPE,Q/value/delta/gain: raw W; outcome MSE: W^2; probabilities/coverage: fraction; sample counts: explicit rows/PA/games,Take_adjudicated,Swing_offer_including_bunts,3-2,INNER,NFB,,,,,
cell,3-2|INNER|NFB,always_0,7152.0,0.0828312867463025,0.0651520483867623,0.1005105251058427,-0.246086917951684,-0.2897501998869608,-0.2024236360164072,season-weighted final PA W per selected current decision; no summed PA policy gain,True,bcap_swing__mlb_2024_2025__20260909__r01,BCAP-SWING-v0.1.0,swing,2024_2025,COMPLETE,outer_game_nested_procedure_OPE,Q/value/delta/gain: raw W; outcome MSE: W^2; probabilities/coverage: fraction; sample counts: explicit rows/PA/games,Take_adjudicated,Swing_offer_including_bunts,3-2,INNER,NFB,,,,,
cell,3-2|INNER|NFB,always_1,7152.0,0.3513127770628683,0.3364894123588356,0.3661361417669009,0.0223945723648816,0.0172543955020435,0.0275347492277196,season-weighted final PA W per selected current decision; no summed PA policy gain,True,bcap_swing__mlb_2024_2025__20260909__r01,BCAP-SWING-v0.1.0,swing,2024_2025,COMPLETE,outer_game_nested_procedure_OPE,Q/value/delta/gain: raw W; outcome MSE: W^2; probabilities/coverage: fraction; sample counts: explicit rows/PA/games,Take_adjudicated,Swing_offer_including_bunts,3-2,INNER,NFB,,,,,
cell,3-2|INNER|NFB,learned,7152.0,0.3513127770628683,0.3364894123588356,0.3661361417669009,0.0223945723648816,0.0172543955020435,0.0275347492277196,season-weighted final PA W per selected current decision; no summed PA policy gain,True,bcap_swing__mlb_2024_2025__20260909__r01,BCAP-SWING-v0.1.0,swing,2024_2025,COMPLETE,outer_game_nested_procedure_OPE,Q/value/delta/gain: raw W; outcome MSE: W^2; probabilities/coverage: fraction; sample counts: explicit rows/PA/games,Take_adjudicated,Swing_offer_including_bunts,3-2,INNER,NFB,,,,,
cell,3-2|INNER|NFB,conservative,7152.0,0.3289182046979865,0.3152647533486376,0.3425716560473354,0.0,0.0,0.0,season-weighted final PA W per selected current decision; no summed PA policy gain,True,bcap_swing__mlb_2024_2025__20260909__r01,BCAP-SWING-v0.1.0,swing,2024_2025,COMPLETE,outer_game_nested_procedure_OPE,Q/value/delta/gain: raw W; outcome MSE: W^2; probabilities/coverage: fraction; sample counts: explicit rows/PA/games,Take_adjudicated,Swing_offer_including_bunts,3-2,INNER,NFB,,,,,
cell,3-2|INNER|NFB,stochastic_half,7152.0,0.2170720319045853,0.2054296185843356,0.228714445224835,-0.1118461727934012,-0.1313004699690368,-0.0923918756177656,season-weighted final PA W per selected current decision; no summed PA policy gain,True,bcap_swing__mlb_2024_2025__20260909__r01,BCAP-SWING-v0.1.0,swing,2024_2025,COMPLETE,outer_game_nested_procedure_OPE,Q/value/delta/gain: raw W; outcome MSE: W^2; probabilities/coverage: fraction; sample counts: explicit rows/PA/games,Take_adjudicated,Swing_offer_including_bunts,3-2,INNER,NFB,,,,,
cell,3-2|OUT|FB,observed,14780.0,0.5001323410013532,0.4940612115913433,0.506203470411363,0.0,0.0,0.0,season-weighted final PA W per selected current decision; no summed PA policy gain,True,bcap_swing__mlb_2024_2025__20260909__r01,BCAP-SWING-v0.1.0,swing,2024_2025,COMPLETE,outer_game_nested_procedure_OPE,Q/value/delta/gain: raw W; outcome MSE: W^2; probabilities/coverage: fraction; sample counts: explicit rows/PA/games,Take_adjudicated,Swing_offer_including_bunts,3-2,OUT,FB,,,,,
cell,3-2|OUT|FB,always_0,14780.0,0.6507691096428531,0.64731091105658,0.6542273082291261,0.1506367686414999,0.1382767979545342,0.1629967393284656,season-weighted final PA W per selected current decision; no summed PA policy gain,True,bcap_swing__mlb_2024_2025__20260909__r01,BCAP-SWING-v0.1.0,swing,2024_2025,COMPLETE,outer_game_nested_procedure_OPE,Q/value/delta/gain: raw W; outcome MSE: W^2; probabilities/coverage: fraction; sample counts: explicit rows/PA/games,Take_adjudicated,Swing_offer_including_bunts,3-2,OUT,FB,,,,,
cell,3-2|OUT|FB,always_1,14780.0,0.2243649383337854,0.2127088870026613,0.2360209896649094,-0.2757674026675677,-0.2930931284741984,-0.258441676860937,season-weighted final PA W per selected current decision; no summed PA policy gain,True,bcap_swing__mlb_2024_2025__20260909__r01,BCAP-SWING-v0.1.0,swing,2024_2025,COMPLETE,outer_game_nested_procedure_OPE,Q/value/delta/gain: raw W; outcome MSE: W^2; probabilities/coverage: fraction; sample counts: explicit rows/PA/games,Take_adjudicated,Swing_offer_including_bunts,3-2,OUT,FB,,,,,
cell,3-2|OUT|FB,learned,14780.0,0.6507691096428531,0.64731091105658,0.6542273082291261,0.1506367686414999,0.1382767979545342,0.1629967393284656,season-weighted final PA W per selected current decision; no summed PA policy gain,True,bcap_swing__mlb_2024_2025__20260909__r01,BCAP-SWING-v0.1.0,swing,2024_2025,COMPLETE,outer_game_nested_procedure_OPE,Q/value/delta/gain: raw W; outcome MSE: W^2; probabilities/coverage: fraction; sample counts: explicit rows/PA/games,Take_adjudicated,Swing_offer_including_bunts,3-2,OUT,FB,,,,,
cell,3-2|OUT|FB,conservative,14780.0,0.5001323410013532,0.4940612115913433,0.506203470411363,0.0,0.0,0.0,season-weighted final PA W per selected current decision; no summed PA policy gain,True,bcap_swing__mlb_2024_2025__20260909__r01,BCAP-SWING-v0.1.0,swing,2024_2025,COMPLETE,outer_game_nested_procedure_OPE,Q/value/delta/gain: raw W; outcome MSE: W^2; probabilities/coverage: fraction; sample counts: explicit rows/PA/games,Take_adjudicated,Swing_offer_including_bunts,3-2,OUT,FB,,,,,
cell,3-2|OUT|FB,stochastic_half,14780.0,0.4375670239883192,0.4314476299785146,0.4436864179981237,-0.0625653170130339,-0.0704627814171661,-0.0546678526089016,season-weighted final PA W per selected current decision; no summed PA policy gain,True,bcap_swing__mlb_2024_2025__20260909__r01,BCAP-SWING-v0.1.0,swing,2024_2025,COMPLETE,outer_game_nested_procedure_OPE,Q/value/delta/gain: raw W; outcome MSE: W^2; probabilities/coverage: fraction; sample counts: explicit rows/PA/games,Take_adjudicated,Swing_offer_including_bunts,3-2,OUT,FB,,,,,
cell,3-2|OUT|NFB,observed,11877.0,0.4476957986023406,0.4408172562855092,0.454574340919172,0.0,0.0,0.0,season-weighted final PA W per selected current decision; no summed PA policy gain,True,bcap_swing__mlb_2024_2025__20260909__r01,BCAP-SWING-v0.1.0,swing,2024_2025,COMPLETE,outer_game_nested_procedure_OPE,Q/value/delta/gain: raw W; outcome MSE: W^2; probabilities/coverage: fraction; sample counts: explicit rows/PA/games,Take_adjudicated,Swing_offer_including_bunts,3-2,OUT,NFB,,,,,
cell,3-2|OUT|NFB,always_0,11877.0,0.6630953040073326,0.6590605690488212,0.6671300389658441,0.215399505404992,0.2009655239689895,0.2298334868409945,season-weighted final PA W per selected current decision; no summed PA policy gain,True,bcap_swing__mlb_2024_2025__20260909__r01,BCAP-SWING-v0.1.0,swing,2024_2025,COMPLETE,outer_game_nested_procedure_OPE,Q/value/delta/gain: raw W; outcome MSE: W^2; probabilities/coverage: fraction; sample counts: explicit rows/PA/games,Take_adjudicated,Swing_offer_including_bunts,3-2,OUT,NFB,,,,,
cell,3-2|OUT|NFB,always_1,11877.0,0.1655593847845488,0.1561321296686932,0.1749866399004045,-0.2821364138177917,-0.295847459204092,-0.2684253684314915,season-weighted final PA W per selected current decision; no summed PA policy gain,True,bcap_swing__mlb_2024_2025__20260909__r01,BCAP-SWING-v0.1.0,swing,2024_2025,COMPLETE,outer_game_nested_procedure_OPE,Q/value/delta/gain: raw W; outcome MSE: W^2; probabilities/coverage: fraction; sample counts: explicit rows/PA/games,Take_adjudicated,Swing_offer_including_bunts,3-2,OUT,NFB,,,,,
cell,3-2|OUT|NFB,learned,11877.0,0.6630953040073326,0.6590605690488212,0.6671300389658441,0.215399505404992,0.2009655239689895,0.2298334868409945,season-weighted final PA W per selected current decision; no summed PA policy gain,True,bcap_swing__mlb_2024_2025__20260909__r01,BCAP-SWING-v0.1.0,swing,2024_2025,COMPLETE,outer_game_nested_procedure_OPE,Q/value/delta/gain: raw W; outcome MSE: W^2; probabilities/coverage: fraction; sample counts: explicit rows/PA/games,Take_adjudicated,Swing_offer_including_bunts,3-2,OUT,NFB,,,,,
cell,3-2|OUT|NFB,conservative,11877.0,0.4476957986023406,0.4408172562855092,0.454574340919172,0.0,0.0,0.0,season-weighted final PA W per selected current decision; no summed PA policy gain,True,bcap_swing__mlb_2024_2025__20260909__r01,BCAP-SWING-v0.1.0,swing,2024_2025,COMPLETE,outer_game_nested_procedure_OPE,Q/value/delta/gain: raw W; outcome MSE: W^2; probabilities/coverage: fraction; sample counts: explicit rows/PA/games,Take_adjudicated,Swing_offer_including_bunts,3-2,OUT,NFB,,,,,
cell,3-2|OUT|NFB,stochastic_half,11877.0,0.4143273443959407,0.4092249178856553,0.4194297709062261,-0.0333684542063998,-0.0422403508216785,-0.0244965575911212,season-weighted final PA W per selected current decision; no summed PA policy gain,True,bcap_swing__mlb_2024_2025__20260909__r01,BCAP-SWING-v0.1.0,swing,2024_2025,COMPLETE,outer_game_nested_procedure_OPE,Q/value/delta/gain: raw W; outcome MSE: W^2; probabilities/coverage: fraction; sample counts: explicit rows/PA/games,Take_adjudicated,Swing_offer_including_bunts,3-2,OUT,NFB,,,,,
overall,ALL,observed,697633.0,0.3056303013188883,0.3029816380554099,0.3082789645823667,0.0,0.0,0.0,season-weighted final PA W per selected current decision; no summed PA policy gain,True,bcap_pitch__mlb_2023__20260909__r01,BCAP-PITCH-v0.1.0,pitch,2023,COMPLETE,fixed_development_policy_external_crossfit_nuisance_OPE,Q/value/delta/gain: raw W; outcome MSE: W^2; probabilities/coverage: fraction; sample counts: explicit rows/PA/games,NFB,FB,ALL,,,,,,,
overall,ALL,always_0,697633.0,0.3057644762515307,0.3027600880145612,0.3087688644885002,-0.0001341749326424,-0.0032888275957762,0.0030204777304914,season-weighted final PA W per selected current decision; no summed PA policy gain,True,bcap_pitch__mlb_2023__20260909__r01,BCAP-PITCH-v0.1.0,pitch,2023,COMPLETE,fixed_development_policy_external_crossfit_nuisance_OPE,Q/value/delta/gain: raw W; outcome MSE: W^2; probabilities/coverage: fraction; sample counts: explicit rows/PA/games,NFB,FB,ALL,,,,,,,
overall,ALL,always_1,697633.0,0.3070574503915755,0.304117911165441,0.30999698961771,-0.0014271490726871,-0.0038860744935367,0.0010317763481623,season-weighted final PA W per selected current decision; no summed PA policy gain,True,bcap_pitch__mlb_2023__20260909__r01,BCAP-PITCH-v0.1.0,pitch,2023,COMPLETE,fixed_development_policy_external_crossfit_nuisance_OPE,Q/value/delta/gain: raw W; outcome MSE: W^2; probabilities/coverage: fraction; sample counts: explicit rows/PA/games,NFB,FB,ALL,,,,,,,
overall,ALL,learned,697633.0,0.3042181484584028,0.3013826138876646,0.307053683029141,0.0014121528604855,-0.0009053296936199,0.003729635414591,season-weighted final PA W per selected current decision; no summed PA policy gain,True,bcap_pitch__mlb_2023__20260909__r01,BCAP-PITCH-v0.1.0,pitch,2023,COMPLETE,fixed_development_policy_external_crossfit_nuisance_OPE,Q/value/delta/gain: raw W; outcome MSE: W^2; probabilities/coverage: fraction; sample counts: explicit rows/PA/games,NFB,FB,ALL,,,,,,,
overall,ALL,conservative,697633.0,0.3056303013188883,0.3029816380554099,0.3082789645823667,0.0,0.0,0.0,season-weighted final PA W per selected current decision; no summed PA policy gain,True,bcap_pitch__mlb_2023__20260909__r01,BCAP-PITCH-v0.1.0,pitch,2023,COMPLETE,fixed_development_policy_external_crossfit_nuisance_OPE,Q/value/delta/gain: raw W; outcome MSE: W^2; probabilities/coverage: fraction; sample counts: explicit rows/PA/games,NFB,FB,ALL,,,,,,,
overall,ALL,stochastic_half,697633.0,0.3064109633215531,0.3037197291744515,0.3091021974686546,-0.0007806620026648,-0.0016918278732222,0.0001305038678926,season-weighted final PA W per selected current decision; no summed PA policy gain,True,bcap_pitch__mlb_2023__20260909__r01,BCAP-PITCH-v0.1.0,pitch,2023,COMPLETE,fixed_development_policy_external_crossfit_nuisance_OPE,Q/value/delta/gain: raw W; outcome MSE: W^2; probabilities/coverage: fraction; sample counts: explicit rows/PA/games,NFB,FB,ALL,,,,,,,
count,0-0,observed,178191.0,0.3156790747007424,0.3131387322908771,0.3182194171106078,0.0,0.0,0.0,season-weighted final PA W per selected current decision; no summed PA policy gain,True,bcap_pitch__mlb_2023__20260909__r01,BCAP-PITCH-v0.1.0,pitch,2023,COMPLETE,fixed_development_policy_external_crossfit_nuisance_OPE,Q/value/delta/gain: raw W; outcome MSE: W^2; probabilities/coverage: fraction; sample counts: explicit rows/PA/games,NFB,FB,0-0,,,,,,,
count,0-0,always_0,178191.0,0.3184238503464213,0.3142664113733234,0.3225812893195192,-0.0027447756456788,-0.009526415537402,0.0040368642460443,season-weighted final PA W per selected current decision; no summed PA policy gain,True,bcap_pitch__mlb_2023__20260909__r01,BCAP-PITCH-v0.1.0,pitch,2023,COMPLETE,fixed_development_policy_external_crossfit_nuisance_OPE,Q/value/delta/gain: raw W; outcome MSE: W^2; probabilities/coverage: fraction; sample counts: explicit rows/PA/games,NFB,FB,0-0,,,,,,,
count,0-0,always_1,178191.0,0.3154058338707131,0.3121832812851882,0.3186283864562379,0.0002732408300294,-0.004109097642531,0.0046555793025898,season-weighted final PA W per selected current decision; no summed PA policy gain,True,bcap_pitch__mlb_2023__20260909__r01,BCAP-PITCH-v0.1.0,pitch,2023,COMPLETE,fixed_development_policy_external_crossfit_nuisance_OPE,Q/value/delta/gain: raw W; outcome MSE: W^2; probabilities/coverage: fraction; sample counts: explicit rows/PA/games,NFB,FB,0-0,,,,,,,
count,0-0,learned,178191.0,0.3154058338707131,0.3121832812851882,0.3186283864562379,0.0002732408300294,-0.004109097642531,0.0046555793025898,season-weighted final PA W per selected current decision; no summed PA policy gain,True,bcap_pitch__mlb_2023__20260909__r01,BCAP-PITCH-v0.1.0,pitch,2023,COMPLETE,fixed_development_policy_external_crossfit_nuisance_OPE,Q/value/delta/gain: raw W; outcome MSE: W^2; probabilities/coverage: fraction; sample counts: explicit rows/PA/games,NFB,FB,0-0,,,,,,,
count,0-0,conservative,178191.0,0.3156790747007424,0.3131387322908771,0.3182194171106078,0.0,0.0,0.0,season-weighted final PA W per selected current decision; no summed PA policy gain,True,bcap_pitch__mlb_2023__20260909__r01,BCAP-PITCH-v0.1.0,pitch,2023,COMPLETE,fixed_development_policy_external_crossfit_nuisance_OPE,Q/value/delta/gain: raw W; outcome MSE: W^2; probabilities/coverage: fraction; sample counts: explicit rows/PA/games,NFB,FB,0-0,,,,,,,
count,0-0,stochastic_half,178191.0,0.3169148421085672,0.3142074934469862,0.3196221907701482,-0.0012357674078247,-0.0030483729124164,0.000576838096767,season-weighted final PA W per selected current decision; no summed PA policy gain,True,bcap_pitch__mlb_2023__20260909__r01,BCAP-PITCH-v0.1.0,pitch,2023,COMPLETE,fixed_development_policy_external_crossfit_nuisance_OPE,Q/value/delta/gain: raw W; outcome MSE: W^2; probabilities/coverage: fraction; sample counts: explicit rows/PA/games,NFB,FB,0-0,,,,,,,
count,0-1,observed,90735.0,0.2675789386675483,0.2643190977643138,0.2708387795707828,0.0,0.0,0.0,season-weighted final PA W per selected current decision; no summed PA policy gain,True,bcap_pitch__mlb_2023__20260909__r01,BCAP-PITCH-v0.1.0,pitch,2023,COMPLETE,fixed_development_policy_external_crossfit_nuisance_OPE,Q/value/delta/gain: raw W; outcome MSE: W^2; probabilities/coverage: fraction; sample counts: explicit rows/PA/games,NFB,FB,0-1,,,,,,,
count,0-1,always_0,90735.0,0.2704518089414662,0.2655871421538451,0.2753164757290872,-0.0028728702739178,-0.0102453693438007,0.004499628795965,season-weighted final PA W per selected current decision; no summed PA policy gain,True,bcap_pitch__mlb_2023__20260909__r01,BCAP-PITCH-v0.1.0,pitch,2023,COMPLETE,fixed_development_policy_external_crossfit_nuisance_OPE,Q/value/delta/gain: raw W; outcome MSE: W^2; probabilities/coverage: fraction; sample counts: explicit rows/PA/games,NFB,FB,0-1,,,,,,,
count,0-1,always_1,90735.0,0.26600475666409,0.2612410446971961,0.270768468630984,0.0015741820034582,-0.0058533498189559,0.0090017138258724,season-weighted final PA W per selected current decision; no summed PA policy gain,True,bcap_pitch__mlb_2023__20260909__r01,BCAP-PITCH-v0.1.0,pitch,2023,COMPLETE,fixed_development_policy_external_crossfit_nuisance_OPE,Q/value/delta/gain: raw W; outcome MSE: W^2; probabilities/coverage: fraction; sample counts: explicit rows/PA/games,NFB,FB,0-1,,,,,,,
count,0-1,learned,90735.0,0.26600475666409,0.2612410446971961,0.270768468630984,0.0015741820034582,-0.0058533498189559,0.0090017138258724,season-weighted final PA W per selected current decision; no summed PA policy gain,True,bcap_pitch__mlb_2023__20260909__r01,BCAP-PITCH-v0.1.0,pitch,2023,COMPLETE,fixed_development_policy_external_crossfit_nuisance_OPE,Q/value/delta/gain: raw W; outcome MSE: W^2; probabilities/coverage: fraction; sample counts: explicit rows/PA/games,NFB,FB,0-1,,,,,,,
count,0-1,conservative,90735.0,0.2675789386675483,0.2643190977643138,0.2708387795707828,0.0,0.0,0.0,season-weighted final PA W per selected current decision; no summed PA policy gain,True,bcap_pitch__mlb_2023__20260909__r01,BCAP-PITCH-v0.1.0,pitch,2023,COMPLETE,fixed_development_policy_external_crossfit_nuisance_OPE,Q/value/delta/gain: raw W; outcome MSE: W^2; probabilities/coverage: fraction; sample counts: explicit rows/PA/games,NFB,FB,0-1,,,,,,,
count,0-1,stochastic_half,90735.0,0.2682282828027781,0.2647704763643614,0.2716860892411948,-0.0006493441352297,-0.0026962269504032,0.0013975386799436,season-weighted final PA W per selected current decision; no summed PA policy gain,True,bcap_pitch__mlb_2023__20260909__r01,BCAP-PITCH-v0.1.0,pitch,2023,COMPLETE,fixed_development_policy_external_crossfit_nuisance_OPE,Q/value/delta/gain: raw W; outcome MSE: W^2; probabilities/coverage: fraction; sample counts: explicit rows/PA/games,NFB,FB,0-1,,,,,,,
count,0-2,observed,47611.0,0.2036762302829178,0.1986326272089987,0.2087198333568368,0.0,0.0,0.0,season-weighted final PA W per selected current decision; no summed PA policy gain,True,bcap_pitch__mlb_2023__20260909__r01,BCAP-PITCH-v0.1.0,pitch,2023,COMPLETE,fixed_development_policy_external_crossfit_nuisance_OPE,Q/value/delta/gain: raw W; outcome MSE: W^2; probabilities/coverage: fraction; sample counts: explicit rows/PA/games,NFB,FB,0-2,,,,,,,
count,0-2,always_0,47611.0,0.2007634952500575,0.1947187585641699,0.206808231935945,0.0029127350328603,-0.0047204616847253,0.010545931750446,season-weighted final PA W per selected current decision; no summed PA policy gain,True,bcap_pitch__mlb_2023__20260909__r01,BCAP-PITCH-v0.1.0,pitch,2023,COMPLETE,fixed_development_policy_external_crossfit_nuisance_OPE,Q/value/delta/gain: raw W; outcome MSE: W^2; probabilities/coverage: fraction; sample counts: explicit rows/PA/games,NFB,FB,0-2,,,,,,,
count,0-2,always_1,47611.0,0.2088242913861387,0.2014358291139698,0.2162127536583077,-0.005148061103221,-0.015523653914759,0.005227531708317,season-weighted final PA W per selected current decision; no summed PA policy gain,True,bcap_pitch__mlb_2023__20260909__r01,BCAP-PITCH-v0.1.0,pitch,2023,COMPLETE,fixed_development_policy_external_crossfit_nuisance_OPE,Q/value/delta/gain: raw W; outcome MSE: W^2; probabilities/coverage: fraction; sample counts: explicit rows/PA/games,NFB,FB,0-2,,,,,,,
count,0-2,learned,47611.0,0.2007634952500575,0.1947187585641699,0.206808231935945,0.0029127350328603,-0.0047204616847253,0.010545931750446,season-weighted final PA W per selected current decision; no summed PA policy gain,True,bcap_pitch__mlb_2023__20260909__r01,BCAP-PITCH-v0.1.0,pitch,2023,COMPLETE,fixed_development_policy_external_crossfit_nuisance_OPE,Q/value/delta/gain: raw W; outcome MSE: W^2; probabilities/coverage: fraction; sample counts: explicit rows/PA/games,NFB,FB,0-2,,,,,,,
count,0-2,conservative,47611.0,0.2036762302829178,0.1986326272089987,0.2087198333568368,0.0,0.0,0.0,season-weighted final PA W per selected current decision; no summed PA policy gain,True,bcap_pitch__mlb_2023__20260909__r01,BCAP-PITCH-v0.1.0,pitch,2023,COMPLETE,fixed_development_policy_external_crossfit_nuisance_OPE,Q/value/delta/gain: raw W; outcome MSE: W^2; probabilities/coverage: fraction; sample counts: explicit rows/PA/games,NFB,FB,0-2,,,,,,,
count,0-2,stochastic_half,47611.0,0.2047938933180982,0.1994156628161215,0.2101721238200748,-0.0011176630351803,-0.0039428080648953,0.0017074819945346,season-weighted final PA W per selected current decision; no summed PA policy gain,True,bcap_pitch__mlb_2023__20260909__r01,BCAP-PITCH-v0.1.0,pitch,2023,COMPLETE,fixed_development_policy_external_crossfit_nuisance_OPE,Q/value/delta/gain: raw W; outcome MSE: W^2; probabilities/coverage: fraction; sample counts: explicit rows/PA/games,NFB,FB,0-2,,,,,,,
count,1-0,observed,68056.0,0.3569040202186435,0.3529305944544083,0.3608774459828786,0.0,0.0,0.0,season-weighted final PA W per selected current decision; no summed PA policy gain,True,bcap_pitch__mlb_2023__20260909__r01,BCAP-PITCH-v0.1.0,pitch,2023,COMPLETE,fixed_development_policy_external_crossfit_nuisance_OPE,Q/value/delta/gain: raw W; outcome MSE: W^2; probabilities/coverage: fraction; sample counts: explicit rows/PA/games,NFB,FB,1-0,,,,,,,
count,1-0,always_0,68056.0,0.3561777381689853,0.3498229404935731,0.3625325358443975,0.000726282049658,-0.009998342728829,0.0114509068281451,season-weighted final PA W per selected current decision; no summed PA policy gain,True,bcap_pitch__mlb_2023__20260909__r01,BCAP-PITCH-v0.1.0,pitch,2023,COMPLETE,fixed_development_policy_external_crossfit_nuisance_OPE,Q/value/delta/gain: raw W; outcome MSE: W^2; probabilities/coverage: fraction; sample counts: explicit rows/PA/games,NFB,FB,1-0,,,,,,,
count,1-0,always_1,68056.0,0.3593343189275789,0.3541211487967494,0.3645474890584083,-0.0024302987089354,-0.0095659993421777,0.0047054019243067,season-weighted final PA W per selected current decision; no summed PA policy gain,True,bcap_pitch__mlb_2023__20260909__r01,BCAP-PITCH-v0.1.0,pitch,2023,COMPLETE,fixed_development_policy_external_crossfit_nuisance_OPE,Q/value/delta/gain: raw W; outcome MSE: W^2; probabilities/coverage: fraction; sample counts: explicit rows/PA/games,NFB,FB,1-0,,,,,,,
count,1-0,learned,68056.0,0.3593343189275789,0.3541211487967494,0.3645474890584083,-0.0024302987089354,-0.0095659993421777,0.0047054019243067,season-weighted final PA W per selected current decision; no summed PA policy gain,True,bcap_pitch__mlb_2023__20260909__r01,BCAP-PITCH-v0.1.0,pitch,2023,COMPLETE,fixed_development_policy_external_crossfit_nuisance_OPE,Q/value/delta/gain: raw W; outcome MSE: W^2; probabilities/coverage: fraction; sample counts: explicit rows/PA/games,NFB,FB,1-0,,,,,,,
count,1-0,conservative,68056.0,0.3569040202186435,0.3529305944544083,0.3608774459828786,0.0,0.0,0.0,season-weighted final PA W per selected current decision; no summed PA policy gain,True,bcap_pitch__mlb_2023__20260909__r01,BCAP-PITCH-v0.1.0,pitch,2023,COMPLETE,fixed_development_policy_external_crossfit_nuisance_OPE,Q/value/delta/gain: raw W; outcome MSE: W^2; probabilities/coverage: fraction; sample counts: explicit rows/PA/games,NFB,FB,1-0,,,,,,,
count,1-0,stochastic_half,68056.0,0.3577560285482822,0.3536121280934017,0.3618999290031628,-0.0008520083296387,-0.0037027685315072,0.0019987518722298,season-weighted final PA W per selected current decision; no summed PA policy gain,True,bcap_pitch__mlb_2023__20260909__r01,BCAP-PITCH-v0.1.0,pitch,2023,COMPLETE,fixed_development_policy_external_crossfit_nuisance_OPE,Q/value/delta/gain: raw W; outcome MSE: W^2; probabilities/coverage: fraction; sample counts: explicit rows/PA/games,NFB,FB,1-0,,,,,,,
count,1-1,observed,70625.0,0.2988151504424778,0.2949592527595817,0.302671048125374,0.0,0.0,0.0,season-weighted final PA W per selected current decision; no summed PA policy gain,True,bcap_pitch__mlb_2023__20260909__r01,BCAP-PITCH-v0.1.0,pitch,2023,COMPLETE,fixed_development_policy_external_crossfit_nuisance_OPE,Q/value/delta/gain: raw W; outcome MSE: W^2; probabilities/coverage: fraction; sample counts: explicit rows/PA/games,NFB,FB,1-1,,,,,,,
count,1-1,always_0,70625.0,0.2976963868714574,0.2921468052592455,0.3032459684836693,0.0011187635710204,-0.0075383999290309,0.0097759270710718,season-weighted final PA W per selected current decision; no summed PA policy gain,True,bcap_pitch__mlb_2023__20260909__r01,BCAP-PITCH-v0.1.0,pitch,2023,COMPLETE,fixed_development_policy_external_crossfit_nuisance_OPE,Q/value/delta/gain: raw W; outcome MSE: W^2; probabilities/coverage: fraction; sample counts: explicit rows/PA/games,NFB,FB,1-1,,,,,,,
count,1-1,always_1,70625.0,0.3021318921205202,0.2962436059514111,0.3080201782896293,-0.0033167416780423,-0.0122426242485469,0.0056091408924623,season-weighted final PA W per selected current decision; no summed PA policy gain,True,bcap_pitch__mlb_2023__20260909__r01,BCAP-PITCH-v0.1.0,pitch,2023,COMPLETE,fixed_development_policy_external_crossfit_nuisance_OPE,Q/value/delta/gain: raw W; outcome MSE: W^2; probabilities/coverage: fraction; sample counts: explicit rows/PA/games,NFB,FB,1-1,,,,,,,
count,1-1,learned,70625.0,0.3021318921205202,0.2962436059514111,0.3080201782896293,-0.0033167416780423,-0.0122426242485469,0.0056091408924623,season-weighted final PA W per selected current decision; no summed PA policy gain,True,bcap_pitch__mlb_2023__20260909__r01,BCAP-PITCH-v0.1.0,pitch,2023,COMPLETE,fixed_development_policy_external_crossfit_nuisance_OPE,Q/value/delta/gain: raw W; outcome MSE: W^2; probabilities/coverage: fraction; sample counts: explicit rows/PA/games,NFB,FB,1-1,,,,,,,
count,1-1,conservative,70625.0,0.2988151504424778,0.2949592527595817,0.302671048125374,0.0,0.0,0.0,season-weighted final PA W per selected current decision; no summed PA policy gain,True,bcap_pitch__mlb_2023__20260909__r01,BCAP-PITCH-v0.1.0,pitch,2023,COMPLETE,fixed_development_policy_external_crossfit_nuisance_OPE,Q/value/delta/gain: raw W; outcome MSE: W^2; probabilities/coverage: fraction; sample counts: explicit rows/PA/games,NFB,FB,1-1,,,,,,,
count,1-1,stochastic_half,70625.0,0.2999141394959888,0.2958014610961876,0.30402681789579,-0.0010989890535109,-0.003551962612467,0.0013539845054451,season-weighted final PA W per selected current decision; no summed PA policy gain,True,bcap_pitch__mlb_2023__20260909__r01,BCAP-PITCH-v0.1.0,pitch,2023,COMPLETE,fixed_development_policy_external_crossfit_nuisance_OPE,Q/value/delta/gain: raw W; outcome MSE: W^2; probabilities/coverage: fraction; sample counts: explicit rows/PA/games,NFB,FB,1-1,,,,,,,
count,1-2,observed,67949.0,0.2248105785221268,0.2204626745330972,0.2291584825111564,0.0,0.0,0.0,season-weighted final PA W per selected current decision; no summed PA policy gain,True,bcap_pitch__mlb_2023__20260909__r01,BCAP-PITCH-v0.1.0,pitch,2023,COMPLETE,fixed_development_policy_external_crossfit_nuisance_OPE,Q/value/delta/gain: raw W; outcome MSE: W^2; probabilities/coverage: fraction; sample counts: explicit rows/PA/games,NFB,FB,1-2,,,,,,,
count,1-2,always_0,67949.0,0.2224226385271415,0.2172784854046041,0.2275667916496788,0.0023879399949854,-0.0040598483431327,0.0088357283331035,season-weighted final PA W per selected current decision; no summed PA policy gain,True,bcap_pitch__mlb_2023__20260909__r01,BCAP-PITCH-v0.1.0,pitch,2023,COMPLETE,fixed_development_policy_external_crossfit_nuisance_OPE,Q/value/delta/gain: raw W; outcome MSE: W^2; probabilities/coverage: fraction; sample counts: explicit rows/PA/games,NFB,FB,1-2,,,,,,,
count,1-2,always_1,67949.0,0.228661485898239,0.2223952097296863,0.2349277620667916,-0.0038509073761121,-0.0125318459690806,0.0048300312168564,season-weighted final PA W per selected current decision; no summed PA policy gain,True,bcap_pitch__mlb_2023__20260909__r01,BCAP-PITCH-v0.1.0,pitch,2023,COMPLETE,fixed_development_policy_external_crossfit_nuisance_OPE,Q/value/delta/gain: raw W; outcome MSE: W^2; probabilities/coverage: fraction; sample counts: explicit rows/PA/games,NFB,FB,1-2,,,,,,,
count,1-2,learned,67949.0,0.2224226385271415,0.2172784854046041,0.2275667916496788,0.0023879399949854,-0.0040598483431327,0.0088357283331035,season-weighted final PA W per selected current decision; no summed PA policy gain,True,bcap_pitch__mlb_2023__20260909__r01,BCAP-PITCH-v0.1.0,pitch,2023,COMPLETE,fixed_development_policy_external_crossfit_nuisance_OPE,Q/value/delta/gain: raw W; outcome MSE: W^2; probabilities/coverage: fraction; sample counts: explicit rows/PA/games,NFB,FB,1-2,,,,,,,
count,1-2,conservative,67949.0,0.2248105785221268,0.2204626745330972,0.2291584825111564,0.0,0.0,0.0,season-weighted final PA W per selected current decision; no summed PA policy gain,True,bcap_pitch__mlb_2023__20260909__r01,BCAP-PITCH-v0.1.0,pitch,2023,COMPLETE,fixed_development_policy_external_crossfit_nuisance_OPE,Q/value/delta/gain: raw W; outcome MSE: W^2; probabilities/coverage: fraction; sample counts: explicit rows/PA/games,NFB,FB,1-2,,,,,,,
count,1-2,stochastic_half,67949.0,0.2255420622126902,0.2209361188440289,0.2301480055813516,-0.0007314836905633,-0.0031750233532556,0.0017120559721289,season-weighted final PA W per selected current decision; no summed PA policy gain,True,bcap_pitch__mlb_2023__20260909__r01,BCAP-PITCH-v0.1.0,pitch,2023,COMPLETE,fixed_development_policy_external_crossfit_nuisance_OPE,Q/value/delta/gain: raw W; outcome MSE: W^2; probabilities/coverage: fraction; sample counts: explicit rows/PA/games,NFB,FB,1-2,,,,,,,
count,2-0,observed,23028.0,0.4220034740316136,0.4156990336491092,0.4283079144141181,0.0,0.0,0.0,season-weighted final PA W per selected current decision; no summed PA policy gain,True,bcap_pitch__mlb_2023__20260909__r01,BCAP-PITCH-v0.1.0,pitch,2023,COMPLETE,fixed_development_policy_external_crossfit_nuisance_OPE,Q/value/delta/gain: raw W; outcome MSE: W^2; probabilities/coverage: fraction; sample counts: explicit rows/PA/games,NFB,FB,2-0,,,,,,,
count,2-0,always_0,23028.0,0.4360094923996727,0.4235801245562325,0.4484388602431128,-0.014006018368059,-0.0368231673643082,0.0088111306281901,season-weighted final PA W per selected current decision; no summed PA policy gain,True,bcap_pitch__mlb_2023__20260909__r01,BCAP-PITCH-v0.1.0,pitch,2023,COMPLETE,fixed_development_policy_external_crossfit_nuisance_OPE,Q/value/delta/gain: raw W; outcome MSE: W^2; probabilities/coverage: fraction; sample counts: explicit rows/PA/games,NFB,FB,2-0,,,,,,,
count,2-0,always_1,23028.0,0.4179144765374217,0.4105071290179281,0.4253218240569154,0.004088997494192,-0.0046729121914486,0.0128509071798326,season-weighted final PA W per selected current decision; no summed PA policy gain,True,bcap_pitch__mlb_2023__20260909__r01,BCAP-PITCH-v0.1.0,pitch,2023,COMPLETE,fixed_development_policy_external_crossfit_nuisance_OPE,Q/value/delta/gain: raw W; outcome MSE: W^2; probabilities/coverage: fraction; sample counts: explicit rows/PA/games,NFB,FB,2-0,,,,,,,
count,2-0,learned,23028.0,0.4179144765374217,0.4105071290179281,0.4253218240569154,0.004088997494192,-0.0046729121914486,0.0128509071798326,season-weighted final PA W per selected current decision; no summed PA policy gain,True,bcap_pitch__mlb_2023__20260909__r01,BCAP-PITCH-v0.1.0,pitch,2023,COMPLETE,fixed_development_policy_external_crossfit_nuisance_OPE,Q/value/delta/gain: raw W; outcome MSE: W^2; probabilities/coverage: fraction; sample counts: explicit rows/PA/games,NFB,FB,2-0,,,,,,,
count,2-0,conservative,23028.0,0.4220034740316136,0.4156990336491092,0.4283079144141181,0.0,0.0,0.0,season-weighted final PA W per selected current decision; no summed PA policy gain,True,bcap_pitch__mlb_2023__20260909__r01,BCAP-PITCH-v0.1.0,pitch,2023,COMPLETE,fixed_development_policy_external_crossfit_nuisance_OPE,Q/value/delta/gain: raw W; outcome MSE: W^2; probabilities/coverage: fraction; sample counts: explicit rows/PA/games,NFB,FB,2-0,,,,,,,
count,2-0,stochastic_half,23028.0,0.4269619844685472,0.4197527469914445,0.4341712219456499,-0.0049585104369335,-0.0127810607546383,0.0028640398807713,season-weighted final PA W per selected current decision; no summed PA policy gain,True,bcap_pitch__mlb_2023__20260909__r01,BCAP-PITCH-v0.1.0,pitch,2023,COMPLETE,fixed_development_policy_external_crossfit_nuisance_OPE,Q/value/delta/gain: raw W; outcome MSE: W^2; probabilities/coverage: fraction; sample counts: explicit rows/PA/games,NFB,FB,2-0,,,,,,,
count,2-1,observed,36417.0,0.3541124749430211,0.3489675816656984,0.3592573682203437,0.0,0.0,0.0,season-weighted final PA W per selected current decision; no summed PA policy gain,True,bcap_pitch__mlb_2023__20260909__r01,BCAP-PITCH-v0.1.0,pitch,2023,COMPLETE,fixed_development_policy_external_crossfit_nuisance_OPE,Q/value/delta/gain: raw W; outcome MSE: W^2; probabilities/coverage: fraction; sample counts: explicit rows/PA/games,NFB,FB,2-1,,,,,,,
count,2-1,always_0,36417.0,0.3550454862375611,0.3467517646616521,0.3633392078134702,-0.00093301129454,-0.0148164043369927,0.0129503817479125,season-weighted final PA W per selected current decision; no summed PA policy gain,True,bcap_pitch__mlb_2023__20260909__r01,BCAP-PITCH-v0.1.0,pitch,2023,COMPLETE,fixed_development_policy_external_crossfit_nuisance_OPE,Q/value/delta/gain: raw W; outcome MSE: W^2; probabilities/coverage: fraction; sample counts: explicit rows/PA/games,NFB,FB,2-1,,,,,,,
count,2-1,always_1,36417.0,0.3540335501642981,0.3473210196076496,0.3607460807209466,7.892477872297835e-05,-0.0095126357399804,0.0096704852974264,season-weighted final PA W per selected current decision; no summed PA policy gain,True,bcap_pitch__mlb_2023__20260909__r01,BCAP-PITCH-v0.1.0,pitch,2023,COMPLETE,fixed_development_policy_external_crossfit_nuisance_OPE,Q/value/delta/gain: raw W; outcome MSE: W^2; probabilities/coverage: fraction; sample counts: explicit rows/PA/games,NFB,FB,2-1,,,,,,,
count,2-1,learned,36417.0,0.3540335501642981,0.3473210196076496,0.3607460807209466,7.892477872297835e-05,-0.0095126357399804,0.0096704852974264,season-weighted final PA W per selected current decision; no summed PA policy gain,True,bcap_pitch__mlb_2023__20260909__r01,BCAP-PITCH-v0.1.0,pitch,2023,COMPLETE,fixed_development_policy_external_crossfit_nuisance_OPE,Q/value/delta/gain: raw W; outcome MSE: W^2; probabilities/coverage: fraction; sample counts: explicit rows/PA/games,NFB,FB,2-1,,,,,,,
count,2-1,conservative,36417.0,0.3541124749430211,0.3489675816656984,0.3592573682203437,0.0,0.0,0.0,season-weighted final PA W per selected current decision; no summed PA policy gain,True,bcap_pitch__mlb_2023__20260909__r01,BCAP-PITCH-v0.1.0,pitch,2023,COMPLETE,fixed_development_policy_external_crossfit_nuisance_OPE,Q/value/delta/gain: raw W; outcome MSE: W^2; probabilities/coverage: fraction; sample counts: explicit rows/PA/games,NFB,FB,2-1,,,,,,,
count,2-1,stochastic_half,36417.0,0.3545395182009296,0.3492244907435379,0.3598545456583214,-0.0004270432579085,-0.0040559587630149,0.0032018722471978,season-weighted final PA W per selected current decision; no summed PA policy gain,True,bcap_pitch__mlb_2023__20260909__r01,BCAP-PITCH-v0.1.0,pitch,2023,COMPLETE,fixed_development_policy_external_crossfit_nuisance_OPE,Q/value/delta/gain: raw W; outcome MSE: W^2; probabilities/coverage: fraction; sample counts: explicit rows/PA/games,NFB,FB,2-1,,,,,,,
count,2-2,observed,58106.0,0.2705743813031356,0.2654907836223244,0.2756579789839469,0.0,0.0,0.0,season-weighted final PA W per selected current decision; no summed PA policy gain,True,bcap_pitch__mlb_2023__20260909__r01,BCAP-PITCH-v0.1.0,pitch,2023,COMPLETE,fixed_development_policy_external_crossfit_nuisance_OPE,Q/value/delta/gain: raw W; outcome MSE: W^2; probabilities/coverage: fraction; sample counts: explicit rows/PA/games,NFB,FB,2-2,,,,,,,
count,2-2,always_0,58106.0,0.2717941519797887,0.2656555790375059,0.2779327249220714,-0.001219770676653,-0.0091698030118497,0.0067302616585435,season-weighted final PA W per selected current decision; no summed PA policy gain,True,bcap_pitch__mlb_2023__20260909__r01,BCAP-PITCH-v0.1.0,pitch,2023,COMPLETE,fixed_development_policy_external_crossfit_nuisance_OPE,Q/value/delta/gain: raw W; outcome MSE: W^2; probabilities/coverage: fraction; sample counts: explicit rows/PA/games,NFB,FB,2-2,,,,,,,
count,2-2,always_1,58106.0,0.2740706083544268,0.2670103633869296,0.2811308533219241,-0.0034962270512912,-0.0125576847528698,0.0055652306502873,season-weighted final PA W per selected current decision; no summed PA policy gain,True,bcap_pitch__mlb_2023__20260909__r01,BCAP-PITCH-v0.1.0,pitch,2023,COMPLETE,fixed_development_policy_external_crossfit_nuisance_OPE,Q/value/delta/gain: raw W; outcome MSE: W^2; probabilities/coverage: fraction; sample counts: explicit rows/PA/games,NFB,FB,2-2,,,,,,,
count,2-2,learned,58106.0,0.2717941519797887,0.2656555790375059,0.2779327249220714,-0.001219770676653,-0.0091698030118497,0.0067302616585435,season-weighted final PA W per selected current decision; no summed PA policy gain,True,bcap_pitch__mlb_2023__20260909__r01,BCAP-PITCH-v0.1.0,pitch,2023,COMPLETE,fixed_development_policy_external_crossfit_nuisance_OPE,Q/value/delta/gain: raw W; outcome MSE: W^2; probabilities/coverage: fraction; sample counts: explicit rows/PA/games,NFB,FB,2-2,,,,,,,
count,2-2,conservative,58106.0,0.2705743813031356,0.2654907836223244,0.2756579789839469,0.0,0.0,0.0,season-weighted final PA W per selected current decision; no summed PA policy gain,True,bcap_pitch__mlb_2023__20260909__r01,BCAP-PITCH-v0.1.0,pitch,2023,COMPLETE,fixed_development_policy_external_crossfit_nuisance_OPE,Q/value/delta/gain: raw W; outcome MSE: W^2; probabilities/coverage: fraction; sample counts: explicit rows/PA/games,NFB,FB,2-2,,,,,,,
count,2-2,stochastic_half,58106.0,0.2729323801671078,0.2675507145083801,0.2783140458258355,-0.0023579988639721,-0.0047981490979706,8.215137002632591e-05,season-weighted final PA W per selected current decision; no summed PA policy gain,True,bcap_pitch__mlb_2023__20260909__r01,BCAP-PITCH-v0.1.0,pitch,2023,COMPLETE,fixed_development_policy_external_crossfit_nuisance_OPE,Q/value/delta/gain: raw W; outcome MSE: W^2; probabilities/coverage: fraction; sample counts: explicit rows/PA/games,NFB,FB,2-2,,,,,,,
count,3-0,observed,6608.0,0.5485911016949151,0.5390171784728462,0.5581650249169839,0.0,0.0,0.0,season-weighted final PA W per selected current decision; no summed PA policy gain,True,bcap_pitch__mlb_2023__20260909__r01,BCAP-PITCH-v0.1.0,pitch,2023,COMPLETE,fixed_development_policy_external_crossfit_nuisance_OPE,Q/value/delta/gain: raw W; outcome MSE: W^2; probabilities/coverage: fraction; sample counts: explicit rows/PA/games,NFB,FB,3-0,,,,,,,
count,3-0,always_0,6608.0,0.4444350169649479,0.4277121601410181,0.4611578737888777,0.1041560847299673,0.066901877649679,0.1414102918102556,season-weighted final PA W per selected current decision; no summed PA policy gain,True,bcap_pitch__mlb_2023__20260909__r01,BCAP-PITCH-v0.1.0,pitch,2023,COMPLETE,fixed_development_policy_external_crossfit_nuisance_OPE,Q/value/delta/gain: raw W; outcome MSE: W^2; probabilities/coverage: fraction; sample counts: explicit rows/PA/games,NFB,FB,3-0,,,,,,,
count,3-0,always_1,6608.0,0.5516203643964224,0.5409645977576872,0.5622761310351575,-0.0030292627015071,-0.008512568709138,0.0024540433061238,season-weighted final PA W per selected current decision; no summed PA policy gain,True,bcap_pitch__mlb_2023__20260909__r01,BCAP-PITCH-v0.1.0,pitch,2023,COMPLETE,fixed_development_policy_external_crossfit_nuisance_OPE,Q/value/delta/gain: raw W; outcome MSE: W^2; probabilities/coverage: fraction; sample counts: explicit rows/PA/games,NFB,FB,3-0,,,,,,,
count,3-0,learned,6608.0,0.4444350169649479,0.4277121601410181,0.4611578737888777,0.1041560847299673,0.066901877649679,0.1414102918102556,season-weighted final PA W per selected current decision; no summed PA policy gain,True,bcap_pitch__mlb_2023__20260909__r01,BCAP-PITCH-v0.1.0,pitch,2023,COMPLETE,fixed_development_policy_external_crossfit_nuisance_OPE,Q/value/delta/gain: raw W; outcome MSE: W^2; probabilities/coverage: fraction; sample counts: explicit rows/PA/games,NFB,FB,3-0,,,,,,,
count,3-0,conservative,6608.0,0.5485911016949151,0.5390171784728462,0.5581650249169839,0.0,0.0,0.0,season-weighted final PA W per selected current decision; no summed PA policy gain,True,bcap_pitch__mlb_2023__20260909__r01,BCAP-PITCH-v0.1.0,pitch,2023,COMPLETE,fixed_development_policy_external_crossfit_nuisance_OPE,Q/value/delta/gain: raw W; outcome MSE: W^2; probabilities/coverage: fraction; sample counts: explicit rows/PA/games,NFB,FB,3-0,,,,,,,
count,3-0,stochastic_half,6608.0,0.4980276906806851,0.4880736072151294,0.5079817741462408,0.0505634110142301,0.0341486946460301,0.0669781273824301,season-weighted final PA W per selected current decision; no summed PA policy gain,True,bcap_pitch__mlb_2023__20260909__r01,BCAP-PITCH-v0.1.0,pitch,2023,COMPLETE,fixed_development_policy_external_crossfit_nuisance_OPE,Q/value/delta/gain: raw W; outcome MSE: W^2; probabilities/coverage: fraction; sample counts: explicit rows/PA/games,NFB,FB,3-0,,,,,,,
count,3-1,observed,15092.0,0.4739223429631592,0.4666251233669815,0.4812195625593369,0.0,0.0,0.0,season-weighted final PA W per selected current decision; no summed PA policy gain,True,bcap_pitch__mlb_2023__20260909__r01,BCAP-PITCH-v0.1.0,pitch,2023,COMPLETE,fixed_development_policy_external_crossfit_nuisance_OPE,Q/value/delta/gain: raw W; outcome MSE: W^2; probabilities/coverage: fraction; sample counts: explicit rows/PA/games,NFB,FB,3-1,,,,,,,
count,3-1,always_0,15092.0,0.4853453169472005,0.4704650153428529,0.5002256185515482,-0.0114229739840413,-0.039795374136224,0.0169494261681414,season-weighted final PA W per selected current decision; no summed PA policy gain,True,bcap_pitch__mlb_2023__20260909__r01,BCAP-PITCH-v0.1.0,pitch,2023,COMPLETE,fixed_development_policy_external_crossfit_nuisance_OPE,Q/value/delta/gain: raw W; outcome MSE: W^2; probabilities/coverage: fraction; sample counts: explicit rows/PA/games,NFB,FB,3-1,,,,,,,
count,3-1,always_1,15092.0,0.4712967645910816,0.4629171045256738,0.4796764246564894,0.0026255783720776,-0.005869405735051,0.0111205624792063,season-weighted final PA W per selected current decision; no summed PA policy gain,True,bcap_pitch__mlb_2023__20260909__r01,BCAP-PITCH-v0.1.0,pitch,2023,COMPLETE,fixed_development_policy_external_crossfit_nuisance_OPE,Q/value/delta/gain: raw W; outcome MSE: W^2; probabilities/coverage: fraction; sample counts: explicit rows/PA/games,NFB,FB,3-1,,,,,,,
count,3-1,learned,15092.0,0.4712967645910816,0.4629171045256738,0.4796764246564894,0.0026255783720776,-0.005869405735051,0.0111205624792063,season-weighted final PA W per selected current decision; no summed PA policy gain,True,bcap_pitch__mlb_2023__20260909__r01,BCAP-PITCH-v0.1.0,pitch,2023,COMPLETE,fixed_development_policy_external_crossfit_nuisance_OPE,Q/value/delta/gain: raw W; outcome MSE: W^2; probabilities/coverage: fraction; sample counts: explicit rows/PA/games,NFB,FB,3-1,,,,,,,
count,3-1,conservative,15092.0,0.4739223429631592,0.4666251233669815,0.4812195625593369,0.0,0.0,0.0,season-weighted final PA W per selected current decision; no summed PA policy gain,True,bcap_pitch__mlb_2023__20260909__r01,BCAP-PITCH-v0.1.0,pitch,2023,COMPLETE,fixed_development_policy_external_crossfit_nuisance_OPE,Q/value/delta/gain: raw W; outcome MSE: W^2; probabilities/coverage: fraction; sample counts: explicit rows/PA/games,NFB,FB,3-1,,,,,,,
count,3-1,stochastic_half,15092.0,0.4783210407691411,0.4697336961724453,0.4869083853658369,-0.0043986978059818,-0.0150650672633866,0.006267671651423,season-weighted final PA W per selected current decision; no summed PA policy gain,True,bcap_pitch__mlb_2023__20260909__r01,BCAP-PITCH-v0.1.0,pitch,2023,COMPLETE,fixed_development_policy_external_crossfit_nuisance_OPE,Q/value/delta/gain: raw W; outcome MSE: W^2; probabilities/coverage: fraction; sample counts: explicit rows/PA/games,NFB,FB,3-1,,,,,,,
count,3-2,observed,35215.0,0.3750829192105636,0.3687721945462472,0.38139364387488,0.0,0.0,0.0,season-weighted final PA W per selected current decision; no summed PA policy gain,True,bcap_pitch__mlb_2023__20260909__r01,BCAP-PITCH-v0.1.0,pitch,2023,COMPLETE,fixed_development_policy_external_crossfit_nuisance_OPE,Q/value/delta/gain: raw W; outcome MSE: W^2; probabilities/coverage: fraction; sample counts: explicit rows/PA/games,NFB,FB,3-2,,,,,,,
count,3-2,always_0,35215.0,0.3711556545915833,0.3624311963582748,0.3798801128248918,0.0039272646189803,-0.0098643825570004,0.0177189117949611,season-weighted final PA W per selected current decision; no summed PA policy gain,True,bcap_pitch__mlb_2023__20260909__r01,BCAP-PITCH-v0.1.0,pitch,2023,COMPLETE,fixed_development_policy_external_crossfit_nuisance_OPE,Q/value/delta/gain: raw W; outcome MSE: W^2; probabilities/coverage: fraction; sample counts: explicit rows/PA/games,NFB,FB,3-2,,,,,,,
count,3-2,always_1,35215.0,0.3805984537044469,0.3730579178208223,0.3881389895880715,-0.0055155344938832,-0.0137952029908291,0.0027641340030625,season-weighted final PA W per selected current decision; no summed PA policy gain,True,bcap_pitch__mlb_2023__20260909__r01,BCAP-PITCH-v0.1.0,pitch,2023,COMPLETE,fixed_development_policy_external_crossfit_nuisance_OPE,Q/value/delta/gain: raw W; outcome MSE: W^2; probabilities/coverage: fraction; sample counts: explicit rows/PA/games,NFB,FB,3-2,,,,,,,
count,3-2,learned,35215.0,0.3711556545915833,0.3624311963582748,0.3798801128248918,0.0039272646189803,-0.0098643825570004,0.0177189117949611,season-weighted final PA W per selected current decision; no summed PA policy gain,True,bcap_pitch__mlb_2023__20260909__r01,BCAP-PITCH-v0.1.0,pitch,2023,COMPLETE,fixed_development_policy_external_crossfit_nuisance_OPE,Q/value/delta/gain: raw W; outcome MSE: W^2; probabilities/coverage: fraction; sample counts: explicit rows/PA/games,NFB,FB,3-2,,,,,,,
count,3-2,conservative,35215.0,0.3750829192105636,0.3687721945462472,0.38139364387488,0.0,0.0,0.0,season-weighted final PA W per selected current decision; no summed PA policy gain,True,bcap_pitch__mlb_2023__20260909__r01,BCAP-PITCH-v0.1.0,pitch,2023,COMPLETE,fixed_development_policy_external_crossfit_nuisance_OPE,Q/value/delta/gain: raw W; outcome MSE: W^2; probabilities/coverage: fraction; sample counts: explicit rows/PA/games,NFB,FB,3-2,,,,,,,
count,3-2,stochastic_half,35215.0,0.3758770541480151,0.369457589024598,0.3822965192714321,-0.0007941349374514,-0.0047274778370453,0.0031392079621423,season-weighted final PA W per selected current decision; no summed PA policy gain,True,bcap_pitch__mlb_2023__20260909__r01,BCAP-PITCH-v0.1.0,pitch,2023,COMPLETE,fixed_development_policy_external_crossfit_nuisance_OPE,Q/value/delta/gain: raw W; outcome MSE: W^2; probabilities/coverage: fraction; sample counts: explicit rows/PA/games,NFB,FB,3-2,,,,,,,
overall,ALL,observed,682953.0,0.3051969886653986,0.3025264247179233,0.3078675526128739,0.0,0.0,0.0,season-weighted final PA W per selected current decision; no summed PA policy gain,True,bcap_swing__mlb_2023__20260909__r01,BCAP-SWING-v0.1.0,swing,2023,COMPLETE,fixed_development_policy_external_crossfit_nuisance_OPE,Q/value/delta/gain: raw W; outcome MSE: W^2; probabilities/coverage: fraction; sample counts: explicit rows/PA/games,Take_adjudicated,Swing_offer_including_bunts,ALL,,,,,,,
overall,ALL,always_0,682953.0,0.2912182026594064,0.2882712506809975,0.2941651546378154,-0.0139787860059921,-0.0170407740224539,-0.0109167979895303,season-weighted final PA W per selected current decision; no summed PA policy gain,True,bcap_swing__mlb_2023__20260909__r01,BCAP-SWING-v0.1.0,swing,2023,COMPLETE,fixed_development_policy_external_crossfit_nuisance_OPE,Q/value/delta/gain: raw W; outcome MSE: W^2; probabilities/coverage: fraction; sample counts: explicit rows/PA/games,Take_adjudicated,Swing_offer_including_bunts,ALL,,,,,,,
overall,ALL,always_1,682953.0,0.2636219914217529,0.2608297240234513,0.2664142588200546,-0.0415749972436456,-0.0449246274541815,-0.0382253670331096,season-weighted final PA W per selected current decision; no summed PA policy gain,True,bcap_swing__mlb_2023__20260909__r01,BCAP-SWING-v0.1.0,swing,2023,COMPLETE,fixed_development_policy_external_crossfit_nuisance_OPE,Q/value/delta/gain: raw W; outcome MSE: W^2; probabilities/coverage: fraction; sample counts: explicit rows/PA/games,Take_adjudicated,Swing_offer_including_bunts,ALL,,,,,,,
overall,ALL,learned,682953.0,0.331607753407053,0.3287614369270991,0.3344540698870069,0.0264107647416544,0.0243808331973483,0.0284406962859604,season-weighted final PA W per selected current decision; no summed PA policy gain,True,bcap_swing__mlb_2023__20260909__r01,BCAP-SWING-v0.1.0,swing,2023,COMPLETE,fixed_development_policy_external_crossfit_nuisance_OPE,Q/value/delta/gain: raw W; outcome MSE: W^2; probabilities/coverage: fraction; sample counts: explicit rows/PA/games,Take_adjudicated,Swing_offer_including_bunts,ALL,,,,,,,
overall,ALL,conservative,682953.0,0.3051969886653986,0.3025264247179233,0.3078675526128739,0.0,0.0,0.0,season-weighted final PA W per selected current decision; no summed PA policy gain,True,bcap_swing__mlb_2023__20260909__r01,BCAP-SWING-v0.1.0,swing,2023,COMPLETE,fixed_development_policy_external_crossfit_nuisance_OPE,Q/value/delta/gain: raw W; outcome MSE: W^2; probabilities/coverage: fraction; sample counts: explicit rows/PA/games,Take_adjudicated,Swing_offer_including_bunts,ALL,,,,,,,
overall,ALL,stochastic_half,682953.0,0.2774200970405797,0.2748506999172664,0.279989494163893,-0.0277768916248189,-0.029483619769302,-0.0260701634803357,season-weighted final PA W per selected current decision; no summed PA policy gain,True,bcap_swing__mlb_2023__20260909__r01,BCAP-SWING-v0.1.0,swing,2023,COMPLETE,fixed_development_policy_external_crossfit_nuisance_OPE,Q/value/delta/gain: raw W; outcome MSE: W^2; probabilities/coverage: fraction; sample counts: explicit rows/PA/games,Take_adjudicated,Swing_offer_including_bunts,ALL,,,,,,,
count,0-0,observed,170438.0,0.3143576784519884,0.3117165660261626,0.3169987908778142,0.0,0.0,0.0,season-weighted final PA W per selected current decision; no summed PA policy gain,True,bcap_swing__mlb_2023__20260909__r01,BCAP-SWING-v0.1.0,swing,2023,COMPLETE,fixed_development_policy_external_crossfit_nuisance_OPE,Q/value/delta/gain: raw W; outcome MSE: W^2; probabilities/coverage: fraction; sample counts: explicit rows/PA/games,Take_adjudicated,Swing_offer_including_bunts,0-0,,,,,,,
count,0-0,always_0,170438.0,0.3081445205934293,0.3050640342840301,0.3112250069028285,-0.006213157858559,-0.0101724951335139,-0.0022538205836042,season-weighted final PA W per selected current decision; no summed PA policy gain,True,bcap_swing__mlb_2023__20260909__r01,BCAP-SWING-v0.1.0,swing,2023,COMPLETE,fixed_development_policy_external_crossfit_nuisance_OPE,Q/value/delta/gain: raw W; outcome MSE: W^2; probabilities/coverage: fraction; sample counts: explicit rows/PA/games,Take_adjudicated,Swing_offer_including_bunts,0-0,,,,,,,
count,0-0,always_1,170438.0,0.2964790705303058,0.2914528465058586,0.301505294554753,-0.0178786079216825,-0.0269551582153861,-0.008802057627979,season-weighted final PA W per selected current decision; no summed PA policy gain,True,bcap_swing__mlb_2023__20260909__r01,BCAP-SWING-v0.1.0,swing,2023,COMPLETE,fixed_development_policy_external_crossfit_nuisance_OPE,Q/value/delta/gain: raw W; outcome MSE: W^2; probabilities/coverage: fraction; sample counts: explicit rows/PA/games,Take_adjudicated,Swing_offer_including_bunts,0-0,,,,,,,
count,0-0,learned,170438.0,0.3318011450373315,0.3281296885176201,0.3354726015570429,0.0174434665853431,0.0124403383629978,0.0224465948076884,season-weighted final PA W per selected current decision; no summed PA policy gain,True,bcap_swing__mlb_2023__20260909__r01,BCAP-SWING-v0.1.0,swing,2023,COMPLETE,fixed_development_policy_external_crossfit_nuisance_OPE,Q/value/delta/gain: raw W; outcome MSE: W^2; probabilities/coverage: fraction; sample counts: explicit rows/PA/games,Take_adjudicated,Swing_offer_including_bunts,0-0,,,,,,,
count,0-0,conservative,170438.0,0.3143576784519884,0.3117165660261626,0.3169987908778142,0.0,0.0,0.0,season-weighted final PA W per selected current decision; no summed PA policy gain,True,bcap_swing__mlb_2023__20260909__r01,BCAP-SWING-v0.1.0,swing,2023,COMPLETE,fixed_development_policy_external_crossfit_nuisance_OPE,Q/value/delta/gain: raw W; outcome MSE: W^2; probabilities/coverage: fraction; sample counts: explicit rows/PA/games,Take_adjudicated,Swing_offer_including_bunts,0-0,,,,,,,
count,0-0,stochastic_half,170438.0,0.3023117955618676,0.2992860490549211,0.3053375420688141,-0.0120458828901208,-0.0155077211091392,-0.0085840446711024,season-weighted final PA W per selected current decision; no summed PA policy gain,True,bcap_swing__mlb_2023__20260909__r01,BCAP-SWING-v0.1.0,swing,2023,COMPLETE,fixed_development_policy_external_crossfit_nuisance_OPE,Q/value/delta/gain: raw W; outcome MSE: W^2; probabilities/coverage: fraction; sample counts: explicit rows/PA/games,Take_adjudicated,Swing_offer_including_bunts,0-0,,,,,,,
count,0-1,observed,89499.0,0.268107755393915,0.26482770328501,0.27138780750282,0.0,0.0,0.0,season-weighted final PA W per selected current decision; no summed PA policy gain,True,bcap_swing__mlb_2023__20260909__r01,BCAP-SWING-v0.1.0,swing,2023,COMPLETE,fixed_development_policy_external_crossfit_nuisance_OPE,Q/value/delta/gain: raw W; outcome MSE: W^2; probabilities/coverage: fraction; sample counts: explicit rows/PA/games,Take_adjudicated,Swing_offer_including_bunts,0-1,,,,,,,
count,0-1,always_0,89499.0,0.2616493863086214,0.2556566858638647,0.2676420867533781,-0.0064583690852935,-0.0170001728829951,0.004083434712408,season-weighted final PA W per selected current decision; no summed PA policy gain,True,bcap_swing__mlb_2023__20260909__r01,BCAP-SWING-v0.1.0,swing,2023,COMPLETE,fixed_development_policy_external_crossfit_nuisance_OPE,Q/value/delta/gain: raw W; outcome MSE: W^2; probabilities/coverage: fraction; sample counts: explicit rows/PA/games,Take_adjudicated,Swing_offer_including_bunts,0-1,,,,,,,
count,0-1,always_1,89499.0,0.2369137211907563,0.2317791789195702,0.2420482634619425,-0.0311940342031586,-0.0402413496951212,-0.022146718711196,season-weighted final PA W per selected current decision; no summed PA policy gain,True,bcap_swing__mlb_2023__20260909__r01,BCAP-SWING-v0.1.0,swing,2023,COMPLETE,fixed_development_policy_external_crossfit_nuisance_OPE,Q/value/delta/gain: raw W; outcome MSE: W^2; probabilities/coverage: fraction; sample counts: explicit rows/PA/games,Take_adjudicated,Swing_offer_including_bunts,0-1,,,,,,,
count,0-1,learned,89499.0,0.282405841510907,0.2783320426704748,0.2864796403513392,0.014298086116992,0.0092889746756161,0.0193071975583678,season-weighted final PA W per selected current decision; no summed PA policy gain,True,bcap_swing__mlb_2023__20260909__r01,BCAP-SWING-v0.1.0,swing,2023,COMPLETE,fixed_development_policy_external_crossfit_nuisance_OPE,Q/value/delta/gain: raw W; outcome MSE: W^2; probabilities/coverage: fraction; sample counts: explicit rows/PA/games,Take_adjudicated,Swing_offer_including_bunts,0-1,,,,,,,
count,0-1,conservative,89499.0,0.268107755393915,0.26482770328501,0.27138780750282,0.0,0.0,0.0,season-weighted final PA W per selected current decision; no summed PA policy gain,True,bcap_swing__mlb_2023__20260909__r01,BCAP-SWING-v0.1.0,swing,2023,COMPLETE,fixed_development_policy_external_crossfit_nuisance_OPE,Q/value/delta/gain: raw W; outcome MSE: W^2; probabilities/coverage: fraction; sample counts: explicit rows/PA/games,Take_adjudicated,Swing_offer_including_bunts,0-1,,,,,,,
count,0-1,stochastic_half,89499.0,0.2492815537496889,0.2453378933153794,0.2532252141839984,-0.018826201644226,-0.023950643995236,-0.0137017592932161,season-weighted final PA W per selected current decision; no summed PA policy gain,True,bcap_swing__mlb_2023__20260909__r01,BCAP-SWING-v0.1.0,swing,2023,COMPLETE,fixed_development_policy_external_crossfit_nuisance_OPE,Q/value/delta/gain: raw W; outcome MSE: W^2; probabilities/coverage: fraction; sample counts: explicit rows/PA/games,Take_adjudicated,Swing_offer_including_bunts,0-1,,,,,,,
count,0-2,observed,46460.0,0.2032045200172191,0.1981004388967083,0.2083086011377299,0.0,0.0,0.0,season-weighted final PA W per selected current decision; no summed PA policy gain,True,bcap_swing__mlb_2023__20260909__r01,BCAP-SWING-v0.1.0,swing,2023,COMPLETE,fixed_development_policy_external_crossfit_nuisance_OPE,Q/value/delta/gain: raw W; outcome MSE: W^2; probabilities/coverage: fraction; sample counts: explicit rows/PA/games,Take_adjudicated,Swing_offer_including_bunts,0-2,,,,,,,
count,0-2,always_0,46460.0,0.167115087515225,0.1614873493780471,0.1727428256524029,-0.036089432501994,-0.0465178321156963,-0.0256610328882918,season-weighted final PA W per selected current decision; no summed PA policy gain,True,bcap_swing__mlb_2023__20260909__r01,BCAP-SWING-v0.1.0,swing,2023,COMPLETE,fixed_development_policy_external_crossfit_nuisance_OPE,Q/value/delta/gain: raw W; outcome MSE: W^2; probabilities/coverage: fraction; sample counts: explicit rows/PA/games,Take_adjudicated,Swing_offer_including_bunts,0-2,,,,,,,
count,0-2,always_1,46460.0,0.1584286163720297,0.1524113734401948,0.1644458593038647,-0.0447759036451893,-0.0526915237709157,-0.0368602835194629,season-weighted final PA W per selected current decision; no summed PA policy gain,True,bcap_swing__mlb_2023__20260909__r01,BCAP-SWING-v0.1.0,swing,2023,COMPLETE,fixed_development_policy_external_crossfit_nuisance_OPE,Q/value/delta/gain: raw W; outcome MSE: W^2; probabilities/coverage: fraction; sample counts: explicit rows/PA/games,Take_adjudicated,Swing_offer_including_bunts,0-2,,,,,,,
count,0-2,learned,46460.0,0.2288721635230867,0.223173230462772,0.2345710965834014,0.0256676435058675,0.0205121555403437,0.0308231314713914,season-weighted final PA W per selected current decision; no summed PA policy gain,True,bcap_swing__mlb_2023__20260909__r01,BCAP-SWING-v0.1.0,swing,2023,COMPLETE,fixed_development_policy_external_crossfit_nuisance_OPE,Q/value/delta/gain: raw W; outcome MSE: W^2; probabilities/coverage: fraction; sample counts: explicit rows/PA/games,Take_adjudicated,Swing_offer_including_bunts,0-2,,,,,,,
count,0-2,conservative,46460.0,0.2032045200172191,0.1981004388967083,0.2083086011377299,0.0,0.0,0.0,season-weighted final PA W per selected current decision; no summed PA policy gain,True,bcap_swing__mlb_2023__20260909__r01,BCAP-SWING-v0.1.0,swing,2023,COMPLETE,fixed_development_policy_external_crossfit_nuisance_OPE,Q/value/delta/gain: raw W; outcome MSE: W^2; probabilities/coverage: fraction; sample counts: explicit rows/PA/games,Take_adjudicated,Swing_offer_including_bunts,0-2,,,,,,,
count,0-2,stochastic_half,46460.0,0.1627718519436274,0.1582921300127636,0.1672515738744911,-0.0404326680735917,-0.0452489541600333,-0.03561638198715,season-weighted final PA W per selected current decision; no summed PA policy gain,True,bcap_swing__mlb_2023__20260909__r01,BCAP-SWING-v0.1.0,swing,2023,COMPLETE,fixed_development_policy_external_crossfit_nuisance_OPE,Q/value/delta/gain: raw W; outcome MSE: W^2; probabilities/coverage: fraction; sample counts: explicit rows/PA/games,Take_adjudicated,Swing_offer_including_bunts,0-2,,,,,,,
count,1-0,observed,67219.0,0.3560369835909489,0.352006050140888,0.3600679170410098,0.0,0.0,0.0,season-weighted final PA W per selected current decision; no summed PA policy gain,True,bcap_swing__mlb_2023__20260909__r01,BCAP-SWING-v0.1.0,swing,2023,COMPLETE,fixed_development_policy_external_crossfit_nuisance_OPE,Q/value/delta/gain: raw W; outcome MSE: W^2; probabilities/coverage: fraction; sample counts: explicit rows/PA/games,Take_adjudicated,Swing_offer_including_bunts,1-0,,,,,,,
count,1-0,always_0,67219.0,0.3523598712071548,0.3463767567694529,0.3583429856448568,-0.0036771123837941,-0.0133963168333646,0.0060420920657762,season-weighted final PA W per selected current decision; no summed PA policy gain,True,bcap_swing__mlb_2023__20260909__r01,BCAP-SWING-v0.1.0,swing,2023,COMPLETE,fixed_development_policy_external_crossfit_nuisance_OPE,Q/value/delta/gain: raw W; outcome MSE: W^2; probabilities/coverage: fraction; sample counts: explicit rows/PA/games,Take_adjudicated,Swing_offer_including_bunts,1-0,,,,,,,
count,1-0,always_1,67219.0,0.3211657904900164,0.3141087621765951,0.3282228188034377,-0.0348711931009325,-0.0471509345791614,-0.0225914516227036,season-weighted final PA W per selected current decision; no summed PA policy gain,True,bcap_swing__mlb_2023__20260909__r01,BCAP-SWING-v0.1.0,swing,2023,COMPLETE,fixed_development_policy_external_crossfit_nuisance_OPE,Q/value/delta/gain: raw W; outcome MSE: W^2; probabilities/coverage: fraction; sample counts: explicit rows/PA/games,Take_adjudicated,Swing_offer_including_bunts,1-0,,,,,,,
count,1-0,learned,67219.0,0.3726214266876316,0.3677415671316881,0.377501286243575,0.0165844430966825,0.0104526613494424,0.0227162248439227,season-weighted final PA W per selected current decision; no summed PA policy gain,True,bcap_swing__mlb_2023__20260909__r01,BCAP-SWING-v0.1.0,swing,2023,COMPLETE,fixed_development_policy_external_crossfit_nuisance_OPE,Q/value/delta/gain: raw W; outcome MSE: W^2; probabilities/coverage: fraction; sample counts: explicit rows/PA/games,Take_adjudicated,Swing_offer_including_bunts,1-0,,,,,,,
count,1-0,conservative,67219.0,0.3560369835909489,0.352006050140888,0.3600679170410098,0.0,0.0,0.0,season-weighted final PA W per selected current decision; no summed PA policy gain,True,bcap_swing__mlb_2023__20260909__r01,BCAP-SWING-v0.1.0,swing,2023,COMPLETE,fixed_development_policy_external_crossfit_nuisance_OPE,Q/value/delta/gain: raw W; outcome MSE: W^2; probabilities/coverage: fraction; sample counts: explicit rows/PA/games,Take_adjudicated,Swing_offer_including_bunts,1-0,,,,,,,
count,1-0,stochastic_half,67219.0,0.3367628308485856,0.3320815000118334,0.3414441616853377,-0.0192741527423633,-0.0246141889392463,-0.0139341165454803,season-weighted final PA W per selected current decision; no summed PA policy gain,True,bcap_swing__mlb_2023__20260909__r01,BCAP-SWING-v0.1.0,swing,2023,COMPLETE,fixed_development_policy_external_crossfit_nuisance_OPE,Q/value/delta/gain: raw W; outcome MSE: W^2; probabilities/coverage: fraction; sample counts: explicit rows/PA/games,Take_adjudicated,Swing_offer_including_bunts,1-0,,,,,,,
count,1-1,observed,70483.0,0.2995321708780841,0.2956396288966071,0.3034247128595611,0.0,0.0,0.0,season-weighted final PA W per selected current decision; no summed PA policy gain,True,bcap_swing__mlb_2023__20260909__r01,BCAP-SWING-v0.1.0,swing,2023,COMPLETE,fixed_development_policy_external_crossfit_nuisance_OPE,Q/value/delta/gain: raw W; outcome MSE: W^2; probabilities/coverage: fraction; sample counts: explicit rows/PA/games,Take_adjudicated,Swing_offer_including_bunts,1-1,,,,,,,
count,1-1,always_0,70483.0,0.2889335198287773,0.281693872923092,0.2961731667344626,-0.0105986510493067,-0.0237890571861478,0.0025917550875343,season-weighted final PA W per selected current decision; no summed PA policy gain,True,bcap_swing__mlb_2023__20260909__r01,BCAP-SWING-v0.1.0,swing,2023,COMPLETE,fixed_development_policy_external_crossfit_nuisance_OPE,Q/value/delta/gain: raw W; outcome MSE: W^2; probabilities/coverage: fraction; sample counts: explicit rows/PA/games,Take_adjudicated,Swing_offer_including_bunts,1-1,,,,,,,
count,1-1,always_1,70483.0,0.2636916671870005,0.2580465033811373,0.2693368309928636,-0.0358405036910835,-0.0450745567693359,-0.0266064506128311,season-weighted final PA W per selected current decision; no summed PA policy gain,True,bcap_swing__mlb_2023__20260909__r01,BCAP-SWING-v0.1.0,swing,2023,COMPLETE,fixed_development_policy_external_crossfit_nuisance_OPE,Q/value/delta/gain: raw W; outcome MSE: W^2; probabilities/coverage: fraction; sample counts: explicit rows/PA/games,Take_adjudicated,Swing_offer_including_bunts,1-1,,,,,,,
count,1-1,learned,70483.0,0.3183788323336035,0.3139435058588151,0.322814158808392,0.0188466614555194,0.0141861000727573,0.0235072228382815,season-weighted final PA W per selected current decision; no summed PA policy gain,True,bcap_swing__mlb_2023__20260909__r01,BCAP-SWING-v0.1.0,swing,2023,COMPLETE,fixed_development_policy_external_crossfit_nuisance_OPE,Q/value/delta/gain: raw W; outcome MSE: W^2; probabilities/coverage: fraction; sample counts: explicit rows/PA/games,Take_adjudicated,Swing_offer_including_bunts,1-1,,,,,,,
count,1-1,conservative,70483.0,0.2995321708780841,0.2956396288966071,0.3034247128595611,0.0,0.0,0.0,season-weighted final PA W per selected current decision; no summed PA policy gain,True,bcap_swing__mlb_2023__20260909__r01,BCAP-SWING-v0.1.0,swing,2023,COMPLETE,fixed_development_policy_external_crossfit_nuisance_OPE,Q/value/delta/gain: raw W; outcome MSE: W^2; probabilities/coverage: fraction; sample counts: explicit rows/PA/games,Take_adjudicated,Swing_offer_including_bunts,1-1,,,,,,,
count,1-1,stochastic_half,70483.0,0.2763125935078889,0.2716783024307022,0.2809468845850755,-0.0232195773701951,-0.0292621638563799,-0.0171769908840103,season-weighted final PA W per selected current decision; no summed PA policy gain,True,bcap_swing__mlb_2023__20260909__r01,BCAP-SWING-v0.1.0,swing,2023,COMPLETE,fixed_development_policy_external_crossfit_nuisance_OPE,Q/value/delta/gain: raw W; outcome MSE: W^2; probabilities/coverage: fraction; sample counts: explicit rows/PA/games,Take_adjudicated,Swing_offer_including_bunts,1-1,,,,,,,
count,1-2,observed,66567.0,0.2243605690507308,0.2200101941253104,0.2287109439761512,0.0,0.0,0.0,season-weighted final PA W per selected current decision; no summed PA policy gain,True,bcap_swing__mlb_2023__20260909__r01,BCAP-SWING-v0.1.0,swing,2023,COMPLETE,fixed_development_policy_external_crossfit_nuisance_OPE,Q/value/delta/gain: raw W; outcome MSE: W^2; probabilities/coverage: fraction; sample counts: explicit rows/PA/games,Take_adjudicated,Swing_offer_including_bunts,1-2,,,,,,,
count,1-2,always_0,66567.0,0.1910720217206375,0.1860159769715533,0.1961280664697217,-0.0332885473300933,-0.0430417129380348,-0.0235353817221517,season-weighted final PA W per selected current decision; no summed PA policy gain,True,bcap_swing__mlb_2023__20260909__r01,BCAP-SWING-v0.1.0,swing,2023,COMPLETE,fixed_development_policy_external_crossfit_nuisance_OPE,Q/value/delta/gain: raw W; outcome MSE: W^2; probabilities/coverage: fraction; sample counts: explicit rows/PA/games,Take_adjudicated,Swing_offer_including_bunts,1-2,,,,,,,
count,1-2,always_1,66567.0,0.1744664552324613,0.1691981505730837,0.1797347598918389,-0.0498941138182695,-0.0566244919328517,-0.0431637357036873,season-weighted final PA W per selected current decision; no summed PA policy gain,True,bcap_swing__mlb_2023__20260909__r01,BCAP-SWING-v0.1.0,swing,2023,COMPLETE,fixed_development_policy_external_crossfit_nuisance_OPE,Q/value/delta/gain: raw W; outcome MSE: W^2; probabilities/coverage: fraction; sample counts: explicit rows/PA/games,Take_adjudicated,Swing_offer_including_bunts,1-2,,,,,,,
count,1-2,learned,66567.0,0.2590269008862199,0.2541432305215695,0.2639105712508703,0.0346663318354891,0.0299415466624898,0.0393911170084884,season-weighted final PA W per selected current decision; no summed PA policy gain,True,bcap_swing__mlb_2023__20260909__r01,BCAP-SWING-v0.1.0,swing,2023,COMPLETE,fixed_development_policy_external_crossfit_nuisance_OPE,Q/value/delta/gain: raw W; outcome MSE: W^2; probabilities/coverage: fraction; sample counts: explicit rows/PA/games,Take_adjudicated,Swing_offer_including_bunts,1-2,,,,,,,
count,1-2,conservative,66567.0,0.2243605690507308,0.2200101941253104,0.2287109439761512,0.0,0.0,0.0,season-weighted final PA W per selected current decision; no summed PA policy gain,True,bcap_swing__mlb_2023__20260909__r01,BCAP-SWING-v0.1.0,swing,2023,COMPLETE,fixed_development_policy_external_crossfit_nuisance_OPE,Q/value/delta/gain: raw W; outcome MSE: W^2; probabilities/coverage: fraction; sample counts: explicit rows/PA/games,Take_adjudicated,Swing_offer_including_bunts,1-2,,,,,,,
count,1-2,stochastic_half,66567.0,0.1827692384765493,0.1788557321589225,0.1866827447941762,-0.0415913305741814,-0.0459609455011406,-0.0372217156472222,season-weighted final PA W per selected current decision; no summed PA policy gain,True,bcap_swing__mlb_2023__20260909__r01,BCAP-SWING-v0.1.0,swing,2023,COMPLETE,fixed_development_policy_external_crossfit_nuisance_OPE,Q/value/delta/gain: raw W; outcome MSE: W^2; probabilities/coverage: fraction; sample counts: explicit rows/PA/games,Take_adjudicated,Swing_offer_including_bunts,1-2,,,,,,,
count,2-0,observed,22792.0,0.4195327307827308,0.4131296573201714,0.4259358042452901,0.0,0.0,0.0,season-weighted final PA W per selected current decision; no summed PA policy gain,True,bcap_swing__mlb_2023__20260909__r01,BCAP-SWING-v0.1.0,swing,2023,COMPLETE,fixed_development_policy_external_crossfit_nuisance_OPE,Q/value/delta/gain: raw W; outcome MSE: W^2; probabilities/coverage: fraction; sample counts: explicit rows/PA/games,Take_adjudicated,Swing_offer_including_bunts,2-0,,,,,,,
count,2-0,always_0,22792.0,0.4193229690615054,0.4097509565491203,0.4288949815738904,-0.0002097617212253,-0.0168566042282676,0.016437080785817,season-weighted final PA W per selected current decision; no summed PA policy gain,True,bcap_swing__mlb_2023__20260909__r01,BCAP-SWING-v0.1.0,swing,2023,COMPLETE,fixed_development_policy_external_crossfit_nuisance_OPE,Q/value/delta/gain: raw W; outcome MSE: W^2; probabilities/coverage: fraction; sample counts: explicit rows/PA/games,Take_adjudicated,Swing_offer_including_bunts,2-0,,,,,,,
count,2-0,always_1,22792.0,0.3648012045289173,0.3531955561449304,0.3764068529129042,-0.0547315262538134,-0.0745851679197826,-0.0348778845878442,season-weighted final PA W per selected current decision; no summed PA policy gain,True,bcap_swing__mlb_2023__20260909__r01,BCAP-SWING-v0.1.0,swing,2023,COMPLETE,fixed_development_policy_external_crossfit_nuisance_OPE,Q/value/delta/gain: raw W; outcome MSE: W^2; probabilities/coverage: fraction; sample counts: explicit rows/PA/games,Take_adjudicated,Swing_offer_including_bunts,2-0,,,,,,,
count,2-0,learned,22792.0,0.4368022186029682,0.4290945566625467,0.4445098805433896,0.0172694878202373,0.0070069883302207,0.027531987310254,season-weighted final PA W per selected current decision; no summed PA policy gain,True,bcap_swing__mlb_2023__20260909__r01,BCAP-SWING-v0.1.0,swing,2023,COMPLETE,fixed_development_policy_external_crossfit_nuisance_OPE,Q/value/delta/gain: raw W; outcome MSE: W^2; probabilities/coverage: fraction; sample counts: explicit rows/PA/games,Take_adjudicated,Swing_offer_including_bunts,2-0,,,,,,,
count,2-0,conservative,22792.0,0.4195327307827308,0.4131296573201714,0.4259358042452901,0.0,0.0,0.0,season-weighted final PA W per selected current decision; no summed PA policy gain,True,bcap_swing__mlb_2023__20260909__r01,BCAP-SWING-v0.1.0,swing,2023,COMPLETE,fixed_development_policy_external_crossfit_nuisance_OPE,Q/value/delta/gain: raw W; outcome MSE: W^2; probabilities/coverage: fraction; sample counts: explicit rows/PA/games,Take_adjudicated,Swing_offer_including_bunts,2-0,,,,,,,
count,2-0,stochastic_half,22792.0,0.3920620867952114,0.3847395341899499,0.3993846394004728,-0.0274706439875193,-0.0356775439242763,-0.0192637440507624,season-weighted final PA W per selected current decision; no summed PA policy gain,True,bcap_swing__mlb_2023__20260909__r01,BCAP-SWING-v0.1.0,swing,2023,COMPLETE,fixed_development_policy_external_crossfit_nuisance_OPE,Q/value/delta/gain: raw W; outcome MSE: W^2; probabilities/coverage: fraction; sample counts: explicit rows/PA/games,Take_adjudicated,Swing_offer_including_bunts,2-0,,,,,,,
count,2-1,observed,36565.0,0.3541166142485983,0.3489214802365304,0.3593117482606662,0.0,0.0,0.0,season-weighted final PA W per selected current decision; no summed PA policy gain,True,bcap_swing__mlb_2023__20260909__r01,BCAP-SWING-v0.1.0,swing,2023,COMPLETE,fixed_development_policy_external_crossfit_nuisance_OPE,Q/value/delta/gain: raw W; outcome MSE: W^2; probabilities/coverage: fraction; sample counts: explicit rows/PA/games,Take_adjudicated,Swing_offer_including_bunts,2-1,,,,,,,
count,2-1,always_0,36565.0,0.3561878994311231,0.3459919586302593,0.366383840231987,0.0020712851825248,-0.0168421589819706,0.0209847293470203,season-weighted final PA W per selected current decision; no summed PA policy gain,True,bcap_swing__mlb_2023__20260909__r01,BCAP-SWING-v0.1.0,swing,2023,COMPLETE,fixed_development_policy_external_crossfit_nuisance_OPE,Q/value/delta/gain: raw W; outcome MSE: W^2; probabilities/coverage: fraction; sample counts: explicit rows/PA/games,Take_adjudicated,Swing_offer_including_bunts,2-1,,,,,,,
count,2-1,always_1,36565.0,0.2967778143151006,0.2892651870696947,0.3042904415605066,-0.0573387999334977,-0.0690842247943111,-0.0455933750726843,season-weighted final PA W per selected current decision; no summed PA policy gain,True,bcap_swing__mlb_2023__20260909__r01,BCAP-SWING-v0.1.0,swing,2023,COMPLETE,fixed_development_policy_external_crossfit_nuisance_OPE,Q/value/delta/gain: raw W; outcome MSE: W^2; probabilities/coverage: fraction; sample counts: explicit rows/PA/games,Take_adjudicated,Swing_offer_including_bunts,2-1,,,,,,,
count,2-1,learned,36565.0,0.3840046545138057,0.3768162330647022,0.3911930759629092,0.0298880402652072,0.0192181970569157,0.0405578834734988,season-weighted final PA W per selected current decision; no summed PA policy gain,True,bcap_swing__mlb_2023__20260909__r01,BCAP-SWING-v0.1.0,swing,2023,COMPLETE,fixed_development_policy_external_crossfit_nuisance_OPE,Q/value/delta/gain: raw W; outcome MSE: W^2; probabilities/coverage: fraction; sample counts: explicit rows/PA/games,Take_adjudicated,Swing_offer_including_bunts,2-1,,,,,,,
count,2-1,conservative,36565.0,0.3541166142485983,0.3489214802365304,0.3593117482606662,0.0,0.0,0.0,season-weighted final PA W per selected current decision; no summed PA policy gain,True,bcap_swing__mlb_2023__20260909__r01,BCAP-SWING-v0.1.0,swing,2023,COMPLETE,fixed_development_policy_external_crossfit_nuisance_OPE,Q/value/delta/gain: raw W; outcome MSE: W^2; probabilities/coverage: fraction; sample counts: explicit rows/PA/games,Take_adjudicated,Swing_offer_including_bunts,2-1,,,,,,,
count,2-1,stochastic_half,36565.0,0.3264828568731119,0.3200361741404802,0.3329295396057436,-0.0276337573754864,-0.0362199260704145,-0.0190475886805582,season-weighted final PA W per selected current decision; no summed PA policy gain,True,bcap_swing__mlb_2023__20260909__r01,BCAP-SWING-v0.1.0,swing,2023,COMPLETE,fixed_development_policy_external_crossfit_nuisance_OPE,Q/value/delta/gain: raw W; outcome MSE: W^2; probabilities/coverage: fraction; sample counts: explicit rows/PA/games,Take_adjudicated,Swing_offer_including_bunts,2-1,,,,,,,
count,2-2,observed,56727.0,0.2699690799795511,0.2649134880226947,0.2750246719364075,0.0,0.0,0.0,season-weighted final PA W per selected current decision; no summed PA policy gain,True,bcap_swing__mlb_2023__20260909__r01,BCAP-SWING-v0.1.0,swing,2023,COMPLETE,fixed_development_policy_external_crossfit_nuisance_OPE,Q/value/delta/gain: raw W; outcome MSE: W^2; probabilities/coverage: fraction; sample counts: explicit rows/PA/games,Take_adjudicated,Swing_offer_including_bunts,2-2,,,,,,,
count,2-2,always_0,56727.0,0.2308869978987349,0.225028890795157,0.2367451050023128,-0.0390820820808162,-0.0508922675012518,-0.0272718966603806,season-weighted final PA W per selected current decision; no summed PA policy gain,True,bcap_swing__mlb_2023__20260909__r01,BCAP-SWING-v0.1.0,swing,2023,COMPLETE,fixed_development_policy_external_crossfit_nuisance_OPE,Q/value/delta/gain: raw W; outcome MSE: W^2; probabilities/coverage: fraction; sample counts: explicit rows/PA/games,Take_adjudicated,Swing_offer_including_bunts,2-2,,,,,,,
count,2-2,always_1,56727.0,0.2106214251401594,0.2045424124176379,0.2167004378626809,-0.0593476548393917,-0.066145710026789,-0.0525495996519944,season-weighted final PA W per selected current decision; no summed PA policy gain,True,bcap_swing__mlb_2023__20260909__r01,BCAP-SWING-v0.1.0,swing,2023,COMPLETE,fixed_development_policy_external_crossfit_nuisance_OPE,Q/value/delta/gain: raw W; outcome MSE: W^2; probabilities/coverage: fraction; sample counts: explicit rows/PA/games,Take_adjudicated,Swing_offer_including_bunts,2-2,,,,,,,
count,2-2,learned,56727.0,0.3150984491525185,0.3095314898845432,0.3206654084204937,0.0451293691729673,0.0397220444916194,0.0505366938543151,season-weighted final PA W per selected current decision; no summed PA policy gain,True,bcap_swing__mlb_2023__20260909__r01,BCAP-SWING-v0.1.0,swing,2023,COMPLETE,fixed_development_policy_external_crossfit_nuisance_OPE,Q/value/delta/gain: raw W; outcome MSE: W^2; probabilities/coverage: fraction; sample counts: explicit rows/PA/games,Take_adjudicated,Swing_offer_including_bunts,2-2,,,,,,,
count,2-2,conservative,56727.0,0.2699690799795511,0.2649134880226947,0.2750246719364075,0.0,0.0,0.0,season-weighted final PA W per selected current decision; no summed PA policy gain,True,bcap_swing__mlb_2023__20260909__r01,BCAP-SWING-v0.1.0,swing,2023,COMPLETE,fixed_development_policy_external_crossfit_nuisance_OPE,Q/value/delta/gain: raw W; outcome MSE: W^2; probabilities/coverage: fraction; sample counts: explicit rows/PA/games,Take_adjudicated,Swing_offer_including_bunts,2-2,,,,,,,
count,2-2,stochastic_half,56727.0,0.2207542115194471,0.2162020528744177,0.2253063701644766,-0.049214868460104,-0.0542786931375622,-0.0441510437826458,season-weighted final PA W per selected current decision; no summed PA policy gain,True,bcap_swing__mlb_2023__20260909__r01,BCAP-SWING-v0.1.0,swing,2023,COMPLETE,fixed_development_policy_external_crossfit_nuisance_OPE,Q/value/delta/gain: raw W; outcome MSE: W^2; probabilities/coverage: fraction; sample counts: explicit rows/PA/games,Take_adjudicated,Swing_offer_including_bunts,2-2,,,,,,,
count,3-0,observed,6452.0,0.5350413825170489,0.5250322011397252,0.5450505638943727,0.0,0.0,0.0,season-weighted final PA W per selected current decision; no summed PA policy gain,True,bcap_swing__mlb_2023__20260909__r01,BCAP-SWING-v0.1.0,swing,2023,COMPLETE,fixed_development_policy_external_crossfit_nuisance_OPE,Q/value/delta/gain: raw W; outcome MSE: W^2; probabilities/coverage: fraction; sample counts: explicit rows/PA/games,Take_adjudicated,Swing_offer_including_bunts,3-0,,,,,,,
count,3-0,always_0,6452.0,0.5407031670666016,0.5304519935611559,0.5509543405720473,0.0056617845495526,-0.0045674180892466,0.0158909871883519,season-weighted final PA W per selected current decision; no summed PA policy gain,True,bcap_swing__mlb_2023__20260909__r01,BCAP-SWING-v0.1.0,swing,2023,COMPLETE,fixed_development_policy_external_crossfit_nuisance_OPE,Q/value/delta/gain: raw W; outcome MSE: W^2; probabilities/coverage: fraction; sample counts: explicit rows/PA/games,Take_adjudicated,Swing_offer_including_bunts,3-0,,,,,,,
count,3-0,always_1,6452.0,0.4361554277145035,0.3987374162753844,0.4735734391536226,-0.0988859548025454,-0.1721757903385355,-0.0255961192665552,season-weighted final PA W per selected current decision; no summed PA policy gain,True,bcap_swing__mlb_2023__20260909__r01,BCAP-SWING-v0.1.0,swing,2023,COMPLETE,fixed_development_policy_external_crossfit_nuisance_OPE,Q/value/delta/gain: raw W; outcome MSE: W^2; probabilities/coverage: fraction; sample counts: explicit rows/PA/games,Take_adjudicated,Swing_offer_including_bunts,3-0,,,,,,,
count,3-0,learned,6452.0,0.5637666940574032,0.5328533435879412,0.5946800445268652,0.0287253115403542,-0.0293498150120629,0.0868004380927713,season-weighted final PA W per selected current decision; no summed PA policy gain,True,bcap_swing__mlb_2023__20260909__r01,BCAP-SWING-v0.1.0,swing,2023,COMPLETE,fixed_development_policy_external_crossfit_nuisance_OPE,Q/value/delta/gain: raw W; outcome MSE: W^2; probabilities/coverage: fraction; sample counts: explicit rows/PA/games,Take_adjudicated,Swing_offer_including_bunts,3-0,,,,,,,
count,3-0,conservative,6452.0,0.5350413825170489,0.5250322011397252,0.5450505638943727,0.0,0.0,0.0,season-weighted final PA W per selected current decision; no summed PA policy gain,True,bcap_swing__mlb_2023__20260909__r01,BCAP-SWING-v0.1.0,swing,2023,COMPLETE,fixed_development_policy_external_crossfit_nuisance_OPE,Q/value/delta/gain: raw W; outcome MSE: W^2; probabilities/coverage: fraction; sample counts: explicit rows/PA/games,Take_adjudicated,Swing_offer_including_bunts,3-0,,,,,,,
count,3-0,stochastic_half,6452.0,0.4884292973905526,0.4690614147202204,0.5077971800608847,-0.0466120851264963,-0.0788086478865376,-0.014415522366455,season-weighted final PA W per selected current decision; no summed PA policy gain,True,bcap_swing__mlb_2023__20260909__r01,BCAP-SWING-v0.1.0,swing,2023,COMPLETE,fixed_development_policy_external_crossfit_nuisance_OPE,Q/value/delta/gain: raw W; outcome MSE: W^2; probabilities/coverage: fraction; sample counts: explicit rows/PA/games,Take_adjudicated,Swing_offer_including_bunts,3-0,,,,,,,
count,3-1,observed,15177.0,0.4715793635105751,0.4642310829159899,0.4789276441051603,0.0,0.0,0.0,season-weighted final PA W per selected current decision; no summed PA policy gain,True,bcap_swing__mlb_2023__20260909__r01,BCAP-SWING-v0.1.0,swing,2023,COMPLETE,fixed_development_policy_external_crossfit_nuisance_OPE,Q/value/delta/gain: raw W; outcome MSE: W^2; probabilities/coverage: fraction; sample counts: explicit rows/PA/games,Take_adjudicated,Swing_offer_including_bunts,3-1,,,,,,,
count,3-1,always_0,15177.0,0.4957358696069005,0.4820007518343926,0.5094709873794084,0.0241565060963253,-0.0027588324294952,0.0510718446221458,season-weighted final PA W per selected current decision; no summed PA policy gain,True,bcap_swing__mlb_2023__20260909__r01,BCAP-SWING-v0.1.0,swing,2023,COMPLETE,fixed_development_policy_external_crossfit_nuisance_OPE,Q/value/delta/gain: raw W; outcome MSE: W^2; probabilities/coverage: fraction; sample counts: explicit rows/PA/games,Take_adjudicated,Swing_offer_including_bunts,3-1,,,,,,,
count,3-1,always_1,15177.0,0.3753430216887116,0.362343244551197,0.3883427988262263,-0.0962363418218636,-0.1166606249049024,-0.0758120587388247,season-weighted final PA W per selected current decision; no summed PA policy gain,True,bcap_swing__mlb_2023__20260909__r01,BCAP-SWING-v0.1.0,swing,2023,COMPLETE,fixed_development_policy_external_crossfit_nuisance_OPE,Q/value/delta/gain: raw W; outcome MSE: W^2; probabilities/coverage: fraction; sample counts: explicit rows/PA/games,Take_adjudicated,Swing_offer_including_bunts,3-1,,,,,,,
count,3-1,learned,15177.0,0.5137482183455173,0.5046024314041434,0.5228940052868912,0.042168854834942,0.0289676211490753,0.0553700885208088,season-weighted final PA W per selected current decision; no summed PA policy gain,True,bcap_swing__mlb_2023__20260909__r01,BCAP-SWING-v0.1.0,swing,2023,COMPLETE,fixed_development_policy_external_crossfit_nuisance_OPE,Q/value/delta/gain: raw W; outcome MSE: W^2; probabilities/coverage: fraction; sample counts: explicit rows/PA/games,Take_adjudicated,Swing_offer_including_bunts,3-1,,,,,,,
count,3-1,conservative,15177.0,0.4715793635105751,0.4642310829159899,0.4789276441051603,0.0,0.0,0.0,season-weighted final PA W per selected current decision; no summed PA policy gain,True,bcap_swing__mlb_2023__20260909__r01,BCAP-SWING-v0.1.0,swing,2023,COMPLETE,fixed_development_policy_external_crossfit_nuisance_OPE,Q/value/delta/gain: raw W; outcome MSE: W^2; probabilities/coverage: fraction; sample counts: explicit rows/PA/games,Take_adjudicated,Swing_offer_including_bunts,3-1,,,,,,,
count,3-1,stochastic_half,15177.0,0.435539445647806,0.4261608328421211,0.444918058453491,-0.0360399178627691,-0.0487413367160743,-0.0233384990094639,season-weighted final PA W per selected current decision; no summed PA policy gain,True,bcap_swing__mlb_2023__20260909__r01,BCAP-SWING-v0.1.0,swing,2023,COMPLETE,fixed_development_policy_external_crossfit_nuisance_OPE,Q/value/delta/gain: raw W; outcome MSE: W^2; probabilities/coverage: fraction; sample counts: explicit rows/PA/games,Take_adjudicated,Swing_offer_including_bunts,3-1,,,,,,,
count,3-2,observed,34574.0,0.3762079597385318,0.3698662114161534,0.3825497080609102,0.0,0.0,0.0,season-weighted final PA W per selected current decision; no summed PA policy gain,True,bcap_swing__mlb_2023__20260909__r01,BCAP-SWING-v0.1.0,swing,2023,COMPLETE,fixed_development_policy_external_crossfit_nuisance_OPE,Q/value/delta/gain: raw W; outcome MSE: W^2; probabilities/coverage: fraction; sample counts: explicit rows/PA/games,Take_adjudicated,Swing_offer_including_bunts,3-2,,,,,,,
count,3-2,always_0,34574.0,0.3391816604333574,0.3310907394335302,0.3472725814331847,-0.0370262993051743,-0.0556520920561659,-0.0184005065541827,season-weighted final PA W per selected current decision; no summed PA policy gain,True,bcap_swing__mlb_2023__20260909__r01,BCAP-SWING-v0.1.0,swing,2023,COMPLETE,fixed_development_policy_external_crossfit_nuisance_OPE,Q/value/delta/gain: raw W; outcome MSE: W^2; probabilities/coverage: fraction; sample counts: explicit rows/PA/games,Take_adjudicated,Swing_offer_including_bunts,3-2,,,,,,,
count,3-2,always_1,34574.0,0.275734846486003,0.2677934845085952,0.2836762084634108,-0.1004731132525287,-0.108276626688176,-0.0926695998168814,season-weighted final PA W per selected current decision; no summed PA policy gain,True,bcap_swing__mlb_2023__20260909__r01,BCAP-SWING-v0.1.0,swing,2023,COMPLETE,fixed_development_policy_external_crossfit_nuisance_OPE,Q/value/delta/gain: raw W; outcome MSE: W^2; probabilities/coverage: fraction; sample counts: explicit rows/PA/games,Take_adjudicated,Swing_offer_including_bunts,3-2,,,,,,,
count,3-2,learned,34574.0,0.4620949613359594,0.4558810233143039,0.4683088993576149,0.0858870015974275,0.0797426015875202,0.0920314016073347,season-weighted final PA W per selected current decision; no summed PA policy gain,True,bcap_swing__mlb_2023__20260909__r01,BCAP-SWING-v0.1.0,swing,2023,COMPLETE,fixed_development_policy_external_crossfit_nuisance_OPE,Q/value/delta/gain: raw W; outcome MSE: W^2; probabilities/coverage: fraction; sample counts: explicit rows/PA/games,Take_adjudicated,Swing_offer_including_bunts,3-2,,,,,,,
count,3-2,conservative,34574.0,0.3762079597385318,0.3698662114161534,0.3825497080609102,0.0,0.0,0.0,season-weighted final PA W per selected current decision; no summed PA policy gain,True,bcap_swing__mlb_2023__20260909__r01,BCAP-SWING-v0.1.0,swing,2023,COMPLETE,fixed_development_policy_external_crossfit_nuisance_OPE,Q/value/delta/gain: raw W; outcome MSE: W^2; probabilities/coverage: fraction; sample counts: explicit rows/PA/games,Take_adjudicated,Swing_offer_including_bunts,3-2,,,,,,,
count,3-2,stochastic_half,34574.0,0.3074582534596802,0.3016749634826954,0.3132415434366651,-0.0687497062788515,-0.0768142109561392,-0.0606852016015639,season-weighted final PA W per selected current decision; no summed PA policy gain,True,bcap_swing__mlb_2023__20260909__r01,BCAP-SWING-v0.1.0,swing,2023,COMPLETE,fixed_development_policy_external_crossfit_nuisance_OPE,Q/value/delta/gain: raw W; outcome MSE: W^2; probabilities/coverage: fraction; sample counts: explicit rows/PA/games,Take_adjudicated,Swing_offer_including_bunts,3-2,,,,,,,
cell,0-0|BOUNDARY|FB,observed,29034.0,0.2946865743610939,0.2888627550055704,0.3005103937166174,0.0,0.0,0.0,season-weighted final PA W per selected current decision; no summed PA policy gain,True,bcap_swing__mlb_2023__20260909__r01,BCAP-SWING-v0.1.0,swing,2023,COMPLETE,fixed_development_policy_external_crossfit_nuisance_OPE,Q/value/delta/gain: raw W; outcome MSE: W^2; probabilities/coverage: fraction; sample counts: explicit rows/PA/games,Take_adjudicated,Swing_offer_including_bunts,0-0,BOUNDARY,FB,,,,,
cell,0-0|BOUNDARY|FB,always_0,29034.0,0.2887892658944805,0.282014233634429,0.295564298154532,-0.0058973084666132,-0.0149703779207633,0.0031757609875367,season-weighted final PA W per selected current decision; no summed PA policy gain,True,bcap_swing__mlb_2023__20260909__r01,BCAP-SWING-v0.1.0,swing,2023,COMPLETE,fixed_development_policy_external_crossfit_nuisance_OPE,Q/value/delta/gain: raw W; outcome MSE: W^2; probabilities/coverage: fraction; sample counts: explicit rows/PA/games,Take_adjudicated,Swing_offer_including_bunts,0-0,BOUNDARY,FB,,,,,
cell,0-0|BOUNDARY|FB,always_1,29034.0,0.3041830955876519,0.2929268862224809,0.3154393049528229,0.009496521226558,-0.0098928097841034,0.0288858522372196,season-weighted final PA W per selected current decision; no summed PA policy gain,True,bcap_swing__mlb_2023__20260909__r01,BCAP-SWING-v0.1.0,swing,2023,COMPLETE,fixed_development_policy_external_crossfit_nuisance_OPE,Q/value/delta/gain: raw W; outcome MSE: W^2; probabilities/coverage: fraction; sample counts: explicit rows/PA/games,Take_adjudicated,Swing_offer_including_bunts,0-0,BOUNDARY,FB,,,,,
cell,0-0|BOUNDARY|FB,learned,29034.0,0.3041830955876519,0.2929268862224809,0.3154393049528229,0.009496521226558,-0.0098928097841034,0.0288858522372196,season-weighted final PA W per selected current decision; no summed PA policy gain,True,bcap_swing__mlb_2023__20260909__r01,BCAP-SWING-v0.1.0,swing,2023,COMPLETE,fixed_development_policy_external_crossfit_nuisance_OPE,Q/value/delta/gain: raw W; outcome MSE: W^2; probabilities/coverage: fraction; sample counts: explicit rows/PA/games,Take_adjudicated,Swing_offer_including_bunts,0-0,BOUNDARY,FB,,,,,
cell,0-0|BOUNDARY|FB,conservative,29034.0,0.2946865743610939,0.2888627550055704,0.3005103937166174,0.0,0.0,0.0,season-weighted final PA W per selected current decision; no summed PA policy gain,True,bcap_swing__mlb_2023__20260909__r01,BCAP-SWING-v0.1.0,swing,2023,COMPLETE,fixed_development_policy_external_crossfit_nuisance_OPE,Q/value/delta/gain: raw W; outcome MSE: W^2; probabilities/coverage: fraction; sample counts: explicit rows/PA/games,Take_adjudicated,Swing_offer_including_bunts,0-0,BOUNDARY,FB,,,,,
cell,0-0|BOUNDARY|FB,stochastic_half,29034.0,0.2964861807410662,0.289924413127796,0.3030479483543364,0.0017996063799724,-0.0040538081469213,0.0076530209068662,season-weighted final PA W per selected current decision; no summed PA policy gain,True,bcap_swing__mlb_2023__20260909__r01,BCAP-SWING-v0.1.0,swing,2023,COMPLETE,fixed_development_policy_external_crossfit_nuisance_OPE,Q/value/delta/gain: raw W; outcome MSE: W^2; probabilities/coverage: fraction; sample counts: explicit rows/PA/games,Take_adjudicated,Swing_offer_including_bunts,0-0,BOUNDARY,FB,,,,,
cell,0-0|BOUNDARY|NFB,observed,17503.0,0.29122019082443,0.2838001869807688,0.2986401946680913,0.0,0.0,0.0,season-weighted final PA W per selected current decision; no summed PA policy gain,True,bcap_swing__mlb_2023__20260909__r01,BCAP-SWING-v0.1.0,swing,2023,COMPLETE,fixed_development_policy_external_crossfit_nuisance_OPE,Q/value/delta/gain: raw W; outcome MSE: W^2; probabilities/coverage: fraction; sample counts: explicit rows/PA/games,Take_adjudicated,Swing_offer_including_bunts,0-0,BOUNDARY,NFB,,,,,
cell,0-0|BOUNDARY|NFB,always_0,17503.0,0.2908049733511237,0.2821073516843338,0.2995025950179137,-0.0004152174733063,-0.0122472391829332,0.0114168042363206,season-weighted final PA W per selected current decision; no summed PA policy gain,True,bcap_swing__mlb_2023__20260909__r01,BCAP-SWING-v0.1.0,swing,2023,COMPLETE,fixed_development_policy_external_crossfit_nuisance_OPE,Q/value/delta/gain: raw W; outcome MSE: W^2; probabilities/coverage: fraction; sample counts: explicit rows/PA/games,Take_adjudicated,Swing_offer_including_bunts,0-0,BOUNDARY,NFB,,,,,
cell,0-0|BOUNDARY|NFB,always_1,17503.0,0.2895009104624658,0.2745812159160796,0.304420605008852,-0.0017192803619642,-0.027252417307236,0.0238138565833074,season-weighted final PA W per selected current decision; no summed PA policy gain,True,bcap_swing__mlb_2023__20260909__r01,BCAP-SWING-v0.1.0,swing,2023,COMPLETE,fixed_development_policy_external_crossfit_nuisance_OPE,Q/value/delta/gain: raw W; outcome MSE: W^2; probabilities/coverage: fraction; sample counts: explicit rows/PA/games,Take_adjudicated,Swing_offer_including_bunts,0-0,BOUNDARY,NFB,,,,,
cell,0-0|BOUNDARY|NFB,learned,17503.0,0.2908049733511237,0.2821073516843338,0.2995025950179137,-0.0004152174733063,-0.0122472391829332,0.0114168042363206,season-weighted final PA W per selected current decision; no summed PA policy gain,True,bcap_swing__mlb_2023__20260909__r01,BCAP-SWING-v0.1.0,swing,2023,COMPLETE,fixed_development_policy_external_crossfit_nuisance_OPE,Q/value/delta/gain: raw W; outcome MSE: W^2; probabilities/coverage: fraction; sample counts: explicit rows/PA/games,Take_adjudicated,Swing_offer_including_bunts,0-0,BOUNDARY,NFB,,,,,
cell,0-0|BOUNDARY|NFB,conservative,17503.0,0.29122019082443,0.2838001869807688,0.2986401946680913,0.0,0.0,0.0,season-weighted final PA W per selected current decision; no summed PA policy gain,True,bcap_swing__mlb_2023__20260909__r01,BCAP-SWING-v0.1.0,swing,2023,COMPLETE,fixed_development_policy_external_crossfit_nuisance_OPE,Q/value/delta/gain: raw W; outcome MSE: W^2; probabilities/coverage: fraction; sample counts: explicit rows/PA/games,Take_adjudicated,Swing_offer_including_bunts,0-0,BOUNDARY,NFB,,,,,
cell,0-0|BOUNDARY|NFB,stochastic_half,17503.0,0.2901529419067948,0.2815084960663184,0.2987973877472712,-0.0010672489176352,-0.0088596179036986,0.006725120068428,season-weighted final PA W per selected current decision; no summed PA policy gain,True,bcap_swing__mlb_2023__20260909__r01,BCAP-SWING-v0.1.0,swing,2023,COMPLETE,fixed_development_policy_external_crossfit_nuisance_OPE,Q/value/delta/gain: raw W; outcome MSE: W^2; probabilities/coverage: fraction; sample counts: explicit rows/PA/games,Take_adjudicated,Swing_offer_including_bunts,0-0,BOUNDARY,NFB,,,,,
cell,0-0|INNER|FB,observed,35548.0,0.3034914763137166,0.2980776285804948,0.3089053240469384,0.0,0.0,0.0,season-weighted final PA W per selected current decision; no summed PA policy gain,True,bcap_swing__mlb_2023__20260909__r01,BCAP-SWING-v0.1.0,swing,2023,COMPLETE,fixed_development_policy_external_crossfit_nuisance_OPE,Q/value/delta/gain: raw W; outcome MSE: W^2; probabilities/coverage: fraction; sample counts: explicit rows/PA/games,Take_adjudicated,Swing_offer_including_bunts,0-0,INNER,FB,,,,,
cell,0-0|INNER|FB,always_0,35548.0,0.2706291589911724,0.2633376507014038,0.277920667280941,-0.0328623173225441,-0.0451256184486982,-0.02059901619639,season-weighted final PA W per selected current decision; no summed PA policy gain,True,bcap_swing__mlb_2023__20260909__r01,BCAP-SWING-v0.1.0,swing,2023,COMPLETE,fixed_development_policy_external_crossfit_nuisance_OPE,Q/value/delta/gain: raw W; outcome MSE: W^2; probabilities/coverage: fraction; sample counts: explicit rows/PA/games,Take_adjudicated,Swing_offer_including_bunts,0-0,INNER,FB,,,,,
cell,0-0|INNER|FB,always_1,35548.0,0.3339720602685792,0.3258719093252352,0.3420722112119231,0.0304805839548625,0.0191499095915779,0.0418112583181471,season-weighted final PA W per selected current decision; no summed PA policy gain,True,bcap_swing__mlb_2023__20260909__r01,BCAP-SWING-v0.1.0,swing,2023,COMPLETE,fixed_development_policy_external_crossfit_nuisance_OPE,Q/value/delta/gain: raw W; outcome MSE: W^2; probabilities/coverage: fraction; sample counts: explicit rows/PA/games,Take_adjudicated,Swing_offer_including_bunts,0-0,INNER,FB,,,,,
cell,0-0|INNER|FB,learned,35548.0,0.3339720602685792,0.3258719093252352,0.3420722112119231,0.0304805839548625,0.0191499095915779,0.0418112583181471,season-weighted final PA W per selected current decision; no summed PA policy gain,True,bcap_swing__mlb_2023__20260909__r01,BCAP-SWING-v0.1.0,swing,2023,COMPLETE,fixed_development_policy_external_crossfit_nuisance_OPE,Q/value/delta/gain: raw W; outcome MSE: W^2; probabilities/coverage: fraction; sample counts: explicit rows/PA/games,Take_adjudicated,Swing_offer_including_bunts,0-0,INNER,FB,,,,,
cell,0-0|INNER|FB,conservative,35548.0,0.3034914763137166,0.2980776285804948,0.3089053240469384,0.0,0.0,0.0,season-weighted final PA W per selected current decision; no summed PA policy gain,True,bcap_swing__mlb_2023__20260909__r01,BCAP-SWING-v0.1.0,swing,2023,COMPLETE,fixed_development_policy_external_crossfit_nuisance_OPE,Q/value/delta/gain: raw W; outcome MSE: W^2; probabilities/coverage: fraction; sample counts: explicit rows/PA/games,Take_adjudicated,Swing_offer_including_bunts,0-0,INNER,FB,,,,,
cell,0-0|INNER|FB,stochastic_half,35548.0,0.3023006096298758,0.2968348376364684,0.3077663816232832,-0.0011908666838408,-0.0037181232951958,0.0013363899275142,season-weighted final PA W per selected current decision; no summed PA policy gain,True,bcap_swing__mlb_2023__20260909__r01,BCAP-SWING-v0.1.0,swing,2023,COMPLETE,fixed_development_policy_external_crossfit_nuisance_OPE,Q/value/delta/gain: raw W; outcome MSE: W^2; probabilities/coverage: fraction; sample counts: explicit rows/PA/games,Take_adjudicated,Swing_offer_including_bunts,0-0,INNER,FB,,,,,
cell,0-0|INNER|NFB,observed,20130.0,0.3023445106805762,0.2948565489025172,0.3098324724586352,0.0,0.0,0.0,season-weighted final PA W per selected current decision; no summed PA policy gain,True,bcap_swing__mlb_2023__20260909__r01,BCAP-SWING-v0.1.0,swing,2023,COMPLETE,fixed_development_policy_external_crossfit_nuisance_OPE,Q/value/delta/gain: raw W; outcome MSE: W^2; probabilities/coverage: fraction; sample counts: explicit rows/PA/games,Take_adjudicated,Swing_offer_including_bunts,0-0,INNER,NFB,,,,,
cell,0-0|INNER|NFB,always_0,20130.0,0.2707483466293038,0.2613217704628745,0.2801749227957332,-0.0315961640512723,-0.0459623214631806,-0.017230006639364,season-weighted final PA W per selected current decision; no summed PA policy gain,True,bcap_swing__mlb_2023__20260909__r01,BCAP-SWING-v0.1.0,swing,2023,COMPLETE,fixed_development_policy_external_crossfit_nuisance_OPE,Q/value/delta/gain: raw W; outcome MSE: W^2; probabilities/coverage: fraction; sample counts: explicit rows/PA/games,Take_adjudicated,Swing_offer_including_bunts,0-0,INNER,NFB,,,,,
cell,0-0|INNER|NFB,always_1,20130.0,0.3369843054494242,0.3249697085462823,0.3489989023525661,0.0346397947688479,0.0163084138921915,0.0529711756455043,season-weighted final PA W per selected current decision; no summed PA policy gain,True,bcap_swing__mlb_2023__20260909__r01,BCAP-SWING-v0.1.0,swing,2023,COMPLETE,fixed_development_policy_external_crossfit_nuisance_OPE,Q/value/delta/gain: raw W; outcome MSE: W^2; probabilities/coverage: fraction; sample counts: explicit rows/PA/games,Take_adjudicated,Swing_offer_including_bunts,0-0,INNER,NFB,,,,,
cell,0-0|INNER|NFB,learned,20130.0,0.3369843054494242,0.3249697085462823,0.3489989023525661,0.0346397947688479,0.0163084138921915,0.0529711756455043,season-weighted final PA W per selected current decision; no summed PA policy gain,True,bcap_swing__mlb_2023__20260909__r01,BCAP-SWING-v0.1.0,swing,2023,COMPLETE,fixed_development_policy_external_crossfit_nuisance_OPE,Q/value/delta/gain: raw W; outcome MSE: W^2; probabilities/coverage: fraction; sample counts: explicit rows/PA/games,Take_adjudicated,Swing_offer_including_bunts,0-0,INNER,NFB,,,,,
cell,0-0|INNER|NFB,conservative,20130.0,0.3023445106805762,0.2948565489025172,0.3098324724586352,0.0,0.0,0.0,season-weighted final PA W per selected current decision; no summed PA policy gain,True,bcap_swing__mlb_2023__20260909__r01,BCAP-SWING-v0.1.0,swing,2023,COMPLETE,fixed_development_policy_external_crossfit_nuisance_OPE,Q/value/delta/gain: raw W; outcome MSE: W^2; probabilities/coverage: fraction; sample counts: explicit rows/PA/games,Take_adjudicated,Swing_offer_including_bunts,0-0,INNER,NFB,,,,,
cell,0-0|INNER|NFB,stochastic_half,20130.0,0.3038663260393641,0.296112730299911,0.3116199217788171,0.0015218153587878,-0.0025609804512319,0.0056046111688075,season-weighted final PA W per selected current decision; no summed PA policy gain,True,bcap_swing__mlb_2023__20260909__r01,BCAP-SWING-v0.1.0,swing,2023,COMPLETE,fixed_development_policy_external_crossfit_nuisance_OPE,Q/value/delta/gain: raw W; outcome MSE: W^2; probabilities/coverage: fraction; sample counts: explicit rows/PA/games,Take_adjudicated,Swing_offer_including_bunts,0-0,INNER,NFB,,,,,
cell,0-0|OUT|FB,observed,38051.0,0.3341248587422143,0.3290400775779858,0.3392096399064429,0.0,0.0,0.0,season-weighted final PA W per selected current decision; no summed PA policy gain,True,bcap_swing__mlb_2023__20260909__r01,BCAP-SWING-v0.1.0,swing,2023,COMPLETE,fixed_development_policy_external_crossfit_nuisance_OPE,Q/value/delta/gain: raw W; outcome MSE: W^2; probabilities/coverage: fraction; sample counts: explicit rows/PA/games,Take_adjudicated,Swing_offer_including_bunts,0-0,OUT,FB,,,,,
cell,0-0|OUT|FB,always_0,38051.0,0.3446876098990702,0.3390742658507488,0.3503009539473917,0.0105627511568558,0.0058897888519063,0.0152357134618054,season-weighted final PA W per selected current decision; no summed PA policy gain,True,bcap_swing__mlb_2023__20260909__r01,BCAP-SWING-v0.1.0,swing,2023,COMPLETE,fixed_development_policy_external_crossfit_nuisance_OPE,Q/value/delta/gain: raw W; outcome MSE: W^2; probabilities/coverage: fraction; sample counts: explicit rows/PA/games,Take_adjudicated,Swing_offer_including_bunts,0-0,OUT,FB,,,,,
cell,0-0|OUT|FB,always_1,38051.0,0.2578127762316629,0.2457892967067222,0.2698362557566036,-0.0763120825105514,-0.1004617632928649,-0.0521624017282379,season-weighted final PA W per selected current decision; no summed PA policy gain,True,bcap_swing__mlb_2023__20260909__r01,BCAP-SWING-v0.1.0,swing,2023,COMPLETE,fixed_development_policy_external_crossfit_nuisance_OPE,Q/value/delta/gain: raw W; outcome MSE: W^2; probabilities/coverage: fraction; sample counts: explicit rows/PA/games,Take_adjudicated,Swing_offer_including_bunts,0-0,OUT,FB,,,,,
cell,0-0|OUT|FB,learned,38051.0,0.3446876098990702,0.3390742658507488,0.3503009539473917,0.0105627511568558,0.0058897888519063,0.0152357134618054,season-weighted final PA W per selected current decision; no summed PA policy gain,True,bcap_swing__mlb_2023__20260909__r01,BCAP-SWING-v0.1.0,swing,2023,COMPLETE,fixed_development_policy_external_crossfit_nuisance_OPE,Q/value/delta/gain: raw W; outcome MSE: W^2; probabilities/coverage: fraction; sample counts: explicit rows/PA/games,Take_adjudicated,Swing_offer_including_bunts,0-0,OUT,FB,,,,,
cell,0-0|OUT|FB,conservative,38051.0,0.3341248587422143,0.3290400775779858,0.3392096399064429,0.0,0.0,0.0,season-weighted final PA W per selected current decision; no summed PA policy gain,True,bcap_swing__mlb_2023__20260909__r01,BCAP-SWING-v0.1.0,swing,2023,COMPLETE,fixed_development_policy_external_crossfit_nuisance_OPE,Q/value/delta/gain: raw W; outcome MSE: W^2; probabilities/coverage: fraction; sample counts: explicit rows/PA/games,Take_adjudicated,Swing_offer_including_bunts,0-0,OUT,FB,,,,,
cell,0-0|OUT|FB,stochastic_half,38051.0,0.3012501930653666,0.2946244271385982,0.3078759589921351,-0.0328746656768477,-0.0430547898488986,-0.0226945415047969,season-weighted final PA W per selected current decision; no summed PA policy gain,True,bcap_swing__mlb_2023__20260909__r01,BCAP-SWING-v0.1.0,swing,2023,COMPLETE,fixed_development_policy_external_crossfit_nuisance_OPE,Q/value/delta/gain: raw W; outcome MSE: W^2; probabilities/coverage: fraction; sample counts: explicit rows/PA/games,Take_adjudicated,Swing_offer_including_bunts,0-0,OUT,FB,,,,,
cell,0-0|OUT|NFB,observed,30172.0,0.3425971761898448,0.3364830179110043,0.3487113344686854,0.0,0.0,0.0,season-weighted final PA W per selected current decision; no summed PA policy gain,True,bcap_swing__mlb_2023__20260909__r01,BCAP-SWING-v0.1.0,swing,2023,COMPLETE,fixed_development_policy_external_crossfit_nuisance_OPE,Q/value/delta/gain: raw W; outcome MSE: W^2; probabilities/coverage: fraction; sample counts: explicit rows/PA/games,Take_adjudicated,Swing_offer_including_bunts,0-0,OUT,NFB,,,,,
cell,0-0|OUT|NFB,always_0,30172.0,0.3598923174009752,0.352924223278011,0.3668604115239394,0.0172951412111303,0.011166183892951,0.0234240985293096,season-weighted final PA W per selected current decision; no summed PA policy gain,True,bcap_swing__mlb_2023__20260909__r01,BCAP-SWING-v0.1.0,swing,2023,COMPLETE,fixed_development_policy_external_crossfit_nuisance_OPE,Q/value/delta/gain: raw W; outcome MSE: W^2; probabilities/coverage: fraction; sample counts: explicit rows/PA/games,Take_adjudicated,Swing_offer_including_bunts,0-0,OUT,NFB,,,,,
cell,0-0|OUT|NFB,always_1,30172.0,0.2706796557872354,0.2561521829780606,0.2852071285964103,-0.0719175204026094,-0.100864054571515,-0.0429709862337038,season-weighted final PA W per selected current decision; no summed PA policy gain,True,bcap_swing__mlb_2023__20260909__r01,BCAP-SWING-v0.1.0,swing,2023,COMPLETE,fixed_development_policy_external_crossfit_nuisance_OPE,Q/value/delta/gain: raw W; outcome MSE: W^2; probabilities/coverage: fraction; sample counts: explicit rows/PA/games,Take_adjudicated,Swing_offer_including_bunts,0-0,OUT,NFB,,,,,
cell,0-0|OUT|NFB,learned,30172.0,0.3598923174009752,0.352924223278011,0.3668604115239394,0.0172951412111303,0.011166183892951,0.0234240985293096,season-weighted final PA W per selected current decision; no summed PA policy gain,True,bcap_swing__mlb_2023__20260909__r01,BCAP-SWING-v0.1.0,swing,2023,COMPLETE,fixed_development_policy_external_crossfit_nuisance_OPE,Q/value/delta/gain: raw W; outcome MSE: W^2; probabilities/coverage: fraction; sample counts: explicit rows/PA/games,Take_adjudicated,Swing_offer_including_bunts,0-0,OUT,NFB,,,,,
cell,0-0|OUT|NFB,conservative,30172.0,0.3425971761898448,0.3364830179110043,0.3487113344686854,0.0,0.0,0.0,season-weighted final PA W per selected current decision; no summed PA policy gain,True,bcap_swing__mlb_2023__20260909__r01,BCAP-SWING-v0.1.0,swing,2023,COMPLETE,fixed_development_policy_external_crossfit_nuisance_OPE,Q/value/delta/gain: raw W; outcome MSE: W^2; probabilities/coverage: fraction; sample counts: explicit rows/PA/games,Take_adjudicated,Swing_offer_including_bunts,0-0,OUT,NFB,,,,,
cell,0-0|OUT|NFB,stochastic_half,30172.0,0.3152859865941054,0.3071582413557098,0.323413731832501,-0.0273111895957395,-0.0395791753088076,-0.0150432038826714,season-weighted final PA W per selected current decision; no summed PA policy gain,True,bcap_swing__mlb_2023__20260909__r01,BCAP-SWING-v0.1.0,swing,2023,COMPLETE,fixed_development_policy_external_crossfit_nuisance_OPE,Q/value/delta/gain: raw W; outcome MSE: W^2; probabilities/coverage: fraction; sample counts: explicit rows/PA/games,Take_adjudicated,Swing_offer_including_bunts,0-0,OUT,NFB,,,,,
cell,0-1|BOUNDARY|FB,observed,11913.0,0.2461893729539159,0.2375453267716627,0.254833419136169,0.0,0.0,0.0,season-weighted final PA W per selected current decision; no summed PA policy gain,True,bcap_swing__mlb_2023__20260909__r01,BCAP-SWING-v0.1.0,swing,2023,COMPLETE,fixed_development_policy_external_crossfit_nuisance_OPE,Q/value/delta/gain: raw W; outcome MSE: W^2; probabilities/coverage: fraction; sample counts: explicit rows/PA/games,Take_adjudicated,Swing_offer_including_bunts,0-1,BOUNDARY,FB,,,,,
cell,0-1|BOUNDARY|FB,always_0,11913.0,0.2393060693888821,0.2241212670551449,0.2544908717226193,-0.0068833035650337,-0.0333990270867373,0.0196324199566699,season-weighted final PA W per selected current decision; no summed PA policy gain,True,bcap_swing__mlb_2023__20260909__r01,BCAP-SWING-v0.1.0,swing,2023,COMPLETE,fixed_development_policy_external_crossfit_nuisance_OPE,Q/value/delta/gain: raw W; outcome MSE: W^2; probabilities/coverage: fraction; sample counts: explicit rows/PA/games,Take_adjudicated,Swing_offer_including_bunts,0-1,BOUNDARY,FB,,,,,
cell,0-1|BOUNDARY|FB,always_1,11913.0,0.2484156021126538,0.2379663408869906,0.2588648633383171,0.0022262291587379,-0.0108072134522435,0.0152596717697194,season-weighted final PA W per selected current decision; no summed PA policy gain,True,bcap_swing__mlb_2023__20260909__r01,BCAP-SWING-v0.1.0,swing,2023,COMPLETE,fixed_development_policy_external_crossfit_nuisance_OPE,Q/value/delta/gain: raw W; outcome MSE: W^2; probabilities/coverage: fraction; sample counts: explicit rows/PA/games,Take_adjudicated,Swing_offer_including_bunts,0-1,BOUNDARY,FB,,,,,
cell,0-1|BOUNDARY|FB,learned,11913.0,0.2393060693888821,0.2241212670551449,0.2544908717226193,-0.0068833035650337,-0.0333990270867373,0.0196324199566699,season-weighted final PA W per selected current decision; no summed PA policy gain,True,bcap_swing__mlb_2023__20260909__r01,BCAP-SWING-v0.1.0,swing,2023,COMPLETE,fixed_development_policy_external_crossfit_nuisance_OPE,Q/value/delta/gain: raw W; outcome MSE: W^2; probabilities/coverage: fraction; sample counts: explicit rows/PA/games,Take_adjudicated,Swing_offer_including_bunts,0-1,BOUNDARY,FB,,,,,
cell,0-1|BOUNDARY|FB,conservative,11913.0,0.2461893729539159,0.2375453267716627,0.254833419136169,0.0,0.0,0.0,season-weighted final PA W per selected current decision; no summed PA policy gain,True,bcap_swing__mlb_2023__20260909__r01,BCAP-SWING-v0.1.0,swing,2023,COMPLETE,fixed_development_policy_external_crossfit_nuisance_OPE,Q/value/delta/gain: raw W; outcome MSE: W^2; probabilities/coverage: fraction; sample counts: explicit rows/PA/games,Take_adjudicated,Swing_offer_including_bunts,0-1,BOUNDARY,FB,,,,,
cell,0-1|BOUNDARY|FB,stochastic_half,11913.0,0.243860835750768,0.2345579114404424,0.2531637600610936,-0.0023285372031478,-0.0101338359788791,0.0054767615725833,season-weighted final PA W per selected current decision; no summed PA policy gain,True,bcap_swing__mlb_2023__20260909__r01,BCAP-SWING-v0.1.0,swing,2023,COMPLETE,fixed_development_policy_external_crossfit_nuisance_OPE,Q/value/delta/gain: raw W; outcome MSE: W^2; probabilities/coverage: fraction; sample counts: explicit rows/PA/games,Take_adjudicated,Swing_offer_including_bunts,0-1,BOUNDARY,FB,,,,,
cell,0-1|BOUNDARY|NFB,observed,9825.0,0.2536348091603053,0.2439958271787621,0.2632737911418485,0.0,0.0,0.0,season-weighted final PA W per selected current decision; no summed PA policy gain,True,bcap_swing__mlb_2023__20260909__r01,BCAP-SWING-v0.1.0,swing,2023,COMPLETE,fixed_development_policy_external_crossfit_nuisance_OPE,Q/value/delta/gain: raw W; outcome MSE: W^2; probabilities/coverage: fraction; sample counts: explicit rows/PA/games,Take_adjudicated,Swing_offer_including_bunts,0-1,BOUNDARY,NFB,,,,,
cell,0-1|BOUNDARY|NFB,always_0,9825.0,0.2488021335340752,0.229307045477329,0.2682972215908215,-0.00483267562623,-0.0398911178783917,0.0302257666259316,season-weighted final PA W per selected current decision; no summed PA policy gain,True,bcap_swing__mlb_2023__20260909__r01,BCAP-SWING-v0.1.0,swing,2023,COMPLETE,fixed_development_policy_external_crossfit_nuisance_OPE,Q/value/delta/gain: raw W; outcome MSE: W^2; probabilities/coverage: fraction; sample counts: explicit rows/PA/games,Take_adjudicated,Swing_offer_including_bunts,0-1,BOUNDARY,NFB,,,,,
cell,0-1|BOUNDARY|NFB,always_1,9825.0,0.2519487750755789,0.2407933061590233,0.2631042439921345,-0.0016860340847264,-0.0154712766159354,0.0120992084464824,season-weighted final PA W per selected current decision; no summed PA policy gain,True,bcap_swing__mlb_2023__20260909__r01,BCAP-SWING-v0.1.0,swing,2023,COMPLETE,fixed_development_policy_external_crossfit_nuisance_OPE,Q/value/delta/gain: raw W; outcome MSE: W^2; probabilities/coverage: fraction; sample counts: explicit rows/PA/games,Take_adjudicated,Swing_offer_including_bunts,0-1,BOUNDARY,NFB,,,,,
cell,0-1|BOUNDARY|NFB,learned,9825.0,0.2519487750755789,0.2407933061590233,0.2631042439921345,-0.0016860340847264,-0.0154712766159354,0.0120992084464824,season-weighted final PA W per selected current decision; no summed PA policy gain,True,bcap_swing__mlb_2023__20260909__r01,BCAP-SWING-v0.1.0,swing,2023,COMPLETE,fixed_development_policy_external_crossfit_nuisance_OPE,Q/value/delta/gain: raw W; outcome MSE: W^2; probabilities/coverage: fraction; sample counts: explicit rows/PA/games,Take_adjudicated,Swing_offer_including_bunts,0-1,BOUNDARY,NFB,,,,,
cell,0-1|BOUNDARY|NFB,conservative,9825.0,0.2536348091603053,0.2439958271787621,0.2632737911418485,0.0,0.0,0.0,season-weighted final PA W per selected current decision; no summed PA policy gain,True,bcap_swing__mlb_2023__20260909__r01,BCAP-SWING-v0.1.0,swing,2023,COMPLETE,fixed_development_policy_external_crossfit_nuisance_OPE,Q/value/delta/gain: raw W; outcome MSE: W^2; probabilities/coverage: fraction; sample counts: explicit rows/PA/games,Take_adjudicated,Swing_offer_including_bunts,0-1,BOUNDARY,NFB,,,,,
cell,0-1|BOUNDARY|NFB,stochastic_half,9825.0,0.2503754543048271,0.2392119740655233,0.2615389345441309,-0.0032593548554782,-0.0148530660119647,0.0083343563010081,season-weighted final PA W per selected current decision; no summed PA policy gain,True,bcap_swing__mlb_2023__20260909__r01,BCAP-SWING-v0.1.0,swing,2023,COMPLETE,fixed_development_policy_external_crossfit_nuisance_OPE,Q/value/delta/gain: raw W; outcome MSE: W^2; probabilities/coverage: fraction; sample counts: explicit rows/PA/games,Take_adjudicated,Swing_offer_including_bunts,0-1,BOUNDARY,NFB,,,,,
cell,0-1|INNER|FB,observed,13047.0,0.263595309266498,0.2551460628095521,0.272044555723444,0.0,0.0,0.0,season-weighted final PA W per selected current decision; no summed PA policy gain,True,bcap_swing__mlb_2023__20260909__r01,BCAP-SWING-v0.1.0,swing,2023,COMPLETE,fixed_development_policy_external_crossfit_nuisance_OPE,Q/value/delta/gain: raw W; outcome MSE: W^2; probabilities/coverage: fraction; sample counts: explicit rows/PA/games,Take_adjudicated,Swing_offer_including_bunts,0-1,INNER,FB,,,,,
cell,0-1|INNER|FB,always_0,13047.0,0.1958730537652118,0.1756625037838364,0.2160836037465872,-0.0677222555012862,-0.1081860013432711,-0.0272585096593013,season-weighted final PA W per selected current decision; no summed PA policy gain,True,bcap_swing__mlb_2023__20260909__r01,BCAP-SWING-v0.1.0,swing,2023,COMPLETE,fixed_development_policy_external_crossfit_nuisance_OPE,Q/value/delta/gain: raw W; outcome MSE: W^2; probabilities/coverage: fraction; sample counts: explicit rows/PA/games,Take_adjudicated,Swing_offer_including_bunts,0-1,INNER,FB,,,,,
cell,0-1|INNER|FB,always_1,13047.0,0.2798508825558266,0.2704265545861899,0.2892752105254633,0.0162555732893286,0.0085540799283705,0.0239570666502866,season-weighted final PA W per selected current decision; no summed PA policy gain,True,bcap_swing__mlb_2023__20260909__r01,BCAP-SWING-v0.1.0,swing,2023,COMPLETE,fixed_development_policy_external_crossfit_nuisance_OPE,Q/value/delta/gain: raw W; outcome MSE: W^2; probabilities/coverage: fraction; sample counts: explicit rows/PA/games,Take_adjudicated,Swing_offer_including_bunts,0-1,INNER,FB,,,,,
cell,0-1|INNER|FB,learned,13047.0,0.2798508825558266,0.2704265545861899,0.2892752105254633,0.0162555732893286,0.0085540799283705,0.0239570666502866,season-weighted final PA W per selected current decision; no summed PA policy gain,True,bcap_swing__mlb_2023__20260909__r01,BCAP-SWING-v0.1.0,swing,2023,COMPLETE,fixed_development_policy_external_crossfit_nuisance_OPE,Q/value/delta/gain: raw W; outcome MSE: W^2; probabilities/coverage: fraction; sample counts: explicit rows/PA/games,Take_adjudicated,Swing_offer_including_bunts,0-1,INNER,FB,,,,,
cell,0-1|INNER|FB,conservative,13047.0,0.263595309266498,0.2551460628095521,0.272044555723444,0.0,0.0,0.0,season-weighted final PA W per selected current decision; no summed PA policy gain,True,bcap_swing__mlb_2023__20260909__r01,BCAP-SWING-v0.1.0,swing,2023,COMPLETE,fixed_development_policy_external_crossfit_nuisance_OPE,Q/value/delta/gain: raw W; outcome MSE: W^2; probabilities/coverage: fraction; sample counts: explicit rows/PA/games,Take_adjudicated,Swing_offer_including_bunts,0-1,INNER,FB,,,,,
cell,0-1|INNER|FB,stochastic_half,13047.0,0.2378619681605192,0.2267745558407319,0.2489493804803065,-0.0257333411059788,-0.0425208738102425,-0.008945808401715,season-weighted final PA W per selected current decision; no summed PA policy gain,True,bcap_swing__mlb_2023__20260909__r01,BCAP-SWING-v0.1.0,swing,2023,COMPLETE,fixed_development_policy_external_crossfit_nuisance_OPE,Q/value/delta/gain: raw W; outcome MSE: W^2; probabilities/coverage: fraction; sample counts: explicit rows/PA/games,Take_adjudicated,Swing_offer_including_bunts,0-1,INNER,FB,,,,,
cell,0-1|INNER|NFB,observed,9421.0,0.2810838552170683,0.2702618349035271,0.2919058755306095,0.0,0.0,0.0,season-weighted final PA W per selected current decision; no summed PA policy gain,True,bcap_swing__mlb_2023__20260909__r01,BCAP-SWING-v0.1.0,swing,2023,COMPLETE,fixed_development_policy_external_crossfit_nuisance_OPE,Q/value/delta/gain: raw W; outcome MSE: W^2; probabilities/coverage: fraction; sample counts: explicit rows/PA/games,Take_adjudicated,Swing_offer_including_bunts,0-1,INNER,NFB,,,,,
cell,0-1|INNER|NFB,always_0,9421.0,0.217696210852417,0.1900115326307243,0.2453808890741098,-0.0633876443646512,-0.1185329137765306,-0.0082423749527717,season-weighted final PA W per selected current decision; no summed PA policy gain,True,bcap_swing__mlb_2023__20260909__r01,BCAP-SWING-v0.1.0,swing,2023,COMPLETE,fixed_development_policy_external_crossfit_nuisance_OPE,Q/value/delta/gain: raw W; outcome MSE: W^2; probabilities/coverage: fraction; sample counts: explicit rows/PA/games,Take_adjudicated,Swing_offer_including_bunts,0-1,INNER,NFB,,,,,
cell,0-1|INNER|NFB,always_1,9421.0,0.295300233649671,0.2834555401041782,0.3071449271951639,0.0142163784326027,0.0048315297531372,0.0236012271120683,season-weighted final PA W per selected current decision; no summed PA policy gain,True,bcap_swing__mlb_2023__20260909__r01,BCAP-SWING-v0.1.0,swing,2023,COMPLETE,fixed_development_policy_external_crossfit_nuisance_OPE,Q/value/delta/gain: raw W; outcome MSE: W^2; probabilities/coverage: fraction; sample counts: explicit rows/PA/games,Take_adjudicated,Swing_offer_including_bunts,0-1,INNER,NFB,,,,,
cell,0-1|INNER|NFB,learned,9421.0,0.295300233649671,0.2834555401041782,0.3071449271951639,0.0142163784326027,0.0048315297531372,0.0236012271120683,season-weighted final PA W per selected current decision; no summed PA policy gain,True,bcap_swing__mlb_2023__20260909__r01,BCAP-SWING-v0.1.0,swing,2023,COMPLETE,fixed_development_policy_external_crossfit_nuisance_OPE,Q/value/delta/gain: raw W; outcome MSE: W^2; probabilities/coverage: fraction; sample counts: explicit rows/PA/games,Take_adjudicated,Swing_offer_including_bunts,0-1,INNER,NFB,,,,,
cell,0-1|INNER|NFB,conservative,9421.0,0.2810838552170683,0.2702618349035271,0.2919058755306095,0.0,0.0,0.0,season-weighted final PA W per selected current decision; no summed PA policy gain,True,bcap_swing__mlb_2023__20260909__r01,BCAP-SWING-v0.1.0,swing,2023,COMPLETE,fixed_development_policy_external_crossfit_nuisance_OPE,Q/value/delta/gain: raw W; outcome MSE: W^2; probabilities/coverage: fraction; sample counts: explicit rows/PA/games,Take_adjudicated,Swing_offer_including_bunts,0-1,INNER,NFB,,,,,
cell,0-1|INNER|NFB,stochastic_half,9421.0,0.256498222251044,0.2414011480219182,0.2715952964801698,-0.0245856329660242,-0.0480070020919358,-0.0011642638401125,season-weighted final PA W per selected current decision; no summed PA policy gain,True,bcap_swing__mlb_2023__20260909__r01,BCAP-SWING-v0.1.0,swing,2023,COMPLETE,fixed_development_policy_external_crossfit_nuisance_OPE,Q/value/delta/gain: raw W; outcome MSE: W^2; probabilities/coverage: fraction; sample counts: explicit rows/PA/games,Take_adjudicated,Swing_offer_including_bunts,0-1,INNER,NFB,,,,,
cell,0-1|OUT|FB,observed,20477.0,0.2799230356009181,0.2733501481823382,0.2864959230194979,0.0,0.0,0.0,season-weighted final PA W per selected current decision; no summed PA policy gain,True,bcap_swing__mlb_2023__20260909__r01,BCAP-SWING-v0.1.0,swing,2023,COMPLETE,fixed_development_policy_external_crossfit_nuisance_OPE,Q/value/delta/gain: raw W; outcome MSE: W^2; probabilities/coverage: fraction; sample counts: explicit rows/PA/games,Take_adjudicated,Swing_offer_including_bunts,0-1,OUT,FB,,,,,
cell,0-1|OUT|FB,always_0,20477.0,0.2991775416698649,0.2915431691411789,0.306811914198551,0.0192545060689468,0.0115424744831246,0.026966537654769,season-weighted final PA W per selected current decision; no summed PA policy gain,True,bcap_swing__mlb_2023__20260909__r01,BCAP-SWING-v0.1.0,swing,2023,COMPLETE,fixed_development_policy_external_crossfit_nuisance_OPE,Q/value/delta/gain: raw W; outcome MSE: W^2; probabilities/coverage: fraction; sample counts: explicit rows/PA/games,Take_adjudicated,Swing_offer_including_bunts,0-1,OUT,FB,,,,,
cell,0-1|OUT|FB,always_1,20477.0,0.205895492736487,0.193430181065539,0.2183608044074351,-0.074027542864431,-0.0992770541230953,-0.0487780316057666,season-weighted final PA W per selected current decision; no summed PA policy gain,True,bcap_swing__mlb_2023__20260909__r01,BCAP-SWING-v0.1.0,swing,2023,COMPLETE,fixed_development_policy_external_crossfit_nuisance_OPE,Q/value/delta/gain: raw W; outcome MSE: W^2; probabilities/coverage: fraction; sample counts: explicit rows/PA/games,Take_adjudicated,Swing_offer_including_bunts,0-1,OUT,FB,,,,,
cell,0-1|OUT|FB,learned,20477.0,0.2991775416698649,0.2915431691411789,0.306811914198551,0.0192545060689468,0.0115424744831246,0.026966537654769,season-weighted final PA W per selected current decision; no summed PA policy gain,True,bcap_swing__mlb_2023__20260909__r01,BCAP-SWING-v0.1.0,swing,2023,COMPLETE,fixed_development_policy_external_crossfit_nuisance_OPE,Q/value/delta/gain: raw W; outcome MSE: W^2; probabilities/coverage: fraction; sample counts: explicit rows/PA/games,Take_adjudicated,Swing_offer_including_bunts,0-1,OUT,FB,,,,,
cell,0-1|OUT|FB,conservative,20477.0,0.2799230356009181,0.2733501481823382,0.2864959230194979,0.0,0.0,0.0,season-weighted final PA W per selected current decision; no summed PA policy gain,True,bcap_swing__mlb_2023__20260909__r01,BCAP-SWING-v0.1.0,swing,2023,COMPLETE,fixed_development_policy_external_crossfit_nuisance_OPE,Q/value/delta/gain: raw W; outcome MSE: W^2; probabilities/coverage: fraction; sample counts: explicit rows/PA/games,Take_adjudicated,Swing_offer_including_bunts,0-1,OUT,FB,,,,,
cell,0-1|OUT|FB,stochastic_half,20477.0,0.252536517203176,0.2453487947587186,0.2597242396476334,-0.027386518397742,-0.0373813180583749,-0.0173917187371092,season-weighted final PA W per selected current decision; no summed PA policy gain,True,bcap_swing__mlb_2023__20260909__r01,BCAP-SWING-v0.1.0,swing,2023,COMPLETE,fixed_development_policy_external_crossfit_nuisance_OPE,Q/value/delta/gain: raw W; outcome MSE: W^2; probabilities/coverage: fraction; sample counts: explicit rows/PA/games,Take_adjudicated,Swing_offer_including_bunts,0-1,OUT,FB,,,,,
cell,0-1|OUT|NFB,observed,24816.0,0.2720566166989039,0.2660269443012067,0.278086289096601,0.0,0.0,0.0,season-weighted final PA W per selected current decision; no summed PA policy gain,True,bcap_swing__mlb_2023__20260909__r01,BCAP-SWING-v0.1.0,swing,2023,COMPLETE,fixed_development_policy_external_crossfit_nuisance_OPE,Q/value/delta/gain: raw W; outcome MSE: W^2; probabilities/coverage: fraction; sample counts: explicit rows/PA/games,Take_adjudicated,Swing_offer_including_bunts,0-1,OUT,NFB,,,,,
cell,0-1|OUT|NFB,always_0,24816.0,0.2977632979909778,0.2903764400424746,0.305150155939481,0.0257066812920739,0.0173525429571306,0.0340608196270171,season-weighted final PA W per selected current decision; no summed PA policy gain,True,bcap_swing__mlb_2023__20260909__r01,BCAP-SWING-v0.1.0,swing,2023,COMPLETE,fixed_development_policy_external_crossfit_nuisance_OPE,Q/value/delta/gain: raw W; outcome MSE: W^2; probabilities/coverage: fraction; sample counts: explicit rows/PA/games,Take_adjudicated,Swing_offer_including_bunts,0-1,OUT,NFB,,,,,
cell,0-1|OUT|NFB,always_1,24816.0,0.2062947041860666,0.1945842253728432,0.21800518299929,-0.0657619125128373,-0.0885192791950134,-0.0430045458306612,season-weighted final PA W per selected current decision; no summed PA policy gain,True,bcap_swing__mlb_2023__20260909__r01,BCAP-SWING-v0.1.0,swing,2023,COMPLETE,fixed_development_policy_external_crossfit_nuisance_OPE,Q/value/delta/gain: raw W; outcome MSE: W^2; probabilities/coverage: fraction; sample counts: explicit rows/PA/games,Take_adjudicated,Swing_offer_including_bunts,0-1,OUT,NFB,,,,,
cell,0-1|OUT|NFB,learned,24816.0,0.2977632979909778,0.2903764400424746,0.305150155939481,0.0257066812920739,0.0173525429571306,0.0340608196270171,season-weighted final PA W per selected current decision; no summed PA policy gain,True,bcap_swing__mlb_2023__20260909__r01,BCAP-SWING-v0.1.0,swing,2023,COMPLETE,fixed_development_policy_external_crossfit_nuisance_OPE,Q/value/delta/gain: raw W; outcome MSE: W^2; probabilities/coverage: fraction; sample counts: explicit rows/PA/games,Take_adjudicated,Swing_offer_including_bunts,0-1,OUT,NFB,,,,,
cell,0-1|OUT|NFB,conservative,24816.0,0.2720566166989039,0.2660269443012067,0.278086289096601,0.0,0.0,0.0,season-weighted final PA W per selected current decision; no summed PA policy gain,True,bcap_swing__mlb_2023__20260909__r01,BCAP-SWING-v0.1.0,swing,2023,COMPLETE,fixed_development_policy_external_crossfit_nuisance_OPE,Q/value/delta/gain: raw W; outcome MSE: W^2; probabilities/coverage: fraction; sample counts: explicit rows/PA/games,Take_adjudicated,Swing_offer_including_bunts,0-1,OUT,NFB,,,,,
cell,0-1|OUT|NFB,stochastic_half,24816.0,0.2520290010885222,0.245096229724697,0.2589617724523474,-0.0200276156103817,-0.0288879264956766,-0.0111673047250867,season-weighted final PA W per selected current decision; no summed PA policy gain,True,bcap_swing__mlb_2023__20260909__r01,BCAP-SWING-v0.1.0,swing,2023,COMPLETE,fixed_development_policy_external_crossfit_nuisance_OPE,Q/value/delta/gain: raw W; outcome MSE: W^2; probabilities/coverage: fraction; sample counts: explicit rows/PA/games,Take_adjudicated,Swing_offer_including_bunts,0-1,OUT,NFB,,,,,
cell,0-2|BOUNDARY|FB,observed,4685.0,0.190125506937033,0.1769227911761729,0.2033282226978931,0.0,0.0,0.0,season-weighted final PA W per selected current decision; no summed PA policy gain,True,bcap_swing__mlb_2023__20260909__r01,BCAP-SWING-v0.1.0,swing,2023,COMPLETE,fixed_development_policy_external_crossfit_nuisance_OPE,Q/value/delta/gain: raw W; outcome MSE: W^2; probabilities/coverage: fraction; sample counts: explicit rows/PA/games,Take_adjudicated,Swing_offer_including_bunts,0-2,BOUNDARY,FB,,,,,
cell,0-2|BOUNDARY|FB,always_0,4685.0,0.0991675189292373,0.0744461903294306,0.1238888475290439,-0.0909579880077957,-0.139651345471512,-0.0422646305440795,season-weighted final PA W per selected current decision; no summed PA policy gain,True,bcap_swing__mlb_2023__20260909__r01,BCAP-SWING-v0.1.0,swing,2023,COMPLETE,fixed_development_policy_external_crossfit_nuisance_OPE,Q/value/delta/gain: raw W; outcome MSE: W^2; probabilities/coverage: fraction; sample counts: explicit rows/PA/games,Take_adjudicated,Swing_offer_including_bunts,0-2,BOUNDARY,FB,,,,,
cell,0-2|BOUNDARY|FB,always_1,4685.0,0.2145192215616608,0.1996562843817835,0.2293821587415382,0.0243937146246277,0.0117454123426998,0.0370420169065557,season-weighted final PA W per selected current decision; no summed PA policy gain,True,bcap_swing__mlb_2023__20260909__r01,BCAP-SWING-v0.1.0,swing,2023,COMPLETE,fixed_development_policy_external_crossfit_nuisance_OPE,Q/value/delta/gain: raw W; outcome MSE: W^2; probabilities/coverage: fraction; sample counts: explicit rows/PA/games,Take_adjudicated,Swing_offer_including_bunts,0-2,BOUNDARY,FB,,,,,
cell,0-2|BOUNDARY|FB,learned,4685.0,0.2145192215616608,0.1996562843817835,0.2293821587415382,0.0243937146246277,0.0117454123426998,0.0370420169065557,season-weighted final PA W per selected current decision; no summed PA policy gain,True,bcap_swing__mlb_2023__20260909__r01,BCAP-SWING-v0.1.0,swing,2023,COMPLETE,fixed_development_policy_external_crossfit_nuisance_OPE,Q/value/delta/gain: raw W; outcome MSE: W^2; probabilities/coverage: fraction; sample counts: explicit rows/PA/games,Take_adjudicated,Swing_offer_including_bunts,0-2,BOUNDARY,FB,,,,,
cell,0-2|BOUNDARY|FB,conservative,4685.0,0.190125506937033,0.1769227911761729,0.2033282226978931,0.0,0.0,0.0,season-weighted final PA W per selected current decision; no summed PA policy gain,True,bcap_swing__mlb_2023__20260909__r01,BCAP-SWING-v0.1.0,swing,2023,COMPLETE,fixed_development_policy_external_crossfit_nuisance_OPE,Q/value/delta/gain: raw W; outcome MSE: W^2; probabilities/coverage: fraction; sample counts: explicit rows/PA/games,Take_adjudicated,Swing_offer_including_bunts,0-2,BOUNDARY,FB,,,,,
cell,0-2|BOUNDARY|FB,stochastic_half,4685.0,0.1568433702454491,0.1422340915900144,0.1714526489008837,-0.0332821366915839,-0.0520444478510813,-0.0145198255320866,season-weighted final PA W per selected current decision; no summed PA policy gain,True,bcap_swing__mlb_2023__20260909__r01,BCAP-SWING-v0.1.0,swing,2023,COMPLETE,fixed_development_policy_external_crossfit_nuisance_OPE,Q/value/delta/gain: raw W; outcome MSE: W^2; probabilities/coverage: fraction; sample counts: explicit rows/PA/games,Take_adjudicated,Swing_offer_including_bunts,0-2,BOUNDARY,FB,,,,,
cell,0-2|BOUNDARY|NFB,observed,4111.0,0.2064847968864023,0.1923034697198385,0.2206661240529661,0.0,0.0,0.0,season-weighted final PA W per selected current decision; no summed PA policy gain,True,bcap_swing__mlb_2023__20260909__r01,BCAP-SWING-v0.1.0,swing,2023,COMPLETE,fixed_development_policy_external_crossfit_nuisance_OPE,Q/value/delta/gain: raw W; outcome MSE: W^2; probabilities/coverage: fraction; sample counts: explicit rows/PA/games,Take_adjudicated,Swing_offer_including_bunts,0-2,BOUNDARY,NFB,,,,,
cell,0-2|BOUNDARY|NFB,always_0,4111.0,0.0860727098475701,0.0567504507286874,0.1153949689664528,-0.1204120870388321,-0.1822719852825517,-0.0585521887951126,season-weighted final PA W per selected current decision; no summed PA policy gain,True,bcap_swing__mlb_2023__20260909__r01,BCAP-SWING-v0.1.0,swing,2023,COMPLETE,fixed_development_policy_external_crossfit_nuisance_OPE,Q/value/delta/gain: raw W; outcome MSE: W^2; probabilities/coverage: fraction; sample counts: explicit rows/PA/games,Take_adjudicated,Swing_offer_including_bunts,0-2,BOUNDARY,NFB,,,,,
cell,0-2|BOUNDARY|NFB,always_1,4111.0,0.222363561413009,0.2067455362890923,0.2379815865369257,0.0158787645266067,0.0062706362002042,0.0254868928530091,season-weighted final PA W per selected current decision; no summed PA policy gain,True,bcap_swing__mlb_2023__20260909__r01,BCAP-SWING-v0.1.0,swing,2023,COMPLETE,fixed_development_policy_external_crossfit_nuisance_OPE,Q/value/delta/gain: raw W; outcome MSE: W^2; probabilities/coverage: fraction; sample counts: explicit rows/PA/games,Take_adjudicated,Swing_offer_including_bunts,0-2,BOUNDARY,NFB,,,,,
cell,0-2|BOUNDARY|NFB,learned,4111.0,0.222363561413009,0.2067455362890923,0.2379815865369257,0.0158787645266067,0.0062706362002042,0.0254868928530091,season-weighted final PA W per selected current decision; no summed PA policy gain,True,bcap_swing__mlb_2023__20260909__r01,BCAP-SWING-v0.1.0,swing,2023,COMPLETE,fixed_development_policy_external_crossfit_nuisance_OPE,Q/value/delta/gain: raw W; outcome MSE: W^2; probabilities/coverage: fraction; sample counts: explicit rows/PA/games,Take_adjudicated,Swing_offer_including_bunts,0-2,BOUNDARY,NFB,,,,,
cell,0-2|BOUNDARY|NFB,conservative,4111.0,0.2064847968864023,0.1923034697198385,0.2206661240529661,0.0,0.0,0.0,season-weighted final PA W per selected current decision; no summed PA policy gain,True,bcap_swing__mlb_2023__20260909__r01,BCAP-SWING-v0.1.0,swing,2023,COMPLETE,fixed_development_policy_external_crossfit_nuisance_OPE,Q/value/delta/gain: raw W; outcome MSE: W^2; probabilities/coverage: fraction; sample counts: explicit rows/PA/games,Take_adjudicated,Swing_offer_including_bunts,0-2,BOUNDARY,NFB,,,,,
cell,0-2|BOUNDARY|NFB,stochastic_half,4111.0,0.1542181356302896,0.1376285699909518,0.1708077012696274,-0.0522666612561127,-0.0789505794393117,-0.0255827430729136,season-weighted final PA W per selected current decision; no summed PA policy gain,True,bcap_swing__mlb_2023__20260909__r01,BCAP-SWING-v0.1.0,swing,2023,COMPLETE,fixed_development_policy_external_crossfit_nuisance_OPE,Q/value/delta/gain: raw W; outcome MSE: W^2; probabilities/coverage: fraction; sample counts: explicit rows/PA/games,Take_adjudicated,Swing_offer_including_bunts,0-2,BOUNDARY,NFB,,,,,
cell,0-2|INNER|FB,observed,4378.0,0.2325004568296025,0.217822843754693,0.247178069904512,0.0,0.0,0.0,season-weighted final PA W per selected current decision; no summed PA policy gain,True,bcap_swing__mlb_2023__20260909__r01,BCAP-SWING-v0.1.0,swing,2023,COMPLETE,fixed_development_policy_external_crossfit_nuisance_OPE,Q/value/delta/gain: raw W; outcome MSE: W^2; probabilities/coverage: fraction; sample counts: explicit rows/PA/games,Take_adjudicated,Swing_offer_including_bunts,0-2,INNER,FB,,,,,
cell,0-2|INNER|FB,always_0,4378.0,0.0193427954466047,0.0074750410073428,0.0312105498858666,-0.2131576613829978,-0.2503551163056067,-0.1759602064603889,season-weighted final PA W per selected current decision; no summed PA policy gain,True,bcap_swing__mlb_2023__20260909__r01,BCAP-SWING-v0.1.0,swing,2023,COMPLETE,fixed_development_policy_external_crossfit_nuisance_OPE,Q/value/delta/gain: raw W; outcome MSE: W^2; probabilities/coverage: fraction; sample counts: explicit rows/PA/games,Take_adjudicated,Swing_offer_including_bunts,0-2,INNER,FB,,,,,
cell,0-2|INNER|FB,always_1,4378.0,0.258563579964354,0.2422590375877448,0.2748681223409631,0.0260631231347514,0.0193907699210229,0.0327354763484798,season-weighted final PA W per selected current decision; no summed PA policy gain,True,bcap_swing__mlb_2023__20260909__r01,BCAP-SWING-v0.1.0,swing,2023,COMPLETE,fixed_development_policy_external_crossfit_nuisance_OPE,Q/value/delta/gain: raw W; outcome MSE: W^2; probabilities/coverage: fraction; sample counts: explicit rows/PA/games,Take_adjudicated,Swing_offer_including_bunts,0-2,INNER,FB,,,,,
cell,0-2|INNER|FB,learned,4378.0,0.258563579964354,0.2422590375877448,0.2748681223409631,0.0260631231347514,0.0193907699210229,0.0327354763484798,season-weighted final PA W per selected current decision; no summed PA policy gain,True,bcap_swing__mlb_2023__20260909__r01,BCAP-SWING-v0.1.0,swing,2023,COMPLETE,fixed_development_policy_external_crossfit_nuisance_OPE,Q/value/delta/gain: raw W; outcome MSE: W^2; probabilities/coverage: fraction; sample counts: explicit rows/PA/games,Take_adjudicated,Swing_offer_including_bunts,0-2,INNER,FB,,,,,
cell,0-2|INNER|FB,conservative,4378.0,0.2325004568296025,0.217822843754693,0.247178069904512,0.0,0.0,0.0,season-weighted final PA W per selected current decision; no summed PA policy gain,True,bcap_swing__mlb_2023__20260909__r01,BCAP-SWING-v0.1.0,swing,2023,COMPLETE,fixed_development_policy_external_crossfit_nuisance_OPE,Q/value/delta/gain: raw W; outcome MSE: W^2; probabilities/coverage: fraction; sample counts: explicit rows/PA/games,Take_adjudicated,Swing_offer_including_bunts,0-2,INNER,FB,,,,,
cell,0-2|INNER|FB,stochastic_half,4378.0,0.1389531877054793,0.128956485937164,0.1489498894737946,-0.0935472691241232,-0.1092894845107101,-0.0778050537375362,season-weighted final PA W per selected current decision; no summed PA policy gain,True,bcap_swing__mlb_2023__20260909__r01,BCAP-SWING-v0.1.0,swing,2023,COMPLETE,fixed_development_policy_external_crossfit_nuisance_OPE,Q/value/delta/gain: raw W; outcome MSE: W^2; probabilities/coverage: fraction; sample counts: explicit rows/PA/games,Take_adjudicated,Swing_offer_including_bunts,0-2,INNER,FB,,,,,
cell,0-2|INNER|NFB,observed,3244.0,0.2576069667077681,0.2394240886717178,0.2757898447438185,0.0,0.0,0.0,season-weighted final PA W per selected current decision; no summed PA policy gain,True,bcap_swing__mlb_2023__20260909__r01,BCAP-SWING-v0.1.0,swing,2023,COMPLETE,fixed_development_policy_external_crossfit_nuisance_OPE,Q/value/delta/gain: raw W; outcome MSE: W^2; probabilities/coverage: fraction; sample counts: explicit rows/PA/games,Take_adjudicated,Swing_offer_including_bunts,0-2,INNER,NFB,,,,,
cell,0-2|INNER|NFB,always_0,3244.0,0.0512110326182889,0.0358782179609448,0.0665438472756331,-0.2063959340894792,-0.2537368258285745,-0.1590550423503839,season-weighted final PA W per selected current decision; no summed PA policy gain,True,bcap_swing__mlb_2023__20260909__r01,BCAP-SWING-v0.1.0,swing,2023,COMPLETE,fixed_development_policy_external_crossfit_nuisance_OPE,Q/value/delta/gain: raw W; outcome MSE: W^2; probabilities/coverage: fraction; sample counts: explicit rows/PA/games,Take_adjudicated,Swing_offer_including_bunts,0-2,INNER,NFB,,,,,
cell,0-2|INNER|NFB,always_1,3244.0,0.273532468835343,0.2536867930509533,0.2933781446197328,0.0159255021275748,0.0095389026775259,0.0223121015776237,season-weighted final PA W per selected current decision; no summed PA policy gain,True,bcap_swing__mlb_2023__20260909__r01,BCAP-SWING-v0.1.0,swing,2023,COMPLETE,fixed_development_policy_external_crossfit_nuisance_OPE,Q/value/delta/gain: raw W; outcome MSE: W^2; probabilities/coverage: fraction; sample counts: explicit rows/PA/games,Take_adjudicated,Swing_offer_including_bunts,0-2,INNER,NFB,,,,,
cell,0-2|INNER|NFB,learned,3244.0,0.273532468835343,0.2536867930509533,0.2933781446197328,0.0159255021275748,0.0095389026775259,0.0223121015776237,season-weighted final PA W per selected current decision; no summed PA policy gain,True,bcap_swing__mlb_2023__20260909__r01,BCAP-SWING-v0.1.0,swing,2023,COMPLETE,fixed_development_policy_external_crossfit_nuisance_OPE,Q/value/delta/gain: raw W; outcome MSE: W^2; probabilities/coverage: fraction; sample counts: explicit rows/PA/games,Take_adjudicated,Swing_offer_including_bunts,0-2,INNER,NFB,,,,,
cell,0-2|INNER|NFB,conservative,3244.0,0.2576069667077681,0.2394240886717178,0.2757898447438185,0.0,0.0,0.0,season-weighted final PA W per selected current decision; no summed PA policy gain,True,bcap_swing__mlb_2023__20260909__r01,BCAP-SWING-v0.1.0,swing,2023,COMPLETE,fixed_development_policy_external_crossfit_nuisance_OPE,Q/value/delta/gain: raw W; outcome MSE: W^2; probabilities/coverage: fraction; sample counts: explicit rows/PA/games,Take_adjudicated,Swing_offer_including_bunts,0-2,INNER,NFB,,,,,
cell,0-2|INNER|NFB,stochastic_half,3244.0,0.1623717507268159,0.1498113175991163,0.1749321838545156,-0.0952352159809521,-0.1160672118455589,-0.0744032201163454,season-weighted final PA W per selected current decision; no summed PA policy gain,True,bcap_swing__mlb_2023__20260909__r01,BCAP-SWING-v0.1.0,swing,2023,COMPLETE,fixed_development_policy_external_crossfit_nuisance_OPE,Q/value/delta/gain: raw W; outcome MSE: W^2; probabilities/coverage: fraction; sample counts: explicit rows/PA/games,Take_adjudicated,Swing_offer_including_bunts,0-2,INNER,NFB,,,,,
cell,0-2|OUT|FB,observed,11923.0,0.2080057032626016,0.199700837935019,0.2163105685901842,0.0,0.0,0.0,season-weighted final PA W per selected current decision; no summed PA policy gain,True,bcap_swing__mlb_2023__20260909__r01,BCAP-SWING-v0.1.0,swing,2023,COMPLETE,fixed_development_policy_external_crossfit_nuisance_OPE,Q/value/delta/gain: raw W; outcome MSE: W^2; probabilities/coverage: fraction; sample counts: explicit rows/PA/games,Take_adjudicated,Swing_offer_including_bunts,0-2,OUT,FB,,,,,
cell,0-2|OUT|FB,always_0,11923.0,0.2309931412300563,0.2213881018741396,0.2405981805859729,0.0229874379674546,0.0123268611880978,0.0336480147468114,season-weighted final PA W per selected current decision; no summed PA policy gain,True,bcap_swing__mlb_2023__20260909__r01,BCAP-SWING-v0.1.0,swing,2023,COMPLETE,fixed_development_policy_external_crossfit_nuisance_OPE,Q/value/delta/gain: raw W; outcome MSE: W^2; probabilities/coverage: fraction; sample counts: explicit rows/PA/games,Take_adjudicated,Swing_offer_including_bunts,0-2,OUT,FB,,,,,
cell,0-2|OUT|FB,always_1,11923.0,0.1385753202423982,0.1267369104088055,0.150413730075991,-0.0694303830202034,-0.0914176949034233,-0.0474430711369834,season-weighted final PA W per selected current decision; no summed PA policy gain,True,bcap_swing__mlb_2023__20260909__r01,BCAP-SWING-v0.1.0,swing,2023,COMPLETE,fixed_development_policy_external_crossfit_nuisance_OPE,Q/value/delta/gain: raw W; outcome MSE: W^2; probabilities/coverage: fraction; sample counts: explicit rows/PA/games,Take_adjudicated,Swing_offer_including_bunts,0-2,OUT,FB,,,,,
cell,0-2|OUT|FB,learned,11923.0,0.2309931412300563,0.2213881018741396,0.2405981805859729,0.0229874379674546,0.0123268611880978,0.0336480147468114,season-weighted final PA W per selected current decision; no summed PA policy gain,True,bcap_swing__mlb_2023__20260909__r01,BCAP-SWING-v0.1.0,swing,2023,COMPLETE,fixed_development_policy_external_crossfit_nuisance_OPE,Q/value/delta/gain: raw W; outcome MSE: W^2; probabilities/coverage: fraction; sample counts: explicit rows/PA/games,Take_adjudicated,Swing_offer_including_bunts,0-2,OUT,FB,,,,,
cell,0-2|OUT|FB,conservative,11923.0,0.2080057032626016,0.199700837935019,0.2163105685901842,0.0,0.0,0.0,season-weighted final PA W per selected current decision; no summed PA policy gain,True,bcap_swing__mlb_2023__20260909__r01,BCAP-SWING-v0.1.0,swing,2023,COMPLETE,fixed_development_policy_external_crossfit_nuisance_OPE,Q/value/delta/gain: raw W; outcome MSE: W^2; probabilities/coverage: fraction; sample counts: explicit rows/PA/games,Take_adjudicated,Swing_offer_including_bunts,0-2,OUT,FB,,,,,
cell,0-2|OUT|FB,stochastic_half,11923.0,0.1847842307362273,0.1768475146913988,0.1927209467810559,-0.0232214725263743,-0.0308867692642968,-0.0155561757884518,season-weighted final PA W per selected current decision; no summed PA policy gain,True,bcap_swing__mlb_2023__20260909__r01,BCAP-SWING-v0.1.0,swing,2023,COMPLETE,fixed_development_policy_external_crossfit_nuisance_OPE,Q/value/delta/gain: raw W; outcome MSE: W^2; probabilities/coverage: fraction; sample counts: explicit rows/PA/games,Take_adjudicated,Swing_offer_including_bunts,0-2,OUT,FB,,,,,
cell,0-2|OUT|NFB,observed,18119.0,0.185863954964402,0.1793760716945281,0.1923518382342758,0.0,0.0,0.0,season-weighted final PA W per selected current decision; no summed PA policy gain,True,bcap_swing__mlb_2023__20260909__r01,BCAP-SWING-v0.1.0,swing,2023,COMPLETE,fixed_development_policy_external_crossfit_nuisance_OPE,Q/value/delta/gain: raw W; outcome MSE: W^2; probabilities/coverage: fraction; sample counts: explicit rows/PA/games,Take_adjudicated,Swing_offer_including_bunts,0-2,OUT,NFB,,,,,
cell,0-2|OUT|NFB,always_0,18119.0,0.217494324103184,0.2092102867051459,0.225778361501222,0.0316303691387819,0.0214812321843958,0.0417795060931681,season-weighted final PA W per selected current decision; no summed PA policy gain,True,bcap_swing__mlb_2023__20260909__r01,BCAP-SWING-v0.1.0,swing,2023,COMPLETE,fixed_development_policy_external_crossfit_nuisance_OPE,Q/value/delta/gain: raw W; outcome MSE: W^2; probabilities/coverage: fraction; sample counts: explicit rows/PA/games,Take_adjudicated,Swing_offer_including_bunts,0-2,OUT,NFB,,,,,
cell,0-2|OUT|NFB,always_1,18119.0,0.0976803431438452,0.0902750390503388,0.1050856472373516,-0.0881836118205567,-0.102176926981916,-0.0741902966591975,season-weighted final PA W per selected current decision; no summed PA policy gain,True,bcap_swing__mlb_2023__20260909__r01,BCAP-SWING-v0.1.0,swing,2023,COMPLETE,fixed_development_policy_external_crossfit_nuisance_OPE,Q/value/delta/gain: raw W; outcome MSE: W^2; probabilities/coverage: fraction; sample counts: explicit rows/PA/games,Take_adjudicated,Swing_offer_including_bunts,0-2,OUT,NFB,,,,,
cell,0-2|OUT|NFB,learned,18119.0,0.217494324103184,0.2092102867051459,0.225778361501222,0.0316303691387819,0.0214812321843958,0.0417795060931681,season-weighted final PA W per selected current decision; no summed PA policy gain,True,bcap_swing__mlb_2023__20260909__r01,BCAP-SWING-v0.1.0,swing,2023,COMPLETE,fixed_development_policy_external_crossfit_nuisance_OPE,Q/value/delta/gain: raw W; outcome MSE: W^2; probabilities/coverage: fraction; sample counts: explicit rows/PA/games,Take_adjudicated,Swing_offer_including_bunts,0-2,OUT,NFB,,,,,
cell,0-2|OUT|NFB,conservative,18119.0,0.185863954964402,0.1793760716945281,0.1923518382342758,0.0,0.0,0.0,season-weighted final PA W per selected current decision; no summed PA policy gain,True,bcap_swing__mlb_2023__20260909__r01,BCAP-SWING-v0.1.0,swing,2023,COMPLETE,fixed_development_policy_external_crossfit_nuisance_OPE,Q/value/delta/gain: raw W; outcome MSE: W^2; probabilities/coverage: fraction; sample counts: explicit rows/PA/games,Take_adjudicated,Swing_offer_including_bunts,0-2,OUT,NFB,,,,,
cell,0-2|OUT|NFB,stochastic_half,18119.0,0.1575873336235146,0.151808745235345,0.1633659220116841,-0.0282766213408873,-0.0329352532866648,-0.0236179893951099,season-weighted final PA W per selected current decision; no summed PA policy gain,True,bcap_swing__mlb_2023__20260909__r01,BCAP-SWING-v0.1.0,swing,2023,COMPLETE,fixed_development_policy_external_crossfit_nuisance_OPE,Q/value/delta/gain: raw W; outcome MSE: W^2; probabilities/coverage: fraction; sample counts: explicit rows/PA/games,Take_adjudicated,Swing_offer_including_bunts,0-2,OUT,NFB,,,,,
cell,1-0|BOUNDARY|FB,observed,11167.0,0.3268440046565773,0.3171244310611102,0.3365635782520444,0.0,0.0,0.0,season-weighted final PA W per selected current decision; no summed PA policy gain,True,bcap_swing__mlb_2023__20260909__r01,BCAP-SWING-v0.1.0,swing,2023,COMPLETE,fixed_development_policy_external_crossfit_nuisance_OPE,Q/value/delta/gain: raw W; outcome MSE: W^2; probabilities/coverage: fraction; sample counts: explicit rows/PA/games,Take_adjudicated,Swing_offer_including_bunts,1-0,BOUNDARY,FB,,,,,
cell,1-0|BOUNDARY|FB,always_0,11167.0,0.3280567676876026,0.3145795732291167,0.3415339621460886,0.0012127630310252,-0.0193184030022075,0.021743929064258,season-weighted final PA W per selected current decision; no summed PA policy gain,True,bcap_swing__mlb_2023__20260909__r01,BCAP-SWING-v0.1.0,swing,2023,COMPLETE,fixed_development_policy_external_crossfit_nuisance_OPE,Q/value/delta/gain: raw W; outcome MSE: W^2; probabilities/coverage: fraction; sample counts: explicit rows/PA/games,Take_adjudicated,Swing_offer_including_bunts,1-0,BOUNDARY,FB,,,,,
cell,1-0|BOUNDARY|FB,always_1,11167.0,0.3216027546411779,0.3073473717674483,0.3358581375149074,-0.0052412500153995,-0.0272014454972357,0.0167189454664366,season-weighted final PA W per selected current decision; no summed PA policy gain,True,bcap_swing__mlb_2023__20260909__r01,BCAP-SWING-v0.1.0,swing,2023,COMPLETE,fixed_development_policy_external_crossfit_nuisance_OPE,Q/value/delta/gain: raw W; outcome MSE: W^2; probabilities/coverage: fraction; sample counts: explicit rows/PA/games,Take_adjudicated,Swing_offer_including_bunts,1-0,BOUNDARY,FB,,,,,
cell,1-0|BOUNDARY|FB,learned,11167.0,0.3280567676876026,0.3145795732291167,0.3415339621460886,0.0012127630310252,-0.0193184030022075,0.021743929064258,season-weighted final PA W per selected current decision; no summed PA policy gain,True,bcap_swing__mlb_2023__20260909__r01,BCAP-SWING-v0.1.0,swing,2023,COMPLETE,fixed_development_policy_external_crossfit_nuisance_OPE,Q/value/delta/gain: raw W; outcome MSE: W^2; probabilities/coverage: fraction; sample counts: explicit rows/PA/games,Take_adjudicated,Swing_offer_including_bunts,1-0,BOUNDARY,FB,,,,,
cell,1-0|BOUNDARY|FB,conservative,11167.0,0.3268440046565773,0.3171244310611102,0.3365635782520444,0.0,0.0,0.0,season-weighted final PA W per selected current decision; no summed PA policy gain,True,bcap_swing__mlb_2023__20260909__r01,BCAP-SWING-v0.1.0,swing,2023,COMPLETE,fixed_development_policy_external_crossfit_nuisance_OPE,Q/value/delta/gain: raw W; outcome MSE: W^2; probabilities/coverage: fraction; sample counts: explicit rows/PA/games,Take_adjudicated,Swing_offer_including_bunts,1-0,BOUNDARY,FB,,,,,
cell,1-0|BOUNDARY|FB,stochastic_half,11167.0,0.3248297611643903,0.315001871730593,0.3346576505981875,-0.0020142434921871,-0.0064869415476996,0.0024584545633253,season-weighted final PA W per selected current decision; no summed PA policy gain,True,bcap_swing__mlb_2023__20260909__r01,BCAP-SWING-v0.1.0,swing,2023,COMPLETE,fixed_development_policy_external_crossfit_nuisance_OPE,Q/value/delta/gain: raw W; outcome MSE: W^2; probabilities/coverage: fraction; sample counts: explicit rows/PA/games,Take_adjudicated,Swing_offer_including_bunts,1-0,BOUNDARY,FB,,,,,
cell,1-0|BOUNDARY|NFB,observed,6910.0,0.3188962373371924,0.3067163164875803,0.3310761581868046,0.0,0.0,0.0,season-weighted final PA W per selected current decision; no summed PA policy gain,True,bcap_swing__mlb_2023__20260909__r01,BCAP-SWING-v0.1.0,swing,2023,COMPLETE,fixed_development_policy_external_crossfit_nuisance_OPE,Q/value/delta/gain: raw W; outcome MSE: W^2; probabilities/coverage: fraction; sample counts: explicit rows/PA/games,Take_adjudicated,Swing_offer_including_bunts,1-0,BOUNDARY,NFB,,,,,
cell,1-0|BOUNDARY|NFB,always_0,6910.0,0.3213779682825791,0.3045425309501875,0.3382134056149707,0.0024817309453866,-0.0245565498285274,0.0295200117193007,season-weighted final PA W per selected current decision; no summed PA policy gain,True,bcap_swing__mlb_2023__20260909__r01,BCAP-SWING-v0.1.0,swing,2023,COMPLETE,fixed_development_policy_external_crossfit_nuisance_OPE,Q/value/delta/gain: raw W; outcome MSE: W^2; probabilities/coverage: fraction; sample counts: explicit rows/PA/games,Take_adjudicated,Swing_offer_including_bunts,1-0,BOUNDARY,NFB,,,,,
cell,1-0|BOUNDARY|NFB,always_1,6910.0,0.3152532157062307,0.2965230031705037,0.3339834282419577,-0.0036430216309617,-0.0315567728702977,0.0242707296083741,season-weighted final PA W per selected current decision; no summed PA policy gain,True,bcap_swing__mlb_2023__20260909__r01,BCAP-SWING-v0.1.0,swing,2023,COMPLETE,fixed_development_policy_external_crossfit_nuisance_OPE,Q/value/delta/gain: raw W; outcome MSE: W^2; probabilities/coverage: fraction; sample counts: explicit rows/PA/games,Take_adjudicated,Swing_offer_including_bunts,1-0,BOUNDARY,NFB,,,,,
cell,1-0|BOUNDARY|NFB,learned,6910.0,0.3213779682825791,0.3045425309501875,0.3382134056149707,0.0024817309453866,-0.0245565498285274,0.0295200117193007,season-weighted final PA W per selected current decision; no summed PA policy gain,True,bcap_swing__mlb_2023__20260909__r01,BCAP-SWING-v0.1.0,swing,2023,COMPLETE,fixed_development_policy_external_crossfit_nuisance_OPE,Q/value/delta/gain: raw W; outcome MSE: W^2; probabilities/coverage: fraction; sample counts: explicit rows/PA/games,Take_adjudicated,Swing_offer_including_bunts,1-0,BOUNDARY,NFB,,,,,
cell,1-0|BOUNDARY|NFB,conservative,6910.0,0.3188962373371924,0.3067163164875803,0.3310761581868046,0.0,0.0,0.0,season-weighted final PA W per selected current decision; no summed PA policy gain,True,bcap_swing__mlb_2023__20260909__r01,BCAP-SWING-v0.1.0,swing,2023,COMPLETE,fixed_development_policy_external_crossfit_nuisance_OPE,Q/value/delta/gain: raw W; outcome MSE: W^2; probabilities/coverage: fraction; sample counts: explicit rows/PA/games,Take_adjudicated,Swing_offer_including_bunts,1-0,BOUNDARY,NFB,,,,,
cell,1-0|BOUNDARY|NFB,stochastic_half,6910.0,0.3183155919944049,0.3057764669470044,0.3308547170418054,-0.0005806453427875,-0.0064511314821392,0.0052898407965641,season-weighted final PA W per selected current decision; no summed PA policy gain,True,bcap_swing__mlb_2023__20260909__r01,BCAP-SWING-v0.1.0,swing,2023,COMPLETE,fixed_development_policy_external_crossfit_nuisance_OPE,Q/value/delta/gain: raw W; outcome MSE: W^2; probabilities/coverage: fraction; sample counts: explicit rows/PA/games,Take_adjudicated,Swing_offer_including_bunts,1-0,BOUNDARY,NFB,,,,,
cell,1-0|INNER|FB,observed,14130.0,0.3497278131634819,0.3405483483044261,0.3589072780225376,0.0,0.0,0.0,season-weighted final PA W per selected current decision; no summed PA policy gain,True,bcap_swing__mlb_2023__20260909__r01,BCAP-SWING-v0.1.0,swing,2023,COMPLETE,fixed_development_policy_external_crossfit_nuisance_OPE,Q/value/delta/gain: raw W; outcome MSE: W^2; probabilities/coverage: fraction; sample counts: explicit rows/PA/games,Take_adjudicated,Swing_offer_including_bunts,1-0,INNER,FB,,,,,
cell,1-0|INNER|FB,always_0,14130.0,0.2979498666873366,0.2798155609562753,0.3160841724183978,-0.0517779464761453,-0.085837830972698,-0.0177180619795926,season-weighted final PA W per selected current decision; no summed PA policy gain,True,bcap_swing__mlb_2023__20260909__r01,BCAP-SWING-v0.1.0,swing,2023,COMPLETE,fixed_development_policy_external_crossfit_nuisance_OPE,Q/value/delta/gain: raw W; outcome MSE: W^2; probabilities/coverage: fraction; sample counts: explicit rows/PA/games,Take_adjudicated,Swing_offer_including_bunts,1-0,INNER,FB,,,,,
cell,1-0|INNER|FB,always_1,14130.0,0.3697148602816935,0.358876243794011,0.380553476769376,0.0199870471182115,0.008160391015472,0.031813703220951,season-weighted final PA W per selected current decision; no summed PA policy gain,True,bcap_swing__mlb_2023__20260909__r01,BCAP-SWING-v0.1.0,swing,2023,COMPLETE,fixed_development_policy_external_crossfit_nuisance_OPE,Q/value/delta/gain: raw W; outcome MSE: W^2; probabilities/coverage: fraction; sample counts: explicit rows/PA/games,Take_adjudicated,Swing_offer_including_bunts,1-0,INNER,FB,,,,,
cell,1-0|INNER|FB,learned,14130.0,0.3697148602816935,0.358876243794011,0.380553476769376,0.0199870471182115,0.008160391015472,0.031813703220951,season-weighted final PA W per selected current decision; no summed PA policy gain,True,bcap_swing__mlb_2023__20260909__r01,BCAP-SWING-v0.1.0,swing,2023,COMPLETE,fixed_development_policy_external_crossfit_nuisance_OPE,Q/value/delta/gain: raw W; outcome MSE: W^2; probabilities/coverage: fraction; sample counts: explicit rows/PA/games,Take_adjudicated,Swing_offer_including_bunts,1-0,INNER,FB,,,,,
cell,1-0|INNER|FB,conservative,14130.0,0.3497278131634819,0.3405483483044261,0.3589072780225376,0.0,0.0,0.0,season-weighted final PA W per selected current decision; no summed PA policy gain,True,bcap_swing__mlb_2023__20260909__r01,BCAP-SWING-v0.1.0,swing,2023,COMPLETE,fixed_development_policy_external_crossfit_nuisance_OPE,Q/value/delta/gain: raw W; outcome MSE: W^2; probabilities/coverage: fraction; sample counts: explicit rows/PA/games,Take_adjudicated,Swing_offer_including_bunts,1-0,INNER,FB,,,,,
cell,1-0|INNER|FB,stochastic_half,14130.0,0.333832363484515,0.3233516724102836,0.3443130545587465,-0.0158954496789668,-0.0276989282088963,-0.0040919711490374,season-weighted final PA W per selected current decision; no summed PA policy gain,True,bcap_swing__mlb_2023__20260909__r01,BCAP-SWING-v0.1.0,swing,2023,COMPLETE,fixed_development_policy_external_crossfit_nuisance_OPE,Q/value/delta/gain: raw W; outcome MSE: W^2; probabilities/coverage: fraction; sample counts: explicit rows/PA/games,Take_adjudicated,Swing_offer_including_bunts,1-0,INNER,FB,,,,,
cell,1-0|INNER|NFB,observed,7827.0,0.3422056982240961,0.3299187842335343,0.3544926122146578,0.0,0.0,0.0,season-weighted final PA W per selected current decision; no summed PA policy gain,True,bcap_swing__mlb_2023__20260909__r01,BCAP-SWING-v0.1.0,swing,2023,COMPLETE,fixed_development_policy_external_crossfit_nuisance_OPE,Q/value/delta/gain: raw W; outcome MSE: W^2; probabilities/coverage: fraction; sample counts: explicit rows/PA/games,Take_adjudicated,Swing_offer_including_bunts,1-0,INNER,NFB,,,,,
cell,1-0|INNER|NFB,always_0,7827.0,0.3112592216698872,0.2909457813993118,0.3315726619404626,-0.0309464765542088,-0.0665745074652778,0.0046815543568601,season-weighted final PA W per selected current decision; no summed PA policy gain,True,bcap_swing__mlb_2023__20260909__r01,BCAP-SWING-v0.1.0,swing,2023,COMPLETE,fixed_development_policy_external_crossfit_nuisance_OPE,Q/value/delta/gain: raw W; outcome MSE: W^2; probabilities/coverage: fraction; sample counts: explicit rows/PA/games,Take_adjudicated,Swing_offer_including_bunts,1-0,INNER,NFB,,,,,
cell,1-0|INNER|NFB,always_1,7827.0,0.3557107533364141,0.3404196685782054,0.3710018380946228,0.0135050551123179,-0.0048534439572334,0.0318635541818694,season-weighted final PA W per selected current decision; no summed PA policy gain,True,bcap_swing__mlb_2023__20260909__r01,BCAP-SWING-v0.1.0,swing,2023,COMPLETE,fixed_development_policy_external_crossfit_nuisance_OPE,Q/value/delta/gain: raw W; outcome MSE: W^2; probabilities/coverage: fraction; sample counts: explicit rows/PA/games,Take_adjudicated,Swing_offer_including_bunts,1-0,INNER,NFB,,,,,
cell,1-0|INNER|NFB,learned,7827.0,0.3557107533364141,0.3404196685782054,0.3710018380946228,0.0135050551123179,-0.0048534439572334,0.0318635541818694,season-weighted final PA W per selected current decision; no summed PA policy gain,True,bcap_swing__mlb_2023__20260909__r01,BCAP-SWING-v0.1.0,swing,2023,COMPLETE,fixed_development_policy_external_crossfit_nuisance_OPE,Q/value/delta/gain: raw W; outcome MSE: W^2; probabilities/coverage: fraction; sample counts: explicit rows/PA/games,Take_adjudicated,Swing_offer_including_bunts,1-0,INNER,NFB,,,,,
cell,1-0|INNER|NFB,conservative,7827.0,0.3422056982240961,0.3299187842335343,0.3544926122146578,0.0,0.0,0.0,season-weighted final PA W per selected current decision; no summed PA policy gain,True,bcap_swing__mlb_2023__20260909__r01,BCAP-SWING-v0.1.0,swing,2023,COMPLETE,fixed_development_policy_external_crossfit_nuisance_OPE,Q/value/delta/gain: raw W; outcome MSE: W^2; probabilities/coverage: fraction; sample counts: explicit rows/PA/games,Take_adjudicated,Swing_offer_including_bunts,1-0,INNER,NFB,,,,,
cell,1-0|INNER|NFB,stochastic_half,7827.0,0.3334849875031506,0.3205293772342836,0.3464405977720176,-0.0087207107209454,-0.0188656781403368,0.001424256698446,season-weighted final PA W per selected current decision; no summed PA policy gain,True,bcap_swing__mlb_2023__20260909__r01,BCAP-SWING-v0.1.0,swing,2023,COMPLETE,fixed_development_policy_external_crossfit_nuisance_OPE,Q/value/delta/gain: raw W; outcome MSE: W^2; probabilities/coverage: fraction; sample counts: explicit rows/PA/games,Take_adjudicated,Swing_offer_including_bunts,1-0,INNER,NFB,,,,,
cell,1-0|OUT|FB,observed,14677.0,0.3836382094433467,0.3756589516919491,0.3916174671947443,0.0,0.0,0.0,season-weighted final PA W per selected current decision; no summed PA policy gain,True,bcap_swing__mlb_2023__20260909__r01,BCAP-SWING-v0.1.0,swing,2023,COMPLETE,fixed_development_policy_external_crossfit_nuisance_OPE,Q/value/delta/gain: raw W; outcome MSE: W^2; probabilities/coverage: fraction; sample counts: explicit rows/PA/games,Take_adjudicated,Swing_offer_including_bunts,1-0,OUT,FB,,,,,
cell,1-0|OUT|FB,always_0,14677.0,0.4057778096085661,0.3970366784237582,0.414518940793374,0.0221396001652193,0.0132444887970125,0.0310347115334262,season-weighted final PA W per selected current decision; no summed PA policy gain,True,bcap_swing__mlb_2023__20260909__r01,BCAP-SWING-v0.1.0,swing,2023,COMPLETE,fixed_development_policy_external_crossfit_nuisance_OPE,Q/value/delta/gain: raw W; outcome MSE: W^2; probabilities/coverage: fraction; sample counts: explicit rows/PA/games,Take_adjudicated,Swing_offer_including_bunts,1-0,OUT,FB,,,,,
cell,1-0|OUT|FB,always_1,14677.0,0.2723086587838963,0.2543123569289873,0.2903049606388053,-0.1113295506594504,-0.1462111674747214,-0.0764479338441793,season-weighted final PA W per selected current decision; no summed PA policy gain,True,bcap_swing__mlb_2023__20260909__r01,BCAP-SWING-v0.1.0,swing,2023,COMPLETE,fixed_development_policy_external_crossfit_nuisance_OPE,Q/value/delta/gain: raw W; outcome MSE: W^2; probabilities/coverage: fraction; sample counts: explicit rows/PA/games,Take_adjudicated,Swing_offer_including_bunts,1-0,OUT,FB,,,,,
cell,1-0|OUT|FB,learned,14677.0,0.4057778096085661,0.3970366784237582,0.414518940793374,0.0221396001652193,0.0132444887970125,0.0310347115334262,season-weighted final PA W per selected current decision; no summed PA policy gain,True,bcap_swing__mlb_2023__20260909__r01,BCAP-SWING-v0.1.0,swing,2023,COMPLETE,fixed_development_policy_external_crossfit_nuisance_OPE,Q/value/delta/gain: raw W; outcome MSE: W^2; probabilities/coverage: fraction; sample counts: explicit rows/PA/games,Take_adjudicated,Swing_offer_including_bunts,1-0,OUT,FB,,,,,
cell,1-0|OUT|FB,conservative,14677.0,0.3836382094433467,0.3756589516919491,0.3916174671947443,0.0,0.0,0.0,season-weighted final PA W per selected current decision; no summed PA policy gain,True,bcap_swing__mlb_2023__20260909__r01,BCAP-SWING-v0.1.0,swing,2023,COMPLETE,fixed_development_policy_external_crossfit_nuisance_OPE,Q/value/delta/gain: raw W; outcome MSE: W^2; probabilities/coverage: fraction; sample counts: explicit rows/PA/games,Take_adjudicated,Swing_offer_including_bunts,1-0,OUT,FB,,,,,
cell,1-0|OUT|FB,stochastic_half,14677.0,0.3390432341962312,0.3290529208820235,0.3490335475104389,-0.0445949752471155,-0.0585881098092948,-0.0306018406849361,season-weighted final PA W per selected current decision; no summed PA policy gain,True,bcap_swing__mlb_2023__20260909__r01,BCAP-SWING-v0.1.0,swing,2023,COMPLETE,fixed_development_policy_external_crossfit_nuisance_OPE,Q/value/delta/gain: raw W; outcome MSE: W^2; probabilities/coverage: fraction; sample counts: explicit rows/PA/games,Take_adjudicated,Swing_offer_including_bunts,1-0,OUT,FB,,,,,
cell,1-0|OUT|NFB,observed,12508.0,0.386013271506236,0.3772490362683806,0.3947775067440914,0.0,0.0,0.0,season-weighted final PA W per selected current decision; no summed PA policy gain,True,bcap_swing__mlb_2023__20260909__r01,BCAP-SWING-v0.1.0,swing,2023,COMPLETE,fixed_development_policy_external_crossfit_nuisance_OPE,Q/value/delta/gain: raw W; outcome MSE: W^2; probabilities/coverage: fraction; sample counts: explicit rows/PA/games,Take_adjudicated,Swing_offer_including_bunts,1-0,OUT,NFB,,,,,
cell,1-0|OUT|NFB,always_0,12508.0,0.4156770100053134,0.405585217000915,0.4257688030097117,0.0296637384990773,0.0184104684186641,0.0409170085794904,season-weighted final PA W per selected current decision; no summed PA policy gain,True,bcap_swing__mlb_2023__20260909__r01,BCAP-SWING-v0.1.0,swing,2023,COMPLETE,fixed_development_policy_external_crossfit_nuisance_OPE,Q/value/delta/gain: raw W; outcome MSE: W^2; probabilities/coverage: fraction; sample counts: explicit rows/PA/games,Take_adjudicated,Swing_offer_including_bunts,1-0,OUT,NFB,,,,,
cell,1-0|OUT|NFB,always_1,12508.0,0.3049098466760984,0.2831114063071934,0.3267082870450033,-0.0811034248301376,-0.1233098975266383,-0.0388969521336368,season-weighted final PA W per selected current decision; no summed PA policy gain,True,bcap_swing__mlb_2023__20260909__r01,BCAP-SWING-v0.1.0,swing,2023,COMPLETE,fixed_development_policy_external_crossfit_nuisance_OPE,Q/value/delta/gain: raw W; outcome MSE: W^2; probabilities/coverage: fraction; sample counts: explicit rows/PA/games,Take_adjudicated,Swing_offer_including_bunts,1-0,OUT,NFB,,,,,
cell,1-0|OUT|NFB,learned,12508.0,0.4156770100053134,0.405585217000915,0.4257688030097117,0.0296637384990773,0.0184104684186641,0.0409170085794904,season-weighted final PA W per selected current decision; no summed PA policy gain,True,bcap_swing__mlb_2023__20260909__r01,BCAP-SWING-v0.1.0,swing,2023,COMPLETE,fixed_development_policy_external_crossfit_nuisance_OPE,Q/value/delta/gain: raw W; outcome MSE: W^2; probabilities/coverage: fraction; sample counts: explicit rows/PA/games,Take_adjudicated,Swing_offer_including_bunts,1-0,OUT,NFB,,,,,
cell,1-0|OUT|NFB,conservative,12508.0,0.386013271506236,0.3772490362683806,0.3947775067440914,0.0,0.0,0.0,season-weighted final PA W per selected current decision; no summed PA policy gain,True,bcap_swing__mlb_2023__20260909__r01,BCAP-SWING-v0.1.0,swing,2023,COMPLETE,fixed_development_policy_external_crossfit_nuisance_OPE,Q/value/delta/gain: raw W; outcome MSE: W^2; probabilities/coverage: fraction; sample counts: explicit rows/PA/games,Take_adjudicated,Swing_offer_including_bunts,1-0,OUT,NFB,,,,,
cell,1-0|OUT|NFB,stochastic_half,12508.0,0.3602934283407059,0.3482718945957059,0.3723149620857058,-0.0257198431655301,-0.0431879945302374,-0.0082516918008228,season-weighted final PA W per selected current decision; no summed PA policy gain,True,bcap_swing__mlb_2023__20260909__r01,BCAP-SWING-v0.1.0,swing,2023,COMPLETE,fixed_development_policy_external_crossfit_nuisance_OPE,Q/value/delta/gain: raw W; outcome MSE: W^2; probabilities/coverage: fraction; sample counts: explicit rows/PA/games,Take_adjudicated,Swing_offer_including_bunts,1-0,OUT,NFB,,,,,
cell,1-1|BOUNDARY|FB,observed,9574.0,0.2706093586797576,0.2608114786910533,0.2804072386684619,0.0,0.0,0.0,season-weighted final PA W per selected current decision; no summed PA policy gain,True,bcap_swing__mlb_2023__20260909__r01,BCAP-SWING-v0.1.0,swing,2023,COMPLETE,fixed_development_policy_external_crossfit_nuisance_OPE,Q/value/delta/gain: raw W; outcome MSE: W^2; probabilities/coverage: fraction; sample counts: explicit rows/PA/games,Take_adjudicated,Swing_offer_including_bunts,1-1,BOUNDARY,FB,,,,,
cell,1-1|BOUNDARY|FB,always_0,9574.0,0.2586237396610722,0.2405932459225173,0.2766542333996271,-0.0119856190186854,-0.04387377669366,0.0199025386562891,season-weighted final PA W per selected current decision; no summed PA policy gain,True,bcap_swing__mlb_2023__20260909__r01,BCAP-SWING-v0.1.0,swing,2023,COMPLETE,fixed_development_policy_external_crossfit_nuisance_OPE,Q/value/delta/gain: raw W; outcome MSE: W^2; probabilities/coverage: fraction; sample counts: explicit rows/PA/games,Take_adjudicated,Swing_offer_including_bunts,1-1,BOUNDARY,FB,,,,,
cell,1-1|BOUNDARY|FB,always_1,9574.0,0.2681905614002352,0.2567696592385071,0.2796114635619632,-0.0024187972795225,-0.0163038790910088,0.0114662845319637,season-weighted final PA W per selected current decision; no summed PA policy gain,True,bcap_swing__mlb_2023__20260909__r01,BCAP-SWING-v0.1.0,swing,2023,COMPLETE,fixed_development_policy_external_crossfit_nuisance_OPE,Q/value/delta/gain: raw W; outcome MSE: W^2; probabilities/coverage: fraction; sample counts: explicit rows/PA/games,Take_adjudicated,Swing_offer_including_bunts,1-1,BOUNDARY,FB,,,,,
cell,1-1|BOUNDARY|FB,learned,9574.0,0.2681905614002352,0.2567696592385071,0.2796114635619632,-0.0024187972795225,-0.0163038790910088,0.0114662845319637,season-weighted final PA W per selected current decision; no summed PA policy gain,True,bcap_swing__mlb_2023__20260909__r01,BCAP-SWING-v0.1.0,swing,2023,COMPLETE,fixed_development_policy_external_crossfit_nuisance_OPE,Q/value/delta/gain: raw W; outcome MSE: W^2; probabilities/coverage: fraction; sample counts: explicit rows/PA/games,Take_adjudicated,Swing_offer_including_bunts,1-1,BOUNDARY,FB,,,,,
cell,1-1|BOUNDARY|FB,conservative,9574.0,0.2706093586797576,0.2608114786910533,0.2804072386684619,0.0,0.0,0.0,season-weighted final PA W per selected current decision; no summed PA policy gain,True,bcap_swing__mlb_2023__20260909__r01,BCAP-SWING-v0.1.0,swing,2023,COMPLETE,fixed_development_policy_external_crossfit_nuisance_OPE,Q/value/delta/gain: raw W; outcome MSE: W^2; probabilities/coverage: fraction; sample counts: explicit rows/PA/games,Take_adjudicated,Swing_offer_including_bunts,1-1,BOUNDARY,FB,,,,,
cell,1-1|BOUNDARY|FB,stochastic_half,9574.0,0.2634071505306537,0.2526489284796615,0.2741653725816459,-0.0072022081491039,-0.0172007589778341,0.0027963426796261,season-weighted final PA W per selected current decision; no summed PA policy gain,True,bcap_swing__mlb_2023__20260909__r01,BCAP-SWING-v0.1.0,swing,2023,COMPLETE,fixed_development_policy_external_crossfit_nuisance_OPE,Q/value/delta/gain: raw W; outcome MSE: W^2; probabilities/coverage: fraction; sample counts: explicit rows/PA/games,Take_adjudicated,Swing_offer_including_bunts,1-1,BOUNDARY,FB,,,,,
cell,1-1|BOUNDARY|NFB,observed,8160.0,0.2702087009803921,0.2598063479722372,0.280611053988547,0.0,0.0,0.0,season-weighted final PA W per selected current decision; no summed PA policy gain,True,bcap_swing__mlb_2023__20260909__r01,BCAP-SWING-v0.1.0,swing,2023,COMPLETE,fixed_development_policy_external_crossfit_nuisance_OPE,Q/value/delta/gain: raw W; outcome MSE: W^2; probabilities/coverage: fraction; sample counts: explicit rows/PA/games,Take_adjudicated,Swing_offer_including_bunts,1-1,BOUNDARY,NFB,,,,,
cell,1-1|BOUNDARY|NFB,always_0,8160.0,0.2533406275606144,0.2297590876174896,0.2769221675037391,-0.0168680734197777,-0.0607891446805955,0.02705299784104,season-weighted final PA W per selected current decision; no summed PA policy gain,True,bcap_swing__mlb_2023__20260909__r01,BCAP-SWING-v0.1.0,swing,2023,COMPLETE,fixed_development_policy_external_crossfit_nuisance_OPE,Q/value/delta/gain: raw W; outcome MSE: W^2; probabilities/coverage: fraction; sample counts: explicit rows/PA/games,Take_adjudicated,Swing_offer_including_bunts,1-1,BOUNDARY,NFB,,,,,
cell,1-1|BOUNDARY|NFB,always_1,8160.0,0.2697494160773273,0.2578919210755442,0.2816069110791104,-0.0004592849030648,-0.0140859013953573,0.0131673315892276,season-weighted final PA W per selected current decision; no summed PA policy gain,True,bcap_swing__mlb_2023__20260909__r01,BCAP-SWING-v0.1.0,swing,2023,COMPLETE,fixed_development_policy_external_crossfit_nuisance_OPE,Q/value/delta/gain: raw W; outcome MSE: W^2; probabilities/coverage: fraction; sample counts: explicit rows/PA/games,Take_adjudicated,Swing_offer_including_bunts,1-1,BOUNDARY,NFB,,,,,
cell,1-1|BOUNDARY|NFB,learned,8160.0,0.2697494160773273,0.2578919210755442,0.2816069110791104,-0.0004592849030648,-0.0140859013953573,0.0131673315892276,season-weighted final PA W per selected current decision; no summed PA policy gain,True,bcap_swing__mlb_2023__20260909__r01,BCAP-SWING-v0.1.0,swing,2023,COMPLETE,fixed_development_policy_external_crossfit_nuisance_OPE,Q/value/delta/gain: raw W; outcome MSE: W^2; probabilities/coverage: fraction; sample counts: explicit rows/PA/games,Take_adjudicated,Swing_offer_including_bunts,1-1,BOUNDARY,NFB,,,,,
cell,1-1|BOUNDARY|NFB,conservative,8160.0,0.2702087009803921,0.2598063479722372,0.280611053988547,0.0,0.0,0.0,season-weighted final PA W per selected current decision; no summed PA policy gain,True,bcap_swing__mlb_2023__20260909__r01,BCAP-SWING-v0.1.0,swing,2023,COMPLETE,fixed_development_policy_external_crossfit_nuisance_OPE,Q/value/delta/gain: raw W; outcome MSE: W^2; probabilities/coverage: fraction; sample counts: explicit rows/PA/games,Take_adjudicated,Swing_offer_including_bunts,1-1,BOUNDARY,NFB,,,,,
cell,1-1|BOUNDARY|NFB,stochastic_half,8160.0,0.2615450218189709,0.2484792720619645,0.2746107715759772,-0.0086636791614212,-0.0246896531089857,0.0073622947861431,season-weighted final PA W per selected current decision; no summed PA policy gain,True,bcap_swing__mlb_2023__20260909__r01,BCAP-SWING-v0.1.0,swing,2023,COMPLETE,fixed_development_policy_external_crossfit_nuisance_OPE,Q/value/delta/gain: raw W; outcome MSE: W^2; probabilities/coverage: fraction; sample counts: explicit rows/PA/games,Take_adjudicated,Swing_offer_including_bunts,1-1,BOUNDARY,NFB,,,,,
cell,1-1|INNER|FB,observed,11199.0,0.3038759710688454,0.2940362673114085,0.3137156748262824,0.0,0.0,0.0,season-weighted final PA W per selected current decision; no summed PA policy gain,True,bcap_swing__mlb_2023__20260909__r01,BCAP-SWING-v0.1.0,swing,2023,COMPLETE,fixed_development_policy_external_crossfit_nuisance_OPE,Q/value/delta/gain: raw W; outcome MSE: W^2; probabilities/coverage: fraction; sample counts: explicit rows/PA/games,Take_adjudicated,Swing_offer_including_bunts,1-1,INNER,FB,,,,,
cell,1-1|INNER|FB,always_0,11199.0,0.2129618008979743,0.1886784280116837,0.2372451737842649,-0.0909141701708711,-0.1401618856120187,-0.0416664547297234,season-weighted final PA W per selected current decision; no summed PA policy gain,True,bcap_swing__mlb_2023__20260909__r01,BCAP-SWING-v0.1.0,swing,2023,COMPLETE,fixed_development_policy_external_crossfit_nuisance_OPE,Q/value/delta/gain: raw W; outcome MSE: W^2; probabilities/coverage: fraction; sample counts: explicit rows/PA/games,Take_adjudicated,Swing_offer_including_bunts,1-1,INNER,FB,,,,,
cell,1-1|INNER|FB,always_1,11199.0,0.319340845097338,0.3086155600240701,0.330066130170606,0.0154648740284926,0.0076192313307422,0.023310516726243,season-weighted final PA W per selected current decision; no summed PA policy gain,True,bcap_swing__mlb_2023__20260909__r01,BCAP-SWING-v0.1.0,swing,2023,COMPLETE,fixed_development_policy_external_crossfit_nuisance_OPE,Q/value/delta/gain: raw W; outcome MSE: W^2; probabilities/coverage: fraction; sample counts: explicit rows/PA/games,Take_adjudicated,Swing_offer_including_bunts,1-1,INNER,FB,,,,,
cell,1-1|INNER|FB,learned,11199.0,0.319340845097338,0.3086155600240701,0.330066130170606,0.0154648740284926,0.0076192313307422,0.023310516726243,season-weighted final PA W per selected current decision; no summed PA policy gain,True,bcap_swing__mlb_2023__20260909__r01,BCAP-SWING-v0.1.0,swing,2023,COMPLETE,fixed_development_policy_external_crossfit_nuisance_OPE,Q/value/delta/gain: raw W; outcome MSE: W^2; probabilities/coverage: fraction; sample counts: explicit rows/PA/games,Take_adjudicated,Swing_offer_including_bunts,1-1,INNER,FB,,,,,
cell,1-1|INNER|FB,conservative,11199.0,0.3038759710688454,0.2940362673114085,0.3137156748262824,0.0,0.0,0.0,season-weighted final PA W per selected current decision; no summed PA policy gain,True,bcap_swing__mlb_2023__20260909__r01,BCAP-SWING-v0.1.0,swing,2023,COMPLETE,fixed_development_policy_external_crossfit_nuisance_OPE,Q/value/delta/gain: raw W; outcome MSE: W^2; probabilities/coverage: fraction; sample counts: explicit rows/PA/games,Take_adjudicated,Swing_offer_including_bunts,1-1,INNER,FB,,,,,
cell,1-1|INNER|FB,stochastic_half,11199.0,0.2661513229976562,0.2529267887508121,0.2793758572445003,-0.0377246480711892,-0.0587891106008218,-0.0166601855415565,season-weighted final PA W per selected current decision; no summed PA policy gain,True,bcap_swing__mlb_2023__20260909__r01,BCAP-SWING-v0.1.0,swing,2023,COMPLETE,fixed_development_policy_external_crossfit_nuisance_OPE,Q/value/delta/gain: raw W; outcome MSE: W^2; probabilities/coverage: fraction; sample counts: explicit rows/PA/games,Take_adjudicated,Swing_offer_including_bunts,1-1,INNER,FB,,,,,
cell,1-1|INNER|NFB,observed,8530.0,0.2937454865181712,0.2824845582699606,0.3050064147663817,0.0,0.0,0.0,season-weighted final PA W per selected current decision; no summed PA policy gain,True,bcap_swing__mlb_2023__20260909__r01,BCAP-SWING-v0.1.0,swing,2023,COMPLETE,fixed_development_policy_external_crossfit_nuisance_OPE,Q/value/delta/gain: raw W; outcome MSE: W^2; probabilities/coverage: fraction; sample counts: explicit rows/PA/games,Take_adjudicated,Swing_offer_including_bunts,1-1,INNER,NFB,,,,,
cell,1-1|INNER|NFB,always_0,8530.0,0.2287674899586792,0.199706034349482,0.2578289455678764,-0.0649779965594919,-0.1236164478659952,-0.0063395452529886,season-weighted final PA W per selected current decision; no summed PA policy gain,True,bcap_swing__mlb_2023__20260909__r01,BCAP-SWING-v0.1.0,swing,2023,COMPLETE,fixed_development_policy_external_crossfit_nuisance_OPE,Q/value/delta/gain: raw W; outcome MSE: W^2; probabilities/coverage: fraction; sample counts: explicit rows/PA/games,Take_adjudicated,Swing_offer_including_bunts,1-1,INNER,NFB,,,,,
cell,1-1|INNER|NFB,always_1,8530.0,0.3059734195790621,0.2936205143524018,0.3183263248057224,0.0122279330608909,0.0028643045525577,0.0215915615692241,season-weighted final PA W per selected current decision; no summed PA policy gain,True,bcap_swing__mlb_2023__20260909__r01,BCAP-SWING-v0.1.0,swing,2023,COMPLETE,fixed_development_policy_external_crossfit_nuisance_OPE,Q/value/delta/gain: raw W; outcome MSE: W^2; probabilities/coverage: fraction; sample counts: explicit rows/PA/games,Take_adjudicated,Swing_offer_including_bunts,1-1,INNER,NFB,,,,,
cell,1-1|INNER|NFB,learned,8530.0,0.3059734195790621,0.2936205143524018,0.3183263248057224,0.0122279330608909,0.0028643045525577,0.0215915615692241,season-weighted final PA W per selected current decision; no summed PA policy gain,True,bcap_swing__mlb_2023__20260909__r01,BCAP-SWING-v0.1.0,swing,2023,COMPLETE,fixed_development_policy_external_crossfit_nuisance_OPE,Q/value/delta/gain: raw W; outcome MSE: W^2; probabilities/coverage: fraction; sample counts: explicit rows/PA/games,Take_adjudicated,Swing_offer_including_bunts,1-1,INNER,NFB,,,,,
cell,1-1|INNER|NFB,conservative,8530.0,0.2937454865181712,0.2824845582699606,0.3050064147663817,0.0,0.0,0.0,season-weighted final PA W per selected current decision; no summed PA policy gain,True,bcap_swing__mlb_2023__20260909__r01,BCAP-SWING-v0.1.0,swing,2023,COMPLETE,fixed_development_policy_external_crossfit_nuisance_OPE,Q/value/delta/gain: raw W; outcome MSE: W^2; probabilities/coverage: fraction; sample counts: explicit rows/PA/games,Take_adjudicated,Swing_offer_including_bunts,1-1,INNER,NFB,,,,,
cell,1-1|INNER|NFB,stochastic_half,8530.0,0.2673704547688707,0.2516316772769489,0.2831092322607925,-0.0263750317493004,-0.051523680752602,-0.0012263827459988,season-weighted final PA W per selected current decision; no summed PA policy gain,True,bcap_swing__mlb_2023__20260909__r01,BCAP-SWING-v0.1.0,swing,2023,COMPLETE,fixed_development_policy_external_crossfit_nuisance_OPE,Q/value/delta/gain: raw W; outcome MSE: W^2; probabilities/coverage: fraction; sample counts: explicit rows/PA/games,Take_adjudicated,Swing_offer_including_bunts,1-1,INNER,NFB,,,,,
cell,1-1|OUT|FB,observed,15046.0,0.3220755017944968,0.3140234345241773,0.3301275690648163,0.0,0.0,0.0,season-weighted final PA W per selected current decision; no summed PA policy gain,True,bcap_swing__mlb_2023__20260909__r01,BCAP-SWING-v0.1.0,swing,2023,COMPLETE,fixed_development_policy_external_crossfit_nuisance_OPE,Q/value/delta/gain: raw W; outcome MSE: W^2; probabilities/coverage: fraction; sample counts: explicit rows/PA/games,Take_adjudicated,Swing_offer_including_bunts,1-1,OUT,FB,,,,,
cell,1-1|OUT|FB,always_0,15046.0,0.3493811612320237,0.3401266104716823,0.358635711992365,0.0273056594375267,0.0170294839580152,0.0375818349170382,season-weighted final PA W per selected current decision; no summed PA policy gain,True,bcap_swing__mlb_2023__20260909__r01,BCAP-SWING-v0.1.0,swing,2023,COMPLETE,fixed_development_policy_external_crossfit_nuisance_OPE,Q/value/delta/gain: raw W; outcome MSE: W^2; probabilities/coverage: fraction; sample counts: explicit rows/PA/games,Take_adjudicated,Swing_offer_including_bunts,1-1,OUT,FB,,,,,
cell,1-1|OUT|FB,always_1,15046.0,0.2396905992692837,0.2240687784589972,0.2553124200795703,-0.0823849025252131,-0.1118276438339582,-0.0529421612164679,season-weighted final PA W per selected current decision; no summed PA policy gain,True,bcap_swing__mlb_2023__20260909__r01,BCAP-SWING-v0.1.0,swing,2023,COMPLETE,fixed_development_policy_external_crossfit_nuisance_OPE,Q/value/delta/gain: raw W; outcome MSE: W^2; probabilities/coverage: fraction; sample counts: explicit rows/PA/games,Take_adjudicated,Swing_offer_including_bunts,1-1,OUT,FB,,,,,
cell,1-1|OUT|FB,learned,15046.0,0.3493811612320237,0.3401266104716823,0.358635711992365,0.0273056594375267,0.0170294839580152,0.0375818349170382,season-weighted final PA W per selected current decision; no summed PA policy gain,True,bcap_swing__mlb_2023__20260909__r01,BCAP-SWING-v0.1.0,swing,2023,COMPLETE,fixed_development_policy_external_crossfit_nuisance_OPE,Q/value/delta/gain: raw W; outcome MSE: W^2; probabilities/coverage: fraction; sample counts: explicit rows/PA/games,Take_adjudicated,Swing_offer_including_bunts,1-1,OUT,FB,,,,,
cell,1-1|OUT|FB,conservative,15046.0,0.3220755017944968,0.3140234345241773,0.3301275690648163,0.0,0.0,0.0,season-weighted final PA W per selected current decision; no summed PA policy gain,True,bcap_swing__mlb_2023__20260909__r01,BCAP-SWING-v0.1.0,swing,2023,COMPLETE,fixed_development_policy_external_crossfit_nuisance_OPE,Q/value/delta/gain: raw W; outcome MSE: W^2; probabilities/coverage: fraction; sample counts: explicit rows/PA/games,Take_adjudicated,Swing_offer_including_bunts,1-1,OUT,FB,,,,,
cell,1-1|OUT|FB,stochastic_half,15046.0,0.2945358802506537,0.2853499329820494,0.3037218275192579,-0.0275396215438431,-0.0386594954134299,-0.0164197476742563,season-weighted final PA W per selected current decision; no summed PA policy gain,True,bcap_swing__mlb_2023__20260909__r01,BCAP-SWING-v0.1.0,swing,2023,COMPLETE,fixed_development_policy_external_crossfit_nuisance_OPE,Q/value/delta/gain: raw W; outcome MSE: W^2; probabilities/coverage: fraction; sample counts: explicit rows/PA/games,Take_adjudicated,Swing_offer_including_bunts,1-1,OUT,FB,,,,,
cell,1-1|OUT|NFB,observed,17974.0,0.309419439189941,0.3023540572185407,0.3164848211613413,0.0,0.0,0.0,season-weighted final PA W per selected current decision; no summed PA policy gain,True,bcap_swing__mlb_2023__20260909__r01,BCAP-SWING-v0.1.0,swing,2023,COMPLETE,fixed_development_policy_external_crossfit_nuisance_OPE,Q/value/delta/gain: raw W; outcome MSE: W^2; probabilities/coverage: fraction; sample counts: explicit rows/PA/games,Take_adjudicated,Swing_offer_including_bunts,1-1,OUT,NFB,,,,,
cell,1-1|OUT|NFB,always_0,17974.0,0.346525159907701,0.3378558273406378,0.3551944924747643,0.03710572071776,0.026355247241356,0.047856194194164,season-weighted final PA W per selected current decision; no summed PA policy gain,True,bcap_swing__mlb_2023__20260909__r01,BCAP-SWING-v0.1.0,swing,2023,COMPLETE,fixed_development_policy_external_crossfit_nuisance_OPE,Q/value/delta/gain: raw W; outcome MSE: W^2; probabilities/coverage: fraction; sample counts: explicit rows/PA/games,Take_adjudicated,Swing_offer_including_bunts,1-1,OUT,NFB,,,,,
cell,1-1|OUT|NFB,always_1,17974.0,0.2238974050542106,0.2109840448431991,0.2368107652652221,-0.0855220341357304,-0.1097727627960819,-0.0612713054753788,season-weighted final PA W per selected current decision; no summed PA policy gain,True,bcap_swing__mlb_2023__20260909__r01,BCAP-SWING-v0.1.0,swing,2023,COMPLETE,fixed_development_policy_external_crossfit_nuisance_OPE,Q/value/delta/gain: raw W; outcome MSE: W^2; probabilities/coverage: fraction; sample counts: explicit rows/PA/games,Take_adjudicated,Swing_offer_including_bunts,1-1,OUT,NFB,,,,,
cell,1-1|OUT|NFB,learned,17974.0,0.346525159907701,0.3378558273406378,0.3551944924747643,0.03710572071776,0.026355247241356,0.047856194194164,season-weighted final PA W per selected current decision; no summed PA policy gain,True,bcap_swing__mlb_2023__20260909__r01,BCAP-SWING-v0.1.0,swing,2023,COMPLETE,fixed_development_policy_external_crossfit_nuisance_OPE,Q/value/delta/gain: raw W; outcome MSE: W^2; probabilities/coverage: fraction; sample counts: explicit rows/PA/games,Take_adjudicated,Swing_offer_including_bunts,1-1,OUT,NFB,,,,,
cell,1-1|OUT|NFB,conservative,17974.0,0.309419439189941,0.3023540572185407,0.3164848211613413,0.0,0.0,0.0,season-weighted final PA W per selected current decision; no summed PA policy gain,True,bcap_swing__mlb_2023__20260909__r01,BCAP-SWING-v0.1.0,swing,2023,COMPLETE,fixed_development_policy_external_crossfit_nuisance_OPE,Q/value/delta/gain: raw W; outcome MSE: W^2; probabilities/coverage: fraction; sample counts: explicit rows/PA/games,Take_adjudicated,Swing_offer_including_bunts,1-1,OUT,NFB,,,,,
cell,1-1|OUT|NFB,stochastic_half,17974.0,0.2852112824809558,0.2773743265736961,0.2930482383882155,-0.0242081567089851,-0.0333483185182034,-0.0150679948997669,season-weighted final PA W per selected current decision; no summed PA policy gain,True,bcap_swing__mlb_2023__20260909__r01,BCAP-SWING-v0.1.0,swing,2023,COMPLETE,fixed_development_policy_external_crossfit_nuisance_OPE,Q/value/delta/gain: raw W; outcome MSE: W^2; probabilities/coverage: fraction; sample counts: explicit rows/PA/games,Take_adjudicated,Swing_offer_including_bunts,1-1,OUT,NFB,,,,,
cell,1-2|BOUNDARY|FB,observed,7399.0,0.2032511150155426,0.1928317832401709,0.2136704467909143,0.0,0.0,0.0,season-weighted final PA W per selected current decision; no summed PA policy gain,True,bcap_swing__mlb_2023__20260909__r01,BCAP-SWING-v0.1.0,swing,2023,COMPLETE,fixed_development_policy_external_crossfit_nuisance_OPE,Q/value/delta/gain: raw W; outcome MSE: W^2; probabilities/coverage: fraction; sample counts: explicit rows/PA/games,Take_adjudicated,Swing_offer_including_bunts,1-2,BOUNDARY,FB,,,,,
cell,1-2|BOUNDARY|FB,always_0,7399.0,0.0962131657151955,0.0781165486252224,0.1143097828051685,-0.1070379493003471,-0.1443244996534893,-0.0697513989472049,season-weighted final PA W per selected current decision; no summed PA policy gain,True,bcap_swing__mlb_2023__20260909__r01,BCAP-SWING-v0.1.0,swing,2023,COMPLETE,fixed_development_policy_external_crossfit_nuisance_OPE,Q/value/delta/gain: raw W; outcome MSE: W^2; probabilities/coverage: fraction; sample counts: explicit rows/PA/games,Take_adjudicated,Swing_offer_including_bunts,1-2,BOUNDARY,FB,,,,,
cell,1-2|BOUNDARY|FB,always_1,7399.0,0.2266746636260883,0.2150517466327648,0.2382975806194118,0.0234235486105456,0.0143521008278748,0.0324949963932165,season-weighted final PA W per selected current decision; no summed PA policy gain,True,bcap_swing__mlb_2023__20260909__r01,BCAP-SWING-v0.1.0,swing,2023,COMPLETE,fixed_development_policy_external_crossfit_nuisance_OPE,Q/value/delta/gain: raw W; outcome MSE: W^2; probabilities/coverage: fraction; sample counts: explicit rows/PA/games,Take_adjudicated,Swing_offer_including_bunts,1-2,BOUNDARY,FB,,,,,
cell,1-2|BOUNDARY|FB,learned,7399.0,0.2266746636260883,0.2150517466327648,0.2382975806194118,0.0234235486105456,0.0143521008278748,0.0324949963932165,season-weighted final PA W per selected current decision; no summed PA policy gain,True,bcap_swing__mlb_2023__20260909__r01,BCAP-SWING-v0.1.0,swing,2023,COMPLETE,fixed_development_policy_external_crossfit_nuisance_OPE,Q/value/delta/gain: raw W; outcome MSE: W^2; probabilities/coverage: fraction; sample counts: explicit rows/PA/games,Take_adjudicated,Swing_offer_including_bunts,1-2,BOUNDARY,FB,,,,,
cell,1-2|BOUNDARY|FB,conservative,7399.0,0.2032511150155426,0.1928317832401709,0.2136704467909143,0.0,0.0,0.0,season-weighted final PA W per selected current decision; no summed PA policy gain,True,bcap_swing__mlb_2023__20260909__r01,BCAP-SWING-v0.1.0,swing,2023,COMPLETE,fixed_development_policy_external_crossfit_nuisance_OPE,Q/value/delta/gain: raw W; outcome MSE: W^2; probabilities/coverage: fraction; sample counts: explicit rows/PA/games,Take_adjudicated,Swing_offer_including_bunts,1-2,BOUNDARY,FB,,,,,
cell,1-2|BOUNDARY|FB,stochastic_half,7399.0,0.1614439146706419,0.1506878748669696,0.1721999544743142,-0.0418072003449007,-0.0564797219866847,-0.0271346787031166,season-weighted final PA W per selected current decision; no summed PA policy gain,True,bcap_swing__mlb_2023__20260909__r01,BCAP-SWING-v0.1.0,swing,2023,COMPLETE,fixed_development_policy_external_crossfit_nuisance_OPE,Q/value/delta/gain: raw W; outcome MSE: W^2; probabilities/coverage: fraction; sample counts: explicit rows/PA/games,Take_adjudicated,Swing_offer_including_bunts,1-2,BOUNDARY,FB,,,,,
cell,1-2|BOUNDARY|NFB,observed,6823.0,0.2124695881577018,0.2012075509798709,0.2237316253355327,0.0,0.0,0.0,season-weighted final PA W per selected current decision; no summed PA policy gain,True,bcap_swing__mlb_2023__20260909__r01,BCAP-SWING-v0.1.0,swing,2023,COMPLETE,fixed_development_policy_external_crossfit_nuisance_OPE,Q/value/delta/gain: raw W; outcome MSE: W^2; probabilities/coverage: fraction; sample counts: explicit rows/PA/games,Take_adjudicated,Swing_offer_including_bunts,1-2,BOUNDARY,NFB,,,,,
cell,1-2|BOUNDARY|NFB,always_0,6823.0,0.1099579884561534,0.0851122913792921,0.1348036855330147,-0.1025115997015484,-0.1537650104412671,-0.0512581889618297,season-weighted final PA W per selected current decision; no summed PA policy gain,True,bcap_swing__mlb_2023__20260909__r01,BCAP-SWING-v0.1.0,swing,2023,COMPLETE,fixed_development_policy_external_crossfit_nuisance_OPE,Q/value/delta/gain: raw W; outcome MSE: W^2; probabilities/coverage: fraction; sample counts: explicit rows/PA/games,Take_adjudicated,Swing_offer_including_bunts,1-2,BOUNDARY,NFB,,,,,
cell,1-2|BOUNDARY|NFB,always_1,6823.0,0.2246842197256588,0.2124112026400465,0.2369572368112711,0.0122146315679569,0.0040813032300977,0.0203479599058161,season-weighted final PA W per selected current decision; no summed PA policy gain,True,bcap_swing__mlb_2023__20260909__r01,BCAP-SWING-v0.1.0,swing,2023,COMPLETE,fixed_development_policy_external_crossfit_nuisance_OPE,Q/value/delta/gain: raw W; outcome MSE: W^2; probabilities/coverage: fraction; sample counts: explicit rows/PA/games,Take_adjudicated,Swing_offer_including_bunts,1-2,BOUNDARY,NFB,,,,,
cell,1-2|BOUNDARY|NFB,learned,6823.0,0.2246842197256588,0.2124112026400465,0.2369572368112711,0.0122146315679569,0.0040813032300977,0.0203479599058161,season-weighted final PA W per selected current decision; no summed PA policy gain,True,bcap_swing__mlb_2023__20260909__r01,BCAP-SWING-v0.1.0,swing,2023,COMPLETE,fixed_development_policy_external_crossfit_nuisance_OPE,Q/value/delta/gain: raw W; outcome MSE: W^2; probabilities/coverage: fraction; sample counts: explicit rows/PA/games,Take_adjudicated,Swing_offer_including_bunts,1-2,BOUNDARY,NFB,,,,,
cell,1-2|BOUNDARY|NFB,conservative,6823.0,0.2124695881577018,0.2012075509798709,0.2237316253355327,0.0,0.0,0.0,season-weighted final PA W per selected current decision; no summed PA policy gain,True,bcap_swing__mlb_2023__20260909__r01,BCAP-SWING-v0.1.0,swing,2023,COMPLETE,fixed_development_policy_external_crossfit_nuisance_OPE,Q/value/delta/gain: raw W; outcome MSE: W^2; probabilities/coverage: fraction; sample counts: explicit rows/PA/games,Take_adjudicated,Swing_offer_including_bunts,1-2,BOUNDARY,NFB,,,,,
cell,1-2|BOUNDARY|NFB,stochastic_half,6823.0,0.1673211040909061,0.1534555436056459,0.1811866645761663,-0.0451484840667957,-0.0671128190107407,-0.0231841491228507,season-weighted final PA W per selected current decision; no summed PA policy gain,True,bcap_swing__mlb_2023__20260909__r01,BCAP-SWING-v0.1.0,swing,2023,COMPLETE,fixed_development_policy_external_crossfit_nuisance_OPE,Q/value/delta/gain: raw W; outcome MSE: W^2; probabilities/coverage: fraction; sample counts: explicit rows/PA/games,Take_adjudicated,Swing_offer_including_bunts,1-2,BOUNDARY,NFB,,,,,
cell,1-2|INNER|FB,observed,7142.0,0.2512472696723606,0.239421287233411,0.2630732521113103,0.0,0.0,0.0,season-weighted final PA W per selected current decision; no summed PA policy gain,True,bcap_swing__mlb_2023__20260909__r01,BCAP-SWING-v0.1.0,swing,2023,COMPLETE,fixed_development_policy_external_crossfit_nuisance_OPE,Q/value/delta/gain: raw W; outcome MSE: W^2; probabilities/coverage: fraction; sample counts: explicit rows/PA/games,Take_adjudicated,Swing_offer_including_bunts,1-2,INNER,FB,,,,,
cell,1-2|INNER|FB,always_0,7142.0,0.0407105368059263,0.0290436295556416,0.052377444056211,-0.2105367328664343,-0.2433978407561307,-0.1776756249767379,season-weighted final PA W per selected current decision; no summed PA policy gain,True,bcap_swing__mlb_2023__20260909__r01,BCAP-SWING-v0.1.0,swing,2023,COMPLETE,fixed_development_policy_external_crossfit_nuisance_OPE,Q/value/delta/gain: raw W; outcome MSE: W^2; probabilities/coverage: fraction; sample counts: explicit rows/PA/games,Take_adjudicated,Swing_offer_including_bunts,1-2,INNER,FB,,,,,
cell,1-2|INNER|FB,always_1,7142.0,0.2733068329207822,0.2603736279383385,0.2862400379032258,0.0220595632484215,0.0172222487022169,0.0268968777946261,season-weighted final PA W per selected current decision; no summed PA policy gain,True,bcap_swing__mlb_2023__20260909__r01,BCAP-SWING-v0.1.0,swing,2023,COMPLETE,fixed_development_policy_external_crossfit_nuisance_OPE,Q/value/delta/gain: raw W; outcome MSE: W^2; probabilities/coverage: fraction; sample counts: explicit rows/PA/games,Take_adjudicated,Swing_offer_including_bunts,1-2,INNER,FB,,,,,
cell,1-2|INNER|FB,learned,7142.0,0.2733068329207822,0.2603736279383385,0.2862400379032258,0.0220595632484215,0.0172222487022169,0.0268968777946261,season-weighted final PA W per selected current decision; no summed PA policy gain,True,bcap_swing__mlb_2023__20260909__r01,BCAP-SWING-v0.1.0,swing,2023,COMPLETE,fixed_development_policy_external_crossfit_nuisance_OPE,Q/value/delta/gain: raw W; outcome MSE: W^2; probabilities/coverage: fraction; sample counts: explicit rows/PA/games,Take_adjudicated,Swing_offer_including_bunts,1-2,INNER,FB,,,,,
cell,1-2|INNER|FB,conservative,7142.0,0.2512472696723606,0.239421287233411,0.2630732521113103,0.0,0.0,0.0,season-weighted final PA W per selected current decision; no summed PA policy gain,True,bcap_swing__mlb_2023__20260909__r01,BCAP-SWING-v0.1.0,swing,2023,COMPLETE,fixed_development_policy_external_crossfit_nuisance_OPE,Q/value/delta/gain: raw W; outcome MSE: W^2; probabilities/coverage: fraction; sample counts: explicit rows/PA/games,Take_adjudicated,Swing_offer_including_bunts,1-2,INNER,FB,,,,,
cell,1-2|INNER|FB,stochastic_half,7142.0,0.1570086848633543,0.1483292222910428,0.1656881474356657,-0.0942385848090063,-0.1086420482741373,-0.0798351213438754,season-weighted final PA W per selected current decision; no summed PA policy gain,True,bcap_swing__mlb_2023__20260909__r01,BCAP-SWING-v0.1.0,swing,2023,COMPLETE,fixed_development_policy_external_crossfit_nuisance_OPE,Q/value/delta/gain: raw W; outcome MSE: W^2; probabilities/coverage: fraction; sample counts: explicit rows/PA/games,Take_adjudicated,Swing_offer_including_bunts,1-2,INNER,FB,,,,,
cell,1-2|INNER|NFB,observed,5377.0,0.2580596987167565,0.244010433548341,0.272108963885172,0.0,0.0,0.0,season-weighted final PA W per selected current decision; no summed PA policy gain,True,bcap_swing__mlb_2023__20260909__r01,BCAP-SWING-v0.1.0,swing,2023,COMPLETE,fixed_development_policy_external_crossfit_nuisance_OPE,Q/value/delta/gain: raw W; outcome MSE: W^2; probabilities/coverage: fraction; sample counts: explicit rows/PA/games,Take_adjudicated,Swing_offer_including_bunts,1-2,INNER,NFB,,,,,
cell,1-2|INNER|NFB,always_0,5377.0,0.0659050491879225,0.0512368606634349,0.0805732377124102,-0.1921546495288339,-0.2318727218860759,-0.1524365771715919,season-weighted final PA W per selected current decision; no summed PA policy gain,True,bcap_swing__mlb_2023__20260909__r01,BCAP-SWING-v0.1.0,swing,2023,COMPLETE,fixed_development_policy_external_crossfit_nuisance_OPE,Q/value/delta/gain: raw W; outcome MSE: W^2; probabilities/coverage: fraction; sample counts: explicit rows/PA/games,Take_adjudicated,Swing_offer_including_bunts,1-2,INNER,NFB,,,,,
cell,1-2|INNER|NFB,always_1,5377.0,0.2731373340249126,0.2578887507131598,0.2883859173366654,0.015077635308156,0.0101029088689038,0.0200523617474081,season-weighted final PA W per selected current decision; no summed PA policy gain,True,bcap_swing__mlb_2023__20260909__r01,BCAP-SWING-v0.1.0,swing,2023,COMPLETE,fixed_development_policy_external_crossfit_nuisance_OPE,Q/value/delta/gain: raw W; outcome MSE: W^2; probabilities/coverage: fraction; sample counts: explicit rows/PA/games,Take_adjudicated,Swing_offer_including_bunts,1-2,INNER,NFB,,,,,
cell,1-2|INNER|NFB,learned,5377.0,0.2731373340249126,0.2578887507131598,0.2883859173366654,0.015077635308156,0.0101029088689038,0.0200523617474081,season-weighted final PA W per selected current decision; no summed PA policy gain,True,bcap_swing__mlb_2023__20260909__r01,BCAP-SWING-v0.1.0,swing,2023,COMPLETE,fixed_development_policy_external_crossfit_nuisance_OPE,Q/value/delta/gain: raw W; outcome MSE: W^2; probabilities/coverage: fraction; sample counts: explicit rows/PA/games,Take_adjudicated,Swing_offer_including_bunts,1-2,INNER,NFB,,,,,
cell,1-2|INNER|NFB,conservative,5377.0,0.2580596987167565,0.244010433548341,0.272108963885172,0.0,0.0,0.0,season-weighted final PA W per selected current decision; no summed PA policy gain,True,bcap_swing__mlb_2023__20260909__r01,BCAP-SWING-v0.1.0,swing,2023,COMPLETE,fixed_development_policy_external_crossfit_nuisance_OPE,Q/value/delta/gain: raw W; outcome MSE: W^2; probabilities/coverage: fraction; sample counts: explicit rows/PA/games,Take_adjudicated,Swing_offer_including_bunts,1-2,INNER,NFB,,,,,
cell,1-2|INNER|NFB,stochastic_half,5377.0,0.1695211916064176,0.158774960281025,0.1802674229318101,-0.0885385071103389,-0.1062210205916348,-0.0708559936290431,season-weighted final PA W per selected current decision; no summed PA policy gain,True,bcap_swing__mlb_2023__20260909__r01,BCAP-SWING-v0.1.0,swing,2023,COMPLETE,fixed_development_policy_external_crossfit_nuisance_OPE,Q/value/delta/gain: raw W; outcome MSE: W^2; probabilities/coverage: fraction; sample counts: explicit rows/PA/games,Take_adjudicated,Swing_offer_including_bunts,1-2,INNER,NFB,,,,,
cell,1-2|OUT|FB,observed,15768.0,0.2326830923389142,0.2255608066479924,0.2398053780298361,0.0,0.0,0.0,season-weighted final PA W per selected current decision; no summed PA policy gain,True,bcap_swing__mlb_2023__20260909__r01,BCAP-SWING-v0.1.0,swing,2023,COMPLETE,fixed_development_policy_external_crossfit_nuisance_OPE,Q/value/delta/gain: raw W; outcome MSE: W^2; probabilities/coverage: fraction; sample counts: explicit rows/PA/games,Take_adjudicated,Swing_offer_including_bunts,1-2,OUT,FB,,,,,
cell,1-2|OUT|FB,always_0,15768.0,0.2599585386800603,0.2515497952141725,0.2683672821459481,0.027275446341146,0.0166138133069351,0.037937079375357,season-weighted final PA W per selected current decision; no summed PA policy gain,True,bcap_swing__mlb_2023__20260909__r01,BCAP-SWING-v0.1.0,swing,2023,COMPLETE,fixed_development_policy_external_crossfit_nuisance_OPE,Q/value/delta/gain: raw W; outcome MSE: W^2; probabilities/coverage: fraction; sample counts: explicit rows/PA/games,Take_adjudicated,Swing_offer_including_bunts,1-2,OUT,FB,,,,,
cell,1-2|OUT|FB,always_1,15768.0,0.1640329823058474,0.1523982775738755,0.1756676870378192,-0.0686501100330668,-0.0895611215869769,-0.0477390984791567,season-weighted final PA W per selected current decision; no summed PA policy gain,True,bcap_swing__mlb_2023__20260909__r01,BCAP-SWING-v0.1.0,swing,2023,COMPLETE,fixed_development_policy_external_crossfit_nuisance_OPE,Q/value/delta/gain: raw W; outcome MSE: W^2; probabilities/coverage: fraction; sample counts: explicit rows/PA/games,Take_adjudicated,Swing_offer_including_bunts,1-2,OUT,FB,,,,,
cell,1-2|OUT|FB,learned,15768.0,0.2599585386800603,0.2515497952141725,0.2683672821459481,0.027275446341146,0.0166138133069351,0.037937079375357,season-weighted final PA W per selected current decision; no summed PA policy gain,True,bcap_swing__mlb_2023__20260909__r01,BCAP-SWING-v0.1.0,swing,2023,COMPLETE,fixed_development_policy_external_crossfit_nuisance_OPE,Q/value/delta/gain: raw W; outcome MSE: W^2; probabilities/coverage: fraction; sample counts: explicit rows/PA/games,Take_adjudicated,Swing_offer_including_bunts,1-2,OUT,FB,,,,,
cell,1-2|OUT|FB,conservative,15768.0,0.2326830923389142,0.2255608066479924,0.2398053780298361,0.0,0.0,0.0,season-weighted final PA W per selected current decision; no summed PA policy gain,True,bcap_swing__mlb_2023__20260909__r01,BCAP-SWING-v0.1.0,swing,2023,COMPLETE,fixed_development_policy_external_crossfit_nuisance_OPE,Q/value/delta/gain: raw W; outcome MSE: W^2; probabilities/coverage: fraction; sample counts: explicit rows/PA/games,Take_adjudicated,Swing_offer_including_bunts,1-2,OUT,FB,,,,,
cell,1-2|OUT|FB,stochastic_half,15768.0,0.2119957604929538,0.2046825782440961,0.2193089427418115,-0.0206873318459603,-0.0279100022453296,-0.0134646614465911,season-weighted final PA W per selected current decision; no summed PA policy gain,True,bcap_swing__mlb_2023__20260909__r01,BCAP-SWING-v0.1.0,swing,2023,COMPLETE,fixed_development_policy_external_crossfit_nuisance_OPE,Q/value/delta/gain: raw W; outcome MSE: W^2; probabilities/coverage: fraction; sample counts: explicit rows/PA/games,Take_adjudicated,Swing_offer_including_bunts,1-2,OUT,FB,,,,,
cell,1-2|OUT|NFB,observed,24058.0,0.2132568376423642,0.2075668138409723,0.2189468614437562,0.0,0.0,0.0,season-weighted final PA W per selected current decision; no summed PA policy gain,True,bcap_swing__mlb_2023__20260909__r01,BCAP-SWING-v0.1.0,swing,2023,COMPLETE,fixed_development_policy_external_crossfit_nuisance_OPE,Q/value/delta/gain: raw W; outcome MSE: W^2; probabilities/coverage: fraction; sample counts: explicit rows/PA/games,Take_adjudicated,Swing_offer_including_bunts,1-2,OUT,NFB,,,,,
cell,1-2|OUT|NFB,always_0,24058.0,0.2707130418262546,0.2628270142421972,0.2785990694103121,0.0574562041838903,0.0472409657747233,0.0676714425930574,season-weighted final PA W per selected current decision; no summed PA policy gain,True,bcap_swing__mlb_2023__20260909__r01,BCAP-SWING-v0.1.0,swing,2023,COMPLETE,fixed_development_policy_external_crossfit_nuisance_OPE,Q/value/delta/gain: raw W; outcome MSE: W^2; probabilities/coverage: fraction; sample counts: explicit rows/PA/games,Take_adjudicated,Swing_offer_including_bunts,1-2,OUT,NFB,,,,,
cell,1-2|OUT|NFB,always_1,24058.0,0.0996106637015076,0.0934188627849158,0.1058024646180994,-0.1136461739408566,-0.1255532900551886,-0.1017390578265246,season-weighted final PA W per selected current decision; no summed PA policy gain,True,bcap_swing__mlb_2023__20260909__r01,BCAP-SWING-v0.1.0,swing,2023,COMPLETE,fixed_development_policy_external_crossfit_nuisance_OPE,Q/value/delta/gain: raw W; outcome MSE: W^2; probabilities/coverage: fraction; sample counts: explicit rows/PA/games,Take_adjudicated,Swing_offer_including_bunts,1-2,OUT,NFB,,,,,
cell,1-2|OUT|NFB,learned,24058.0,0.2707130418262546,0.2628270142421972,0.2785990694103121,0.0574562041838903,0.0472409657747233,0.0676714425930574,season-weighted final PA W per selected current decision; no summed PA policy gain,True,bcap_swing__mlb_2023__20260909__r01,BCAP-SWING-v0.1.0,swing,2023,COMPLETE,fixed_development_policy_external_crossfit_nuisance_OPE,Q/value/delta/gain: raw W; outcome MSE: W^2; probabilities/coverage: fraction; sample counts: explicit rows/PA/games,Take_adjudicated,Swing_offer_including_bunts,1-2,OUT,NFB,,,,,
cell,1-2|OUT|NFB,conservative,24058.0,0.2132568376423642,0.2075668138409723,0.2189468614437562,0.0,0.0,0.0,season-weighted final PA W per selected current decision; no summed PA policy gain,True,bcap_swing__mlb_2023__20260909__r01,BCAP-SWING-v0.1.0,swing,2023,COMPLETE,fixed_development_policy_external_crossfit_nuisance_OPE,Q/value/delta/gain: raw W; outcome MSE: W^2; probabilities/coverage: fraction; sample counts: explicit rows/PA/games,Take_adjudicated,Swing_offer_including_bunts,1-2,OUT,NFB,,,,,
cell,1-2|OUT|NFB,stochastic_half,24058.0,0.1851618527638811,0.1799744611090262,0.190349244418736,-0.0280949848784831,-0.0323167129261806,-0.0238732568307856,season-weighted final PA W per selected current decision; no summed PA policy gain,True,bcap_swing__mlb_2023__20260909__r01,BCAP-SWING-v0.1.0,swing,2023,COMPLETE,fixed_development_policy_external_crossfit_nuisance_OPE,Q/value/delta/gain: raw W; outcome MSE: W^2; probabilities/coverage: fraction; sample counts: explicit rows/PA/games,Take_adjudicated,Swing_offer_including_bunts,1-2,OUT,NFB,,,,,
cell,2-0|BOUNDARY|FB,observed,4573.0,0.3818994095779575,0.3673473021883901,0.3964515169675249,0.0,0.0,0.0,season-weighted final PA W per selected current decision; no summed PA policy gain,True,bcap_swing__mlb_2023__20260909__r01,BCAP-SWING-v0.1.0,swing,2023,COMPLETE,fixed_development_policy_external_crossfit_nuisance_OPE,Q/value/delta/gain: raw W; outcome MSE: W^2; probabilities/coverage: fraction; sample counts: explicit rows/PA/games,Take_adjudicated,Swing_offer_including_bunts,2-0,BOUNDARY,FB,,,,,
cell,2-0|BOUNDARY|FB,always_0,4573.0,0.3749121625968367,0.3563194739336149,0.3935048512600585,-0.0069872469811208,-0.037534238735522,0.0235597447732804,season-weighted final PA W per selected current decision; no summed PA policy gain,True,bcap_swing__mlb_2023__20260909__r01,BCAP-SWING-v0.1.0,swing,2023,COMPLETE,fixed_development_policy_external_crossfit_nuisance_OPE,Q/value/delta/gain: raw W; outcome MSE: W^2; probabilities/coverage: fraction; sample counts: explicit rows/PA/games,Take_adjudicated,Swing_offer_including_bunts,2-0,BOUNDARY,FB,,,,,
cell,2-0|BOUNDARY|FB,always_1,4573.0,0.3833368602584163,0.3601053542757656,0.406568366241067,0.0014374506804587,-0.032124406557601,0.0349993079185186,season-weighted final PA W per selected current decision; no summed PA policy gain,True,bcap_swing__mlb_2023__20260909__r01,BCAP-SWING-v0.1.0,swing,2023,COMPLETE,fixed_development_policy_external_crossfit_nuisance_OPE,Q/value/delta/gain: raw W; outcome MSE: W^2; probabilities/coverage: fraction; sample counts: explicit rows/PA/games,Take_adjudicated,Swing_offer_including_bunts,2-0,BOUNDARY,FB,,,,,
cell,2-0|BOUNDARY|FB,learned,4573.0,0.3749121625968367,0.3563194739336149,0.3935048512600585,-0.0069872469811208,-0.037534238735522,0.0235597447732804,season-weighted final PA W per selected current decision; no summed PA policy gain,True,bcap_swing__mlb_2023__20260909__r01,BCAP-SWING-v0.1.0,swing,2023,COMPLETE,fixed_development_policy_external_crossfit_nuisance_OPE,Q/value/delta/gain: raw W; outcome MSE: W^2; probabilities/coverage: fraction; sample counts: explicit rows/PA/games,Take_adjudicated,Swing_offer_including_bunts,2-0,BOUNDARY,FB,,,,,
cell,2-0|BOUNDARY|FB,conservative,4573.0,0.3818994095779575,0.3673473021883901,0.3964515169675249,0.0,0.0,0.0,season-weighted final PA W per selected current decision; no summed PA policy gain,True,bcap_swing__mlb_2023__20260909__r01,BCAP-SWING-v0.1.0,swing,2023,COMPLETE,fixed_development_policy_external_crossfit_nuisance_OPE,Q/value/delta/gain: raw W; outcome MSE: W^2; probabilities/coverage: fraction; sample counts: explicit rows/PA/games,Take_adjudicated,Swing_offer_including_bunts,2-0,BOUNDARY,FB,,,,,
cell,2-0|BOUNDARY|FB,stochastic_half,4573.0,0.3791245114276266,0.364109779167162,0.3941392436880912,-0.002774898150331,-0.0098619504886485,0.0043121541879865,season-weighted final PA W per selected current decision; no summed PA policy gain,True,bcap_swing__mlb_2023__20260909__r01,BCAP-SWING-v0.1.0,swing,2023,COMPLETE,fixed_development_policy_external_crossfit_nuisance_OPE,Q/value/delta/gain: raw W; outcome MSE: W^2; probabilities/coverage: fraction; sample counts: explicit rows/PA/games,Take_adjudicated,Swing_offer_including_bunts,2-0,BOUNDARY,FB,,,,,
cell,2-0|BOUNDARY|NFB,observed,1724.0,0.3809124129930394,0.3569525773630745,0.4048722486230043,0.0,0.0,0.0,season-weighted final PA W per selected current decision; no summed PA policy gain,True,bcap_swing__mlb_2023__20260909__r01,BCAP-SWING-v0.1.0,swing,2023,COMPLETE,fixed_development_policy_external_crossfit_nuisance_OPE,Q/value/delta/gain: raw W; outcome MSE: W^2; probabilities/coverage: fraction; sample counts: explicit rows/PA/games,Take_adjudicated,Swing_offer_including_bunts,2-0,BOUNDARY,NFB,,,,,
cell,2-0|BOUNDARY|NFB,always_0,1724.0,0.3790779289021582,0.3480562654495117,0.4100995923548047,-0.0018344840908812,-0.0491717659319438,0.0455027977501814,season-weighted final PA W per selected current decision; no summed PA policy gain,True,bcap_swing__mlb_2023__20260909__r01,BCAP-SWING-v0.1.0,swing,2023,COMPLETE,fixed_development_policy_external_crossfit_nuisance_OPE,Q/value/delta/gain: raw W; outcome MSE: W^2; probabilities/coverage: fraction; sample counts: explicit rows/PA/games,Take_adjudicated,Swing_offer_including_bunts,2-0,BOUNDARY,NFB,,,,,
cell,2-0|BOUNDARY|NFB,always_1,1724.0,0.3861382711705829,0.343835533608999,0.4284410087321668,0.0052258581775434,-0.0629382394844872,0.0733899558395741,season-weighted final PA W per selected current decision; no summed PA policy gain,True,bcap_swing__mlb_2023__20260909__r01,BCAP-SWING-v0.1.0,swing,2023,COMPLETE,fixed_development_policy_external_crossfit_nuisance_OPE,Q/value/delta/gain: raw W; outcome MSE: W^2; probabilities/coverage: fraction; sample counts: explicit rows/PA/games,Take_adjudicated,Swing_offer_including_bunts,2-0,BOUNDARY,NFB,,,,,
cell,2-0|BOUNDARY|NFB,learned,1724.0,0.3790779289021582,0.3480562654495117,0.4100995923548047,-0.0018344840908812,-0.0491717659319438,0.0455027977501814,season-weighted final PA W per selected current decision; no summed PA policy gain,True,bcap_swing__mlb_2023__20260909__r01,BCAP-SWING-v0.1.0,swing,2023,COMPLETE,fixed_development_policy_external_crossfit_nuisance_OPE,Q/value/delta/gain: raw W; outcome MSE: W^2; probabilities/coverage: fraction; sample counts: explicit rows/PA/games,Take_adjudicated,Swing_offer_including_bunts,2-0,BOUNDARY,NFB,,,,,
cell,2-0|BOUNDARY|NFB,conservative,1724.0,0.3809124129930394,0.3569525773630745,0.4048722486230043,0.0,0.0,0.0,season-weighted final PA W per selected current decision; no summed PA policy gain,True,bcap_swing__mlb_2023__20260909__r01,BCAP-SWING-v0.1.0,swing,2023,COMPLETE,fixed_development_policy_external_crossfit_nuisance_OPE,Q/value/delta/gain: raw W; outcome MSE: W^2; probabilities/coverage: fraction; sample counts: explicit rows/PA/games,Take_adjudicated,Swing_offer_including_bunts,2-0,BOUNDARY,NFB,,,,,
cell,2-0|BOUNDARY|NFB,stochastic_half,1724.0,0.3826081000363706,0.3567123433029999,0.4085038567697412,0.0016956870433311,-0.0143136570373214,0.0177050311239836,season-weighted final PA W per selected current decision; no summed PA policy gain,True,bcap_swing__mlb_2023__20260909__r01,BCAP-SWING-v0.1.0,swing,2023,COMPLETE,fixed_development_policy_external_crossfit_nuisance_OPE,Q/value/delta/gain: raw W; outcome MSE: W^2; probabilities/coverage: fraction; sample counts: explicit rows/PA/games,Take_adjudicated,Swing_offer_including_bunts,2-0,BOUNDARY,NFB,,,,,
cell,2-0|INNER|FB,observed,6156.0,0.3673115659519168,0.3542770165116053,0.3803461153922283,0.0,0.0,0.0,season-weighted final PA W per selected current decision; no summed PA policy gain,True,bcap_swing__mlb_2023__20260909__r01,BCAP-SWING-v0.1.0,swing,2023,COMPLETE,fixed_development_policy_external_crossfit_nuisance_OPE,Q/value/delta/gain: raw W; outcome MSE: W^2; probabilities/coverage: fraction; sample counts: explicit rows/PA/games,Take_adjudicated,Swing_offer_including_bunts,2-0,INNER,FB,,,,,
cell,2-0|INNER|FB,always_0,6156.0,0.3259815924613124,0.3005338772020667,0.3514293077205581,-0.0413299734906043,-0.0895229847570072,0.0068630377757984,season-weighted final PA W per selected current decision; no summed PA policy gain,True,bcap_swing__mlb_2023__20260909__r01,BCAP-SWING-v0.1.0,swing,2023,COMPLETE,fixed_development_policy_external_crossfit_nuisance_OPE,Q/value/delta/gain: raw W; outcome MSE: W^2; probabilities/coverage: fraction; sample counts: explicit rows/PA/games,Take_adjudicated,Swing_offer_including_bunts,2-0,INNER,FB,,,,,
cell,2-0|INNER|FB,always_1,6156.0,0.3824828158364061,0.3665484710028492,0.3984171606699629,0.0151712498844893,-0.0026135623227988,0.0329560620917774,season-weighted final PA W per selected current decision; no summed PA policy gain,True,bcap_swing__mlb_2023__20260909__r01,BCAP-SWING-v0.1.0,swing,2023,COMPLETE,fixed_development_policy_external_crossfit_nuisance_OPE,Q/value/delta/gain: raw W; outcome MSE: W^2; probabilities/coverage: fraction; sample counts: explicit rows/PA/games,Take_adjudicated,Swing_offer_including_bunts,2-0,INNER,FB,,,,,
cell,2-0|INNER|FB,learned,6156.0,0.3824828158364061,0.3665484710028492,0.3984171606699629,0.0151712498844893,-0.0026135623227988,0.0329560620917774,season-weighted final PA W per selected current decision; no summed PA policy gain,True,bcap_swing__mlb_2023__20260909__r01,BCAP-SWING-v0.1.0,swing,2023,COMPLETE,fixed_development_policy_external_crossfit_nuisance_OPE,Q/value/delta/gain: raw W; outcome MSE: W^2; probabilities/coverage: fraction; sample counts: explicit rows/PA/games,Take_adjudicated,Swing_offer_including_bunts,2-0,INNER,FB,,,,,
cell,2-0|INNER|FB,conservative,6156.0,0.3673115659519168,0.3542770165116053,0.3803461153922283,0.0,0.0,0.0,season-weighted final PA W per selected current decision; no summed PA policy gain,True,bcap_swing__mlb_2023__20260909__r01,BCAP-SWING-v0.1.0,swing,2023,COMPLETE,fixed_development_policy_external_crossfit_nuisance_OPE,Q/value/delta/gain: raw W; outcome MSE: W^2; probabilities/coverage: fraction; sample counts: explicit rows/PA/games,Take_adjudicated,Swing_offer_including_bunts,2-0,INNER,FB,,,,,
cell,2-0|INNER|FB,stochastic_half,6156.0,0.3542322041488593,0.3395070209542874,0.3689573873434312,-0.0130793618030575,-0.0293612005891854,0.0032024769830703,season-weighted final PA W per selected current decision; no summed PA policy gain,True,bcap_swing__mlb_2023__20260909__r01,BCAP-SWING-v0.1.0,swing,2023,COMPLETE,fixed_development_policy_external_crossfit_nuisance_OPE,Q/value/delta/gain: raw W; outcome MSE: W^2; probabilities/coverage: fraction; sample counts: explicit rows/PA/games,Take_adjudicated,Swing_offer_including_bunts,2-0,INNER,FB,,,,,
cell,2-0|INNER|NFB,observed,2040.0,0.3965941176470587,0.3719261656074754,0.4212620696866421,0.0,0.0,0.0,season-weighted final PA W per selected current decision; no summed PA policy gain,True,bcap_swing__mlb_2023__20260909__r01,BCAP-SWING-v0.1.0,swing,2023,COMPLETE,fixed_development_policy_external_crossfit_nuisance_OPE,Q/value/delta/gain: raw W; outcome MSE: W^2; probabilities/coverage: fraction; sample counts: explicit rows/PA/games,Take_adjudicated,Swing_offer_including_bunts,2-0,INNER,NFB,,,,,
cell,2-0|INNER|NFB,always_0,2040.0,0.3826487911339886,0.3469568166057386,0.4183407656622385,-0.0139453265130702,-0.0763240227978283,0.0484333697716879,season-weighted final PA W per selected current decision; no summed PA policy gain,True,bcap_swing__mlb_2023__20260909__r01,BCAP-SWING-v0.1.0,swing,2023,COMPLETE,fixed_development_policy_external_crossfit_nuisance_OPE,Q/value/delta/gain: raw W; outcome MSE: W^2; probabilities/coverage: fraction; sample counts: explicit rows/PA/games,Take_adjudicated,Swing_offer_including_bunts,2-0,INNER,NFB,,,,,
cell,2-0|INNER|NFB,always_1,2040.0,0.4074358129241555,0.3736115192783691,0.4412601065699419,0.0108416952770967,-0.0329083049781958,0.0545916955323892,season-weighted final PA W per selected current decision; no summed PA policy gain,True,bcap_swing__mlb_2023__20260909__r01,BCAP-SWING-v0.1.0,swing,2023,COMPLETE,fixed_development_policy_external_crossfit_nuisance_OPE,Q/value/delta/gain: raw W; outcome MSE: W^2; probabilities/coverage: fraction; sample counts: explicit rows/PA/games,Take_adjudicated,Swing_offer_including_bunts,2-0,INNER,NFB,,,,,
cell,2-0|INNER|NFB,learned,2040.0,0.4074358129241555,0.3736115192783691,0.4412601065699419,0.0108416952770967,-0.0329083049781958,0.0545916955323892,season-weighted final PA W per selected current decision; no summed PA policy gain,True,bcap_swing__mlb_2023__20260909__r01,BCAP-SWING-v0.1.0,swing,2023,COMPLETE,fixed_development_policy_external_crossfit_nuisance_OPE,Q/value/delta/gain: raw W; outcome MSE: W^2; probabilities/coverage: fraction; sample counts: explicit rows/PA/games,Take_adjudicated,Swing_offer_including_bunts,2-0,INNER,NFB,,,,,
cell,2-0|INNER|NFB,conservative,2040.0,0.3965941176470587,0.3719261656074754,0.4212620696866421,0.0,0.0,0.0,season-weighted final PA W per selected current decision; no summed PA policy gain,True,bcap_swing__mlb_2023__20260909__r01,BCAP-SWING-v0.1.0,swing,2023,COMPLETE,fixed_development_policy_external_crossfit_nuisance_OPE,Q/value/delta/gain: raw W; outcome MSE: W^2; probabilities/coverage: fraction; sample counts: explicit rows/PA/games,Take_adjudicated,Swing_offer_including_bunts,2-0,INNER,NFB,,,,,
cell,2-0|INNER|NFB,stochastic_half,2040.0,0.395042302029072,0.3703784433881668,0.4197061606699773,-0.0015518156179867,-0.0153169325711829,0.0122133013352094,season-weighted final PA W per selected current decision; no summed PA policy gain,True,bcap_swing__mlb_2023__20260909__r01,BCAP-SWING-v0.1.0,swing,2023,COMPLETE,fixed_development_policy_external_crossfit_nuisance_OPE,Q/value/delta/gain: raw W; outcome MSE: W^2; probabilities/coverage: fraction; sample counts: explicit rows/PA/games,Take_adjudicated,Swing_offer_including_bunts,2-0,INNER,NFB,,,,,
cell,2-0|OUT|FB,observed,5583.0,0.4891941608454235,0.4779540875535119,0.5004342341373351,0.0,0.0,0.0,season-weighted final PA W per selected current decision; no summed PA policy gain,True,bcap_swing__mlb_2023__20260909__r01,BCAP-SWING-v0.1.0,swing,2023,COMPLETE,fixed_development_policy_external_crossfit_nuisance_OPE,Q/value/delta/gain: raw W; outcome MSE: W^2; probabilities/coverage: fraction; sample counts: explicit rows/PA/games,Take_adjudicated,Swing_offer_including_bunts,2-0,OUT,FB,,,,,
cell,2-0|OUT|FB,always_0,5583.0,0.5222092364861924,0.5103285039419126,0.5340899690304722,0.0330150756407688,0.0188522314452224,0.0471779198363151,season-weighted final PA W per selected current decision; no summed PA policy gain,True,bcap_swing__mlb_2023__20260909__r01,BCAP-SWING-v0.1.0,swing,2023,COMPLETE,fixed_development_policy_external_crossfit_nuisance_OPE,Q/value/delta/gain: raw W; outcome MSE: W^2; probabilities/coverage: fraction; sample counts: explicit rows/PA/games,Take_adjudicated,Swing_offer_including_bunts,2-0,OUT,FB,,,,,
cell,2-0|OUT|FB,always_1,5583.0,0.3238494706133283,0.2943385230027368,0.3533604182239198,-0.1653446902320952,-0.2213197852760963,-0.1093695951880942,season-weighted final PA W per selected current decision; no summed PA policy gain,True,bcap_swing__mlb_2023__20260909__r01,BCAP-SWING-v0.1.0,swing,2023,COMPLETE,fixed_development_policy_external_crossfit_nuisance_OPE,Q/value/delta/gain: raw W; outcome MSE: W^2; probabilities/coverage: fraction; sample counts: explicit rows/PA/games,Take_adjudicated,Swing_offer_including_bunts,2-0,OUT,FB,,,,,
cell,2-0|OUT|FB,learned,5583.0,0.5222092364861924,0.5103285039419126,0.5340899690304722,0.0330150756407688,0.0188522314452224,0.0471779198363151,season-weighted final PA W per selected current decision; no summed PA policy gain,True,bcap_swing__mlb_2023__20260909__r01,BCAP-SWING-v0.1.0,swing,2023,COMPLETE,fixed_development_policy_external_crossfit_nuisance_OPE,Q/value/delta/gain: raw W; outcome MSE: W^2; probabilities/coverage: fraction; sample counts: explicit rows/PA/games,Take_adjudicated,Swing_offer_including_bunts,2-0,OUT,FB,,,,,
cell,2-0|OUT|FB,conservative,5583.0,0.4891941608454235,0.4779540875535119,0.5004342341373351,0.0,0.0,0.0,season-weighted final PA W per selected current decision; no summed PA policy gain,True,bcap_swing__mlb_2023__20260909__r01,BCAP-SWING-v0.1.0,swing,2023,COMPLETE,fixed_development_policy_external_crossfit_nuisance_OPE,Q/value/delta/gain: raw W; outcome MSE: W^2; probabilities/coverage: fraction; sample counts: explicit rows/PA/games,Take_adjudicated,Swing_offer_including_bunts,2-0,OUT,FB,,,,,
cell,2-0|OUT|FB,stochastic_half,5583.0,0.4230293535497604,0.4072328456694336,0.4388258614300872,-0.0661648072956632,-0.0887633025472573,-0.0435663120440691,season-weighted final PA W per selected current decision; no summed PA policy gain,True,bcap_swing__mlb_2023__20260909__r01,BCAP-SWING-v0.1.0,swing,2023,COMPLETE,fixed_development_policy_external_crossfit_nuisance_OPE,Q/value/delta/gain: raw W; outcome MSE: W^2; probabilities/coverage: fraction; sample counts: explicit rows/PA/games,Take_adjudicated,Swing_offer_including_bunts,2-0,OUT,FB,,,,,
cell,2-0|OUT|NFB,observed,2716.0,0.4998078055964653,0.4835219389027148,0.5160936722902159,0.0,0.0,0.0,season-weighted final PA W per selected current decision; no summed PA policy gain,True,bcap_swing__mlb_2023__20260909__r01,BCAP-SWING-v0.1.0,swing,2023,COMPLETE,fixed_development_policy_external_crossfit_nuisance_OPE,Q/value/delta/gain: raw W; outcome MSE: W^2; probabilities/coverage: fraction; sample counts: explicit rows/PA/games,Take_adjudicated,Swing_offer_including_bunts,2-0,OUT,NFB,,,,,
cell,2-0|OUT|NFB,always_0,2716.0,0.5472625395653863,0.5297338451345652,0.5647912339962073,0.0474547339689209,0.0251497688078477,0.069759699129994,season-weighted final PA W per selected current decision; no summed PA policy gain,True,bcap_swing__mlb_2023__20260909__r01,BCAP-SWING-v0.1.0,swing,2023,COMPLETE,fixed_development_policy_external_crossfit_nuisance_OPE,Q/value/delta/gain: raw W; outcome MSE: W^2; probabilities/coverage: fraction; sample counts: explicit rows/PA/games,Take_adjudicated,Swing_offer_including_bunts,2-0,OUT,NFB,,,,,
cell,2-0|OUT|NFB,always_1,2716.0,0.3321289930319791,0.2927471464371219,0.3715108396268363,-0.1676788125644862,-0.2418016435468346,-0.0935559815821378,season-weighted final PA W per selected current decision; no summed PA policy gain,True,bcap_swing__mlb_2023__20260909__r01,BCAP-SWING-v0.1.0,swing,2023,COMPLETE,fixed_development_policy_external_crossfit_nuisance_OPE,Q/value/delta/gain: raw W; outcome MSE: W^2; probabilities/coverage: fraction; sample counts: explicit rows/PA/games,Take_adjudicated,Swing_offer_including_bunts,2-0,OUT,NFB,,,,,
cell,2-0|OUT|NFB,learned,2716.0,0.5472625395653863,0.5297338451345652,0.5647912339962073,0.0474547339689209,0.0251497688078477,0.069759699129994,season-weighted final PA W per selected current decision; no summed PA policy gain,True,bcap_swing__mlb_2023__20260909__r01,BCAP-SWING-v0.1.0,swing,2023,COMPLETE,fixed_development_policy_external_crossfit_nuisance_OPE,Q/value/delta/gain: raw W; outcome MSE: W^2; probabilities/coverage: fraction; sample counts: explicit rows/PA/games,Take_adjudicated,Swing_offer_including_bunts,2-0,OUT,NFB,,,,,
cell,2-0|OUT|NFB,conservative,2716.0,0.4998078055964653,0.4835219389027148,0.5160936722902159,0.0,0.0,0.0,season-weighted final PA W per selected current decision; no summed PA policy gain,True,bcap_swing__mlb_2023__20260909__r01,BCAP-SWING-v0.1.0,swing,2023,COMPLETE,fixed_development_policy_external_crossfit_nuisance_OPE,Q/value/delta/gain: raw W; outcome MSE: W^2; probabilities/coverage: fraction; sample counts: explicit rows/PA/games,Take_adjudicated,Swing_offer_including_bunts,2-0,OUT,NFB,,,,,
cell,2-0|OUT|NFB,stochastic_half,2716.0,0.4396957662986827,0.418263218411543,0.4611283141858223,-0.0601120392977826,-0.0897060395969105,-0.0305180389986548,season-weighted final PA W per selected current decision; no summed PA policy gain,True,bcap_swing__mlb_2023__20260909__r01,BCAP-SWING-v0.1.0,swing,2023,COMPLETE,fixed_development_policy_external_crossfit_nuisance_OPE,Q/value/delta/gain: raw W; outcome MSE: W^2; probabilities/coverage: fraction; sample counts: explicit rows/PA/games,Take_adjudicated,Swing_offer_including_bunts,2-0,OUT,NFB,,,,,
cell,2-1|BOUNDARY|FB,observed,5971.0,0.3192868866186568,0.3068165831268618,0.3317571901104517,0.0,0.0,0.0,season-weighted final PA W per selected current decision; no summed PA policy gain,True,bcap_swing__mlb_2023__20260909__r01,BCAP-SWING-v0.1.0,swing,2023,COMPLETE,fixed_development_policy_external_crossfit_nuisance_OPE,Q/value/delta/gain: raw W; outcome MSE: W^2; probabilities/coverage: fraction; sample counts: explicit rows/PA/games,Take_adjudicated,Swing_offer_including_bunts,2-1,BOUNDARY,FB,,,,,
cell,2-1|BOUNDARY|FB,always_0,5971.0,0.3232008517022152,0.2998050770750387,0.3465966263293917,0.0039139650835583,-0.0388464881228212,0.046674418289938,season-weighted final PA W per selected current decision; no summed PA policy gain,True,bcap_swing__mlb_2023__20260909__r01,BCAP-SWING-v0.1.0,swing,2023,COMPLETE,fixed_development_policy_external_crossfit_nuisance_OPE,Q/value/delta/gain: raw W; outcome MSE: W^2; probabilities/coverage: fraction; sample counts: explicit rows/PA/games,Take_adjudicated,Swing_offer_including_bunts,2-1,BOUNDARY,FB,,,,,
cell,2-1|BOUNDARY|FB,always_1,5971.0,0.3099685705384802,0.2947785671688669,0.3251585739080936,-0.0093183160801765,-0.0274840602493504,0.0088474280889972,season-weighted final PA W per selected current decision; no summed PA policy gain,True,bcap_swing__mlb_2023__20260909__r01,BCAP-SWING-v0.1.0,swing,2023,COMPLETE,fixed_development_policy_external_crossfit_nuisance_OPE,Q/value/delta/gain: raw W; outcome MSE: W^2; probabilities/coverage: fraction; sample counts: explicit rows/PA/games,Take_adjudicated,Swing_offer_including_bunts,2-1,BOUNDARY,FB,,,,,
cell,2-1|BOUNDARY|FB,learned,5971.0,0.3232008517022152,0.2998050770750387,0.3465966263293917,0.0039139650835583,-0.0388464881228212,0.046674418289938,season-weighted final PA W per selected current decision; no summed PA policy gain,True,bcap_swing__mlb_2023__20260909__r01,BCAP-SWING-v0.1.0,swing,2023,COMPLETE,fixed_development_policy_external_crossfit_nuisance_OPE,Q/value/delta/gain: raw W; outcome MSE: W^2; probabilities/coverage: fraction; sample counts: explicit rows/PA/games,Take_adjudicated,Swing_offer_including_bunts,2-1,BOUNDARY,FB,,,,,
cell,2-1|BOUNDARY|FB,conservative,5971.0,0.3192868866186568,0.3068165831268618,0.3317571901104517,0.0,0.0,0.0,season-weighted final PA W per selected current decision; no summed PA policy gain,True,bcap_swing__mlb_2023__20260909__r01,BCAP-SWING-v0.1.0,swing,2023,COMPLETE,fixed_development_policy_external_crossfit_nuisance_OPE,Q/value/delta/gain: raw W; outcome MSE: W^2; probabilities/coverage: fraction; sample counts: explicit rows/PA/games,Take_adjudicated,Swing_offer_including_bunts,2-1,BOUNDARY,FB,,,,,
cell,2-1|BOUNDARY|FB,stochastic_half,5971.0,0.3165847111203477,0.3027678846173882,0.3304015376233072,-0.0027021754983091,-0.0163433322886809,0.0109389812920626,season-weighted final PA W per selected current decision; no summed PA policy gain,True,bcap_swing__mlb_2023__20260909__r01,BCAP-SWING-v0.1.0,swing,2023,COMPLETE,fixed_development_policy_external_crossfit_nuisance_OPE,Q/value/delta/gain: raw W; outcome MSE: W^2; probabilities/coverage: fraction; sample counts: explicit rows/PA/games,Take_adjudicated,Swing_offer_including_bunts,2-1,BOUNDARY,FB,,,,,
cell,2-1|BOUNDARY|NFB,observed,3779.0,0.3041833818470494,0.2890487279615867,0.3193180357325122,0.0,0.0,0.0,season-weighted final PA W per selected current decision; no summed PA policy gain,True,bcap_swing__mlb_2023__20260909__r01,BCAP-SWING-v0.1.0,swing,2023,COMPLETE,fixed_development_policy_external_crossfit_nuisance_OPE,Q/value/delta/gain: raw W; outcome MSE: W^2; probabilities/coverage: fraction; sample counts: explicit rows/PA/games,Take_adjudicated,Swing_offer_including_bunts,2-1,BOUNDARY,NFB,,,,,
cell,2-1|BOUNDARY|NFB,always_0,3779.0,0.317805368688376,0.2849766921204321,0.35063404525632,0.0136219868413266,-0.0456808624362466,0.0729248361189,season-weighted final PA W per selected current decision; no summed PA policy gain,True,bcap_swing__mlb_2023__20260909__r01,BCAP-SWING-v0.1.0,swing,2023,COMPLETE,fixed_development_policy_external_crossfit_nuisance_OPE,Q/value/delta/gain: raw W; outcome MSE: W^2; probabilities/coverage: fraction; sample counts: explicit rows/PA/games,Take_adjudicated,Swing_offer_including_bunts,2-1,BOUNDARY,NFB,,,,,
cell,2-1|BOUNDARY|NFB,always_1,3779.0,0.2917258892833896,0.2744554733266992,0.30899630524008,-0.0124574925636598,-0.0328664586995168,0.0079514735721971,season-weighted final PA W per selected current decision; no summed PA policy gain,True,bcap_swing__mlb_2023__20260909__r01,BCAP-SWING-v0.1.0,swing,2023,COMPLETE,fixed_development_policy_external_crossfit_nuisance_OPE,Q/value/delta/gain: raw W; outcome MSE: W^2; probabilities/coverage: fraction; sample counts: explicit rows/PA/games,Take_adjudicated,Swing_offer_including_bunts,2-1,BOUNDARY,NFB,,,,,
cell,2-1|BOUNDARY|NFB,learned,3779.0,0.317805368688376,0.2849766921204321,0.35063404525632,0.0136219868413266,-0.0456808624362466,0.0729248361189,season-weighted final PA W per selected current decision; no summed PA policy gain,True,bcap_swing__mlb_2023__20260909__r01,BCAP-SWING-v0.1.0,swing,2023,COMPLETE,fixed_development_policy_external_crossfit_nuisance_OPE,Q/value/delta/gain: raw W; outcome MSE: W^2; probabilities/coverage: fraction; sample counts: explicit rows/PA/games,Take_adjudicated,Swing_offer_including_bunts,2-1,BOUNDARY,NFB,,,,,
cell,2-1|BOUNDARY|NFB,conservative,3779.0,0.3041833818470494,0.2890487279615867,0.3193180357325122,0.0,0.0,0.0,season-weighted final PA W per selected current decision; no summed PA policy gain,True,bcap_swing__mlb_2023__20260909__r01,BCAP-SWING-v0.1.0,swing,2023,COMPLETE,fixed_development_policy_external_crossfit_nuisance_OPE,Q/value/delta/gain: raw W; outcome MSE: W^2; probabilities/coverage: fraction; sample counts: explicit rows/PA/games,Take_adjudicated,Swing_offer_including_bunts,2-1,BOUNDARY,NFB,,,,,
cell,2-1|BOUNDARY|NFB,stochastic_half,3779.0,0.3047656289858829,0.2860436252646756,0.3234876327070902,0.0005822471388333,-0.020504961997134,0.0216694562748007,season-weighted final PA W per selected current decision; no summed PA policy gain,True,bcap_swing__mlb_2023__20260909__r01,BCAP-SWING-v0.1.0,swing,2023,COMPLETE,fixed_development_policy_external_crossfit_nuisance_OPE,Q/value/delta/gain: raw W; outcome MSE: W^2; probabilities/coverage: fraction; sample counts: explicit rows/PA/games,Take_adjudicated,Swing_offer_including_bunts,2-1,BOUNDARY,NFB,,,,,
cell,2-1|INNER|FB,observed,7587.0,0.321008435481745,0.3093752725457461,0.3326415984177439,0.0,0.0,0.0,season-weighted final PA W per selected current decision; no summed PA policy gain,True,bcap_swing__mlb_2023__20260909__r01,BCAP-SWING-v0.1.0,swing,2023,COMPLETE,fixed_development_policy_external_crossfit_nuisance_OPE,Q/value/delta/gain: raw W; outcome MSE: W^2; probabilities/coverage: fraction; sample counts: explicit rows/PA/games,Take_adjudicated,Swing_offer_including_bunts,2-1,INNER,FB,,,,,
cell,2-1|INNER|FB,always_0,7587.0,0.2357543924279566,0.2053763487774671,0.2661324360784461,-0.0852540430537884,-0.1466199881681658,-0.0238880979394111,season-weighted final PA W per selected current decision; no summed PA policy gain,True,bcap_swing__mlb_2023__20260909__r01,BCAP-SWING-v0.1.0,swing,2023,COMPLETE,fixed_development_policy_external_crossfit_nuisance_OPE,Q/value/delta/gain: raw W; outcome MSE: W^2; probabilities/coverage: fraction; sample counts: explicit rows/PA/games,Take_adjudicated,Swing_offer_including_bunts,2-1,INNER,FB,,,,,
cell,2-1|INNER|FB,always_1,7587.0,0.333909844695332,0.3212951711098536,0.3465245182808104,0.0129014092135868,0.0041598451587672,0.0216429732684065,season-weighted final PA W per selected current decision; no summed PA policy gain,True,bcap_swing__mlb_2023__20260909__r01,BCAP-SWING-v0.1.0,swing,2023,COMPLETE,fixed_development_policy_external_crossfit_nuisance_OPE,Q/value/delta/gain: raw W; outcome MSE: W^2; probabilities/coverage: fraction; sample counts: explicit rows/PA/games,Take_adjudicated,Swing_offer_including_bunts,2-1,INNER,FB,,,,,
cell,2-1|INNER|FB,learned,7587.0,0.333909844695332,0.3212951711098536,0.3465245182808104,0.0129014092135868,0.0041598451587672,0.0216429732684065,season-weighted final PA W per selected current decision; no summed PA policy gain,True,bcap_swing__mlb_2023__20260909__r01,BCAP-SWING-v0.1.0,swing,2023,COMPLETE,fixed_development_policy_external_crossfit_nuisance_OPE,Q/value/delta/gain: raw W; outcome MSE: W^2; probabilities/coverage: fraction; sample counts: explicit rows/PA/games,Take_adjudicated,Swing_offer_including_bunts,2-1,INNER,FB,,,,,
cell,2-1|INNER|FB,conservative,7587.0,0.321008435481745,0.3093752725457461,0.3326415984177439,0.0,0.0,0.0,season-weighted final PA W per selected current decision; no summed PA policy gain,True,bcap_swing__mlb_2023__20260909__r01,BCAP-SWING-v0.1.0,swing,2023,COMPLETE,fixed_development_policy_external_crossfit_nuisance_OPE,Q/value/delta/gain: raw W; outcome MSE: W^2; probabilities/coverage: fraction; sample counts: explicit rows/PA/games,Take_adjudicated,Swing_offer_including_bunts,2-1,INNER,FB,,,,,
cell,2-1|INNER|FB,stochastic_half,7587.0,0.2848321185616443,0.2682898910144486,0.30137434610884,-0.0361763169201007,-0.0629388632738331,-0.0094137705663684,season-weighted final PA W per selected current decision; no summed PA policy gain,True,bcap_swing__mlb_2023__20260909__r01,BCAP-SWING-v0.1.0,swing,2023,COMPLETE,fixed_development_policy_external_crossfit_nuisance_OPE,Q/value/delta/gain: raw W; outcome MSE: W^2; probabilities/coverage: fraction; sample counts: explicit rows/PA/games,Take_adjudicated,Swing_offer_including_bunts,2-1,INNER,FB,,,,,
cell,2-1|INNER|NFB,observed,4321.0,0.3330770654940985,0.31627026445265,0.3498838665355471,0.0,0.0,0.0,season-weighted final PA W per selected current decision; no summed PA policy gain,True,bcap_swing__mlb_2023__20260909__r01,BCAP-SWING-v0.1.0,swing,2023,COMPLETE,fixed_development_policy_external_crossfit_nuisance_OPE,Q/value/delta/gain: raw W; outcome MSE: W^2; probabilities/coverage: fraction; sample counts: explicit rows/PA/games,Take_adjudicated,Swing_offer_including_bunts,2-1,INNER,NFB,,,,,
cell,2-1|INNER|NFB,always_0,4321.0,0.2810918515961798,0.2386313898418225,0.323552313350537,-0.0519852138979188,-0.1353679514290371,0.0313975236331995,season-weighted final PA W per selected current decision; no summed PA policy gain,True,bcap_swing__mlb_2023__20260909__r01,BCAP-SWING-v0.1.0,swing,2023,COMPLETE,fixed_development_policy_external_crossfit_nuisance_OPE,Q/value/delta/gain: raw W; outcome MSE: W^2; probabilities/coverage: fraction; sample counts: explicit rows/PA/games,Take_adjudicated,Swing_offer_including_bunts,2-1,INNER,NFB,,,,,
cell,2-1|INNER|NFB,always_1,4321.0,0.3441361083065956,0.325889869312069,0.3623823473011221,0.0110590428124969,-0.0037122467011312,0.0258303323261251,season-weighted final PA W per selected current decision; no summed PA policy gain,True,bcap_swing__mlb_2023__20260909__r01,BCAP-SWING-v0.1.0,swing,2023,COMPLETE,fixed_development_policy_external_crossfit_nuisance_OPE,Q/value/delta/gain: raw W; outcome MSE: W^2; probabilities/coverage: fraction; sample counts: explicit rows/PA/games,Take_adjudicated,Swing_offer_including_bunts,2-1,INNER,NFB,,,,,
cell,2-1|INNER|NFB,learned,4321.0,0.3441361083065956,0.325889869312069,0.3623823473011221,0.0110590428124969,-0.0037122467011312,0.0258303323261251,season-weighted final PA W per selected current decision; no summed PA policy gain,True,bcap_swing__mlb_2023__20260909__r01,BCAP-SWING-v0.1.0,swing,2023,COMPLETE,fixed_development_policy_external_crossfit_nuisance_OPE,Q/value/delta/gain: raw W; outcome MSE: W^2; probabilities/coverage: fraction; sample counts: explicit rows/PA/games,Take_adjudicated,Swing_offer_including_bunts,2-1,INNER,NFB,,,,,
cell,2-1|INNER|NFB,conservative,4321.0,0.3330770654940985,0.31627026445265,0.3498838665355471,0.0,0.0,0.0,season-weighted final PA W per selected current decision; no summed PA policy gain,True,bcap_swing__mlb_2023__20260909__r01,BCAP-SWING-v0.1.0,swing,2023,COMPLETE,fixed_development_policy_external_crossfit_nuisance_OPE,Q/value/delta/gain: raw W; outcome MSE: W^2; probabilities/coverage: fraction; sample counts: explicit rows/PA/games,Take_adjudicated,Swing_offer_including_bunts,2-1,INNER,NFB,,,,,
cell,2-1|INNER|NFB,stochastic_half,4321.0,0.3126139799513876,0.2892993354897866,0.3359286244129886,-0.0204630855427109,-0.0554087186656993,0.0144825475802775,season-weighted final PA W per selected current decision; no summed PA policy gain,True,bcap_swing__mlb_2023__20260909__r01,BCAP-SWING-v0.1.0,swing,2023,COMPLETE,fixed_development_policy_external_crossfit_nuisance_OPE,Q/value/delta/gain: raw W; outcome MSE: W^2; probabilities/coverage: fraction; sample counts: explicit rows/PA/games,Take_adjudicated,Swing_offer_including_bunts,2-1,INNER,NFB,,,,,
cell,2-1|OUT|FB,observed,8069.0,0.4062724005452967,0.3959634508610875,0.416581350229506,0.0,0.0,0.0,season-weighted final PA W per selected current decision; no summed PA policy gain,True,bcap_swing__mlb_2023__20260909__r01,BCAP-SWING-v0.1.0,swing,2023,COMPLETE,fixed_development_policy_external_crossfit_nuisance_OPE,Q/value/delta/gain: raw W; outcome MSE: W^2; probabilities/coverage: fraction; sample counts: explicit rows/PA/games,Take_adjudicated,Swing_offer_including_bunts,2-1,OUT,FB,,,,,
cell,2-1|OUT|FB,always_0,8069.0,0.4572971977606727,0.4455257831028237,0.4690686124185217,0.0510247972153759,0.0365835232730713,0.0654660711576806,season-weighted final PA W per selected current decision; no summed PA policy gain,True,bcap_swing__mlb_2023__20260909__r01,BCAP-SWING-v0.1.0,swing,2023,COMPLETE,fixed_development_policy_external_crossfit_nuisance_OPE,Q/value/delta/gain: raw W; outcome MSE: W^2; probabilities/coverage: fraction; sample counts: explicit rows/PA/games,Take_adjudicated,Swing_offer_including_bunts,2-1,OUT,FB,,,,,
cell,2-1|OUT|FB,always_1,8069.0,0.2626177542989867,0.2425532034098231,0.2826823051881503,-0.14365464624631,-0.1813163600131289,-0.1059929324794912,season-weighted final PA W per selected current decision; no summed PA policy gain,True,bcap_swing__mlb_2023__20260909__r01,BCAP-SWING-v0.1.0,swing,2023,COMPLETE,fixed_development_policy_external_crossfit_nuisance_OPE,Q/value/delta/gain: raw W; outcome MSE: W^2; probabilities/coverage: fraction; sample counts: explicit rows/PA/games,Take_adjudicated,Swing_offer_including_bunts,2-1,OUT,FB,,,,,
cell,2-1|OUT|FB,learned,8069.0,0.4572971977606727,0.4455257831028237,0.4690686124185217,0.0510247972153759,0.0365835232730713,0.0654660711576806,season-weighted final PA W per selected current decision; no summed PA policy gain,True,bcap_swing__mlb_2023__20260909__r01,BCAP-SWING-v0.1.0,swing,2023,COMPLETE,fixed_development_policy_external_crossfit_nuisance_OPE,Q/value/delta/gain: raw W; outcome MSE: W^2; probabilities/coverage: fraction; sample counts: explicit rows/PA/games,Take_adjudicated,Swing_offer_including_bunts,2-1,OUT,FB,,,,,
cell,2-1|OUT|FB,conservative,8069.0,0.4062724005452967,0.3959634508610875,0.416581350229506,0.0,0.0,0.0,season-weighted final PA W per selected current decision; no summed PA policy gain,True,bcap_swing__mlb_2023__20260909__r01,BCAP-SWING-v0.1.0,swing,2023,COMPLETE,fixed_development_policy_external_crossfit_nuisance_OPE,Q/value/delta/gain: raw W; outcome MSE: W^2; probabilities/coverage: fraction; sample counts: explicit rows/PA/games,Take_adjudicated,Swing_offer_including_bunts,2-1,OUT,FB,,,,,
cell,2-1|OUT|FB,stochastic_half,8069.0,0.3599574760298297,0.3483630770854551,0.3715518749742043,-0.046314924515467,-0.0604535550318976,-0.0321762939990364,season-weighted final PA W per selected current decision; no summed PA policy gain,True,bcap_swing__mlb_2023__20260909__r01,BCAP-SWING-v0.1.0,swing,2023,COMPLETE,fixed_development_policy_external_crossfit_nuisance_OPE,Q/value/delta/gain: raw W; outcome MSE: W^2; probabilities/coverage: fraction; sample counts: explicit rows/PA/games,Take_adjudicated,Swing_offer_including_bunts,2-1,OUT,FB,,,,,
cell,2-1|OUT|NFB,observed,6838.0,0.4006104124012869,0.3897462546517996,0.4114745701507742,0.0,0.0,0.0,season-weighted final PA W per selected current decision; no summed PA policy gain,True,bcap_swing__mlb_2023__20260909__r01,BCAP-SWING-v0.1.0,swing,2023,COMPLETE,fixed_development_policy_external_crossfit_nuisance_OPE,Q/value/delta/gain: raw W; outcome MSE: W^2; probabilities/coverage: fraction; sample counts: explicit rows/PA/games,Take_adjudicated,Swing_offer_including_bunts,2-1,OUT,NFB,,,,,
cell,2-1|OUT|NFB,always_0,6838.0,0.4679722454055063,0.4547046887239195,0.4812398020870932,0.0673618330042194,0.049118838147871,0.0856048278605678,season-weighted final PA W per selected current decision; no summed PA policy gain,True,bcap_swing__mlb_2023__20260909__r01,BCAP-SWING-v0.1.0,swing,2023,COMPLETE,fixed_development_policy_external_crossfit_nuisance_OPE,Q/value/delta/gain: raw W; outcome MSE: W^2; probabilities/coverage: fraction; sample counts: explicit rows/PA/games,Take_adjudicated,Swing_offer_including_bunts,2-1,OUT,NFB,,,,,
cell,2-1|OUT|NFB,always_1,6838.0,0.2572356734439388,0.2372266690136193,0.2772446778742581,-0.1433747389573481,-0.1800624714368144,-0.1066870064778818,season-weighted final PA W per selected current decision; no summed PA policy gain,True,bcap_swing__mlb_2023__20260909__r01,BCAP-SWING-v0.1.0,swing,2023,COMPLETE,fixed_development_policy_external_crossfit_nuisance_OPE,Q/value/delta/gain: raw W; outcome MSE: W^2; probabilities/coverage: fraction; sample counts: explicit rows/PA/games,Take_adjudicated,Swing_offer_including_bunts,2-1,OUT,NFB,,,,,
cell,2-1|OUT|NFB,learned,6838.0,0.4679722454055063,0.4547046887239195,0.4812398020870932,0.0673618330042194,0.049118838147871,0.0856048278605678,season-weighted final PA W per selected current decision; no summed PA policy gain,True,bcap_swing__mlb_2023__20260909__r01,BCAP-SWING-v0.1.0,swing,2023,COMPLETE,fixed_development_policy_external_crossfit_nuisance_OPE,Q/value/delta/gain: raw W; outcome MSE: W^2; probabilities/coverage: fraction; sample counts: explicit rows/PA/games,Take_adjudicated,Swing_offer_including_bunts,2-1,OUT,NFB,,,,,
cell,2-1|OUT|NFB,conservative,6838.0,0.4006104124012869,0.3897462546517996,0.4114745701507742,0.0,0.0,0.0,season-weighted final PA W per selected current decision; no summed PA policy gain,True,bcap_swing__mlb_2023__20260909__r01,BCAP-SWING-v0.1.0,swing,2023,COMPLETE,fixed_development_policy_external_crossfit_nuisance_OPE,Q/value/delta/gain: raw W; outcome MSE: W^2; probabilities/coverage: fraction; sample counts: explicit rows/PA/games,Take_adjudicated,Swing_offer_including_bunts,2-1,OUT,NFB,,,,,
cell,2-1|OUT|NFB,stochastic_half,6838.0,0.3626039594247225,0.3506127029196406,0.3745952159298045,-0.0380064529765643,-0.0517374330674644,-0.0242754728856641,season-weighted final PA W per selected current decision; no summed PA policy gain,True,bcap_swing__mlb_2023__20260909__r01,BCAP-SWING-v0.1.0,swing,2023,COMPLETE,fixed_development_policy_external_crossfit_nuisance_OPE,Q/value/delta/gain: raw W; outcome MSE: W^2; probabilities/coverage: fraction; sample counts: explicit rows/PA/games,Take_adjudicated,Swing_offer_including_bunts,2-1,OUT,NFB,,,,,
cell,2-2|BOUNDARY|FB,observed,7308.0,0.2272302955665024,0.2161764404771863,0.2382841506558186,0.0,0.0,0.0,season-weighted final PA W per selected current decision; no summed PA policy gain,True,bcap_swing__mlb_2023__20260909__r01,BCAP-SWING-v0.1.0,swing,2023,COMPLETE,fixed_development_policy_external_crossfit_nuisance_OPE,Q/value/delta/gain: raw W; outcome MSE: W^2; probabilities/coverage: fraction; sample counts: explicit rows/PA/games,Take_adjudicated,Swing_offer_including_bunts,2-2,BOUNDARY,FB,,,,,
cell,2-2|BOUNDARY|FB,always_0,7308.0,0.1162649922140194,0.0959592925325921,0.1365706918954467,-0.110965303352483,-0.1527243771281389,-0.069206229576827,season-weighted final PA W per selected current decision; no summed PA policy gain,True,bcap_swing__mlb_2023__20260909__r01,BCAP-SWING-v0.1.0,swing,2023,COMPLETE,fixed_development_policy_external_crossfit_nuisance_OPE,Q/value/delta/gain: raw W; outcome MSE: W^2; probabilities/coverage: fraction; sample counts: explicit rows/PA/games,Take_adjudicated,Swing_offer_including_bunts,2-2,BOUNDARY,FB,,,,,
cell,2-2|BOUNDARY|FB,always_1,7308.0,0.249011886131269,0.2365858235600711,0.261437948702467,0.0217815905647665,0.012506652371328,0.0310565287582051,season-weighted final PA W per selected current decision; no summed PA policy gain,True,bcap_swing__mlb_2023__20260909__r01,BCAP-SWING-v0.1.0,swing,2023,COMPLETE,fixed_development_policy_external_crossfit_nuisance_OPE,Q/value/delta/gain: raw W; outcome MSE: W^2; probabilities/coverage: fraction; sample counts: explicit rows/PA/games,Take_adjudicated,Swing_offer_including_bunts,2-2,BOUNDARY,FB,,,,,
cell,2-2|BOUNDARY|FB,learned,7308.0,0.249011886131269,0.2365858235600711,0.261437948702467,0.0217815905647665,0.012506652371328,0.0310565287582051,season-weighted final PA W per selected current decision; no summed PA policy gain,True,bcap_swing__mlb_2023__20260909__r01,BCAP-SWING-v0.1.0,swing,2023,COMPLETE,fixed_development_policy_external_crossfit_nuisance_OPE,Q/value/delta/gain: raw W; outcome MSE: W^2; probabilities/coverage: fraction; sample counts: explicit rows/PA/games,Take_adjudicated,Swing_offer_including_bunts,2-2,BOUNDARY,FB,,,,,
cell,2-2|BOUNDARY|FB,conservative,7308.0,0.2272302955665024,0.2161764404771863,0.2382841506558186,0.0,0.0,0.0,season-weighted final PA W per selected current decision; no summed PA policy gain,True,bcap_swing__mlb_2023__20260909__r01,BCAP-SWING-v0.1.0,swing,2023,COMPLETE,fixed_development_policy_external_crossfit_nuisance_OPE,Q/value/delta/gain: raw W; outcome MSE: W^2; probabilities/coverage: fraction; sample counts: explicit rows/PA/games,Take_adjudicated,Swing_offer_including_bunts,2-2,BOUNDARY,FB,,,,,
cell,2-2|BOUNDARY|FB,stochastic_half,7308.0,0.1826384391726442,0.170688735031472,0.1945881433138165,-0.0445918563938582,-0.0613658805754624,-0.0278178322122539,season-weighted final PA W per selected current decision; no summed PA policy gain,True,bcap_swing__mlb_2023__20260909__r01,BCAP-SWING-v0.1.0,swing,2023,COMPLETE,fixed_development_policy_external_crossfit_nuisance_OPE,Q/value/delta/gain: raw W; outcome MSE: W^2; probabilities/coverage: fraction; sample counts: explicit rows/PA/games,Take_adjudicated,Swing_offer_including_bunts,2-2,BOUNDARY,FB,,,,,
cell,2-2|BOUNDARY|NFB,observed,6378.0,0.2264873000940734,0.2149022091536828,0.2380723910344639,0.0,0.0,0.0,season-weighted final PA W per selected current decision; no summed PA policy gain,True,bcap_swing__mlb_2023__20260909__r01,BCAP-SWING-v0.1.0,swing,2023,COMPLETE,fixed_development_policy_external_crossfit_nuisance_OPE,Q/value/delta/gain: raw W; outcome MSE: W^2; probabilities/coverage: fraction; sample counts: explicit rows/PA/games,Take_adjudicated,Swing_offer_including_bunts,2-2,BOUNDARY,NFB,,,,,
cell,2-2|BOUNDARY|NFB,always_0,6378.0,0.1364806956540781,0.1096231634943629,0.1633382278137933,-0.0900066044399952,-0.144957050505745,-0.0350561583742454,season-weighted final PA W per selected current decision; no summed PA policy gain,True,bcap_swing__mlb_2023__20260909__r01,BCAP-SWING-v0.1.0,swing,2023,COMPLETE,fixed_development_policy_external_crossfit_nuisance_OPE,Q/value/delta/gain: raw W; outcome MSE: W^2; probabilities/coverage: fraction; sample counts: explicit rows/PA/games,Take_adjudicated,Swing_offer_including_bunts,2-2,BOUNDARY,NFB,,,,,
cell,2-2|BOUNDARY|NFB,always_1,6378.0,0.2350747913402172,0.2225541011328033,0.2475954815476312,0.0085874912461439,0.0005102526949951,0.0166647297972927,season-weighted final PA W per selected current decision; no summed PA policy gain,True,bcap_swing__mlb_2023__20260909__r01,BCAP-SWING-v0.1.0,swing,2023,COMPLETE,fixed_development_policy_external_crossfit_nuisance_OPE,Q/value/delta/gain: raw W; outcome MSE: W^2; probabilities/coverage: fraction; sample counts: explicit rows/PA/games,Take_adjudicated,Swing_offer_including_bunts,2-2,BOUNDARY,NFB,,,,,
cell,2-2|BOUNDARY|NFB,learned,6378.0,0.2350747913402172,0.2225541011328033,0.2475954815476312,0.0085874912461439,0.0005102526949951,0.0166647297972927,season-weighted final PA W per selected current decision; no summed PA policy gain,True,bcap_swing__mlb_2023__20260909__r01,BCAP-SWING-v0.1.0,swing,2023,COMPLETE,fixed_development_policy_external_crossfit_nuisance_OPE,Q/value/delta/gain: raw W; outcome MSE: W^2; probabilities/coverage: fraction; sample counts: explicit rows/PA/games,Take_adjudicated,Swing_offer_including_bunts,2-2,BOUNDARY,NFB,,,,,
cell,2-2|BOUNDARY|NFB,conservative,6378.0,0.2264873000940734,0.2149022091536828,0.2380723910344639,0.0,0.0,0.0,season-weighted final PA W per selected current decision; no summed PA policy gain,True,bcap_swing__mlb_2023__20260909__r01,BCAP-SWING-v0.1.0,swing,2023,COMPLETE,fixed_development_policy_external_crossfit_nuisance_OPE,Q/value/delta/gain: raw W; outcome MSE: W^2; probabilities/coverage: fraction; sample counts: explicit rows/PA/games,Take_adjudicated,Swing_offer_including_bunts,2-2,BOUNDARY,NFB,,,,,
cell,2-2|BOUNDARY|NFB,stochastic_half,6378.0,0.1857777434971476,0.1708667892277919,0.2006886977665034,-0.0407095565969256,-0.0644921117768862,-0.0169270014169651,season-weighted final PA W per selected current decision; no summed PA policy gain,True,bcap_swing__mlb_2023__20260909__r01,BCAP-SWING-v0.1.0,swing,2023,COMPLETE,fixed_development_policy_external_crossfit_nuisance_OPE,Q/value/delta/gain: raw W; outcome MSE: W^2; probabilities/coverage: fraction; sample counts: explicit rows/PA/games,Take_adjudicated,Swing_offer_including_bunts,2-2,BOUNDARY,NFB,,,,,
cell,2-2|INNER|FB,observed,7999.0,0.2684624328041005,0.25702098458512,0.2799038810230809,0.0,0.0,0.0,season-weighted final PA W per selected current decision; no summed PA policy gain,True,bcap_swing__mlb_2023__20260909__r01,BCAP-SWING-v0.1.0,swing,2023,COMPLETE,fixed_development_policy_external_crossfit_nuisance_OPE,Q/value/delta/gain: raw W; outcome MSE: W^2; probabilities/coverage: fraction; sample counts: explicit rows/PA/games,Take_adjudicated,Swing_offer_including_bunts,2-2,INNER,FB,,,,,
cell,2-2|INNER|FB,always_0,7999.0,0.043284101315822,0.0325411548705402,0.0540270477611037,-0.2251783314882785,-0.255779494305684,-0.194577168670873,season-weighted final PA W per selected current decision; no summed PA policy gain,True,bcap_swing__mlb_2023__20260909__r01,BCAP-SWING-v0.1.0,swing,2023,COMPLETE,fixed_development_policy_external_crossfit_nuisance_OPE,Q/value/delta/gain: raw W; outcome MSE: W^2; probabilities/coverage: fraction; sample counts: explicit rows/PA/games,Take_adjudicated,Swing_offer_including_bunts,2-2,INNER,FB,,,,,
cell,2-2|INNER|FB,always_1,7999.0,0.2906369641520412,0.2781830266536697,0.3030909016504128,0.0221745313479407,0.0176667765733125,0.0266822861225689,season-weighted final PA W per selected current decision; no summed PA policy gain,True,bcap_swing__mlb_2023__20260909__r01,BCAP-SWING-v0.1.0,swing,2023,COMPLETE,fixed_development_policy_external_crossfit_nuisance_OPE,Q/value/delta/gain: raw W; outcome MSE: W^2; probabilities/coverage: fraction; sample counts: explicit rows/PA/games,Take_adjudicated,Swing_offer_including_bunts,2-2,INNER,FB,,,,,
cell,2-2|INNER|FB,learned,7999.0,0.2906369641520412,0.2781830266536697,0.3030909016504128,0.0221745313479407,0.0176667765733125,0.0266822861225689,season-weighted final PA W per selected current decision; no summed PA policy gain,True,bcap_swing__mlb_2023__20260909__r01,BCAP-SWING-v0.1.0,swing,2023,COMPLETE,fixed_development_policy_external_crossfit_nuisance_OPE,Q/value/delta/gain: raw W; outcome MSE: W^2; probabilities/coverage: fraction; sample counts: explicit rows/PA/games,Take_adjudicated,Swing_offer_including_bunts,2-2,INNER,FB,,,,,
cell,2-2|INNER|FB,conservative,7999.0,0.2684624328041005,0.25702098458512,0.2799038810230809,0.0,0.0,0.0,season-weighted final PA W per selected current decision; no summed PA policy gain,True,bcap_swing__mlb_2023__20260909__r01,BCAP-SWING-v0.1.0,swing,2023,COMPLETE,fixed_development_policy_external_crossfit_nuisance_OPE,Q/value/delta/gain: raw W; outcome MSE: W^2; probabilities/coverage: fraction; sample counts: explicit rows/PA/games,Take_adjudicated,Swing_offer_including_bunts,2-2,INNER,FB,,,,,
cell,2-2|INNER|FB,stochastic_half,7999.0,0.1669605327339316,0.1586816233318347,0.1752394421360285,-0.1015019000701688,-0.1148319965912805,-0.0881718035490572,season-weighted final PA W per selected current decision; no summed PA policy gain,True,bcap_swing__mlb_2023__20260909__r01,BCAP-SWING-v0.1.0,swing,2023,COMPLETE,fixed_development_policy_external_crossfit_nuisance_OPE,Q/value/delta/gain: raw W; outcome MSE: W^2; probabilities/coverage: fraction; sample counts: explicit rows/PA/games,Take_adjudicated,Swing_offer_including_bunts,2-2,INNER,FB,,,,,
cell,2-2|INNER|NFB,observed,5473.0,0.2843080577379865,0.2694107469139025,0.2992053685620705,0.0,0.0,0.0,season-weighted final PA W per selected current decision; no summed PA policy gain,True,bcap_swing__mlb_2023__20260909__r01,BCAP-SWING-v0.1.0,swing,2023,COMPLETE,fixed_development_policy_external_crossfit_nuisance_OPE,Q/value/delta/gain: raw W; outcome MSE: W^2; probabilities/coverage: fraction; sample counts: explicit rows/PA/games,Take_adjudicated,Swing_offer_including_bunts,2-2,INNER,NFB,,,,,
cell,2-2|INNER|NFB,always_0,5473.0,0.0803897651879859,0.0660357072804768,0.094743823095495,-0.2039182925500005,-0.2446435596783835,-0.1631930254216175,season-weighted final PA W per selected current decision; no summed PA policy gain,True,bcap_swing__mlb_2023__20260909__r01,BCAP-SWING-v0.1.0,swing,2023,COMPLETE,fixed_development_policy_external_crossfit_nuisance_OPE,Q/value/delta/gain: raw W; outcome MSE: W^2; probabilities/coverage: fraction; sample counts: explicit rows/PA/games,Take_adjudicated,Swing_offer_including_bunts,2-2,INNER,NFB,,,,,
cell,2-2|INNER|NFB,always_1,5473.0,0.2995638931640517,0.2834010405927836,0.3157267457353199,0.0152558354260653,0.010439600759151,0.0200720700929795,season-weighted final PA W per selected current decision; no summed PA policy gain,True,bcap_swing__mlb_2023__20260909__r01,BCAP-SWING-v0.1.0,swing,2023,COMPLETE,fixed_development_policy_external_crossfit_nuisance_OPE,Q/value/delta/gain: raw W; outcome MSE: W^2; probabilities/coverage: fraction; sample counts: explicit rows/PA/games,Take_adjudicated,Swing_offer_including_bunts,2-2,INNER,NFB,,,,,
cell,2-2|INNER|NFB,learned,5473.0,0.2995638931640517,0.2834010405927836,0.3157267457353199,0.0152558354260653,0.010439600759151,0.0200720700929795,season-weighted final PA W per selected current decision; no summed PA policy gain,True,bcap_swing__mlb_2023__20260909__r01,BCAP-SWING-v0.1.0,swing,2023,COMPLETE,fixed_development_policy_external_crossfit_nuisance_OPE,Q/value/delta/gain: raw W; outcome MSE: W^2; probabilities/coverage: fraction; sample counts: explicit rows/PA/games,Take_adjudicated,Swing_offer_including_bunts,2-2,INNER,NFB,,,,,
cell,2-2|INNER|NFB,conservative,5473.0,0.2843080577379865,0.2694107469139025,0.2992053685620705,0.0,0.0,0.0,season-weighted final PA W per selected current decision; no summed PA policy gain,True,bcap_swing__mlb_2023__20260909__r01,BCAP-SWING-v0.1.0,swing,2023,COMPLETE,fixed_development_policy_external_crossfit_nuisance_OPE,Q/value/delta/gain: raw W; outcome MSE: W^2; probabilities/coverage: fraction; sample counts: explicit rows/PA/games,Take_adjudicated,Swing_offer_including_bunts,2-2,INNER,NFB,,,,,
cell,2-2|INNER|NFB,stochastic_half,5473.0,0.1899768291760188,0.179010233100225,0.2009434252518127,-0.0943312285619676,-0.1124912062939066,-0.0761712508300285,season-weighted final PA W per selected current decision; no summed PA policy gain,True,bcap_swing__mlb_2023__20260909__r01,BCAP-SWING-v0.1.0,swing,2023,COMPLETE,fixed_development_policy_external_crossfit_nuisance_OPE,Q/value/delta/gain: raw W; outcome MSE: W^2; probabilities/coverage: fraction; sample counts: explicit rows/PA/games,Take_adjudicated,Swing_offer_including_bunts,2-2,INNER,NFB,,,,,
cell,2-2|OUT|FB,observed,12495.0,0.3022981192476991,0.2939620754436962,0.310634163051702,0.0,0.0,0.0,season-weighted final PA W per selected current decision; no summed PA policy gain,True,bcap_swing__mlb_2023__20260909__r01,BCAP-SWING-v0.1.0,swing,2023,COMPLETE,fixed_development_policy_external_crossfit_nuisance_OPE,Q/value/delta/gain: raw W; outcome MSE: W^2; probabilities/coverage: fraction; sample counts: explicit rows/PA/games,Take_adjudicated,Swing_offer_including_bunts,2-2,OUT,FB,,,,,
cell,2-2|OUT|FB,always_0,12495.0,0.3530636727582449,0.3432884797639006,0.3628388657525893,0.0507655535105458,0.0376116755322038,0.0639194314888879,season-weighted final PA W per selected current decision; no summed PA policy gain,True,bcap_swing__mlb_2023__20260909__r01,BCAP-SWING-v0.1.0,swing,2023,COMPLETE,fixed_development_policy_external_crossfit_nuisance_OPE,Q/value/delta/gain: raw W; outcome MSE: W^2; probabilities/coverage: fraction; sample counts: explicit rows/PA/games,Take_adjudicated,Swing_offer_including_bunts,2-2,OUT,FB,,,,,
cell,2-2|OUT|FB,always_1,12495.0,0.1918625576036839,0.1791234778671656,0.2046016373402022,-0.1104355616440151,-0.1318669320504068,-0.0890041912376234,season-weighted final PA W per selected current decision; no summed PA policy gain,True,bcap_swing__mlb_2023__20260909__r01,BCAP-SWING-v0.1.0,swing,2023,COMPLETE,fixed_development_policy_external_crossfit_nuisance_OPE,Q/value/delta/gain: raw W; outcome MSE: W^2; probabilities/coverage: fraction; sample counts: explicit rows/PA/games,Take_adjudicated,Swing_offer_including_bunts,2-2,OUT,FB,,,,,
cell,2-2|OUT|FB,learned,12495.0,0.3530636727582449,0.3432884797639006,0.3628388657525893,0.0507655535105458,0.0376116755322038,0.0639194314888879,season-weighted final PA W per selected current decision; no summed PA policy gain,True,bcap_swing__mlb_2023__20260909__r01,BCAP-SWING-v0.1.0,swing,2023,COMPLETE,fixed_development_policy_external_crossfit_nuisance_OPE,Q/value/delta/gain: raw W; outcome MSE: W^2; probabilities/coverage: fraction; sample counts: explicit rows/PA/games,Take_adjudicated,Swing_offer_including_bunts,2-2,OUT,FB,,,,,
cell,2-2|OUT|FB,conservative,12495.0,0.3022981192476991,0.2939620754436962,0.310634163051702,0.0,0.0,0.0,season-weighted final PA W per selected current decision; no summed PA policy gain,True,bcap_swing__mlb_2023__20260909__r01,BCAP-SWING-v0.1.0,swing,2023,COMPLETE,fixed_development_policy_external_crossfit_nuisance_OPE,Q/value/delta/gain: raw W; outcome MSE: W^2; probabilities/coverage: fraction; sample counts: explicit rows/PA/games,Take_adjudicated,Swing_offer_including_bunts,2-2,OUT,FB,,,,,
cell,2-2|OUT|FB,stochastic_half,12495.0,0.2724631151809644,0.2640763546106213,0.2808498757513075,-0.0298350040667346,-0.0370583275206417,-0.0226116806128275,season-weighted final PA W per selected current decision; no summed PA policy gain,True,bcap_swing__mlb_2023__20260909__r01,BCAP-SWING-v0.1.0,swing,2023,COMPLETE,fixed_development_policy_external_crossfit_nuisance_OPE,Q/value/delta/gain: raw W; outcome MSE: W^2; probabilities/coverage: fraction; sample counts: explicit rows/PA/games,Take_adjudicated,Swing_offer_including_bunts,2-2,OUT,FB,,,,,
cell,2-2|OUT|NFB,observed,17074.0,0.2769554293077192,0.2699816657927671,0.2839291928226714,0.0,0.0,0.0,season-weighted final PA W per selected current decision; no summed PA policy gain,True,bcap_swing__mlb_2023__20260909__r01,BCAP-SWING-v0.1.0,swing,2023,COMPLETE,fixed_development_policy_external_crossfit_nuisance_OPE,Q/value/delta/gain: raw W; outcome MSE: W^2; probabilities/coverage: fraction; sample counts: explicit rows/PA/games,Take_adjudicated,Swing_offer_including_bunts,2-2,OUT,NFB,,,,,
cell,2-2|OUT|NFB,always_0,17074.0,0.3619336410569517,0.3524356285749088,0.3714316535389945,0.0849782117492323,0.0709957782081943,0.0989606452902703,season-weighted final PA W per selected current decision; no summed PA policy gain,True,bcap_swing__mlb_2023__20260909__r01,BCAP-SWING-v0.1.0,swing,2023,COMPLETE,fixed_development_policy_external_crossfit_nuisance_OPE,Q/value/delta/gain: raw W; outcome MSE: W^2; probabilities/coverage: fraction; sample counts: explicit rows/PA/games,Take_adjudicated,Swing_offer_including_bunts,2-2,OUT,NFB,,,,,
cell,2-2|OUT|NFB,always_1,17074.0,0.1327863874964003,0.1244302574334739,0.1411425175593266,-0.144169041811319,-0.1591433424775688,-0.1291947411450693,season-weighted final PA W per selected current decision; no summed PA policy gain,True,bcap_swing__mlb_2023__20260909__r01,BCAP-SWING-v0.1.0,swing,2023,COMPLETE,fixed_development_policy_external_crossfit_nuisance_OPE,Q/value/delta/gain: raw W; outcome MSE: W^2; probabilities/coverage: fraction; sample counts: explicit rows/PA/games,Take_adjudicated,Swing_offer_including_bunts,2-2,OUT,NFB,,,,,
cell,2-2|OUT|NFB,learned,17074.0,0.3619336410569517,0.3524356285749088,0.3714316535389945,0.0849782117492323,0.0709957782081943,0.0989606452902703,season-weighted final PA W per selected current decision; no summed PA policy gain,True,bcap_swing__mlb_2023__20260909__r01,BCAP-SWING-v0.1.0,swing,2023,COMPLETE,fixed_development_policy_external_crossfit_nuisance_OPE,Q/value/delta/gain: raw W; outcome MSE: W^2; probabilities/coverage: fraction; sample counts: explicit rows/PA/games,Take_adjudicated,Swing_offer_including_bunts,2-2,OUT,NFB,,,,,
cell,2-2|OUT|NFB,conservative,17074.0,0.2769554293077192,0.2699816657927671,0.2839291928226714,0.0,0.0,0.0,season-weighted final PA W per selected current decision; no summed PA policy gain,True,bcap_swing__mlb_2023__20260909__r01,BCAP-SWING-v0.1.0,swing,2023,COMPLETE,fixed_development_policy_external_crossfit_nuisance_OPE,Q/value/delta/gain: raw W; outcome MSE: W^2; probabilities/coverage: fraction; sample counts: explicit rows/PA/games,Take_adjudicated,Swing_offer_including_bunts,2-2,OUT,NFB,,,,,
cell,2-2|OUT|NFB,stochastic_half,17074.0,0.247360014276676,0.2409535675516813,0.2537664610016706,-0.0295954150310433,-0.0354463734118565,-0.02374445665023,season-weighted final PA W per selected current decision; no summed PA policy gain,True,bcap_swing__mlb_2023__20260909__r01,BCAP-SWING-v0.1.0,swing,2023,COMPLETE,fixed_development_policy_external_crossfit_nuisance_OPE,Q/value/delta/gain: raw W; outcome MSE: W^2; probabilities/coverage: fraction; sample counts: explicit rows/PA/games,Take_adjudicated,Swing_offer_including_bunts,2-2,OUT,NFB,,,,,
cell,3-0|BOUNDARY|FB,observed,1859.0,0.4920016137708444,0.4726302979580496,0.5113729295836392,0.0,0.0,0.0,season-weighted final PA W per selected current decision; no summed PA policy gain,True,bcap_swing__mlb_2023__20260909__r01,BCAP-SWING-v0.1.0,swing,2023,COMPLETE,fixed_development_policy_external_crossfit_nuisance_OPE,Q/value/delta/gain: raw W; outcome MSE: W^2; probabilities/coverage: fraction; sample counts: explicit rows/PA/games,Take_adjudicated,Swing_offer_including_bunts,3-0,BOUNDARY,FB,,,,,
cell,3-0|BOUNDARY|FB,always_0,1859.0,0.5014631340670844,0.4810366047183483,0.5218896634158205,0.0094615202962399,-0.0074204512651171,0.0263434918575971,season-weighted final PA W per selected current decision; no summed PA policy gain,True,bcap_swing__mlb_2023__20260909__r01,BCAP-SWING-v0.1.0,swing,2023,COMPLETE,fixed_development_policy_external_crossfit_nuisance_OPE,Q/value/delta/gain: raw W; outcome MSE: W^2; probabilities/coverage: fraction; sample counts: explicit rows/PA/games,Take_adjudicated,Swing_offer_including_bunts,3-0,BOUNDARY,FB,,,,,
cell,3-0|BOUNDARY|FB,always_1,1859.0,0.4102022424741562,0.3409741502426406,0.4794303347056718,-0.0817993712966882,-0.2201148399613259,0.0565160973679494,season-weighted final PA W per selected current decision; no summed PA policy gain,True,bcap_swing__mlb_2023__20260909__r01,BCAP-SWING-v0.1.0,swing,2023,COMPLETE,fixed_development_policy_external_crossfit_nuisance_OPE,Q/value/delta/gain: raw W; outcome MSE: W^2; probabilities/coverage: fraction; sample counts: explicit rows/PA/games,Take_adjudicated,Swing_offer_including_bunts,3-0,BOUNDARY,FB,,,,,
cell,3-0|BOUNDARY|FB,learned,1859.0,0.5014631340670844,0.4810366047183483,0.5218896634158205,0.0094615202962399,-0.0074204512651171,0.0263434918575971,season-weighted final PA W per selected current decision; no summed PA policy gain,True,bcap_swing__mlb_2023__20260909__r01,BCAP-SWING-v0.1.0,swing,2023,COMPLETE,fixed_development_policy_external_crossfit_nuisance_OPE,Q/value/delta/gain: raw W; outcome MSE: W^2; probabilities/coverage: fraction; sample counts: explicit rows/PA/games,Take_adjudicated,Swing_offer_including_bunts,3-0,BOUNDARY,FB,,,,,
cell,3-0|BOUNDARY|FB,conservative,1859.0,0.4920016137708444,0.4726302979580496,0.5113729295836392,0.0,0.0,0.0,season-weighted final PA W per selected current decision; no summed PA policy gain,True,bcap_swing__mlb_2023__20260909__r01,BCAP-SWING-v0.1.0,swing,2023,COMPLETE,fixed_development_policy_external_crossfit_nuisance_OPE,Q/value/delta/gain: raw W; outcome MSE: W^2; probabilities/coverage: fraction; sample counts: explicit rows/PA/games,Take_adjudicated,Swing_offer_including_bunts,3-0,BOUNDARY,FB,,,,,
cell,3-0|BOUNDARY|FB,stochastic_half,1859.0,0.4558326882706203,0.4197935660520743,0.4918718104891664,-0.0361689255002241,-0.097879705907872,0.0255418549074237,season-weighted final PA W per selected current decision; no summed PA policy gain,True,bcap_swing__mlb_2023__20260909__r01,BCAP-SWING-v0.1.0,swing,2023,COMPLETE,fixed_development_policy_external_crossfit_nuisance_OPE,Q/value/delta/gain: raw W; outcome MSE: W^2; probabilities/coverage: fraction; sample counts: explicit rows/PA/games,Take_adjudicated,Swing_offer_including_bunts,3-0,BOUNDARY,FB,,,,,
cell,3-0|BOUNDARY|NFB,observed,105.0,0.4654190476190475,0.3835126068601684,0.5473254883779266,0.0,0.0,0.0,season-weighted final PA W per selected current decision; no summed PA policy gain,True,bcap_swing__mlb_2023__20260909__r01,BCAP-SWING-v0.1.0,swing,2023,COMPLETE,fixed_development_policy_external_crossfit_nuisance_OPE,Q/value/delta/gain: raw W; outcome MSE: W^2; probabilities/coverage: fraction; sample counts: explicit rows/PA/games,Take_adjudicated,Swing_offer_including_bunts,3-0,BOUNDARY,NFB,,,,,
cell,3-0|BOUNDARY|NFB,always_0,105.0,0.4892541755954224,0.3958199332408471,0.5826884179499977,0.0238351279763747,-0.0497416036105417,0.0974118595632913,season-weighted final PA W per selected current decision; no summed PA policy gain,True,bcap_swing__mlb_2023__20260909__r01,BCAP-SWING-v0.1.0,swing,2023,COMPLETE,fixed_development_policy_external_crossfit_nuisance_OPE,Q/value/delta/gain: raw W; outcome MSE: W^2; probabilities/coverage: fraction; sample counts: explicit rows/PA/games,Take_adjudicated,Swing_offer_including_bunts,3-0,BOUNDARY,NFB,,,,,
cell,3-0|BOUNDARY|NFB,always_1,105.0,0.2924450754166723,0.1553785921632365,0.4295115586701082,-0.1729739722023752,-0.4712067166951693,0.1252587722904188,season-weighted final PA W per selected current decision; no summed PA policy gain,True,bcap_swing__mlb_2023__20260909__r01,BCAP-SWING-v0.1.0,swing,2023,COMPLETE,fixed_development_policy_external_crossfit_nuisance_OPE,Q/value/delta/gain: raw W; outcome MSE: W^2; probabilities/coverage: fraction; sample counts: explicit rows/PA/games,Take_adjudicated,Swing_offer_including_bunts,3-0,BOUNDARY,NFB,,,,,
cell,3-0|BOUNDARY|NFB,learned,105.0,0.4892541755954224,0.3958199332408471,0.5826884179499977,0.0238351279763747,-0.0497416036105417,0.0974118595632913,season-weighted final PA W per selected current decision; no summed PA policy gain,True,bcap_swing__mlb_2023__20260909__r01,BCAP-SWING-v0.1.0,swing,2023,COMPLETE,fixed_development_policy_external_crossfit_nuisance_OPE,Q/value/delta/gain: raw W; outcome MSE: W^2; probabilities/coverage: fraction; sample counts: explicit rows/PA/games,Take_adjudicated,Swing_offer_including_bunts,3-0,BOUNDARY,NFB,,,,,
cell,3-0|BOUNDARY|NFB,conservative,105.0,0.4654190476190475,0.3835126068601684,0.5473254883779266,0.0,0.0,0.0,season-weighted final PA W per selected current decision; no summed PA policy gain,True,bcap_swing__mlb_2023__20260909__r01,BCAP-SWING-v0.1.0,swing,2023,COMPLETE,fixed_development_policy_external_crossfit_nuisance_OPE,Q/value/delta/gain: raw W; outcome MSE: W^2; probabilities/coverage: fraction; sample counts: explicit rows/PA/games,Take_adjudicated,Swing_offer_including_bunts,3-0,BOUNDARY,NFB,,,,,
cell,3-0|BOUNDARY|NFB,stochastic_half,105.0,0.3908496255060473,0.3083234433796745,0.4733758076324201,-0.0745694221130002,-0.1917837140126271,0.0426448697866266,season-weighted final PA W per selected current decision; no summed PA policy gain,True,bcap_swing__mlb_2023__20260909__r01,BCAP-SWING-v0.1.0,swing,2023,COMPLETE,fixed_development_policy_external_crossfit_nuisance_OPE,Q/value/delta/gain: raw W; outcome MSE: W^2; probabilities/coverage: fraction; sample counts: explicit rows/PA/games,Take_adjudicated,Swing_offer_including_bunts,3-0,BOUNDARY,NFB,,,,,
cell,3-0|INNER|FB,observed,2521.0,0.4797405791352637,0.4613238613053779,0.4981572969651495,0.0,0.0,0.0,season-weighted final PA W per selected current decision; no summed PA policy gain,True,bcap_swing__mlb_2023__20260909__r01,BCAP-SWING-v0.1.0,swing,2023,COMPLETE,fixed_development_policy_external_crossfit_nuisance_OPE,Q/value/delta/gain: raw W; outcome MSE: W^2; probabilities/coverage: fraction; sample counts: explicit rows/PA/games,Take_adjudicated,Swing_offer_including_bunts,3-0,INNER,FB,,,,,
cell,3-0|INNER|FB,always_0,2521.0,0.4718722620841917,0.4536211654603668,0.4901233587080166,-0.007868317051072,-0.0292364272220857,0.0134997931199416,season-weighted final PA W per selected current decision; no summed PA policy gain,True,bcap_swing__mlb_2023__20260909__r01,BCAP-SWING-v0.1.0,swing,2023,COMPLETE,fixed_development_policy_external_crossfit_nuisance_OPE,Q/value/delta/gain: raw W; outcome MSE: W^2; probabilities/coverage: fraction; sample counts: explicit rows/PA/games,Take_adjudicated,Swing_offer_including_bunts,3-0,INNER,FB,,,,,
cell,3-0|INNER|FB,always_1,2521.0,0.5308987897099957,0.4543985425576353,0.6073990368623561,0.0511582105747319,-0.0958569761326813,0.1981733972821451,season-weighted final PA W per selected current decision; no summed PA policy gain,True,bcap_swing__mlb_2023__20260909__r01,BCAP-SWING-v0.1.0,swing,2023,COMPLETE,fixed_development_policy_external_crossfit_nuisance_OPE,Q/value/delta/gain: raw W; outcome MSE: W^2; probabilities/coverage: fraction; sample counts: explicit rows/PA/games,Take_adjudicated,Swing_offer_including_bunts,3-0,INNER,FB,,,,,
cell,3-0|INNER|FB,learned,2521.0,0.5308987897099957,0.4543985425576353,0.6073990368623561,0.0511582105747319,-0.0958569761326813,0.1981733972821451,season-weighted final PA W per selected current decision; no summed PA policy gain,True,bcap_swing__mlb_2023__20260909__r01,BCAP-SWING-v0.1.0,swing,2023,COMPLETE,fixed_development_policy_external_crossfit_nuisance_OPE,Q/value/delta/gain: raw W; outcome MSE: W^2; probabilities/coverage: fraction; sample counts: explicit rows/PA/games,Take_adjudicated,Swing_offer_including_bunts,3-0,INNER,FB,,,,,
cell,3-0|INNER|FB,conservative,2521.0,0.4797405791352637,0.4613238613053779,0.4981572969651495,0.0,0.0,0.0,season-weighted final PA W per selected current decision; no summed PA policy gain,True,bcap_swing__mlb_2023__20260909__r01,BCAP-SWING-v0.1.0,swing,2023,COMPLETE,fixed_development_policy_external_crossfit_nuisance_OPE,Q/value/delta/gain: raw W; outcome MSE: W^2; probabilities/coverage: fraction; sample counts: explicit rows/PA/games,Take_adjudicated,Swing_offer_including_bunts,3-0,INNER,FB,,,,,
cell,3-0|INNER|FB,stochastic_half,2521.0,0.5013855258970938,0.462092273253628,0.5406787785405597,0.0216449467618299,-0.0419597852689342,0.0852496787925941,season-weighted final PA W per selected current decision; no summed PA policy gain,True,bcap_swing__mlb_2023__20260909__r01,BCAP-SWING-v0.1.0,swing,2023,COMPLETE,fixed_development_policy_external_crossfit_nuisance_OPE,Q/value/delta/gain: raw W; outcome MSE: W^2; probabilities/coverage: fraction; sample counts: explicit rows/PA/games,Take_adjudicated,Swing_offer_including_bunts,3-0,INNER,FB,,,,,
cell,3-0|INNER|NFB,observed,131.0,0.5063587786259541,0.4217920985386403,0.590925458713268,0.0,0.0,0.0,season-weighted final PA W per selected current decision; no summed PA policy gain,True,bcap_swing__mlb_2023__20260909__r01,BCAP-SWING-v0.1.0,swing,2023,COMPLETE,fixed_development_policy_external_crossfit_nuisance_OPE,Q/value/delta/gain: raw W; outcome MSE: W^2; probabilities/coverage: fraction; sample counts: explicit rows/PA/games,Take_adjudicated,Swing_offer_including_bunts,3-0,INNER,NFB,,,,,
cell,3-0|INNER|NFB,always_0,131.0,0.5450001754166417,0.4446743757217777,0.6453259751115057,0.0386413967906876,-0.0654309948520248,0.1427137884334,season-weighted final PA W per selected current decision; no summed PA policy gain,True,bcap_swing__mlb_2023__20260909__r01,BCAP-SWING-v0.1.0,swing,2023,COMPLETE,fixed_development_policy_external_crossfit_nuisance_OPE,Q/value/delta/gain: raw W; outcome MSE: W^2; probabilities/coverage: fraction; sample counts: explicit rows/PA/games,Take_adjudicated,Swing_offer_including_bunts,3-0,INNER,NFB,,,,,
cell,3-0|INNER|NFB,always_1,131.0,0.3779325629615586,0.2328546395030964,0.5230104864200207,-0.1284262156643955,-0.4156403010324552,0.1587878697036641,season-weighted final PA W per selected current decision; no summed PA policy gain,True,bcap_swing__mlb_2023__20260909__r01,BCAP-SWING-v0.1.0,swing,2023,COMPLETE,fixed_development_policy_external_crossfit_nuisance_OPE,Q/value/delta/gain: raw W; outcome MSE: W^2; probabilities/coverage: fraction; sample counts: explicit rows/PA/games,Take_adjudicated,Swing_offer_including_bunts,3-0,INNER,NFB,,,,,
cell,3-0|INNER|NFB,learned,131.0,0.5450001754166417,0.4446743757217777,0.6453259751115057,0.0386413967906876,-0.0654309948520248,0.1427137884334,season-weighted final PA W per selected current decision; no summed PA policy gain,True,bcap_swing__mlb_2023__20260909__r01,BCAP-SWING-v0.1.0,swing,2023,COMPLETE,fixed_development_policy_external_crossfit_nuisance_OPE,Q/value/delta/gain: raw W; outcome MSE: W^2; probabilities/coverage: fraction; sample counts: explicit rows/PA/games,Take_adjudicated,Swing_offer_including_bunts,3-0,INNER,NFB,,,,,
cell,3-0|INNER|NFB,conservative,131.0,0.5063587786259541,0.4217920985386403,0.590925458713268,0.0,0.0,0.0,season-weighted final PA W per selected current decision; no summed PA policy gain,True,bcap_swing__mlb_2023__20260909__r01,BCAP-SWING-v0.1.0,swing,2023,COMPLETE,fixed_development_policy_external_crossfit_nuisance_OPE,Q/value/delta/gain: raw W; outcome MSE: W^2; probabilities/coverage: fraction; sample counts: explicit rows/PA/games,Take_adjudicated,Swing_offer_including_bunts,3-0,INNER,NFB,,,,,
cell,3-0|INNER|NFB,stochastic_half,131.0,0.4614663691891003,0.3733323282716038,0.5496004101065968,-0.0448924094368539,-0.1433567445771512,0.0535719257034433,season-weighted final PA W per selected current decision; no summed PA policy gain,True,bcap_swing__mlb_2023__20260909__r01,BCAP-SWING-v0.1.0,swing,2023,COMPLETE,fixed_development_policy_external_crossfit_nuisance_OPE,Q/value/delta/gain: raw W; outcome MSE: W^2; probabilities/coverage: fraction; sample counts: explicit rows/PA/games,Take_adjudicated,Swing_offer_including_bunts,3-0,INNER,NFB,,,,,
cell,3-0|OUT|FB,observed,1692.0,0.6621985815602836,0.6516712416543292,0.6727259214662379,0.0,0.0,0.0,season-weighted final PA W per selected current decision; no summed PA policy gain,True,bcap_swing__mlb_2023__20260909__r01,BCAP-SWING-v0.1.0,swing,2023,COMPLETE,fixed_development_policy_external_crossfit_nuisance_OPE,Q/value/delta/gain: raw W; outcome MSE: W^2; probabilities/coverage: fraction; sample counts: explicit rows/PA/games,Take_adjudicated,Swing_offer_including_bunts,3-0,OUT,FB,,,,,
cell,3-0|OUT|FB,always_0,1692.0,0.6781324553276348,0.667784332705655,0.6884805779496146,0.0159338737673511,0.0045134047114677,0.0273543428232345,season-weighted final PA W per selected current decision; no summed PA policy gain,True,bcap_swing__mlb_2023__20260909__r01,BCAP-SWING-v0.1.0,swing,2023,COMPLETE,fixed_development_policy_external_crossfit_nuisance_OPE,Q/value/delta/gain: raw W; outcome MSE: W^2; probabilities/coverage: fraction; sample counts: explicit rows/PA/games,Take_adjudicated,Swing_offer_including_bunts,3-0,OUT,FB,,,,,
cell,3-0|OUT|FB,always_1,1692.0,0.3439502918085702,0.3024840248409348,0.3854165587762055,-0.3182482897517135,-0.4003818426937326,-0.2361147368096943,season-weighted final PA W per selected current decision; no summed PA policy gain,True,bcap_swing__mlb_2023__20260909__r01,BCAP-SWING-v0.1.0,swing,2023,COMPLETE,fixed_development_policy_external_crossfit_nuisance_OPE,Q/value/delta/gain: raw W; outcome MSE: W^2; probabilities/coverage: fraction; sample counts: explicit rows/PA/games,Take_adjudicated,Swing_offer_including_bunts,3-0,OUT,FB,,,,,
cell,3-0|OUT|FB,learned,1692.0,0.6781324553276348,0.667784332705655,0.6884805779496146,0.0159338737673511,0.0045134047114677,0.0273543428232345,season-weighted final PA W per selected current decision; no summed PA policy gain,True,bcap_swing__mlb_2023__20260909__r01,BCAP-SWING-v0.1.0,swing,2023,COMPLETE,fixed_development_policy_external_crossfit_nuisance_OPE,Q/value/delta/gain: raw W; outcome MSE: W^2; probabilities/coverage: fraction; sample counts: explicit rows/PA/games,Take_adjudicated,Swing_offer_including_bunts,3-0,OUT,FB,,,,,
cell,3-0|OUT|FB,conservative,1692.0,0.6621985815602836,0.6516712416543292,0.6727259214662379,0.0,0.0,0.0,season-weighted final PA W per selected current decision; no summed PA policy gain,True,bcap_swing__mlb_2023__20260909__r01,BCAP-SWING-v0.1.0,swing,2023,COMPLETE,fixed_development_policy_external_crossfit_nuisance_OPE,Q/value/delta/gain: raw W; outcome MSE: W^2; probabilities/coverage: fraction; sample counts: explicit rows/PA/games,Take_adjudicated,Swing_offer_including_bunts,3-0,OUT,FB,,,,,
cell,3-0|OUT|FB,stochastic_half,1692.0,0.5110413735681025,0.4896288130968787,0.5324539340393263,-0.1511572079921811,-0.1883459228772418,-0.1139684931071205,season-weighted final PA W per selected current decision; no summed PA policy gain,True,bcap_swing__mlb_2023__20260909__r01,BCAP-SWING-v0.1.0,swing,2023,COMPLETE,fixed_development_policy_external_crossfit_nuisance_OPE,Q/value/delta/gain: raw W; outcome MSE: W^2; probabilities/coverage: fraction; sample counts: explicit rows/PA/games,Take_adjudicated,Swing_offer_including_bunts,3-0,OUT,FB,,,,,
cell,3-0|OUT|NFB,observed,144.0,0.6415833333333332,0.6009533694578041,0.6822132972088623,0.0,0.0,0.0,season-weighted final PA W per selected current decision; no summed PA policy gain,True,bcap_swing__mlb_2023__20260909__r01,BCAP-SWING-v0.1.0,swing,2023,COMPLETE,fixed_development_policy_external_crossfit_nuisance_OPE,Q/value/delta/gain: raw W; outcome MSE: W^2; probabilities/coverage: fraction; sample counts: explicit rows/PA/games,Take_adjudicated,Swing_offer_including_bunts,3-0,OUT,NFB,,,,,
cell,3-0|OUT|NFB,always_0,144.0,0.6711115912312403,0.6324694139326151,0.7097537685298655,0.0295282578979069,-0.0164516845871542,0.0755082003829682,season-weighted final PA W per selected current decision; no summed PA policy gain,True,bcap_swing__mlb_2023__20260909__r01,BCAP-SWING-v0.1.0,swing,2023,COMPLETE,fixed_development_policy_external_crossfit_nuisance_OPE,Q/value/delta/gain: raw W; outcome MSE: W^2; probabilities/coverage: fraction; sample counts: explicit rows/PA/games,Take_adjudicated,Swing_offer_including_bunts,3-0,OUT,NFB,,,,,
cell,3-0|OUT|NFB,always_1,144.0,0.3537028443667073,0.2136320317788302,0.4937736569545843,-0.287880488966626,-0.5761824616809297,0.0004214837476776,season-weighted final PA W per selected current decision; no summed PA policy gain,True,bcap_swing__mlb_2023__20260909__r01,BCAP-SWING-v0.1.0,swing,2023,COMPLETE,fixed_development_policy_external_crossfit_nuisance_OPE,Q/value/delta/gain: raw W; outcome MSE: W^2; probabilities/coverage: fraction; sample counts: explicit rows/PA/games,Take_adjudicated,Swing_offer_including_bunts,3-0,OUT,NFB,,,,,
cell,3-0|OUT|NFB,learned,144.0,0.6711115912312403,0.6324694139326151,0.7097537685298655,0.0295282578979069,-0.0164516845871542,0.0755082003829682,season-weighted final PA W per selected current decision; no summed PA policy gain,True,bcap_swing__mlb_2023__20260909__r01,BCAP-SWING-v0.1.0,swing,2023,COMPLETE,fixed_development_policy_external_crossfit_nuisance_OPE,Q/value/delta/gain: raw W; outcome MSE: W^2; probabilities/coverage: fraction; sample counts: explicit rows/PA/games,Take_adjudicated,Swing_offer_including_bunts,3-0,OUT,NFB,,,,,
cell,3-0|OUT|NFB,conservative,144.0,0.6415833333333332,0.6009533694578041,0.6822132972088623,0.0,0.0,0.0,season-weighted final PA W per selected current decision; no summed PA policy gain,True,bcap_swing__mlb_2023__20260909__r01,BCAP-SWING-v0.1.0,swing,2023,COMPLETE,fixed_development_policy_external_crossfit_nuisance_OPE,Q/value/delta/gain: raw W; outcome MSE: W^2; probabilities/coverage: fraction; sample counts: explicit rows/PA/games,Take_adjudicated,Swing_offer_including_bunts,3-0,OUT,NFB,,,,,
cell,3-0|OUT|NFB,stochastic_half,144.0,0.5124072177989737,0.4401345772664238,0.5846798583315236,-0.1291761155343595,-0.2611164591760287,0.0027642281073097,season-weighted final PA W per selected current decision; no summed PA policy gain,True,bcap_swing__mlb_2023__20260909__r01,BCAP-SWING-v0.1.0,swing,2023,COMPLETE,fixed_development_policy_external_crossfit_nuisance_OPE,Q/value/delta/gain: raw W; outcome MSE: W^2; probabilities/coverage: fraction; sample counts: explicit rows/PA/games,Take_adjudicated,Swing_offer_including_bunts,3-0,OUT,NFB,,,,,
cell,3-1|BOUNDARY|FB,observed,3259.0,0.4063669837373427,0.3901265668138863,0.422607400660799,0.0,0.0,0.0,season-weighted final PA W per selected current decision; no summed PA policy gain,True,bcap_swing__mlb_2023__20260909__r01,BCAP-SWING-v0.1.0,swing,2023,COMPLETE,fixed_development_policy_external_crossfit_nuisance_OPE,Q/value/delta/gain: raw W; outcome MSE: W^2; probabilities/coverage: fraction; sample counts: explicit rows/PA/games,Take_adjudicated,Swing_offer_including_bunts,3-1,BOUNDARY,FB,,,,,
cell,3-1|BOUNDARY|FB,always_0,3259.0,0.4463140504947535,0.4210955832201626,0.4715325177693443,0.0399470667574107,-0.0063311092506873,0.0862252427655089,season-weighted final PA W per selected current decision; no summed PA policy gain,True,bcap_swing__mlb_2023__20260909__r01,BCAP-SWING-v0.1.0,swing,2023,COMPLETE,fixed_development_policy_external_crossfit_nuisance_OPE,Q/value/delta/gain: raw W; outcome MSE: W^2; probabilities/coverage: fraction; sample counts: explicit rows/PA/games,Take_adjudicated,Swing_offer_including_bunts,3-1,BOUNDARY,FB,,,,,
cell,3-1|BOUNDARY|FB,always_1,3259.0,0.3703317741122741,0.348613531519597,0.3920500167049511,-0.0360352096250687,-0.0630265370445161,-0.0090438822056212,season-weighted final PA W per selected current decision; no summed PA policy gain,True,bcap_swing__mlb_2023__20260909__r01,BCAP-SWING-v0.1.0,swing,2023,COMPLETE,fixed_development_policy_external_crossfit_nuisance_OPE,Q/value/delta/gain: raw W; outcome MSE: W^2; probabilities/coverage: fraction; sample counts: explicit rows/PA/games,Take_adjudicated,Swing_offer_including_bunts,3-1,BOUNDARY,FB,,,,,
cell,3-1|BOUNDARY|FB,learned,3259.0,0.4463140504947535,0.4210955832201626,0.4715325177693443,0.0399470667574107,-0.0063311092506873,0.0862252427655089,season-weighted final PA W per selected current decision; no summed PA policy gain,True,bcap_swing__mlb_2023__20260909__r01,BCAP-SWING-v0.1.0,swing,2023,COMPLETE,fixed_development_policy_external_crossfit_nuisance_OPE,Q/value/delta/gain: raw W; outcome MSE: W^2; probabilities/coverage: fraction; sample counts: explicit rows/PA/games,Take_adjudicated,Swing_offer_including_bunts,3-1,BOUNDARY,FB,,,,,
cell,3-1|BOUNDARY|FB,conservative,3259.0,0.4063669837373427,0.3901265668138863,0.422607400660799,0.0,0.0,0.0,season-weighted final PA W per selected current decision; no summed PA policy gain,True,bcap_swing__mlb_2023__20260909__r01,BCAP-SWING-v0.1.0,swing,2023,COMPLETE,fixed_development_policy_external_crossfit_nuisance_OPE,Q/value/delta/gain: raw W; outcome MSE: W^2; probabilities/coverage: fraction; sample counts: explicit rows/PA/games,Take_adjudicated,Swing_offer_including_bunts,3-1,BOUNDARY,FB,,,,,
cell,3-1|BOUNDARY|FB,stochastic_half,3259.0,0.4083229123035138,0.3918412601799698,0.4248045644270578,0.001955928566171,-0.0107774236981201,0.0146892808304621,season-weighted final PA W per selected current decision; no summed PA policy gain,True,bcap_swing__mlb_2023__20260909__r01,BCAP-SWING-v0.1.0,swing,2023,COMPLETE,fixed_development_policy_external_crossfit_nuisance_OPE,Q/value/delta/gain: raw W; outcome MSE: W^2; probabilities/coverage: fraction; sample counts: explicit rows/PA/games,Take_adjudicated,Swing_offer_including_bunts,3-1,BOUNDARY,FB,,,,,
cell,3-1|BOUNDARY|NFB,observed,871.0,0.4118300803673937,0.3809147846483823,0.4427453760864052,0.0,0.0,0.0,season-weighted final PA W per selected current decision; no summed PA policy gain,True,bcap_swing__mlb_2023__20260909__r01,BCAP-SWING-v0.1.0,swing,2023,COMPLETE,fixed_development_policy_external_crossfit_nuisance_OPE,Q/value/delta/gain: raw W; outcome MSE: W^2; probabilities/coverage: fraction; sample counts: explicit rows/PA/games,Take_adjudicated,Swing_offer_including_bunts,3-1,BOUNDARY,NFB,,,,,
cell,3-1|BOUNDARY|NFB,always_0,871.0,0.4615674769147035,0.4139311249213944,0.5092038289080125,0.0497373965473097,-0.034249235408927,0.1337240285035465,season-weighted final PA W per selected current decision; no summed PA policy gain,True,bcap_swing__mlb_2023__20260909__r01,BCAP-SWING-v0.1.0,swing,2023,COMPLETE,fixed_development_policy_external_crossfit_nuisance_OPE,Q/value/delta/gain: raw W; outcome MSE: W^2; probabilities/coverage: fraction; sample counts: explicit rows/PA/games,Take_adjudicated,Swing_offer_including_bunts,3-1,BOUNDARY,NFB,,,,,
cell,3-1|BOUNDARY|NFB,always_1,871.0,0.3713808695680625,0.3283568165872639,0.4144049225488612,-0.0404492107993311,-0.0975097034079386,0.0166112818092762,season-weighted final PA W per selected current decision; no summed PA policy gain,True,bcap_swing__mlb_2023__20260909__r01,BCAP-SWING-v0.1.0,swing,2023,COMPLETE,fixed_development_policy_external_crossfit_nuisance_OPE,Q/value/delta/gain: raw W; outcome MSE: W^2; probabilities/coverage: fraction; sample counts: explicit rows/PA/games,Take_adjudicated,Swing_offer_including_bunts,3-1,BOUNDARY,NFB,,,,,
cell,3-1|BOUNDARY|NFB,learned,871.0,0.4615674769147035,0.4139311249213944,0.5092038289080125,0.0497373965473097,-0.034249235408927,0.1337240285035465,season-weighted final PA W per selected current decision; no summed PA policy gain,True,bcap_swing__mlb_2023__20260909__r01,BCAP-SWING-v0.1.0,swing,2023,COMPLETE,fixed_development_policy_external_crossfit_nuisance_OPE,Q/value/delta/gain: raw W; outcome MSE: W^2; probabilities/coverage: fraction; sample counts: explicit rows/PA/games,Take_adjudicated,Swing_offer_including_bunts,3-1,BOUNDARY,NFB,,,,,
cell,3-1|BOUNDARY|NFB,conservative,871.0,0.4118300803673937,0.3809147846483823,0.4427453760864052,0.0,0.0,0.0,season-weighted final PA W per selected current decision; no summed PA policy gain,True,bcap_swing__mlb_2023__20260909__r01,BCAP-SWING-v0.1.0,swing,2023,COMPLETE,fixed_development_policy_external_crossfit_nuisance_OPE,Q/value/delta/gain: raw W; outcome MSE: W^2; probabilities/coverage: fraction; sample counts: explicit rows/PA/games,Take_adjudicated,Swing_offer_including_bunts,3-1,BOUNDARY,NFB,,,,,
cell,3-1|BOUNDARY|NFB,stochastic_half,871.0,0.4164741732413831,0.3844417121141349,0.4485066343686312,0.0046440928739892,-0.01691090967528,0.0261990954232586,season-weighted final PA W per selected current decision; no summed PA policy gain,True,bcap_swing__mlb_2023__20260909__r01,BCAP-SWING-v0.1.0,swing,2023,COMPLETE,fixed_development_policy_external_crossfit_nuisance_OPE,Q/value/delta/gain: raw W; outcome MSE: W^2; probabilities/coverage: fraction; sample counts: explicit rows/PA/games,Take_adjudicated,Swing_offer_including_bunts,3-1,BOUNDARY,NFB,,,,,
cell,3-1|INNER|FB,observed,4549.0,0.4008379863706308,0.3852065759084931,0.4164693968327685,0.0,0.0,0.0,season-weighted final PA W per selected current decision; no summed PA policy gain,True,bcap_swing__mlb_2023__20260909__r01,BCAP-SWING-v0.1.0,swing,2023,COMPLETE,fixed_development_policy_external_crossfit_nuisance_OPE,Q/value/delta/gain: raw W; outcome MSE: W^2; probabilities/coverage: fraction; sample counts: explicit rows/PA/games,Take_adjudicated,Swing_offer_including_bunts,3-1,INNER,FB,,,,,
cell,3-1|INNER|FB,always_0,4549.0,0.3704190567130234,0.3330584398317896,0.4077796735942572,-0.0304189296576074,-0.1061124669012101,0.0452746075859952,season-weighted final PA W per selected current decision; no summed PA policy gain,True,bcap_swing__mlb_2023__20260909__r01,BCAP-SWING-v0.1.0,swing,2023,COMPLETE,fixed_development_policy_external_crossfit_nuisance_OPE,Q/value/delta/gain: raw W; outcome MSE: W^2; probabilities/coverage: fraction; sample counts: explicit rows/PA/games,Take_adjudicated,Swing_offer_including_bunts,3-1,INNER,FB,,,,,
cell,3-1|INNER|FB,always_1,4549.0,0.4066713852944165,0.3892052984796845,0.4241374721091485,0.0058333989237856,-0.0072098076206045,0.0188766054681757,season-weighted final PA W per selected current decision; no summed PA policy gain,True,bcap_swing__mlb_2023__20260909__r01,BCAP-SWING-v0.1.0,swing,2023,COMPLETE,fixed_development_policy_external_crossfit_nuisance_OPE,Q/value/delta/gain: raw W; outcome MSE: W^2; probabilities/coverage: fraction; sample counts: explicit rows/PA/games,Take_adjudicated,Swing_offer_including_bunts,3-1,INNER,FB,,,,,
cell,3-1|INNER|FB,learned,4549.0,0.4066713852944165,0.3892052984796845,0.4241374721091485,0.0058333989237856,-0.0072098076206045,0.0188766054681757,season-weighted final PA W per selected current decision; no summed PA policy gain,True,bcap_swing__mlb_2023__20260909__r01,BCAP-SWING-v0.1.0,swing,2023,COMPLETE,fixed_development_policy_external_crossfit_nuisance_OPE,Q/value/delta/gain: raw W; outcome MSE: W^2; probabilities/coverage: fraction; sample counts: explicit rows/PA/games,Take_adjudicated,Swing_offer_including_bunts,3-1,INNER,FB,,,,,
cell,3-1|INNER|FB,conservative,4549.0,0.4008379863706308,0.3852065759084931,0.4164693968327685,0.0,0.0,0.0,season-weighted final PA W per selected current decision; no summed PA policy gain,True,bcap_swing__mlb_2023__20260909__r01,BCAP-SWING-v0.1.0,swing,2023,COMPLETE,fixed_development_policy_external_crossfit_nuisance_OPE,Q/value/delta/gain: raw W; outcome MSE: W^2; probabilities/coverage: fraction; sample counts: explicit rows/PA/games,Take_adjudicated,Swing_offer_including_bunts,3-1,INNER,FB,,,,,
cell,3-1|INNER|FB,stochastic_half,4549.0,0.38854522100372,0.3679739962914194,0.4091164457160206,-0.0122927653669109,-0.0442832813016168,0.019697750567795,season-weighted final PA W per selected current decision; no summed PA policy gain,True,bcap_swing__mlb_2023__20260909__r01,BCAP-SWING-v0.1.0,swing,2023,COMPLETE,fixed_development_policy_external_crossfit_nuisance_OPE,Q/value/delta/gain: raw W; outcome MSE: W^2; probabilities/coverage: fraction; sample counts: explicit rows/PA/games,Take_adjudicated,Swing_offer_including_bunts,3-1,INNER,FB,,,,,
cell,3-1|INNER|NFB,observed,1113.0,0.4152309074573225,0.3827860998953187,0.4476757150193264,0.0,0.0,0.0,season-weighted final PA W per selected current decision; no summed PA policy gain,True,bcap_swing__mlb_2023__20260909__r01,BCAP-SWING-v0.1.0,swing,2023,COMPLETE,fixed_development_policy_external_crossfit_nuisance_OPE,Q/value/delta/gain: raw W; outcome MSE: W^2; probabilities/coverage: fraction; sample counts: explicit rows/PA/games,Take_adjudicated,Swing_offer_including_bunts,3-1,INNER,NFB,,,,,
cell,3-1|INNER|NFB,always_0,1113.0,0.3432239175412698,0.2873064518526024,0.3991413832299373,-0.0720069899160526,-0.1758552234985117,0.0318412436664063,season-weighted final PA W per selected current decision; no summed PA policy gain,True,bcap_swing__mlb_2023__20260909__r01,BCAP-SWING-v0.1.0,swing,2023,COMPLETE,fixed_development_policy_external_crossfit_nuisance_OPE,Q/value/delta/gain: raw W; outcome MSE: W^2; probabilities/coverage: fraction; sample counts: explicit rows/PA/games,Take_adjudicated,Swing_offer_including_bunts,3-1,INNER,NFB,,,,,
cell,3-1|INNER|NFB,always_1,1113.0,0.4406736696430036,0.4011773696976538,0.4801699695883533,0.025442762185681,-0.0158919287297433,0.0667774531011054,season-weighted final PA W per selected current decision; no summed PA policy gain,True,bcap_swing__mlb_2023__20260909__r01,BCAP-SWING-v0.1.0,swing,2023,COMPLETE,fixed_development_policy_external_crossfit_nuisance_OPE,Q/value/delta/gain: raw W; outcome MSE: W^2; probabilities/coverage: fraction; sample counts: explicit rows/PA/games,Take_adjudicated,Swing_offer_including_bunts,3-1,INNER,NFB,,,,,
cell,3-1|INNER|NFB,learned,1113.0,0.4406736696430036,0.4011773696976538,0.4801699695883533,0.025442762185681,-0.0158919287297433,0.0667774531011054,season-weighted final PA W per selected current decision; no summed PA policy gain,True,bcap_swing__mlb_2023__20260909__r01,BCAP-SWING-v0.1.0,swing,2023,COMPLETE,fixed_development_policy_external_crossfit_nuisance_OPE,Q/value/delta/gain: raw W; outcome MSE: W^2; probabilities/coverage: fraction; sample counts: explicit rows/PA/games,Take_adjudicated,Swing_offer_including_bunts,3-1,INNER,NFB,,,,,
cell,3-1|INNER|NFB,conservative,1113.0,0.4152309074573225,0.3827860998953187,0.4476757150193264,0.0,0.0,0.0,season-weighted final PA W per selected current decision; no summed PA policy gain,True,bcap_swing__mlb_2023__20260909__r01,BCAP-SWING-v0.1.0,swing,2023,COMPLETE,fixed_development_policy_external_crossfit_nuisance_OPE,Q/value/delta/gain: raw W; outcome MSE: W^2; probabilities/coverage: fraction; sample counts: explicit rows/PA/games,Take_adjudicated,Swing_offer_including_bunts,3-1,INNER,NFB,,,,,
cell,3-1|INNER|NFB,stochastic_half,1113.0,0.3919487935921367,0.3570846651524775,0.4268129220317959,-0.0232821138651858,-0.0570199517778715,0.0104557240474999,season-weighted final PA W per selected current decision; no summed PA policy gain,True,bcap_swing__mlb_2023__20260909__r01,BCAP-SWING-v0.1.0,swing,2023,COMPLETE,fixed_development_policy_external_crossfit_nuisance_OPE,Q/value/delta/gain: raw W; outcome MSE: W^2; probabilities/coverage: fraction; sample counts: explicit rows/PA/games,Take_adjudicated,Swing_offer_including_bunts,3-1,INNER,NFB,,,,,
cell,3-1|OUT|FB,observed,3929.0,0.5949735301603462,0.5858095033212456,0.6041375569994467,0.0,0.0,0.0,season-weighted final PA W per selected current decision; no summed PA policy gain,True,bcap_swing__mlb_2023__20260909__r01,BCAP-SWING-v0.1.0,swing,2023,COMPLETE,fixed_development_policy_external_crossfit_nuisance_OPE,Q/value/delta/gain: raw W; outcome MSE: W^2; probabilities/coverage: fraction; sample counts: explicit rows/PA/games,Take_adjudicated,Swing_offer_including_bunts,3-1,OUT,FB,,,,,
cell,3-1|OUT|FB,always_0,3929.0,0.6674001615263696,0.6616336501547573,0.6731666728979819,0.0724266313660235,0.0558171696566995,0.0890360930753474,season-weighted final PA W per selected current decision; no summed PA policy gain,True,bcap_swing__mlb_2023__20260909__r01,BCAP-SWING-v0.1.0,swing,2023,COMPLETE,fixed_development_policy_external_crossfit_nuisance_OPE,Q/value/delta/gain: raw W; outcome MSE: W^2; probabilities/coverage: fraction; sample counts: explicit rows/PA/games,Take_adjudicated,Swing_offer_including_bunts,3-1,OUT,FB,,,,,
cell,3-1|OUT|FB,always_1,3929.0,0.3272901612325119,0.2938617845925657,0.3607185378724581,-0.2676833689278342,-0.3275841371048283,-0.2077826007508401,season-weighted final PA W per selected current decision; no summed PA policy gain,True,bcap_swing__mlb_2023__20260909__r01,BCAP-SWING-v0.1.0,swing,2023,COMPLETE,fixed_development_policy_external_crossfit_nuisance_OPE,Q/value/delta/gain: raw W; outcome MSE: W^2; probabilities/coverage: fraction; sample counts: explicit rows/PA/games,Take_adjudicated,Swing_offer_including_bunts,3-1,OUT,FB,,,,,
cell,3-1|OUT|FB,learned,3929.0,0.6674001615263696,0.6616336501547573,0.6731666728979819,0.0724266313660235,0.0558171696566995,0.0890360930753474,season-weighted final PA W per selected current decision; no summed PA policy gain,True,bcap_swing__mlb_2023__20260909__r01,BCAP-SWING-v0.1.0,swing,2023,COMPLETE,fixed_development_policy_external_crossfit_nuisance_OPE,Q/value/delta/gain: raw W; outcome MSE: W^2; probabilities/coverage: fraction; sample counts: explicit rows/PA/games,Take_adjudicated,Swing_offer_including_bunts,3-1,OUT,FB,,,,,
cell,3-1|OUT|FB,conservative,3929.0,0.5949735301603462,0.5858095033212456,0.6041375569994467,0.0,0.0,0.0,season-weighted final PA W per selected current decision; no summed PA policy gain,True,bcap_swing__mlb_2023__20260909__r01,BCAP-SWING-v0.1.0,swing,2023,COMPLETE,fixed_development_policy_external_crossfit_nuisance_OPE,Q/value/delta/gain: raw W; outcome MSE: W^2; probabilities/coverage: fraction; sample counts: explicit rows/PA/games,Take_adjudicated,Swing_offer_including_bunts,3-1,OUT,FB,,,,,
cell,3-1|OUT|FB,stochastic_half,3929.0,0.4973451613794407,0.4803042707368313,0.5143860520220502,-0.0976283687809053,-0.123062237730221,-0.0721944998315896,season-weighted final PA W per selected current decision; no summed PA policy gain,True,bcap_swing__mlb_2023__20260909__r01,BCAP-SWING-v0.1.0,swing,2023,COMPLETE,fixed_development_policy_external_crossfit_nuisance_OPE,Q/value/delta/gain: raw W; outcome MSE: W^2; probabilities/coverage: fraction; sample counts: explicit rows/PA/games,Take_adjudicated,Swing_offer_including_bunts,3-1,OUT,FB,,,,,
cell,3-1|OUT|NFB,observed,1456.0,0.5844031593406592,0.5682785629714139,0.6005277557099046,0.0,0.0,0.0,season-weighted final PA W per selected current decision; no summed PA policy gain,True,bcap_swing__mlb_2023__20260909__r01,BCAP-SWING-v0.1.0,swing,2023,COMPLETE,fixed_development_policy_external_crossfit_nuisance_OPE,Q/value/delta/gain: raw W; outcome MSE: W^2; probabilities/coverage: fraction; sample counts: explicit rows/PA/games,Take_adjudicated,Swing_offer_including_bunts,3-1,OUT,NFB,,,,,
cell,3-1|OUT|NFB,always_0,1456.0,0.6716763641625944,0.6603760678908281,0.6829766604343606,0.087273204821935,0.0558273634575691,0.1187190461863009,season-weighted final PA W per selected current decision; no summed PA policy gain,True,bcap_swing__mlb_2023__20260909__r01,BCAP-SWING-v0.1.0,swing,2023,COMPLETE,fixed_development_policy_external_crossfit_nuisance_OPE,Q/value/delta/gain: raw W; outcome MSE: W^2; probabilities/coverage: fraction; sample counts: explicit rows/PA/games,Take_adjudicated,Swing_offer_including_bunts,3-1,OUT,NFB,,,,,
cell,3-1|OUT|NFB,always_1,1456.0,0.3707802757173003,0.3197279101617732,0.4218326412728274,-0.213622883623359,-0.305590267767475,-0.1216554994792429,season-weighted final PA W per selected current decision; no summed PA policy gain,True,bcap_swing__mlb_2023__20260909__r01,BCAP-SWING-v0.1.0,swing,2023,COMPLETE,fixed_development_policy_external_crossfit_nuisance_OPE,Q/value/delta/gain: raw W; outcome MSE: W^2; probabilities/coverage: fraction; sample counts: explicit rows/PA/games,Take_adjudicated,Swing_offer_including_bunts,3-1,OUT,NFB,,,,,
cell,3-1|OUT|NFB,learned,1456.0,0.6716763641625944,0.6603760678908281,0.6829766604343606,0.087273204821935,0.0558273634575691,0.1187190461863009,season-weighted final PA W per selected current decision; no summed PA policy gain,True,bcap_swing__mlb_2023__20260909__r01,BCAP-SWING-v0.1.0,swing,2023,COMPLETE,fixed_development_policy_external_crossfit_nuisance_OPE,Q/value/delta/gain: raw W; outcome MSE: W^2; probabilities/coverage: fraction; sample counts: explicit rows/PA/games,Take_adjudicated,Swing_offer_including_bunts,3-1,OUT,NFB,,,,,
cell,3-1|OUT|NFB,conservative,1456.0,0.5844031593406592,0.5682785629714139,0.6005277557099046,0.0,0.0,0.0,season-weighted final PA W per selected current decision; no summed PA policy gain,True,bcap_swing__mlb_2023__20260909__r01,BCAP-SWING-v0.1.0,swing,2023,COMPLETE,fixed_development_policy_external_crossfit_nuisance_OPE,Q/value/delta/gain: raw W; outcome MSE: W^2; probabilities/coverage: fraction; sample counts: explicit rows/PA/games,Take_adjudicated,Swing_offer_including_bunts,3-1,OUT,NFB,,,,,
cell,3-1|OUT|NFB,stochastic_half,1456.0,0.5212283199399472,0.4954353437196156,0.5470212961602788,-0.0631748394007119,-0.1025413535524993,-0.0238083252489246,season-weighted final PA W per selected current decision; no summed PA policy gain,True,bcap_swing__mlb_2023__20260909__r01,BCAP-SWING-v0.1.0,swing,2023,COMPLETE,fixed_development_policy_external_crossfit_nuisance_OPE,Q/value/delta/gain: raw W; outcome MSE: W^2; probabilities/coverage: fraction; sample counts: explicit rows/PA/games,Take_adjudicated,Swing_offer_including_bunts,3-1,OUT,NFB,,,,,
cell,3-2|BOUNDARY|FB,observed,5955.0,0.2927895885810243,0.2803004504011836,0.305278726760865,0.0,0.0,0.0,season-weighted final PA W per selected current decision; no summed PA policy gain,True,bcap_swing__mlb_2023__20260909__r01,BCAP-SWING-v0.1.0,swing,2023,COMPLETE,fixed_development_policy_external_crossfit_nuisance_OPE,Q/value/delta/gain: raw W; outcome MSE: W^2; probabilities/coverage: fraction; sample counts: explicit rows/PA/games,Take_adjudicated,Swing_offer_including_bunts,3-2,BOUNDARY,FB,,,,,
cell,3-2|BOUNDARY|FB,always_0,5955.0,0.1696333043802113,0.1468621553991089,0.1924044533613138,-0.1231562842008129,-0.1707379659843809,-0.075574602417245,season-weighted final PA W per selected current decision; no summed PA policy gain,True,bcap_swing__mlb_2023__20260909__r01,BCAP-SWING-v0.1.0,swing,2023,COMPLETE,fixed_development_policy_external_crossfit_nuisance_OPE,Q/value/delta/gain: raw W; outcome MSE: W^2; probabilities/coverage: fraction; sample counts: explicit rows/PA/games,Take_adjudicated,Swing_offer_including_bunts,3-2,BOUNDARY,FB,,,,,
cell,3-2|BOUNDARY|FB,always_1,5955.0,0.3116198874036758,0.2974978920436383,0.3257418827637134,0.0188302988226515,0.0091919128760093,0.0284686847692937,season-weighted final PA W per selected current decision; no summed PA policy gain,True,bcap_swing__mlb_2023__20260909__r01,BCAP-SWING-v0.1.0,swing,2023,COMPLETE,fixed_development_policy_external_crossfit_nuisance_OPE,Q/value/delta/gain: raw W; outcome MSE: W^2; probabilities/coverage: fraction; sample counts: explicit rows/PA/games,Take_adjudicated,Swing_offer_including_bunts,3-2,BOUNDARY,FB,,,,,
cell,3-2|BOUNDARY|FB,learned,5955.0,0.3116198874036758,0.2974978920436383,0.3257418827637134,0.0188302988226515,0.0091919128760093,0.0284686847692937,season-weighted final PA W per selected current decision; no summed PA policy gain,True,bcap_swing__mlb_2023__20260909__r01,BCAP-SWING-v0.1.0,swing,2023,COMPLETE,fixed_development_policy_external_crossfit_nuisance_OPE,Q/value/delta/gain: raw W; outcome MSE: W^2; probabilities/coverage: fraction; sample counts: explicit rows/PA/games,Take_adjudicated,Swing_offer_including_bunts,3-2,BOUNDARY,FB,,,,,
cell,3-2|BOUNDARY|FB,conservative,5955.0,0.2927895885810243,0.2803004504011836,0.305278726760865,0.0,0.0,0.0,season-weighted final PA W per selected current decision; no summed PA policy gain,True,bcap_swing__mlb_2023__20260909__r01,BCAP-SWING-v0.1.0,swing,2023,COMPLETE,fixed_development_policy_external_crossfit_nuisance_OPE,Q/value/delta/gain: raw W; outcome MSE: W^2; probabilities/coverage: fraction; sample counts: explicit rows/PA/games,Take_adjudicated,Swing_offer_including_bunts,3-2,BOUNDARY,FB,,,,,
cell,3-2|BOUNDARY|FB,stochastic_half,5955.0,0.2406265958919436,0.2271497166517062,0.254103475132181,-0.0521629926890807,-0.0716308974862199,-0.0326950878919414,season-weighted final PA W per selected current decision; no summed PA policy gain,True,bcap_swing__mlb_2023__20260909__r01,BCAP-SWING-v0.1.0,swing,2023,COMPLETE,fixed_development_policy_external_crossfit_nuisance_OPE,Q/value/delta/gain: raw W; outcome MSE: W^2; probabilities/coverage: fraction; sample counts: explicit rows/PA/games,Take_adjudicated,Swing_offer_including_bunts,3-2,BOUNDARY,FB,,,,,
cell,3-2|BOUNDARY|NFB,observed,3377.0,0.2572904945217648,0.2412641791579784,0.2733168098855513,0.0,0.0,0.0,season-weighted final PA W per selected current decision; no summed PA policy gain,True,bcap_swing__mlb_2023__20260909__r01,BCAP-SWING-v0.1.0,swing,2023,COMPLETE,fixed_development_policy_external_crossfit_nuisance_OPE,Q/value/delta/gain: raw W; outcome MSE: W^2; probabilities/coverage: fraction; sample counts: explicit rows/PA/games,Take_adjudicated,Swing_offer_including_bunts,3-2,BOUNDARY,NFB,,,,,
cell,3-2|BOUNDARY|NFB,always_0,3377.0,0.1414320628281718,0.1054951335425243,0.1773689921138193,-0.115858431693593,-0.1895698098985413,-0.0421470534886447,season-weighted final PA W per selected current decision; no summed PA policy gain,True,bcap_swing__mlb_2023__20260909__r01,BCAP-SWING-v0.1.0,swing,2023,COMPLETE,fixed_development_policy_external_crossfit_nuisance_OPE,Q/value/delta/gain: raw W; outcome MSE: W^2; probabilities/coverage: fraction; sample counts: explicit rows/PA/games,Take_adjudicated,Swing_offer_including_bunts,3-2,BOUNDARY,NFB,,,,,
cell,3-2|BOUNDARY|NFB,always_1,3377.0,0.2676880904121535,0.2499933549721031,0.2853828258522038,0.0103975958903886,-0.0008115317469561,0.0216067235277333,season-weighted final PA W per selected current decision; no summed PA policy gain,True,bcap_swing__mlb_2023__20260909__r01,BCAP-SWING-v0.1.0,swing,2023,COMPLETE,fixed_development_policy_external_crossfit_nuisance_OPE,Q/value/delta/gain: raw W; outcome MSE: W^2; probabilities/coverage: fraction; sample counts: explicit rows/PA/games,Take_adjudicated,Swing_offer_including_bunts,3-2,BOUNDARY,NFB,,,,,
cell,3-2|BOUNDARY|NFB,learned,3377.0,0.2676880904121535,0.2499933549721031,0.2853828258522038,0.0103975958903886,-0.0008115317469561,0.0216067235277333,season-weighted final PA W per selected current decision; no summed PA policy gain,True,bcap_swing__mlb_2023__20260909__r01,BCAP-SWING-v0.1.0,swing,2023,COMPLETE,fixed_development_policy_external_crossfit_nuisance_OPE,Q/value/delta/gain: raw W; outcome MSE: W^2; probabilities/coverage: fraction; sample counts: explicit rows/PA/games,Take_adjudicated,Swing_offer_including_bunts,3-2,BOUNDARY,NFB,,,,,
cell,3-2|BOUNDARY|NFB,conservative,3377.0,0.2572904945217648,0.2412641791579784,0.2733168098855513,0.0,0.0,0.0,season-weighted final PA W per selected current decision; no summed PA policy gain,True,bcap_swing__mlb_2023__20260909__r01,BCAP-SWING-v0.1.0,swing,2023,COMPLETE,fixed_development_policy_external_crossfit_nuisance_OPE,Q/value/delta/gain: raw W; outcome MSE: W^2; probabilities/coverage: fraction; sample counts: explicit rows/PA/games,Take_adjudicated,Swing_offer_including_bunts,3-2,BOUNDARY,NFB,,,,,
cell,3-2|BOUNDARY|NFB,stochastic_half,3377.0,0.2045600766201626,0.1842064250079613,0.2249137282323638,-0.0527304179016022,-0.0848113301813142,-0.0206495056218902,season-weighted final PA W per selected current decision; no summed PA policy gain,True,bcap_swing__mlb_2023__20260909__r01,BCAP-SWING-v0.1.0,swing,2023,COMPLETE,fixed_development_policy_external_crossfit_nuisance_OPE,Q/value/delta/gain: raw W; outcome MSE: W^2; probabilities/coverage: fraction; sample counts: explicit rows/PA/games,Take_adjudicated,Swing_offer_including_bunts,3-2,BOUNDARY,NFB,,,,,
cell,3-2|INNER|FB,observed,7491.0,0.3372011747430249,0.3242066481329945,0.3501957013530554,0.0,0.0,0.0,season-weighted final PA W per selected current decision; no summed PA policy gain,True,bcap_swing__mlb_2023__20260909__r01,BCAP-SWING-v0.1.0,swing,2023,COMPLETE,fixed_development_policy_external_crossfit_nuisance_OPE,Q/value/delta/gain: raw W; outcome MSE: W^2; probabilities/coverage: fraction; sample counts: explicit rows/PA/games,Take_adjudicated,Swing_offer_including_bunts,3-2,INNER,FB,,,,,
cell,3-2|INNER|FB,always_0,7491.0,0.0884120210067125,0.0705054210980491,0.1063186209153759,-0.2487891537363123,-0.2921503094645276,-0.2054279980080972,season-weighted final PA W per selected current decision; no summed PA policy gain,True,bcap_swing__mlb_2023__20260909__r01,BCAP-SWING-v0.1.0,swing,2023,COMPLETE,fixed_development_policy_external_crossfit_nuisance_OPE,Q/value/delta/gain: raw W; outcome MSE: W^2; probabilities/coverage: fraction; sample counts: explicit rows/PA/games,Take_adjudicated,Swing_offer_including_bunts,3-2,INNER,FB,,,,,
cell,3-2|INNER|FB,always_1,7491.0,0.36039790100586,0.3462681440615421,0.3745276579501778,0.023196726262835,0.0180429078574274,0.0283505446682426,season-weighted final PA W per selected current decision; no summed PA policy gain,True,bcap_swing__mlb_2023__20260909__r01,BCAP-SWING-v0.1.0,swing,2023,COMPLETE,fixed_development_policy_external_crossfit_nuisance_OPE,Q/value/delta/gain: raw W; outcome MSE: W^2; probabilities/coverage: fraction; sample counts: explicit rows/PA/games,Take_adjudicated,Swing_offer_including_bunts,3-2,INNER,FB,,,,,
cell,3-2|INNER|FB,learned,7491.0,0.36039790100586,0.3462681440615421,0.3745276579501778,0.023196726262835,0.0180429078574274,0.0283505446682426,season-weighted final PA W per selected current decision; no summed PA policy gain,True,bcap_swing__mlb_2023__20260909__r01,BCAP-SWING-v0.1.0,swing,2023,COMPLETE,fixed_development_policy_external_crossfit_nuisance_OPE,Q/value/delta/gain: raw W; outcome MSE: W^2; probabilities/coverage: fraction; sample counts: explicit rows/PA/games,Take_adjudicated,Swing_offer_including_bunts,3-2,INNER,FB,,,,,
cell,3-2|INNER|FB,conservative,7491.0,0.3372011747430249,0.3242066481329945,0.3501957013530554,0.0,0.0,0.0,season-weighted final PA W per selected current decision; no summed PA policy gain,True,bcap_swing__mlb_2023__20260909__r01,BCAP-SWING-v0.1.0,swing,2023,COMPLETE,fixed_development_policy_external_crossfit_nuisance_OPE,Q/value/delta/gain: raw W; outcome MSE: W^2; probabilities/coverage: fraction; sample counts: explicit rows/PA/games,Take_adjudicated,Swing_offer_including_bunts,3-2,INNER,FB,,,,,
cell,3-2|INNER|FB,stochastic_half,7491.0,0.2244049610062863,0.2129578207685424,0.2358521012440301,-0.1127962137367386,-0.1320696775596184,-0.0935227499138589,season-weighted final PA W per selected current decision; no summed PA policy gain,True,bcap_swing__mlb_2023__20260909__r01,BCAP-SWING-v0.1.0,swing,2023,COMPLETE,fixed_development_policy_external_crossfit_nuisance_OPE,Q/value/delta/gain: raw W; outcome MSE: W^2; probabilities/coverage: fraction; sample counts: explicit rows/PA/games,Take_adjudicated,Swing_offer_including_bunts,3-2,INNER,FB,,,,,
cell,3-2|INNER|NFB,observed,3645.0,0.3263064471879286,0.3083953839006497,0.3442175104752076,0.0,0.0,0.0,season-weighted final PA W per selected current decision; no summed PA policy gain,True,bcap_swing__mlb_2023__20260909__r01,BCAP-SWING-v0.1.0,swing,2023,COMPLETE,fixed_development_policy_external_crossfit_nuisance_OPE,Q/value/delta/gain: raw W; outcome MSE: W^2; probabilities/coverage: fraction; sample counts: explicit rows/PA/games,Take_adjudicated,Swing_offer_including_bunts,3-2,INNER,NFB,,,,,
cell,3-2|INNER|NFB,always_0,3645.0,0.0904439857975982,0.0602240538303367,0.1206639177648596,-0.2358624613903304,-0.3046530760619427,-0.1670718467187181,season-weighted final PA W per selected current decision; no summed PA policy gain,True,bcap_swing__mlb_2023__20260909__r01,BCAP-SWING-v0.1.0,swing,2023,COMPLETE,fixed_development_policy_external_crossfit_nuisance_OPE,Q/value/delta/gain: raw W; outcome MSE: W^2; probabilities/coverage: fraction; sample counts: explicit rows/PA/games,Take_adjudicated,Swing_offer_including_bunts,3-2,INNER,NFB,,,,,
cell,3-2|INNER|NFB,always_1,3645.0,0.3484032536376823,0.3289901804386679,0.3678163268366967,0.0220968064497537,0.0150384675031596,0.0291551453963477,season-weighted final PA W per selected current decision; no summed PA policy gain,True,bcap_swing__mlb_2023__20260909__r01,BCAP-SWING-v0.1.0,swing,2023,COMPLETE,fixed_development_policy_external_crossfit_nuisance_OPE,Q/value/delta/gain: raw W; outcome MSE: W^2; probabilities/coverage: fraction; sample counts: explicit rows/PA/games,Take_adjudicated,Swing_offer_including_bunts,3-2,INNER,NFB,,,,,
cell,3-2|INNER|NFB,learned,3645.0,0.3484032536376823,0.3289901804386679,0.3678163268366967,0.0220968064497537,0.0150384675031596,0.0291551453963477,season-weighted final PA W per selected current decision; no summed PA policy gain,True,bcap_swing__mlb_2023__20260909__r01,BCAP-SWING-v0.1.0,swing,2023,COMPLETE,fixed_development_policy_external_crossfit_nuisance_OPE,Q/value/delta/gain: raw W; outcome MSE: W^2; probabilities/coverage: fraction; sample counts: explicit rows/PA/games,Take_adjudicated,Swing_offer_including_bunts,3-2,INNER,NFB,,,,,
cell,3-2|INNER|NFB,conservative,3645.0,0.3263064471879286,0.3083953839006497,0.3442175104752076,0.0,0.0,0.0,season-weighted final PA W per selected current decision; no summed PA policy gain,True,bcap_swing__mlb_2023__20260909__r01,BCAP-SWING-v0.1.0,swing,2023,COMPLETE,fixed_development_policy_external_crossfit_nuisance_OPE,Q/value/delta/gain: raw W; outcome MSE: W^2; probabilities/coverage: fraction; sample counts: explicit rows/PA/games,Take_adjudicated,Swing_offer_including_bunts,3-2,INNER,NFB,,,,,
cell,3-2|INNER|NFB,stochastic_half,3645.0,0.2194236197176403,0.2012785349651354,0.2375687044701451,-0.1068828274702883,-0.1379709051812674,-0.0757947497593093,season-weighted final PA W per selected current decision; no summed PA policy gain,True,bcap_swing__mlb_2023__20260909__r01,BCAP-SWING-v0.1.0,swing,2023,COMPLETE,fixed_development_policy_external_crossfit_nuisance_OPE,Q/value/delta/gain: raw W; outcome MSE: W^2; probabilities/coverage: fraction; sample counts: explicit rows/PA/games,Take_adjudicated,Swing_offer_including_bunts,3-2,INNER,NFB,,,,,
cell,3-2|OUT|FB,observed,7796.0,0.4921526423807079,0.4835432269098904,0.5007620578515255,0.0,0.0,0.0,season-weighted final PA W per selected current decision; no summed PA policy gain,True,bcap_swing__mlb_2023__20260909__r01,BCAP-SWING-v0.1.0,swing,2023,COMPLETE,fixed_development_policy_external_crossfit_nuisance_OPE,Q/value/delta/gain: raw W; outcome MSE: W^2; probabilities/coverage: fraction; sample counts: explicit rows/PA/games,Take_adjudicated,Swing_offer_including_bunts,3-2,OUT,FB,,,,,
cell,3-2|OUT|FB,always_0,7796.0,0.6521775632011634,0.6468783626201742,0.6574767637821526,0.1600249208204553,0.1423321974657983,0.1777176441751122,season-weighted final PA W per selected current decision; no summed PA policy gain,True,bcap_swing__mlb_2023__20260909__r01,BCAP-SWING-v0.1.0,swing,2023,COMPLETE,fixed_development_policy_external_crossfit_nuisance_OPE,Q/value/delta/gain: raw W; outcome MSE: W^2; probabilities/coverage: fraction; sample counts: explicit rows/PA/games,Take_adjudicated,Swing_offer_including_bunts,3-2,OUT,FB,,,,,
cell,3-2|OUT|FB,always_1,7796.0,0.2317538675221173,0.215873581074215,0.2476341539700197,-0.2603987748585906,-0.2838707964331071,-0.2369267532840742,season-weighted final PA W per selected current decision; no summed PA policy gain,True,bcap_swing__mlb_2023__20260909__r01,BCAP-SWING-v0.1.0,swing,2023,COMPLETE,fixed_development_policy_external_crossfit_nuisance_OPE,Q/value/delta/gain: raw W; outcome MSE: W^2; probabilities/coverage: fraction; sample counts: explicit rows/PA/games,Take_adjudicated,Swing_offer_including_bunts,3-2,OUT,FB,,,,,
cell,3-2|OUT|FB,learned,7796.0,0.6521775632011634,0.6468783626201742,0.6574767637821526,0.1600249208204553,0.1423321974657983,0.1777176441751122,season-weighted final PA W per selected current decision; no summed PA policy gain,True,bcap_swing__mlb_2023__20260909__r01,BCAP-SWING-v0.1.0,swing,2023,COMPLETE,fixed_development_policy_external_crossfit_nuisance_OPE,Q/value/delta/gain: raw W; outcome MSE: W^2; probabilities/coverage: fraction; sample counts: explicit rows/PA/games,Take_adjudicated,Swing_offer_including_bunts,3-2,OUT,FB,,,,,
cell,3-2|OUT|FB,conservative,7796.0,0.4921526423807079,0.4835432269098904,0.5007620578515255,0.0,0.0,0.0,season-weighted final PA W per selected current decision; no summed PA policy gain,True,bcap_swing__mlb_2023__20260909__r01,BCAP-SWING-v0.1.0,swing,2023,COMPLETE,fixed_development_policy_external_crossfit_nuisance_OPE,Q/value/delta/gain: raw W; outcome MSE: W^2; probabilities/coverage: fraction; sample counts: explicit rows/PA/games,Take_adjudicated,Swing_offer_including_bunts,3-2,OUT,FB,,,,,
cell,3-2|OUT|FB,stochastic_half,7796.0,0.4419657153616403,0.4336210934601332,0.4503103372631474,-0.0501869270190676,-0.0608752097897135,-0.0394986442484217,season-weighted final PA W per selected current decision; no summed PA policy gain,True,bcap_swing__mlb_2023__20260909__r01,BCAP-SWING-v0.1.0,swing,2023,COMPLETE,fixed_development_policy_external_crossfit_nuisance_OPE,Q/value/delta/gain: raw W; outcome MSE: W^2; probabilities/coverage: fraction; sample counts: explicit rows/PA/games,Take_adjudicated,Swing_offer_including_bunts,3-2,OUT,FB,,,,,
cell,3-2|OUT|NFB,observed,6310.0,0.4504594294770205,0.4408613569492839,0.4600575020047571,0.0,0.0,0.0,season-weighted final PA W per selected current decision; no summed PA policy gain,True,bcap_swing__mlb_2023__20260909__r01,BCAP-SWING-v0.1.0,swing,2023,COMPLETE,fixed_development_policy_external_crossfit_nuisance_OPE,Q/value/delta/gain: raw W; outcome MSE: W^2; probabilities/coverage: fraction; sample counts: explicit rows/PA/games,Take_adjudicated,Swing_offer_including_bunts,3-2,OUT,NFB,,,,,
cell,3-2|OUT|NFB,always_0,6310.0,0.6597060639870378,0.6531976806863592,0.6662144472877164,0.2092466345100171,0.1895255119850447,0.2289677570349896,season-weighted final PA W per selected current decision; no summed PA policy gain,True,bcap_swing__mlb_2023__20260909__r01,BCAP-SWING-v0.1.0,swing,2023,COMPLETE,fixed_development_policy_external_crossfit_nuisance_OPE,Q/value/delta/gain: raw W; outcome MSE: W^2; probabilities/coverage: fraction; sample counts: explicit rows/PA/games,Take_adjudicated,Swing_offer_including_bunts,3-2,OUT,NFB,,,,,
cell,3-2|OUT|NFB,always_1,6310.0,0.1580275411172204,0.1444275304582166,0.1716275517762242,-0.2924318883598001,-0.3123436021281806,-0.2725201745914196,season-weighted final PA W per selected current decision; no summed PA policy gain,True,bcap_swing__mlb_2023__20260909__r01,BCAP-SWING-v0.1.0,swing,2023,COMPLETE,fixed_development_policy_external_crossfit_nuisance_OPE,Q/value/delta/gain: raw W; outcome MSE: W^2; probabilities/coverage: fraction; sample counts: explicit rows/PA/games,Take_adjudicated,Swing_offer_including_bunts,3-2,OUT,NFB,,,,,
cell,3-2|OUT|NFB,learned,6310.0,0.6597060639870378,0.6531976806863592,0.6662144472877164,0.2092466345100171,0.1895255119850447,0.2289677570349896,season-weighted final PA W per selected current decision; no summed PA policy gain,True,bcap_swing__mlb_2023__20260909__r01,BCAP-SWING-v0.1.0,swing,2023,COMPLETE,fixed_development_policy_external_crossfit_nuisance_OPE,Q/value/delta/gain: raw W; outcome MSE: W^2; probabilities/coverage: fraction; sample counts: explicit rows/PA/games,Take_adjudicated,Swing_offer_including_bunts,3-2,OUT,NFB,,,,,
cell,3-2|OUT|NFB,conservative,6310.0,0.4504594294770205,0.4408613569492839,0.4600575020047571,0.0,0.0,0.0,season-weighted final PA W per selected current decision; no summed PA policy gain,True,bcap_swing__mlb_2023__20260909__r01,BCAP-SWING-v0.1.0,swing,2023,COMPLETE,fixed_development_policy_external_crossfit_nuisance_OPE,Q/value/delta/gain: raw W; outcome MSE: W^2; probabilities/coverage: fraction; sample counts: explicit rows/PA/games,Take_adjudicated,Swing_offer_including_bunts,3-2,OUT,NFB,,,,,
cell,3-2|OUT|NFB,stochastic_half,6310.0,0.4088668025521291,0.4012888787076517,0.4164447263966064,-0.0415926269248914,-0.0533917624291424,-0.0297934914206405,season-weighted final PA W per selected current decision; no summed PA policy gain,True,bcap_swing__mlb_2023__20260909__r01,BCAP-SWING-v0.1.0,swing,2023,COMPLETE,fixed_development_policy_external_crossfit_nuisance_OPE,Q/value/delta/gain: raw W; outcome MSE: W^2; probabilities/coverage: fraction; sample counts: explicit rows/PA/games,Take_adjudicated,Swing_offer_including_bunts,3-2,OUT,NFB,,,,,
overall,ALL,observed,615820.0,0.3020382238316391,0.2993022150569526,0.3047742326063256,0.0,0.0,0.0,season-weighted final PA W per selected current decision; no summed PA policy gain,True,bcap_pitch__mlb_2026_ytd_20260907__20260909__r01,BCAP-PITCH-v0.1.0,pitch,2026,COMPLETE,fixed_development_policy_external_crossfit_nuisance_OPE,Q/value/delta/gain: raw W; outcome MSE: W^2; probabilities/coverage: fraction; sample counts: explicit rows/PA/games,NFB,FB,ALL,,,,,,,
overall,ALL,always_0,615820.0,0.3015884759622108,0.2985618765496082,0.3046150753748134,0.0004497478694282,-0.0028090507193594,0.0037085464582159,season-weighted final PA W per selected current decision; no summed PA policy gain,True,bcap_pitch__mlb_2026_ytd_20260907__20260909__r01,BCAP-PITCH-v0.1.0,pitch,2026,COMPLETE,fixed_development_policy_external_crossfit_nuisance_OPE,Q/value/delta/gain: raw W; outcome MSE: W^2; probabilities/coverage: fraction; sample counts: explicit rows/PA/games,NFB,FB,ALL,,,,,,,
overall,ALL,always_1,615820.0,0.3027532215403899,0.2996525557558745,0.3058538873249054,-0.0007149977087508,-0.0034041889686332,0.0019741935511315,season-weighted final PA W per selected current decision; no summed PA policy gain,True,bcap_pitch__mlb_2026_ytd_20260907__20260909__r01,BCAP-PITCH-v0.1.0,pitch,2026,COMPLETE,fixed_development_policy_external_crossfit_nuisance_OPE,Q/value/delta/gain: raw W; outcome MSE: W^2; probabilities/coverage: fraction; sample counts: explicit rows/PA/games,NFB,FB,ALL,,,,,,,
overall,ALL,learned,615820.0,0.3001180988614152,0.29715256526732,0.3030836324555104,0.0019201249702238,-0.0004560835024326,0.0042963334428803,season-weighted final PA W per selected current decision; no summed PA policy gain,True,bcap_pitch__mlb_2026_ytd_20260907__20260909__r01,BCAP-PITCH-v0.1.0,pitch,2026,COMPLETE,fixed_development_policy_external_crossfit_nuisance_OPE,Q/value/delta/gain: raw W; outcome MSE: W^2; probabilities/coverage: fraction; sample counts: explicit rows/PA/games,NFB,FB,ALL,,,,,,,
overall,ALL,conservative,615820.0,0.3020382238316391,0.2993022150569526,0.3047742326063256,0.0,0.0,0.0,season-weighted final PA W per selected current decision; no summed PA policy gain,True,bcap_pitch__mlb_2026_ytd_20260907__20260909__r01,BCAP-PITCH-v0.1.0,pitch,2026,COMPLETE,fixed_development_policy_external_crossfit_nuisance_OPE,Q/value/delta/gain: raw W; outcome MSE: W^2; probabilities/coverage: fraction; sample counts: explicit rows/PA/games,NFB,FB,ALL,,,,,,,
overall,ALL,stochastic_half,615820.0,0.3021708487513004,0.2994087395713556,0.3049329579312452,-0.0001326249196612,-0.0011332627106905,0.000868012871368,season-weighted final PA W per selected current decision; no summed PA policy gain,True,bcap_pitch__mlb_2026_ytd_20260907__20260909__r01,BCAP-PITCH-v0.1.0,pitch,2026,COMPLETE,fixed_development_policy_external_crossfit_nuisance_OPE,Q/value/delta/gain: raw W; outcome MSE: W^2; probabilities/coverage: fraction; sample counts: explicit rows/PA/games,NFB,FB,ALL,,,,,,,
count,0-0,observed,158082.0,0.3100248921445832,0.3073834921653832,0.3126662921237831,0.0,0.0,0.0,season-weighted final PA W per selected current decision; no summed PA policy gain,True,bcap_pitch__mlb_2026_ytd_20260907__20260909__r01,BCAP-PITCH-v0.1.0,pitch,2026,COMPLETE,fixed_development_policy_external_crossfit_nuisance_OPE,Q/value/delta/gain: raw W; outcome MSE: W^2; probabilities/coverage: fraction; sample counts: explicit rows/PA/games,NFB,FB,0-0,,,,,,,
count,0-0,always_0,158082.0,0.3089010766803969,0.3048213936514383,0.3129807597093555,0.0011238154641863,-0.0058322864672427,0.0080799173956153,season-weighted final PA W per selected current decision; no summed PA policy gain,True,bcap_pitch__mlb_2026_ytd_20260907__20260909__r01,BCAP-PITCH-v0.1.0,pitch,2026,COMPLETE,fixed_development_policy_external_crossfit_nuisance_OPE,Q/value/delta/gain: raw W; outcome MSE: W^2; probabilities/coverage: fraction; sample counts: explicit rows/PA/games,NFB,FB,0-0,,,,,,,
count,0-0,always_1,158082.0,0.3111008603004087,0.3076959714652288,0.3145057491355886,-0.0010759681558255,-0.0055869998091372,0.003435063497486,season-weighted final PA W per selected current decision; no summed PA policy gain,True,bcap_pitch__mlb_2026_ytd_20260907__20260909__r01,BCAP-PITCH-v0.1.0,pitch,2026,COMPLETE,fixed_development_policy_external_crossfit_nuisance_OPE,Q/value/delta/gain: raw W; outcome MSE: W^2; probabilities/coverage: fraction; sample counts: explicit rows/PA/games,NFB,FB,0-0,,,,,,,
count,0-0,learned,158082.0,0.3111008603004087,0.3076959714652288,0.3145057491355886,-0.0010759681558255,-0.0055869998091372,0.003435063497486,season-weighted final PA W per selected current decision; no summed PA policy gain,True,bcap_pitch__mlb_2026_ytd_20260907__20260909__r01,BCAP-PITCH-v0.1.0,pitch,2026,COMPLETE,fixed_development_policy_external_crossfit_nuisance_OPE,Q/value/delta/gain: raw W; outcome MSE: W^2; probabilities/coverage: fraction; sample counts: explicit rows/PA/games,NFB,FB,0-0,,,,,,,
count,0-0,conservative,158082.0,0.3100248921445832,0.3073834921653832,0.3126662921237831,0.0,0.0,0.0,season-weighted final PA W per selected current decision; no summed PA policy gain,True,bcap_pitch__mlb_2026_ytd_20260907__20260909__r01,BCAP-PITCH-v0.1.0,pitch,2026,COMPLETE,fixed_development_policy_external_crossfit_nuisance_OPE,Q/value/delta/gain: raw W; outcome MSE: W^2; probabilities/coverage: fraction; sample counts: explicit rows/PA/games,NFB,FB,0-0,,,,,,,
count,0-0,stochastic_half,158082.0,0.3100009684904029,0.3073042987371513,0.3126976382436544,2.392365418035815e-05,-0.0018485129457431,0.0018963602541038,season-weighted final PA W per selected current decision; no summed PA policy gain,True,bcap_pitch__mlb_2026_ytd_20260907__20260909__r01,BCAP-PITCH-v0.1.0,pitch,2026,COMPLETE,fixed_development_policy_external_crossfit_nuisance_OPE,Q/value/delta/gain: raw W; outcome MSE: W^2; probabilities/coverage: fraction; sample counts: explicit rows/PA/games,NFB,FB,0-0,,,,,,,
count,0-1,observed,79464.0,0.2627330615121312,0.2592772707423148,0.2661888522819477,0.0,0.0,0.0,season-weighted final PA W per selected current decision; no summed PA policy gain,True,bcap_pitch__mlb_2026_ytd_20260907__20260909__r01,BCAP-PITCH-v0.1.0,pitch,2026,COMPLETE,fixed_development_policy_external_crossfit_nuisance_OPE,Q/value/delta/gain: raw W; outcome MSE: W^2; probabilities/coverage: fraction; sample counts: explicit rows/PA/games,NFB,FB,0-1,,,,,,,
count,0-1,always_0,79464.0,0.2640197288933052,0.2591983226658872,0.2688411351207231,-0.0012866673811739,-0.0088278621633499,0.006254527401002,season-weighted final PA W per selected current decision; no summed PA policy gain,True,bcap_pitch__mlb_2026_ytd_20260907__20260909__r01,BCAP-PITCH-v0.1.0,pitch,2026,COMPLETE,fixed_development_policy_external_crossfit_nuisance_OPE,Q/value/delta/gain: raw W; outcome MSE: W^2; probabilities/coverage: fraction; sample counts: explicit rows/PA/games,NFB,FB,0-1,,,,,,,
count,0-1,always_1,79464.0,0.2620714755799535,0.2567425945505474,0.2674003566093596,0.0006615859321777,-0.0074470401452022,0.0087702120095578,season-weighted final PA W per selected current decision; no summed PA policy gain,True,bcap_pitch__mlb_2026_ytd_20260907__20260909__r01,BCAP-PITCH-v0.1.0,pitch,2026,COMPLETE,fixed_development_policy_external_crossfit_nuisance_OPE,Q/value/delta/gain: raw W; outcome MSE: W^2; probabilities/coverage: fraction; sample counts: explicit rows/PA/games,NFB,FB,0-1,,,,,,,
count,0-1,learned,79464.0,0.2620714755799535,0.2567425945505474,0.2674003566093596,0.0006615859321777,-0.0074470401452022,0.0087702120095578,season-weighted final PA W per selected current decision; no summed PA policy gain,True,bcap_pitch__mlb_2026_ytd_20260907__20260909__r01,BCAP-PITCH-v0.1.0,pitch,2026,COMPLETE,fixed_development_policy_external_crossfit_nuisance_OPE,Q/value/delta/gain: raw W; outcome MSE: W^2; probabilities/coverage: fraction; sample counts: explicit rows/PA/games,NFB,FB,0-1,,,,,,,
count,0-1,conservative,79464.0,0.2627330615121312,0.2592772707423148,0.2661888522819477,0.0,0.0,0.0,season-weighted final PA W per selected current decision; no summed PA policy gain,True,bcap_pitch__mlb_2026_ytd_20260907__20260909__r01,BCAP-PITCH-v0.1.0,pitch,2026,COMPLETE,fixed_development_policy_external_crossfit_nuisance_OPE,Q/value/delta/gain: raw W; outcome MSE: W^2; probabilities/coverage: fraction; sample counts: explicit rows/PA/games,NFB,FB,0-1,,,,,,,
count,0-1,stochastic_half,79464.0,0.2630456022366293,0.2594200769124225,0.2666711275608362,-0.000312540724498,-0.0023533353210273,0.0017282538720311,season-weighted final PA W per selected current decision; no summed PA policy gain,True,bcap_pitch__mlb_2026_ytd_20260907__20260909__r01,BCAP-PITCH-v0.1.0,pitch,2026,COMPLETE,fixed_development_policy_external_crossfit_nuisance_OPE,Q/value/delta/gain: raw W; outcome MSE: W^2; probabilities/coverage: fraction; sample counts: explicit rows/PA/games,NFB,FB,0-1,,,,,,,
count,0-2,observed,41880.0,0.1960224689589302,0.1909856141255602,0.2010593237923003,0.0,0.0,0.0,season-weighted final PA W per selected current decision; no summed PA policy gain,True,bcap_pitch__mlb_2026_ytd_20260907__20260909__r01,BCAP-PITCH-v0.1.0,pitch,2026,COMPLETE,fixed_development_policy_external_crossfit_nuisance_OPE,Q/value/delta/gain: raw W; outcome MSE: W^2; probabilities/coverage: fraction; sample counts: explicit rows/PA/games,NFB,FB,0-2,,,,,,,
count,0-2,always_0,41880.0,0.1946151515573921,0.1885987823829815,0.2006315207318027,0.0014073174015381,-0.0061868265678475,0.0090014613709238,season-weighted final PA W per selected current decision; no summed PA policy gain,True,bcap_pitch__mlb_2026_ytd_20260907__20260909__r01,BCAP-PITCH-v0.1.0,pitch,2026,COMPLETE,fixed_development_policy_external_crossfit_nuisance_OPE,Q/value/delta/gain: raw W; outcome MSE: W^2; probabilities/coverage: fraction; sample counts: explicit rows/PA/games,NFB,FB,0-2,,,,,,,
count,0-2,always_1,41880.0,0.1985207752803541,0.1907389198632998,0.2063026306974084,-0.0024983063214238,-0.0138999212933744,0.0089033086505267,season-weighted final PA W per selected current decision; no summed PA policy gain,True,bcap_pitch__mlb_2026_ytd_20260907__20260909__r01,BCAP-PITCH-v0.1.0,pitch,2026,COMPLETE,fixed_development_policy_external_crossfit_nuisance_OPE,Q/value/delta/gain: raw W; outcome MSE: W^2; probabilities/coverage: fraction; sample counts: explicit rows/PA/games,NFB,FB,0-2,,,,,,,
count,0-2,learned,41880.0,0.1946151515573921,0.1885987823829815,0.2006315207318027,0.0014073174015381,-0.0061868265678475,0.0090014613709238,season-weighted final PA W per selected current decision; no summed PA policy gain,True,bcap_pitch__mlb_2026_ytd_20260907__20260909__r01,BCAP-PITCH-v0.1.0,pitch,2026,COMPLETE,fixed_development_policy_external_crossfit_nuisance_OPE,Q/value/delta/gain: raw W; outcome MSE: W^2; probabilities/coverage: fraction; sample counts: explicit rows/PA/games,NFB,FB,0-2,,,,,,,
count,0-2,conservative,41880.0,0.1960224689589302,0.1909856141255602,0.2010593237923003,0.0,0.0,0.0,season-weighted final PA W per selected current decision; no summed PA policy gain,True,bcap_pitch__mlb_2026_ytd_20260907__20260909__r01,BCAP-PITCH-v0.1.0,pitch,2026,COMPLETE,fixed_development_policy_external_crossfit_nuisance_OPE,Q/value/delta/gain: raw W; outcome MSE: W^2; probabilities/coverage: fraction; sample counts: explicit rows/PA/games,NFB,FB,0-2,,,,,,,
count,0-2,stochastic_half,41880.0,0.1965679634188731,0.1911021740715273,0.202033752766219,-0.0005454944599428,-0.0037751934088764,0.0026842044889907,season-weighted final PA W per selected current decision; no summed PA policy gain,True,bcap_pitch__mlb_2026_ytd_20260907__20260909__r01,BCAP-PITCH-v0.1.0,pitch,2026,COMPLETE,fixed_development_policy_external_crossfit_nuisance_OPE,Q/value/delta/gain: raw W; outcome MSE: W^2; probabilities/coverage: fraction; sample counts: explicit rows/PA/games,NFB,FB,0-2,,,,,,,
count,1-0,observed,60419.0,0.352247223555504,0.3480270905622512,0.3564673565487567,0.0,0.0,0.0,season-weighted final PA W per selected current decision; no summed PA policy gain,True,bcap_pitch__mlb_2026_ytd_20260907__20260909__r01,BCAP-PITCH-v0.1.0,pitch,2026,COMPLETE,fixed_development_policy_external_crossfit_nuisance_OPE,Q/value/delta/gain: raw W; outcome MSE: W^2; probabilities/coverage: fraction; sample counts: explicit rows/PA/games,NFB,FB,1-0,,,,,,,
count,1-0,always_0,60419.0,0.3563643863117149,0.3495247813351154,0.3632039912883145,-0.0041171627562108,-0.0154922241791802,0.0072578986667584,season-weighted final PA W per selected current decision; no summed PA policy gain,True,bcap_pitch__mlb_2026_ytd_20260907__20260909__r01,BCAP-PITCH-v0.1.0,pitch,2026,COMPLETE,fixed_development_policy_external_crossfit_nuisance_OPE,Q/value/delta/gain: raw W; outcome MSE: W^2; probabilities/coverage: fraction; sample counts: explicit rows/PA/games,NFB,FB,1-0,,,,,,,
count,1-0,always_1,60419.0,0.3494008635980463,0.3439760392021871,0.3548256879939054,0.0028463599574577,-0.0045983164043665,0.010291036319282,season-weighted final PA W per selected current decision; no summed PA policy gain,True,bcap_pitch__mlb_2026_ytd_20260907__20260909__r01,BCAP-PITCH-v0.1.0,pitch,2026,COMPLETE,fixed_development_policy_external_crossfit_nuisance_OPE,Q/value/delta/gain: raw W; outcome MSE: W^2; probabilities/coverage: fraction; sample counts: explicit rows/PA/games,NFB,FB,1-0,,,,,,,
count,1-0,learned,60419.0,0.3494008635980463,0.3439760392021871,0.3548256879939054,0.0028463599574577,-0.0045983164043665,0.010291036319282,season-weighted final PA W per selected current decision; no summed PA policy gain,True,bcap_pitch__mlb_2026_ytd_20260907__20260909__r01,BCAP-PITCH-v0.1.0,pitch,2026,COMPLETE,fixed_development_policy_external_crossfit_nuisance_OPE,Q/value/delta/gain: raw W; outcome MSE: W^2; probabilities/coverage: fraction; sample counts: explicit rows/PA/games,NFB,FB,1-0,,,,,,,
count,1-0,conservative,60419.0,0.352247223555504,0.3480270905622512,0.3564673565487567,0.0,0.0,0.0,season-weighted final PA W per selected current decision; no summed PA policy gain,True,bcap_pitch__mlb_2026_ytd_20260907__20260909__r01,BCAP-PITCH-v0.1.0,pitch,2026,COMPLETE,fixed_development_policy_external_crossfit_nuisance_OPE,Q/value/delta/gain: raw W; outcome MSE: W^2; probabilities/coverage: fraction; sample counts: explicit rows/PA/games,NFB,FB,1-0,,,,,,,
count,1-0,stochastic_half,60419.0,0.3528826249548806,0.3484579141578788,0.3573073357518823,-0.0006354013993765,-0.003617898652469,0.0023470958537159,season-weighted final PA W per selected current decision; no summed PA policy gain,True,bcap_pitch__mlb_2026_ytd_20260907__20260909__r01,BCAP-PITCH-v0.1.0,pitch,2026,COMPLETE,fixed_development_policy_external_crossfit_nuisance_OPE,Q/value/delta/gain: raw W; outcome MSE: W^2; probabilities/coverage: fraction; sample counts: explicit rows/PA/games,NFB,FB,1-0,,,,,,,
count,1-1,observed,61742.0,0.2943603543778951,0.2903046646057959,0.2984160441499944,0.0,0.0,0.0,season-weighted final PA W per selected current decision; no summed PA policy gain,True,bcap_pitch__mlb_2026_ytd_20260907__20260909__r01,BCAP-PITCH-v0.1.0,pitch,2026,COMPLETE,fixed_development_policy_external_crossfit_nuisance_OPE,Q/value/delta/gain: raw W; outcome MSE: W^2; probabilities/coverage: fraction; sample counts: explicit rows/PA/games,NFB,FB,1-1,,,,,,,
count,1-1,always_0,61742.0,0.2995243874313357,0.293851406721561,0.3051973681411103,-0.0051640330534406,-0.0139298844488605,0.0036018183419792,season-weighted final PA W per selected current decision; no summed PA policy gain,True,bcap_pitch__mlb_2026_ytd_20260907__20260909__r01,BCAP-PITCH-v0.1.0,pitch,2026,COMPLETE,fixed_development_policy_external_crossfit_nuisance_OPE,Q/value/delta/gain: raw W; outcome MSE: W^2; probabilities/coverage: fraction; sample counts: explicit rows/PA/games,NFB,FB,1-1,,,,,,,
count,1-1,always_1,61742.0,0.29158320937239,0.2854087263577525,0.2977576923870275,0.0027771450055051,-0.0065195135874251,0.0120738035984354,season-weighted final PA W per selected current decision; no summed PA policy gain,True,bcap_pitch__mlb_2026_ytd_20260907__20260909__r01,BCAP-PITCH-v0.1.0,pitch,2026,COMPLETE,fixed_development_policy_external_crossfit_nuisance_OPE,Q/value/delta/gain: raw W; outcome MSE: W^2; probabilities/coverage: fraction; sample counts: explicit rows/PA/games,NFB,FB,1-1,,,,,,,
count,1-1,learned,61742.0,0.29158320937239,0.2854087263577525,0.2977576923870275,0.0027771450055051,-0.0065195135874251,0.0120738035984354,season-weighted final PA W per selected current decision; no summed PA policy gain,True,bcap_pitch__mlb_2026_ytd_20260907__20260909__r01,BCAP-PITCH-v0.1.0,pitch,2026,COMPLETE,fixed_development_policy_external_crossfit_nuisance_OPE,Q/value/delta/gain: raw W; outcome MSE: W^2; probabilities/coverage: fraction; sample counts: explicit rows/PA/games,NFB,FB,1-1,,,,,,,
count,1-1,conservative,61742.0,0.2943603543778951,0.2903046646057959,0.2984160441499944,0.0,0.0,0.0,season-weighted final PA W per selected current decision; no summed PA policy gain,True,bcap_pitch__mlb_2026_ytd_20260907__20260909__r01,BCAP-PITCH-v0.1.0,pitch,2026,COMPLETE,fixed_development_policy_external_crossfit_nuisance_OPE,Q/value/delta/gain: raw W; outcome MSE: W^2; probabilities/coverage: fraction; sample counts: explicit rows/PA/games,NFB,FB,1-1,,,,,,,
count,1-1,stochastic_half,61742.0,0.2955537984018628,0.2912528916922601,0.2998547051114655,-0.0011934440239677,-0.0037535997601214,0.0013667117121859,season-weighted final PA W per selected current decision; no summed PA policy gain,True,bcap_pitch__mlb_2026_ytd_20260907__20260909__r01,BCAP-PITCH-v0.1.0,pitch,2026,COMPLETE,fixed_development_policy_external_crossfit_nuisance_OPE,Q/value/delta/gain: raw W; outcome MSE: W^2; probabilities/coverage: fraction; sample counts: explicit rows/PA/games,NFB,FB,1-1,,,,,,,
count,1-2,observed,60267.0,0.2213583719116597,0.2166767111160008,0.2260400327073187,0.0,0.0,0.0,season-weighted final PA W per selected current decision; no summed PA policy gain,True,bcap_pitch__mlb_2026_ytd_20260907__20260909__r01,BCAP-PITCH-v0.1.0,pitch,2026,COMPLETE,fixed_development_policy_external_crossfit_nuisance_OPE,Q/value/delta/gain: raw W; outcome MSE: W^2; probabilities/coverage: fraction; sample counts: explicit rows/PA/games,NFB,FB,1-2,,,,,,,
count,1-2,always_0,60267.0,0.2216553982168793,0.2162487802748949,0.2270620161588636,-0.0002970263052195,-0.0068599526596799,0.0062659000492408,season-weighted final PA W per selected current decision; no summed PA policy gain,True,bcap_pitch__mlb_2026_ytd_20260907__20260909__r01,BCAP-PITCH-v0.1.0,pitch,2026,COMPLETE,fixed_development_policy_external_crossfit_nuisance_OPE,Q/value/delta/gain: raw W; outcome MSE: W^2; probabilities/coverage: fraction; sample counts: explicit rows/PA/games,NFB,FB,1-2,,,,,,,
count,1-2,always_1,60267.0,0.222699446121495,0.2157097199444906,0.2296891722984994,-0.0013410742098352,-0.0111672330795847,0.0084850846599142,season-weighted final PA W per selected current decision; no summed PA policy gain,True,bcap_pitch__mlb_2026_ytd_20260907__20260909__r01,BCAP-PITCH-v0.1.0,pitch,2026,COMPLETE,fixed_development_policy_external_crossfit_nuisance_OPE,Q/value/delta/gain: raw W; outcome MSE: W^2; probabilities/coverage: fraction; sample counts: explicit rows/PA/games,NFB,FB,1-2,,,,,,,
count,1-2,learned,60267.0,0.2216553982168793,0.2162487802748949,0.2270620161588636,-0.0002970263052195,-0.0068599526596799,0.0062659000492408,season-weighted final PA W per selected current decision; no summed PA policy gain,True,bcap_pitch__mlb_2026_ytd_20260907__20260909__r01,BCAP-PITCH-v0.1.0,pitch,2026,COMPLETE,fixed_development_policy_external_crossfit_nuisance_OPE,Q/value/delta/gain: raw W; outcome MSE: W^2; probabilities/coverage: fraction; sample counts: explicit rows/PA/games,NFB,FB,1-2,,,,,,,
count,1-2,conservative,60267.0,0.2213583719116597,0.2166767111160008,0.2260400327073187,0.0,0.0,0.0,season-weighted final PA W per selected current decision; no summed PA policy gain,True,bcap_pitch__mlb_2026_ytd_20260907__20260909__r01,BCAP-PITCH-v0.1.0,pitch,2026,COMPLETE,fixed_development_policy_external_crossfit_nuisance_OPE,Q/value/delta/gain: raw W; outcome MSE: W^2; probabilities/coverage: fraction; sample counts: explicit rows/PA/games,NFB,FB,1-2,,,,,,,
count,1-2,stochastic_half,60267.0,0.2221774221691871,0.2171518261370913,0.227203018201283,-0.0008190502575273,-0.0035872820528416,0.0019491815377868,season-weighted final PA W per selected current decision; no summed PA policy gain,True,bcap_pitch__mlb_2026_ytd_20260907__20260909__r01,BCAP-PITCH-v0.1.0,pitch,2026,COMPLETE,fixed_development_policy_external_crossfit_nuisance_OPE,Q/value/delta/gain: raw W; outcome MSE: W^2; probabilities/coverage: fraction; sample counts: explicit rows/PA/games,NFB,FB,1-2,,,,,,,
count,2-0,observed,20423.0,0.4256644469470694,0.4189463654568599,0.432382528437279,0.0,0.0,0.0,season-weighted final PA W per selected current decision; no summed PA policy gain,True,bcap_pitch__mlb_2026_ytd_20260907__20260909__r01,BCAP-PITCH-v0.1.0,pitch,2026,COMPLETE,fixed_development_policy_external_crossfit_nuisance_OPE,Q/value/delta/gain: raw W; outcome MSE: W^2; probabilities/coverage: fraction; sample counts: explicit rows/PA/games,NFB,FB,2-0,,,,,,,
count,2-0,always_0,20423.0,0.442957117562345,0.4301046676344325,0.4558095674902575,-0.0172926706152755,-0.0406913880090332,0.0061060467784821,season-weighted final PA W per selected current decision; no summed PA policy gain,True,bcap_pitch__mlb_2026_ytd_20260907__20260909__r01,BCAP-PITCH-v0.1.0,pitch,2026,COMPLETE,fixed_development_policy_external_crossfit_nuisance_OPE,Q/value/delta/gain: raw W; outcome MSE: W^2; probabilities/coverage: fraction; sample counts: explicit rows/PA/games,NFB,FB,2-0,,,,,,,
count,2-0,always_1,20423.0,0.418435823819566,0.4105710711932674,0.4263005764458645,0.0072286231275034,-0.0021309379438824,0.0165881841988894,season-weighted final PA W per selected current decision; no summed PA policy gain,True,bcap_pitch__mlb_2026_ytd_20260907__20260909__r01,BCAP-PITCH-v0.1.0,pitch,2026,COMPLETE,fixed_development_policy_external_crossfit_nuisance_OPE,Q/value/delta/gain: raw W; outcome MSE: W^2; probabilities/coverage: fraction; sample counts: explicit rows/PA/games,NFB,FB,2-0,,,,,,,
count,2-0,learned,20423.0,0.418435823819566,0.4105710711932674,0.4263005764458645,0.0072286231275034,-0.0021309379438824,0.0165881841988894,season-weighted final PA W per selected current decision; no summed PA policy gain,True,bcap_pitch__mlb_2026_ytd_20260907__20260909__r01,BCAP-PITCH-v0.1.0,pitch,2026,COMPLETE,fixed_development_policy_external_crossfit_nuisance_OPE,Q/value/delta/gain: raw W; outcome MSE: W^2; probabilities/coverage: fraction; sample counts: explicit rows/PA/games,NFB,FB,2-0,,,,,,,
count,2-0,conservative,20423.0,0.4256644469470694,0.4189463654568599,0.432382528437279,0.0,0.0,0.0,season-weighted final PA W per selected current decision; no summed PA policy gain,True,bcap_pitch__mlb_2026_ytd_20260907__20260909__r01,BCAP-PITCH-v0.1.0,pitch,2026,COMPLETE,fixed_development_policy_external_crossfit_nuisance_OPE,Q/value/delta/gain: raw W; outcome MSE: W^2; probabilities/coverage: fraction; sample counts: explicit rows/PA/games,NFB,FB,2-0,,,,,,,
count,2-0,stochastic_half,20423.0,0.4306964706909554,0.4231708936676245,0.4382220477142862,-0.005032023743886,-0.0128502299007799,0.0027861824130078,season-weighted final PA W per selected current decision; no summed PA policy gain,True,bcap_pitch__mlb_2026_ytd_20260907__20260909__r01,BCAP-PITCH-v0.1.0,pitch,2026,COMPLETE,fixed_development_policy_external_crossfit_nuisance_OPE,Q/value/delta/gain: raw W; outcome MSE: W^2; probabilities/coverage: fraction; sample counts: explicit rows/PA/games,NFB,FB,2-0,,,,,,,
count,2-1,observed,31895.0,0.3559679887129643,0.3505519178137593,0.3613840596121694,0.0,0.0,0.0,season-weighted final PA W per selected current decision; no summed PA policy gain,True,bcap_pitch__mlb_2026_ytd_20260907__20260909__r01,BCAP-PITCH-v0.1.0,pitch,2026,COMPLETE,fixed_development_policy_external_crossfit_nuisance_OPE,Q/value/delta/gain: raw W; outcome MSE: W^2; probabilities/coverage: fraction; sample counts: explicit rows/PA/games,NFB,FB,2-1,,,,,,,
count,2-1,always_0,31895.0,0.3513188073879608,0.3426285321274344,0.3600090826484873,0.0046491813250035,-0.0102966367519927,0.0195949994019998,season-weighted final PA W per selected current decision; no summed PA policy gain,True,bcap_pitch__mlb_2026_ytd_20260907__20260909__r01,BCAP-PITCH-v0.1.0,pitch,2026,COMPLETE,fixed_development_policy_external_crossfit_nuisance_OPE,Q/value/delta/gain: raw W; outcome MSE: W^2; probabilities/coverage: fraction; sample counts: explicit rows/PA/games,NFB,FB,2-1,,,,,,,
count,2-1,always_1,31895.0,0.3592208933945291,0.3521770273898338,0.3662647593992243,-0.0032529046815647,-0.012760501493632,0.0062546921305025,season-weighted final PA W per selected current decision; no summed PA policy gain,True,bcap_pitch__mlb_2026_ytd_20260907__20260909__r01,BCAP-PITCH-v0.1.0,pitch,2026,COMPLETE,fixed_development_policy_external_crossfit_nuisance_OPE,Q/value/delta/gain: raw W; outcome MSE: W^2; probabilities/coverage: fraction; sample counts: explicit rows/PA/games,NFB,FB,2-1,,,,,,,
count,2-1,learned,31895.0,0.3592208933945291,0.3521770273898338,0.3662647593992243,-0.0032529046815647,-0.012760501493632,0.0062546921305025,season-weighted final PA W per selected current decision; no summed PA policy gain,True,bcap_pitch__mlb_2026_ytd_20260907__20260909__r01,BCAP-PITCH-v0.1.0,pitch,2026,COMPLETE,fixed_development_policy_external_crossfit_nuisance_OPE,Q/value/delta/gain: raw W; outcome MSE: W^2; probabilities/coverage: fraction; sample counts: explicit rows/PA/games,NFB,FB,2-1,,,,,,,
count,2-1,conservative,31895.0,0.3559679887129643,0.3505519178137593,0.3613840596121694,0.0,0.0,0.0,season-weighted final PA W per selected current decision; no summed PA policy gain,True,bcap_pitch__mlb_2026_ytd_20260907__20260909__r01,BCAP-PITCH-v0.1.0,pitch,2026,COMPLETE,fixed_development_policy_external_crossfit_nuisance_OPE,Q/value/delta/gain: raw W; outcome MSE: W^2; probabilities/coverage: fraction; sample counts: explicit rows/PA/games,NFB,FB,2-1,,,,,,,
count,2-1,stochastic_half,31895.0,0.355269850391245,0.3496556717940942,0.3608840289883959,0.0006981383217193,-0.0034155883287621,0.0048118649722009,season-weighted final PA W per selected current decision; no summed PA policy gain,True,bcap_pitch__mlb_2026_ytd_20260907__20260909__r01,BCAP-PITCH-v0.1.0,pitch,2026,COMPLETE,fixed_development_policy_external_crossfit_nuisance_OPE,Q/value/delta/gain: raw W; outcome MSE: W^2; probabilities/coverage: fraction; sample counts: explicit rows/PA/games,NFB,FB,2-1,,,,,,,
count,2-2,observed,51064.0,0.2683459775967413,0.263013289690915,0.2736786655025677,0.0,0.0,0.0,season-weighted final PA W per selected current decision; no summed PA policy gain,True,bcap_pitch__mlb_2026_ytd_20260907__20260909__r01,BCAP-PITCH-v0.1.0,pitch,2026,COMPLETE,fixed_development_policy_external_crossfit_nuisance_OPE,Q/value/delta/gain: raw W; outcome MSE: W^2; probabilities/coverage: fraction; sample counts: explicit rows/PA/games,NFB,FB,2-2,,,,,,,
count,2-2,always_0,51064.0,0.2650491025519104,0.2586059461695922,0.2714922589342285,0.003296875044831,-0.0051768645764782,0.0117706146661402,season-weighted final PA W per selected current decision; no summed PA policy gain,True,bcap_pitch__mlb_2026_ytd_20260907__20260909__r01,BCAP-PITCH-v0.1.0,pitch,2026,COMPLETE,fixed_development_policy_external_crossfit_nuisance_OPE,Q/value/delta/gain: raw W; outcome MSE: W^2; probabilities/coverage: fraction; sample counts: explicit rows/PA/games,NFB,FB,2-2,,,,,,,
count,2-2,always_1,51064.0,0.2759737593305356,0.2684669170166097,0.2834806016444616,-0.0076277817337943,-0.0177042810497631,0.0024487175821744,season-weighted final PA W per selected current decision; no summed PA policy gain,True,bcap_pitch__mlb_2026_ytd_20260907__20260909__r01,BCAP-PITCH-v0.1.0,pitch,2026,COMPLETE,fixed_development_policy_external_crossfit_nuisance_OPE,Q/value/delta/gain: raw W; outcome MSE: W^2; probabilities/coverage: fraction; sample counts: explicit rows/PA/games,NFB,FB,2-2,,,,,,,
count,2-2,learned,51064.0,0.2650491025519104,0.2586059461695922,0.2714922589342285,0.003296875044831,-0.0051768645764782,0.0117706146661402,season-weighted final PA W per selected current decision; no summed PA policy gain,True,bcap_pitch__mlb_2026_ytd_20260907__20260909__r01,BCAP-PITCH-v0.1.0,pitch,2026,COMPLETE,fixed_development_policy_external_crossfit_nuisance_OPE,Q/value/delta/gain: raw W; outcome MSE: W^2; probabilities/coverage: fraction; sample counts: explicit rows/PA/games,NFB,FB,2-2,,,,,,,
count,2-2,conservative,51064.0,0.2683459775967413,0.263013289690915,0.2736786655025677,0.0,0.0,0.0,season-weighted final PA W per selected current decision; no summed PA policy gain,True,bcap_pitch__mlb_2026_ytd_20260907__20260909__r01,BCAP-PITCH-v0.1.0,pitch,2026,COMPLETE,fixed_development_policy_external_crossfit_nuisance_OPE,Q/value/delta/gain: raw W; outcome MSE: W^2; probabilities/coverage: fraction; sample counts: explicit rows/PA/games,NFB,FB,2-2,,,,,,,
count,2-2,stochastic_half,51064.0,0.270511430941223,0.2649162446276151,0.2761066172548308,-0.0021654533444816,-0.0048506582000545,0.0005197515110912,season-weighted final PA W per selected current decision; no summed PA policy gain,True,bcap_pitch__mlb_2026_ytd_20260907__20260909__r01,BCAP-PITCH-v0.1.0,pitch,2026,COMPLETE,fixed_development_policy_external_crossfit_nuisance_OPE,Q/value/delta/gain: raw W; outcome MSE: W^2; probabilities/coverage: fraction; sample counts: explicit rows/PA/games,NFB,FB,2-2,,,,,,,
count,3-0,observed,6169.0,0.5548314151402173,0.5452477479746076,0.5644150823058269,0.0,0.0,0.0,season-weighted final PA W per selected current decision; no summed PA policy gain,True,bcap_pitch__mlb_2026_ytd_20260907__20260909__r01,BCAP-PITCH-v0.1.0,pitch,2026,COMPLETE,fixed_development_policy_external_crossfit_nuisance_OPE,Q/value/delta/gain: raw W; outcome MSE: W^2; probabilities/coverage: fraction; sample counts: explicit rows/PA/games,NFB,FB,3-0,,,,,,,
count,3-0,always_0,6169.0,0.4586816268789191,0.4418997762325371,0.4754634775253011,0.096149788261298,0.0586343678244877,0.1336652086981082,season-weighted final PA W per selected current decision; no summed PA policy gain,True,bcap_pitch__mlb_2026_ytd_20260907__20260909__r01,BCAP-PITCH-v0.1.0,pitch,2026,COMPLETE,fixed_development_policy_external_crossfit_nuisance_OPE,Q/value/delta/gain: raw W; outcome MSE: W^2; probabilities/coverage: fraction; sample counts: explicit rows/PA/games,NFB,FB,3-0,,,,,,,
count,3-0,always_1,6169.0,0.5554444062576744,0.5446852209893868,0.5662035915259621,-0.0006129911174572,-0.0060416203171324,0.0048156380822179,season-weighted final PA W per selected current decision; no summed PA policy gain,True,bcap_pitch__mlb_2026_ytd_20260907__20260909__r01,BCAP-PITCH-v0.1.0,pitch,2026,COMPLETE,fixed_development_policy_external_crossfit_nuisance_OPE,Q/value/delta/gain: raw W; outcome MSE: W^2; probabilities/coverage: fraction; sample counts: explicit rows/PA/games,NFB,FB,3-0,,,,,,,
count,3-0,learned,6169.0,0.4586816268789191,0.4418997762325371,0.4754634775253011,0.096149788261298,0.0586343678244877,0.1336652086981082,season-weighted final PA W per selected current decision; no summed PA policy gain,True,bcap_pitch__mlb_2026_ytd_20260907__20260909__r01,BCAP-PITCH-v0.1.0,pitch,2026,COMPLETE,fixed_development_policy_external_crossfit_nuisance_OPE,Q/value/delta/gain: raw W; outcome MSE: W^2; probabilities/coverage: fraction; sample counts: explicit rows/PA/games,NFB,FB,3-0,,,,,,,
count,3-0,conservative,6169.0,0.5548314151402173,0.5452477479746076,0.5644150823058269,0.0,0.0,0.0,season-weighted final PA W per selected current decision; no summed PA policy gain,True,bcap_pitch__mlb_2026_ytd_20260907__20260909__r01,BCAP-PITCH-v0.1.0,pitch,2026,COMPLETE,fixed_development_policy_external_crossfit_nuisance_OPE,Q/value/delta/gain: raw W; outcome MSE: W^2; probabilities/coverage: fraction; sample counts: explicit rows/PA/games,NFB,FB,3-0,,,,,,,
count,3-0,stochastic_half,6169.0,0.5070630165682968,0.4970715630749531,0.5170544700616404,0.0477683985719203,0.0312556763586639,0.0642811207851768,season-weighted final PA W per selected current decision; no summed PA policy gain,True,bcap_pitch__mlb_2026_ytd_20260907__20260909__r01,BCAP-PITCH-v0.1.0,pitch,2026,COMPLETE,fixed_development_policy_external_crossfit_nuisance_OPE,Q/value/delta/gain: raw W; outcome MSE: W^2; probabilities/coverage: fraction; sample counts: explicit rows/PA/games,NFB,FB,3-0,,,,,,,
count,3-1,observed,13449.0,0.4772582348129972,0.4695469395059892,0.4849695301200052,0.0,0.0,0.0,season-weighted final PA W per selected current decision; no summed PA policy gain,True,bcap_pitch__mlb_2026_ytd_20260907__20260909__r01,BCAP-PITCH-v0.1.0,pitch,2026,COMPLETE,fixed_development_policy_external_crossfit_nuisance_OPE,Q/value/delta/gain: raw W; outcome MSE: W^2; probabilities/coverage: fraction; sample counts: explicit rows/PA/games,NFB,FB,3-1,,,,,,,
count,3-1,always_0,13449.0,0.4729612584063087,0.4585100008612986,0.4874125159513187,0.0042969764066885,-0.0238500026175755,0.0324439554309527,season-weighted final PA W per selected current decision; no summed PA policy gain,True,bcap_pitch__mlb_2026_ytd_20260907__20260909__r01,BCAP-PITCH-v0.1.0,pitch,2026,COMPLETE,fixed_development_policy_external_crossfit_nuisance_OPE,Q/value/delta/gain: raw W; outcome MSE: W^2; probabilities/coverage: fraction; sample counts: explicit rows/PA/games,NFB,FB,3-1,,,,,,,
count,3-1,always_1,13449.0,0.4775249303777105,0.4685068543032022,0.4865430064522189,-0.0002666955647132,-0.0088271069525026,0.008293715823076,season-weighted final PA W per selected current decision; no summed PA policy gain,True,bcap_pitch__mlb_2026_ytd_20260907__20260909__r01,BCAP-PITCH-v0.1.0,pitch,2026,COMPLETE,fixed_development_policy_external_crossfit_nuisance_OPE,Q/value/delta/gain: raw W; outcome MSE: W^2; probabilities/coverage: fraction; sample counts: explicit rows/PA/games,NFB,FB,3-1,,,,,,,
count,3-1,learned,13449.0,0.4775249303777105,0.4685068543032022,0.4865430064522189,-0.0002666955647132,-0.0088271069525026,0.008293715823076,season-weighted final PA W per selected current decision; no summed PA policy gain,True,bcap_pitch__mlb_2026_ytd_20260907__20260909__r01,BCAP-PITCH-v0.1.0,pitch,2026,COMPLETE,fixed_development_policy_external_crossfit_nuisance_OPE,Q/value/delta/gain: raw W; outcome MSE: W^2; probabilities/coverage: fraction; sample counts: explicit rows/PA/games,NFB,FB,3-1,,,,,,,
count,3-1,conservative,13449.0,0.4772582348129972,0.4695469395059892,0.4849695301200052,0.0,0.0,0.0,season-weighted final PA W per selected current decision; no summed PA policy gain,True,bcap_pitch__mlb_2026_ytd_20260907__20260909__r01,BCAP-PITCH-v0.1.0,pitch,2026,COMPLETE,fixed_development_policy_external_crossfit_nuisance_OPE,Q/value/delta/gain: raw W; outcome MSE: W^2; probabilities/coverage: fraction; sample counts: explicit rows/PA/games,NFB,FB,3-1,,,,,,,
count,3-1,stochastic_half,13449.0,0.4752430943920095,0.4666818815855311,0.483804307198488,0.0020151404209876,-0.0084328938938256,0.0124631747358008,season-weighted final PA W per selected current decision; no summed PA policy gain,True,bcap_pitch__mlb_2026_ytd_20260907__20260909__r01,BCAP-PITCH-v0.1.0,pitch,2026,COMPLETE,fixed_development_policy_external_crossfit_nuisance_OPE,Q/value/delta/gain: raw W; outcome MSE: W^2; probabilities/coverage: fraction; sample counts: explicit rows/PA/games,NFB,FB,3-1,,,,,,,
count,3-2,observed,30966.0,0.3718914938965316,0.3652190798568899,0.3785639079361734,0.0,0.0,0.0,season-weighted final PA W per selected current decision; no summed PA policy gain,True,bcap_pitch__mlb_2026_ytd_20260907__20260909__r01,BCAP-PITCH-v0.1.0,pitch,2026,COMPLETE,fixed_development_policy_external_crossfit_nuisance_OPE,Q/value/delta/gain: raw W; outcome MSE: W^2; probabilities/coverage: fraction; sample counts: explicit rows/PA/games,NFB,FB,3-2,,,,,,,
count,3-2,always_0,30966.0,0.3682197133216839,0.3587675904525154,0.3776718361908524,0.0036717805748477,-0.0111289862677122,0.0184725474174078,season-weighted final PA W per selected current decision; no summed PA policy gain,True,bcap_pitch__mlb_2026_ytd_20260907__20260909__r01,BCAP-PITCH-v0.1.0,pitch,2026,COMPLETE,fixed_development_policy_external_crossfit_nuisance_OPE,Q/value/delta/gain: raw W; outcome MSE: W^2; probabilities/coverage: fraction; sample counts: explicit rows/PA/games,NFB,FB,3-2,,,,,,,
count,3-2,always_1,30966.0,0.3760181319695488,0.3682120058186871,0.3838242581204105,-0.0041266380730171,-0.0125252835979707,0.0042720074519364,season-weighted final PA W per selected current decision; no summed PA policy gain,True,bcap_pitch__mlb_2026_ytd_20260907__20260909__r01,BCAP-PITCH-v0.1.0,pitch,2026,COMPLETE,fixed_development_policy_external_crossfit_nuisance_OPE,Q/value/delta/gain: raw W; outcome MSE: W^2; probabilities/coverage: fraction; sample counts: explicit rows/PA/games,NFB,FB,3-2,,,,,,,
count,3-2,learned,30966.0,0.3682197133216839,0.3587675904525154,0.3776718361908524,0.0036717805748477,-0.0111289862677122,0.0184725474174078,season-weighted final PA W per selected current decision; no summed PA policy gain,True,bcap_pitch__mlb_2026_ytd_20260907__20260909__r01,BCAP-PITCH-v0.1.0,pitch,2026,COMPLETE,fixed_development_policy_external_crossfit_nuisance_OPE,Q/value/delta/gain: raw W; outcome MSE: W^2; probabilities/coverage: fraction; sample counts: explicit rows/PA/games,NFB,FB,3-2,,,,,,,
count,3-2,conservative,30966.0,0.3718914938965316,0.3652190798568899,0.3785639079361734,0.0,0.0,0.0,season-weighted final PA W per selected current decision; no summed PA policy gain,True,bcap_pitch__mlb_2026_ytd_20260907__20260909__r01,BCAP-PITCH-v0.1.0,pitch,2026,COMPLETE,fixed_development_policy_external_crossfit_nuisance_OPE,Q/value/delta/gain: raw W; outcome MSE: W^2; probabilities/coverage: fraction; sample counts: explicit rows/PA/games,NFB,FB,3-2,,,,,,,
count,3-2,stochastic_half,30966.0,0.3721189226456163,0.365261452151793,0.3789763931394396,-0.0002274287490846,-0.0044780938419057,0.0040232363437363,season-weighted final PA W per selected current decision; no summed PA policy gain,True,bcap_pitch__mlb_2026_ytd_20260907__20260909__r01,BCAP-PITCH-v0.1.0,pitch,2026,COMPLETE,fixed_development_policy_external_crossfit_nuisance_OPE,Q/value/delta/gain: raw W; outcome MSE: W^2; probabilities/coverage: fraction; sample counts: explicit rows/PA/games,NFB,FB,3-2,,,,,,,
,,,,,,,,,,season-weighted final PA W per selected current decision; no summed PA policy gain,,bcap_swing__mlb_2026_ytd_20260907__20260909__r01,BCAP-SWING-v0.1.0,swing,2026,WITHHELD,not_evaluated_measurement_noncomparability,Q/value/delta/gain: raw W; outcome MSE: W^2; probabilities/coverage: fraction; sample counts: explicit rows/PA/games,Take_adjudicated,Swing_offer_including_bunts,,,,evaluation_status,WITHHELD_MEASUREMENT_NONCOMPARABILITY,2026 plate middle / ABS zone differs; no validated bridge; no replacement model used,,False
