level,state,setting,n,coverage,Q0,Q1,delta,different_target,low,high,clusters,run_id,model_id,variant,period,execution_status,evaluation_method,unit,column_units,action0_label,action1_label,count,zone,pitch_group,record_type,evaluation_status,reason,grade,numeric_estimate_available
overall,ALL,untrimmed,1415566.0,1.0,0.302052746006124,0.3016562910775318,-0.0003964549285921,True,,,,bcap_pitch__mlb_2024_2025__20260909__r02,BCAP-PITCH-v0.1.0,pitch,2024_2025,COMPLETE,outer_game_nested_procedure_OPE,season-weighted final PA W per selected current decision; no summed PA policy gain,Q/value/delta/gain: raw W; outcome MSE: W^2; probabilities/coverage: fraction; sample counts: explicit rows/PA/games,NFB,FB,ALL,,,fixed_score_sensitivity,,,,
overall,ALL,trim_002,1396214.0,0.986329143254359,0.3010178389016562,0.3010486564575801,3.0817555923936246e-05,True,,,,bcap_pitch__mlb_2024_2025__20260909__r02,BCAP-PITCH-v0.1.0,pitch,2024_2025,COMPLETE,outer_game_nested_procedure_OPE,season-weighted final PA W per selected current decision; no summed PA policy gain,Q/value/delta/gain: raw W; outcome MSE: W^2; probabilities/coverage: fraction; sample counts: explicit rows/PA/games,NFB,FB,ALL,,,fixed_score_sensitivity,,,,
overall,ALL,trim_005,1395402.0,0.9857555211131096,0.3009324327279313,0.3009184342153114,-1.399851261995316e-05,False,,,,bcap_pitch__mlb_2024_2025__20260909__r02,BCAP-PITCH-v0.1.0,pitch,2024_2025,COMPLETE,outer_game_nested_procedure_OPE,season-weighted final PA W per selected current decision; no summed PA policy gain,Q/value/delta/gain: raw W; outcome MSE: W^2; probabilities/coverage: fraction; sample counts: explicit rows/PA/games,NFB,FB,ALL,,,fixed_score_sensitivity,,,,
overall,ALL,trim_010,1387058.0,0.9798610591099248,0.300155643505121,0.2999416330181479,-0.0002140104869731,True,,,,bcap_pitch__mlb_2024_2025__20260909__r02,BCAP-PITCH-v0.1.0,pitch,2024_2025,COMPLETE,outer_game_nested_procedure_OPE,season-weighted final PA W per selected current decision; no summed PA policy gain,Q/value/delta/gain: raw W; outcome MSE: W^2; probabilities/coverage: fraction; sample counts: explicit rows/PA/games,NFB,FB,ALL,,,fixed_score_sensitivity,,,,
overall,ALL,clip_010_same_target,1395402.0,0.9857555211131096,0.300901696627315,0.3009200707644811,1.8374137166182167e-05,False,,,,bcap_pitch__mlb_2024_2025__20260909__r02,BCAP-PITCH-v0.1.0,pitch,2024_2025,COMPLETE,outer_game_nested_procedure_OPE,season-weighted final PA W per selected current decision; no summed PA policy gain,Q/value/delta/gain: raw W; outcome MSE: W^2; probabilities/coverage: fraction; sample counts: explicit rows/PA/games,NFB,FB,ALL,,,fixed_score_sensitivity,,,,
overall,ALL,first_count_visit,1298215.0,0.9170995912589028,0.3032915423851896,0.3027125002058021,-0.0005790421793875,True,,,,bcap_pitch__mlb_2024_2025__20260909__r02,BCAP-PITCH-v0.1.0,pitch,2024_2025,COMPLETE,outer_game_nested_procedure_OPE,season-weighted final PA W per selected current decision; no summed PA policy gain,Q/value/delta/gain: raw W; outcome MSE: W^2; probabilities/coverage: fraction; sample counts: explicit rows/PA/games,NFB,FB,ALL,,,fixed_score_sensitivity,,,,
overall,ALL,fixed_score_cluster_pitcher,1395402.0,,,,-1.399851261995316e-05,False,-0.0040882169694194,0.0040602199441795,908.0,bcap_pitch__mlb_2024_2025__20260909__r02,BCAP-PITCH-v0.1.0,pitch,2024_2025,COMPLETE,outer_game_nested_procedure_OPE,season-weighted final PA W per selected current decision; no summed PA policy gain,Q/value/delta/gain: raw W; outcome MSE: W^2; probabilities/coverage: fraction; sample counts: explicit rows/PA/games,NFB,FB,ALL,,,fixed_score_sensitivity,,,,
overall,ALL,fixed_score_cluster_batter,1395402.0,,,,-1.399851261995316e-05,False,-0.0038527771438063,0.0038247801185664,787.0,bcap_pitch__mlb_2024_2025__20260909__r02,BCAP-PITCH-v0.1.0,pitch,2024_2025,COMPLETE,outer_game_nested_procedure_OPE,season-weighted final PA W per selected current decision; no summed PA policy gain,Q/value/delta/gain: raw W; outcome MSE: W^2; probabilities/coverage: fraction; sample counts: explicit rows/PA/games,NFB,FB,ALL,,,fixed_score_sensitivity,,,,
count,0-0,untrimmed,363467.0,1.0,0.3123003147782067,0.3098504304455399,-0.0024498843326668,True,,,,bcap_pitch__mlb_2024_2025__20260909__r02,BCAP-PITCH-v0.1.0,pitch,2024_2025,COMPLETE,outer_game_nested_procedure_OPE,season-weighted final PA W per selected current decision; no summed PA policy gain,Q/value/delta/gain: raw W; outcome MSE: W^2; probabilities/coverage: fraction; sample counts: explicit rows/PA/games,NFB,FB,0-0,,,fixed_score_sensitivity,,,,
count,0-0,trim_002,358214.0,0.985547518756861,0.3106829605653882,0.3092430787913881,-0.001439881774,True,,,,bcap_pitch__mlb_2024_2025__20260909__r02,BCAP-PITCH-v0.1.0,pitch,2024_2025,COMPLETE,outer_game_nested_procedure_OPE,season-weighted final PA W per selected current decision; no summed PA policy gain,Q/value/delta/gain: raw W; outcome MSE: W^2; probabilities/coverage: fraction; sample counts: explicit rows/PA/games,NFB,FB,0-0,,,fixed_score_sensitivity,,,,
count,0-0,trim_005,358210.0,0.9855365136312236,0.3106831587960099,0.3092441117442402,-0.0014390470517697,False,,,,bcap_pitch__mlb_2024_2025__20260909__r02,BCAP-PITCH-v0.1.0,pitch,2024_2025,COMPLETE,outer_game_nested_procedure_OPE,season-weighted final PA W per selected current decision; no summed PA policy gain,Q/value/delta/gain: raw W; outcome MSE: W^2; probabilities/coverage: fraction; sample counts: explicit rows/PA/games,NFB,FB,0-0,,,fixed_score_sensitivity,,,,
count,0-0,trim_010,357288.0,0.982999832171834,0.3107002138286134,0.3093771417610291,-0.0013230720675842,True,,,,bcap_pitch__mlb_2024_2025__20260909__r02,BCAP-PITCH-v0.1.0,pitch,2024_2025,COMPLETE,outer_game_nested_procedure_OPE,season-weighted final PA W per selected current decision; no summed PA policy gain,Q/value/delta/gain: raw W; outcome MSE: W^2; probabilities/coverage: fraction; sample counts: explicit rows/PA/games,NFB,FB,0-0,,,fixed_score_sensitivity,,,,
count,0-0,clip_010_same_target,358210.0,0.9855365136312236,0.310689176565192,0.3092425714917864,-0.0014466050734055,False,,,,bcap_pitch__mlb_2024_2025__20260909__r02,BCAP-PITCH-v0.1.0,pitch,2024_2025,COMPLETE,outer_game_nested_procedure_OPE,season-weighted final PA W per selected current decision; no summed PA policy gain,Q/value/delta/gain: raw W; outcome MSE: W^2; probabilities/coverage: fraction; sample counts: explicit rows/PA/games,NFB,FB,0-0,,,fixed_score_sensitivity,,,,
count,0-0,first_count_visit,358210.0,0.9855365136312236,0.3106831587960099,0.3092441117442402,-0.0014390470517697,True,,,,bcap_pitch__mlb_2024_2025__20260909__r02,BCAP-PITCH-v0.1.0,pitch,2024_2025,COMPLETE,outer_game_nested_procedure_OPE,season-weighted final PA W per selected current decision; no summed PA policy gain,Q/value/delta/gain: raw W; outcome MSE: W^2; probabilities/coverage: fraction; sample counts: explicit rows/PA/games,NFB,FB,0-0,,,fixed_score_sensitivity,,,,
count,0-0,fixed_score_cluster_pitcher,358210.0,,,,-0.0014390470517697,False,-0.0087439343294842,0.0058658402259447,908.0,bcap_pitch__mlb_2024_2025__20260909__r02,BCAP-PITCH-v0.1.0,pitch,2024_2025,COMPLETE,outer_game_nested_procedure_OPE,season-weighted final PA W per selected current decision; no summed PA policy gain,Q/value/delta/gain: raw W; outcome MSE: W^2; probabilities/coverage: fraction; sample counts: explicit rows/PA/games,NFB,FB,0-0,,,fixed_score_sensitivity,,,,
count,0-0,fixed_score_cluster_batter,358210.0,,,,-0.0014390470517697,False,-0.0092112272115241,0.0063331331079846,786.0,bcap_pitch__mlb_2024_2025__20260909__r02,BCAP-PITCH-v0.1.0,pitch,2024_2025,COMPLETE,outer_game_nested_procedure_OPE,season-weighted final PA W per selected current decision; no summed PA policy gain,Q/value/delta/gain: raw W; outcome MSE: W^2; probabilities/coverage: fraction; sample counts: explicit rows/PA/games,NFB,FB,0-0,,,fixed_score_sensitivity,,,,
count,0-1,untrimmed,184560.0,1.0,0.2684775484249546,0.2611920672232364,-0.0072854812017181,True,,,,bcap_pitch__mlb_2024_2025__20260909__r02,BCAP-PITCH-v0.1.0,pitch,2024_2025,COMPLETE,outer_game_nested_procedure_OPE,season-weighted final PA W per selected current decision; no summed PA policy gain,Q/value/delta/gain: raw W; outcome MSE: W^2; probabilities/coverage: fraction; sample counts: explicit rows/PA/games,NFB,FB,0-1,,,fixed_score_sensitivity,,,,
count,0-1,trim_002,182172.0,0.9870611183355008,0.2677404429225087,0.2606580282899947,-0.0070824146325139,True,,,,bcap_pitch__mlb_2024_2025__20260909__r02,BCAP-PITCH-v0.1.0,pitch,2024_2025,COMPLETE,outer_game_nested_procedure_OPE,season-weighted final PA W per selected current decision; no summed PA policy gain,Q/value/delta/gain: raw W; outcome MSE: W^2; probabilities/coverage: fraction; sample counts: explicit rows/PA/games,NFB,FB,0-1,,,fixed_score_sensitivity,,,,
count,0-1,trim_005,182172.0,0.9870611183355008,0.2677404429225087,0.2606580282899947,-0.0070824146325139,False,,,,bcap_pitch__mlb_2024_2025__20260909__r02,BCAP-PITCH-v0.1.0,pitch,2024_2025,COMPLETE,outer_game_nested_procedure_OPE,season-weighted final PA W per selected current decision; no summed PA policy gain,Q/value/delta/gain: raw W; outcome MSE: W^2; probabilities/coverage: fraction; sample counts: explicit rows/PA/games,NFB,FB,0-1,,,fixed_score_sensitivity,,,,
count,0-1,trim_010,182142.0,0.9868985695708712,0.2676234053713672,0.2606650712911913,-0.0069583340801758,True,,,,bcap_pitch__mlb_2024_2025__20260909__r02,BCAP-PITCH-v0.1.0,pitch,2024_2025,COMPLETE,outer_game_nested_procedure_OPE,season-weighted final PA W per selected current decision; no summed PA policy gain,Q/value/delta/gain: raw W; outcome MSE: W^2; probabilities/coverage: fraction; sample counts: explicit rows/PA/games,NFB,FB,0-1,,,fixed_score_sensitivity,,,,
count,0-1,clip_010_same_target,182172.0,0.9870611183355008,0.2677208667439216,0.2606579964612225,-0.007062870282699,False,,,,bcap_pitch__mlb_2024_2025__20260909__r02,BCAP-PITCH-v0.1.0,pitch,2024_2025,COMPLETE,outer_game_nested_procedure_OPE,season-weighted final PA W per selected current decision; no summed PA policy gain,Q/value/delta/gain: raw W; outcome MSE: W^2; probabilities/coverage: fraction; sample counts: explicit rows/PA/games,NFB,FB,0-1,,,fixed_score_sensitivity,,,,
count,0-1,first_count_visit,182172.0,0.9870611183355008,0.2677404429225087,0.2606580282899947,-0.0070824146325139,True,,,,bcap_pitch__mlb_2024_2025__20260909__r02,BCAP-PITCH-v0.1.0,pitch,2024_2025,COMPLETE,outer_game_nested_procedure_OPE,season-weighted final PA W per selected current decision; no summed PA policy gain,Q/value/delta/gain: raw W; outcome MSE: W^2; probabilities/coverage: fraction; sample counts: explicit rows/PA/games,NFB,FB,0-1,,,fixed_score_sensitivity,,,,
count,0-1,fixed_score_cluster_pitcher,182172.0,,,,-0.0070824146325139,False,-0.017687190489711,0.0035223612246831,908.0,bcap_pitch__mlb_2024_2025__20260909__r02,BCAP-PITCH-v0.1.0,pitch,2024_2025,COMPLETE,outer_game_nested_procedure_OPE,season-weighted final PA W per selected current decision; no summed PA policy gain,Q/value/delta/gain: raw W; outcome MSE: W^2; probabilities/coverage: fraction; sample counts: explicit rows/PA/games,NFB,FB,0-1,,,fixed_score_sensitivity,,,,
count,0-1,fixed_score_cluster_batter,182172.0,,,,-0.0070824146325139,False,-0.0175134318046692,0.0033486025396413,783.0,bcap_pitch__mlb_2024_2025__20260909__r02,BCAP-PITCH-v0.1.0,pitch,2024_2025,COMPLETE,outer_game_nested_procedure_OPE,season-weighted final PA W per selected current decision; no summed PA policy gain,Q/value/delta/gain: raw W; outcome MSE: W^2; probabilities/coverage: fraction; sample counts: explicit rows/PA/games,NFB,FB,0-1,,,fixed_score_sensitivity,,,,
count,0-2,untrimmed,96411.0,1.0,0.2002323254699856,0.2028852225968641,0.0026528971268785,True,,,,bcap_pitch__mlb_2024_2025__20260909__r02,BCAP-PITCH-v0.1.0,pitch,2024_2025,COMPLETE,outer_game_nested_procedure_OPE,season-weighted final PA W per selected current decision; no summed PA policy gain,Q/value/delta/gain: raw W; outcome MSE: W^2; probabilities/coverage: fraction; sample counts: explicit rows/PA/games,NFB,FB,0-2,,,fixed_score_sensitivity,,,,
count,0-2,trim_002,95305.0,0.9885282799680536,0.1998982080715997,0.202478928618379,0.0025807205467791,True,,,,bcap_pitch__mlb_2024_2025__20260909__r02,BCAP-PITCH-v0.1.0,pitch,2024_2025,COMPLETE,outer_game_nested_procedure_OPE,season-weighted final PA W per selected current decision; no summed PA policy gain,Q/value/delta/gain: raw W; outcome MSE: W^2; probabilities/coverage: fraction; sample counts: explicit rows/PA/games,NFB,FB,0-2,,,fixed_score_sensitivity,,,,
count,0-2,trim_005,95305.0,0.9885282799680536,0.1998982080715997,0.202478928618379,0.0025807205467791,False,,,,bcap_pitch__mlb_2024_2025__20260909__r02,BCAP-PITCH-v0.1.0,pitch,2024_2025,COMPLETE,outer_game_nested_procedure_OPE,season-weighted final PA W per selected current decision; no summed PA policy gain,Q/value/delta/gain: raw W; outcome MSE: W^2; probabilities/coverage: fraction; sample counts: explicit rows/PA/games,NFB,FB,0-2,,,fixed_score_sensitivity,,,,
count,0-2,trim_010,95288.0,0.9883519515407992,0.1998956128619478,0.2024372168312561,0.0025416039693082,True,,,,bcap_pitch__mlb_2024_2025__20260909__r02,BCAP-PITCH-v0.1.0,pitch,2024_2025,COMPLETE,outer_game_nested_procedure_OPE,season-weighted final PA W per selected current decision; no summed PA policy gain,Q/value/delta/gain: raw W; outcome MSE: W^2; probabilities/coverage: fraction; sample counts: explicit rows/PA/games,NFB,FB,0-2,,,fixed_score_sensitivity,,,,
count,0-2,clip_010_same_target,95305.0,0.9885282799680536,0.1998983389048367,0.2024789741303017,0.002580635225465,False,,,,bcap_pitch__mlb_2024_2025__20260909__r02,BCAP-PITCH-v0.1.0,pitch,2024_2025,COMPLETE,outer_game_nested_procedure_OPE,season-weighted final PA W per selected current decision; no summed PA policy gain,Q/value/delta/gain: raw W; outcome MSE: W^2; probabilities/coverage: fraction; sample counts: explicit rows/PA/games,NFB,FB,0-2,,,fixed_score_sensitivity,,,,
count,0-2,first_count_visit,77446.0,0.8032900810073539,0.19836146408512,0.2015574113259933,0.0031959472408732,True,,,,bcap_pitch__mlb_2024_2025__20260909__r02,BCAP-PITCH-v0.1.0,pitch,2024_2025,COMPLETE,outer_game_nested_procedure_OPE,season-weighted final PA W per selected current decision; no summed PA policy gain,Q/value/delta/gain: raw W; outcome MSE: W^2; probabilities/coverage: fraction; sample counts: explicit rows/PA/games,NFB,FB,0-2,,,fixed_score_sensitivity,,,,
count,0-2,fixed_score_cluster_pitcher,95305.0,,,,0.0025807205467791,False,-0.0094208108493091,0.0145822519428675,900.0,bcap_pitch__mlb_2024_2025__20260909__r02,BCAP-PITCH-v0.1.0,pitch,2024_2025,COMPLETE,outer_game_nested_procedure_OPE,season-weighted final PA W per selected current decision; no summed PA policy gain,Q/value/delta/gain: raw W; outcome MSE: W^2; probabilities/coverage: fraction; sample counts: explicit rows/PA/games,NFB,FB,0-2,,,fixed_score_sensitivity,,,,
count,0-2,fixed_score_cluster_batter,95305.0,,,,0.0025807205467791,False,-0.0097766404985206,0.0149380815920789,777.0,bcap_pitch__mlb_2024_2025__20260909__r02,BCAP-PITCH-v0.1.0,pitch,2024_2025,COMPLETE,outer_game_nested_procedure_OPE,season-weighted final PA W per selected current decision; no summed PA policy gain,Q/value/delta/gain: raw W; outcome MSE: W^2; probabilities/coverage: fraction; sample counts: explicit rows/PA/games,NFB,FB,0-2,,,fixed_score_sensitivity,,,,
count,1-0,untrimmed,136475.0,1.0,0.3534484753206574,0.3507930447164051,-0.0026554306042522,True,,,,bcap_pitch__mlb_2024_2025__20260909__r02,BCAP-PITCH-v0.1.0,pitch,2024_2025,COMPLETE,outer_game_nested_procedure_OPE,season-weighted final PA W per selected current decision; no summed PA policy gain,Q/value/delta/gain: raw W; outcome MSE: W^2; probabilities/coverage: fraction; sample counts: explicit rows/PA/games,NFB,FB,1-0,,,fixed_score_sensitivity,,,,
count,1-0,trim_002,134359.0,0.9844953288148012,0.3525259371197212,0.350003295406873,-0.0025226417128483,True,,,,bcap_pitch__mlb_2024_2025__20260909__r02,BCAP-PITCH-v0.1.0,pitch,2024_2025,COMPLETE,outer_game_nested_procedure_OPE,season-weighted final PA W per selected current decision; no summed PA policy gain,Q/value/delta/gain: raw W; outcome MSE: W^2; probabilities/coverage: fraction; sample counts: explicit rows/PA/games,NFB,FB,1-0,,,fixed_score_sensitivity,,,,
count,1-0,trim_005,134359.0,0.9844953288148012,0.3525259371197212,0.350003295406873,-0.0025226417128483,False,,,,bcap_pitch__mlb_2024_2025__20260909__r02,BCAP-PITCH-v0.1.0,pitch,2024_2025,COMPLETE,outer_game_nested_procedure_OPE,season-weighted final PA W per selected current decision; no summed PA policy gain,Q/value/delta/gain: raw W; outcome MSE: W^2; probabilities/coverage: fraction; sample counts: explicit rows/PA/games,NFB,FB,1-0,,,fixed_score_sensitivity,,,,
count,1-0,trim_010,134068.0,0.98236307015937,0.3523919069079674,0.3500644579320085,-0.0023274489759589,True,,,,bcap_pitch__mlb_2024_2025__20260909__r02,BCAP-PITCH-v0.1.0,pitch,2024_2025,COMPLETE,outer_game_nested_procedure_OPE,season-weighted final PA W per selected current decision; no summed PA policy gain,Q/value/delta/gain: raw W; outcome MSE: W^2; probabilities/coverage: fraction; sample counts: explicit rows/PA/games,NFB,FB,1-0,,,fixed_score_sensitivity,,,,
count,1-0,clip_010_same_target,134359.0,0.9844953288148012,0.3525222952248957,0.3500027172196036,-0.002519578005292,False,,,,bcap_pitch__mlb_2024_2025__20260909__r02,BCAP-PITCH-v0.1.0,pitch,2024_2025,COMPLETE,outer_game_nested_procedure_OPE,season-weighted final PA W per selected current decision; no summed PA policy gain,Q/value/delta/gain: raw W; outcome MSE: W^2; probabilities/coverage: fraction; sample counts: explicit rows/PA/games,NFB,FB,1-0,,,fixed_score_sensitivity,,,,
count,1-0,first_count_visit,134359.0,0.9844953288148012,0.3525259371197212,0.350003295406873,-0.0025226417128483,True,,,,bcap_pitch__mlb_2024_2025__20260909__r02,BCAP-PITCH-v0.1.0,pitch,2024_2025,COMPLETE,outer_game_nested_procedure_OPE,season-weighted final PA W per selected current decision; no summed PA policy gain,Q/value/delta/gain: raw W; outcome MSE: W^2; probabilities/coverage: fraction; sample counts: explicit rows/PA/games,NFB,FB,1-0,,,fixed_score_sensitivity,,,,
count,1-0,fixed_score_cluster_pitcher,134359.0,,,,-0.0025226417128483,False,-0.0152605884078694,0.0102153049821728,906.0,bcap_pitch__mlb_2024_2025__20260909__r02,BCAP-PITCH-v0.1.0,pitch,2024_2025,COMPLETE,outer_game_nested_procedure_OPE,season-weighted final PA W per selected current decision; no summed PA policy gain,Q/value/delta/gain: raw W; outcome MSE: W^2; probabilities/coverage: fraction; sample counts: explicit rows/PA/games,NFB,FB,1-0,,,fixed_score_sensitivity,,,,
count,1-0,fixed_score_cluster_batter,134359.0,,,,-0.0025226417128483,False,-0.0148904630231268,0.0098451795974302,775.0,bcap_pitch__mlb_2024_2025__20260909__r02,BCAP-PITCH-v0.1.0,pitch,2024_2025,COMPLETE,outer_game_nested_procedure_OPE,season-weighted final PA W per selected current decision; no summed PA policy gain,Q/value/delta/gain: raw W; outcome MSE: W^2; probabilities/coverage: fraction; sample counts: explicit rows/PA/games,NFB,FB,1-0,,,fixed_score_sensitivity,,,,
count,1-1,untrimmed,142511.0,1.0,0.2945750154493614,0.2914586429096571,-0.0031163725397043,True,,,,bcap_pitch__mlb_2024_2025__20260909__r02,BCAP-PITCH-v0.1.0,pitch,2024_2025,COMPLETE,outer_game_nested_procedure_OPE,season-weighted final PA W per selected current decision; no summed PA policy gain,Q/value/delta/gain: raw W; outcome MSE: W^2; probabilities/coverage: fraction; sample counts: explicit rows/PA/games,NFB,FB,1-1,,,fixed_score_sensitivity,,,,
count,1-1,trim_002,140604.0,0.9866185768116146,0.2937233972986578,0.2910781132919627,-0.002645284006695,True,,,,bcap_pitch__mlb_2024_2025__20260909__r02,BCAP-PITCH-v0.1.0,pitch,2024_2025,COMPLETE,outer_game_nested_procedure_OPE,season-weighted final PA W per selected current decision; no summed PA policy gain,Q/value/delta/gain: raw W; outcome MSE: W^2; probabilities/coverage: fraction; sample counts: explicit rows/PA/games,NFB,FB,1-1,,,fixed_score_sensitivity,,,,
count,1-1,trim_005,140604.0,0.9866185768116146,0.2937233972986578,0.2910781132919627,-0.002645284006695,False,,,,bcap_pitch__mlb_2024_2025__20260909__r02,BCAP-PITCH-v0.1.0,pitch,2024_2025,COMPLETE,outer_game_nested_procedure_OPE,season-weighted final PA W per selected current decision; no summed PA policy gain,Q/value/delta/gain: raw W; outcome MSE: W^2; probabilities/coverage: fraction; sample counts: explicit rows/PA/games,NFB,FB,1-1,,,fixed_score_sensitivity,,,,
count,1-1,trim_010,140586.0,0.9864922707720808,0.2937546850513843,0.2910809900934173,-0.002673694957967,True,,,,bcap_pitch__mlb_2024_2025__20260909__r02,BCAP-PITCH-v0.1.0,pitch,2024_2025,COMPLETE,outer_game_nested_procedure_OPE,season-weighted final PA W per selected current decision; no summed PA policy gain,Q/value/delta/gain: raw W; outcome MSE: W^2; probabilities/coverage: fraction; sample counts: explicit rows/PA/games,NFB,FB,1-1,,,fixed_score_sensitivity,,,,
count,1-1,clip_010_same_target,140604.0,0.9866185768116146,0.2937259327087681,0.2910782760382861,-0.002647656670482,False,,,,bcap_pitch__mlb_2024_2025__20260909__r02,BCAP-PITCH-v0.1.0,pitch,2024_2025,COMPLETE,outer_game_nested_procedure_OPE,season-weighted final PA W per selected current decision; no summed PA policy gain,Q/value/delta/gain: raw W; outcome MSE: W^2; probabilities/coverage: fraction; sample counts: explicit rows/PA/games,NFB,FB,1-1,,,fixed_score_sensitivity,,,,
count,1-1,first_count_visit,140604.0,0.9866185768116146,0.2937233972986578,0.2910781132919627,-0.002645284006695,True,,,,bcap_pitch__mlb_2024_2025__20260909__r02,BCAP-PITCH-v0.1.0,pitch,2024_2025,COMPLETE,outer_game_nested_procedure_OPE,season-weighted final PA W per selected current decision; no summed PA policy gain,Q/value/delta/gain: raw W; outcome MSE: W^2; probabilities/coverage: fraction; sample counts: explicit rows/PA/games,NFB,FB,1-1,,,fixed_score_sensitivity,,,,
count,1-1,fixed_score_cluster_pitcher,140604.0,,,,-0.002645284006695,False,-0.0146285969522779,0.0093380289388877,904.0,bcap_pitch__mlb_2024_2025__20260909__r02,BCAP-PITCH-v0.1.0,pitch,2024_2025,COMPLETE,outer_game_nested_procedure_OPE,season-weighted final PA W per selected current decision; no summed PA policy gain,Q/value/delta/gain: raw W; outcome MSE: W^2; probabilities/coverage: fraction; sample counts: explicit rows/PA/games,NFB,FB,1-1,,,fixed_score_sensitivity,,,,
count,1-1,fixed_score_cluster_batter,140604.0,,,,-0.002645284006695,False,-0.0138715017744064,0.0085809337610163,776.0,bcap_pitch__mlb_2024_2025__20260909__r02,BCAP-PITCH-v0.1.0,pitch,2024_2025,COMPLETE,outer_game_nested_procedure_OPE,season-weighted final PA W per selected current decision; no summed PA policy gain,Q/value/delta/gain: raw W; outcome MSE: W^2; probabilities/coverage: fraction; sample counts: explicit rows/PA/games,NFB,FB,1-1,,,fixed_score_sensitivity,,,,
count,1-2,untrimmed,139503.0,1.0,0.2223329377707396,0.2279333409843777,0.005600403213638,True,,,,bcap_pitch__mlb_2024_2025__20260909__r02,BCAP-PITCH-v0.1.0,pitch,2024_2025,COMPLETE,outer_game_nested_procedure_OPE,season-weighted final PA W per selected current decision; no summed PA policy gain,Q/value/delta/gain: raw W; outcome MSE: W^2; probabilities/coverage: fraction; sample counts: explicit rows/PA/games,NFB,FB,1-2,,,fixed_score_sensitivity,,,,
count,1-2,trim_002,137925.0,0.9886884153028968,0.222024421716843,0.2275520344603504,0.0055276127435074,True,,,,bcap_pitch__mlb_2024_2025__20260909__r02,BCAP-PITCH-v0.1.0,pitch,2024_2025,COMPLETE,outer_game_nested_procedure_OPE,season-weighted final PA W per selected current decision; no summed PA policy gain,Q/value/delta/gain: raw W; outcome MSE: W^2; probabilities/coverage: fraction; sample counts: explicit rows/PA/games,NFB,FB,1-2,,,fixed_score_sensitivity,,,,
count,1-2,trim_005,137924.0,0.9886812469982724,0.2220261004375829,0.2275520864428418,0.0055259860052588,False,,,,bcap_pitch__mlb_2024_2025__20260909__r02,BCAP-PITCH-v0.1.0,pitch,2024_2025,COMPLETE,outer_game_nested_procedure_OPE,season-weighted final PA W per selected current decision; no summed PA policy gain,Q/value/delta/gain: raw W; outcome MSE: W^2; probabilities/coverage: fraction; sample counts: explicit rows/PA/games,NFB,FB,1-2,,,fixed_score_sensitivity,,,,
count,1-2,trim_010,137890.0,0.9884375246410472,0.222001666774243,0.2276279179339031,0.0056262511596601,True,,,,bcap_pitch__mlb_2024_2025__20260909__r02,BCAP-PITCH-v0.1.0,pitch,2024_2025,COMPLETE,outer_game_nested_procedure_OPE,season-weighted final PA W per selected current decision; no summed PA policy gain,Q/value/delta/gain: raw W; outcome MSE: W^2; probabilities/coverage: fraction; sample counts: explicit rows/PA/games,NFB,FB,1-2,,,fixed_score_sensitivity,,,,
count,1-2,clip_010_same_target,137924.0,0.9886812469982724,0.2220266507854165,0.2275562419723881,0.0055295911869715,False,,,,bcap_pitch__mlb_2024_2025__20260909__r02,BCAP-PITCH-v0.1.0,pitch,2024_2025,COMPLETE,outer_game_nested_procedure_OPE,season-weighted final PA W per selected current decision; no summed PA policy gain,Q/value/delta/gain: raw W; outcome MSE: W^2; probabilities/coverage: fraction; sample counts: explicit rows/PA/games,NFB,FB,1-2,,,fixed_score_sensitivity,,,,
count,1-2,first_count_visit,107940.0,0.7737468011440615,0.2185565589558785,0.2227036930158941,0.0041471340600155,True,,,,bcap_pitch__mlb_2024_2025__20260909__r02,BCAP-PITCH-v0.1.0,pitch,2024_2025,COMPLETE,outer_game_nested_procedure_OPE,season-weighted final PA W per selected current decision; no summed PA policy gain,Q/value/delta/gain: raw W; outcome MSE: W^2; probabilities/coverage: fraction; sample counts: explicit rows/PA/games,NFB,FB,1-2,,,fixed_score_sensitivity,,,,
count,1-2,fixed_score_cluster_pitcher,137924.0,,,,0.0055259860052588,False,-0.0050200135690708,0.0160719855795886,905.0,bcap_pitch__mlb_2024_2025__20260909__r02,BCAP-PITCH-v0.1.0,pitch,2024_2025,COMPLETE,outer_game_nested_procedure_OPE,season-weighted final PA W per selected current decision; no summed PA policy gain,Q/value/delta/gain: raw W; outcome MSE: W^2; probabilities/coverage: fraction; sample counts: explicit rows/PA/games,NFB,FB,1-2,,,fixed_score_sensitivity,,,,
count,1-2,fixed_score_cluster_batter,137924.0,,,,0.0055259860052588,False,-0.0053002941338643,0.0163522661443821,776.0,bcap_pitch__mlb_2024_2025__20260909__r02,BCAP-PITCH-v0.1.0,pitch,2024_2025,COMPLETE,outer_game_nested_procedure_OPE,season-weighted final PA W per selected current decision; no summed PA policy gain,Q/value/delta/gain: raw W; outcome MSE: W^2; probabilities/coverage: fraction; sample counts: explicit rows/PA/games,NFB,FB,1-2,,,fixed_score_sensitivity,,,,
count,2-0,untrimmed,45621.0,1.0,0.423955688024802,0.4212662564868375,-0.0026894315379645,True,,,,bcap_pitch__mlb_2024_2025__20260909__r02,BCAP-PITCH-v0.1.0,pitch,2024_2025,COMPLETE,outer_game_nested_procedure_OPE,season-weighted final PA W per selected current decision; no summed PA policy gain,Q/value/delta/gain: raw W; outcome MSE: W^2; probabilities/coverage: fraction; sample counts: explicit rows/PA/games,NFB,FB,2-0,,,fixed_score_sensitivity,,,,
count,2-0,trim_002,44810.0,0.98222309901142,0.4229245109846822,0.4207345043798024,-0.0021900066048798,True,,,,bcap_pitch__mlb_2024_2025__20260909__r02,BCAP-PITCH-v0.1.0,pitch,2024_2025,COMPLETE,outer_game_nested_procedure_OPE,season-weighted final PA W per selected current decision; no summed PA policy gain,Q/value/delta/gain: raw W; outcome MSE: W^2; probabilities/coverage: fraction; sample counts: explicit rows/PA/games,NFB,FB,2-0,,,fixed_score_sensitivity,,,,
count,2-0,trim_005,44787.0,0.9817189452225948,0.4229318845389861,0.4207065772071174,-0.0022253073318687,False,,,,bcap_pitch__mlb_2024_2025__20260909__r02,BCAP-PITCH-v0.1.0,pitch,2024_2025,COMPLETE,outer_game_nested_procedure_OPE,season-weighted final PA W per selected current decision; no summed PA policy gain,Q/value/delta/gain: raw W; outcome MSE: W^2; probabilities/coverage: fraction; sample counts: explicit rows/PA/games,NFB,FB,2-0,,,fixed_score_sensitivity,,,,
count,2-0,trim_010,44106.0,0.9667916091273756,0.4228581745190937,0.4206892002534134,-0.0021689742656804,True,,,,bcap_pitch__mlb_2024_2025__20260909__r02,BCAP-PITCH-v0.1.0,pitch,2024_2025,COMPLETE,outer_game_nested_procedure_OPE,season-weighted final PA W per selected current decision; no summed PA policy gain,Q/value/delta/gain: raw W; outcome MSE: W^2; probabilities/coverage: fraction; sample counts: explicit rows/PA/games,NFB,FB,2-0,,,fixed_score_sensitivity,,,,
count,2-0,clip_010_same_target,44787.0,0.9817189452225948,0.422910235199096,0.420704116936899,-0.0022061182621969,False,,,,bcap_pitch__mlb_2024_2025__20260909__r02,BCAP-PITCH-v0.1.0,pitch,2024_2025,COMPLETE,outer_game_nested_procedure_OPE,season-weighted final PA W per selected current decision; no summed PA policy gain,Q/value/delta/gain: raw W; outcome MSE: W^2; probabilities/coverage: fraction; sample counts: explicit rows/PA/games,NFB,FB,2-0,,,fixed_score_sensitivity,,,,
count,2-0,first_count_visit,44787.0,0.9817189452225948,0.4229318845389861,0.4207065772071174,-0.0022253073318687,True,,,,bcap_pitch__mlb_2024_2025__20260909__r02,BCAP-PITCH-v0.1.0,pitch,2024_2025,COMPLETE,outer_game_nested_procedure_OPE,season-weighted final PA W per selected current decision; no summed PA policy gain,Q/value/delta/gain: raw W; outcome MSE: W^2; probabilities/coverage: fraction; sample counts: explicit rows/PA/games,NFB,FB,2-0,,,fixed_score_sensitivity,,,,
count,2-0,fixed_score_cluster_pitcher,44787.0,,,,-0.0022253073318687,False,-0.0240987764121511,0.0196481617484136,898.0,bcap_pitch__mlb_2024_2025__20260909__r02,BCAP-PITCH-v0.1.0,pitch,2024_2025,COMPLETE,outer_game_nested_procedure_OPE,season-weighted final PA W per selected current decision; no summed PA policy gain,Q/value/delta/gain: raw W; outcome MSE: W^2; probabilities/coverage: fraction; sample counts: explicit rows/PA/games,NFB,FB,2-0,,,fixed_score_sensitivity,,,,
count,2-0,fixed_score_cluster_batter,44787.0,,,,-0.0022253073318687,False,-0.0246767792596633,0.0202261645959259,749.0,bcap_pitch__mlb_2024_2025__20260909__r02,BCAP-PITCH-v0.1.0,pitch,2024_2025,COMPLETE,outer_game_nested_procedure_OPE,season-weighted final PA W per selected current decision; no summed PA policy gain,Q/value/delta/gain: raw W; outcome MSE: W^2; probabilities/coverage: fraction; sample counts: explicit rows/PA/games,NFB,FB,2-0,,,fixed_score_sensitivity,,,,
count,2-1,untrimmed,72921.0,1.0,0.3506901105020252,0.3507273614731548,3.725097112967879e-05,True,,,,bcap_pitch__mlb_2024_2025__20260909__r02,BCAP-PITCH-v0.1.0,pitch,2024_2025,COMPLETE,outer_game_nested_procedure_OPE,season-weighted final PA W per selected current decision; no summed PA policy gain,Q/value/delta/gain: raw W; outcome MSE: W^2; probabilities/coverage: fraction; sample counts: explicit rows/PA/games,NFB,FB,2-1,,,fixed_score_sensitivity,,,,
count,2-1,trim_002,71881.0,0.9857379904279974,0.3498257560906375,0.3500481756854599,0.0002224195948224,True,,,,bcap_pitch__mlb_2024_2025__20260909__r02,BCAP-PITCH-v0.1.0,pitch,2024_2025,COMPLETE,outer_game_nested_procedure_OPE,season-weighted final PA W per selected current decision; no summed PA policy gain,Q/value/delta/gain: raw W; outcome MSE: W^2; probabilities/coverage: fraction; sample counts: explicit rows/PA/games,NFB,FB,2-1,,,fixed_score_sensitivity,,,,
count,2-1,trim_005,71881.0,0.9857379904279974,0.3498257560906375,0.3500481756854599,0.0002224195948224,False,,,,bcap_pitch__mlb_2024_2025__20260909__r02,BCAP-PITCH-v0.1.0,pitch,2024_2025,COMPLETE,outer_game_nested_procedure_OPE,season-weighted final PA W per selected current decision; no summed PA policy gain,Q/value/delta/gain: raw W; outcome MSE: W^2; probabilities/coverage: fraction; sample counts: explicit rows/PA/games,NFB,FB,2-1,,,fixed_score_sensitivity,,,,
count,2-1,trim_010,71747.0,0.983900385348528,0.3498288799720437,0.3502294236451512,0.0004005436731075,True,,,,bcap_pitch__mlb_2024_2025__20260909__r02,BCAP-PITCH-v0.1.0,pitch,2024_2025,COMPLETE,outer_game_nested_procedure_OPE,season-weighted final PA W per selected current decision; no summed PA policy gain,Q/value/delta/gain: raw W; outcome MSE: W^2; probabilities/coverage: fraction; sample counts: explicit rows/PA/games,NFB,FB,2-1,,,fixed_score_sensitivity,,,,
count,2-1,clip_010_same_target,71881.0,0.9857379904279974,0.3498148292323159,0.3500459765395248,0.0002311473072089,False,,,,bcap_pitch__mlb_2024_2025__20260909__r02,BCAP-PITCH-v0.1.0,pitch,2024_2025,COMPLETE,outer_game_nested_procedure_OPE,season-weighted final PA W per selected current decision; no summed PA policy gain,Q/value/delta/gain: raw W; outcome MSE: W^2; probabilities/coverage: fraction; sample counts: explicit rows/PA/games,NFB,FB,2-1,,,fixed_score_sensitivity,,,,
count,2-1,first_count_visit,71881.0,0.9857379904279974,0.3498257560906375,0.3500481756854599,0.0002224195948224,True,,,,bcap_pitch__mlb_2024_2025__20260909__r02,BCAP-PITCH-v0.1.0,pitch,2024_2025,COMPLETE,outer_game_nested_procedure_OPE,season-weighted final PA W per selected current decision; no summed PA policy gain,Q/value/delta/gain: raw W; outcome MSE: W^2; probabilities/coverage: fraction; sample counts: explicit rows/PA/games,NFB,FB,2-1,,,fixed_score_sensitivity,,,,
count,2-1,fixed_score_cluster_pitcher,71881.0,,,,0.0002224195948224,False,-0.0158876079942437,0.0163324471838887,897.0,bcap_pitch__mlb_2024_2025__20260909__r02,BCAP-PITCH-v0.1.0,pitch,2024_2025,COMPLETE,outer_game_nested_procedure_OPE,season-weighted final PA W per selected current decision; no summed PA policy gain,Q/value/delta/gain: raw W; outcome MSE: W^2; probabilities/coverage: fraction; sample counts: explicit rows/PA/games,NFB,FB,2-1,,,fixed_score_sensitivity,,,,
count,2-1,fixed_score_cluster_batter,71881.0,,,,0.0002224195948224,False,-0.0158692391046357,0.0163140782942806,765.0,bcap_pitch__mlb_2024_2025__20260909__r02,BCAP-PITCH-v0.1.0,pitch,2024_2025,COMPLETE,outer_game_nested_procedure_OPE,season-weighted final PA W per selected current decision; no summed PA policy gain,Q/value/delta/gain: raw W; outcome MSE: W^2; probabilities/coverage: fraction; sample counts: explicit rows/PA/games,NFB,FB,2-1,,,fixed_score_sensitivity,,,,
count,2-2,untrimmed,118584.0,1.0,0.2663319038053555,0.2678558928530381,0.0015239890476825,True,,,,bcap_pitch__mlb_2024_2025__20260909__r02,BCAP-PITCH-v0.1.0,pitch,2024_2025,COMPLETE,outer_game_nested_procedure_OPE,season-weighted final PA W per selected current decision; no summed PA policy gain,Q/value/delta/gain: raw W; outcome MSE: W^2; probabilities/coverage: fraction; sample counts: explicit rows/PA/games,NFB,FB,2-2,,,fixed_score_sensitivity,,,,
count,2-2,trim_002,117147.0,0.9878820076907509,0.2655411180912274,0.2675090677065704,0.001967949615343,True,,,,bcap_pitch__mlb_2024_2025__20260909__r02,BCAP-PITCH-v0.1.0,pitch,2024_2025,COMPLETE,outer_game_nested_procedure_OPE,season-weighted final PA W per selected current decision; no summed PA policy gain,Q/value/delta/gain: raw W; outcome MSE: W^2; probabilities/coverage: fraction; sample counts: explicit rows/PA/games,NFB,FB,2-2,,,fixed_score_sensitivity,,,,
count,2-2,trim_005,117147.0,0.9878820076907509,0.2655411180912274,0.2675090677065704,0.001967949615343,False,,,,bcap_pitch__mlb_2024_2025__20260909__r02,BCAP-PITCH-v0.1.0,pitch,2024_2025,COMPLETE,outer_game_nested_procedure_OPE,season-weighted final PA W per selected current decision; no summed PA policy gain,Q/value/delta/gain: raw W; outcome MSE: W^2; probabilities/coverage: fraction; sample counts: explicit rows/PA/games,NFB,FB,2-2,,,fixed_score_sensitivity,,,,
count,2-2,trim_010,117136.0,0.9877892464413413,0.2655195868468447,0.2675041964117672,0.0019846095649224,True,,,,bcap_pitch__mlb_2024_2025__20260909__r02,BCAP-PITCH-v0.1.0,pitch,2024_2025,COMPLETE,outer_game_nested_procedure_OPE,season-weighted final PA W per selected current decision; no summed PA policy gain,Q/value/delta/gain: raw W; outcome MSE: W^2; probabilities/coverage: fraction; sample counts: explicit rows/PA/games,NFB,FB,2-2,,,fixed_score_sensitivity,,,,
count,2-2,clip_010_same_target,117147.0,0.9878820076907509,0.2655411698727046,0.2675093303262377,0.0019681604535331,False,,,,bcap_pitch__mlb_2024_2025__20260909__r02,BCAP-PITCH-v0.1.0,pitch,2024_2025,COMPLETE,outer_game_nested_procedure_OPE,season-weighted final PA W per selected current decision; no summed PA policy gain,Q/value/delta/gain: raw W; outcome MSE: W^2; probabilities/coverage: fraction; sample counts: explicit rows/PA/games,NFB,FB,2-2,,,fixed_score_sensitivity,,,,
count,2-2,first_count_visit,87882.0,0.7410949200566687,0.2644434375141705,0.2649133237764797,0.0004698862623092,True,,,,bcap_pitch__mlb_2024_2025__20260909__r02,BCAP-PITCH-v0.1.0,pitch,2024_2025,COMPLETE,outer_game_nested_procedure_OPE,season-weighted final PA W per selected current decision; no summed PA policy gain,Q/value/delta/gain: raw W; outcome MSE: W^2; probabilities/coverage: fraction; sample counts: explicit rows/PA/games,NFB,FB,2-2,,,fixed_score_sensitivity,,,,
count,2-2,fixed_score_cluster_pitcher,117147.0,,,,0.001967949615343,False,-0.0094165299831935,0.0133524292138796,902.0,bcap_pitch__mlb_2024_2025__20260909__r02,BCAP-PITCH-v0.1.0,pitch,2024_2025,COMPLETE,outer_game_nested_procedure_OPE,season-weighted final PA W per selected current decision; no summed PA policy gain,Q/value/delta/gain: raw W; outcome MSE: W^2; probabilities/coverage: fraction; sample counts: explicit rows/PA/games,NFB,FB,2-2,,,fixed_score_sensitivity,,,,
count,2-2,fixed_score_cluster_batter,117147.0,,,,0.001967949615343,False,-0.009875844705027,0.013811743935713,772.0,bcap_pitch__mlb_2024_2025__20260909__r02,BCAP-PITCH-v0.1.0,pitch,2024_2025,COMPLETE,outer_game_nested_procedure_OPE,season-weighted final PA W per selected current decision; no summed PA policy gain,Q/value/delta/gain: raw W; outcome MSE: W^2; probabilities/coverage: fraction; sample counts: explicit rows/PA/games,NFB,FB,2-2,,,fixed_score_sensitivity,,,,
count,3-0,untrimmed,13969.0,1.0,0.4742854259062307,0.5448752567739311,0.0705898308677003,True,,,,bcap_pitch__mlb_2024_2025__20260909__r02,BCAP-PITCH-v0.1.0,pitch,2024_2025,COMPLETE,outer_game_nested_procedure_OPE,season-weighted final PA W per selected current decision; no summed PA policy gain,Q/value/delta/gain: raw W; outcome MSE: W^2; probabilities/coverage: fraction; sample counts: explicit rows/PA/games,NFB,FB,3-0,,,fixed_score_sensitivity,,,,
count,3-0,trim_002,13666.0,0.9783091130360084,0.473217367076002,0.5449039009343526,0.0716865338583505,True,,,,bcap_pitch__mlb_2024_2025__20260909__r02,BCAP-PITCH-v0.1.0,pitch,2024_2025,COMPLETE,outer_game_nested_procedure_OPE,season-weighted final PA W per selected current decision; no summed PA policy gain,Q/value/delta/gain: raw W; outcome MSE: W^2; probabilities/coverage: fraction; sample counts: explicit rows/PA/games,NFB,FB,3-0,,,fixed_score_sensitivity,,,,
count,3-0,trim_005,12983.0,0.9294151335099148,0.4749163426686103,0.5451815894052642,0.0702652467366539,False,,,,bcap_pitch__mlb_2024_2025__20260909__r02,BCAP-PITCH-v0.1.0,pitch,2024_2025,COMPLETE,outer_game_nested_procedure_OPE,season-weighted final PA W per selected current decision; no summed PA policy gain,Q/value/delta/gain: raw W; outcome MSE: W^2; probabilities/coverage: fraction; sample counts: explicit rows/PA/games,NFB,FB,3-0,,,fixed_score_sensitivity,,,,
count,3-0,trim_010,8238.0,0.5897344119120911,0.4896222628399166,0.5489247280331176,0.059302465193201,True,,,,bcap_pitch__mlb_2024_2025__20260909__r02,BCAP-PITCH-v0.1.0,pitch,2024_2025,COMPLETE,outer_game_nested_procedure_OPE,season-weighted final PA W per selected current decision; no summed PA policy gain,Q/value/delta/gain: raw W; outcome MSE: W^2; probabilities/coverage: fraction; sample counts: explicit rows/PA/games,NFB,FB,3-0,,,fixed_score_sensitivity,,,,
count,3-0,clip_010_same_target,12983.0,0.9294151335099148,0.4722157991615343,0.5453756376886693,0.073159838527135,False,,,,bcap_pitch__mlb_2024_2025__20260909__r02,BCAP-PITCH-v0.1.0,pitch,2024_2025,COMPLETE,outer_game_nested_procedure_OPE,season-weighted final PA W per selected current decision; no summed PA policy gain,Q/value/delta/gain: raw W; outcome MSE: W^2; probabilities/coverage: fraction; sample counts: explicit rows/PA/games,NFB,FB,3-0,,,fixed_score_sensitivity,,,,
count,3-0,first_count_visit,12983.0,0.9294151335099148,0.4749163426686103,0.5451815894052642,0.0702652467366539,True,,,,bcap_pitch__mlb_2024_2025__20260909__r02,BCAP-PITCH-v0.1.0,pitch,2024_2025,COMPLETE,outer_game_nested_procedure_OPE,season-weighted final PA W per selected current decision; no summed PA policy gain,Q/value/delta/gain: raw W; outcome MSE: W^2; probabilities/coverage: fraction; sample counts: explicit rows/PA/games,NFB,FB,3-0,,,fixed_score_sensitivity,,,,
count,3-0,fixed_score_cluster_pitcher,12983.0,,,,0.0702652467366539,False,0.0395938839959894,0.1009366094773185,861.0,bcap_pitch__mlb_2024_2025__20260909__r02,BCAP-PITCH-v0.1.0,pitch,2024_2025,COMPLETE,outer_game_nested_procedure_OPE,season-weighted final PA W per selected current decision; no summed PA policy gain,Q/value/delta/gain: raw W; outcome MSE: W^2; probabilities/coverage: fraction; sample counts: explicit rows/PA/games,NFB,FB,3-0,,,fixed_score_sensitivity,,,,
count,3-0,fixed_score_cluster_batter,12983.0,,,,0.0702652467366539,False,0.0380257373663012,0.1025047561070066,692.0,bcap_pitch__mlb_2024_2025__20260909__r02,BCAP-PITCH-v0.1.0,pitch,2024_2025,COMPLETE,outer_game_nested_procedure_OPE,season-weighted final PA W per selected current decision; no summed PA policy gain,Q/value/delta/gain: raw W; outcome MSE: W^2; probabilities/coverage: fraction; sample counts: explicit rows/PA/games,NFB,FB,3-0,,,fixed_score_sensitivity,,,,
count,3-1,untrimmed,29867.0,1.0,0.4789770443220689,0.4676564011144611,-0.0113206432076076,True,,,,bcap_pitch__mlb_2024_2025__20260909__r02,BCAP-PITCH-v0.1.0,pitch,2024_2025,COMPLETE,outer_game_nested_procedure_OPE,season-weighted final PA W per selected current decision; no summed PA policy gain,Q/value/delta/gain: raw W; outcome MSE: W^2; probabilities/coverage: fraction; sample counts: explicit rows/PA/games,NFB,FB,3-1,,,fixed_score_sensitivity,,,,
count,3-1,trim_002,29366.0,0.9832256336424816,0.4782362751678039,0.4670759612038524,-0.0111603139639514,True,,,,bcap_pitch__mlb_2024_2025__20260909__r02,BCAP-PITCH-v0.1.0,pitch,2024_2025,COMPLETE,outer_game_nested_procedure_OPE,season-weighted final PA W per selected current decision; no summed PA policy gain,Q/value/delta/gain: raw W; outcome MSE: W^2; probabilities/coverage: fraction; sample counts: explicit rows/PA/games,NFB,FB,3-1,,,fixed_score_sensitivity,,,,
count,3-1,trim_005,29270.0,0.98001138380152,0.4780946242376921,0.4671419604252436,-0.0109526638124484,False,,,,bcap_pitch__mlb_2024_2025__20260909__r02,BCAP-PITCH-v0.1.0,pitch,2024_2025,COMPLETE,outer_game_nested_procedure_OPE,season-weighted final PA W per selected current decision; no summed PA policy gain,Q/value/delta/gain: raw W; outcome MSE: W^2; probabilities/coverage: fraction; sample counts: explicit rows/PA/games,NFB,FB,3-1,,,fixed_score_sensitivity,,,,
count,3-1,trim_010,28132.0,0.9419091304784544,0.4774402515673258,0.467027914075051,-0.0104123374922747,True,,,,bcap_pitch__mlb_2024_2025__20260909__r02,BCAP-PITCH-v0.1.0,pitch,2024_2025,COMPLETE,outer_game_nested_procedure_OPE,season-weighted final PA W per selected current decision; no summed PA policy gain,Q/value/delta/gain: raw W; outcome MSE: W^2; probabilities/coverage: fraction; sample counts: explicit rows/PA/games,NFB,FB,3-1,,,fixed_score_sensitivity,,,,
count,3-1,clip_010_same_target,29270.0,0.98001138380152,0.4778586408710006,0.4671564776562832,-0.0107021632147173,False,,,,bcap_pitch__mlb_2024_2025__20260909__r02,BCAP-PITCH-v0.1.0,pitch,2024_2025,COMPLETE,outer_game_nested_procedure_OPE,season-weighted final PA W per selected current decision; no summed PA policy gain,Q/value/delta/gain: raw W; outcome MSE: W^2; probabilities/coverage: fraction; sample counts: explicit rows/PA/games,NFB,FB,3-1,,,fixed_score_sensitivity,,,,
count,3-1,first_count_visit,29270.0,0.98001138380152,0.4780946242376921,0.4671419604252436,-0.0109526638124484,True,,,,bcap_pitch__mlb_2024_2025__20260909__r02,BCAP-PITCH-v0.1.0,pitch,2024_2025,COMPLETE,outer_game_nested_procedure_OPE,season-weighted final PA W per selected current decision; no summed PA policy gain,Q/value/delta/gain: raw W; outcome MSE: W^2; probabilities/coverage: fraction; sample counts: explicit rows/PA/games,NFB,FB,3-1,,,fixed_score_sensitivity,,,,
count,3-1,fixed_score_cluster_pitcher,29270.0,,,,-0.0109526638124484,False,-0.0360697302785907,0.0141644026536937,888.0,bcap_pitch__mlb_2024_2025__20260909__r02,BCAP-PITCH-v0.1.0,pitch,2024_2025,COMPLETE,outer_game_nested_procedure_OPE,season-weighted final PA W per selected current decision; no summed PA policy gain,Q/value/delta/gain: raw W; outcome MSE: W^2; probabilities/coverage: fraction; sample counts: explicit rows/PA/games,NFB,FB,3-1,,,fixed_score_sensitivity,,,,
count,3-1,fixed_score_cluster_batter,29270.0,,,,-0.0109526638124484,False,-0.0351949104942184,0.0132895828693215,735.0,bcap_pitch__mlb_2024_2025__20260909__r02,BCAP-PITCH-v0.1.0,pitch,2024_2025,COMPLETE,outer_game_nested_procedure_OPE,season-weighted final PA W per selected current decision; no summed PA policy gain,Q/value/delta/gain: raw W; outcome MSE: W^2; probabilities/coverage: fraction; sample counts: explicit rows/PA/games,NFB,FB,3-1,,,fixed_score_sensitivity,,,,
count,3-2,untrimmed,71677.0,1.0,0.370400440725652,0.3806496128503301,0.0102491721246781,True,,,,bcap_pitch__mlb_2024_2025__20260909__r02,BCAP-PITCH-v0.1.0,pitch,2024_2025,COMPLETE,outer_game_nested_procedure_OPE,season-weighted final PA W per selected current decision; no summed PA policy gain,Q/value/delta/gain: raw W; outcome MSE: W^2; probabilities/coverage: fraction; sample counts: explicit rows/PA/games,NFB,FB,3-2,,,fixed_score_sensitivity,,,,
count,3-2,trim_002,70765.0,0.9872762531914004,0.3697660712009198,0.3803819065701774,0.0106158353692574,True,,,,bcap_pitch__mlb_2024_2025__20260909__r02,BCAP-PITCH-v0.1.0,pitch,2024_2025,COMPLETE,outer_game_nested_procedure_OPE,season-weighted final PA W per selected current decision; no summed PA policy gain,Q/value/delta/gain: raw W; outcome MSE: W^2; probabilities/coverage: fraction; sample counts: explicit rows/PA/games,NFB,FB,3-2,,,fixed_score_sensitivity,,,,
count,3-2,trim_005,70760.0,0.9872064958075812,0.3697662422416802,0.3803709492740779,0.0106047070323977,False,,,,bcap_pitch__mlb_2024_2025__20260909__r02,BCAP-PITCH-v0.1.0,pitch,2024_2025,COMPLETE,outer_game_nested_procedure_OPE,season-weighted final PA W per selected current decision; no summed PA policy gain,Q/value/delta/gain: raw W; outcome MSE: W^2; probabilities/coverage: fraction; sample counts: explicit rows/PA/games,NFB,FB,3-2,,,fixed_score_sensitivity,,,,
count,3-2,trim_010,70437.0,0.9827001688128688,0.3699776249920272,0.3806545986597454,0.0106769736677181,True,,,,bcap_pitch__mlb_2024_2025__20260909__r02,BCAP-PITCH-v0.1.0,pitch,2024_2025,COMPLETE,outer_game_nested_procedure_OPE,season-weighted final PA W per selected current decision; no summed PA policy gain,Q/value/delta/gain: raw W; outcome MSE: W^2; probabilities/coverage: fraction; sample counts: explicit rows/PA/games,NFB,FB,3-2,,,fixed_score_sensitivity,,,,
count,3-2,clip_010_same_target,70760.0,0.9872064958075812,0.3697985092496131,0.3803654623442369,0.0105669530946236,False,,,,bcap_pitch__mlb_2024_2025__20260909__r02,BCAP-PITCH-v0.1.0,pitch,2024_2025,COMPLETE,outer_game_nested_procedure_OPE,season-weighted final PA W per selected current decision; no summed PA policy gain,Q/value/delta/gain: raw W; outcome MSE: W^2; probabilities/coverage: fraction; sample counts: explicit rows/PA/games,NFB,FB,3-2,,,fixed_score_sensitivity,,,,
count,3-2,first_count_visit,50681.0,0.7070747938669308,0.3663863650359176,0.3766547676589019,0.0102684026229842,True,,,,bcap_pitch__mlb_2024_2025__20260909__r02,BCAP-PITCH-v0.1.0,pitch,2024_2025,COMPLETE,outer_game_nested_procedure_OPE,season-weighted final PA W per selected current decision; no summed PA policy gain,Q/value/delta/gain: raw W; outcome MSE: W^2; probabilities/coverage: fraction; sample counts: explicit rows/PA/games,NFB,FB,3-2,,,fixed_score_sensitivity,,,,
count,3-2,fixed_score_cluster_pitcher,70760.0,,,,0.0106047070323977,False,-0.0060730052702428,0.0272824193350383,897.0,bcap_pitch__mlb_2024_2025__20260909__r02,BCAP-PITCH-v0.1.0,pitch,2024_2025,COMPLETE,outer_game_nested_procedure_OPE,season-weighted final PA W per selected current decision; no summed PA policy gain,Q/value/delta/gain: raw W; outcome MSE: W^2; probabilities/coverage: fraction; sample counts: explicit rows/PA/games,NFB,FB,3-2,,,fixed_score_sensitivity,,,,
count,3-2,fixed_score_cluster_batter,70760.0,,,,0.0106047070323977,False,-0.0043731823960319,0.0255825964608274,757.0,bcap_pitch__mlb_2024_2025__20260909__r02,BCAP-PITCH-v0.1.0,pitch,2024_2025,COMPLETE,outer_game_nested_procedure_OPE,season-weighted final PA W per selected current decision; no summed PA policy gain,Q/value/delta/gain: raw W; outcome MSE: W^2; probabilities/coverage: fraction; sample counts: explicit rows/PA/games,NFB,FB,3-2,,,fixed_score_sensitivity,,,,
overall,ALL,untrimmed,1415432.0,0.9995685159278356,0.2855794908185139,0.2591027000034615,-0.0264767908150524,True,,,,bcap_swing__mlb_2024_2025__20260909__r01,BCAP-SWING-v0.1.0,swing,2024_2025,COMPLETE,outer_game_nested_procedure_OPE,season-weighted final PA W per selected current decision; no summed PA policy gain,Q/value/delta/gain: raw W; outcome MSE: W^2; probabilities/coverage: fraction; sample counts: explicit rows/PA/games,Take_adjudicated,Swing_offer_including_bunts,ALL,,,fixed_score_sensitivity,,,,
overall,ALL,trim_002,1401587.0,0.989791270462832,0.2851393212534031,0.2591597718592515,-0.0259795493941515,True,,,,bcap_swing__mlb_2024_2025__20260909__r01,BCAP-SWING-v0.1.0,swing,2024_2025,COMPLETE,outer_game_nested_procedure_OPE,season-weighted final PA W per selected current decision; no summed PA policy gain,Q/value/delta/gain: raw W; outcome MSE: W^2; probabilities/coverage: fraction; sample counts: explicit rows/PA/games,Take_adjudicated,Swing_offer_including_bunts,ALL,,,fixed_score_sensitivity,,,,
overall,ALL,trim_005,1354516.0,0.9565500482683084,0.2845789415991425,0.2599807425325486,-0.0245981990665938,False,,,,bcap_swing__mlb_2024_2025__20260909__r01,BCAP-SWING-v0.1.0,swing,2024_2025,COMPLETE,outer_game_nested_procedure_OPE,season-weighted final PA W per selected current decision; no summed PA policy gain,Q/value/delta/gain: raw W; outcome MSE: W^2; probabilities/coverage: fraction; sample counts: explicit rows/PA/games,Take_adjudicated,Swing_offer_including_bunts,ALL,,,fixed_score_sensitivity,,,,
overall,ALL,trim_010,1174753.0,0.8296026321234595,0.2940720041318058,0.2594319986167953,-0.0346400055150104,True,,,,bcap_swing__mlb_2024_2025__20260909__r01,BCAP-SWING-v0.1.0,swing,2024_2025,COMPLETE,outer_game_nested_procedure_OPE,season-weighted final PA W per selected current decision; no summed PA policy gain,Q/value/delta/gain: raw W; outcome MSE: W^2; probabilities/coverage: fraction; sample counts: explicit rows/PA/games,Take_adjudicated,Swing_offer_including_bunts,ALL,,,fixed_score_sensitivity,,,,
overall,ALL,clip_010_same_target,1354516.0,0.9565500482683084,0.2859917993006214,0.2598247436192806,-0.0261670556813407,False,,,,bcap_swing__mlb_2024_2025__20260909__r01,BCAP-SWING-v0.1.0,swing,2024_2025,COMPLETE,outer_game_nested_procedure_OPE,season-weighted final PA W per selected current decision; no summed PA policy gain,Q/value/delta/gain: raw W; outcome MSE: W^2; probabilities/coverage: fraction; sample counts: explicit rows/PA/games,Take_adjudicated,Swing_offer_including_bunts,ALL,,,fixed_score_sensitivity,,,,
overall,ALL,first_count_visit,1260850.0,0.8904037518634674,0.2886926597500703,0.2636086895214751,-0.0250839702285951,True,,,,bcap_swing__mlb_2024_2025__20260909__r01,BCAP-SWING-v0.1.0,swing,2024_2025,COMPLETE,outer_game_nested_procedure_OPE,season-weighted final PA W per selected current decision; no summed PA policy gain,Q/value/delta/gain: raw W; outcome MSE: W^2; probabilities/coverage: fraction; sample counts: explicit rows/PA/games,Take_adjudicated,Swing_offer_including_bunts,ALL,,,fixed_score_sensitivity,,,,
overall,ALL,fixed_score_cluster_pitcher,1354516.0,,,,-0.0245981990665938,False,-0.0292383955722167,-0.0199580025609708,1113.0,bcap_swing__mlb_2024_2025__20260909__r01,BCAP-SWING-v0.1.0,swing,2024_2025,COMPLETE,outer_game_nested_procedure_OPE,season-weighted final PA W per selected current decision; no summed PA policy gain,Q/value/delta/gain: raw W; outcome MSE: W^2; probabilities/coverage: fraction; sample counts: explicit rows/PA/games,Take_adjudicated,Swing_offer_including_bunts,ALL,,,fixed_score_sensitivity,,,,
overall,ALL,fixed_score_cluster_batter,1354516.0,,,,-0.0245981990665938,False,-0.028946715382717,-0.0202496827504705,712.0,bcap_swing__mlb_2024_2025__20260909__r01,BCAP-SWING-v0.1.0,swing,2024_2025,COMPLETE,outer_game_nested_procedure_OPE,season-weighted final PA W per selected current decision; no summed PA policy gain,Q/value/delta/gain: raw W; outcome MSE: W^2; probabilities/coverage: fraction; sample counts: explicit rows/PA/games,Take_adjudicated,Swing_offer_including_bunts,ALL,,,fixed_score_sensitivity,,,,
count,0-0,untrimmed,363430.0,0.999576439007217,0.3043335338833738,0.2891003718051363,-0.0152331620782374,True,,,,bcap_swing__mlb_2024_2025__20260909__r01,BCAP-SWING-v0.1.0,swing,2024_2025,COMPLETE,outer_game_nested_procedure_OPE,season-weighted final PA W per selected current decision; no summed PA policy gain,Q/value/delta/gain: raw W; outcome MSE: W^2; probabilities/coverage: fraction; sample counts: explicit rows/PA/games,Take_adjudicated,Swing_offer_including_bunts,0-0,,,fixed_score_sensitivity,,,,
count,0-0,trim_002,357193.0,0.9824222187995072,0.30367592458149,0.2887854642120726,-0.0148904603694174,True,,,,bcap_swing__mlb_2024_2025__20260909__r01,BCAP-SWING-v0.1.0,swing,2024_2025,COMPLETE,outer_game_nested_procedure_OPE,season-weighted final PA W per selected current decision; no summed PA policy gain,Q/value/delta/gain: raw W; outcome MSE: W^2; probabilities/coverage: fraction; sample counts: explicit rows/PA/games,Take_adjudicated,Swing_offer_including_bunts,0-0,,,fixed_score_sensitivity,,,,
count,0-0,trim_005,341213.0,0.9384708898081324,0.30071735566886,0.2912641355345483,-0.0094532201343117,False,,,,bcap_swing__mlb_2024_2025__20260909__r01,BCAP-SWING-v0.1.0,swing,2024_2025,COMPLETE,outer_game_nested_procedure_OPE,season-weighted final PA W per selected current decision; no summed PA policy gain,Q/value/delta/gain: raw W; outcome MSE: W^2; probabilities/coverage: fraction; sample counts: explicit rows/PA/games,Take_adjudicated,Swing_offer_including_bunts,0-0,,,fixed_score_sensitivity,,,,
count,0-0,trim_010,308737.0,0.8491490274599542,0.2952593060416688,0.2964017119858324,0.0011424059441635,True,,,,bcap_swing__mlb_2024_2025__20260909__r01,BCAP-SWING-v0.1.0,swing,2024_2025,COMPLETE,outer_game_nested_procedure_OPE,season-weighted final PA W per selected current decision; no summed PA policy gain,Q/value/delta/gain: raw W; outcome MSE: W^2; probabilities/coverage: fraction; sample counts: explicit rows/PA/games,Take_adjudicated,Swing_offer_including_bunts,0-0,,,fixed_score_sensitivity,,,,
count,0-0,clip_010_same_target,341213.0,0.9384708898081324,0.3007052351828662,0.2911624829363138,-0.0095427522465524,False,,,,bcap_swing__mlb_2024_2025__20260909__r01,BCAP-SWING-v0.1.0,swing,2024_2025,COMPLETE,outer_game_nested_procedure_OPE,season-weighted final PA W per selected current decision; no summed PA policy gain,Q/value/delta/gain: raw W; outcome MSE: W^2; probabilities/coverage: fraction; sample counts: explicit rows/PA/games,Take_adjudicated,Swing_offer_including_bunts,0-0,,,fixed_score_sensitivity,,,,
count,0-0,first_count_visit,341213.0,0.9384708898081324,0.30071735566886,0.2912641355345483,-0.0094532201343117,True,,,,bcap_swing__mlb_2024_2025__20260909__r01,BCAP-SWING-v0.1.0,swing,2024_2025,COMPLETE,outer_game_nested_procedure_OPE,season-weighted final PA W per selected current decision; no summed PA policy gain,Q/value/delta/gain: raw W; outcome MSE: W^2; probabilities/coverage: fraction; sample counts: explicit rows/PA/games,Take_adjudicated,Swing_offer_including_bunts,0-0,,,fixed_score_sensitivity,,,,
count,0-0,fixed_score_cluster_pitcher,341213.0,,,,-0.0094532201343117,False,-0.0189752347417227,6.87944730993241e-05,1113.0,bcap_swing__mlb_2024_2025__20260909__r01,BCAP-SWING-v0.1.0,swing,2024_2025,COMPLETE,outer_game_nested_procedure_OPE,season-weighted final PA W per selected current decision; no summed PA policy gain,Q/value/delta/gain: raw W; outcome MSE: W^2; probabilities/coverage: fraction; sample counts: explicit rows/PA/games,Take_adjudicated,Swing_offer_including_bunts,0-0,,,fixed_score_sensitivity,,,,
count,0-0,fixed_score_cluster_batter,341213.0,,,,-0.0094532201343117,False,-0.0183422940375369,-0.0005641462310865,712.0,bcap_swing__mlb_2024_2025__20260909__r01,BCAP-SWING-v0.1.0,swing,2024_2025,COMPLETE,outer_game_nested_procedure_OPE,season-weighted final PA W per selected current decision; no summed PA policy gain,Q/value/delta/gain: raw W; outcome MSE: W^2; probabilities/coverage: fraction; sample counts: explicit rows/PA/games,Take_adjudicated,Swing_offer_including_bunts,0-0,,,fixed_score_sensitivity,,,,
count,0-1,untrimmed,184542.0,0.9995504400812456,0.2568332753845476,0.2356025328904052,-0.0212307424941423,True,,,,bcap_swing__mlb_2024_2025__20260909__r01,BCAP-SWING-v0.1.0,swing,2024_2025,COMPLETE,outer_game_nested_procedure_OPE,season-weighted final PA W per selected current decision; no summed PA policy gain,Q/value/delta/gain: raw W; outcome MSE: W^2; probabilities/coverage: fraction; sample counts: explicit rows/PA/games,Take_adjudicated,Swing_offer_including_bunts,0-1,,,fixed_score_sensitivity,,,,
count,0-1,trim_002,182800.0,0.9901150981719702,0.256751240380615,0.2350626961187968,-0.0216885442618181,True,,,,bcap_swing__mlb_2024_2025__20260909__r01,BCAP-SWING-v0.1.0,swing,2024_2025,COMPLETE,outer_game_nested_procedure_OPE,season-weighted final PA W per selected current decision; no summed PA policy gain,Q/value/delta/gain: raw W; outcome MSE: W^2; probabilities/coverage: fraction; sample counts: explicit rows/PA/games,Take_adjudicated,Swing_offer_including_bunts,0-1,,,fixed_score_sensitivity,,,,
count,0-1,trim_005,178442.0,0.9665104942450914,0.2554278860655694,0.2351079209134637,-0.0203199651521056,False,,,,bcap_swing__mlb_2024_2025__20260909__r01,BCAP-SWING-v0.1.0,swing,2024_2025,COMPLETE,outer_game_nested_procedure_OPE,season-weighted final PA W per selected current decision; no summed PA policy gain,Q/value/delta/gain: raw W; outcome MSE: W^2; probabilities/coverage: fraction; sample counts: explicit rows/PA/games,Take_adjudicated,Swing_offer_including_bunts,0-1,,,fixed_score_sensitivity,,,,
count,0-1,trim_010,162022.0,0.8775734597156398,0.2546788661186879,0.2366420160194221,-0.0180368500992657,True,,,,bcap_swing__mlb_2024_2025__20260909__r01,BCAP-SWING-v0.1.0,swing,2024_2025,COMPLETE,outer_game_nested_procedure_OPE,season-weighted final PA W per selected current decision; no summed PA policy gain,Q/value/delta/gain: raw W; outcome MSE: W^2; probabilities/coverage: fraction; sample counts: explicit rows/PA/games,Take_adjudicated,Swing_offer_including_bunts,0-1,,,fixed_score_sensitivity,,,,
count,0-1,clip_010_same_target,178442.0,0.9665104942450914,0.2555487817545095,0.2350214219634268,-0.0205273597910828,False,,,,bcap_swing__mlb_2024_2025__20260909__r01,BCAP-SWING-v0.1.0,swing,2024_2025,COMPLETE,outer_game_nested_procedure_OPE,season-weighted final PA W per selected current decision; no summed PA policy gain,Q/value/delta/gain: raw W; outcome MSE: W^2; probabilities/coverage: fraction; sample counts: explicit rows/PA/games,Take_adjudicated,Swing_offer_including_bunts,0-1,,,fixed_score_sensitivity,,,,
count,0-1,first_count_visit,178442.0,0.9665104942450914,0.2554278860655694,0.2351079209134637,-0.0203199651521056,True,,,,bcap_swing__mlb_2024_2025__20260909__r01,BCAP-SWING-v0.1.0,swing,2024_2025,COMPLETE,outer_game_nested_procedure_OPE,season-weighted final PA W per selected current decision; no summed PA policy gain,Q/value/delta/gain: raw W; outcome MSE: W^2; probabilities/coverage: fraction; sample counts: explicit rows/PA/games,Take_adjudicated,Swing_offer_including_bunts,0-1,,,fixed_score_sensitivity,,,,
count,0-1,fixed_score_cluster_pitcher,178442.0,,,,-0.0203199651521056,False,-0.0322969834002341,-0.0083429469039771,1103.0,bcap_swing__mlb_2024_2025__20260909__r01,BCAP-SWING-v0.1.0,swing,2024_2025,COMPLETE,outer_game_nested_procedure_OPE,season-weighted final PA W per selected current decision; no summed PA policy gain,Q/value/delta/gain: raw W; outcome MSE: W^2; probabilities/coverage: fraction; sample counts: explicit rows/PA/games,Take_adjudicated,Swing_offer_including_bunts,0-1,,,fixed_score_sensitivity,,,,
count,0-1,fixed_score_cluster_batter,178442.0,,,,-0.0203199651521056,False,-0.0315962053522873,-0.0090437249519239,710.0,bcap_swing__mlb_2024_2025__20260909__r01,BCAP-SWING-v0.1.0,swing,2024_2025,COMPLETE,outer_game_nested_procedure_OPE,season-weighted final PA W per selected current decision; no summed PA policy gain,Q/value/delta/gain: raw W; outcome MSE: W^2; probabilities/coverage: fraction; sample counts: explicit rows/PA/games,Take_adjudicated,Swing_offer_including_bunts,0-1,,,fixed_score_sensitivity,,,,
count,0-2,untrimmed,96407.0,0.9995852644457578,0.1663607066440606,0.1510888080094879,-0.0152718986345726,True,,,,bcap_swing__mlb_2024_2025__20260909__r01,BCAP-SWING-v0.1.0,swing,2024_2025,COMPLETE,outer_game_nested_procedure_OPE,season-weighted final PA W per selected current decision; no summed PA policy gain,Q/value/delta/gain: raw W; outcome MSE: W^2; probabilities/coverage: fraction; sample counts: explicit rows/PA/games,Take_adjudicated,Swing_offer_including_bunts,0-2,,,fixed_score_sensitivity,,,,
count,0-2,trim_002,95553.0,0.9907306603626862,0.1664061516727758,0.1516427988718267,-0.0147633528009491,True,,,,bcap_swing__mlb_2024_2025__20260909__r01,BCAP-SWING-v0.1.0,swing,2024_2025,COMPLETE,outer_game_nested_procedure_OPE,season-weighted final PA W per selected current decision; no summed PA policy gain,Q/value/delta/gain: raw W; outcome MSE: W^2; probabilities/coverage: fraction; sample counts: explicit rows/PA/games,Take_adjudicated,Swing_offer_including_bunts,0-2,,,fixed_score_sensitivity,,,,
count,0-2,trim_005,91486.0,0.9485624228851078,0.1653904164527253,0.1528505231807039,-0.0125398932720213,False,,,,bcap_swing__mlb_2024_2025__20260909__r01,BCAP-SWING-v0.1.0,swing,2024_2025,COMPLETE,outer_game_nested_procedure_OPE,season-weighted final PA W per selected current decision; no summed PA policy gain,Q/value/delta/gain: raw W; outcome MSE: W^2; probabilities/coverage: fraction; sample counts: explicit rows/PA/games,Take_adjudicated,Swing_offer_including_bunts,0-2,,,fixed_score_sensitivity,,,,
count,0-2,trim_010,75701.0,0.7848974047922693,0.178494633169257,0.1450134467100308,-0.0334811864592262,True,,,,bcap_swing__mlb_2024_2025__20260909__r01,BCAP-SWING-v0.1.0,swing,2024_2025,COMPLETE,outer_game_nested_procedure_OPE,season-weighted final PA W per selected current decision; no summed PA policy gain,Q/value/delta/gain: raw W; outcome MSE: W^2; probabilities/coverage: fraction; sample counts: explicit rows/PA/games,Take_adjudicated,Swing_offer_including_bunts,0-2,,,fixed_score_sensitivity,,,,
count,0-2,clip_010_same_target,91486.0,0.9485624228851078,0.1673220822216621,0.1532600645641612,-0.0140620176575008,False,,,,bcap_swing__mlb_2024_2025__20260909__r01,BCAP-SWING-v0.1.0,swing,2024_2025,COMPLETE,outer_game_nested_procedure_OPE,season-weighted final PA W per selected current decision; no summed PA policy gain,Q/value/delta/gain: raw W; outcome MSE: W^2; probabilities/coverage: fraction; sample counts: explicit rows/PA/games,Take_adjudicated,Swing_offer_including_bunts,0-2,,,fixed_score_sensitivity,,,,
count,0-2,first_count_visit,74421.0,0.771625867056518,0.1651012504886428,0.1505121020280042,-0.0145891484606386,True,,,,bcap_swing__mlb_2024_2025__20260909__r01,BCAP-SWING-v0.1.0,swing,2024_2025,COMPLETE,outer_game_nested_procedure_OPE,season-weighted final PA W per selected current decision; no summed PA policy gain,Q/value/delta/gain: raw W; outcome MSE: W^2; probabilities/coverage: fraction; sample counts: explicit rows/PA/games,Take_adjudicated,Swing_offer_including_bunts,0-2,,,fixed_score_sensitivity,,,,
count,0-2,fixed_score_cluster_pitcher,91486.0,,,,-0.0125398932720213,False,-0.0235489339571441,-0.0015308525868985,1044.0,bcap_swing__mlb_2024_2025__20260909__r01,BCAP-SWING-v0.1.0,swing,2024_2025,COMPLETE,outer_game_nested_procedure_OPE,season-weighted final PA W per selected current decision; no summed PA policy gain,Q/value/delta/gain: raw W; outcome MSE: W^2; probabilities/coverage: fraction; sample counts: explicit rows/PA/games,Take_adjudicated,Swing_offer_including_bunts,0-2,,,fixed_score_sensitivity,,,,
count,0-2,fixed_score_cluster_batter,91486.0,,,,-0.0125398932720213,False,-0.024692774602068,-0.0003870119419745,710.0,bcap_swing__mlb_2024_2025__20260909__r01,BCAP-SWING-v0.1.0,swing,2024_2025,COMPLETE,outer_game_nested_procedure_OPE,season-weighted final PA W per selected current decision; no summed PA policy gain,Q/value/delta/gain: raw W; outcome MSE: W^2; probabilities/coverage: fraction; sample counts: explicit rows/PA/games,Take_adjudicated,Swing_offer_including_bunts,0-2,,,fixed_score_sensitivity,,,,
count,1-0,untrimmed,136459.0,0.9995824665240703,0.348911446288024,0.3131484275652501,-0.0357630187227739,True,,,,bcap_swing__mlb_2024_2025__20260909__r01,BCAP-SWING-v0.1.0,swing,2024_2025,COMPLETE,outer_game_nested_procedure_OPE,season-weighted final PA W per selected current decision; no summed PA policy gain,Q/value/delta/gain: raw W; outcome MSE: W^2; probabilities/coverage: fraction; sample counts: explicit rows/PA/games,Take_adjudicated,Swing_offer_including_bunts,1-0,,,fixed_score_sensitivity,,,,
count,1-0,trim_002,135065.0,0.9893712092355474,0.3484168973736343,0.3136308121968551,-0.0347860851767791,True,,,,bcap_swing__mlb_2024_2025__20260909__r01,BCAP-SWING-v0.1.0,swing,2024_2025,COMPLETE,outer_game_nested_procedure_OPE,season-weighted final PA W per selected current decision; no summed PA policy gain,Q/value/delta/gain: raw W; outcome MSE: W^2; probabilities/coverage: fraction; sample counts: explicit rows/PA/games,Take_adjudicated,Swing_offer_including_bunts,1-0,,,fixed_score_sensitivity,,,,
count,1-0,trim_005,131649.0,0.9643485012745758,0.3464431672808731,0.3158226758132402,-0.0306204914676328,False,,,,bcap_swing__mlb_2024_2025__20260909__r01,BCAP-SWING-v0.1.0,swing,2024_2025,COMPLETE,outer_game_nested_procedure_OPE,season-weighted final PA W per selected current decision; no summed PA policy gain,Q/value/delta/gain: raw W; outcome MSE: W^2; probabilities/coverage: fraction; sample counts: explicit rows/PA/games,Take_adjudicated,Swing_offer_including_bunts,1-0,,,fixed_score_sensitivity,,,,
count,1-0,trim_010,122615.0,0.8981731079140907,0.339963112561907,0.318844424879621,-0.0211186876822859,True,,,,bcap_swing__mlb_2024_2025__20260909__r01,BCAP-SWING-v0.1.0,swing,2024_2025,COMPLETE,outer_game_nested_procedure_OPE,season-weighted final PA W per selected current decision; no summed PA policy gain,Q/value/delta/gain: raw W; outcome MSE: W^2; probabilities/coverage: fraction; sample counts: explicit rows/PA/games,Take_adjudicated,Swing_offer_including_bunts,1-0,,,fixed_score_sensitivity,,,,
count,1-0,clip_010_same_target,131649.0,0.9643485012745758,0.3464443970954107,0.3155855270786265,-0.0308588700167841,False,,,,bcap_swing__mlb_2024_2025__20260909__r01,BCAP-SWING-v0.1.0,swing,2024_2025,COMPLETE,outer_game_nested_procedure_OPE,season-weighted final PA W per selected current decision; no summed PA policy gain,Q/value/delta/gain: raw W; outcome MSE: W^2; probabilities/coverage: fraction; sample counts: explicit rows/PA/games,Take_adjudicated,Swing_offer_including_bunts,1-0,,,fixed_score_sensitivity,,,,
count,1-0,first_count_visit,131649.0,0.9643485012745758,0.3464431672808731,0.3158226758132402,-0.0306204914676328,True,,,,bcap_swing__mlb_2024_2025__20260909__r01,BCAP-SWING-v0.1.0,swing,2024_2025,COMPLETE,outer_game_nested_procedure_OPE,season-weighted final PA W per selected current decision; no summed PA policy gain,Q/value/delta/gain: raw W; outcome MSE: W^2; probabilities/coverage: fraction; sample counts: explicit rows/PA/games,Take_adjudicated,Swing_offer_including_bunts,1-0,,,fixed_score_sensitivity,,,,
count,1-0,fixed_score_cluster_pitcher,131649.0,,,,-0.0306204914676328,False,-0.0454310212908043,-0.0158099616444613,1105.0,bcap_swing__mlb_2024_2025__20260909__r01,BCAP-SWING-v0.1.0,swing,2024_2025,COMPLETE,outer_game_nested_procedure_OPE,season-weighted final PA W per selected current decision; no summed PA policy gain,Q/value/delta/gain: raw W; outcome MSE: W^2; probabilities/coverage: fraction; sample counts: explicit rows/PA/games,Take_adjudicated,Swing_offer_including_bunts,1-0,,,fixed_score_sensitivity,,,,
count,1-0,fixed_score_cluster_batter,131649.0,,,,-0.0306204914676328,False,-0.0446961992468554,-0.0165447836884103,711.0,bcap_swing__mlb_2024_2025__20260909__r01,BCAP-SWING-v0.1.0,swing,2024_2025,COMPLETE,outer_game_nested_procedure_OPE,season-weighted final PA W per selected current decision; no summed PA policy gain,Q/value/delta/gain: raw W; outcome MSE: W^2; probabilities/coverage: fraction; sample counts: explicit rows/PA/games,Take_adjudicated,Swing_offer_including_bunts,1-0,,,fixed_score_sensitivity,,,,
count,1-1,untrimmed,142495.0,0.9995510630686242,0.2845541508424411,0.2527817011566521,-0.0317724496857889,True,,,,bcap_swing__mlb_2024_2025__20260909__r01,BCAP-SWING-v0.1.0,swing,2024_2025,COMPLETE,outer_game_nested_procedure_OPE,season-weighted final PA W per selected current decision; no summed PA policy gain,Q/value/delta/gain: raw W; outcome MSE: W^2; probabilities/coverage: fraction; sample counts: explicit rows/PA/games,Take_adjudicated,Swing_offer_including_bunts,1-1,,,fixed_score_sensitivity,,,,
count,1-1,trim_002,141549.0,0.992915214051726,0.2845093764401705,0.2537545978117375,-0.030754778628433,True,,,,bcap_swing__mlb_2024_2025__20260909__r01,BCAP-SWING-v0.1.0,swing,2024_2025,COMPLETE,outer_game_nested_procedure_OPE,season-weighted final PA W per selected current decision; no summed PA policy gain,Q/value/delta/gain: raw W; outcome MSE: W^2; probabilities/coverage: fraction; sample counts: explicit rows/PA/games,Take_adjudicated,Swing_offer_including_bunts,1-1,,,fixed_score_sensitivity,,,,
count,1-1,trim_005,139043.0,0.9753365273325432,0.2835381713813742,0.2551489996478254,-0.0283891717335488,False,,,,bcap_swing__mlb_2024_2025__20260909__r01,BCAP-SWING-v0.1.0,swing,2024_2025,COMPLETE,outer_game_nested_procedure_OPE,season-weighted final PA W per selected current decision; no summed PA policy gain,Q/value/delta/gain: raw W; outcome MSE: W^2; probabilities/coverage: fraction; sample counts: explicit rows/PA/games,Take_adjudicated,Swing_offer_including_bunts,1-1,,,fixed_score_sensitivity,,,,
count,1-1,trim_010,123758.0,0.8681177617688115,0.2865851373454141,0.2526207687740726,-0.0339643685713414,True,,,,bcap_swing__mlb_2024_2025__20260909__r01,BCAP-SWING-v0.1.0,swing,2024_2025,COMPLETE,outer_game_nested_procedure_OPE,season-weighted final PA W per selected current decision; no summed PA policy gain,Q/value/delta/gain: raw W; outcome MSE: W^2; probabilities/coverage: fraction; sample counts: explicit rows/PA/games,Take_adjudicated,Swing_offer_including_bunts,1-1,,,fixed_score_sensitivity,,,,
count,1-1,clip_010_same_target,139043.0,0.9753365273325432,0.2841480080321871,0.2549054009984619,-0.0292426070337252,False,,,,bcap_swing__mlb_2024_2025__20260909__r01,BCAP-SWING-v0.1.0,swing,2024_2025,COMPLETE,outer_game_nested_procedure_OPE,season-weighted final PA W per selected current decision; no summed PA policy gain,Q/value/delta/gain: raw W; outcome MSE: W^2; probabilities/coverage: fraction; sample counts: explicit rows/PA/games,Take_adjudicated,Swing_offer_including_bunts,1-1,,,fixed_score_sensitivity,,,,
count,1-1,first_count_visit,139043.0,0.9753365273325432,0.2835381713813742,0.2551489996478254,-0.0283891717335488,True,,,,bcap_swing__mlb_2024_2025__20260909__r01,BCAP-SWING-v0.1.0,swing,2024_2025,COMPLETE,outer_game_nested_procedure_OPE,season-weighted final PA W per selected current decision; no summed PA policy gain,Q/value/delta/gain: raw W; outcome MSE: W^2; probabilities/coverage: fraction; sample counts: explicit rows/PA/games,Take_adjudicated,Swing_offer_including_bunts,1-1,,,fixed_score_sensitivity,,,,
count,1-1,fixed_score_cluster_pitcher,139043.0,,,,-0.0283891717335488,False,-0.0420534233635002,-0.0147249201035973,1097.0,bcap_swing__mlb_2024_2025__20260909__r01,BCAP-SWING-v0.1.0,swing,2024_2025,COMPLETE,outer_game_nested_procedure_OPE,season-weighted final PA W per selected current decision; no summed PA policy gain,Q/value/delta/gain: raw W; outcome MSE: W^2; probabilities/coverage: fraction; sample counts: explicit rows/PA/games,Take_adjudicated,Swing_offer_including_bunts,1-1,,,fixed_score_sensitivity,,,,
count,1-1,fixed_score_cluster_batter,139043.0,,,,-0.0283891717335488,False,-0.0421269286822692,-0.0146514147848283,710.0,bcap_swing__mlb_2024_2025__20260909__r01,BCAP-SWING-v0.1.0,swing,2024_2025,COMPLETE,outer_game_nested_procedure_OPE,season-weighted final PA W per selected current decision; no summed PA policy gain,Q/value/delta/gain: raw W; outcome MSE: W^2; probabilities/coverage: fraction; sample counts: explicit rows/PA/games,Take_adjudicated,Swing_offer_including_bunts,1-1,,,fixed_score_sensitivity,,,,
count,1-2,untrimmed,139492.0,0.99951275437088,0.1812008292868462,0.1757119468209331,-0.005488882465913,True,,,,bcap_swing__mlb_2024_2025__20260909__r01,BCAP-SWING-v0.1.0,swing,2024_2025,COMPLETE,outer_game_nested_procedure_OPE,season-weighted final PA W per selected current decision; no summed PA policy gain,Q/value/delta/gain: raw W; outcome MSE: W^2; probabilities/coverage: fraction; sample counts: explicit rows/PA/games,Take_adjudicated,Swing_offer_including_bunts,1-2,,,fixed_score_sensitivity,,,,
count,1-2,trim_002,138840.0,0.994840928632846,0.181290453722062,0.176123675260428,-0.0051667784616339,True,,,,bcap_swing__mlb_2024_2025__20260909__r01,BCAP-SWING-v0.1.0,swing,2024_2025,COMPLETE,outer_game_nested_procedure_OPE,season-weighted final PA W per selected current decision; no summed PA policy gain,Q/value/delta/gain: raw W; outcome MSE: W^2; probabilities/coverage: fraction; sample counts: explicit rows/PA/games,Take_adjudicated,Swing_offer_including_bunts,1-2,,,fixed_score_sensitivity,,,,
count,1-2,trim_005,133557.0,0.9569862424763542,0.1828458458667105,0.1756329289472765,-0.0072129169194339,False,,,,bcap_swing__mlb_2024_2025__20260909__r01,BCAP-SWING-v0.1.0,swing,2024_2025,COMPLETE,outer_game_nested_procedure_OPE,season-weighted final PA W per selected current decision; no summed PA policy gain,Q/value/delta/gain: raw W; outcome MSE: W^2; probabilities/coverage: fraction; sample counts: explicit rows/PA/games,Take_adjudicated,Swing_offer_including_bunts,1-2,,,fixed_score_sensitivity,,,,
count,1-2,trim_010,107249.0,0.7684795070220694,0.2071289401425514,0.1624964577450933,-0.0446324823974581,True,,,,bcap_swing__mlb_2024_2025__20260909__r01,BCAP-SWING-v0.1.0,swing,2024_2025,COMPLETE,outer_game_nested_procedure_OPE,season-weighted final PA W per selected current decision; no summed PA policy gain,Q/value/delta/gain: raw W; outcome MSE: W^2; probabilities/coverage: fraction; sample counts: explicit rows/PA/games,Take_adjudicated,Swing_offer_including_bunts,1-2,,,fixed_score_sensitivity,,,,
count,1-2,clip_010_same_target,133557.0,0.9569862424763542,0.1856497355201381,0.1755624774610461,-0.010087258059092,False,,,,bcap_swing__mlb_2024_2025__20260909__r01,BCAP-SWING-v0.1.0,swing,2024_2025,COMPLETE,outer_game_nested_procedure_OPE,season-weighted final PA W per selected current decision; no summed PA policy gain,Q/value/delta/gain: raw W; outcome MSE: W^2; probabilities/coverage: fraction; sample counts: explicit rows/PA/games,Take_adjudicated,Swing_offer_including_bunts,1-2,,,fixed_score_sensitivity,,,,
count,1-2,first_count_visit,104667.0,0.7499785038693035,0.1803403322588871,0.1705632240389624,-0.0097771082199247,True,,,,bcap_swing__mlb_2024_2025__20260909__r01,BCAP-SWING-v0.1.0,swing,2024_2025,COMPLETE,outer_game_nested_procedure_OPE,season-weighted final PA W per selected current decision; no summed PA policy gain,Q/value/delta/gain: raw W; outcome MSE: W^2; probabilities/coverage: fraction; sample counts: explicit rows/PA/games,Take_adjudicated,Swing_offer_including_bunts,1-2,,,fixed_score_sensitivity,,,,
count,1-2,fixed_score_cluster_pitcher,133557.0,,,,-0.0072129169194339,False,-0.0177468423687135,0.0033210085298455,1058.0,bcap_swing__mlb_2024_2025__20260909__r01,BCAP-SWING-v0.1.0,swing,2024_2025,COMPLETE,outer_game_nested_procedure_OPE,season-weighted final PA W per selected current decision; no summed PA policy gain,Q/value/delta/gain: raw W; outcome MSE: W^2; probabilities/coverage: fraction; sample counts: explicit rows/PA/games,Take_adjudicated,Swing_offer_including_bunts,1-2,,,fixed_score_sensitivity,,,,
count,1-2,fixed_score_cluster_batter,133557.0,,,,-0.0072129169194339,False,-0.0178898822842147,0.0034640484453468,710.0,bcap_swing__mlb_2024_2025__20260909__r01,BCAP-SWING-v0.1.0,swing,2024_2025,COMPLETE,outer_game_nested_procedure_OPE,season-weighted final PA W per selected current decision; no summed PA policy gain,Q/value/delta/gain: raw W; outcome MSE: W^2; probabilities/coverage: fraction; sample counts: explicit rows/PA/games,Take_adjudicated,Swing_offer_including_bunts,1-2,,,fixed_score_sensitivity,,,,
count,2-0,untrimmed,45617.0,0.999671283309958,0.4262155296084874,0.3723957618222955,-0.0538197677861919,True,,,,bcap_swing__mlb_2024_2025__20260909__r01,BCAP-SWING-v0.1.0,swing,2024_2025,COMPLETE,outer_game_nested_procedure_OPE,season-weighted final PA W per selected current decision; no summed PA policy gain,Q/value/delta/gain: raw W; outcome MSE: W^2; probabilities/coverage: fraction; sample counts: explicit rows/PA/games,Take_adjudicated,Swing_offer_including_bunts,2-0,,,fixed_score_sensitivity,,,,
count,2-0,trim_002,45194.0,0.9904014726507714,0.4252023176669745,0.3733469931341968,-0.0518553245327777,True,,,,bcap_swing__mlb_2024_2025__20260909__r01,BCAP-SWING-v0.1.0,swing,2024_2025,COMPLETE,outer_game_nested_procedure_OPE,season-weighted final PA W per selected current decision; no summed PA policy gain,Q/value/delta/gain: raw W; outcome MSE: W^2; probabilities/coverage: fraction; sample counts: explicit rows/PA/games,Take_adjudicated,Swing_offer_including_bunts,2-0,,,fixed_score_sensitivity,,,,
count,2-0,trim_005,44034.0,0.9649807152875176,0.4218217618254671,0.3701098495793565,-0.0517119122461106,False,,,,bcap_swing__mlb_2024_2025__20260909__r01,BCAP-SWING-v0.1.0,swing,2024_2025,COMPLETE,outer_game_nested_procedure_OPE,season-weighted final PA W per selected current decision; no summed PA policy gain,Q/value/delta/gain: raw W; outcome MSE: W^2; probabilities/coverage: fraction; sample counts: explicit rows/PA/games,Take_adjudicated,Swing_offer_including_bunts,2-0,,,fixed_score_sensitivity,,,,
count,2-0,trim_010,41024.0,0.8990182328190743,0.4124953951619708,0.3705230791614702,-0.0419723160005005,True,,,,bcap_swing__mlb_2024_2025__20260909__r01,BCAP-SWING-v0.1.0,swing,2024_2025,COMPLETE,outer_game_nested_procedure_OPE,season-weighted final PA W per selected current decision; no summed PA policy gain,Q/value/delta/gain: raw W; outcome MSE: W^2; probabilities/coverage: fraction; sample counts: explicit rows/PA/games,Take_adjudicated,Swing_offer_including_bunts,2-0,,,fixed_score_sensitivity,,,,
count,2-0,clip_010_same_target,44034.0,0.9649807152875176,0.4218778596008136,0.3689238575925004,-0.052954002008313,False,,,,bcap_swing__mlb_2024_2025__20260909__r01,BCAP-SWING-v0.1.0,swing,2024_2025,COMPLETE,outer_game_nested_procedure_OPE,season-weighted final PA W per selected current decision; no summed PA policy gain,Q/value/delta/gain: raw W; outcome MSE: W^2; probabilities/coverage: fraction; sample counts: explicit rows/PA/games,Take_adjudicated,Swing_offer_including_bunts,2-0,,,fixed_score_sensitivity,,,,
count,2-0,first_count_visit,44034.0,0.9649807152875176,0.4218217618254671,0.3701098495793565,-0.0517119122461106,True,,,,bcap_swing__mlb_2024_2025__20260909__r01,BCAP-SWING-v0.1.0,swing,2024_2025,COMPLETE,outer_game_nested_procedure_OPE,season-weighted final PA W per selected current decision; no summed PA policy gain,Q/value/delta/gain: raw W; outcome MSE: W^2; probabilities/coverage: fraction; sample counts: explicit rows/PA/games,Take_adjudicated,Swing_offer_including_bunts,2-0,,,fixed_score_sensitivity,,,,
count,2-0,fixed_score_cluster_pitcher,44034.0,,,,-0.0517119122461106,False,-0.0768340821560397,-0.0265897423361815,1077.0,bcap_swing__mlb_2024_2025__20260909__r01,BCAP-SWING-v0.1.0,swing,2024_2025,COMPLETE,outer_game_nested_procedure_OPE,season-weighted final PA W per selected current decision; no summed PA policy gain,Q/value/delta/gain: raw W; outcome MSE: W^2; probabilities/coverage: fraction; sample counts: explicit rows/PA/games,Take_adjudicated,Swing_offer_including_bunts,2-0,,,fixed_score_sensitivity,,,,
count,2-0,fixed_score_cluster_batter,44034.0,,,,-0.0517119122461106,False,-0.0767241156383083,-0.0266997088539129,703.0,bcap_swing__mlb_2024_2025__20260909__r01,BCAP-SWING-v0.1.0,swing,2024_2025,COMPLETE,outer_game_nested_procedure_OPE,season-weighted final PA W per selected current decision; no summed PA policy gain,Q/value/delta/gain: raw W; outcome MSE: W^2; probabilities/coverage: fraction; sample counts: explicit rows/PA/games,Take_adjudicated,Swing_offer_including_bunts,2-0,,,fixed_score_sensitivity,,,,
count,2-1,untrimmed,72912.0,0.999616122840691,0.3526052820617033,0.2941379554159209,-0.0584673266457824,True,,,,bcap_swing__mlb_2024_2025__20260909__r01,BCAP-SWING-v0.1.0,swing,2024_2025,COMPLETE,outer_game_nested_procedure_OPE,season-weighted final PA W per selected current decision; no summed PA policy gain,Q/value/delta/gain: raw W; outcome MSE: W^2; probabilities/coverage: fraction; sample counts: explicit rows/PA/games,Take_adjudicated,Swing_offer_including_bunts,2-1,,,fixed_score_sensitivity,,,,
count,2-1,trim_002,72509.0,0.9940910337263504,0.3524944013771074,0.294420122639797,-0.0580742787373104,True,,,,bcap_swing__mlb_2024_2025__20260909__r01,BCAP-SWING-v0.1.0,swing,2024_2025,COMPLETE,outer_game_nested_procedure_OPE,season-weighted final PA W per selected current decision; no summed PA policy gain,Q/value/delta/gain: raw W; outcome MSE: W^2; probabilities/coverage: fraction; sample counts: explicit rows/PA/games,Take_adjudicated,Swing_offer_including_bunts,2-1,,,fixed_score_sensitivity,,,,
count,2-1,trim_005,71495.0,0.9801891965999452,0.3511902384713385,0.2955978647894544,-0.0555923736818841,False,,,,bcap_swing__mlb_2024_2025__20260909__r01,BCAP-SWING-v0.1.0,swing,2024_2025,COMPLETE,outer_game_nested_procedure_OPE,season-weighted final PA W per selected current decision; no summed PA policy gain,Q/value/delta/gain: raw W; outcome MSE: W^2; probabilities/coverage: fraction; sample counts: explicit rows/PA/games,Take_adjudicated,Swing_offer_including_bunts,2-1,,,fixed_score_sensitivity,,,,
count,2-1,trim_010,62799.0,0.8609679188374006,0.3599761788842108,0.293769541242561,-0.0662066376416497,True,,,,bcap_swing__mlb_2024_2025__20260909__r01,BCAP-SWING-v0.1.0,swing,2024_2025,COMPLETE,outer_game_nested_procedure_OPE,season-weighted final PA W per selected current decision; no summed PA policy gain,Q/value/delta/gain: raw W; outcome MSE: W^2; probabilities/coverage: fraction; sample counts: explicit rows/PA/games,Take_adjudicated,Swing_offer_including_bunts,2-1,,,fixed_score_sensitivity,,,,
count,2-1,clip_010_same_target,71495.0,0.9801891965999452,0.3525662202755008,0.2951986861227562,-0.0573675341527446,False,,,,bcap_swing__mlb_2024_2025__20260909__r01,BCAP-SWING-v0.1.0,swing,2024_2025,COMPLETE,outer_game_nested_procedure_OPE,season-weighted final PA W per selected current decision; no summed PA policy gain,Q/value/delta/gain: raw W; outcome MSE: W^2; probabilities/coverage: fraction; sample counts: explicit rows/PA/games,Take_adjudicated,Swing_offer_including_bunts,2-1,,,fixed_score_sensitivity,,,,
count,2-1,first_count_visit,71495.0,0.9801891965999452,0.3511902384713385,0.2955978647894544,-0.0555923736818841,True,,,,bcap_swing__mlb_2024_2025__20260909__r01,BCAP-SWING-v0.1.0,swing,2024_2025,COMPLETE,outer_game_nested_procedure_OPE,season-weighted final PA W per selected current decision; no summed PA policy gain,Q/value/delta/gain: raw W; outcome MSE: W^2; probabilities/coverage: fraction; sample counts: explicit rows/PA/games,Take_adjudicated,Swing_offer_including_bunts,2-1,,,fixed_score_sensitivity,,,,
count,2-1,fixed_score_cluster_pitcher,71495.0,,,,-0.0555923736818841,False,-0.0767978749759833,-0.0343868723877849,1082.0,bcap_swing__mlb_2024_2025__20260909__r01,BCAP-SWING-v0.1.0,swing,2024_2025,COMPLETE,outer_game_nested_procedure_OPE,season-weighted final PA W per selected current decision; no summed PA policy gain,Q/value/delta/gain: raw W; outcome MSE: W^2; probabilities/coverage: fraction; sample counts: explicit rows/PA/games,Take_adjudicated,Swing_offer_including_bunts,2-1,,,fixed_score_sensitivity,,,,
count,2-1,fixed_score_cluster_batter,71495.0,,,,-0.0555923736818841,False,-0.0741523229285952,-0.0370324244351729,708.0,bcap_swing__mlb_2024_2025__20260909__r01,BCAP-SWING-v0.1.0,swing,2024_2025,COMPLETE,outer_game_nested_procedure_OPE,season-weighted final PA W per selected current decision; no summed PA policy gain,Q/value/delta/gain: raw W; outcome MSE: W^2; probabilities/coverage: fraction; sample counts: explicit rows/PA/games,Take_adjudicated,Swing_offer_including_bunts,2-1,,,fixed_score_sensitivity,,,,
count,2-2,untrimmed,118576.0,0.9995279519859734,0.2228458094429125,0.2028569075371533,-0.0199889019057592,True,,,,bcap_swing__mlb_2024_2025__20260909__r01,BCAP-SWING-v0.1.0,swing,2024_2025,COMPLETE,outer_game_nested_procedure_OPE,season-weighted final PA W per selected current decision; no summed PA policy gain,Q/value/delta/gain: raw W; outcome MSE: W^2; probabilities/coverage: fraction; sample counts: explicit rows/PA/games,Take_adjudicated,Swing_offer_including_bunts,2-2,,,fixed_score_sensitivity,,,,
count,2-2,trim_002,118143.0,0.9958780093060894,0.2228981839509336,0.2032291328375738,-0.0196690511133598,True,,,,bcap_swing__mlb_2024_2025__20260909__r01,BCAP-SWING-v0.1.0,swing,2024_2025,COMPLETE,outer_game_nested_procedure_OPE,season-weighted final PA W per selected current decision; no summed PA policy gain,Q/value/delta/gain: raw W; outcome MSE: W^2; probabilities/coverage: fraction; sample counts: explicit rows/PA/games,Take_adjudicated,Swing_offer_including_bunts,2-2,,,fixed_score_sensitivity,,,,
count,2-2,trim_005,113434.0,0.956183828983748,0.226827441488533,0.2015073410616062,-0.0253201004269267,False,,,,bcap_swing__mlb_2024_2025__20260909__r01,BCAP-SWING-v0.1.0,swing,2024_2025,COMPLETE,outer_game_nested_procedure_OPE,season-weighted final PA W per selected current decision; no summed PA policy gain,Q/value/delta/gain: raw W; outcome MSE: W^2; probabilities/coverage: fraction; sample counts: explicit rows/PA/games,Take_adjudicated,Swing_offer_including_bunts,2-2,,,fixed_score_sensitivity,,,,
count,2-2,trim_010,86941.0,0.7328629712050712,0.2689307912145612,0.1836579266307194,-0.0852728645838418,True,,,,bcap_swing__mlb_2024_2025__20260909__r01,BCAP-SWING-v0.1.0,swing,2024_2025,COMPLETE,outer_game_nested_procedure_OPE,season-weighted final PA W per selected current decision; no summed PA policy gain,Q/value/delta/gain: raw W; outcome MSE: W^2; probabilities/coverage: fraction; sample counts: explicit rows/PA/games,Take_adjudicated,Swing_offer_including_bunts,2-2,,,fixed_score_sensitivity,,,,
count,2-2,clip_010_same_target,113434.0,0.956183828983748,0.2311765613151263,0.2017202950626827,-0.0294562662524436,False,,,,bcap_swing__mlb_2024_2025__20260909__r01,BCAP-SWING-v0.1.0,swing,2024_2025,COMPLETE,outer_game_nested_procedure_OPE,season-weighted final PA W per selected current decision; no summed PA policy gain,Q/value/delta/gain: raw W; outcome MSE: W^2; probabilities/coverage: fraction; sample counts: explicit rows/PA/games,Take_adjudicated,Swing_offer_including_bunts,2-2,,,fixed_score_sensitivity,,,,
count,2-2,first_count_visit,85201.0,0.7181957650549599,0.2268767084150508,0.2000096648931159,-0.0268670435219349,True,,,,bcap_swing__mlb_2024_2025__20260909__r01,BCAP-SWING-v0.1.0,swing,2024_2025,COMPLETE,outer_game_nested_procedure_OPE,season-weighted final PA W per selected current decision; no summed PA policy gain,Q/value/delta/gain: raw W; outcome MSE: W^2; probabilities/coverage: fraction; sample counts: explicit rows/PA/games,Take_adjudicated,Swing_offer_including_bunts,2-2,,,fixed_score_sensitivity,,,,
count,2-2,fixed_score_cluster_pitcher,113434.0,,,,-0.0253201004269267,False,-0.0377520763071114,-0.012888124546742,1057.0,bcap_swing__mlb_2024_2025__20260909__r01,BCAP-SWING-v0.1.0,swing,2024_2025,COMPLETE,outer_game_nested_procedure_OPE,season-weighted final PA W per selected current decision; no summed PA policy gain,Q/value/delta/gain: raw W; outcome MSE: W^2; probabilities/coverage: fraction; sample counts: explicit rows/PA/games,Take_adjudicated,Swing_offer_including_bunts,2-2,,,fixed_score_sensitivity,,,,
count,2-2,fixed_score_cluster_batter,113434.0,,,,-0.0253201004269267,False,-0.0371576778623479,-0.0134825229915055,708.0,bcap_swing__mlb_2024_2025__20260909__r01,BCAP-SWING-v0.1.0,swing,2024_2025,COMPLETE,outer_game_nested_procedure_OPE,season-weighted final PA W per selected current decision; no summed PA policy gain,Q/value/delta/gain: raw W; outcome MSE: W^2; probabilities/coverage: fraction; sample counts: explicit rows/PA/games,Take_adjudicated,Swing_offer_including_bunts,2-2,,,fixed_score_sensitivity,,,,
count,3-0,untrimmed,13969.0,0.9997852848554252,0.5447297668025803,0.4636430224582701,-0.0810867443443101,True,,,,bcap_swing__mlb_2024_2025__20260909__r01,BCAP-SWING-v0.1.0,swing,2024_2025,COMPLETE,outer_game_nested_procedure_OPE,season-weighted final PA W per selected current decision; no summed PA policy gain,Q/value/delta/gain: raw W; outcome MSE: W^2; probabilities/coverage: fraction; sample counts: explicit rows/PA/games,Take_adjudicated,Swing_offer_including_bunts,3-0,,,fixed_score_sensitivity,,,,
count,3-0,trim_002,13574.0,0.9715144574864014,0.5407260183220075,0.4704265389780511,-0.0702994793439563,True,,,,bcap_swing__mlb_2024_2025__20260909__r01,BCAP-SWING-v0.1.0,swing,2024_2025,COMPLETE,outer_game_nested_procedure_OPE,season-weighted final PA W per selected current decision; no summed PA policy gain,Q/value/delta/gain: raw W; outcome MSE: W^2; probabilities/coverage: fraction; sample counts: explicit rows/PA/games,Take_adjudicated,Swing_offer_including_bunts,3-0,,,fixed_score_sensitivity,,,,
count,3-0,trim_005,12230.0,0.8753220727168622,0.5270202593609408,0.4785654659945663,-0.0484547933663744,False,,,,bcap_swing__mlb_2024_2025__20260909__r01,BCAP-SWING-v0.1.0,swing,2024_2025,COMPLETE,outer_game_nested_procedure_OPE,season-weighted final PA W per selected current decision; no summed PA policy gain,Q/value/delta/gain: raw W; outcome MSE: W^2; probabilities/coverage: fraction; sample counts: explicit rows/PA/games,Take_adjudicated,Swing_offer_including_bunts,3-0,,,fixed_score_sensitivity,,,,
count,3-0,trim_010,7267.0,0.5201116518751789,0.5032729744314317,0.4959144804786902,-0.0073584939527414,True,,,,bcap_swing__mlb_2024_2025__20260909__r01,BCAP-SWING-v0.1.0,swing,2024_2025,COMPLETE,outer_game_nested_procedure_OPE,season-weighted final PA W per selected current decision; no summed PA policy gain,Q/value/delta/gain: raw W; outcome MSE: W^2; probabilities/coverage: fraction; sample counts: explicit rows/PA/games,Take_adjudicated,Swing_offer_including_bunts,3-0,,,fixed_score_sensitivity,,,,
count,3-0,clip_010_same_target,12230.0,0.8753220727168622,0.5273608772390647,0.4724754527611866,-0.0548854244778781,False,,,,bcap_swing__mlb_2024_2025__20260909__r01,BCAP-SWING-v0.1.0,swing,2024_2025,COMPLETE,outer_game_nested_procedure_OPE,season-weighted final PA W per selected current decision; no summed PA policy gain,Q/value/delta/gain: raw W; outcome MSE: W^2; probabilities/coverage: fraction; sample counts: explicit rows/PA/games,Take_adjudicated,Swing_offer_including_bunts,3-0,,,fixed_score_sensitivity,,,,
count,3-0,first_count_visit,12230.0,0.8753220727168622,0.5270202593609408,0.4785654659945663,-0.0484547933663744,True,,,,bcap_swing__mlb_2024_2025__20260909__r01,BCAP-SWING-v0.1.0,swing,2024_2025,COMPLETE,outer_game_nested_procedure_OPE,season-weighted final PA W per selected current decision; no summed PA policy gain,Q/value/delta/gain: raw W; outcome MSE: W^2; probabilities/coverage: fraction; sample counts: explicit rows/PA/games,Take_adjudicated,Swing_offer_including_bunts,3-0,,,fixed_score_sensitivity,,,,
count,3-0,fixed_score_cluster_pitcher,12230.0,,,,-0.0484547933663744,False,-0.1147456812955868,0.017836094562838,983.0,bcap_swing__mlb_2024_2025__20260909__r01,BCAP-SWING-v0.1.0,swing,2024_2025,COMPLETE,outer_game_nested_procedure_OPE,season-weighted final PA W per selected current decision; no summed PA policy gain,Q/value/delta/gain: raw W; outcome MSE: W^2; probabilities/coverage: fraction; sample counts: explicit rows/PA/games,Take_adjudicated,Swing_offer_including_bunts,3-0,,,fixed_score_sensitivity,,,,
count,3-0,fixed_score_cluster_batter,12230.0,,,,-0.0484547933663744,False,-0.1090274544832806,0.0121178677505318,675.0,bcap_swing__mlb_2024_2025__20260909__r01,BCAP-SWING-v0.1.0,swing,2024_2025,COMPLETE,outer_game_nested_procedure_OPE,season-weighted final PA W per selected current decision; no summed PA policy gain,Q/value/delta/gain: raw W; outcome MSE: W^2; probabilities/coverage: fraction; sample counts: explicit rows/PA/games,Take_adjudicated,Swing_offer_including_bunts,3-0,,,fixed_score_sensitivity,,,,
count,3-1,untrimmed,29865.0,0.9996987346856798,0.4858899912809426,0.3778768435970114,-0.1080131476839311,True,,,,bcap_swing__mlb_2024_2025__20260909__r01,BCAP-SWING-v0.1.0,swing,2024_2025,COMPLETE,outer_game_nested_procedure_OPE,season-weighted final PA W per selected current decision; no summed PA policy gain,Q/value/delta/gain: raw W; outcome MSE: W^2; probabilities/coverage: fraction; sample counts: explicit rows/PA/games,Take_adjudicated,Swing_offer_including_bunts,3-1,,,fixed_score_sensitivity,,,,
count,3-1,trim_002,29714.0,0.994644172189864,0.4853246411563417,0.3783101845458909,-0.1070144566104508,True,,,,bcap_swing__mlb_2024_2025__20260909__r01,BCAP-SWING-v0.1.0,swing,2024_2025,COMPLETE,outer_game_nested_procedure_OPE,season-weighted final PA W per selected current decision; no summed PA policy gain,Q/value/delta/gain: raw W; outcome MSE: W^2; probabilities/coverage: fraction; sample counts: explicit rows/PA/games,Take_adjudicated,Swing_offer_including_bunts,3-1,,,fixed_score_sensitivity,,,,
count,3-1,trim_005,29289.0,0.9804177545691906,0.4832127634726563,0.3791046246598227,-0.1041081388128335,False,,,,bcap_swing__mlb_2024_2025__20260909__r01,BCAP-SWING-v0.1.0,swing,2024_2025,COMPLETE,outer_game_nested_procedure_OPE,season-weighted final PA W per selected current decision; no summed PA policy gain,Q/value/delta/gain: raw W; outcome MSE: W^2; probabilities/coverage: fraction; sample counts: explicit rows/PA/games,Take_adjudicated,Swing_offer_including_bunts,3-1,,,fixed_score_sensitivity,,,,
count,3-1,trim_010,26691.0,0.8934525005021089,0.4789447789230974,0.380867305065015,-0.0980774738580824,True,,,,bcap_swing__mlb_2024_2025__20260909__r01,BCAP-SWING-v0.1.0,swing,2024_2025,COMPLETE,outer_game_nested_procedure_OPE,season-weighted final PA W per selected current decision; no summed PA policy gain,Q/value/delta/gain: raw W; outcome MSE: W^2; probabilities/coverage: fraction; sample counts: explicit rows/PA/games,Take_adjudicated,Swing_offer_including_bunts,3-1,,,fixed_score_sensitivity,,,,
count,3-1,clip_010_same_target,29289.0,0.9804177545691906,0.4833379688941491,0.3787752989315968,-0.1045626699625523,False,,,,bcap_swing__mlb_2024_2025__20260909__r01,BCAP-SWING-v0.1.0,swing,2024_2025,COMPLETE,outer_game_nested_procedure_OPE,season-weighted final PA W per selected current decision; no summed PA policy gain,Q/value/delta/gain: raw W; outcome MSE: W^2; probabilities/coverage: fraction; sample counts: explicit rows/PA/games,Take_adjudicated,Swing_offer_including_bunts,3-1,,,fixed_score_sensitivity,,,,
count,3-1,first_count_visit,29289.0,0.9804177545691906,0.4832127634726563,0.3791046246598227,-0.1041081388128335,True,,,,bcap_swing__mlb_2024_2025__20260909__r01,BCAP-SWING-v0.1.0,swing,2024_2025,COMPLETE,outer_game_nested_procedure_OPE,season-weighted final PA W per selected current decision; no summed PA policy gain,Q/value/delta/gain: raw W; outcome MSE: W^2; probabilities/coverage: fraction; sample counts: explicit rows/PA/games,Take_adjudicated,Swing_offer_including_bunts,3-1,,,fixed_score_sensitivity,,,,
count,3-1,fixed_score_cluster_pitcher,29289.0,,,,-0.1041081388128335,False,-0.1327250523590784,-0.0754912252665886,1044.0,bcap_swing__mlb_2024_2025__20260909__r01,BCAP-SWING-v0.1.0,swing,2024_2025,COMPLETE,outer_game_nested_procedure_OPE,season-weighted final PA W per selected current decision; no summed PA policy gain,Q/value/delta/gain: raw W; outcome MSE: W^2; probabilities/coverage: fraction; sample counts: explicit rows/PA/games,Take_adjudicated,Swing_offer_including_bunts,3-1,,,fixed_score_sensitivity,,,,
count,3-1,fixed_score_cluster_batter,29289.0,,,,-0.1041081388128335,False,-0.132927986562716,-0.0752882910629511,702.0,bcap_swing__mlb_2024_2025__20260909__r01,BCAP-SWING-v0.1.0,swing,2024_2025,COMPLETE,outer_game_nested_procedure_OPE,season-weighted final PA W per selected current decision; no summed PA policy gain,Q/value/delta/gain: raw W; outcome MSE: W^2; probabilities/coverage: fraction; sample counts: explicit rows/PA/games,Take_adjudicated,Swing_offer_including_bunts,3-1,,,fixed_score_sensitivity,,,,
count,3-2,untrimmed,71668.0,0.9995258151794928,0.3215857046791951,0.2807084986763208,-0.0408772060028743,True,,,,bcap_swing__mlb_2024_2025__20260909__r01,BCAP-SWING-v0.1.0,swing,2024_2025,COMPLETE,outer_game_nested_procedure_OPE,season-weighted final PA W per selected current decision; no summed PA policy gain,Q/value/delta/gain: raw W; outcome MSE: W^2; probabilities/coverage: fraction; sample counts: explicit rows/PA/games,Take_adjudicated,Swing_offer_including_bunts,3-2,,,fixed_score_sensitivity,,,,
count,3-2,trim_002,71453.0,0.996527293520404,0.3214754231633359,0.2803694534670963,-0.0411059696962395,True,,,,bcap_swing__mlb_2024_2025__20260909__r01,BCAP-SWING-v0.1.0,swing,2024_2025,COMPLETE,outer_game_nested_procedure_OPE,season-weighted final PA W per selected current decision; no summed PA policy gain,Q/value/delta/gain: raw W; outcome MSE: W^2; probabilities/coverage: fraction; sample counts: explicit rows/PA/games,Take_adjudicated,Swing_offer_including_bunts,3-2,,,fixed_score_sensitivity,,,,
count,3-2,trim_005,68644.0,0.9573512593790968,0.3304554659740468,0.2778291664658178,-0.0526262995082289,False,,,,bcap_swing__mlb_2024_2025__20260909__r01,BCAP-SWING-v0.1.0,swing,2024_2025,COMPLETE,outer_game_nested_procedure_OPE,season-weighted final PA W per selected current decision; no summed PA policy gain,Q/value/delta/gain: raw W; outcome MSE: W^2; probabilities/coverage: fraction; sample counts: explicit rows/PA/games,Take_adjudicated,Swing_offer_including_bunts,3-2,,,fixed_score_sensitivity,,,,
count,3-2,trim_010,49949.0,0.6966193411620317,0.4166705276507437,0.2556050977038445,-0.1610654299468993,True,,,,bcap_swing__mlb_2024_2025__20260909__r01,BCAP-SWING-v0.1.0,swing,2024_2025,COMPLETE,outer_game_nested_procedure_OPE,season-weighted final PA W per selected current decision; no summed PA policy gain,Q/value/delta/gain: raw W; outcome MSE: W^2; probabilities/coverage: fraction; sample counts: explicit rows/PA/games,Take_adjudicated,Swing_offer_including_bunts,3-2,,,fixed_score_sensitivity,,,,
count,3-2,clip_010_same_target,68644.0,0.9573512593790968,0.3400430379364557,0.278070757652386,-0.0619722802840696,False,,,,bcap_swing__mlb_2024_2025__20260909__r01,BCAP-SWING-v0.1.0,swing,2024_2025,COMPLETE,outer_game_nested_procedure_OPE,season-weighted final PA W per selected current decision; no summed PA policy gain,Q/value/delta/gain: raw W; outcome MSE: W^2; probabilities/coverage: fraction; sample counts: explicit rows/PA/games,Take_adjudicated,Swing_offer_including_bunts,3-2,,,fixed_score_sensitivity,,,,
count,3-2,first_count_visit,49166.0,0.6856991436780007,0.3255010680977113,0.2745412325763094,-0.0509598355214018,True,,,,bcap_swing__mlb_2024_2025__20260909__r01,BCAP-SWING-v0.1.0,swing,2024_2025,COMPLETE,outer_game_nested_procedure_OPE,season-weighted final PA W per selected current decision; no summed PA policy gain,Q/value/delta/gain: raw W; outcome MSE: W^2; probabilities/coverage: fraction; sample counts: explicit rows/PA/games,Take_adjudicated,Swing_offer_including_bunts,3-2,,,fixed_score_sensitivity,,,,
count,3-2,fixed_score_cluster_pitcher,68644.0,,,,-0.0526262995082289,False,-0.0696642286307937,-0.0355883703856642,1040.0,bcap_swing__mlb_2024_2025__20260909__r01,BCAP-SWING-v0.1.0,swing,2024_2025,COMPLETE,outer_game_nested_procedure_OPE,season-weighted final PA W per selected current decision; no summed PA policy gain,Q/value/delta/gain: raw W; outcome MSE: W^2; probabilities/coverage: fraction; sample counts: explicit rows/PA/games,Take_adjudicated,Swing_offer_including_bunts,3-2,,,fixed_score_sensitivity,,,,
count,3-2,fixed_score_cluster_batter,68644.0,,,,-0.0526262995082289,False,-0.0694156364749296,-0.0358369625415283,706.0,bcap_swing__mlb_2024_2025__20260909__r01,BCAP-SWING-v0.1.0,swing,2024_2025,COMPLETE,outer_game_nested_procedure_OPE,season-weighted final PA W per selected current decision; no summed PA policy gain,Q/value/delta/gain: raw W; outcome MSE: W^2; probabilities/coverage: fraction; sample counts: explicit rows/PA/games,Take_adjudicated,Swing_offer_including_bunts,3-2,,,fixed_score_sensitivity,,,,
cell,0-0|BOUNDARY|FB,untrimmed,59070.0,0.999932288316349,0.2838237346003104,0.2943231982589982,0.0104994636586878,True,,,,bcap_swing__mlb_2024_2025__20260909__r01,BCAP-SWING-v0.1.0,swing,2024_2025,COMPLETE,outer_game_nested_procedure_OPE,season-weighted final PA W per selected current decision; no summed PA policy gain,Q/value/delta/gain: raw W; outcome MSE: W^2; probabilities/coverage: fraction; sample counts: explicit rows/PA/games,Take_adjudicated,Swing_offer_including_bunts,0-0,BOUNDARY,FB,fixed_score_sensitivity,,,,
cell,0-0|BOUNDARY|FB,trim_002,58896.0,0.99698683007753,0.2841881838884112,0.2946695113600594,0.0104813274716482,True,,,,bcap_swing__mlb_2024_2025__20260909__r01,BCAP-SWING-v0.1.0,swing,2024_2025,COMPLETE,outer_game_nested_procedure_OPE,season-weighted final PA W per selected current decision; no summed PA policy gain,Q/value/delta/gain: raw W; outcome MSE: W^2; probabilities/coverage: fraction; sample counts: explicit rows/PA/games,Take_adjudicated,Swing_offer_including_bunts,0-0,BOUNDARY,FB,fixed_score_sensitivity,,,,
cell,0-0|BOUNDARY|FB,trim_005,58896.0,0.99698683007753,0.2841881838884112,0.2946695113600594,0.0104813274716482,False,,,,bcap_swing__mlb_2024_2025__20260909__r01,BCAP-SWING-v0.1.0,swing,2024_2025,COMPLETE,outer_game_nested_procedure_OPE,season-weighted final PA W per selected current decision; no summed PA policy gain,Q/value/delta/gain: raw W; outcome MSE: W^2; probabilities/coverage: fraction; sample counts: explicit rows/PA/games,Take_adjudicated,Swing_offer_including_bunts,0-0,BOUNDARY,FB,fixed_score_sensitivity,,,,
cell,0-0|BOUNDARY|FB,trim_010,58876.0,0.9966482716592748,0.2842411100045861,0.2947361115718201,0.0104950015672339,True,,,,bcap_swing__mlb_2024_2025__20260909__r01,BCAP-SWING-v0.1.0,swing,2024_2025,COMPLETE,outer_game_nested_procedure_OPE,season-weighted final PA W per selected current decision; no summed PA policy gain,Q/value/delta/gain: raw W; outcome MSE: W^2; probabilities/coverage: fraction; sample counts: explicit rows/PA/games,Take_adjudicated,Swing_offer_including_bunts,0-0,BOUNDARY,FB,fixed_score_sensitivity,,,,
cell,0-0|BOUNDARY|FB,clip_010_same_target,58896.0,0.99698683007753,0.2841880072243836,0.294673170587619,0.0104851633632354,False,,,,bcap_swing__mlb_2024_2025__20260909__r01,BCAP-SWING-v0.1.0,swing,2024_2025,COMPLETE,outer_game_nested_procedure_OPE,season-weighted final PA W per selected current decision; no summed PA policy gain,Q/value/delta/gain: raw W; outcome MSE: W^2; probabilities/coverage: fraction; sample counts: explicit rows/PA/games,Take_adjudicated,Swing_offer_including_bunts,0-0,BOUNDARY,FB,fixed_score_sensitivity,,,,
cell,0-0|BOUNDARY|FB,first_count_visit,58896.0,0.99698683007753,0.2841881838884112,0.2946695113600594,0.0104813274716482,True,,,,bcap_swing__mlb_2024_2025__20260909__r01,BCAP-SWING-v0.1.0,swing,2024_2025,COMPLETE,outer_game_nested_procedure_OPE,season-weighted final PA W per selected current decision; no summed PA policy gain,Q/value/delta/gain: raw W; outcome MSE: W^2; probabilities/coverage: fraction; sample counts: explicit rows/PA/games,Take_adjudicated,Swing_offer_including_bunts,0-0,BOUNDARY,FB,fixed_score_sensitivity,,,,
cell,0-0|BOUNDARY|FB,fixed_score_cluster_pitcher,58896.0,,,,0.0104813274716482,False,-0.0089508076608571,0.0299134626041535,995.0,bcap_swing__mlb_2024_2025__20260909__r01,BCAP-SWING-v0.1.0,swing,2024_2025,COMPLETE,outer_game_nested_procedure_OPE,season-weighted final PA W per selected current decision; no summed PA policy gain,Q/value/delta/gain: raw W; outcome MSE: W^2; probabilities/coverage: fraction; sample counts: explicit rows/PA/games,Take_adjudicated,Swing_offer_including_bunts,0-0,BOUNDARY,FB,fixed_score_sensitivity,,,,
cell,0-0|BOUNDARY|FB,fixed_score_cluster_batter,58896.0,,,,0.0104813274716482,False,-0.0088329227349703,0.0297955776782668,707.0,bcap_swing__mlb_2024_2025__20260909__r01,BCAP-SWING-v0.1.0,swing,2024_2025,COMPLETE,outer_game_nested_procedure_OPE,season-weighted final PA W per selected current decision; no summed PA policy gain,Q/value/delta/gain: raw W; outcome MSE: W^2; probabilities/coverage: fraction; sample counts: explicit rows/PA/games,Take_adjudicated,Swing_offer_including_bunts,0-0,BOUNDARY,FB,fixed_score_sensitivity,,,,
cell,0-0|BOUNDARY|NFB,untrimmed,34891.0,0.9999140253338684,0.2860739245762683,0.279218712554711,-0.0068552120215573,True,,,,bcap_swing__mlb_2024_2025__20260909__r01,BCAP-SWING-v0.1.0,swing,2024_2025,COMPLETE,outer_game_nested_procedure_OPE,season-weighted final PA W per selected current decision; no summed PA policy gain,Q/value/delta/gain: raw W; outcome MSE: W^2; probabilities/coverage: fraction; sample counts: explicit rows/PA/games,Take_adjudicated,Swing_offer_including_bunts,0-0,BOUNDARY,NFB,fixed_score_sensitivity,,,,
cell,0-0|BOUNDARY|NFB,trim_002,34797.0,0.9972201524617412,0.286424972395277,0.2791160042120036,-0.0073089681832733,True,,,,bcap_swing__mlb_2024_2025__20260909__r01,BCAP-SWING-v0.1.0,swing,2024_2025,COMPLETE,outer_game_nested_procedure_OPE,season-weighted final PA W per selected current decision; no summed PA policy gain,Q/value/delta/gain: raw W; outcome MSE: W^2; probabilities/coverage: fraction; sample counts: explicit rows/PA/games,Take_adjudicated,Swing_offer_including_bunts,0-0,BOUNDARY,NFB,fixed_score_sensitivity,,,,
cell,0-0|BOUNDARY|NFB,trim_005,34797.0,0.9972201524617412,0.286424972395277,0.2791160042120036,-0.0073089681832733,False,,,,bcap_swing__mlb_2024_2025__20260909__r01,BCAP-SWING-v0.1.0,swing,2024_2025,COMPLETE,outer_game_nested_procedure_OPE,season-weighted final PA W per selected current decision; no summed PA policy gain,Q/value/delta/gain: raw W; outcome MSE: W^2; probabilities/coverage: fraction; sample counts: explicit rows/PA/games,Take_adjudicated,Swing_offer_including_bunts,0-0,BOUNDARY,NFB,fixed_score_sensitivity,,,,
cell,0-0|BOUNDARY|NFB,trim_010,34778.0,0.996675646242907,0.2864568837546203,0.2791273743164135,-0.0073295094382067,True,,,,bcap_swing__mlb_2024_2025__20260909__r01,BCAP-SWING-v0.1.0,swing,2024_2025,COMPLETE,outer_game_nested_procedure_OPE,season-weighted final PA W per selected current decision; no summed PA policy gain,Q/value/delta/gain: raw W; outcome MSE: W^2; probabilities/coverage: fraction; sample counts: explicit rows/PA/games,Take_adjudicated,Swing_offer_including_bunts,0-0,BOUNDARY,NFB,fixed_score_sensitivity,,,,
cell,0-0|BOUNDARY|NFB,clip_010_same_target,34797.0,0.9972201524617412,0.2864247028400468,0.2791160042120036,-0.0073086986280431,False,,,,bcap_swing__mlb_2024_2025__20260909__r01,BCAP-SWING-v0.1.0,swing,2024_2025,COMPLETE,outer_game_nested_procedure_OPE,season-weighted final PA W per selected current decision; no summed PA policy gain,Q/value/delta/gain: raw W; outcome MSE: W^2; probabilities/coverage: fraction; sample counts: explicit rows/PA/games,Take_adjudicated,Swing_offer_including_bunts,0-0,BOUNDARY,NFB,fixed_score_sensitivity,,,,
cell,0-0|BOUNDARY|NFB,first_count_visit,34797.0,0.9972201524617412,0.286424972395277,0.2791160042120036,-0.0073089681832733,True,,,,bcap_swing__mlb_2024_2025__20260909__r01,BCAP-SWING-v0.1.0,swing,2024_2025,COMPLETE,outer_game_nested_procedure_OPE,season-weighted final PA W per selected current decision; no summed PA policy gain,Q/value/delta/gain: raw W; outcome MSE: W^2; probabilities/coverage: fraction; sample counts: explicit rows/PA/games,Take_adjudicated,Swing_offer_including_bunts,0-0,BOUNDARY,NFB,fixed_score_sensitivity,,,,
cell,0-0|BOUNDARY|NFB,fixed_score_cluster_pitcher,34797.0,,,,-0.0073089681832733,False,-0.0324686907299848,0.0178507543634381,1045.0,bcap_swing__mlb_2024_2025__20260909__r01,BCAP-SWING-v0.1.0,swing,2024_2025,COMPLETE,outer_game_nested_procedure_OPE,season-weighted final PA W per selected current decision; no summed PA policy gain,Q/value/delta/gain: raw W; outcome MSE: W^2; probabilities/coverage: fraction; sample counts: explicit rows/PA/games,Take_adjudicated,Swing_offer_including_bunts,0-0,BOUNDARY,NFB,fixed_score_sensitivity,,,,
cell,0-0|BOUNDARY|NFB,fixed_score_cluster_batter,34797.0,,,,-0.0073089681832733,False,-0.0333503583682889,0.0187324220017422,706.0,bcap_swing__mlb_2024_2025__20260909__r01,BCAP-SWING-v0.1.0,swing,2024_2025,COMPLETE,outer_game_nested_procedure_OPE,season-weighted final PA W per selected current decision; no summed PA policy gain,Q/value/delta/gain: raw W; outcome MSE: W^2; probabilities/coverage: fraction; sample counts: explicit rows/PA/games,Take_adjudicated,Swing_offer_including_bunts,0-0,BOUNDARY,NFB,fixed_score_sensitivity,,,,
cell,0-0|INNER|FB,untrimmed,75003.0,0.9999200095988482,0.2620144997015988,0.3230126582520263,0.0609981585504275,True,,,,bcap_swing__mlb_2024_2025__20260909__r01,BCAP-SWING-v0.1.0,swing,2024_2025,COMPLETE,outer_game_nested_procedure_OPE,season-weighted final PA W per selected current decision; no summed PA policy gain,Q/value/delta/gain: raw W; outcome MSE: W^2; probabilities/coverage: fraction; sample counts: explicit rows/PA/games,Take_adjudicated,Swing_offer_including_bunts,0-0,INNER,FB,fixed_score_sensitivity,,,,
cell,0-0|INNER|FB,trim_002,74756.0,0.9966270714180964,0.2625294301288937,0.323484146871996,0.0609547167431022,True,,,,bcap_swing__mlb_2024_2025__20260909__r01,BCAP-SWING-v0.1.0,swing,2024_2025,COMPLETE,outer_game_nested_procedure_OPE,season-weighted final PA W per selected current decision; no summed PA policy gain,Q/value/delta/gain: raw W; outcome MSE: W^2; probabilities/coverage: fraction; sample counts: explicit rows/PA/games,Take_adjudicated,Swing_offer_including_bunts,0-0,INNER,FB,fixed_score_sensitivity,,,,
cell,0-0|INNER|FB,trim_005,74756.0,0.9966270714180964,0.2625294301288937,0.323484146871996,0.0609547167431022,False,,,,bcap_swing__mlb_2024_2025__20260909__r01,BCAP-SWING-v0.1.0,swing,2024_2025,COMPLETE,outer_game_nested_procedure_OPE,season-weighted final PA W per selected current decision; no summed PA policy gain,Q/value/delta/gain: raw W; outcome MSE: W^2; probabilities/coverage: fraction; sample counts: explicit rows/PA/games,Take_adjudicated,Swing_offer_including_bunts,0-0,INNER,FB,fixed_score_sensitivity,,,,
cell,0-0|INNER|FB,trim_010,74756.0,0.9966270714180964,0.2625294301288937,0.323484146871996,0.0609547167431022,True,,,,bcap_swing__mlb_2024_2025__20260909__r01,BCAP-SWING-v0.1.0,swing,2024_2025,COMPLETE,outer_game_nested_procedure_OPE,season-weighted final PA W per selected current decision; no summed PA policy gain,Q/value/delta/gain: raw W; outcome MSE: W^2; probabilities/coverage: fraction; sample counts: explicit rows/PA/games,Take_adjudicated,Swing_offer_including_bunts,0-0,INNER,FB,fixed_score_sensitivity,,,,
cell,0-0|INNER|FB,clip_010_same_target,74756.0,0.9966270714180964,0.2625294301288937,0.323484146871996,0.0609547167431022,False,,,,bcap_swing__mlb_2024_2025__20260909__r01,BCAP-SWING-v0.1.0,swing,2024_2025,COMPLETE,outer_game_nested_procedure_OPE,season-weighted final PA W per selected current decision; no summed PA policy gain,Q/value/delta/gain: raw W; outcome MSE: W^2; probabilities/coverage: fraction; sample counts: explicit rows/PA/games,Take_adjudicated,Swing_offer_including_bunts,0-0,INNER,FB,fixed_score_sensitivity,,,,
cell,0-0|INNER|FB,first_count_visit,74756.0,0.9966270714180964,0.2625294301288937,0.323484146871996,0.0609547167431022,True,,,,bcap_swing__mlb_2024_2025__20260909__r01,BCAP-SWING-v0.1.0,swing,2024_2025,COMPLETE,outer_game_nested_procedure_OPE,season-weighted final PA W per selected current decision; no summed PA policy gain,Q/value/delta/gain: raw W; outcome MSE: W^2; probabilities/coverage: fraction; sample counts: explicit rows/PA/games,Take_adjudicated,Swing_offer_including_bunts,0-0,INNER,FB,fixed_score_sensitivity,,,,
cell,0-0|INNER|FB,fixed_score_cluster_pitcher,74756.0,,,,0.0609547167431022,False,0.044825328221675,0.0770841052645295,1004.0,bcap_swing__mlb_2024_2025__20260909__r01,BCAP-SWING-v0.1.0,swing,2024_2025,COMPLETE,outer_game_nested_procedure_OPE,season-weighted final PA W per selected current decision; no summed PA policy gain,Q/value/delta/gain: raw W; outcome MSE: W^2; probabilities/coverage: fraction; sample counts: explicit rows/PA/games,Take_adjudicated,Swing_offer_including_bunts,0-0,INNER,FB,fixed_score_sensitivity,,,,
cell,0-0|INNER|FB,fixed_score_cluster_batter,74756.0,,,,0.0609547167431022,False,0.0449834321281876,0.0769260013580169,708.0,bcap_swing__mlb_2024_2025__20260909__r01,BCAP-SWING-v0.1.0,swing,2024_2025,COMPLETE,outer_game_nested_procedure_OPE,season-weighted final PA W per selected current decision; no summed PA policy gain,Q/value/delta/gain: raw W; outcome MSE: W^2; probabilities/coverage: fraction; sample counts: explicit rows/PA/games,Take_adjudicated,Swing_offer_including_bunts,0-0,INNER,FB,fixed_score_sensitivity,,,,
cell,0-0|INNER|NFB,untrimmed,40980.0,0.999878004147859,0.2667740824275729,0.3372661944482057,0.0704921120206328,True,,,,bcap_swing__mlb_2024_2025__20260909__r01,BCAP-SWING-v0.1.0,swing,2024_2025,COMPLETE,outer_game_nested_procedure_OPE,season-weighted final PA W per selected current decision; no summed PA policy gain,Q/value/delta/gain: raw W; outcome MSE: W^2; probabilities/coverage: fraction; sample counts: explicit rows/PA/games,Take_adjudicated,Swing_offer_including_bunts,0-0,INNER,NFB,fixed_score_sensitivity,,,,
cell,0-0|INNER|NFB,trim_002,40845.0,0.9965841161400512,0.2668073233133029,0.3377550276685101,0.0709477043552072,True,,,,bcap_swing__mlb_2024_2025__20260909__r01,BCAP-SWING-v0.1.0,swing,2024_2025,COMPLETE,outer_game_nested_procedure_OPE,season-weighted final PA W per selected current decision; no summed PA policy gain,Q/value/delta/gain: raw W; outcome MSE: W^2; probabilities/coverage: fraction; sample counts: explicit rows/PA/games,Take_adjudicated,Swing_offer_including_bunts,0-0,INNER,NFB,fixed_score_sensitivity,,,,
cell,0-0|INNER|NFB,trim_005,40845.0,0.9965841161400512,0.2668073233133029,0.3377550276685101,0.0709477043552072,False,,,,bcap_swing__mlb_2024_2025__20260909__r01,BCAP-SWING-v0.1.0,swing,2024_2025,COMPLETE,outer_game_nested_procedure_OPE,season-weighted final PA W per selected current decision; no summed PA policy gain,Q/value/delta/gain: raw W; outcome MSE: W^2; probabilities/coverage: fraction; sample counts: explicit rows/PA/games,Take_adjudicated,Swing_offer_including_bunts,0-0,INNER,NFB,fixed_score_sensitivity,,,,
cell,0-0|INNER|NFB,trim_010,40845.0,0.9965841161400512,0.2668073233133029,0.3377550276685101,0.0709477043552072,True,,,,bcap_swing__mlb_2024_2025__20260909__r01,BCAP-SWING-v0.1.0,swing,2024_2025,COMPLETE,outer_game_nested_procedure_OPE,season-weighted final PA W per selected current decision; no summed PA policy gain,Q/value/delta/gain: raw W; outcome MSE: W^2; probabilities/coverage: fraction; sample counts: explicit rows/PA/games,Take_adjudicated,Swing_offer_including_bunts,0-0,INNER,NFB,fixed_score_sensitivity,,,,
cell,0-0|INNER|NFB,clip_010_same_target,40845.0,0.9965841161400512,0.2668073233133029,0.3377550276685101,0.0709477043552072,False,,,,bcap_swing__mlb_2024_2025__20260909__r01,BCAP-SWING-v0.1.0,swing,2024_2025,COMPLETE,outer_game_nested_procedure_OPE,season-weighted final PA W per selected current decision; no summed PA policy gain,Q/value/delta/gain: raw W; outcome MSE: W^2; probabilities/coverage: fraction; sample counts: explicit rows/PA/games,Take_adjudicated,Swing_offer_including_bunts,0-0,INNER,NFB,fixed_score_sensitivity,,,,
cell,0-0|INNER|NFB,first_count_visit,40845.0,0.9965841161400512,0.2668073233133029,0.3377550276685101,0.0709477043552072,True,,,,bcap_swing__mlb_2024_2025__20260909__r01,BCAP-SWING-v0.1.0,swing,2024_2025,COMPLETE,outer_game_nested_procedure_OPE,season-weighted final PA W per selected current decision; no summed PA policy gain,Q/value/delta/gain: raw W; outcome MSE: W^2; probabilities/coverage: fraction; sample counts: explicit rows/PA/games,Take_adjudicated,Swing_offer_including_bunts,0-0,INNER,NFB,fixed_score_sensitivity,,,,
cell,0-0|INNER|NFB,fixed_score_cluster_pitcher,40845.0,,,,0.0709477043552072,False,0.0483753240266106,0.0935200846838038,1050.0,bcap_swing__mlb_2024_2025__20260909__r01,BCAP-SWING-v0.1.0,swing,2024_2025,COMPLETE,outer_game_nested_procedure_OPE,season-weighted final PA W per selected current decision; no summed PA policy gain,Q/value/delta/gain: raw W; outcome MSE: W^2; probabilities/coverage: fraction; sample counts: explicit rows/PA/games,Take_adjudicated,Swing_offer_including_bunts,0-0,INNER,NFB,fixed_score_sensitivity,,,,
cell,0-0|INNER|NFB,fixed_score_cluster_batter,40845.0,,,,0.0709477043552072,False,0.0482773705907905,0.0936180381196238,705.0,bcap_swing__mlb_2024_2025__20260909__r01,BCAP-SWING-v0.1.0,swing,2024_2025,COMPLETE,outer_game_nested_procedure_OPE,season-weighted final PA W per selected current decision; no summed PA policy gain,Q/value/delta/gain: raw W; outcome MSE: W^2; probabilities/coverage: fraction; sample counts: explicit rows/PA/games,Take_adjudicated,Swing_offer_including_bunts,0-0,INNER,NFB,fixed_score_sensitivity,,,,
cell,0-0|OUT|FB,untrimmed,86410.0,0.9998495770801754,0.3453089232705163,0.2479803517919138,-0.0973285714786024,True,,,,bcap_swing__mlb_2024_2025__20260909__r01,BCAP-SWING-v0.1.0,swing,2024_2025,COMPLETE,outer_game_nested_procedure_OPE,season-weighted final PA W per selected current decision; no summed PA policy gain,Q/value/delta/gain: raw W; outcome MSE: W^2; probabilities/coverage: fraction; sample counts: explicit rows/PA/games,Take_adjudicated,Swing_offer_including_bunts,0-0,OUT,FB,fixed_score_sensitivity,,,,
cell,0-0|OUT|FB,trim_002,83587.0,0.9671846614905756,0.3445021343053103,0.2488558912789442,-0.095646243026366,True,,,,bcap_swing__mlb_2024_2025__20260909__r01,BCAP-SWING-v0.1.0,swing,2024_2025,COMPLETE,outer_game_nested_procedure_OPE,season-weighted final PA W per selected current decision; no summed PA policy gain,Q/value/delta/gain: raw W; outcome MSE: W^2; probabilities/coverage: fraction; sample counts: explicit rows/PA/games,Take_adjudicated,Swing_offer_including_bunts,0-0,OUT,FB,fixed_score_sensitivity,,,,
cell,0-0|OUT|FB,trim_005,73458.0,0.8499820649595594,0.3418029721543508,0.2503979133852442,-0.0914050587691066,False,,,,bcap_swing__mlb_2024_2025__20260909__r01,BCAP-SWING-v0.1.0,swing,2024_2025,COMPLETE,outer_game_nested_procedure_OPE,season-weighted final PA W per selected current decision; no summed PA policy gain,Q/value/delta/gain: raw W; outcome MSE: W^2; probabilities/coverage: fraction; sample counts: explicit rows/PA/games,Take_adjudicated,Swing_offer_including_bunts,0-0,OUT,FB,fixed_score_sensitivity,,,,
cell,0-0|OUT|FB,trim_010,53219.0,0.6157967207803479,0.3382877420455195,0.2552867912384842,-0.0830009508070353,True,,,,bcap_swing__mlb_2024_2025__20260909__r01,BCAP-SWING-v0.1.0,swing,2024_2025,COMPLETE,outer_game_nested_procedure_OPE,season-weighted final PA W per selected current decision; no summed PA policy gain,Q/value/delta/gain: raw W; outcome MSE: W^2; probabilities/coverage: fraction; sample counts: explicit rows/PA/games,Take_adjudicated,Swing_offer_including_bunts,0-0,OUT,FB,fixed_score_sensitivity,,,,
cell,0-0|OUT|FB,clip_010_same_target,73458.0,0.8499820649595594,0.3417648075009071,0.249992077570557,-0.0917727299303501,False,,,,bcap_swing__mlb_2024_2025__20260909__r01,BCAP-SWING-v0.1.0,swing,2024_2025,COMPLETE,outer_game_nested_procedure_OPE,season-weighted final PA W per selected current decision; no summed PA policy gain,Q/value/delta/gain: raw W; outcome MSE: W^2; probabilities/coverage: fraction; sample counts: explicit rows/PA/games,Take_adjudicated,Swing_offer_including_bunts,0-0,OUT,FB,fixed_score_sensitivity,,,,
cell,0-0|OUT|FB,first_count_visit,73458.0,0.8499820649595594,0.3418029721543508,0.2503979133852442,-0.0914050587691066,True,,,,bcap_swing__mlb_2024_2025__20260909__r01,BCAP-SWING-v0.1.0,swing,2024_2025,COMPLETE,outer_game_nested_procedure_OPE,season-weighted final PA W per selected current decision; no summed PA policy gain,Q/value/delta/gain: raw W; outcome MSE: W^2; probabilities/coverage: fraction; sample counts: explicit rows/PA/games,Take_adjudicated,Swing_offer_including_bunts,0-0,OUT,FB,fixed_score_sensitivity,,,,
cell,0-0|OUT|FB,fixed_score_cluster_pitcher,73458.0,,,,-0.0914050587691066,False,-0.1139731560404568,-0.0688369614977564,1003.0,bcap_swing__mlb_2024_2025__20260909__r01,BCAP-SWING-v0.1.0,swing,2024_2025,COMPLETE,outer_game_nested_procedure_OPE,season-weighted final PA W per selected current decision; no summed PA policy gain,Q/value/delta/gain: raw W; outcome MSE: W^2; probabilities/coverage: fraction; sample counts: explicit rows/PA/games,Take_adjudicated,Swing_offer_including_bunts,0-0,OUT,FB,fixed_score_sensitivity,,,,
cell,0-0|OUT|FB,fixed_score_cluster_batter,73458.0,,,,-0.0914050587691066,False,-0.1123079503013336,-0.0705021672368796,710.0,bcap_swing__mlb_2024_2025__20260909__r01,BCAP-SWING-v0.1.0,swing,2024_2025,COMPLETE,outer_game_nested_procedure_OPE,season-weighted final PA W per selected current decision; no summed PA policy gain,Q/value/delta/gain: raw W; outcome MSE: W^2; probabilities/coverage: fraction; sample counts: explicit rows/PA/games,Take_adjudicated,Swing_offer_including_bunts,0-0,OUT,FB,fixed_score_sensitivity,,,,
cell,0-0|OUT|NFB,untrimmed,67076.0,0.9999105572284668,0.3493744921461832,0.2752666743773003,-0.0741078177688829,True,,,,bcap_swing__mlb_2024_2025__20260909__r01,BCAP-SWING-v0.1.0,swing,2024_2025,COMPLETE,outer_game_nested_procedure_OPE,season-weighted final PA W per selected current decision; no summed PA policy gain,Q/value/delta/gain: raw W; outcome MSE: W^2; probabilities/coverage: fraction; sample counts: explicit rows/PA/games,Take_adjudicated,Swing_offer_including_bunts,0-0,OUT,NFB,fixed_score_sensitivity,,,,
cell,0-0|OUT|NFB,trim_002,64312.0,0.9587072538087712,0.3490381637436318,0.2690911308256522,-0.0799470329179796,True,,,,bcap_swing__mlb_2024_2025__20260909__r01,BCAP-SWING-v0.1.0,swing,2024_2025,COMPLETE,outer_game_nested_procedure_OPE,season-weighted final PA W per selected current decision; no summed PA policy gain,Q/value/delta/gain: raw W; outcome MSE: W^2; probabilities/coverage: fraction; sample counts: explicit rows/PA/games,Take_adjudicated,Swing_offer_including_bunts,0-0,OUT,NFB,fixed_score_sensitivity,,,,
cell,0-0|OUT|NFB,trim_005,58461.0,0.8714856444351688,0.3467753905876855,0.2727312127467232,-0.0740441778409623,False,,,,bcap_swing__mlb_2024_2025__20260909__r01,BCAP-SWING-v0.1.0,swing,2024_2025,COMPLETE,outer_game_nested_procedure_OPE,season-weighted final PA W per selected current decision; no summed PA policy gain,Q/value/delta/gain: raw W; outcome MSE: W^2; probabilities/coverage: fraction; sample counts: explicit rows/PA/games,Take_adjudicated,Swing_offer_including_bunts,0-0,OUT,NFB,fixed_score_sensitivity,,,,
cell,0-0|OUT|NFB,trim_010,46263.0,0.689648489907874,0.3444083766761898,0.2785316017743577,-0.0658767749018321,True,,,,bcap_swing__mlb_2024_2025__20260909__r01,BCAP-SWING-v0.1.0,swing,2024_2025,COMPLETE,outer_game_nested_procedure_OPE,season-weighted final PA W per selected current decision; no summed PA policy gain,Q/value/delta/gain: raw W; outcome MSE: W^2; probabilities/coverage: fraction; sample counts: explicit rows/PA/games,Take_adjudicated,Swing_offer_including_bunts,0-0,OUT,NFB,fixed_score_sensitivity,,,,
cell,0-0|OUT|NFB,clip_010_same_target,58461.0,0.8714856444351688,0.3467529417113949,0.2726441664322153,-0.0741087752791796,False,,,,bcap_swing__mlb_2024_2025__20260909__r01,BCAP-SWING-v0.1.0,swing,2024_2025,COMPLETE,outer_game_nested_procedure_OPE,season-weighted final PA W per selected current decision; no summed PA policy gain,Q/value/delta/gain: raw W; outcome MSE: W^2; probabilities/coverage: fraction; sample counts: explicit rows/PA/games,Take_adjudicated,Swing_offer_including_bunts,0-0,OUT,NFB,fixed_score_sensitivity,,,,
cell,0-0|OUT|NFB,first_count_visit,58461.0,0.8714856444351688,0.3467753905876855,0.2727312127467232,-0.0740441778409623,True,,,,bcap_swing__mlb_2024_2025__20260909__r01,BCAP-SWING-v0.1.0,swing,2024_2025,COMPLETE,outer_game_nested_procedure_OPE,season-weighted final PA W per selected current decision; no summed PA policy gain,Q/value/delta/gain: raw W; outcome MSE: W^2; probabilities/coverage: fraction; sample counts: explicit rows/PA/games,Take_adjudicated,Swing_offer_including_bunts,0-0,OUT,NFB,fixed_score_sensitivity,,,,
cell,0-0|OUT|NFB,fixed_score_cluster_pitcher,58461.0,,,,-0.0740441778409623,False,-0.0990147730863114,-0.0490735825956133,1087.0,bcap_swing__mlb_2024_2025__20260909__r01,BCAP-SWING-v0.1.0,swing,2024_2025,COMPLETE,outer_game_nested_procedure_OPE,season-weighted final PA W per selected current decision; no summed PA policy gain,Q/value/delta/gain: raw W; outcome MSE: W^2; probabilities/coverage: fraction; sample counts: explicit rows/PA/games,Take_adjudicated,Swing_offer_including_bunts,0-0,OUT,NFB,fixed_score_sensitivity,,,,
cell,0-0|OUT|NFB,fixed_score_cluster_batter,58461.0,,,,-0.0740441778409623,False,-0.0993950965070683,-0.0486932591748563,710.0,bcap_swing__mlb_2024_2025__20260909__r01,BCAP-SWING-v0.1.0,swing,2024_2025,COMPLETE,outer_game_nested_procedure_OPE,season-weighted final PA W per selected current decision; no summed PA policy gain,Q/value/delta/gain: raw W; outcome MSE: W^2; probabilities/coverage: fraction; sample counts: explicit rows/PA/games,Take_adjudicated,Swing_offer_including_bunts,0-0,OUT,NFB,fixed_score_sensitivity,,,,
cell,0-1|BOUNDARY|FB,untrimmed,24089.0,1.0,0.2440449887781781,0.2399537185076151,-0.0040912702705628,True,,,,bcap_swing__mlb_2024_2025__20260909__r01,BCAP-SWING-v0.1.0,swing,2024_2025,COMPLETE,outer_game_nested_procedure_OPE,season-weighted final PA W per selected current decision; no summed PA policy gain,Q/value/delta/gain: raw W; outcome MSE: W^2; probabilities/coverage: fraction; sample counts: explicit rows/PA/games,Take_adjudicated,Swing_offer_including_bunts,0-1,BOUNDARY,FB,fixed_score_sensitivity,,,,
cell,0-1|BOUNDARY|FB,trim_002,24014.0,0.9968865457262652,0.2443986849351256,0.2401710247516938,-0.0042276601834317,True,,,,bcap_swing__mlb_2024_2025__20260909__r01,BCAP-SWING-v0.1.0,swing,2024_2025,COMPLETE,outer_game_nested_procedure_OPE,season-weighted final PA W per selected current decision; no summed PA policy gain,Q/value/delta/gain: raw W; outcome MSE: W^2; probabilities/coverage: fraction; sample counts: explicit rows/PA/games,Take_adjudicated,Swing_offer_including_bunts,0-1,BOUNDARY,FB,fixed_score_sensitivity,,,,
cell,0-1|BOUNDARY|FB,trim_005,24014.0,0.9968865457262652,0.2443986849351256,0.2401710247516938,-0.0042276601834317,False,,,,bcap_swing__mlb_2024_2025__20260909__r01,BCAP-SWING-v0.1.0,swing,2024_2025,COMPLETE,outer_game_nested_procedure_OPE,season-weighted final PA W per selected current decision; no summed PA policy gain,Q/value/delta/gain: raw W; outcome MSE: W^2; probabilities/coverage: fraction; sample counts: explicit rows/PA/games,Take_adjudicated,Swing_offer_including_bunts,0-1,BOUNDARY,FB,fixed_score_sensitivity,,,,
cell,0-1|BOUNDARY|FB,trim_010,24008.0,0.9966374693843664,0.2446072887081127,0.2402135710467881,-0.0043937176613246,True,,,,bcap_swing__mlb_2024_2025__20260909__r01,BCAP-SWING-v0.1.0,swing,2024_2025,COMPLETE,outer_game_nested_procedure_OPE,season-weighted final PA W per selected current decision; no summed PA policy gain,Q/value/delta/gain: raw W; outcome MSE: W^2; probabilities/coverage: fraction; sample counts: explicit rows/PA/games,Take_adjudicated,Swing_offer_including_bunts,0-1,BOUNDARY,FB,fixed_score_sensitivity,,,,
cell,0-1|BOUNDARY|FB,clip_010_same_target,24014.0,0.9968865457262652,0.2444199493939703,0.240170400494959,-0.0042495488990112,False,,,,bcap_swing__mlb_2024_2025__20260909__r01,BCAP-SWING-v0.1.0,swing,2024_2025,COMPLETE,outer_game_nested_procedure_OPE,season-weighted final PA W per selected current decision; no summed PA policy gain,Q/value/delta/gain: raw W; outcome MSE: W^2; probabilities/coverage: fraction; sample counts: explicit rows/PA/games,Take_adjudicated,Swing_offer_including_bunts,0-1,BOUNDARY,FB,fixed_score_sensitivity,,,,
cell,0-1|BOUNDARY|FB,first_count_visit,24014.0,0.9968865457262652,0.2443986849351256,0.2401710247516938,-0.0042276601834317,True,,,,bcap_swing__mlb_2024_2025__20260909__r01,BCAP-SWING-v0.1.0,swing,2024_2025,COMPLETE,outer_game_nested_procedure_OPE,season-weighted final PA W per selected current decision; no summed PA policy gain,Q/value/delta/gain: raw W; outcome MSE: W^2; probabilities/coverage: fraction; sample counts: explicit rows/PA/games,Take_adjudicated,Swing_offer_including_bunts,0-1,BOUNDARY,FB,fixed_score_sensitivity,,,,
cell,0-1|BOUNDARY|FB,fixed_score_cluster_pitcher,24014.0,,,,-0.0042276601834317,False,-0.0318890132998903,0.0234336929330268,956.0,bcap_swing__mlb_2024_2025__20260909__r01,BCAP-SWING-v0.1.0,swing,2024_2025,COMPLETE,outer_game_nested_procedure_OPE,season-weighted final PA W per selected current decision; no summed PA policy gain,Q/value/delta/gain: raw W; outcome MSE: W^2; probabilities/coverage: fraction; sample counts: explicit rows/PA/games,Take_adjudicated,Swing_offer_including_bunts,0-1,BOUNDARY,FB,fixed_score_sensitivity,,,,
cell,0-1|BOUNDARY|FB,fixed_score_cluster_batter,24014.0,,,,-0.0042276601834317,False,-0.0311624201022145,0.022707099735351,702.0,bcap_swing__mlb_2024_2025__20260909__r01,BCAP-SWING-v0.1.0,swing,2024_2025,COMPLETE,outer_game_nested_procedure_OPE,season-weighted final PA W per selected current decision; no summed PA policy gain,Q/value/delta/gain: raw W; outcome MSE: W^2; probabilities/coverage: fraction; sample counts: explicit rows/PA/games,Take_adjudicated,Swing_offer_including_bunts,0-1,BOUNDARY,FB,fixed_score_sensitivity,,,,
cell,0-1|BOUNDARY|NFB,untrimmed,19709.0,1.0,0.2331857632717582,0.2441043668479641,0.0109186035762059,True,,,,bcap_swing__mlb_2024_2025__20260909__r01,BCAP-SWING-v0.1.0,swing,2024_2025,COMPLETE,outer_game_nested_procedure_OPE,season-weighted final PA W per selected current decision; no summed PA policy gain,Q/value/delta/gain: raw W; outcome MSE: W^2; probabilities/coverage: fraction; sample counts: explicit rows/PA/games,Take_adjudicated,Swing_offer_including_bunts,0-1,BOUNDARY,NFB,fixed_score_sensitivity,,,,
cell,0-1|BOUNDARY|NFB,trim_002,19650.0,0.9970064437566594,0.234089792589863,0.2444404235561858,0.0103506309663228,True,,,,bcap_swing__mlb_2024_2025__20260909__r01,BCAP-SWING-v0.1.0,swing,2024_2025,COMPLETE,outer_game_nested_procedure_OPE,season-weighted final PA W per selected current decision; no summed PA policy gain,Q/value/delta/gain: raw W; outcome MSE: W^2; probabilities/coverage: fraction; sample counts: explicit rows/PA/games,Take_adjudicated,Swing_offer_including_bunts,0-1,BOUNDARY,NFB,fixed_score_sensitivity,,,,
cell,0-1|BOUNDARY|NFB,trim_005,19650.0,0.9970064437566594,0.234089792589863,0.2444404235561858,0.0103506309663228,False,,,,bcap_swing__mlb_2024_2025__20260909__r01,BCAP-SWING-v0.1.0,swing,2024_2025,COMPLETE,outer_game_nested_procedure_OPE,season-weighted final PA W per selected current decision; no summed PA policy gain,Q/value/delta/gain: raw W; outcome MSE: W^2; probabilities/coverage: fraction; sample counts: explicit rows/PA/games,Take_adjudicated,Swing_offer_including_bunts,0-1,BOUNDARY,NFB,fixed_score_sensitivity,,,,
cell,0-1|BOUNDARY|NFB,trim_010,19581.0,0.9935055050991932,0.2335243854800744,0.244095127028585,0.0105707415485104,True,,,,bcap_swing__mlb_2024_2025__20260909__r01,BCAP-SWING-v0.1.0,swing,2024_2025,COMPLETE,outer_game_nested_procedure_OPE,season-weighted final PA W per selected current decision; no summed PA policy gain,Q/value/delta/gain: raw W; outcome MSE: W^2; probabilities/coverage: fraction; sample counts: explicit rows/PA/games,Take_adjudicated,Swing_offer_including_bunts,0-1,BOUNDARY,NFB,fixed_score_sensitivity,,,,
cell,0-1|BOUNDARY|NFB,clip_010_same_target,19650.0,0.9970064437566594,0.2340787391337883,0.244446154483832,0.0103674153500436,False,,,,bcap_swing__mlb_2024_2025__20260909__r01,BCAP-SWING-v0.1.0,swing,2024_2025,COMPLETE,outer_game_nested_procedure_OPE,season-weighted final PA W per selected current decision; no summed PA policy gain,Q/value/delta/gain: raw W; outcome MSE: W^2; probabilities/coverage: fraction; sample counts: explicit rows/PA/games,Take_adjudicated,Swing_offer_including_bunts,0-1,BOUNDARY,NFB,fixed_score_sensitivity,,,,
cell,0-1|BOUNDARY|NFB,first_count_visit,19650.0,0.9970064437566594,0.234089792589863,0.2444404235561858,0.0103506309663228,True,,,,bcap_swing__mlb_2024_2025__20260909__r01,BCAP-SWING-v0.1.0,swing,2024_2025,COMPLETE,outer_game_nested_procedure_OPE,season-weighted final PA W per selected current decision; no summed PA policy gain,Q/value/delta/gain: raw W; outcome MSE: W^2; probabilities/coverage: fraction; sample counts: explicit rows/PA/games,Take_adjudicated,Swing_offer_including_bunts,0-1,BOUNDARY,NFB,fixed_score_sensitivity,,,,
cell,0-1|BOUNDARY|NFB,fixed_score_cluster_pitcher,19650.0,,,,0.0103506309663228,False,-0.0236917603832181,0.0443930223158638,985.0,bcap_swing__mlb_2024_2025__20260909__r01,BCAP-SWING-v0.1.0,swing,2024_2025,COMPLETE,outer_game_nested_procedure_OPE,season-weighted final PA W per selected current decision; no summed PA policy gain,Q/value/delta/gain: raw W; outcome MSE: W^2; probabilities/coverage: fraction; sample counts: explicit rows/PA/games,Take_adjudicated,Swing_offer_including_bunts,0-1,BOUNDARY,NFB,fixed_score_sensitivity,,,,
cell,0-1|BOUNDARY|NFB,fixed_score_cluster_batter,19650.0,,,,0.0103506309663228,False,-0.0221657137329657,0.0428669756656113,702.0,bcap_swing__mlb_2024_2025__20260909__r01,BCAP-SWING-v0.1.0,swing,2024_2025,COMPLETE,outer_game_nested_procedure_OPE,season-weighted final PA W per selected current decision; no summed PA policy gain,Q/value/delta/gain: raw W; outcome MSE: W^2; probabilities/coverage: fraction; sample counts: explicit rows/PA/games,Take_adjudicated,Swing_offer_including_bunts,0-1,BOUNDARY,NFB,fixed_score_sensitivity,,,,
cell,0-1|INNER|FB,untrimmed,26921.0,0.9998885752488488,0.1977589069766147,0.2751107911705381,0.0773518841939234,True,,,,bcap_swing__mlb_2024_2025__20260909__r01,BCAP-SWING-v0.1.0,swing,2024_2025,COMPLETE,outer_game_nested_procedure_OPE,season-weighted final PA W per selected current decision; no summed PA policy gain,Q/value/delta/gain: raw W; outcome MSE: W^2; probabilities/coverage: fraction; sample counts: explicit rows/PA/games,Take_adjudicated,Swing_offer_including_bunts,0-1,INNER,FB,fixed_score_sensitivity,,,,
cell,0-1|INNER|FB,trim_002,26817.0,0.9960258505422672,0.1977943086657494,0.2755011641140943,0.0777068554483449,True,,,,bcap_swing__mlb_2024_2025__20260909__r01,BCAP-SWING-v0.1.0,swing,2024_2025,COMPLETE,outer_game_nested_procedure_OPE,season-weighted final PA W per selected current decision; no summed PA policy gain,Q/value/delta/gain: raw W; outcome MSE: W^2; probabilities/coverage: fraction; sample counts: explicit rows/PA/games,Take_adjudicated,Swing_offer_including_bunts,0-1,INNER,FB,fixed_score_sensitivity,,,,
cell,0-1|INNER|FB,trim_005,26778.0,0.9945773287772992,0.1977860457991285,0.2754714009748853,0.0776853551757569,False,,,,bcap_swing__mlb_2024_2025__20260909__r01,BCAP-SWING-v0.1.0,swing,2024_2025,COMPLETE,outer_game_nested_procedure_OPE,season-weighted final PA W per selected current decision; no summed PA policy gain,Q/value/delta/gain: raw W; outcome MSE: W^2; probabilities/coverage: fraction; sample counts: explicit rows/PA/games,Take_adjudicated,Swing_offer_including_bunts,0-1,INNER,FB,fixed_score_sensitivity,,,,
cell,0-1|INNER|FB,trim_010,23445.0,0.8707844302481058,0.1974599660203634,0.2739784175583149,0.0765184515379514,True,,,,bcap_swing__mlb_2024_2025__20260909__r01,BCAP-SWING-v0.1.0,swing,2024_2025,COMPLETE,outer_game_nested_procedure_OPE,season-weighted final PA W per selected current decision; no summed PA policy gain,Q/value/delta/gain: raw W; outcome MSE: W^2; probabilities/coverage: fraction; sample counts: explicit rows/PA/games,Take_adjudicated,Swing_offer_including_bunts,0-1,INNER,FB,fixed_score_sensitivity,,,,
cell,0-1|INNER|FB,clip_010_same_target,26778.0,0.9945773287772992,0.1979078795261026,0.2755069368930382,0.0775990573669356,False,,,,bcap_swing__mlb_2024_2025__20260909__r01,BCAP-SWING-v0.1.0,swing,2024_2025,COMPLETE,outer_game_nested_procedure_OPE,season-weighted final PA W per selected current decision; no summed PA policy gain,Q/value/delta/gain: raw W; outcome MSE: W^2; probabilities/coverage: fraction; sample counts: explicit rows/PA/games,Take_adjudicated,Swing_offer_including_bunts,0-1,INNER,FB,fixed_score_sensitivity,,,,
cell,0-1|INNER|FB,first_count_visit,26778.0,0.9945773287772992,0.1977860457991285,0.2754714009748853,0.0776853551757569,True,,,,bcap_swing__mlb_2024_2025__20260909__r01,BCAP-SWING-v0.1.0,swing,2024_2025,COMPLETE,outer_game_nested_procedure_OPE,season-weighted final PA W per selected current decision; no summed PA policy gain,Q/value/delta/gain: raw W; outcome MSE: W^2; probabilities/coverage: fraction; sample counts: explicit rows/PA/games,Take_adjudicated,Swing_offer_including_bunts,0-1,INNER,FB,fixed_score_sensitivity,,,,
cell,0-1|INNER|FB,fixed_score_cluster_pitcher,26778.0,,,,0.0776853551757569,False,0.0432553033933631,0.1121154069581506,966.0,bcap_swing__mlb_2024_2025__20260909__r01,BCAP-SWING-v0.1.0,swing,2024_2025,COMPLETE,outer_game_nested_procedure_OPE,season-weighted final PA W per selected current decision; no summed PA policy gain,Q/value/delta/gain: raw W; outcome MSE: W^2; probabilities/coverage: fraction; sample counts: explicit rows/PA/games,Take_adjudicated,Swing_offer_including_bunts,0-1,INNER,FB,fixed_score_sensitivity,,,,
cell,0-1|INNER|FB,fixed_score_cluster_batter,26778.0,,,,0.0776853551757569,False,0.0455776298982739,0.1097930804532398,701.0,bcap_swing__mlb_2024_2025__20260909__r01,BCAP-SWING-v0.1.0,swing,2024_2025,COMPLETE,outer_game_nested_procedure_OPE,season-weighted final PA W per selected current decision; no summed PA policy gain,Q/value/delta/gain: raw W; outcome MSE: W^2; probabilities/coverage: fraction; sample counts: explicit rows/PA/games,Take_adjudicated,Swing_offer_including_bunts,0-1,INNER,FB,fixed_score_sensitivity,,,,
cell,0-1|INNER|NFB,untrimmed,19262.0,0.9997404889188768,0.2077274357341743,0.2903280137906655,0.0826005780564911,True,,,,bcap_swing__mlb_2024_2025__20260909__r01,BCAP-SWING-v0.1.0,swing,2024_2025,COMPLETE,outer_game_nested_procedure_OPE,season-weighted final PA W per selected current decision; no summed PA policy gain,Q/value/delta/gain: raw W; outcome MSE: W^2; probabilities/coverage: fraction; sample counts: explicit rows/PA/games,Take_adjudicated,Swing_offer_including_bunts,0-1,INNER,NFB,fixed_score_sensitivity,,,,
cell,0-1|INNER|NFB,trim_002,19200.0,0.9965225515129496,0.208160066269532,0.2905456520333963,0.0823855857638642,True,,,,bcap_swing__mlb_2024_2025__20260909__r01,BCAP-SWING-v0.1.0,swing,2024_2025,COMPLETE,outer_game_nested_procedure_OPE,season-weighted final PA W per selected current decision; no summed PA policy gain,Q/value/delta/gain: raw W; outcome MSE: W^2; probabilities/coverage: fraction; sample counts: explicit rows/PA/games,Take_adjudicated,Swing_offer_including_bunts,0-1,INNER,NFB,fixed_score_sensitivity,,,,
cell,0-1|INNER|NFB,trim_005,19168.0,0.9948616805937612,0.2067766626712553,0.2905503595183241,0.0837736968470688,False,,,,bcap_swing__mlb_2024_2025__20260909__r01,BCAP-SWING-v0.1.0,swing,2024_2025,COMPLETE,outer_game_nested_procedure_OPE,season-weighted final PA W per selected current decision; no summed PA policy gain,Q/value/delta/gain: raw W; outcome MSE: W^2; probabilities/coverage: fraction; sample counts: explicit rows/PA/games,Take_adjudicated,Swing_offer_including_bunts,0-1,INNER,NFB,fixed_score_sensitivity,,,,
cell,0-1|INNER|NFB,trim_010,16981.0,0.8813515337104895,0.2091255785332135,0.2877822164177332,0.0786566378845197,True,,,,bcap_swing__mlb_2024_2025__20260909__r01,BCAP-SWING-v0.1.0,swing,2024_2025,COMPLETE,outer_game_nested_procedure_OPE,season-weighted final PA W per selected current decision; no summed PA policy gain,Q/value/delta/gain: raw W; outcome MSE: W^2; probabilities/coverage: fraction; sample counts: explicit rows/PA/games,Take_adjudicated,Swing_offer_including_bunts,0-1,INNER,NFB,fixed_score_sensitivity,,,,
cell,0-1|INNER|NFB,clip_010_same_target,19168.0,0.9948616805937612,0.2078748407180207,0.2905910444240022,0.0827162037059815,False,,,,bcap_swing__mlb_2024_2025__20260909__r01,BCAP-SWING-v0.1.0,swing,2024_2025,COMPLETE,outer_game_nested_procedure_OPE,season-weighted final PA W per selected current decision; no summed PA policy gain,Q/value/delta/gain: raw W; outcome MSE: W^2; probabilities/coverage: fraction; sample counts: explicit rows/PA/games,Take_adjudicated,Swing_offer_including_bunts,0-1,INNER,NFB,fixed_score_sensitivity,,,,
cell,0-1|INNER|NFB,first_count_visit,19168.0,0.9948616805937612,0.2067766626712553,0.2905503595183241,0.0837736968470688,True,,,,bcap_swing__mlb_2024_2025__20260909__r01,BCAP-SWING-v0.1.0,swing,2024_2025,COMPLETE,outer_game_nested_procedure_OPE,season-weighted final PA W per selected current decision; no summed PA policy gain,Q/value/delta/gain: raw W; outcome MSE: W^2; probabilities/coverage: fraction; sample counts: explicit rows/PA/games,Take_adjudicated,Swing_offer_including_bunts,0-1,INNER,NFB,fixed_score_sensitivity,,,,
cell,0-1|INNER|NFB,fixed_score_cluster_pitcher,19168.0,,,,0.0837736968470688,False,0.0402584412361407,0.1272889524579969,993.0,bcap_swing__mlb_2024_2025__20260909__r01,BCAP-SWING-v0.1.0,swing,2024_2025,COMPLETE,outer_game_nested_procedure_OPE,season-weighted final PA W per selected current decision; no summed PA policy gain,Q/value/delta/gain: raw W; outcome MSE: W^2; probabilities/coverage: fraction; sample counts: explicit rows/PA/games,Take_adjudicated,Swing_offer_including_bunts,0-1,INNER,NFB,fixed_score_sensitivity,,,,
cell,0-1|INNER|NFB,fixed_score_cluster_batter,19168.0,,,,0.0837736968470688,False,0.0419983172471257,0.1255490764470119,698.0,bcap_swing__mlb_2024_2025__20260909__r01,BCAP-SWING-v0.1.0,swing,2024_2025,COMPLETE,outer_game_nested_procedure_OPE,season-weighted final PA W per selected current decision; no summed PA policy gain,Q/value/delta/gain: raw W; outcome MSE: W^2; probabilities/coverage: fraction; sample counts: explicit rows/PA/games,Take_adjudicated,Swing_offer_including_bunts,0-1,INNER,NFB,fixed_score_sensitivity,,,,
cell,0-1|OUT|FB,untrimmed,42046.0,0.9998335433857276,0.2839116618001902,0.202716472869443,-0.0811951889307472,True,,,,bcap_swing__mlb_2024_2025__20260909__r01,BCAP-SWING-v0.1.0,swing,2024_2025,COMPLETE,outer_game_nested_procedure_OPE,season-weighted final PA W per selected current decision; no summed PA policy gain,Q/value/delta/gain: raw W; outcome MSE: W^2; probabilities/coverage: fraction; sample counts: explicit rows/PA/games,Take_adjudicated,Swing_offer_including_bunts,0-1,OUT,FB,fixed_score_sensitivity,,,,
cell,0-1|OUT|FB,trim_002,41422.0,0.9849951251991534,0.2833016647247812,0.2044763406820667,-0.0788253240427144,True,,,,bcap_swing__mlb_2024_2025__20260909__r01,BCAP-SWING-v0.1.0,swing,2024_2025,COMPLETE,outer_game_nested_procedure_OPE,season-weighted final PA W per selected current decision; no summed PA policy gain,Q/value/delta/gain: raw W; outcome MSE: W^2; probabilities/coverage: fraction; sample counts: explicit rows/PA/games,Take_adjudicated,Swing_offer_including_bunts,0-1,OUT,FB,fixed_score_sensitivity,,,,
cell,0-1|OUT|FB,trim_005,39488.0,0.9390055406273036,0.2821461279435445,0.2055344420543874,-0.076611685889157,False,,,,bcap_swing__mlb_2024_2025__20260909__r01,BCAP-SWING-v0.1.0,swing,2024_2025,COMPLETE,outer_game_nested_procedure_OPE,season-weighted final PA W per selected current decision; no summed PA policy gain,Q/value/delta/gain: raw W; outcome MSE: W^2; probabilities/coverage: fraction; sample counts: explicit rows/PA/games,Take_adjudicated,Swing_offer_including_bunts,0-1,OUT,FB,fixed_score_sensitivity,,,,
cell,0-1|OUT|FB,trim_010,33293.0,0.7916914369961715,0.2804725603596633,0.210973891966966,-0.0694986683926972,True,,,,bcap_swing__mlb_2024_2025__20260909__r01,BCAP-SWING-v0.1.0,swing,2024_2025,COMPLETE,outer_game_nested_procedure_OPE,season-weighted final PA W per selected current decision; no summed PA policy gain,Q/value/delta/gain: raw W; outcome MSE: W^2; probabilities/coverage: fraction; sample counts: explicit rows/PA/games,Take_adjudicated,Swing_offer_including_bunts,0-1,OUT,FB,fixed_score_sensitivity,,,,
cell,0-1|OUT|FB,clip_010_same_target,39488.0,0.9390055406273036,0.2821114022669729,0.2060520438241109,-0.0760593584428619,False,,,,bcap_swing__mlb_2024_2025__20260909__r01,BCAP-SWING-v0.1.0,swing,2024_2025,COMPLETE,outer_game_nested_procedure_OPE,season-weighted final PA W per selected current decision; no summed PA policy gain,Q/value/delta/gain: raw W; outcome MSE: W^2; probabilities/coverage: fraction; sample counts: explicit rows/PA/games,Take_adjudicated,Swing_offer_including_bunts,0-1,OUT,FB,fixed_score_sensitivity,,,,
cell,0-1|OUT|FB,first_count_visit,39488.0,0.9390055406273036,0.2821461279435445,0.2055344420543874,-0.076611685889157,True,,,,bcap_swing__mlb_2024_2025__20260909__r01,BCAP-SWING-v0.1.0,swing,2024_2025,COMPLETE,outer_game_nested_procedure_OPE,season-weighted final PA W per selected current decision; no summed PA policy gain,Q/value/delta/gain: raw W; outcome MSE: W^2; probabilities/coverage: fraction; sample counts: explicit rows/PA/games,Take_adjudicated,Swing_offer_including_bunts,0-1,OUT,FB,fixed_score_sensitivity,,,,
cell,0-1|OUT|FB,fixed_score_cluster_pitcher,39488.0,,,,-0.076611685889157,False,-0.0988189160870055,-0.0544044556913085,984.0,bcap_swing__mlb_2024_2025__20260909__r01,BCAP-SWING-v0.1.0,swing,2024_2025,COMPLETE,outer_game_nested_procedure_OPE,season-weighted final PA W per selected current decision; no summed PA policy gain,Q/value/delta/gain: raw W; outcome MSE: W^2; probabilities/coverage: fraction; sample counts: explicit rows/PA/games,Take_adjudicated,Swing_offer_including_bunts,0-1,OUT,FB,fixed_score_sensitivity,,,,
cell,0-1|OUT|FB,fixed_score_cluster_batter,39488.0,,,,-0.076611685889157,False,-0.0991422470672011,-0.0540811247111129,705.0,bcap_swing__mlb_2024_2025__20260909__r01,BCAP-SWING-v0.1.0,swing,2024_2025,COMPLETE,outer_game_nested_procedure_OPE,season-weighted final PA W per selected current decision; no summed PA policy gain,Q/value/delta/gain: raw W; outcome MSE: W^2; probabilities/coverage: fraction; sample counts: explicit rows/PA/games,Take_adjudicated,Swing_offer_including_bunts,0-1,OUT,FB,fixed_score_sensitivity,,,,
cell,0-1|OUT|NFB,untrimmed,52515.0,0.999942876727979,0.2981891884058777,0.2164199162966437,-0.0817692721092339,True,,,,bcap_swing__mlb_2024_2025__20260909__r01,BCAP-SWING-v0.1.0,swing,2024_2025,COMPLETE,outer_game_nested_procedure_OPE,season-weighted final PA W per selected current decision; no summed PA policy gain,Q/value/delta/gain: raw W; outcome MSE: W^2; probabilities/coverage: fraction; sample counts: explicit rows/PA/games,Take_adjudicated,Swing_offer_including_bunts,0-1,OUT,NFB,fixed_score_sensitivity,,,,
cell,0-1|OUT|NFB,trim_002,51697.0,0.9843672645569138,0.2984588562790722,0.2120496221913918,-0.0864092340876803,True,,,,bcap_swing__mlb_2024_2025__20260909__r01,BCAP-SWING-v0.1.0,swing,2024_2025,COMPLETE,outer_game_nested_procedure_OPE,season-weighted final PA W per selected current decision; no summed PA policy gain,Q/value/delta/gain: raw W; outcome MSE: W^2; probabilities/coverage: fraction; sample counts: explicit rows/PA/games,Take_adjudicated,Swing_offer_including_bunts,0-1,OUT,NFB,fixed_score_sensitivity,,,,
cell,0-1|OUT|NFB,trim_005,49344.0,0.9395635782017594,0.2980912025000617,0.2091524764505857,-0.088938726049476,False,,,,bcap_swing__mlb_2024_2025__20260909__r01,BCAP-SWING-v0.1.0,swing,2024_2025,COMPLETE,outer_game_nested_procedure_OPE,season-weighted final PA W per selected current decision; no summed PA policy gain,Q/value/delta/gain: raw W; outcome MSE: W^2; probabilities/coverage: fraction; sample counts: explicit rows/PA/games,Take_adjudicated,Swing_offer_including_bunts,0-1,OUT,NFB,fixed_score_sensitivity,,,,
cell,0-1|OUT|NFB,trim_010,44714.0,0.8514033283826498,0.2974465080828855,0.2115742501579007,-0.0858722579249847,True,,,,bcap_swing__mlb_2024_2025__20260909__r01,BCAP-SWING-v0.1.0,swing,2024_2025,COMPLETE,outer_game_nested_procedure_OPE,season-weighted final PA W per selected current decision; no summed PA policy gain,Q/value/delta/gain: raw W; outcome MSE: W^2; probabilities/coverage: fraction; sample counts: explicit rows/PA/games,Take_adjudicated,Swing_offer_including_bunts,0-1,OUT,NFB,fixed_score_sensitivity,,,,
cell,0-1|OUT|NFB,clip_010_same_target,49344.0,0.9395635782017594,0.2980575273095257,0.2083883885120177,-0.0896691387975079,False,,,,bcap_swing__mlb_2024_2025__20260909__r01,BCAP-SWING-v0.1.0,swing,2024_2025,COMPLETE,outer_game_nested_procedure_OPE,season-weighted final PA W per selected current decision; no summed PA policy gain,Q/value/delta/gain: raw W; outcome MSE: W^2; probabilities/coverage: fraction; sample counts: explicit rows/PA/games,Take_adjudicated,Swing_offer_including_bunts,0-1,OUT,NFB,fixed_score_sensitivity,,,,
cell,0-1|OUT|NFB,first_count_visit,49344.0,0.9395635782017594,0.2980912025000617,0.2091524764505857,-0.088938726049476,True,,,,bcap_swing__mlb_2024_2025__20260909__r01,BCAP-SWING-v0.1.0,swing,2024_2025,COMPLETE,outer_game_nested_procedure_OPE,season-weighted final PA W per selected current decision; no summed PA policy gain,Q/value/delta/gain: raw W; outcome MSE: W^2; probabilities/coverage: fraction; sample counts: explicit rows/PA/games,Take_adjudicated,Swing_offer_including_bunts,0-1,OUT,NFB,fixed_score_sensitivity,,,,
cell,0-1|OUT|NFB,fixed_score_cluster_pitcher,49344.0,,,,-0.088938726049476,False,-0.1096521208478705,-0.0682253312510815,1072.0,bcap_swing__mlb_2024_2025__20260909__r01,BCAP-SWING-v0.1.0,swing,2024_2025,COMPLETE,outer_game_nested_procedure_OPE,season-weighted final PA W per selected current decision; no summed PA policy gain,Q/value/delta/gain: raw W; outcome MSE: W^2; probabilities/coverage: fraction; sample counts: explicit rows/PA/games,Take_adjudicated,Swing_offer_including_bunts,0-1,OUT,NFB,fixed_score_sensitivity,,,,
cell,0-1|OUT|NFB,fixed_score_cluster_batter,49344.0,,,,-0.088938726049476,False,-0.1099179939689177,-0.0679594581300343,706.0,bcap_swing__mlb_2024_2025__20260909__r01,BCAP-SWING-v0.1.0,swing,2024_2025,COMPLETE,outer_game_nested_procedure_OPE,season-weighted final PA W per selected current decision; no summed PA policy gain,Q/value/delta/gain: raw W; outcome MSE: W^2; probabilities/coverage: fraction; sample counts: explicit rows/PA/games,Take_adjudicated,Swing_offer_including_bunts,0-1,OUT,NFB,fixed_score_sensitivity,,,,
cell,0-2|BOUNDARY|FB,untrimmed,9476.0,1.0,0.097926463706231,0.1955287034434744,0.0976022397372434,True,,,,bcap_swing__mlb_2024_2025__20260909__r01,BCAP-SWING-v0.1.0,swing,2024_2025,COMPLETE,outer_game_nested_procedure_OPE,season-weighted final PA W per selected current decision; no summed PA policy gain,Q/value/delta/gain: raw W; outcome MSE: W^2; probabilities/coverage: fraction; sample counts: explicit rows/PA/games,Take_adjudicated,Swing_offer_including_bunts,0-2,BOUNDARY,FB,fixed_score_sensitivity,,,,
cell,0-2|BOUNDARY|FB,trim_002,9442.0,0.9964119881806668,0.0982215059152748,0.1958087433117686,0.0975872373964938,True,,,,bcap_swing__mlb_2024_2025__20260909__r01,BCAP-SWING-v0.1.0,swing,2024_2025,COMPLETE,outer_game_nested_procedure_OPE,season-weighted final PA W per selected current decision; no summed PA policy gain,Q/value/delta/gain: raw W; outcome MSE: W^2; probabilities/coverage: fraction; sample counts: explicit rows/PA/games,Take_adjudicated,Swing_offer_including_bunts,0-2,BOUNDARY,FB,fixed_score_sensitivity,,,,
cell,0-2|BOUNDARY|FB,trim_005,9437.0,0.9958843393837062,0.0982087144366082,0.1958411447299431,0.0976324302933349,False,,,,bcap_swing__mlb_2024_2025__20260909__r01,BCAP-SWING-v0.1.0,swing,2024_2025,COMPLETE,outer_game_nested_procedure_OPE,season-weighted final PA W per selected current decision; no summed PA policy gain,Q/value/delta/gain: raw W; outcome MSE: W^2; probabilities/coverage: fraction; sample counts: explicit rows/PA/games,Take_adjudicated,Swing_offer_including_bunts,0-2,BOUNDARY,FB,fixed_score_sensitivity,,,,
cell,0-2|BOUNDARY|FB,trim_010,8974.0,0.9470240607851416,0.1015588844726883,0.1938358260321889,0.0922769415595006,True,,,,bcap_swing__mlb_2024_2025__20260909__r01,BCAP-SWING-v0.1.0,swing,2024_2025,COMPLETE,outer_game_nested_procedure_OPE,season-weighted final PA W per selected current decision; no summed PA policy gain,Q/value/delta/gain: raw W; outcome MSE: W^2; probabilities/coverage: fraction; sample counts: explicit rows/PA/games,Take_adjudicated,Swing_offer_including_bunts,0-2,BOUNDARY,FB,fixed_score_sensitivity,,,,
cell,0-2|BOUNDARY|FB,clip_010_same_target,9437.0,0.9958843393837062,0.0985785782610882,0.1958416297204711,0.0972630514593828,False,,,,bcap_swing__mlb_2024_2025__20260909__r01,BCAP-SWING-v0.1.0,swing,2024_2025,COMPLETE,outer_game_nested_procedure_OPE,season-weighted final PA W per selected current decision; no summed PA policy gain,Q/value/delta/gain: raw W; outcome MSE: W^2; probabilities/coverage: fraction; sample counts: explicit rows/PA/games,Take_adjudicated,Swing_offer_including_bunts,0-2,BOUNDARY,FB,fixed_score_sensitivity,,,,
cell,0-2|BOUNDARY|FB,first_count_visit,9095.0,0.9597931616715912,0.0999169460939495,0.1961629257181433,0.0962459796241938,True,,,,bcap_swing__mlb_2024_2025__20260909__r01,BCAP-SWING-v0.1.0,swing,2024_2025,COMPLETE,outer_game_nested_procedure_OPE,season-weighted final PA W per selected current decision; no summed PA policy gain,Q/value/delta/gain: raw W; outcome MSE: W^2; probabilities/coverage: fraction; sample counts: explicit rows/PA/games,Take_adjudicated,Swing_offer_including_bunts,0-2,BOUNDARY,FB,fixed_score_sensitivity,,,,
cell,0-2|BOUNDARY|FB,fixed_score_cluster_pitcher,9437.0,,,,0.0976324302933349,False,0.058995109085369,0.1362697515013009,866.0,bcap_swing__mlb_2024_2025__20260909__r01,BCAP-SWING-v0.1.0,swing,2024_2025,COMPLETE,outer_game_nested_procedure_OPE,season-weighted final PA W per selected current decision; no summed PA policy gain,Q/value/delta/gain: raw W; outcome MSE: W^2; probabilities/coverage: fraction; sample counts: explicit rows/PA/games,Take_adjudicated,Swing_offer_including_bunts,0-2,BOUNDARY,FB,fixed_score_sensitivity,,,,
cell,0-2|BOUNDARY|FB,fixed_score_cluster_batter,9437.0,,,,0.0976324302933349,False,0.0609178386844631,0.1343470219022067,673.0,bcap_swing__mlb_2024_2025__20260909__r01,BCAP-SWING-v0.1.0,swing,2024_2025,COMPLETE,outer_game_nested_procedure_OPE,season-weighted final PA W per selected current decision; no summed PA policy gain,Q/value/delta/gain: raw W; outcome MSE: W^2; probabilities/coverage: fraction; sample counts: explicit rows/PA/games,Take_adjudicated,Swing_offer_including_bunts,0-2,BOUNDARY,FB,fixed_score_sensitivity,,,,
cell,0-2|BOUNDARY|NFB,untrimmed,8706.0,1.0,0.097703500198102,0.2085600330785358,0.1108565328804337,True,,,,bcap_swing__mlb_2024_2025__20260909__r01,BCAP-SWING-v0.1.0,swing,2024_2025,COMPLETE,outer_game_nested_procedure_OPE,season-weighted final PA W per selected current decision; no summed PA policy gain,Q/value/delta/gain: raw W; outcome MSE: W^2; probabilities/coverage: fraction; sample counts: explicit rows/PA/games,Take_adjudicated,Swing_offer_including_bunts,0-2,BOUNDARY,NFB,fixed_score_sensitivity,,,,
cell,0-2|BOUNDARY|NFB,trim_002,8670.0,0.9958649207443144,0.0985663469482381,0.2092469552707518,0.1106806083225137,True,,,,bcap_swing__mlb_2024_2025__20260909__r01,BCAP-SWING-v0.1.0,swing,2024_2025,COMPLETE,outer_game_nested_procedure_OPE,season-weighted final PA W per selected current decision; no summed PA policy gain,Q/value/delta/gain: raw W; outcome MSE: W^2; probabilities/coverage: fraction; sample counts: explicit rows/PA/games,Take_adjudicated,Swing_offer_including_bunts,0-2,BOUNDARY,NFB,fixed_score_sensitivity,,,,
cell,0-2|BOUNDARY|NFB,trim_005,8602.0,0.9880542154835744,0.0993823000288862,0.2083572920248033,0.1089749919959171,False,,,,bcap_swing__mlb_2024_2025__20260909__r01,BCAP-SWING-v0.1.0,swing,2024_2025,COMPLETE,outer_game_nested_procedure_OPE,season-weighted final PA W per selected current decision; no summed PA policy gain,Q/value/delta/gain: raw W; outcome MSE: W^2; probabilities/coverage: fraction; sample counts: explicit rows/PA/games,Take_adjudicated,Swing_offer_including_bunts,0-2,BOUNDARY,NFB,fixed_score_sensitivity,,,,
cell,0-2|BOUNDARY|NFB,trim_010,6839.0,0.7855501952676315,0.1015678894086239,0.2024697615761333,0.1009018721675093,True,,,,bcap_swing__mlb_2024_2025__20260909__r01,BCAP-SWING-v0.1.0,swing,2024_2025,COMPLETE,outer_game_nested_procedure_OPE,season-weighted final PA W per selected current decision; no summed PA policy gain,Q/value/delta/gain: raw W; outcome MSE: W^2; probabilities/coverage: fraction; sample counts: explicit rows/PA/games,Take_adjudicated,Swing_offer_including_bunts,0-2,BOUNDARY,NFB,fixed_score_sensitivity,,,,
cell,0-2|BOUNDARY|NFB,clip_010_same_target,8602.0,0.9880542154835744,0.1021519126454213,0.2083568742021582,0.1062049615567368,False,,,,bcap_swing__mlb_2024_2025__20260909__r01,BCAP-SWING-v0.1.0,swing,2024_2025,COMPLETE,outer_game_nested_procedure_OPE,season-weighted final PA W per selected current decision; no summed PA policy gain,Q/value/delta/gain: raw W; outcome MSE: W^2; probabilities/coverage: fraction; sample counts: explicit rows/PA/games,Take_adjudicated,Swing_offer_including_bunts,0-2,BOUNDARY,NFB,fixed_score_sensitivity,,,,
cell,0-2|BOUNDARY|NFB,first_count_visit,8332.0,0.9570411210659316,0.0956814139864327,0.2071622137498266,0.1114807997633939,True,,,,bcap_swing__mlb_2024_2025__20260909__r01,BCAP-SWING-v0.1.0,swing,2024_2025,COMPLETE,outer_game_nested_procedure_OPE,season-weighted final PA W per selected current decision; no summed PA policy gain,Q/value/delta/gain: raw W; outcome MSE: W^2; probabilities/coverage: fraction; sample counts: explicit rows/PA/games,Take_adjudicated,Swing_offer_including_bunts,0-2,BOUNDARY,NFB,fixed_score_sensitivity,,,,
cell,0-2|BOUNDARY|NFB,fixed_score_cluster_pitcher,8602.0,,,,0.1089749919959171,False,0.0593376942816721,0.1586122897101621,895.0,bcap_swing__mlb_2024_2025__20260909__r01,BCAP-SWING-v0.1.0,swing,2024_2025,COMPLETE,outer_game_nested_procedure_OPE,season-weighted final PA W per selected current decision; no summed PA policy gain,Q/value/delta/gain: raw W; outcome MSE: W^2; probabilities/coverage: fraction; sample counts: explicit rows/PA/games,Take_adjudicated,Swing_offer_including_bunts,0-2,BOUNDARY,NFB,fixed_score_sensitivity,,,,
cell,0-2|BOUNDARY|NFB,fixed_score_cluster_batter,8602.0,,,,0.1089749919959171,False,0.0596216630688098,0.1583283209230244,676.0,bcap_swing__mlb_2024_2025__20260909__r01,BCAP-SWING-v0.1.0,swing,2024_2025,COMPLETE,outer_game_nested_procedure_OPE,season-weighted final PA W per selected current decision; no summed PA policy gain,Q/value/delta/gain: raw W; outcome MSE: W^2; probabilities/coverage: fraction; sample counts: explicit rows/PA/games,Take_adjudicated,Swing_offer_including_bunts,0-2,BOUNDARY,NFB,fixed_score_sensitivity,,,,
cell,0-2|INNER|FB,untrimmed,8795.0,1.0,0.0199865257025445,0.2525504526142342,0.2325639269116896,True,,,,bcap_swing__mlb_2024_2025__20260909__r01,BCAP-SWING-v0.1.0,swing,2024_2025,COMPLETE,outer_game_nested_procedure_OPE,season-weighted final PA W per selected current decision; no summed PA policy gain,Q/value/delta/gain: raw W; outcome MSE: W^2; probabilities/coverage: fraction; sample counts: explicit rows/PA/games,Take_adjudicated,Swing_offer_including_bunts,0-2,INNER,FB,fixed_score_sensitivity,,,,
cell,0-2|INNER|FB,trim_002,8760.0,0.9960204661739624,0.0201229047284088,0.2529466565413522,0.2328237518129433,True,,,,bcap_swing__mlb_2024_2025__20260909__r01,BCAP-SWING-v0.1.0,swing,2024_2025,COMPLETE,outer_game_nested_procedure_OPE,season-weighted final PA W per selected current decision; no summed PA policy gain,Q/value/delta/gain: raw W; outcome MSE: W^2; probabilities/coverage: fraction; sample counts: explicit rows/PA/games,Take_adjudicated,Swing_offer_including_bunts,0-2,INNER,FB,fixed_score_sensitivity,,,,
cell,0-2|INNER|FB,trim_005,8351.0,0.9495167708925526,0.0187667000510442,0.2541867834694958,0.2354200834184516,False,,,,bcap_swing__mlb_2024_2025__20260909__r01,BCAP-SWING-v0.1.0,swing,2024_2025,COMPLETE,outer_game_nested_procedure_OPE,season-weighted final PA W per selected current decision; no summed PA policy gain,Q/value/delta/gain: raw W; outcome MSE: W^2; probabilities/coverage: fraction; sample counts: explicit rows/PA/games,Take_adjudicated,Swing_offer_including_bunts,0-2,INNER,FB,fixed_score_sensitivity,,,,
cell,0-2|INNER|FB,trim_010,4125.0,0.4690164866401364,0.0194990700331728,0.2522999471130241,0.2328008770798513,True,,,,bcap_swing__mlb_2024_2025__20260909__r01,BCAP-SWING-v0.1.0,swing,2024_2025,COMPLETE,outer_game_nested_procedure_OPE,season-weighted final PA W per selected current decision; no summed PA policy gain,Q/value/delta/gain: raw W; outcome MSE: W^2; probabilities/coverage: fraction; sample counts: explicit rows/PA/games,Take_adjudicated,Swing_offer_including_bunts,0-2,INNER,FB,fixed_score_sensitivity,,,,
cell,0-2|INNER|FB,clip_010_same_target,8351.0,0.9495167708925526,0.0274843994965998,0.2541964296820359,0.226712030185436,False,,,,bcap_swing__mlb_2024_2025__20260909__r01,BCAP-SWING-v0.1.0,swing,2024_2025,COMPLETE,outer_game_nested_procedure_OPE,season-weighted final PA W per selected current decision; no summed PA policy gain,Q/value/delta/gain: raw W; outcome MSE: W^2; probabilities/coverage: fraction; sample counts: explicit rows/PA/games,Take_adjudicated,Swing_offer_including_bunts,0-2,INNER,FB,fixed_score_sensitivity,,,,
cell,0-2|INNER|FB,first_count_visit,7980.0,0.9073337123365548,0.0183684353303451,0.2562920186183254,0.2379235832879802,True,,,,bcap_swing__mlb_2024_2025__20260909__r01,BCAP-SWING-v0.1.0,swing,2024_2025,COMPLETE,outer_game_nested_procedure_OPE,season-weighted final PA W per selected current decision; no summed PA policy gain,Q/value/delta/gain: raw W; outcome MSE: W^2; probabilities/coverage: fraction; sample counts: explicit rows/PA/games,Take_adjudicated,Swing_offer_including_bunts,0-2,INNER,FB,fixed_score_sensitivity,,,,
cell,0-2|INNER|FB,fixed_score_cluster_pitcher,8351.0,,,,0.2354200834184516,False,0.20375222352333,0.2670879433135732,843.0,bcap_swing__mlb_2024_2025__20260909__r01,BCAP-SWING-v0.1.0,swing,2024_2025,COMPLETE,outer_game_nested_procedure_OPE,season-weighted final PA W per selected current decision; no summed PA policy gain,Q/value/delta/gain: raw W; outcome MSE: W^2; probabilities/coverage: fraction; sample counts: explicit rows/PA/games,Take_adjudicated,Swing_offer_including_bunts,0-2,INNER,FB,fixed_score_sensitivity,,,,
cell,0-2|INNER|FB,fixed_score_cluster_batter,8351.0,,,,0.2354200834184516,False,0.2043418846023406,0.2664982822345626,672.0,bcap_swing__mlb_2024_2025__20260909__r01,BCAP-SWING-v0.1.0,swing,2024_2025,COMPLETE,outer_game_nested_procedure_OPE,season-weighted final PA W per selected current decision; no summed PA policy gain,Q/value/delta/gain: raw W; outcome MSE: W^2; probabilities/coverage: fraction; sample counts: explicit rows/PA/games,Take_adjudicated,Swing_offer_including_bunts,0-2,INNER,FB,fixed_score_sensitivity,,,,
cell,0-2|INNER|NFB,untrimmed,7111.0,0.999859392575928,0.043626428298684,0.2602773469584673,0.2166509186597832,True,,,,bcap_swing__mlb_2024_2025__20260909__r01,BCAP-SWING-v0.1.0,swing,2024_2025,COMPLETE,outer_game_nested_procedure_OPE,season-weighted final PA W per selected current decision; no summed PA policy gain,Q/value/delta/gain: raw W; outcome MSE: W^2; probabilities/coverage: fraction; sample counts: explicit rows/PA/games,Take_adjudicated,Swing_offer_including_bunts,0-2,INNER,NFB,fixed_score_sensitivity,,,,
cell,0-2|INNER|NFB,trim_002,7076.0,0.9949381327334084,0.04385530273636,0.2603937312747495,0.2165384285383895,True,,,,bcap_swing__mlb_2024_2025__20260909__r01,BCAP-SWING-v0.1.0,swing,2024_2025,COMPLETE,outer_game_nested_procedure_OPE,season-weighted final PA W per selected current decision; no summed PA policy gain,Q/value/delta/gain: raw W; outcome MSE: W^2; probabilities/coverage: fraction; sample counts: explicit rows/PA/games,Take_adjudicated,Swing_offer_including_bunts,0-2,INNER,NFB,fixed_score_sensitivity,,,,
cell,0-2|INNER|NFB,trim_005,6346.0,0.8922947131608548,0.0436591251703797,0.2545195100166322,0.2108603848462524,False,,,,bcap_swing__mlb_2024_2025__20260909__r01,BCAP-SWING-v0.1.0,swing,2024_2025,COMPLETE,outer_game_nested_procedure_OPE,season-weighted final PA W per selected current decision; no summed PA policy gain,Q/value/delta/gain: raw W; outcome MSE: W^2; probabilities/coverage: fraction; sample counts: explicit rows/PA/games,Take_adjudicated,Swing_offer_including_bunts,0-2,INNER,NFB,fixed_score_sensitivity,,,,
cell,0-2|INNER|NFB,trim_010,2196.0,0.3087739032620922,0.0406266581795675,0.2443744998969859,0.2037478417174185,True,,,,bcap_swing__mlb_2024_2025__20260909__r01,BCAP-SWING-v0.1.0,swing,2024_2025,COMPLETE,outer_game_nested_procedure_OPE,season-weighted final PA W per selected current decision; no summed PA policy gain,Q/value/delta/gain: raw W; outcome MSE: W^2; probabilities/coverage: fraction; sample counts: explicit rows/PA/games,Take_adjudicated,Swing_offer_including_bunts,0-2,INNER,NFB,fixed_score_sensitivity,,,,
cell,0-2|INNER|NFB,clip_010_same_target,6346.0,0.8922947131608548,0.0560903934027938,0.2546355852994902,0.1985451918966964,False,,,,bcap_swing__mlb_2024_2025__20260909__r01,BCAP-SWING-v0.1.0,swing,2024_2025,COMPLETE,outer_game_nested_procedure_OPE,season-weighted final PA W per selected current decision; no summed PA policy gain,Q/value/delta/gain: raw W; outcome MSE: W^2; probabilities/coverage: fraction; sample counts: explicit rows/PA/games,Take_adjudicated,Swing_offer_including_bunts,0-2,INNER,NFB,fixed_score_sensitivity,,,,
cell,0-2|INNER|NFB,first_count_visit,6166.0,0.8669853768278966,0.0430052552589018,0.2519464895921232,0.2089412343332213,True,,,,bcap_swing__mlb_2024_2025__20260909__r01,BCAP-SWING-v0.1.0,swing,2024_2025,COMPLETE,outer_game_nested_procedure_OPE,season-weighted final PA W per selected current decision; no summed PA policy gain,Q/value/delta/gain: raw W; outcome MSE: W^2; probabilities/coverage: fraction; sample counts: explicit rows/PA/games,Take_adjudicated,Swing_offer_including_bunts,0-2,INNER,NFB,fixed_score_sensitivity,,,,
cell,0-2|INNER|NFB,fixed_score_cluster_pitcher,6346.0,,,,0.2108603848462524,False,0.175627282542701,0.2460934871498039,837.0,bcap_swing__mlb_2024_2025__20260909__r01,BCAP-SWING-v0.1.0,swing,2024_2025,COMPLETE,outer_game_nested_procedure_OPE,season-weighted final PA W per selected current decision; no summed PA policy gain,Q/value/delta/gain: raw W; outcome MSE: W^2; probabilities/coverage: fraction; sample counts: explicit rows/PA/games,Take_adjudicated,Swing_offer_including_bunts,0-2,INNER,NFB,fixed_score_sensitivity,,,,
cell,0-2|INNER|NFB,fixed_score_cluster_batter,6346.0,,,,0.2108603848462524,False,0.1753580352041091,0.2463627344883958,651.0,bcap_swing__mlb_2024_2025__20260909__r01,BCAP-SWING-v0.1.0,swing,2024_2025,COMPLETE,outer_game_nested_procedure_OPE,season-weighted final PA W per selected current decision; no summed PA policy gain,Q/value/delta/gain: raw W; outcome MSE: W^2; probabilities/coverage: fraction; sample counts: explicit rows/PA/games,Take_adjudicated,Swing_offer_including_bunts,0-2,INNER,NFB,fixed_score_sensitivity,,,,
cell,0-2|OUT|FB,untrimmed,23421.0,0.9999573050977714,0.2173328397893487,0.1431341299604208,-0.0741987098289278,True,,,,bcap_swing__mlb_2024_2025__20260909__r01,BCAP-SWING-v0.1.0,swing,2024_2025,COMPLETE,outer_game_nested_procedure_OPE,season-weighted final PA W per selected current decision; no summed PA policy gain,Q/value/delta/gain: raw W; outcome MSE: W^2; probabilities/coverage: fraction; sample counts: explicit rows/PA/games,Take_adjudicated,Swing_offer_including_bunts,0-2,OUT,FB,fixed_score_sensitivity,,,,
cell,0-2|OUT|FB,trim_002,23038.0,0.9836051575441892,0.2181034231486636,0.1436150910540179,-0.0744883320946457,True,,,,bcap_swing__mlb_2024_2025__20260909__r01,BCAP-SWING-v0.1.0,swing,2024_2025,COMPLETE,outer_game_nested_procedure_OPE,season-weighted final PA W per selected current decision; no summed PA policy gain,Q/value/delta/gain: raw W; outcome MSE: W^2; probabilities/coverage: fraction; sample counts: explicit rows/PA/games,Take_adjudicated,Swing_offer_including_bunts,0-2,OUT,FB,fixed_score_sensitivity,,,,
cell,0-2|OUT|FB,trim_005,22111.0,0.9440269831782084,0.2173007244405657,0.1440406547948872,-0.0732600696456785,False,,,,bcap_swing__mlb_2024_2025__20260909__r01,BCAP-SWING-v0.1.0,swing,2024_2025,COMPLETE,outer_game_nested_procedure_OPE,season-weighted final PA W per selected current decision; no summed PA policy gain,Q/value/delta/gain: raw W; outcome MSE: W^2; probabilities/coverage: fraction; sample counts: explicit rows/PA/games,Take_adjudicated,Swing_offer_including_bunts,0-2,OUT,FB,fixed_score_sensitivity,,,,
cell,0-2|OUT|FB,trim_010,19852.0,0.8475791990436342,0.2156888558259896,0.1469710294300623,-0.0687178263959273,True,,,,bcap_swing__mlb_2024_2025__20260909__r01,BCAP-SWING-v0.1.0,swing,2024_2025,COMPLETE,outer_game_nested_procedure_OPE,season-weighted final PA W per selected current decision; no summed PA policy gain,Q/value/delta/gain: raw W; outcome MSE: W^2; probabilities/coverage: fraction; sample counts: explicit rows/PA/games,Take_adjudicated,Swing_offer_including_bunts,0-2,OUT,FB,fixed_score_sensitivity,,,,
cell,0-2|OUT|FB,clip_010_same_target,22111.0,0.9440269831782084,0.2173066468535626,0.1444433125403566,-0.072863334313206,False,,,,bcap_swing__mlb_2024_2025__20260909__r01,BCAP-SWING-v0.1.0,swing,2024_2025,COMPLETE,outer_game_nested_procedure_OPE,season-weighted final PA W per selected current decision; no summed PA policy gain,Q/value/delta/gain: raw W; outcome MSE: W^2; probabilities/coverage: fraction; sample counts: explicit rows/PA/games,Take_adjudicated,Swing_offer_including_bunts,0-2,OUT,FB,fixed_score_sensitivity,,,,
cell,0-2|OUT|FB,first_count_visit,21451.0,0.9158483477072836,0.2167445327970019,0.1435901306303943,-0.0731544021666076,True,,,,bcap_swing__mlb_2024_2025__20260909__r01,BCAP-SWING-v0.1.0,swing,2024_2025,COMPLETE,outer_game_nested_procedure_OPE,season-weighted final PA W per selected current decision; no summed PA policy gain,Q/value/delta/gain: raw W; outcome MSE: W^2; probabilities/coverage: fraction; sample counts: explicit rows/PA/games,Take_adjudicated,Swing_offer_including_bunts,0-2,OUT,FB,fixed_score_sensitivity,,,,
cell,0-2|OUT|FB,fixed_score_cluster_pitcher,22111.0,,,,-0.0732600696456785,False,-0.098186949039104,-0.048333190252253,957.0,bcap_swing__mlb_2024_2025__20260909__r01,BCAP-SWING-v0.1.0,swing,2024_2025,COMPLETE,outer_game_nested_procedure_OPE,season-weighted final PA W per selected current decision; no summed PA policy gain,Q/value/delta/gain: raw W; outcome MSE: W^2; probabilities/coverage: fraction; sample counts: explicit rows/PA/games,Take_adjudicated,Swing_offer_including_bunts,0-2,OUT,FB,fixed_score_sensitivity,,,,
cell,0-2|OUT|FB,fixed_score_cluster_batter,22111.0,,,,-0.0732600696456785,False,-0.098548311384169,-0.047971827907188,703.0,bcap_swing__mlb_2024_2025__20260909__r01,BCAP-SWING-v0.1.0,swing,2024_2025,COMPLETE,outer_game_nested_procedure_OPE,season-weighted final PA W per selected current decision; no summed PA policy gain,Q/value/delta/gain: raw W; outcome MSE: W^2; probabilities/coverage: fraction; sample counts: explicit rows/PA/games,Take_adjudicated,Swing_offer_including_bunts,0-2,OUT,FB,fixed_score_sensitivity,,,,
cell,0-2|OUT|NFB,untrimmed,38898.0,0.999948586118252,0.2232407151199771,0.0892875512672049,-0.1339531638527721,True,,,,bcap_swing__mlb_2024_2025__20260909__r01,BCAP-SWING-v0.1.0,swing,2024_2025,COMPLETE,outer_game_nested_procedure_OPE,season-weighted final PA W per selected current decision; no summed PA policy gain,Q/value/delta/gain: raw W; outcome MSE: W^2; probabilities/coverage: fraction; sample counts: explicit rows/PA/games,Take_adjudicated,Swing_offer_including_bunts,0-2,OUT,NFB,fixed_score_sensitivity,,,,
cell,0-2|OUT|NFB,trim_002,38567.0,0.991439588688946,0.2231795548996095,0.0897130677145664,-0.1334664871850431,True,,,,bcap_swing__mlb_2024_2025__20260909__r01,BCAP-SWING-v0.1.0,swing,2024_2025,COMPLETE,outer_game_nested_procedure_OPE,season-weighted final PA W per selected current decision; no summed PA policy gain,Q/value/delta/gain: raw W; outcome MSE: W^2; probabilities/coverage: fraction; sample counts: explicit rows/PA/games,Take_adjudicated,Swing_offer_including_bunts,0-2,OUT,NFB,fixed_score_sensitivity,,,,
cell,0-2|OUT|NFB,trim_005,36639.0,0.9418766066838046,0.2213681491865067,0.0933557983953433,-0.1280123507911634,False,,,,bcap_swing__mlb_2024_2025__20260909__r01,BCAP-SWING-v0.1.0,swing,2024_2025,COMPLETE,outer_game_nested_procedure_OPE,season-weighted final PA W per selected current decision; no summed PA policy gain,Q/value/delta/gain: raw W; outcome MSE: W^2; probabilities/coverage: fraction; sample counts: explicit rows/PA/games,Take_adjudicated,Swing_offer_including_bunts,0-2,OUT,NFB,fixed_score_sensitivity,,,,
cell,0-2|OUT|NFB,trim_010,33715.0,0.8667095115681234,0.2211094477092015,0.0996125453745633,-0.1214969023346381,True,,,,bcap_swing__mlb_2024_2025__20260909__r01,BCAP-SWING-v0.1.0,swing,2024_2025,COMPLETE,outer_game_nested_procedure_OPE,season-weighted final PA W per selected current decision; no summed PA policy gain,Q/value/delta/gain: raw W; outcome MSE: W^2; probabilities/coverage: fraction; sample counts: explicit rows/PA/games,Take_adjudicated,Swing_offer_including_bunts,0-2,OUT,NFB,fixed_score_sensitivity,,,,
cell,0-2|OUT|NFB,clip_010_same_target,36639.0,0.9418766066838046,0.221302221490647,0.0941130784953938,-0.1271891429952532,False,,,,bcap_swing__mlb_2024_2025__20260909__r01,BCAP-SWING-v0.1.0,swing,2024_2025,COMPLETE,outer_game_nested_procedure_OPE,season-weighted final PA W per selected current decision; no summed PA policy gain,Q/value/delta/gain: raw W; outcome MSE: W^2; probabilities/coverage: fraction; sample counts: explicit rows/PA/games,Take_adjudicated,Swing_offer_including_bunts,0-2,OUT,NFB,fixed_score_sensitivity,,,,
cell,0-2|OUT|NFB,first_count_visit,35308.0,0.9076606683804628,0.2216878977379143,0.0927085635879138,-0.1289793341500005,True,,,,bcap_swing__mlb_2024_2025__20260909__r01,BCAP-SWING-v0.1.0,swing,2024_2025,COMPLETE,outer_game_nested_procedure_OPE,season-weighted final PA W per selected current decision; no summed PA policy gain,Q/value/delta/gain: raw W; outcome MSE: W^2; probabilities/coverage: fraction; sample counts: explicit rows/PA/games,Take_adjudicated,Swing_offer_including_bunts,0-2,OUT,NFB,fixed_score_sensitivity,,,,
cell,0-2|OUT|NFB,fixed_score_cluster_pitcher,36639.0,,,,-0.1280123507911634,False,-0.1441104881828132,-0.1119142133995135,1005.0,bcap_swing__mlb_2024_2025__20260909__r01,BCAP-SWING-v0.1.0,swing,2024_2025,COMPLETE,outer_game_nested_procedure_OPE,season-weighted final PA W per selected current decision; no summed PA policy gain,Q/value/delta/gain: raw W; outcome MSE: W^2; probabilities/coverage: fraction; sample counts: explicit rows/PA/games,Take_adjudicated,Swing_offer_including_bunts,0-2,OUT,NFB,fixed_score_sensitivity,,,,
cell,0-2|OUT|NFB,fixed_score_cluster_batter,36639.0,,,,-0.1280123507911634,False,-0.1448216301231146,-0.1112030714592121,706.0,bcap_swing__mlb_2024_2025__20260909__r01,BCAP-SWING-v0.1.0,swing,2024_2025,COMPLETE,outer_game_nested_procedure_OPE,season-weighted final PA W per selected current decision; no summed PA policy gain,Q/value/delta/gain: raw W; outcome MSE: W^2; probabilities/coverage: fraction; sample counts: explicit rows/PA/games,Take_adjudicated,Swing_offer_including_bunts,0-2,OUT,NFB,fixed_score_sensitivity,,,,
cell,1-0|BOUNDARY|FB,untrimmed,22297.0,0.999865470852018,0.3200042095682502,0.3178219501291968,-0.0021822594390534,True,,,,bcap_swing__mlb_2024_2025__20260909__r01,BCAP-SWING-v0.1.0,swing,2024_2025,COMPLETE,outer_game_nested_procedure_OPE,season-weighted final PA W per selected current decision; no summed PA policy gain,Q/value/delta/gain: raw W; outcome MSE: W^2; probabilities/coverage: fraction; sample counts: explicit rows/PA/games,Take_adjudicated,Swing_offer_including_bunts,1-0,BOUNDARY,FB,fixed_score_sensitivity,,,,
cell,1-0|BOUNDARY|FB,trim_002,22231.0,0.9969058295964126,0.3203657707880082,0.3179407697751226,-0.0024250010128856,True,,,,bcap_swing__mlb_2024_2025__20260909__r01,BCAP-SWING-v0.1.0,swing,2024_2025,COMPLETE,outer_game_nested_procedure_OPE,season-weighted final PA W per selected current decision; no summed PA policy gain,Q/value/delta/gain: raw W; outcome MSE: W^2; probabilities/coverage: fraction; sample counts: explicit rows/PA/games,Take_adjudicated,Swing_offer_including_bunts,1-0,BOUNDARY,FB,fixed_score_sensitivity,,,,
cell,1-0|BOUNDARY|FB,trim_005,22231.0,0.9969058295964126,0.3203657707880082,0.3179407697751226,-0.0024250010128856,False,,,,bcap_swing__mlb_2024_2025__20260909__r01,BCAP-SWING-v0.1.0,swing,2024_2025,COMPLETE,outer_game_nested_procedure_OPE,season-weighted final PA W per selected current decision; no summed PA policy gain,Q/value/delta/gain: raw W; outcome MSE: W^2; probabilities/coverage: fraction; sample counts: explicit rows/PA/games,Take_adjudicated,Swing_offer_including_bunts,1-0,BOUNDARY,FB,fixed_score_sensitivity,,,,
cell,1-0|BOUNDARY|FB,trim_010,22231.0,0.9969058295964126,0.3203657707880082,0.3179407697751226,-0.0024250010128856,True,,,,bcap_swing__mlb_2024_2025__20260909__r01,BCAP-SWING-v0.1.0,swing,2024_2025,COMPLETE,outer_game_nested_procedure_OPE,season-weighted final PA W per selected current decision; no summed PA policy gain,Q/value/delta/gain: raw W; outcome MSE: W^2; probabilities/coverage: fraction; sample counts: explicit rows/PA/games,Take_adjudicated,Swing_offer_including_bunts,1-0,BOUNDARY,FB,fixed_score_sensitivity,,,,
cell,1-0|BOUNDARY|FB,clip_010_same_target,22231.0,0.9969058295964126,0.3203657707880082,0.3179407697751226,-0.0024250010128856,False,,,,bcap_swing__mlb_2024_2025__20260909__r01,BCAP-SWING-v0.1.0,swing,2024_2025,COMPLETE,outer_game_nested_procedure_OPE,season-weighted final PA W per selected current decision; no summed PA policy gain,Q/value/delta/gain: raw W; outcome MSE: W^2; probabilities/coverage: fraction; sample counts: explicit rows/PA/games,Take_adjudicated,Swing_offer_including_bunts,1-0,BOUNDARY,FB,fixed_score_sensitivity,,,,
cell,1-0|BOUNDARY|FB,first_count_visit,22231.0,0.9969058295964126,0.3203657707880082,0.3179407697751226,-0.0024250010128856,True,,,,bcap_swing__mlb_2024_2025__20260909__r01,BCAP-SWING-v0.1.0,swing,2024_2025,COMPLETE,outer_game_nested_procedure_OPE,season-weighted final PA W per selected current decision; no summed PA policy gain,Q/value/delta/gain: raw W; outcome MSE: W^2; probabilities/coverage: fraction; sample counts: explicit rows/PA/games,Take_adjudicated,Swing_offer_including_bunts,1-0,BOUNDARY,FB,fixed_score_sensitivity,,,,
cell,1-0|BOUNDARY|FB,fixed_score_cluster_pitcher,22231.0,,,,-0.0024250010128856,False,-0.0314079639429978,0.0265579619172264,970.0,bcap_swing__mlb_2024_2025__20260909__r01,BCAP-SWING-v0.1.0,swing,2024_2025,COMPLETE,outer_game_nested_procedure_OPE,season-weighted final PA W per selected current decision; no summed PA policy gain,Q/value/delta/gain: raw W; outcome MSE: W^2; probabilities/coverage: fraction; sample counts: explicit rows/PA/games,Take_adjudicated,Swing_offer_including_bunts,1-0,BOUNDARY,FB,fixed_score_sensitivity,,,,
cell,1-0|BOUNDARY|FB,fixed_score_cluster_batter,22231.0,,,,-0.0024250010128856,False,-0.0316417170422793,0.0267917150165079,700.0,bcap_swing__mlb_2024_2025__20260909__r01,BCAP-SWING-v0.1.0,swing,2024_2025,COMPLETE,outer_game_nested_procedure_OPE,season-weighted final PA W per selected current decision; no summed PA policy gain,Q/value/delta/gain: raw W; outcome MSE: W^2; probabilities/coverage: fraction; sample counts: explicit rows/PA/games,Take_adjudicated,Swing_offer_including_bunts,1-0,BOUNDARY,FB,fixed_score_sensitivity,,,,
cell,1-0|BOUNDARY|NFB,untrimmed,13749.0,0.9999272727272728,0.3259016052793135,0.3047362243055775,-0.021165380973736,True,,,,bcap_swing__mlb_2024_2025__20260909__r01,BCAP-SWING-v0.1.0,swing,2024_2025,COMPLETE,outer_game_nested_procedure_OPE,season-weighted final PA W per selected current decision; no summed PA policy gain,Q/value/delta/gain: raw W; outcome MSE: W^2; probabilities/coverage: fraction; sample counts: explicit rows/PA/games,Take_adjudicated,Swing_offer_including_bunts,1-0,BOUNDARY,NFB,fixed_score_sensitivity,,,,
cell,1-0|BOUNDARY|NFB,trim_002,13718.0,0.9976727272727272,0.3263078472765111,0.3051957017273046,-0.0211121455492064,True,,,,bcap_swing__mlb_2024_2025__20260909__r01,BCAP-SWING-v0.1.0,swing,2024_2025,COMPLETE,outer_game_nested_procedure_OPE,season-weighted final PA W per selected current decision; no summed PA policy gain,Q/value/delta/gain: raw W; outcome MSE: W^2; probabilities/coverage: fraction; sample counts: explicit rows/PA/games,Take_adjudicated,Swing_offer_including_bunts,1-0,BOUNDARY,NFB,fixed_score_sensitivity,,,,
cell,1-0|BOUNDARY|NFB,trim_005,13718.0,0.9976727272727272,0.3263078472765111,0.3051957017273046,-0.0211121455492064,False,,,,bcap_swing__mlb_2024_2025__20260909__r01,BCAP-SWING-v0.1.0,swing,2024_2025,COMPLETE,outer_game_nested_procedure_OPE,season-weighted final PA W per selected current decision; no summed PA policy gain,Q/value/delta/gain: raw W; outcome MSE: W^2; probabilities/coverage: fraction; sample counts: explicit rows/PA/games,Take_adjudicated,Swing_offer_including_bunts,1-0,BOUNDARY,NFB,fixed_score_sensitivity,,,,
cell,1-0|BOUNDARY|NFB,trim_010,13718.0,0.9976727272727272,0.3263078472765111,0.3051957017273046,-0.0211121455492064,True,,,,bcap_swing__mlb_2024_2025__20260909__r01,BCAP-SWING-v0.1.0,swing,2024_2025,COMPLETE,outer_game_nested_procedure_OPE,season-weighted final PA W per selected current decision; no summed PA policy gain,Q/value/delta/gain: raw W; outcome MSE: W^2; probabilities/coverage: fraction; sample counts: explicit rows/PA/games,Take_adjudicated,Swing_offer_including_bunts,1-0,BOUNDARY,NFB,fixed_score_sensitivity,,,,
cell,1-0|BOUNDARY|NFB,clip_010_same_target,13718.0,0.9976727272727272,0.3263078472765111,0.3051957017273046,-0.0211121455492064,False,,,,bcap_swing__mlb_2024_2025__20260909__r01,BCAP-SWING-v0.1.0,swing,2024_2025,COMPLETE,outer_game_nested_procedure_OPE,season-weighted final PA W per selected current decision; no summed PA policy gain,Q/value/delta/gain: raw W; outcome MSE: W^2; probabilities/coverage: fraction; sample counts: explicit rows/PA/games,Take_adjudicated,Swing_offer_including_bunts,1-0,BOUNDARY,NFB,fixed_score_sensitivity,,,,
cell,1-0|BOUNDARY|NFB,first_count_visit,13718.0,0.9976727272727272,0.3263078472765111,0.3051957017273046,-0.0211121455492064,True,,,,bcap_swing__mlb_2024_2025__20260909__r01,BCAP-SWING-v0.1.0,swing,2024_2025,COMPLETE,outer_game_nested_procedure_OPE,season-weighted final PA W per selected current decision; no summed PA policy gain,Q/value/delta/gain: raw W; outcome MSE: W^2; probabilities/coverage: fraction; sample counts: explicit rows/PA/games,Take_adjudicated,Swing_offer_including_bunts,1-0,BOUNDARY,NFB,fixed_score_sensitivity,,,,
cell,1-0|BOUNDARY|NFB,fixed_score_cluster_pitcher,13718.0,,,,-0.0211121455492064,False,-0.0581268174271335,0.0159025263287207,954.0,bcap_swing__mlb_2024_2025__20260909__r01,BCAP-SWING-v0.1.0,swing,2024_2025,COMPLETE,outer_game_nested_procedure_OPE,season-weighted final PA W per selected current decision; no summed PA policy gain,Q/value/delta/gain: raw W; outcome MSE: W^2; probabilities/coverage: fraction; sample counts: explicit rows/PA/games,Take_adjudicated,Swing_offer_including_bunts,1-0,BOUNDARY,NFB,fixed_score_sensitivity,,,,
cell,1-0|BOUNDARY|NFB,fixed_score_cluster_batter,13718.0,,,,-0.0211121455492064,False,-0.058547741590754,0.0163234504923412,682.0,bcap_swing__mlb_2024_2025__20260909__r01,BCAP-SWING-v0.1.0,swing,2024_2025,COMPLETE,outer_game_nested_procedure_OPE,season-weighted final PA W per selected current decision; no summed PA policy gain,Q/value/delta/gain: raw W; outcome MSE: W^2; probabilities/coverage: fraction; sample counts: explicit rows/PA/games,Take_adjudicated,Swing_offer_including_bunts,1-0,BOUNDARY,NFB,fixed_score_sensitivity,,,,
cell,1-0|INNER|FB,untrimmed,28719.0,0.999860738780768,0.2896653899917783,0.3488864668231174,0.0592210768313391,True,,,,bcap_swing__mlb_2024_2025__20260909__r01,BCAP-SWING-v0.1.0,swing,2024_2025,COMPLETE,outer_game_nested_procedure_OPE,season-weighted final PA W per selected current decision; no summed PA policy gain,Q/value/delta/gain: raw W; outcome MSE: W^2; probabilities/coverage: fraction; sample counts: explicit rows/PA/games,Take_adjudicated,Swing_offer_including_bunts,1-0,INNER,FB,fixed_score_sensitivity,,,,
cell,1-0|INNER|FB,trim_002,28637.0,0.9970058837865126,0.2899218475850569,0.3490864387984679,0.059164591213411,True,,,,bcap_swing__mlb_2024_2025__20260909__r01,BCAP-SWING-v0.1.0,swing,2024_2025,COMPLETE,outer_game_nested_procedure_OPE,season-weighted final PA W per selected current decision; no summed PA policy gain,Q/value/delta/gain: raw W; outcome MSE: W^2; probabilities/coverage: fraction; sample counts: explicit rows/PA/games,Take_adjudicated,Swing_offer_including_bunts,1-0,INNER,FB,fixed_score_sensitivity,,,,
cell,1-0|INNER|FB,trim_005,28637.0,0.9970058837865126,0.2899218475850569,0.3490864387984679,0.059164591213411,False,,,,bcap_swing__mlb_2024_2025__20260909__r01,BCAP-SWING-v0.1.0,swing,2024_2025,COMPLETE,outer_game_nested_procedure_OPE,season-weighted final PA W per selected current decision; no summed PA policy gain,Q/value/delta/gain: raw W; outcome MSE: W^2; probabilities/coverage: fraction; sample counts: explicit rows/PA/games,Take_adjudicated,Swing_offer_including_bunts,1-0,INNER,FB,fixed_score_sensitivity,,,,
cell,1-0|INNER|FB,trim_010,28558.0,0.9942554747066812,0.2890052336567991,0.3488752098700988,0.0598699762132996,True,,,,bcap_swing__mlb_2024_2025__20260909__r01,BCAP-SWING-v0.1.0,swing,2024_2025,COMPLETE,outer_game_nested_procedure_OPE,season-weighted final PA W per selected current decision; no summed PA policy gain,Q/value/delta/gain: raw W; outcome MSE: W^2; probabilities/coverage: fraction; sample counts: explicit rows/PA/games,Take_adjudicated,Swing_offer_including_bunts,1-0,INNER,FB,fixed_score_sensitivity,,,,
cell,1-0|INNER|FB,clip_010_same_target,28637.0,0.9970058837865126,0.2898332692436357,0.3490898718784501,0.0592566026348143,False,,,,bcap_swing__mlb_2024_2025__20260909__r01,BCAP-SWING-v0.1.0,swing,2024_2025,COMPLETE,outer_game_nested_procedure_OPE,season-weighted final PA W per selected current decision; no summed PA policy gain,Q/value/delta/gain: raw W; outcome MSE: W^2; probabilities/coverage: fraction; sample counts: explicit rows/PA/games,Take_adjudicated,Swing_offer_including_bunts,1-0,INNER,FB,fixed_score_sensitivity,,,,
cell,1-0|INNER|FB,first_count_visit,28637.0,0.9970058837865126,0.2899218475850569,0.3490864387984679,0.059164591213411,True,,,,bcap_swing__mlb_2024_2025__20260909__r01,BCAP-SWING-v0.1.0,swing,2024_2025,COMPLETE,outer_game_nested_procedure_OPE,season-weighted final PA W per selected current decision; no summed PA policy gain,Q/value/delta/gain: raw W; outcome MSE: W^2; probabilities/coverage: fraction; sample counts: explicit rows/PA/games,Take_adjudicated,Swing_offer_including_bunts,1-0,INNER,FB,fixed_score_sensitivity,,,,
cell,1-0|INNER|FB,fixed_score_cluster_pitcher,28637.0,,,,0.059164591213411,False,0.029234452750606,0.0890947296762159,978.0,bcap_swing__mlb_2024_2025__20260909__r01,BCAP-SWING-v0.1.0,swing,2024_2025,COMPLETE,outer_game_nested_procedure_OPE,season-weighted final PA W per selected current decision; no summed PA policy gain,Q/value/delta/gain: raw W; outcome MSE: W^2; probabilities/coverage: fraction; sample counts: explicit rows/PA/games,Take_adjudicated,Swing_offer_including_bunts,1-0,INNER,FB,fixed_score_sensitivity,,,,
cell,1-0|INNER|FB,fixed_score_cluster_batter,28637.0,,,,0.059164591213411,False,0.0294543147815563,0.0888748676452657,701.0,bcap_swing__mlb_2024_2025__20260909__r01,BCAP-SWING-v0.1.0,swing,2024_2025,COMPLETE,outer_game_nested_procedure_OPE,season-weighted final PA W per selected current decision; no summed PA policy gain,Q/value/delta/gain: raw W; outcome MSE: W^2; probabilities/coverage: fraction; sample counts: explicit rows/PA/games,Take_adjudicated,Swing_offer_including_bunts,1-0,INNER,FB,fixed_score_sensitivity,,,,
cell,1-0|INNER|NFB,untrimmed,15734.0,0.999936447410232,0.2930709563835496,0.3480447599449452,0.0549738035613956,True,,,,bcap_swing__mlb_2024_2025__20260909__r01,BCAP-SWING-v0.1.0,swing,2024_2025,COMPLETE,outer_game_nested_procedure_OPE,season-weighted final PA W per selected current decision; no summed PA policy gain,Q/value/delta/gain: raw W; outcome MSE: W^2; probabilities/coverage: fraction; sample counts: explicit rows/PA/games,Take_adjudicated,Swing_offer_including_bunts,1-0,INNER,NFB,fixed_score_sensitivity,,,,
cell,1-0|INNER|NFB,trim_002,15689.0,0.9970765808706704,0.2935236762508095,0.348653564910116,0.0551298886593065,True,,,,bcap_swing__mlb_2024_2025__20260909__r01,BCAP-SWING-v0.1.0,swing,2024_2025,COMPLETE,outer_game_nested_procedure_OPE,season-weighted final PA W per selected current decision; no summed PA policy gain,Q/value/delta/gain: raw W; outcome MSE: W^2; probabilities/coverage: fraction; sample counts: explicit rows/PA/games,Take_adjudicated,Swing_offer_including_bunts,1-0,INNER,NFB,fixed_score_sensitivity,,,,
cell,1-0|INNER|NFB,trim_005,15689.0,0.9970765808706704,0.2935236762508095,0.348653564910116,0.0551298886593065,False,,,,bcap_swing__mlb_2024_2025__20260909__r01,BCAP-SWING-v0.1.0,swing,2024_2025,COMPLETE,outer_game_nested_procedure_OPE,season-weighted final PA W per selected current decision; no summed PA policy gain,Q/value/delta/gain: raw W; outcome MSE: W^2; probabilities/coverage: fraction; sample counts: explicit rows/PA/games,Take_adjudicated,Swing_offer_including_bunts,1-0,INNER,NFB,fixed_score_sensitivity,,,,
cell,1-0|INNER|NFB,trim_010,15686.0,0.9968859231013664,0.2937080321618127,0.3486404189689108,0.0549323868070981,True,,,,bcap_swing__mlb_2024_2025__20260909__r01,BCAP-SWING-v0.1.0,swing,2024_2025,COMPLETE,outer_game_nested_procedure_OPE,season-weighted final PA W per selected current decision; no summed PA policy gain,Q/value/delta/gain: raw W; outcome MSE: W^2; probabilities/coverage: fraction; sample counts: explicit rows/PA/games,Take_adjudicated,Swing_offer_including_bunts,1-0,INNER,NFB,fixed_score_sensitivity,,,,
cell,1-0|INNER|NFB,clip_010_same_target,15689.0,0.9970765808706704,0.2935344930707826,0.3486541959722313,0.0551197029014486,False,,,,bcap_swing__mlb_2024_2025__20260909__r01,BCAP-SWING-v0.1.0,swing,2024_2025,COMPLETE,outer_game_nested_procedure_OPE,season-weighted final PA W per selected current decision; no summed PA policy gain,Q/value/delta/gain: raw W; outcome MSE: W^2; probabilities/coverage: fraction; sample counts: explicit rows/PA/games,Take_adjudicated,Swing_offer_including_bunts,1-0,INNER,NFB,fixed_score_sensitivity,,,,
cell,1-0|INNER|NFB,first_count_visit,15689.0,0.9970765808706704,0.2935236762508095,0.348653564910116,0.0551298886593065,True,,,,bcap_swing__mlb_2024_2025__20260909__r01,BCAP-SWING-v0.1.0,swing,2024_2025,COMPLETE,outer_game_nested_procedure_OPE,season-weighted final PA W per selected current decision; no summed PA policy gain,Q/value/delta/gain: raw W; outcome MSE: W^2; probabilities/coverage: fraction; sample counts: explicit rows/PA/games,Take_adjudicated,Swing_offer_including_bunts,1-0,INNER,NFB,fixed_score_sensitivity,,,,
cell,1-0|INNER|NFB,fixed_score_cluster_pitcher,15689.0,,,,0.0551298886593065,False,0.0177818957711971,0.0924778815474159,985.0,bcap_swing__mlb_2024_2025__20260909__r01,BCAP-SWING-v0.1.0,swing,2024_2025,COMPLETE,outer_game_nested_procedure_OPE,season-weighted final PA W per selected current decision; no summed PA policy gain,Q/value/delta/gain: raw W; outcome MSE: W^2; probabilities/coverage: fraction; sample counts: explicit rows/PA/games,Take_adjudicated,Swing_offer_including_bunts,1-0,INNER,NFB,fixed_score_sensitivity,,,,
cell,1-0|INNER|NFB,fixed_score_cluster_batter,15689.0,,,,0.0551298886593065,False,0.0166977681024552,0.0935620092161578,692.0,bcap_swing__mlb_2024_2025__20260909__r01,BCAP-SWING-v0.1.0,swing,2024_2025,COMPLETE,outer_game_nested_procedure_OPE,season-weighted final PA W per selected current decision; no summed PA policy gain,Q/value/delta/gain: raw W; outcome MSE: W^2; probabilities/coverage: fraction; sample counts: explicit rows/PA/games,Take_adjudicated,Swing_offer_including_bunts,1-0,INNER,NFB,fixed_score_sensitivity,,,,
cell,1-0|OUT|FB,untrimmed,30265.0,0.9998348199537496,0.4047944342784612,0.2848646770995732,-0.119929757178888,True,,,,bcap_swing__mlb_2024_2025__20260909__r01,BCAP-SWING-v0.1.0,swing,2024_2025,COMPLETE,outer_game_nested_procedure_OPE,season-weighted final PA W per selected current decision; no summed PA policy gain,Q/value/delta/gain: raw W; outcome MSE: W^2; probabilities/coverage: fraction; sample counts: explicit rows/PA/games,Take_adjudicated,Swing_offer_including_bunts,1-0,OUT,FB,fixed_score_sensitivity,,,,
cell,1-0|OUT|FB,trim_002,29702.0,0.981235546745953,0.4039486355316094,0.2866627294131326,-0.1172859061184767,True,,,,bcap_swing__mlb_2024_2025__20260909__r01,BCAP-SWING-v0.1.0,swing,2024_2025,COMPLETE,outer_game_nested_procedure_OPE,season-weighted final PA W per selected current decision; no summed PA policy gain,Q/value/delta/gain: raw W; outcome MSE: W^2; probabilities/coverage: fraction; sample counts: explicit rows/PA/games,Take_adjudicated,Swing_offer_including_bunts,1-0,OUT,FB,fixed_score_sensitivity,,,,
cell,1-0|OUT|FB,trim_005,27691.0,0.914800132144037,0.40325880771583,0.2907171665957306,-0.1125416411200993,False,,,,bcap_swing__mlb_2024_2025__20260909__r01,BCAP-SWING-v0.1.0,swing,2024_2025,COMPLETE,outer_game_nested_procedure_OPE,season-weighted final PA W per selected current decision; no summed PA policy gain,Q/value/delta/gain: raw W; outcome MSE: W^2; probabilities/coverage: fraction; sample counts: explicit rows/PA/games,Take_adjudicated,Swing_offer_including_bunts,1-0,OUT,FB,fixed_score_sensitivity,,,,
cell,1-0|OUT|FB,trim_010,22113.0,0.7305252725470763,0.3985822623841669,0.296493249041264,-0.1020890133429028,True,,,,bcap_swing__mlb_2024_2025__20260909__r01,BCAP-SWING-v0.1.0,swing,2024_2025,COMPLETE,outer_game_nested_procedure_OPE,season-weighted final PA W per selected current decision; no summed PA policy gain,Q/value/delta/gain: raw W; outcome MSE: W^2; probabilities/coverage: fraction; sample counts: explicit rows/PA/games,Take_adjudicated,Swing_offer_including_bunts,1-0,OUT,FB,fixed_score_sensitivity,,,,
cell,1-0|OUT|FB,clip_010_same_target,27691.0,0.914800132144037,0.4033079256579752,0.2907428008968952,-0.1125651247610799,False,,,,bcap_swing__mlb_2024_2025__20260909__r01,BCAP-SWING-v0.1.0,swing,2024_2025,COMPLETE,outer_game_nested_procedure_OPE,season-weighted final PA W per selected current decision; no summed PA policy gain,Q/value/delta/gain: raw W; outcome MSE: W^2; probabilities/coverage: fraction; sample counts: explicit rows/PA/games,Take_adjudicated,Swing_offer_including_bunts,1-0,OUT,FB,fixed_score_sensitivity,,,,
cell,1-0|OUT|FB,first_count_visit,27691.0,0.914800132144037,0.40325880771583,0.2907171665957306,-0.1125416411200993,True,,,,bcap_swing__mlb_2024_2025__20260909__r01,BCAP-SWING-v0.1.0,swing,2024_2025,COMPLETE,outer_game_nested_procedure_OPE,season-weighted final PA W per selected current decision; no summed PA policy gain,Q/value/delta/gain: raw W; outcome MSE: W^2; probabilities/coverage: fraction; sample counts: explicit rows/PA/games,Take_adjudicated,Swing_offer_including_bunts,1-0,OUT,FB,fixed_score_sensitivity,,,,
cell,1-0|OUT|FB,fixed_score_cluster_pitcher,27691.0,,,,-0.1125416411200993,False,-0.1481201403330229,-0.0769631419071757,982.0,bcap_swing__mlb_2024_2025__20260909__r01,BCAP-SWING-v0.1.0,swing,2024_2025,COMPLETE,outer_game_nested_procedure_OPE,season-weighted final PA W per selected current decision; no summed PA policy gain,Q/value/delta/gain: raw W; outcome MSE: W^2; probabilities/coverage: fraction; sample counts: explicit rows/PA/games,Take_adjudicated,Swing_offer_including_bunts,1-0,OUT,FB,fixed_score_sensitivity,,,,
cell,1-0|OUT|FB,fixed_score_cluster_batter,27691.0,,,,-0.1125416411200993,False,-0.1463406922902623,-0.0787425899499363,703.0,bcap_swing__mlb_2024_2025__20260909__r01,BCAP-SWING-v0.1.0,swing,2024_2025,COMPLETE,outer_game_nested_procedure_OPE,season-weighted final PA W per selected current decision; no summed PA policy gain,Q/value/delta/gain: raw W; outcome MSE: W^2; probabilities/coverage: fraction; sample counts: explicit rows/PA/games,Take_adjudicated,Swing_offer_including_bunts,1-0,OUT,FB,fixed_score_sensitivity,,,,
cell,1-0|OUT|NFB,untrimmed,25695.0,0.9999221699031016,0.4208978284078081,0.2855960599740382,-0.1353017684337699,True,,,,bcap_swing__mlb_2024_2025__20260909__r01,BCAP-SWING-v0.1.0,swing,2024_2025,COMPLETE,outer_game_nested_procedure_OPE,season-weighted final PA W per selected current decision; no summed PA policy gain,Q/value/delta/gain: raw W; outcome MSE: W^2; probabilities/coverage: fraction; sample counts: explicit rows/PA/games,Take_adjudicated,Swing_offer_including_bunts,1-0,OUT,NFB,fixed_score_sensitivity,,,,
cell,1-0|OUT|NFB,trim_002,25088.0,0.9763007354944157,0.4207158189529032,0.2839787644860858,-0.1367370544668174,True,,,,bcap_swing__mlb_2024_2025__20260909__r01,BCAP-SWING-v0.1.0,swing,2024_2025,COMPLETE,outer_game_nested_procedure_OPE,season-weighted final PA W per selected current decision; no summed PA policy gain,Q/value/delta/gain: raw W; outcome MSE: W^2; probabilities/coverage: fraction; sample counts: explicit rows/PA/games,Take_adjudicated,Swing_offer_including_bunts,1-0,OUT,NFB,fixed_score_sensitivity,,,,
cell,1-0|OUT|NFB,trim_005,23683.0,0.92162509242324,0.4195553553004688,0.2873732369641699,-0.1321821183362988,False,,,,bcap_swing__mlb_2024_2025__20260909__r01,BCAP-SWING-v0.1.0,swing,2024_2025,COMPLETE,outer_game_nested_procedure_OPE,season-weighted final PA W per selected current decision; no summed PA policy gain,Q/value/delta/gain: raw W; outcome MSE: W^2; probabilities/coverage: fraction; sample counts: explicit rows/PA/games,Take_adjudicated,Swing_offer_including_bunts,1-0,OUT,NFB,fixed_score_sensitivity,,,,
cell,1-0|OUT|NFB,trim_010,20309.0,0.7903257189555201,0.4141941663345655,0.2881474319751211,-0.1260467343594443,True,,,,bcap_swing__mlb_2024_2025__20260909__r01,BCAP-SWING-v0.1.0,swing,2024_2025,COMPLETE,outer_game_nested_procedure_OPE,season-weighted final PA W per selected current decision; no summed PA policy gain,Q/value/delta/gain: raw W; outcome MSE: W^2; probabilities/coverage: fraction; sample counts: explicit rows/PA/games,Take_adjudicated,Swing_offer_including_bunts,1-0,OUT,NFB,fixed_score_sensitivity,,,,
cell,1-0|OUT|NFB,clip_010_same_target,23683.0,0.92162509242324,0.4196047025872497,0.2860204333902272,-0.1335842691970225,False,,,,bcap_swing__mlb_2024_2025__20260909__r01,BCAP-SWING-v0.1.0,swing,2024_2025,COMPLETE,outer_game_nested_procedure_OPE,season-weighted final PA W per selected current decision; no summed PA policy gain,Q/value/delta/gain: raw W; outcome MSE: W^2; probabilities/coverage: fraction; sample counts: explicit rows/PA/games,Take_adjudicated,Swing_offer_including_bunts,1-0,OUT,NFB,fixed_score_sensitivity,,,,
cell,1-0|OUT|NFB,first_count_visit,23683.0,0.92162509242324,0.4195553553004688,0.2873732369641699,-0.1321821183362988,True,,,,bcap_swing__mlb_2024_2025__20260909__r01,BCAP-SWING-v0.1.0,swing,2024_2025,COMPLETE,outer_game_nested_procedure_OPE,season-weighted final PA W per selected current decision; no summed PA policy gain,Q/value/delta/gain: raw W; outcome MSE: W^2; probabilities/coverage: fraction; sample counts: explicit rows/PA/games,Take_adjudicated,Swing_offer_including_bunts,1-0,OUT,NFB,fixed_score_sensitivity,,,,
cell,1-0|OUT|NFB,fixed_score_cluster_pitcher,23683.0,,,,-0.1321821183362988,False,-0.1680149432449315,-0.0963492934276661,1035.0,bcap_swing__mlb_2024_2025__20260909__r01,BCAP-SWING-v0.1.0,swing,2024_2025,COMPLETE,outer_game_nested_procedure_OPE,season-weighted final PA W per selected current decision; no summed PA policy gain,Q/value/delta/gain: raw W; outcome MSE: W^2; probabilities/coverage: fraction; sample counts: explicit rows/PA/games,Take_adjudicated,Swing_offer_including_bunts,1-0,OUT,NFB,fixed_score_sensitivity,,,,
cell,1-0|OUT|NFB,fixed_score_cluster_batter,23683.0,,,,-0.1321821183362988,False,-0.1689060419196303,-0.0954581947529673,699.0,bcap_swing__mlb_2024_2025__20260909__r01,BCAP-SWING-v0.1.0,swing,2024_2025,COMPLETE,outer_game_nested_procedure_OPE,season-weighted final PA W per selected current decision; no summed PA policy gain,Q/value/delta/gain: raw W; outcome MSE: W^2; probabilities/coverage: fraction; sample counts: explicit rows/PA/games,Take_adjudicated,Swing_offer_including_bunts,1-0,OUT,NFB,fixed_score_sensitivity,,,,
cell,1-1|BOUNDARY|FB,untrimmed,19213.0,0.9999479546164256,0.2531072492035643,0.262205517161984,0.0090982679584197,True,,,,bcap_swing__mlb_2024_2025__20260909__r01,BCAP-SWING-v0.1.0,swing,2024_2025,COMPLETE,outer_game_nested_procedure_OPE,season-weighted final PA W per selected current decision; no summed PA policy gain,Q/value/delta/gain: raw W; outcome MSE: W^2; probabilities/coverage: fraction; sample counts: explicit rows/PA/games,Take_adjudicated,Swing_offer_including_bunts,1-1,BOUNDARY,FB,fixed_score_sensitivity,,,,
cell,1-1|BOUNDARY|FB,trim_002,19164.0,0.997397730821276,0.2533091507587685,0.2624428557522067,0.0091337049934381,True,,,,bcap_swing__mlb_2024_2025__20260909__r01,BCAP-SWING-v0.1.0,swing,2024_2025,COMPLETE,outer_game_nested_procedure_OPE,season-weighted final PA W per selected current decision; no summed PA policy gain,Q/value/delta/gain: raw W; outcome MSE: W^2; probabilities/coverage: fraction; sample counts: explicit rows/PA/games,Take_adjudicated,Swing_offer_including_bunts,1-1,BOUNDARY,FB,fixed_score_sensitivity,,,,
cell,1-1|BOUNDARY|FB,trim_005,19164.0,0.997397730821276,0.2533091507587685,0.2624428557522067,0.0091337049934381,False,,,,bcap_swing__mlb_2024_2025__20260909__r01,BCAP-SWING-v0.1.0,swing,2024_2025,COMPLETE,outer_game_nested_procedure_OPE,season-weighted final PA W per selected current decision; no summed PA policy gain,Q/value/delta/gain: raw W; outcome MSE: W^2; probabilities/coverage: fraction; sample counts: explicit rows/PA/games,Take_adjudicated,Swing_offer_including_bunts,1-1,BOUNDARY,FB,fixed_score_sensitivity,,,,
cell,1-1|BOUNDARY|FB,trim_010,19143.0,0.9963047777662122,0.2534538744530521,0.2625716713106797,0.0091177968576275,True,,,,bcap_swing__mlb_2024_2025__20260909__r01,BCAP-SWING-v0.1.0,swing,2024_2025,COMPLETE,outer_game_nested_procedure_OPE,season-weighted final PA W per selected current decision; no summed PA policy gain,Q/value/delta/gain: raw W; outcome MSE: W^2; probabilities/coverage: fraction; sample counts: explicit rows/PA/games,Take_adjudicated,Swing_offer_including_bunts,1-1,BOUNDARY,FB,fixed_score_sensitivity,,,,
cell,1-1|BOUNDARY|FB,clip_010_same_target,19164.0,0.997397730821276,0.2533125184805687,0.2624411548362821,0.0091286363557133,False,,,,bcap_swing__mlb_2024_2025__20260909__r01,BCAP-SWING-v0.1.0,swing,2024_2025,COMPLETE,outer_game_nested_procedure_OPE,season-weighted final PA W per selected current decision; no summed PA policy gain,Q/value/delta/gain: raw W; outcome MSE: W^2; probabilities/coverage: fraction; sample counts: explicit rows/PA/games,Take_adjudicated,Swing_offer_including_bunts,1-1,BOUNDARY,FB,fixed_score_sensitivity,,,,
cell,1-1|BOUNDARY|FB,first_count_visit,19164.0,0.997397730821276,0.2533091507587685,0.2624428557522067,0.0091337049934381,True,,,,bcap_swing__mlb_2024_2025__20260909__r01,BCAP-SWING-v0.1.0,swing,2024_2025,COMPLETE,outer_game_nested_procedure_OPE,season-weighted final PA W per selected current decision; no summed PA policy gain,Q/value/delta/gain: raw W; outcome MSE: W^2; probabilities/coverage: fraction; sample counts: explicit rows/PA/games,Take_adjudicated,Swing_offer_including_bunts,1-1,BOUNDARY,FB,fixed_score_sensitivity,,,,
cell,1-1|BOUNDARY|FB,fixed_score_cluster_pitcher,19164.0,,,,0.0091337049934381,False,-0.0232330602278711,0.0415004702147474,948.0,bcap_swing__mlb_2024_2025__20260909__r01,BCAP-SWING-v0.1.0,swing,2024_2025,COMPLETE,outer_game_nested_procedure_OPE,season-weighted final PA W per selected current decision; no summed PA policy gain,Q/value/delta/gain: raw W; outcome MSE: W^2; probabilities/coverage: fraction; sample counts: explicit rows/PA/games,Take_adjudicated,Swing_offer_including_bunts,1-1,BOUNDARY,FB,fixed_score_sensitivity,,,,
cell,1-1|BOUNDARY|FB,fixed_score_cluster_batter,19164.0,,,,0.0091337049934381,False,-0.0236051081496621,0.0418725181365384,691.0,bcap_swing__mlb_2024_2025__20260909__r01,BCAP-SWING-v0.1.0,swing,2024_2025,COMPLETE,outer_game_nested_procedure_OPE,season-weighted final PA W per selected current decision; no summed PA policy gain,Q/value/delta/gain: raw W; outcome MSE: W^2; probabilities/coverage: fraction; sample counts: explicit rows/PA/games,Take_adjudicated,Swing_offer_including_bunts,1-1,BOUNDARY,FB,fixed_score_sensitivity,,,,
cell,1-1|BOUNDARY|NFB,untrimmed,16601.0,0.9998193206456276,0.2522408870413767,0.2601282669952734,0.0078873799538966,True,,,,bcap_swing__mlb_2024_2025__20260909__r01,BCAP-SWING-v0.1.0,swing,2024_2025,COMPLETE,outer_game_nested_procedure_OPE,season-weighted final PA W per selected current decision; no summed PA policy gain,Q/value/delta/gain: raw W; outcome MSE: W^2; probabilities/coverage: fraction; sample counts: explicit rows/PA/games,Take_adjudicated,Swing_offer_including_bunts,1-1,BOUNDARY,NFB,fixed_score_sensitivity,,,,
cell,1-1|BOUNDARY|NFB,trim_002,16546.0,0.996506865815466,0.2527043268097156,0.2605758186468349,0.0078714918371192,True,,,,bcap_swing__mlb_2024_2025__20260909__r01,BCAP-SWING-v0.1.0,swing,2024_2025,COMPLETE,outer_game_nested_procedure_OPE,season-weighted final PA W per selected current decision; no summed PA policy gain,Q/value/delta/gain: raw W; outcome MSE: W^2; probabilities/coverage: fraction; sample counts: explicit rows/PA/games,Take_adjudicated,Swing_offer_including_bunts,1-1,BOUNDARY,NFB,fixed_score_sensitivity,,,,
cell,1-1|BOUNDARY|NFB,trim_005,16546.0,0.996506865815466,0.2527043268097156,0.2605758186468349,0.0078714918371192,False,,,,bcap_swing__mlb_2024_2025__20260909__r01,BCAP-SWING-v0.1.0,swing,2024_2025,COMPLETE,outer_game_nested_procedure_OPE,season-weighted final PA W per selected current decision; no summed PA policy gain,Q/value/delta/gain: raw W; outcome MSE: W^2; probabilities/coverage: fraction; sample counts: explicit rows/PA/games,Take_adjudicated,Swing_offer_including_bunts,1-1,BOUNDARY,NFB,fixed_score_sensitivity,,,,
cell,1-1|BOUNDARY|NFB,trim_010,16461.0,0.9913876174415804,0.2526975494019871,0.2603603447542903,0.0076627953523031,True,,,,bcap_swing__mlb_2024_2025__20260909__r01,BCAP-SWING-v0.1.0,swing,2024_2025,COMPLETE,outer_game_nested_procedure_OPE,season-weighted final PA W per selected current decision; no summed PA policy gain,Q/value/delta/gain: raw W; outcome MSE: W^2; probabilities/coverage: fraction; sample counts: explicit rows/PA/games,Take_adjudicated,Swing_offer_including_bunts,1-1,BOUNDARY,NFB,fixed_score_sensitivity,,,,
cell,1-1|BOUNDARY|NFB,clip_010_same_target,16546.0,0.996506865815466,0.252769601417019,0.260574527663215,0.0078049262461959,False,,,,bcap_swing__mlb_2024_2025__20260909__r01,BCAP-SWING-v0.1.0,swing,2024_2025,COMPLETE,outer_game_nested_procedure_OPE,season-weighted final PA W per selected current decision; no summed PA policy gain,Q/value/delta/gain: raw W; outcome MSE: W^2; probabilities/coverage: fraction; sample counts: explicit rows/PA/games,Take_adjudicated,Swing_offer_including_bunts,1-1,BOUNDARY,NFB,fixed_score_sensitivity,,,,
cell,1-1|BOUNDARY|NFB,first_count_visit,16546.0,0.996506865815466,0.2527043268097156,0.2605758186468349,0.0078714918371192,True,,,,bcap_swing__mlb_2024_2025__20260909__r01,BCAP-SWING-v0.1.0,swing,2024_2025,COMPLETE,outer_game_nested_procedure_OPE,season-weighted final PA W per selected current decision; no summed PA policy gain,Q/value/delta/gain: raw W; outcome MSE: W^2; probabilities/coverage: fraction; sample counts: explicit rows/PA/games,Take_adjudicated,Swing_offer_including_bunts,1-1,BOUNDARY,NFB,fixed_score_sensitivity,,,,
cell,1-1|BOUNDARY|NFB,fixed_score_cluster_pitcher,16546.0,,,,0.0078714918371192,False,-0.0296459951444103,0.0453889788186488,975.0,bcap_swing__mlb_2024_2025__20260909__r01,BCAP-SWING-v0.1.0,swing,2024_2025,COMPLETE,outer_game_nested_procedure_OPE,season-weighted final PA W per selected current decision; no summed PA policy gain,Q/value/delta/gain: raw W; outcome MSE: W^2; probabilities/coverage: fraction; sample counts: explicit rows/PA/games,Take_adjudicated,Swing_offer_including_bunts,1-1,BOUNDARY,NFB,fixed_score_sensitivity,,,,
cell,1-1|BOUNDARY|NFB,fixed_score_cluster_batter,16546.0,,,,0.0078714918371192,False,-0.0303709401477483,0.0461139238219869,692.0,bcap_swing__mlb_2024_2025__20260909__r01,BCAP-SWING-v0.1.0,swing,2024_2025,COMPLETE,outer_game_nested_procedure_OPE,season-weighted final PA W per selected current decision; no summed PA policy gain,Q/value/delta/gain: raw W; outcome MSE: W^2; probabilities/coverage: fraction; sample counts: explicit rows/PA/games,Take_adjudicated,Swing_offer_including_bunts,1-1,BOUNDARY,NFB,fixed_score_sensitivity,,,,
cell,1-1|INNER|FB,untrimmed,23410.0,0.9998291620398052,0.2263561864572205,0.2929213743593333,0.0665651879021128,True,,,,bcap_swing__mlb_2024_2025__20260909__r01,BCAP-SWING-v0.1.0,swing,2024_2025,COMPLETE,outer_game_nested_procedure_OPE,season-weighted final PA W per selected current decision; no summed PA policy gain,Q/value/delta/gain: raw W; outcome MSE: W^2; probabilities/coverage: fraction; sample counts: explicit rows/PA/games,Take_adjudicated,Swing_offer_including_bunts,1-1,INNER,FB,fixed_score_sensitivity,,,,
cell,1-1|INNER|FB,trim_002,23338.0,0.9967540787562996,0.2267432802935802,0.2933172602130204,0.0665739799194402,True,,,,bcap_swing__mlb_2024_2025__20260909__r01,BCAP-SWING-v0.1.0,swing,2024_2025,COMPLETE,outer_game_nested_procedure_OPE,season-weighted final PA W per selected current decision; no summed PA policy gain,Q/value/delta/gain: raw W; outcome MSE: W^2; probabilities/coverage: fraction; sample counts: explicit rows/PA/games,Take_adjudicated,Swing_offer_including_bunts,1-1,INNER,FB,fixed_score_sensitivity,,,,
cell,1-1|INNER|FB,trim_005,23188.0,0.9903476552489964,0.2275368098188505,0.2928041485918313,0.0652673387729807,False,,,,bcap_swing__mlb_2024_2025__20260909__r01,BCAP-SWING-v0.1.0,swing,2024_2025,COMPLETE,outer_game_nested_procedure_OPE,season-weighted final PA W per selected current decision; no summed PA policy gain,Q/value/delta/gain: raw W; outcome MSE: W^2; probabilities/coverage: fraction; sample counts: explicit rows/PA/games,Take_adjudicated,Swing_offer_including_bunts,1-1,INNER,FB,fixed_score_sensitivity,,,,
cell,1-1|INNER|FB,trim_010,17534.0,0.7488681985137098,0.2333174362065036,0.2896244750051377,0.0563070387986341,True,,,,bcap_swing__mlb_2024_2025__20260909__r01,BCAP-SWING-v0.1.0,swing,2024_2025,COMPLETE,outer_game_nested_procedure_OPE,season-weighted final PA W per selected current decision; no summed PA policy gain,Q/value/delta/gain: raw W; outcome MSE: W^2; probabilities/coverage: fraction; sample counts: explicit rows/PA/games,Take_adjudicated,Swing_offer_including_bunts,1-1,INNER,FB,fixed_score_sensitivity,,,,
cell,1-1|INNER|FB,clip_010_same_target,23188.0,0.9903476552489964,0.2296114917082936,0.2928291139805382,0.0632176222722445,False,,,,bcap_swing__mlb_2024_2025__20260909__r01,BCAP-SWING-v0.1.0,swing,2024_2025,COMPLETE,outer_game_nested_procedure_OPE,season-weighted final PA W per selected current decision; no summed PA policy gain,Q/value/delta/gain: raw W; outcome MSE: W^2; probabilities/coverage: fraction; sample counts: explicit rows/PA/games,Take_adjudicated,Swing_offer_including_bunts,1-1,INNER,FB,fixed_score_sensitivity,,,,
cell,1-1|INNER|FB,first_count_visit,23188.0,0.9903476552489964,0.2275368098188505,0.2928041485918313,0.0652673387729807,True,,,,bcap_swing__mlb_2024_2025__20260909__r01,BCAP-SWING-v0.1.0,swing,2024_2025,COMPLETE,outer_game_nested_procedure_OPE,season-weighted final PA W per selected current decision; no summed PA policy gain,Q/value/delta/gain: raw W; outcome MSE: W^2; probabilities/coverage: fraction; sample counts: explicit rows/PA/games,Take_adjudicated,Swing_offer_including_bunts,1-1,INNER,FB,fixed_score_sensitivity,,,,
cell,1-1|INNER|FB,fixed_score_cluster_pitcher,23188.0,,,,0.0652673387729807,False,0.0248766578659715,0.10565801967999,960.0,bcap_swing__mlb_2024_2025__20260909__r01,BCAP-SWING-v0.1.0,swing,2024_2025,COMPLETE,outer_game_nested_procedure_OPE,season-weighted final PA W per selected current decision; no summed PA policy gain,Q/value/delta/gain: raw W; outcome MSE: W^2; probabilities/coverage: fraction; sample counts: explicit rows/PA/games,Take_adjudicated,Swing_offer_including_bunts,1-1,INNER,FB,fixed_score_sensitivity,,,,
cell,1-1|INNER|FB,fixed_score_cluster_batter,23188.0,,,,0.0652673387729807,False,0.0280012480307082,0.1025334295152533,697.0,bcap_swing__mlb_2024_2025__20260909__r01,BCAP-SWING-v0.1.0,swing,2024_2025,COMPLETE,outer_game_nested_procedure_OPE,season-weighted final PA W per selected current decision; no summed PA policy gain,Q/value/delta/gain: raw W; outcome MSE: W^2; probabilities/coverage: fraction; sample counts: explicit rows/PA/games,Take_adjudicated,Swing_offer_including_bunts,1-1,INNER,FB,fixed_score_sensitivity,,,,
cell,1-1|INNER|NFB,untrimmed,17450.0,1.0,0.2058416133570611,0.3103066317049984,0.1044650183479374,True,,,,bcap_swing__mlb_2024_2025__20260909__r01,BCAP-SWING-v0.1.0,swing,2024_2025,COMPLETE,outer_game_nested_procedure_OPE,season-weighted final PA W per selected current decision; no summed PA policy gain,Q/value/delta/gain: raw W; outcome MSE: W^2; probabilities/coverage: fraction; sample counts: explicit rows/PA/games,Take_adjudicated,Swing_offer_including_bunts,1-1,INNER,NFB,fixed_score_sensitivity,,,,
cell,1-1|INNER|NFB,trim_002,17400.0,0.997134670487106,0.2065697100306373,0.3106706399197356,0.1041009298890982,True,,,,bcap_swing__mlb_2024_2025__20260909__r01,BCAP-SWING-v0.1.0,swing,2024_2025,COMPLETE,outer_game_nested_procedure_OPE,season-weighted final PA W per selected current decision; no summed PA policy gain,Q/value/delta/gain: raw W; outcome MSE: W^2; probabilities/coverage: fraction; sample counts: explicit rows/PA/games,Take_adjudicated,Swing_offer_including_bunts,1-1,INNER,NFB,fixed_score_sensitivity,,,,
cell,1-1|INNER|NFB,trim_005,17292.0,0.990945558739255,0.205492067185407,0.3104409287819692,0.1049488615965622,False,,,,bcap_swing__mlb_2024_2025__20260909__r01,BCAP-SWING-v0.1.0,swing,2024_2025,COMPLETE,outer_game_nested_procedure_OPE,season-weighted final PA W per selected current decision; no summed PA policy gain,Q/value/delta/gain: raw W; outcome MSE: W^2; probabilities/coverage: fraction; sample counts: explicit rows/PA/games,Take_adjudicated,Swing_offer_including_bunts,1-1,INNER,NFB,fixed_score_sensitivity,,,,
cell,1-1|INNER|NFB,trim_010,13553.0,0.776676217765043,0.2181336410572574,0.3063046637420008,0.0881710226847434,True,,,,bcap_swing__mlb_2024_2025__20260909__r01,BCAP-SWING-v0.1.0,swing,2024_2025,COMPLETE,outer_game_nested_procedure_OPE,season-weighted final PA W per selected current decision; no summed PA policy gain,Q/value/delta/gain: raw W; outcome MSE: W^2; probabilities/coverage: fraction; sample counts: explicit rows/PA/games,Take_adjudicated,Swing_offer_including_bunts,1-1,INNER,NFB,fixed_score_sensitivity,,,,
cell,1-1|INNER|NFB,clip_010_same_target,17292.0,0.990945558739255,0.2074383444300835,0.3105213066971714,0.1030829622670878,False,,,,bcap_swing__mlb_2024_2025__20260909__r01,BCAP-SWING-v0.1.0,swing,2024_2025,COMPLETE,outer_game_nested_procedure_OPE,season-weighted final PA W per selected current decision; no summed PA policy gain,Q/value/delta/gain: raw W; outcome MSE: W^2; probabilities/coverage: fraction; sample counts: explicit rows/PA/games,Take_adjudicated,Swing_offer_including_bunts,1-1,INNER,NFB,fixed_score_sensitivity,,,,
cell,1-1|INNER|NFB,first_count_visit,17292.0,0.990945558739255,0.205492067185407,0.3104409287819692,0.1049488615965622,True,,,,bcap_swing__mlb_2024_2025__20260909__r01,BCAP-SWING-v0.1.0,swing,2024_2025,COMPLETE,outer_game_nested_procedure_OPE,season-weighted final PA W per selected current decision; no summed PA policy gain,Q/value/delta/gain: raw W; outcome MSE: W^2; probabilities/coverage: fraction; sample counts: explicit rows/PA/games,Take_adjudicated,Swing_offer_including_bunts,1-1,INNER,NFB,fixed_score_sensitivity,,,,
cell,1-1|INNER|NFB,fixed_score_cluster_pitcher,17292.0,,,,0.1049488615965622,False,0.0617107834584365,0.1481869397346878,980.0,bcap_swing__mlb_2024_2025__20260909__r01,BCAP-SWING-v0.1.0,swing,2024_2025,COMPLETE,outer_game_nested_procedure_OPE,season-weighted final PA W per selected current decision; no summed PA policy gain,Q/value/delta/gain: raw W; outcome MSE: W^2; probabilities/coverage: fraction; sample counts: explicit rows/PA/games,Take_adjudicated,Swing_offer_including_bunts,1-1,INNER,NFB,fixed_score_sensitivity,,,,
cell,1-1|INNER|NFB,fixed_score_cluster_batter,17292.0,,,,0.1049488615965622,False,0.0579880758684812,0.1519096473246432,696.0,bcap_swing__mlb_2024_2025__20260909__r01,BCAP-SWING-v0.1.0,swing,2024_2025,COMPLETE,outer_game_nested_procedure_OPE,season-weighted final PA W per selected current decision; no summed PA policy gain,Q/value/delta/gain: raw W; outcome MSE: W^2; probabilities/coverage: fraction; sample counts: explicit rows/PA/games,Take_adjudicated,Swing_offer_including_bunts,1-1,INNER,NFB,fixed_score_sensitivity,,,,
cell,1-1|OUT|FB,untrimmed,29499.0,0.9998305314533622,0.3381147650703034,0.2204225852584253,-0.1176921798118781,True,,,,bcap_swing__mlb_2024_2025__20260909__r01,BCAP-SWING-v0.1.0,swing,2024_2025,COMPLETE,outer_game_nested_procedure_OPE,season-weighted final PA W per selected current decision; no summed PA policy gain,Q/value/delta/gain: raw W; outcome MSE: W^2; probabilities/coverage: fraction; sample counts: explicit rows/PA/games,Take_adjudicated,Swing_offer_including_bunts,1-1,OUT,FB,fixed_score_sensitivity,,,,
cell,1-1|OUT|FB,trim_002,29151.0,0.9880355206073752,0.3379431196613665,0.222867083995347,-0.1150760356660195,True,,,,bcap_swing__mlb_2024_2025__20260909__r01,BCAP-SWING-v0.1.0,swing,2024_2025,COMPLETE,outer_game_nested_procedure_OPE,season-weighted final PA W per selected current decision; no summed PA policy gain,Q/value/delta/gain: raw W; outcome MSE: W^2; probabilities/coverage: fraction; sample counts: explicit rows/PA/games,Take_adjudicated,Swing_offer_including_bunts,1-1,OUT,FB,fixed_score_sensitivity,,,,
cell,1-1|OUT|FB,trim_005,28213.0,0.9562432212581344,0.3369143543855386,0.22484193114917,-0.1120724232363685,False,,,,bcap_swing__mlb_2024_2025__20260909__r01,BCAP-SWING-v0.1.0,swing,2024_2025,COMPLETE,outer_game_nested_procedure_OPE,season-weighted final PA W per selected current decision; no summed PA policy gain,Q/value/delta/gain: raw W; outcome MSE: W^2; probabilities/coverage: fraction; sample counts: explicit rows/PA/games,Take_adjudicated,Swing_offer_including_bunts,1-1,OUT,FB,fixed_score_sensitivity,,,,
cell,1-1|OUT|FB,trim_010,24946.0,0.8455124728850325,0.3332371511293188,0.2243573254710584,-0.1088798256582604,True,,,,bcap_swing__mlb_2024_2025__20260909__r01,BCAP-SWING-v0.1.0,swing,2024_2025,COMPLETE,outer_game_nested_procedure_OPE,season-weighted final PA W per selected current decision; no summed PA policy gain,Q/value/delta/gain: raw W; outcome MSE: W^2; probabilities/coverage: fraction; sample counts: explicit rows/PA/games,Take_adjudicated,Swing_offer_including_bunts,1-1,OUT,FB,fixed_score_sensitivity,,,,
cell,1-1|OUT|FB,clip_010_same_target,28213.0,0.9562432212581344,0.3369825356503336,0.2243676498529333,-0.1126148857974003,False,,,,bcap_swing__mlb_2024_2025__20260909__r01,BCAP-SWING-v0.1.0,swing,2024_2025,COMPLETE,outer_game_nested_procedure_OPE,season-weighted final PA W per selected current decision; no summed PA policy gain,Q/value/delta/gain: raw W; outcome MSE: W^2; probabilities/coverage: fraction; sample counts: explicit rows/PA/games,Take_adjudicated,Swing_offer_including_bunts,1-1,OUT,FB,fixed_score_sensitivity,,,,
cell,1-1|OUT|FB,first_count_visit,28213.0,0.9562432212581344,0.3369143543855386,0.22484193114917,-0.1120724232363685,True,,,,bcap_swing__mlb_2024_2025__20260909__r01,BCAP-SWING-v0.1.0,swing,2024_2025,COMPLETE,outer_game_nested_procedure_OPE,season-weighted final PA W per selected current decision; no summed PA policy gain,Q/value/delta/gain: raw W; outcome MSE: W^2; probabilities/coverage: fraction; sample counts: explicit rows/PA/games,Take_adjudicated,Swing_offer_including_bunts,1-1,OUT,FB,fixed_score_sensitivity,,,,
cell,1-1|OUT|FB,fixed_score_cluster_pitcher,28213.0,,,,-0.1120724232363685,False,-0.1396302927533428,-0.0845145537193943,976.0,bcap_swing__mlb_2024_2025__20260909__r01,BCAP-SWING-v0.1.0,swing,2024_2025,COMPLETE,outer_game_nested_procedure_OPE,season-weighted final PA W per selected current decision; no summed PA policy gain,Q/value/delta/gain: raw W; outcome MSE: W^2; probabilities/coverage: fraction; sample counts: explicit rows/PA/games,Take_adjudicated,Swing_offer_including_bunts,1-1,OUT,FB,fixed_score_sensitivity,,,,
cell,1-1|OUT|FB,fixed_score_cluster_batter,28213.0,,,,-0.1120724232363685,False,-0.1403886948446226,-0.0837561516281144,699.0,bcap_swing__mlb_2024_2025__20260909__r01,BCAP-SWING-v0.1.0,swing,2024_2025,COMPLETE,outer_game_nested_procedure_OPE,season-weighted final PA W per selected current decision; no summed PA policy gain,Q/value/delta/gain: raw W; outcome MSE: W^2; probabilities/coverage: fraction; sample counts: explicit rows/PA/games,Take_adjudicated,Swing_offer_including_bunts,1-1,OUT,FB,fixed_score_sensitivity,,,,
cell,1-1|OUT|NFB,untrimmed,36322.0,0.9999174122505162,0.3477826454137585,0.2172126701490255,-0.130569975264733,True,,,,bcap_swing__mlb_2024_2025__20260909__r01,BCAP-SWING-v0.1.0,swing,2024_2025,COMPLETE,outer_game_nested_procedure_OPE,season-weighted final PA W per selected current decision; no summed PA policy gain,Q/value/delta/gain: raw W; outcome MSE: W^2; probabilities/coverage: fraction; sample counts: explicit rows/PA/games,Take_adjudicated,Swing_offer_including_bunts,1-1,OUT,NFB,fixed_score_sensitivity,,,,
cell,1-1|OUT|NFB,trim_002,35950.0,0.9896765313145216,0.3476753228907357,0.217798649893869,-0.1298766729968667,True,,,,bcap_swing__mlb_2024_2025__20260909__r01,BCAP-SWING-v0.1.0,swing,2024_2025,COMPLETE,outer_game_nested_procedure_OPE,season-weighted final PA W per selected current decision; no summed PA policy gain,Q/value/delta/gain: raw W; outcome MSE: W^2; probabilities/coverage: fraction; sample counts: explicit rows/PA/games,Take_adjudicated,Swing_offer_including_bunts,1-1,OUT,NFB,fixed_score_sensitivity,,,,
cell,1-1|OUT|NFB,trim_005,34640.0,0.9536132140399174,0.3479641615103076,0.2203980205978648,-0.1275661409124427,False,,,,bcap_swing__mlb_2024_2025__20260909__r01,BCAP-SWING-v0.1.0,swing,2024_2025,COMPLETE,outer_game_nested_procedure_OPE,season-weighted final PA W per selected current decision; no summed PA policy gain,Q/value/delta/gain: raw W; outcome MSE: W^2; probabilities/coverage: fraction; sample counts: explicit rows/PA/games,Take_adjudicated,Swing_offer_including_bunts,1-1,OUT,NFB,fixed_score_sensitivity,,,,
cell,1-1|OUT|NFB,trim_010,32121.0,0.884267033723331,0.3454249373452582,0.2218237125059779,-0.1236012248392802,True,,,,bcap_swing__mlb_2024_2025__20260909__r01,BCAP-SWING-v0.1.0,swing,2024_2025,COMPLETE,outer_game_nested_procedure_OPE,season-weighted final PA W per selected current decision; no summed PA policy gain,Q/value/delta/gain: raw W; outcome MSE: W^2; probabilities/coverage: fraction; sample counts: explicit rows/PA/games,Take_adjudicated,Swing_offer_including_bunts,1-1,OUT,NFB,fixed_score_sensitivity,,,,
cell,1-1|OUT|NFB,clip_010_same_target,34640.0,0.9536132140399174,0.3479630817463047,0.2197512358355096,-0.1282118459107951,False,,,,bcap_swing__mlb_2024_2025__20260909__r01,BCAP-SWING-v0.1.0,swing,2024_2025,COMPLETE,outer_game_nested_procedure_OPE,season-weighted final PA W per selected current decision; no summed PA policy gain,Q/value/delta/gain: raw W; outcome MSE: W^2; probabilities/coverage: fraction; sample counts: explicit rows/PA/games,Take_adjudicated,Swing_offer_including_bunts,1-1,OUT,NFB,fixed_score_sensitivity,,,,
cell,1-1|OUT|NFB,first_count_visit,34640.0,0.9536132140399174,0.3479641615103076,0.2203980205978648,-0.1275661409124427,True,,,,bcap_swing__mlb_2024_2025__20260909__r01,BCAP-SWING-v0.1.0,swing,2024_2025,COMPLETE,outer_game_nested_procedure_OPE,season-weighted final PA W per selected current decision; no summed PA policy gain,Q/value/delta/gain: raw W; outcome MSE: W^2; probabilities/coverage: fraction; sample counts: explicit rows/PA/games,Take_adjudicated,Swing_offer_including_bunts,1-1,OUT,NFB,fixed_score_sensitivity,,,,
cell,1-1|OUT|NFB,fixed_score_cluster_pitcher,34640.0,,,,-0.1275661409124427,False,-0.152647231323379,-0.1024850505015065,1048.0,bcap_swing__mlb_2024_2025__20260909__r01,BCAP-SWING-v0.1.0,swing,2024_2025,COMPLETE,outer_game_nested_procedure_OPE,season-weighted final PA W per selected current decision; no summed PA policy gain,Q/value/delta/gain: raw W; outcome MSE: W^2; probabilities/coverage: fraction; sample counts: explicit rows/PA/games,Take_adjudicated,Swing_offer_including_bunts,1-1,OUT,NFB,fixed_score_sensitivity,,,,
cell,1-1|OUT|NFB,fixed_score_cluster_batter,34640.0,,,,-0.1275661409124427,False,-0.1515961273853753,-0.1035361544395102,702.0,bcap_swing__mlb_2024_2025__20260909__r01,BCAP-SWING-v0.1.0,swing,2024_2025,COMPLETE,outer_game_nested_procedure_OPE,season-weighted final PA W per selected current decision; no summed PA policy gain,Q/value/delta/gain: raw W; outcome MSE: W^2; probabilities/coverage: fraction; sample counts: explicit rows/PA/games,Take_adjudicated,Swing_offer_including_bunts,1-1,OUT,NFB,fixed_score_sensitivity,,,,
cell,1-2|BOUNDARY|FB,untrimmed,15018.0,0.99993341767095,0.0961819105712351,0.2255007315084934,0.1293188209372584,True,,,,bcap_swing__mlb_2024_2025__20260909__r01,BCAP-SWING-v0.1.0,swing,2024_2025,COMPLETE,outer_game_nested_procedure_OPE,season-weighted final PA W per selected current decision; no summed PA policy gain,Q/value/delta/gain: raw W; outcome MSE: W^2; probabilities/coverage: fraction; sample counts: explicit rows/PA/games,Take_adjudicated,Swing_offer_including_bunts,1-2,BOUNDARY,FB,fixed_score_sensitivity,,,,
cell,1-2|BOUNDARY|FB,trim_002,14980.0,0.9974032891670552,0.0967302585160771,0.2256919234879148,0.1289616649718377,True,,,,bcap_swing__mlb_2024_2025__20260909__r01,BCAP-SWING-v0.1.0,swing,2024_2025,COMPLETE,outer_game_nested_procedure_OPE,season-weighted final PA W per selected current decision; no summed PA policy gain,Q/value/delta/gain: raw W; outcome MSE: W^2; probabilities/coverage: fraction; sample counts: explicit rows/PA/games,Take_adjudicated,Swing_offer_including_bunts,1-2,BOUNDARY,FB,fixed_score_sensitivity,,,,
cell,1-2|BOUNDARY|FB,trim_005,14950.0,0.9954058192955588,0.0966778990975042,0.2257512067724468,0.1290733076749426,False,,,,bcap_swing__mlb_2024_2025__20260909__r01,BCAP-SWING-v0.1.0,swing,2024_2025,COMPLETE,outer_game_nested_procedure_OPE,season-weighted final PA W per selected current decision; no summed PA policy gain,Q/value/delta/gain: raw W; outcome MSE: W^2; probabilities/coverage: fraction; sample counts: explicit rows/PA/games,Take_adjudicated,Swing_offer_including_bunts,1-2,BOUNDARY,FB,fixed_score_sensitivity,,,,
cell,1-2|BOUNDARY|FB,trim_010,13657.0,0.9093148678340768,0.0971659362764212,0.2250630270211855,0.1278970907447642,True,,,,bcap_swing__mlb_2024_2025__20260909__r01,BCAP-SWING-v0.1.0,swing,2024_2025,COMPLETE,outer_game_nested_procedure_OPE,season-weighted final PA W per selected current decision; no summed PA policy gain,Q/value/delta/gain: raw W; outcome MSE: W^2; probabilities/coverage: fraction; sample counts: explicit rows/PA/games,Take_adjudicated,Swing_offer_including_bunts,1-2,BOUNDARY,FB,fixed_score_sensitivity,,,,
cell,1-2|BOUNDARY|FB,clip_010_same_target,14950.0,0.9954058192955588,0.0967765679656547,0.2257536226178225,0.1289770546521677,False,,,,bcap_swing__mlb_2024_2025__20260909__r01,BCAP-SWING-v0.1.0,swing,2024_2025,COMPLETE,outer_game_nested_procedure_OPE,season-weighted final PA W per selected current decision; no summed PA policy gain,Q/value/delta/gain: raw W; outcome MSE: W^2; probabilities/coverage: fraction; sample counts: explicit rows/PA/games,Take_adjudicated,Swing_offer_including_bunts,1-2,BOUNDARY,FB,fixed_score_sensitivity,,,,
cell,1-2|BOUNDARY|FB,first_count_visit,14355.0,0.9557893335108862,0.0954514779529969,0.2241934535268236,0.1287419755738267,True,,,,bcap_swing__mlb_2024_2025__20260909__r01,BCAP-SWING-v0.1.0,swing,2024_2025,COMPLETE,outer_game_nested_procedure_OPE,season-weighted final PA W per selected current decision; no summed PA policy gain,Q/value/delta/gain: raw W; outcome MSE: W^2; probabilities/coverage: fraction; sample counts: explicit rows/PA/games,Take_adjudicated,Swing_offer_including_bunts,1-2,BOUNDARY,FB,fixed_score_sensitivity,,,,
cell,1-2|BOUNDARY|FB,fixed_score_cluster_pitcher,14950.0,,,,0.1290733076749426,False,0.0962065476055786,0.1619400677443066,920.0,bcap_swing__mlb_2024_2025__20260909__r01,BCAP-SWING-v0.1.0,swing,2024_2025,COMPLETE,outer_game_nested_procedure_OPE,season-weighted final PA W per selected current decision; no summed PA policy gain,Q/value/delta/gain: raw W; outcome MSE: W^2; probabilities/coverage: fraction; sample counts: explicit rows/PA/games,Take_adjudicated,Swing_offer_including_bunts,1-2,BOUNDARY,FB,fixed_score_sensitivity,,,,
cell,1-2|BOUNDARY|FB,fixed_score_cluster_batter,14950.0,,,,0.1290733076749426,False,0.0961148031735982,0.1620318121762869,691.0,bcap_swing__mlb_2024_2025__20260909__r01,BCAP-SWING-v0.1.0,swing,2024_2025,COMPLETE,outer_game_nested_procedure_OPE,season-weighted final PA W per selected current decision; no summed PA policy gain,Q/value/delta/gain: raw W; outcome MSE: W^2; probabilities/coverage: fraction; sample counts: explicit rows/PA/games,Take_adjudicated,Swing_offer_including_bunts,1-2,BOUNDARY,FB,fixed_score_sensitivity,,,,
cell,1-2|BOUNDARY|NFB,untrimmed,14615.0,1.0,0.1074337625960336,0.2236049966231613,0.1161712340271277,True,,,,bcap_swing__mlb_2024_2025__20260909__r01,BCAP-SWING-v0.1.0,swing,2024_2025,COMPLETE,outer_game_nested_procedure_OPE,season-weighted final PA W per selected current decision; no summed PA policy gain,Q/value/delta/gain: raw W; outcome MSE: W^2; probabilities/coverage: fraction; sample counts: explicit rows/PA/games,Take_adjudicated,Swing_offer_including_bunts,1-2,BOUNDARY,NFB,fixed_score_sensitivity,,,,
cell,1-2|BOUNDARY|NFB,trim_002,14554.0,0.9958262059527884,0.1076969098668127,0.2238423022844652,0.1161453924176525,True,,,,bcap_swing__mlb_2024_2025__20260909__r01,BCAP-SWING-v0.1.0,swing,2024_2025,COMPLETE,outer_game_nested_procedure_OPE,season-weighted final PA W per selected current decision; no summed PA policy gain,Q/value/delta/gain: raw W; outcome MSE: W^2; probabilities/coverage: fraction; sample counts: explicit rows/PA/games,Take_adjudicated,Swing_offer_including_bunts,1-2,BOUNDARY,NFB,fixed_score_sensitivity,,,,
cell,1-2|BOUNDARY|NFB,trim_005,14345.0,0.9815258296270954,0.1094411520234114,0.2236253140028063,0.1141841619793948,False,,,,bcap_swing__mlb_2024_2025__20260909__r01,BCAP-SWING-v0.1.0,swing,2024_2025,COMPLETE,outer_game_nested_procedure_OPE,season-weighted final PA W per selected current decision; no summed PA policy gain,Q/value/delta/gain: raw W; outcome MSE: W^2; probabilities/coverage: fraction; sample counts: explicit rows/PA/games,Take_adjudicated,Swing_offer_including_bunts,1-2,BOUNDARY,NFB,fixed_score_sensitivity,,,,
cell,1-2|BOUNDARY|NFB,trim_010,10144.0,0.6940814231953473,0.1309206465715004,0.21920521417398,0.0882845676024796,True,,,,bcap_swing__mlb_2024_2025__20260909__r01,BCAP-SWING-v0.1.0,swing,2024_2025,COMPLETE,outer_game_nested_procedure_OPE,season-weighted final PA W per selected current decision; no summed PA policy gain,Q/value/delta/gain: raw W; outcome MSE: W^2; probabilities/coverage: fraction; sample counts: explicit rows/PA/games,Take_adjudicated,Swing_offer_including_bunts,1-2,BOUNDARY,NFB,fixed_score_sensitivity,,,,
cell,1-2|BOUNDARY|NFB,clip_010_same_target,14345.0,0.9815258296270954,0.1155265711116437,0.223639367063156,0.1081127959515123,False,,,,bcap_swing__mlb_2024_2025__20260909__r01,BCAP-SWING-v0.1.0,swing,2024_2025,COMPLETE,outer_game_nested_procedure_OPE,season-weighted final PA W per selected current decision; no summed PA policy gain,Q/value/delta/gain: raw W; outcome MSE: W^2; probabilities/coverage: fraction; sample counts: explicit rows/PA/games,Take_adjudicated,Swing_offer_including_bunts,1-2,BOUNDARY,NFB,fixed_score_sensitivity,,,,
cell,1-2|BOUNDARY|NFB,first_count_visit,13809.0,0.9448511802942182,0.1092914701024204,0.2228892374274772,0.1135977673250567,True,,,,bcap_swing__mlb_2024_2025__20260909__r01,BCAP-SWING-v0.1.0,swing,2024_2025,COMPLETE,outer_game_nested_procedure_OPE,season-weighted final PA W per selected current decision; no summed PA policy gain,Q/value/delta/gain: raw W; outcome MSE: W^2; probabilities/coverage: fraction; sample counts: explicit rows/PA/games,Take_adjudicated,Swing_offer_including_bunts,1-2,BOUNDARY,NFB,fixed_score_sensitivity,,,,
cell,1-2|BOUNDARY|NFB,fixed_score_cluster_pitcher,14345.0,,,,0.1141841619793948,False,0.076838352293319,0.1515299716654707,944.0,bcap_swing__mlb_2024_2025__20260909__r01,BCAP-SWING-v0.1.0,swing,2024_2025,COMPLETE,outer_game_nested_procedure_OPE,season-weighted final PA W per selected current decision; no summed PA policy gain,Q/value/delta/gain: raw W; outcome MSE: W^2; probabilities/coverage: fraction; sample counts: explicit rows/PA/games,Take_adjudicated,Swing_offer_including_bunts,1-2,BOUNDARY,NFB,fixed_score_sensitivity,,,,
cell,1-2|BOUNDARY|NFB,fixed_score_cluster_batter,14345.0,,,,0.1141841619793948,False,0.0771244445021839,0.1512438794566057,694.0,bcap_swing__mlb_2024_2025__20260909__r01,BCAP-SWING-v0.1.0,swing,2024_2025,COMPLETE,outer_game_nested_procedure_OPE,season-weighted final PA W per selected current decision; no summed PA policy gain,Q/value/delta/gain: raw W; outcome MSE: W^2; probabilities/coverage: fraction; sample counts: explicit rows/PA/games,Take_adjudicated,Swing_offer_including_bunts,1-2,BOUNDARY,NFB,fixed_score_sensitivity,,,,
cell,1-2|INNER|FB,untrimmed,15355.0,0.9998046620653732,0.0254677800072183,0.2636841993386582,0.2382164193314399,True,,,,bcap_swing__mlb_2024_2025__20260909__r01,BCAP-SWING-v0.1.0,swing,2024_2025,COMPLETE,outer_game_nested_procedure_OPE,season-weighted final PA W per selected current decision; no summed PA policy gain,Q/value/delta/gain: raw W; outcome MSE: W^2; probabilities/coverage: fraction; sample counts: explicit rows/PA/games,Take_adjudicated,Swing_offer_including_bunts,1-2,INNER,FB,fixed_score_sensitivity,,,,
cell,1-2|INNER|FB,trim_002,15299.0,0.9961583539523376,0.025506159075984,0.2641115515101873,0.2386053924342032,True,,,,bcap_swing__mlb_2024_2025__20260909__r01,BCAP-SWING-v0.1.0,swing,2024_2025,COMPLETE,outer_game_nested_procedure_OPE,season-weighted final PA W per selected current decision; no summed PA policy gain,Q/value/delta/gain: raw W; outcome MSE: W^2; probabilities/coverage: fraction; sample counts: explicit rows/PA/games,Take_adjudicated,Swing_offer_including_bunts,1-2,INNER,FB,fixed_score_sensitivity,,,,
cell,1-2|INNER|FB,trim_005,14377.0,0.9361244953770024,0.0240264065098652,0.2619216870316868,0.2378952805218215,False,,,,bcap_swing__mlb_2024_2025__20260909__r01,BCAP-SWING-v0.1.0,swing,2024_2025,COMPLETE,outer_game_nested_procedure_OPE,season-weighted final PA W per selected current decision; no summed PA policy gain,Q/value/delta/gain: raw W; outcome MSE: W^2; probabilities/coverage: fraction; sample counts: explicit rows/PA/games,Take_adjudicated,Swing_offer_including_bunts,1-2,INNER,FB,fixed_score_sensitivity,,,,
cell,1-2|INNER|FB,trim_010,5964.0,0.3883318140382862,0.0212930662013531,0.2587527585448612,0.237459692343508,True,,,,bcap_swing__mlb_2024_2025__20260909__r01,BCAP-SWING-v0.1.0,swing,2024_2025,COMPLETE,outer_game_nested_procedure_OPE,season-weighted final PA W per selected current decision; no summed PA policy gain,Q/value/delta/gain: raw W; outcome MSE: W^2; probabilities/coverage: fraction; sample counts: explicit rows/PA/games,Take_adjudicated,Swing_offer_including_bunts,1-2,INNER,FB,fixed_score_sensitivity,,,,
cell,1-2|INNER|FB,clip_010_same_target,14377.0,0.9361244953770024,0.0339742346187474,0.2618474644220975,0.22787322980335,False,,,,bcap_swing__mlb_2024_2025__20260909__r01,BCAP-SWING-v0.1.0,swing,2024_2025,COMPLETE,outer_game_nested_procedure_OPE,season-weighted final PA W per selected current decision; no summed PA policy gain,Q/value/delta/gain: raw W; outcome MSE: W^2; probabilities/coverage: fraction; sample counts: explicit rows/PA/games,Take_adjudicated,Swing_offer_including_bunts,1-2,INNER,FB,fixed_score_sensitivity,,,,
cell,1-2|INNER|FB,first_count_visit,13659.0,0.8893736163562964,0.0231649555337541,0.2612654523103824,0.2381004967766282,True,,,,bcap_swing__mlb_2024_2025__20260909__r01,BCAP-SWING-v0.1.0,swing,2024_2025,COMPLETE,outer_game_nested_procedure_OPE,season-weighted final PA W per selected current decision; no summed PA policy gain,Q/value/delta/gain: raw W; outcome MSE: W^2; probabilities/coverage: fraction; sample counts: explicit rows/PA/games,Take_adjudicated,Swing_offer_including_bunts,1-2,INNER,FB,fixed_score_sensitivity,,,,
cell,1-2|INNER|FB,fixed_score_cluster_pitcher,14377.0,,,,0.2378952805218215,False,0.2152964534973118,0.2604941075463313,912.0,bcap_swing__mlb_2024_2025__20260909__r01,BCAP-SWING-v0.1.0,swing,2024_2025,COMPLETE,outer_game_nested_procedure_OPE,season-weighted final PA W per selected current decision; no summed PA policy gain,Q/value/delta/gain: raw W; outcome MSE: W^2; probabilities/coverage: fraction; sample counts: explicit rows/PA/games,Take_adjudicated,Swing_offer_including_bunts,1-2,INNER,FB,fixed_score_sensitivity,,,,
cell,1-2|INNER|FB,fixed_score_cluster_batter,14377.0,,,,0.2378952805218215,False,0.2136108183138066,0.2621797427298365,692.0,bcap_swing__mlb_2024_2025__20260909__r01,BCAP-SWING-v0.1.0,swing,2024_2025,COMPLETE,outer_game_nested_procedure_OPE,season-weighted final PA W per selected current decision; no summed PA policy gain,Q/value/delta/gain: raw W; outcome MSE: W^2; probabilities/coverage: fraction; sample counts: explicit rows/PA/games,Take_adjudicated,Swing_offer_including_bunts,1-2,INNER,FB,fixed_score_sensitivity,,,,
cell,1-2|INNER|NFB,untrimmed,12612.0,0.9998414460123672,0.0446844025404366,0.2787897289105728,0.2341053263701361,True,,,,bcap_swing__mlb_2024_2025__20260909__r01,BCAP-SWING-v0.1.0,swing,2024_2025,COMPLETE,outer_game_nested_procedure_OPE,season-weighted final PA W per selected current decision; no summed PA policy gain,Q/value/delta/gain: raw W; outcome MSE: W^2; probabilities/coverage: fraction; sample counts: explicit rows/PA/games,Take_adjudicated,Swing_offer_including_bunts,1-2,INNER,NFB,fixed_score_sensitivity,,,,
cell,1-2|INNER|NFB,trim_002,12558.0,0.995560488346282,0.0448497241342661,0.2792125383624752,0.234362814228209,True,,,,bcap_swing__mlb_2024_2025__20260909__r01,BCAP-SWING-v0.1.0,swing,2024_2025,COMPLETE,outer_game_nested_procedure_OPE,season-weighted final PA W per selected current decision; no summed PA policy gain,Q/value/delta/gain: raw W; outcome MSE: W^2; probabilities/coverage: fraction; sample counts: explicit rows/PA/games,Take_adjudicated,Swing_offer_including_bunts,1-2,INNER,NFB,fixed_score_sensitivity,,,,
cell,1-2|INNER|NFB,trim_005,10802.0,0.8563500872046932,0.046601117546445,0.2723844274427821,0.225783309896337,False,,,,bcap_swing__mlb_2024_2025__20260909__r01,BCAP-SWING-v0.1.0,swing,2024_2025,COMPLETE,outer_game_nested_procedure_OPE,season-weighted final PA W per selected current decision; no summed PA policy gain,Q/value/delta/gain: raw W; outcome MSE: W^2; probabilities/coverage: fraction; sample counts: explicit rows/PA/games,Take_adjudicated,Swing_offer_including_bunts,1-2,INNER,NFB,fixed_score_sensitivity,,,,
cell,1-2|INNER|NFB,trim_010,3271.0,0.2593150467734263,0.0507532286318754,0.2663236675634154,0.21557043893154,True,,,,bcap_swing__mlb_2024_2025__20260909__r01,BCAP-SWING-v0.1.0,swing,2024_2025,COMPLETE,outer_game_nested_procedure_OPE,season-weighted final PA W per selected current decision; no summed PA policy gain,Q/value/delta/gain: raw W; outcome MSE: W^2; probabilities/coverage: fraction; sample counts: explicit rows/PA/games,Take_adjudicated,Swing_offer_including_bunts,1-2,INNER,NFB,fixed_score_sensitivity,,,,
cell,1-2|INNER|NFB,clip_010_same_target,10802.0,0.8563500872046932,0.060069522849545,0.2722592625174101,0.2121897396678651,False,,,,bcap_swing__mlb_2024_2025__20260909__r01,BCAP-SWING-v0.1.0,swing,2024_2025,COMPLETE,outer_game_nested_procedure_OPE,season-weighted final PA W per selected current decision; no summed PA policy gain,Q/value/delta/gain: raw W; outcome MSE: W^2; probabilities/coverage: fraction; sample counts: explicit rows/PA/games,Take_adjudicated,Swing_offer_including_bunts,1-2,INNER,NFB,fixed_score_sensitivity,,,,
cell,1-2|INNER|NFB,first_count_visit,10410.0,0.8252735056286665,0.0476545915567446,0.2712403335359602,0.2235857419792155,True,,,,bcap_swing__mlb_2024_2025__20260909__r01,BCAP-SWING-v0.1.0,swing,2024_2025,COMPLETE,outer_game_nested_procedure_OPE,season-weighted final PA W per selected current decision; no summed PA policy gain,Q/value/delta/gain: raw W; outcome MSE: W^2; probabilities/coverage: fraction; sample counts: explicit rows/PA/games,Take_adjudicated,Swing_offer_including_bunts,1-2,INNER,NFB,fixed_score_sensitivity,,,,
cell,1-2|INNER|NFB,fixed_score_cluster_pitcher,10802.0,,,,0.225783309896337,False,0.1980070505479739,0.2535595692447001,904.0,bcap_swing__mlb_2024_2025__20260909__r01,BCAP-SWING-v0.1.0,swing,2024_2025,COMPLETE,outer_game_nested_procedure_OPE,season-weighted final PA W per selected current decision; no summed PA policy gain,Q/value/delta/gain: raw W; outcome MSE: W^2; probabilities/coverage: fraction; sample counts: explicit rows/PA/games,Take_adjudicated,Swing_offer_including_bunts,1-2,INNER,NFB,fixed_score_sensitivity,,,,
cell,1-2|INNER|NFB,fixed_score_cluster_batter,10802.0,,,,0.225783309896337,False,0.1950660770885727,0.2565005427041013,688.0,bcap_swing__mlb_2024_2025__20260909__r01,BCAP-SWING-v0.1.0,swing,2024_2025,COMPLETE,outer_game_nested_procedure_OPE,season-weighted final PA W per selected current decision; no summed PA policy gain,Q/value/delta/gain: raw W; outcome MSE: W^2; probabilities/coverage: fraction; sample counts: explicit rows/PA/games,Take_adjudicated,Swing_offer_including_bunts,1-2,INNER,NFB,fixed_score_sensitivity,,,,
cell,1-2|OUT|FB,untrimmed,31196.0,0.9999358933264952,0.2596747698298978,0.161562245649631,-0.0981125241802667,True,,,,bcap_swing__mlb_2024_2025__20260909__r01,BCAP-SWING-v0.1.0,swing,2024_2025,COMPLETE,outer_game_nested_procedure_OPE,season-weighted final PA W per selected current decision; no summed PA policy gain,Q/value/delta/gain: raw W; outcome MSE: W^2; probabilities/coverage: fraction; sample counts: explicit rows/PA/games,Take_adjudicated,Swing_offer_including_bunts,1-2,OUT,FB,fixed_score_sensitivity,,,,
cell,1-2|OUT|FB,trim_002,30974.0,0.9928200525674724,0.2596805341512665,0.1620177210759925,-0.0976628130752739,True,,,,bcap_swing__mlb_2024_2025__20260909__r01,BCAP-SWING-v0.1.0,swing,2024_2025,COMPLETE,outer_game_nested_procedure_OPE,season-weighted final PA W per selected current decision; no summed PA policy gain,Q/value/delta/gain: raw W; outcome MSE: W^2; probabilities/coverage: fraction; sample counts: explicit rows/PA/games,Take_adjudicated,Swing_offer_including_bunts,1-2,OUT,FB,fixed_score_sensitivity,,,,
cell,1-2|OUT|FB,trim_005,30174.0,0.9671773831655875,0.2594706866686789,0.163745442176491,-0.0957252444921877,False,,,,bcap_swing__mlb_2024_2025__20260909__r01,BCAP-SWING-v0.1.0,swing,2024_2025,COMPLETE,outer_game_nested_procedure_OPE,season-weighted final PA W per selected current decision; no summed PA policy gain,Q/value/delta/gain: raw W; outcome MSE: W^2; probabilities/coverage: fraction; sample counts: explicit rows/PA/games,Take_adjudicated,Swing_offer_including_bunts,1-2,OUT,FB,fixed_score_sensitivity,,,,
cell,1-2|OUT|FB,trim_010,28143.0,0.9020770562215528,0.2585919329225702,0.16245337380233,-0.0961385591202401,True,,,,bcap_swing__mlb_2024_2025__20260909__r01,BCAP-SWING-v0.1.0,swing,2024_2025,COMPLETE,outer_game_nested_procedure_OPE,season-weighted final PA W per selected current decision; no summed PA policy gain,Q/value/delta/gain: raw W; outcome MSE: W^2; probabilities/coverage: fraction; sample counts: explicit rows/PA/games,Take_adjudicated,Swing_offer_including_bunts,1-2,OUT,FB,fixed_score_sensitivity,,,,
cell,1-2|OUT|FB,clip_010_same_target,30174.0,0.9671773831655875,0.2594417406125537,0.1626458217142684,-0.0967959188982853,False,,,,bcap_swing__mlb_2024_2025__20260909__r01,BCAP-SWING-v0.1.0,swing,2024_2025,COMPLETE,outer_game_nested_procedure_OPE,season-weighted final PA W per selected current decision; no summed PA policy gain,Q/value/delta/gain: raw W; outcome MSE: W^2; probabilities/coverage: fraction; sample counts: explicit rows/PA/games,Take_adjudicated,Swing_offer_including_bunts,1-2,OUT,FB,fixed_score_sensitivity,,,,
cell,1-2|OUT|FB,first_count_visit,29134.0,0.9338419129431372,0.2591760450094894,0.1621323944677786,-0.0970436505417108,True,,,,bcap_swing__mlb_2024_2025__20260909__r01,BCAP-SWING-v0.1.0,swing,2024_2025,COMPLETE,outer_game_nested_procedure_OPE,season-weighted final PA W per selected current decision; no summed PA policy gain,Q/value/delta/gain: raw W; outcome MSE: W^2; probabilities/coverage: fraction; sample counts: explicit rows/PA/games,Take_adjudicated,Swing_offer_including_bunts,1-2,OUT,FB,fixed_score_sensitivity,,,,
cell,1-2|OUT|FB,fixed_score_cluster_pitcher,30174.0,,,,-0.0957252444921877,False,-0.1179044716082868,-0.0735460173760886,977.0,bcap_swing__mlb_2024_2025__20260909__r01,BCAP-SWING-v0.1.0,swing,2024_2025,COMPLETE,outer_game_nested_procedure_OPE,season-weighted final PA W per selected current decision; no summed PA policy gain,Q/value/delta/gain: raw W; outcome MSE: W^2; probabilities/coverage: fraction; sample counts: explicit rows/PA/games,Take_adjudicated,Swing_offer_including_bunts,1-2,OUT,FB,fixed_score_sensitivity,,,,
cell,1-2|OUT|FB,fixed_score_cluster_batter,30174.0,,,,-0.0957252444921877,False,-0.117028469886125,-0.0744220190982504,709.0,bcap_swing__mlb_2024_2025__20260909__r01,BCAP-SWING-v0.1.0,swing,2024_2025,COMPLETE,outer_game_nested_procedure_OPE,season-weighted final PA W per selected current decision; no summed PA policy gain,Q/value/delta/gain: raw W; outcome MSE: W^2; probabilities/coverage: fraction; sample counts: explicit rows/PA/games,Take_adjudicated,Swing_offer_including_bunts,1-2,OUT,FB,fixed_score_sensitivity,,,,
cell,1-2|OUT|NFB,untrimmed,50696.0,0.9999408272352512,0.260494519076783,0.1035740712749016,-0.1569204478018814,True,,,,bcap_swing__mlb_2024_2025__20260909__r01,BCAP-SWING-v0.1.0,swing,2024_2025,COMPLETE,outer_game_nested_procedure_OPE,season-weighted final PA W per selected current decision; no summed PA policy gain,Q/value/delta/gain: raw W; outcome MSE: W^2; probabilities/coverage: fraction; sample counts: explicit rows/PA/games,Take_adjudicated,Swing_offer_including_bunts,1-2,OUT,NFB,fixed_score_sensitivity,,,,
cell,1-2|OUT|NFB,trim_002,50475.0,0.9955817668987554,0.2606664698923376,0.1039923648527517,-0.1566741050395858,True,,,,bcap_swing__mlb_2024_2025__20260909__r01,BCAP-SWING-v0.1.0,swing,2024_2025,COMPLETE,outer_game_nested_procedure_OPE,season-weighted final PA W per selected current decision; no summed PA policy gain,Q/value/delta/gain: raw W; outcome MSE: W^2; probabilities/coverage: fraction; sample counts: explicit rows/PA/games,Take_adjudicated,Swing_offer_including_bunts,1-2,OUT,NFB,fixed_score_sensitivity,,,,
cell,1-2|OUT|NFB,trim_005,48909.0,0.9646935836998758,0.2602178188363487,0.1068376325189257,-0.153380186317423,False,,,,bcap_swing__mlb_2024_2025__20260909__r01,BCAP-SWING-v0.1.0,swing,2024_2025,COMPLETE,outer_game_nested_procedure_OPE,season-weighted final PA W per selected current decision; no summed PA policy gain,Q/value/delta/gain: raw W; outcome MSE: W^2; probabilities/coverage: fraction; sample counts: explicit rows/PA/games,Take_adjudicated,Swing_offer_including_bunts,1-2,OUT,NFB,fixed_score_sensitivity,,,,
cell,1-2|OUT|NFB,trim_010,46070.0,0.9086964239925835,0.2602291956778921,0.1116563420146269,-0.1485728536632651,True,,,,bcap_swing__mlb_2024_2025__20260909__r01,BCAP-SWING-v0.1.0,swing,2024_2025,COMPLETE,outer_game_nested_procedure_OPE,season-weighted final PA W per selected current decision; no summed PA policy gain,Q/value/delta/gain: raw W; outcome MSE: W^2; probabilities/coverage: fraction; sample counts: explicit rows/PA/games,Take_adjudicated,Swing_offer_including_bunts,1-2,OUT,NFB,fixed_score_sensitivity,,,,
cell,1-2|OUT|NFB,clip_010_same_target,48909.0,0.9646935836998758,0.2601784893373879,0.107368252254015,-0.1528102370833729,False,,,,bcap_swing__mlb_2024_2025__20260909__r01,BCAP-SWING-v0.1.0,swing,2024_2025,COMPLETE,outer_game_nested_procedure_OPE,season-weighted final PA W per selected current decision; no summed PA policy gain,Q/value/delta/gain: raw W; outcome MSE: W^2; probabilities/coverage: fraction; sample counts: explicit rows/PA/games,Take_adjudicated,Swing_offer_including_bunts,1-2,OUT,NFB,fixed_score_sensitivity,,,,
cell,1-2|OUT|NFB,first_count_visit,46868.0,0.9244363794157676,0.2600279568802245,0.1051703851361919,-0.1548575717440325,True,,,,bcap_swing__mlb_2024_2025__20260909__r01,BCAP-SWING-v0.1.0,swing,2024_2025,COMPLETE,outer_game_nested_procedure_OPE,season-weighted final PA W per selected current decision; no summed PA policy gain,Q/value/delta/gain: raw W; outcome MSE: W^2; probabilities/coverage: fraction; sample counts: explicit rows/PA/games,Take_adjudicated,Swing_offer_including_bunts,1-2,OUT,NFB,fixed_score_sensitivity,,,,
cell,1-2|OUT|NFB,fixed_score_cluster_pitcher,48909.0,,,,-0.153380186317423,False,-0.1680651019519108,-0.1386952706829352,1035.0,bcap_swing__mlb_2024_2025__20260909__r01,BCAP-SWING-v0.1.0,swing,2024_2025,COMPLETE,outer_game_nested_procedure_OPE,season-weighted final PA W per selected current decision; no summed PA policy gain,Q/value/delta/gain: raw W; outcome MSE: W^2; probabilities/coverage: fraction; sample counts: explicit rows/PA/games,Take_adjudicated,Swing_offer_including_bunts,1-2,OUT,NFB,fixed_score_sensitivity,,,,
cell,1-2|OUT|NFB,fixed_score_cluster_batter,48909.0,,,,-0.153380186317423,False,-0.1685166601178279,-0.1382437125170181,705.0,bcap_swing__mlb_2024_2025__20260909__r01,BCAP-SWING-v0.1.0,swing,2024_2025,COMPLETE,outer_game_nested_procedure_OPE,season-weighted final PA W per selected current decision; no summed PA policy gain,Q/value/delta/gain: raw W; outcome MSE: W^2; probabilities/coverage: fraction; sample counts: explicit rows/PA/games,Take_adjudicated,Swing_offer_including_bunts,1-2,OUT,NFB,fixed_score_sensitivity,,,,
cell,2-0|BOUNDARY|FB,untrimmed,8881.0,1.0,0.3827475227610325,0.3633102981640307,-0.0194372245970018,True,,,,bcap_swing__mlb_2024_2025__20260909__r01,BCAP-SWING-v0.1.0,swing,2024_2025,COMPLETE,outer_game_nested_procedure_OPE,season-weighted final PA W per selected current decision; no summed PA policy gain,Q/value/delta/gain: raw W; outcome MSE: W^2; probabilities/coverage: fraction; sample counts: explicit rows/PA/games,Take_adjudicated,Swing_offer_including_bunts,2-0,BOUNDARY,FB,fixed_score_sensitivity,,,,
cell,2-0|BOUNDARY|FB,trim_002,8861.0,0.9977480013511992,0.3831674892667443,0.3634231643825956,-0.0197443248841486,True,,,,bcap_swing__mlb_2024_2025__20260909__r01,BCAP-SWING-v0.1.0,swing,2024_2025,COMPLETE,outer_game_nested_procedure_OPE,season-weighted final PA W per selected current decision; no summed PA policy gain,Q/value/delta/gain: raw W; outcome MSE: W^2; probabilities/coverage: fraction; sample counts: explicit rows/PA/games,Take_adjudicated,Swing_offer_including_bunts,2-0,BOUNDARY,FB,fixed_score_sensitivity,,,,
cell,2-0|BOUNDARY|FB,trim_005,8861.0,0.9977480013511992,0.3831674892667443,0.3634231643825956,-0.0197443248841486,False,,,,bcap_swing__mlb_2024_2025__20260909__r01,BCAP-SWING-v0.1.0,swing,2024_2025,COMPLETE,outer_game_nested_procedure_OPE,season-weighted final PA W per selected current decision; no summed PA policy gain,Q/value/delta/gain: raw W; outcome MSE: W^2; probabilities/coverage: fraction; sample counts: explicit rows/PA/games,Take_adjudicated,Swing_offer_including_bunts,2-0,BOUNDARY,FB,fixed_score_sensitivity,,,,
cell,2-0|BOUNDARY|FB,trim_010,8861.0,0.9977480013511992,0.3831674892667443,0.3634231643825956,-0.0197443248841486,True,,,,bcap_swing__mlb_2024_2025__20260909__r01,BCAP-SWING-v0.1.0,swing,2024_2025,COMPLETE,outer_game_nested_procedure_OPE,season-weighted final PA W per selected current decision; no summed PA policy gain,Q/value/delta/gain: raw W; outcome MSE: W^2; probabilities/coverage: fraction; sample counts: explicit rows/PA/games,Take_adjudicated,Swing_offer_including_bunts,2-0,BOUNDARY,FB,fixed_score_sensitivity,,,,
cell,2-0|BOUNDARY|FB,clip_010_same_target,8861.0,0.9977480013511992,0.3831674892667443,0.3634231643825956,-0.0197443248841486,False,,,,bcap_swing__mlb_2024_2025__20260909__r01,BCAP-SWING-v0.1.0,swing,2024_2025,COMPLETE,outer_game_nested_procedure_OPE,season-weighted final PA W per selected current decision; no summed PA policy gain,Q/value/delta/gain: raw W; outcome MSE: W^2; probabilities/coverage: fraction; sample counts: explicit rows/PA/games,Take_adjudicated,Swing_offer_including_bunts,2-0,BOUNDARY,FB,fixed_score_sensitivity,,,,
cell,2-0|BOUNDARY|FB,first_count_visit,8861.0,0.9977480013511992,0.3831674892667443,0.3634231643825956,-0.0197443248841486,True,,,,bcap_swing__mlb_2024_2025__20260909__r01,BCAP-SWING-v0.1.0,swing,2024_2025,COMPLETE,outer_game_nested_procedure_OPE,season-weighted final PA W per selected current decision; no summed PA policy gain,Q/value/delta/gain: raw W; outcome MSE: W^2; probabilities/coverage: fraction; sample counts: explicit rows/PA/games,Take_adjudicated,Swing_offer_including_bunts,2-0,BOUNDARY,FB,fixed_score_sensitivity,,,,
cell,2-0|BOUNDARY|FB,fixed_score_cluster_pitcher,8861.0,,,,-0.0197443248841486,False,-0.07013279853177,0.0306441487634728,900.0,bcap_swing__mlb_2024_2025__20260909__r01,BCAP-SWING-v0.1.0,swing,2024_2025,COMPLETE,outer_game_nested_procedure_OPE,season-weighted final PA W per selected current decision; no summed PA policy gain,Q/value/delta/gain: raw W; outcome MSE: W^2; probabilities/coverage: fraction; sample counts: explicit rows/PA/games,Take_adjudicated,Swing_offer_including_bunts,2-0,BOUNDARY,FB,fixed_score_sensitivity,,,,
cell,2-0|BOUNDARY|FB,fixed_score_cluster_batter,8861.0,,,,-0.0197443248841486,False,-0.06291735609022,0.0234287063219228,664.0,bcap_swing__mlb_2024_2025__20260909__r01,BCAP-SWING-v0.1.0,swing,2024_2025,COMPLETE,outer_game_nested_procedure_OPE,season-weighted final PA W per selected current decision; no summed PA policy gain,Q/value/delta/gain: raw W; outcome MSE: W^2; probabilities/coverage: fraction; sample counts: explicit rows/PA/games,Take_adjudicated,Swing_offer_including_bunts,2-0,BOUNDARY,FB,fixed_score_sensitivity,,,,
cell,2-0|BOUNDARY|NFB,untrimmed,3514.0,0.9994311717861206,0.3934218914952684,0.3610664684901187,-0.0323554230051496,True,,,,bcap_swing__mlb_2024_2025__20260909__r01,BCAP-SWING-v0.1.0,swing,2024_2025,COMPLETE,outer_game_nested_procedure_OPE,season-weighted final PA W per selected current decision; no summed PA policy gain,Q/value/delta/gain: raw W; outcome MSE: W^2; probabilities/coverage: fraction; sample counts: explicit rows/PA/games,Take_adjudicated,Swing_offer_including_bunts,2-0,BOUNDARY,NFB,fixed_score_sensitivity,,,,
cell,2-0|BOUNDARY|NFB,trim_002,3511.0,0.9985779294653014,0.393448861477902,0.3609093613275558,-0.0325395001503461,True,,,,bcap_swing__mlb_2024_2025__20260909__r01,BCAP-SWING-v0.1.0,swing,2024_2025,COMPLETE,outer_game_nested_procedure_OPE,season-weighted final PA W per selected current decision; no summed PA policy gain,Q/value/delta/gain: raw W; outcome MSE: W^2; probabilities/coverage: fraction; sample counts: explicit rows/PA/games,Take_adjudicated,Swing_offer_including_bunts,2-0,BOUNDARY,NFB,fixed_score_sensitivity,,,,
cell,2-0|BOUNDARY|NFB,trim_005,3511.0,0.9985779294653014,0.393448861477902,0.3609093613275558,-0.0325395001503461,False,,,,bcap_swing__mlb_2024_2025__20260909__r01,BCAP-SWING-v0.1.0,swing,2024_2025,COMPLETE,outer_game_nested_procedure_OPE,season-weighted final PA W per selected current decision; no summed PA policy gain,Q/value/delta/gain: raw W; outcome MSE: W^2; probabilities/coverage: fraction; sample counts: explicit rows/PA/games,Take_adjudicated,Swing_offer_including_bunts,2-0,BOUNDARY,NFB,fixed_score_sensitivity,,,,
cell,2-0|BOUNDARY|NFB,trim_010,3511.0,0.9985779294653014,0.393448861477902,0.3609093613275558,-0.0325395001503461,True,,,,bcap_swing__mlb_2024_2025__20260909__r01,BCAP-SWING-v0.1.0,swing,2024_2025,COMPLETE,outer_game_nested_procedure_OPE,season-weighted final PA W per selected current decision; no summed PA policy gain,Q/value/delta/gain: raw W; outcome MSE: W^2; probabilities/coverage: fraction; sample counts: explicit rows/PA/games,Take_adjudicated,Swing_offer_including_bunts,2-0,BOUNDARY,NFB,fixed_score_sensitivity,,,,
cell,2-0|BOUNDARY|NFB,clip_010_same_target,3511.0,0.9985779294653014,0.393448861477902,0.3609093613275558,-0.0325395001503461,False,,,,bcap_swing__mlb_2024_2025__20260909__r01,BCAP-SWING-v0.1.0,swing,2024_2025,COMPLETE,outer_game_nested_procedure_OPE,season-weighted final PA W per selected current decision; no summed PA policy gain,Q/value/delta/gain: raw W; outcome MSE: W^2; probabilities/coverage: fraction; sample counts: explicit rows/PA/games,Take_adjudicated,Swing_offer_including_bunts,2-0,BOUNDARY,NFB,fixed_score_sensitivity,,,,
cell,2-0|BOUNDARY|NFB,first_count_visit,3511.0,0.9985779294653014,0.393448861477902,0.3609093613275558,-0.0325395001503461,True,,,,bcap_swing__mlb_2024_2025__20260909__r01,BCAP-SWING-v0.1.0,swing,2024_2025,COMPLETE,outer_game_nested_procedure_OPE,season-weighted final PA W per selected current decision; no summed PA policy gain,Q/value/delta/gain: raw W; outcome MSE: W^2; probabilities/coverage: fraction; sample counts: explicit rows/PA/games,Take_adjudicated,Swing_offer_including_bunts,2-0,BOUNDARY,NFB,fixed_score_sensitivity,,,,
cell,2-0|BOUNDARY|NFB,fixed_score_cluster_pitcher,3511.0,,,,-0.0325395001503461,False,-0.1103590012343578,0.0452800009336656,740.0,bcap_swing__mlb_2024_2025__20260909__r01,BCAP-SWING-v0.1.0,swing,2024_2025,COMPLETE,outer_game_nested_procedure_OPE,season-weighted final PA W per selected current decision; no summed PA policy gain,Q/value/delta/gain: raw W; outcome MSE: W^2; probabilities/coverage: fraction; sample counts: explicit rows/PA/games,Take_adjudicated,Swing_offer_including_bunts,2-0,BOUNDARY,NFB,fixed_score_sensitivity,,,,
cell,2-0|BOUNDARY|NFB,fixed_score_cluster_batter,3511.0,,,,-0.0325395001503461,False,-0.1013515947336808,0.0362725944329885,567.0,bcap_swing__mlb_2024_2025__20260909__r01,BCAP-SWING-v0.1.0,swing,2024_2025,COMPLETE,outer_game_nested_procedure_OPE,season-weighted final PA W per selected current decision; no summed PA policy gain,Q/value/delta/gain: raw W; outcome MSE: W^2; probabilities/coverage: fraction; sample counts: explicit rows/PA/games,Take_adjudicated,Swing_offer_including_bunts,2-0,BOUNDARY,NFB,fixed_score_sensitivity,,,,
cell,2-0|INNER|FB,untrimmed,12074.0,0.9998343822457768,0.3536625490340089,0.3958224026290258,0.0421598535950168,True,,,,bcap_swing__mlb_2024_2025__20260909__r01,BCAP-SWING-v0.1.0,swing,2024_2025,COMPLETE,outer_game_nested_procedure_OPE,season-weighted final PA W per selected current decision; no summed PA policy gain,Q/value/delta/gain: raw W; outcome MSE: W^2; probabilities/coverage: fraction; sample counts: explicit rows/PA/games,Take_adjudicated,Swing_offer_including_bunts,2-0,INNER,FB,fixed_score_sensitivity,,,,
cell,2-0|INNER|FB,trim_002,12035.0,0.9966048360384232,0.3537345977402063,0.39609619425854,0.0423615965183336,True,,,,bcap_swing__mlb_2024_2025__20260909__r01,BCAP-SWING-v0.1.0,swing,2024_2025,COMPLETE,outer_game_nested_procedure_OPE,season-weighted final PA W per selected current decision; no summed PA policy gain,Q/value/delta/gain: raw W; outcome MSE: W^2; probabilities/coverage: fraction; sample counts: explicit rows/PA/games,Take_adjudicated,Swing_offer_including_bunts,2-0,INNER,FB,fixed_score_sensitivity,,,,
cell,2-0|INNER|FB,trim_005,12035.0,0.9966048360384232,0.3537345977402063,0.39609619425854,0.0423615965183336,False,,,,bcap_swing__mlb_2024_2025__20260909__r01,BCAP-SWING-v0.1.0,swing,2024_2025,COMPLETE,outer_game_nested_procedure_OPE,season-weighted final PA W per selected current decision; no summed PA policy gain,Q/value/delta/gain: raw W; outcome MSE: W^2; probabilities/coverage: fraction; sample counts: explicit rows/PA/games,Take_adjudicated,Swing_offer_including_bunts,2-0,INNER,FB,fixed_score_sensitivity,,,,
cell,2-0|INNER|FB,trim_010,12021.0,0.9954455117588604,0.3540360746987862,0.3962018366071368,0.0421657619083506,True,,,,bcap_swing__mlb_2024_2025__20260909__r01,BCAP-SWING-v0.1.0,swing,2024_2025,COMPLETE,outer_game_nested_procedure_OPE,season-weighted final PA W per selected current decision; no summed PA policy gain,Q/value/delta/gain: raw W; outcome MSE: W^2; probabilities/coverage: fraction; sample counts: explicit rows/PA/games,Take_adjudicated,Swing_offer_including_bunts,2-0,INNER,FB,fixed_score_sensitivity,,,,
cell,2-0|INNER|FB,clip_010_same_target,12035.0,0.9966048360384232,0.353739793704828,0.3960933641306494,0.0423535704258213,False,,,,bcap_swing__mlb_2024_2025__20260909__r01,BCAP-SWING-v0.1.0,swing,2024_2025,COMPLETE,outer_game_nested_procedure_OPE,season-weighted final PA W per selected current decision; no summed PA policy gain,Q/value/delta/gain: raw W; outcome MSE: W^2; probabilities/coverage: fraction; sample counts: explicit rows/PA/games,Take_adjudicated,Swing_offer_including_bunts,2-0,INNER,FB,fixed_score_sensitivity,,,,
cell,2-0|INNER|FB,first_count_visit,12035.0,0.9966048360384232,0.3537345977402063,0.39609619425854,0.0423615965183336,True,,,,bcap_swing__mlb_2024_2025__20260909__r01,BCAP-SWING-v0.1.0,swing,2024_2025,COMPLETE,outer_game_nested_procedure_OPE,season-weighted final PA W per selected current decision; no summed PA policy gain,Q/value/delta/gain: raw W; outcome MSE: W^2; probabilities/coverage: fraction; sample counts: explicit rows/PA/games,Take_adjudicated,Swing_offer_including_bunts,2-0,INNER,FB,fixed_score_sensitivity,,,,
cell,2-0|INNER|FB,fixed_score_cluster_pitcher,12035.0,,,,0.0423615965183336,False,-0.0044858690017233,0.0892090620383905,927.0,bcap_swing__mlb_2024_2025__20260909__r01,BCAP-SWING-v0.1.0,swing,2024_2025,COMPLETE,outer_game_nested_procedure_OPE,season-weighted final PA W per selected current decision; no summed PA policy gain,Q/value/delta/gain: raw W; outcome MSE: W^2; probabilities/coverage: fraction; sample counts: explicit rows/PA/games,Take_adjudicated,Swing_offer_including_bunts,2-0,INNER,FB,fixed_score_sensitivity,,,,
cell,2-0|INNER|FB,fixed_score_cluster_batter,12035.0,,,,0.0423615965183336,False,-0.0049702445916318,0.0896934376282991,683.0,bcap_swing__mlb_2024_2025__20260909__r01,BCAP-SWING-v0.1.0,swing,2024_2025,COMPLETE,outer_game_nested_procedure_OPE,season-weighted final PA W per selected current decision; no summed PA policy gain,Q/value/delta/gain: raw W; outcome MSE: W^2; probabilities/coverage: fraction; sample counts: explicit rows/PA/games,Take_adjudicated,Swing_offer_including_bunts,2-0,INNER,FB,fixed_score_sensitivity,,,,
cell,2-0|INNER|NFB,untrimmed,4155.0,1.0,0.3376559301992434,0.3857712022922668,0.0481152720930234,True,,,,bcap_swing__mlb_2024_2025__20260909__r01,BCAP-SWING-v0.1.0,swing,2024_2025,COMPLETE,outer_game_nested_procedure_OPE,season-weighted final PA W per selected current decision; no summed PA policy gain,Q/value/delta/gain: raw W; outcome MSE: W^2; probabilities/coverage: fraction; sample counts: explicit rows/PA/games,Take_adjudicated,Swing_offer_including_bunts,2-0,INNER,NFB,fixed_score_sensitivity,,,,
cell,2-0|INNER|NFB,trim_002,4146.0,0.9978339350180504,0.3377117194340966,0.386521782916657,0.0488100634825602,True,,,,bcap_swing__mlb_2024_2025__20260909__r01,BCAP-SWING-v0.1.0,swing,2024_2025,COMPLETE,outer_game_nested_procedure_OPE,season-weighted final PA W per selected current decision; no summed PA policy gain,Q/value/delta/gain: raw W; outcome MSE: W^2; probabilities/coverage: fraction; sample counts: explicit rows/PA/games,Take_adjudicated,Swing_offer_including_bunts,2-0,INNER,NFB,fixed_score_sensitivity,,,,
cell,2-0|INNER|NFB,trim_005,4146.0,0.9978339350180504,0.3377117194340966,0.386521782916657,0.0488100634825602,False,,,,bcap_swing__mlb_2024_2025__20260909__r01,BCAP-SWING-v0.1.0,swing,2024_2025,COMPLETE,outer_game_nested_procedure_OPE,season-weighted final PA W per selected current decision; no summed PA policy gain,Q/value/delta/gain: raw W; outcome MSE: W^2; probabilities/coverage: fraction; sample counts: explicit rows/PA/games,Take_adjudicated,Swing_offer_including_bunts,2-0,INNER,NFB,fixed_score_sensitivity,,,,
cell,2-0|INNER|NFB,trim_010,4146.0,0.9978339350180504,0.3377117194340966,0.386521782916657,0.0488100634825602,True,,,,bcap_swing__mlb_2024_2025__20260909__r01,BCAP-SWING-v0.1.0,swing,2024_2025,COMPLETE,outer_game_nested_procedure_OPE,season-weighted final PA W per selected current decision; no summed PA policy gain,Q/value/delta/gain: raw W; outcome MSE: W^2; probabilities/coverage: fraction; sample counts: explicit rows/PA/games,Take_adjudicated,Swing_offer_including_bunts,2-0,INNER,NFB,fixed_score_sensitivity,,,,
cell,2-0|INNER|NFB,clip_010_same_target,4146.0,0.9978339350180504,0.3377117194340966,0.386521782916657,0.0488100634825602,False,,,,bcap_swing__mlb_2024_2025__20260909__r01,BCAP-SWING-v0.1.0,swing,2024_2025,COMPLETE,outer_game_nested_procedure_OPE,season-weighted final PA W per selected current decision; no summed PA policy gain,Q/value/delta/gain: raw W; outcome MSE: W^2; probabilities/coverage: fraction; sample counts: explicit rows/PA/games,Take_adjudicated,Swing_offer_including_bunts,2-0,INNER,NFB,fixed_score_sensitivity,,,,
cell,2-0|INNER|NFB,first_count_visit,4146.0,0.9978339350180504,0.3377117194340966,0.386521782916657,0.0488100634825602,True,,,,bcap_swing__mlb_2024_2025__20260909__r01,BCAP-SWING-v0.1.0,swing,2024_2025,COMPLETE,outer_game_nested_procedure_OPE,season-weighted final PA W per selected current decision; no summed PA policy gain,Q/value/delta/gain: raw W; outcome MSE: W^2; probabilities/coverage: fraction; sample counts: explicit rows/PA/games,Take_adjudicated,Swing_offer_including_bunts,2-0,INNER,NFB,fixed_score_sensitivity,,,,
cell,2-0|INNER|NFB,fixed_score_cluster_pitcher,4146.0,,,,0.0488100634825602,False,-0.0241914874299524,0.1218116143950729,768.0,bcap_swing__mlb_2024_2025__20260909__r01,BCAP-SWING-v0.1.0,swing,2024_2025,COMPLETE,outer_game_nested_procedure_OPE,season-weighted final PA W per selected current decision; no summed PA policy gain,Q/value/delta/gain: raw W; outcome MSE: W^2; probabilities/coverage: fraction; sample counts: explicit rows/PA/games,Take_adjudicated,Swing_offer_including_bunts,2-0,INNER,NFB,fixed_score_sensitivity,,,,
cell,2-0|INNER|NFB,fixed_score_cluster_batter,4146.0,,,,0.0488100634825602,False,-0.0218706052220994,0.1194907321872199,594.0,bcap_swing__mlb_2024_2025__20260909__r01,BCAP-SWING-v0.1.0,swing,2024_2025,COMPLETE,outer_game_nested_procedure_OPE,season-weighted final PA W per selected current decision; no summed PA policy gain,Q/value/delta/gain: raw W; outcome MSE: W^2; probabilities/coverage: fraction; sample counts: explicit rows/PA/games,Take_adjudicated,Swing_offer_including_bunts,2-0,INNER,NFB,fixed_score_sensitivity,,,,
cell,2-0|OUT|FB,untrimmed,11277.0,1.0,0.5250239064432122,0.3383760137844866,-0.1866478926587256,True,,,,bcap_swing__mlb_2024_2025__20260909__r01,BCAP-SWING-v0.1.0,swing,2024_2025,COMPLETE,outer_game_nested_procedure_OPE,season-weighted final PA W per selected current decision; no summed PA policy gain,Q/value/delta/gain: raw W; outcome MSE: W^2; probabilities/coverage: fraction; sample counts: explicit rows/PA/games,Take_adjudicated,Swing_offer_including_bunts,2-0,OUT,FB,fixed_score_sensitivity,,,,
cell,2-0|OUT|FB,trim_002,11076.0,0.9821761106677308,0.5242730844743818,0.3408932120045241,-0.1833798724698576,True,,,,bcap_swing__mlb_2024_2025__20260909__r01,BCAP-SWING-v0.1.0,swing,2024_2025,COMPLETE,outer_game_nested_procedure_OPE,season-weighted final PA W per selected current decision; no summed PA policy gain,Q/value/delta/gain: raw W; outcome MSE: W^2; probabilities/coverage: fraction; sample counts: explicit rows/PA/games,Take_adjudicated,Swing_offer_including_bunts,2-0,OUT,FB,fixed_score_sensitivity,,,,
cell,2-0|OUT|FB,trim_005,10228.0,0.9069788064201472,0.5218554114920111,0.3370994982613828,-0.1847559132306282,False,,,,bcap_swing__mlb_2024_2025__20260909__r01,BCAP-SWING-v0.1.0,swing,2024_2025,COMPLETE,outer_game_nested_procedure_OPE,season-weighted final PA W per selected current decision; no summed PA policy gain,Q/value/delta/gain: raw W; outcome MSE: W^2; probabilities/coverage: fraction; sample counts: explicit rows/PA/games,Take_adjudicated,Swing_offer_including_bunts,2-0,OUT,FB,fixed_score_sensitivity,,,,
cell,2-0|OUT|FB,trim_010,8049.0,0.7137536578877361,0.5143735930032379,0.3405544450453841,-0.1738191479578537,True,,,,bcap_swing__mlb_2024_2025__20260909__r01,BCAP-SWING-v0.1.0,swing,2024_2025,COMPLETE,outer_game_nested_procedure_OPE,season-weighted final PA W per selected current decision; no summed PA policy gain,Q/value/delta/gain: raw W; outcome MSE: W^2; probabilities/coverage: fraction; sample counts: explicit rows/PA/games,Take_adjudicated,Swing_offer_including_bunts,2-0,OUT,FB,fixed_score_sensitivity,,,,
cell,2-0|OUT|FB,clip_010_same_target,10228.0,0.9069788064201472,0.5219911858538044,0.3352182459495814,-0.1867729399042229,False,,,,bcap_swing__mlb_2024_2025__20260909__r01,BCAP-SWING-v0.1.0,swing,2024_2025,COMPLETE,outer_game_nested_procedure_OPE,season-weighted final PA W per selected current decision; no summed PA policy gain,Q/value/delta/gain: raw W; outcome MSE: W^2; probabilities/coverage: fraction; sample counts: explicit rows/PA/games,Take_adjudicated,Swing_offer_including_bunts,2-0,OUT,FB,fixed_score_sensitivity,,,,
cell,2-0|OUT|FB,first_count_visit,10228.0,0.9069788064201472,0.5218554114920111,0.3370994982613828,-0.1847559132306282,True,,,,bcap_swing__mlb_2024_2025__20260909__r01,BCAP-SWING-v0.1.0,swing,2024_2025,COMPLETE,outer_game_nested_procedure_OPE,season-weighted final PA W per selected current decision; no summed PA policy gain,Q/value/delta/gain: raw W; outcome MSE: W^2; probabilities/coverage: fraction; sample counts: explicit rows/PA/games,Take_adjudicated,Swing_offer_including_bunts,2-0,OUT,FB,fixed_score_sensitivity,,,,
cell,2-0|OUT|FB,fixed_score_cluster_pitcher,10228.0,,,,-0.1847559132306282,False,-0.2403042352204865,-0.1292075912407699,926.0,bcap_swing__mlb_2024_2025__20260909__r01,BCAP-SWING-v0.1.0,swing,2024_2025,COMPLETE,outer_game_nested_procedure_OPE,season-weighted final PA W per selected current decision; no summed PA policy gain,Q/value/delta/gain: raw W; outcome MSE: W^2; probabilities/coverage: fraction; sample counts: explicit rows/PA/games,Take_adjudicated,Swing_offer_including_bunts,2-0,OUT,FB,fixed_score_sensitivity,,,,
cell,2-0|OUT|FB,fixed_score_cluster_batter,10228.0,,,,-0.1847559132306282,False,-0.2400211755825511,-0.1294906508787053,670.0,bcap_swing__mlb_2024_2025__20260909__r01,BCAP-SWING-v0.1.0,swing,2024_2025,COMPLETE,outer_game_nested_procedure_OPE,season-weighted final PA W per selected current decision; no summed PA policy gain,Q/value/delta/gain: raw W; outcome MSE: W^2; probabilities/coverage: fraction; sample counts: explicit rows/PA/games,Take_adjudicated,Swing_offer_including_bunts,2-0,OUT,FB,fixed_score_sensitivity,,,,
cell,2-0|OUT|NFB,untrimmed,5716.0,1.0,0.5366046077362991,0.4013865984016336,-0.1352180093346654,True,,,,bcap_swing__mlb_2024_2025__20260909__r01,BCAP-SWING-v0.1.0,swing,2024_2025,COMPLETE,outer_game_nested_procedure_OPE,season-weighted final PA W per selected current decision; no summed PA policy gain,Q/value/delta/gain: raw W; outcome MSE: W^2; probabilities/coverage: fraction; sample counts: explicit rows/PA/games,Take_adjudicated,Swing_offer_including_bunts,2-0,OUT,NFB,fixed_score_sensitivity,,,,
cell,2-0|OUT|NFB,trim_002,5565.0,0.9735829251224632,0.5347259862325808,0.4025747267664982,-0.1321512594660826,True,,,,bcap_swing__mlb_2024_2025__20260909__r01,BCAP-SWING-v0.1.0,swing,2024_2025,COMPLETE,outer_game_nested_procedure_OPE,season-weighted final PA W per selected current decision; no summed PA policy gain,Q/value/delta/gain: raw W; outcome MSE: W^2; probabilities/coverage: fraction; sample counts: explicit rows/PA/games,Take_adjudicated,Swing_offer_including_bunts,2-0,OUT,NFB,fixed_score_sensitivity,,,,
cell,2-0|OUT|NFB,trim_005,5253.0,0.918999300209937,0.5335936729228345,0.3793224844985237,-0.1542711884243108,False,,,,bcap_swing__mlb_2024_2025__20260909__r01,BCAP-SWING-v0.1.0,swing,2024_2025,COMPLETE,outer_game_nested_procedure_OPE,season-weighted final PA W per selected current decision; no summed PA policy gain,Q/value/delta/gain: raw W; outcome MSE: W^2; probabilities/coverage: fraction; sample counts: explicit rows/PA/games,Take_adjudicated,Swing_offer_including_bunts,2-0,OUT,NFB,fixed_score_sensitivity,,,,
cell,2-0|OUT|NFB,trim_010,4436.0,0.7760671798460462,0.5296103524058204,0.3621526272109509,-0.1674577251948696,True,,,,bcap_swing__mlb_2024_2025__20260909__r01,BCAP-SWING-v0.1.0,swing,2024_2025,COMPLETE,outer_game_nested_procedure_OPE,season-weighted final PA W per selected current decision; no summed PA policy gain,Q/value/delta/gain: raw W; outcome MSE: W^2; probabilities/coverage: fraction; sample counts: explicit rows/PA/games,Take_adjudicated,Swing_offer_including_bunts,2-0,OUT,NFB,fixed_score_sensitivity,,,,
cell,2-0|OUT|NFB,clip_010_same_target,5253.0,0.918999300209937,0.5337876527120896,0.3730501711699589,-0.1607374815421307,False,,,,bcap_swing__mlb_2024_2025__20260909__r01,BCAP-SWING-v0.1.0,swing,2024_2025,COMPLETE,outer_game_nested_procedure_OPE,season-weighted final PA W per selected current decision; no summed PA policy gain,Q/value/delta/gain: raw W; outcome MSE: W^2; probabilities/coverage: fraction; sample counts: explicit rows/PA/games,Take_adjudicated,Swing_offer_including_bunts,2-0,OUT,NFB,fixed_score_sensitivity,,,,
cell,2-0|OUT|NFB,first_count_visit,5253.0,0.918999300209937,0.5335936729228345,0.3793224844985237,-0.1542711884243108,True,,,,bcap_swing__mlb_2024_2025__20260909__r01,BCAP-SWING-v0.1.0,swing,2024_2025,COMPLETE,outer_game_nested_procedure_OPE,season-weighted final PA W per selected current decision; no summed PA policy gain,Q/value/delta/gain: raw W; outcome MSE: W^2; probabilities/coverage: fraction; sample counts: explicit rows/PA/games,Take_adjudicated,Swing_offer_including_bunts,2-0,OUT,NFB,fixed_score_sensitivity,,,,
cell,2-0|OUT|NFB,fixed_score_cluster_pitcher,5253.0,,,,-0.1542711884243108,False,-0.2316865075874987,-0.0768558692611229,841.0,bcap_swing__mlb_2024_2025__20260909__r01,BCAP-SWING-v0.1.0,swing,2024_2025,COMPLETE,outer_game_nested_procedure_OPE,season-weighted final PA W per selected current decision; no summed PA policy gain,Q/value/delta/gain: raw W; outcome MSE: W^2; probabilities/coverage: fraction; sample counts: explicit rows/PA/games,Take_adjudicated,Swing_offer_including_bunts,2-0,OUT,NFB,fixed_score_sensitivity,,,,
cell,2-0|OUT|NFB,fixed_score_cluster_batter,5253.0,,,,-0.1542711884243108,False,-0.2415013884431566,-0.067040988405465,605.0,bcap_swing__mlb_2024_2025__20260909__r01,BCAP-SWING-v0.1.0,swing,2024_2025,COMPLETE,outer_game_nested_procedure_OPE,season-weighted final PA W per selected current decision; no summed PA policy gain,Q/value/delta/gain: raw W; outcome MSE: W^2; probabilities/coverage: fraction; sample counts: explicit rows/PA/games,Take_adjudicated,Swing_offer_including_bunts,2-0,OUT,NFB,fixed_score_sensitivity,,,,
cell,2-1|BOUNDARY|FB,untrimmed,11769.0,0.9998300909013678,0.3256181730580143,0.2916427622678894,-0.0339754107901249,True,,,,bcap_swing__mlb_2024_2025__20260909__r01,BCAP-SWING-v0.1.0,swing,2024_2025,COMPLETE,outer_game_nested_procedure_OPE,season-weighted final PA W per selected current decision; no summed PA policy gain,Q/value/delta/gain: raw W; outcome MSE: W^2; probabilities/coverage: fraction; sample counts: explicit rows/PA/games,Take_adjudicated,Swing_offer_including_bunts,2-1,BOUNDARY,FB,fixed_score_sensitivity,,,,
cell,2-1|BOUNDARY|FB,trim_002,11729.0,0.9964319089287232,0.3263803472821809,0.2915458154181875,-0.0348345318639934,True,,,,bcap_swing__mlb_2024_2025__20260909__r01,BCAP-SWING-v0.1.0,swing,2024_2025,COMPLETE,outer_game_nested_procedure_OPE,season-weighted final PA W per selected current decision; no summed PA policy gain,Q/value/delta/gain: raw W; outcome MSE: W^2; probabilities/coverage: fraction; sample counts: explicit rows/PA/games,Take_adjudicated,Swing_offer_including_bunts,2-1,BOUNDARY,FB,fixed_score_sensitivity,,,,
cell,2-1|BOUNDARY|FB,trim_005,11729.0,0.9964319089287232,0.3263803472821809,0.2915458154181875,-0.0348345318639934,False,,,,bcap_swing__mlb_2024_2025__20260909__r01,BCAP-SWING-v0.1.0,swing,2024_2025,COMPLETE,outer_game_nested_procedure_OPE,season-weighted final PA W per selected current decision; no summed PA policy gain,Q/value/delta/gain: raw W; outcome MSE: W^2; probabilities/coverage: fraction; sample counts: explicit rows/PA/games,Take_adjudicated,Swing_offer_including_bunts,2-1,BOUNDARY,FB,fixed_score_sensitivity,,,,
cell,2-1|BOUNDARY|FB,trim_010,11716.0,0.9953274997876136,0.3267212875238847,0.291559671213401,-0.0351616163104836,True,,,,bcap_swing__mlb_2024_2025__20260909__r01,BCAP-SWING-v0.1.0,swing,2024_2025,COMPLETE,outer_game_nested_procedure_OPE,season-weighted final PA W per selected current decision; no summed PA policy gain,Q/value/delta/gain: raw W; outcome MSE: W^2; probabilities/coverage: fraction; sample counts: explicit rows/PA/games,Take_adjudicated,Swing_offer_including_bunts,2-1,BOUNDARY,FB,fixed_score_sensitivity,,,,
cell,2-1|BOUNDARY|FB,clip_010_same_target,11729.0,0.9964319089287232,0.3264311669719067,0.2915455196274863,-0.0348856473444204,False,,,,bcap_swing__mlb_2024_2025__20260909__r01,BCAP-SWING-v0.1.0,swing,2024_2025,COMPLETE,outer_game_nested_procedure_OPE,season-weighted final PA W per selected current decision; no summed PA policy gain,Q/value/delta/gain: raw W; outcome MSE: W^2; probabilities/coverage: fraction; sample counts: explicit rows/PA/games,Take_adjudicated,Swing_offer_including_bunts,2-1,BOUNDARY,FB,fixed_score_sensitivity,,,,
cell,2-1|BOUNDARY|FB,first_count_visit,11729.0,0.9964319089287232,0.3263803472821809,0.2915458154181875,-0.0348345318639934,True,,,,bcap_swing__mlb_2024_2025__20260909__r01,BCAP-SWING-v0.1.0,swing,2024_2025,COMPLETE,outer_game_nested_procedure_OPE,season-weighted final PA W per selected current decision; no summed PA policy gain,Q/value/delta/gain: raw W; outcome MSE: W^2; probabilities/coverage: fraction; sample counts: explicit rows/PA/games,Take_adjudicated,Swing_offer_including_bunts,2-1,BOUNDARY,FB,fixed_score_sensitivity,,,,
cell,2-1|BOUNDARY|FB,fixed_score_cluster_pitcher,11729.0,,,,-0.0348345318639934,False,-0.0758222943629428,0.006153230634956,914.0,bcap_swing__mlb_2024_2025__20260909__r01,BCAP-SWING-v0.1.0,swing,2024_2025,COMPLETE,outer_game_nested_procedure_OPE,season-weighted final PA W per selected current decision; no summed PA policy gain,Q/value/delta/gain: raw W; outcome MSE: W^2; probabilities/coverage: fraction; sample counts: explicit rows/PA/games,Take_adjudicated,Swing_offer_including_bunts,2-1,BOUNDARY,FB,fixed_score_sensitivity,,,,
cell,2-1|BOUNDARY|FB,fixed_score_cluster_batter,11729.0,,,,-0.0348345318639934,False,-0.0760480381058919,0.0063789743779051,683.0,bcap_swing__mlb_2024_2025__20260909__r01,BCAP-SWING-v0.1.0,swing,2024_2025,COMPLETE,outer_game_nested_procedure_OPE,season-weighted final PA W per selected current decision; no summed PA policy gain,Q/value/delta/gain: raw W; outcome MSE: W^2; probabilities/coverage: fraction; sample counts: explicit rows/PA/games,Take_adjudicated,Swing_offer_including_bunts,2-1,BOUNDARY,FB,fixed_score_sensitivity,,,,
cell,2-1|BOUNDARY|NFB,untrimmed,7644.0,1.0,0.3227387433282881,0.2861304148192184,-0.0366083285090697,True,,,,bcap_swing__mlb_2024_2025__20260909__r01,BCAP-SWING-v0.1.0,swing,2024_2025,COMPLETE,outer_game_nested_procedure_OPE,season-weighted final PA W per selected current decision; no summed PA policy gain,Q/value/delta/gain: raw W; outcome MSE: W^2; probabilities/coverage: fraction; sample counts: explicit rows/PA/games,Take_adjudicated,Swing_offer_including_bunts,2-1,BOUNDARY,NFB,fixed_score_sensitivity,,,,
cell,2-1|BOUNDARY|NFB,trim_002,7619.0,0.9967294610151752,0.3231743059547861,0.2866953058064332,-0.0364790001483528,True,,,,bcap_swing__mlb_2024_2025__20260909__r01,BCAP-SWING-v0.1.0,swing,2024_2025,COMPLETE,outer_game_nested_procedure_OPE,season-weighted final PA W per selected current decision; no summed PA policy gain,Q/value/delta/gain: raw W; outcome MSE: W^2; probabilities/coverage: fraction; sample counts: explicit rows/PA/games,Take_adjudicated,Swing_offer_including_bunts,2-1,BOUNDARY,NFB,fixed_score_sensitivity,,,,
cell,2-1|BOUNDARY|NFB,trim_005,7618.0,0.9965986394557824,0.3231711356948277,0.2864529348114668,-0.0367182008833608,False,,,,bcap_swing__mlb_2024_2025__20260909__r01,BCAP-SWING-v0.1.0,swing,2024_2025,COMPLETE,outer_game_nested_procedure_OPE,season-weighted final PA W per selected current decision; no summed PA policy gain,Q/value/delta/gain: raw W; outcome MSE: W^2; probabilities/coverage: fraction; sample counts: explicit rows/PA/games,Take_adjudicated,Swing_offer_including_bunts,2-1,BOUNDARY,NFB,fixed_score_sensitivity,,,,
cell,2-1|BOUNDARY|NFB,trim_010,7599.0,0.9941130298273156,0.3239735365703554,0.2868113206118451,-0.0371622159585103,True,,,,bcap_swing__mlb_2024_2025__20260909__r01,BCAP-SWING-v0.1.0,swing,2024_2025,COMPLETE,outer_game_nested_procedure_OPE,season-weighted final PA W per selected current decision; no summed PA policy gain,Q/value/delta/gain: raw W; outcome MSE: W^2; probabilities/coverage: fraction; sample counts: explicit rows/PA/games,Take_adjudicated,Swing_offer_including_bunts,2-1,BOUNDARY,NFB,fixed_score_sensitivity,,,,
cell,2-1|BOUNDARY|NFB,clip_010_same_target,7618.0,0.9965986394557824,0.3231948761476035,0.2864484448716486,-0.0367464312759548,False,,,,bcap_swing__mlb_2024_2025__20260909__r01,BCAP-SWING-v0.1.0,swing,2024_2025,COMPLETE,outer_game_nested_procedure_OPE,season-weighted final PA W per selected current decision; no summed PA policy gain,Q/value/delta/gain: raw W; outcome MSE: W^2; probabilities/coverage: fraction; sample counts: explicit rows/PA/games,Take_adjudicated,Swing_offer_including_bunts,2-1,BOUNDARY,NFB,fixed_score_sensitivity,,,,
cell,2-1|BOUNDARY|NFB,first_count_visit,7618.0,0.9965986394557824,0.3231711356948277,0.2864529348114668,-0.0367182008833608,True,,,,bcap_swing__mlb_2024_2025__20260909__r01,BCAP-SWING-v0.1.0,swing,2024_2025,COMPLETE,outer_game_nested_procedure_OPE,season-weighted final PA W per selected current decision; no summed PA policy gain,Q/value/delta/gain: raw W; outcome MSE: W^2; probabilities/coverage: fraction; sample counts: explicit rows/PA/games,Take_adjudicated,Swing_offer_including_bunts,2-1,BOUNDARY,NFB,fixed_score_sensitivity,,,,
cell,2-1|BOUNDARY|NFB,fixed_score_cluster_pitcher,7618.0,,,,-0.0367182008833608,False,-0.0954421064460307,0.022005704679309,864.0,bcap_swing__mlb_2024_2025__20260909__r01,BCAP-SWING-v0.1.0,swing,2024_2025,COMPLETE,outer_game_nested_procedure_OPE,season-weighted final PA W per selected current decision; no summed PA policy gain,Q/value/delta/gain: raw W; outcome MSE: W^2; probabilities/coverage: fraction; sample counts: explicit rows/PA/games,Take_adjudicated,Swing_offer_including_bunts,2-1,BOUNDARY,NFB,fixed_score_sensitivity,,,,
cell,2-1|BOUNDARY|NFB,fixed_score_cluster_batter,7618.0,,,,-0.0367182008833608,False,-0.0936707364684532,0.0202343347017314,650.0,bcap_swing__mlb_2024_2025__20260909__r01,BCAP-SWING-v0.1.0,swing,2024_2025,COMPLETE,outer_game_nested_procedure_OPE,season-weighted final PA W per selected current decision; no summed PA policy gain,Q/value/delta/gain: raw W; outcome MSE: W^2; probabilities/coverage: fraction; sample counts: explicit rows/PA/games,Take_adjudicated,Swing_offer_including_bunts,2-1,BOUNDARY,NFB,fixed_score_sensitivity,,,,
cell,2-1|INNER|FB,untrimmed,15796.0,0.9999366968411724,0.2393367960484443,0.3247095844181055,0.0853727883696611,True,,,,bcap_swing__mlb_2024_2025__20260909__r01,BCAP-SWING-v0.1.0,swing,2024_2025,COMPLETE,outer_game_nested_procedure_OPE,season-weighted final PA W per selected current decision; no summed PA policy gain,Q/value/delta/gain: raw W; outcome MSE: W^2; probabilities/coverage: fraction; sample counts: explicit rows/PA/games,Take_adjudicated,Swing_offer_including_bunts,2-1,INNER,FB,fixed_score_sensitivity,,,,
cell,2-1|INNER|FB,trim_002,15755.0,0.9973412673292398,0.2383740641186156,0.3247992232408764,0.0864251591222607,True,,,,bcap_swing__mlb_2024_2025__20260909__r01,BCAP-SWING-v0.1.0,swing,2024_2025,COMPLETE,outer_game_nested_procedure_OPE,season-weighted final PA W per selected current decision; no summed PA policy gain,Q/value/delta/gain: raw W; outcome MSE: W^2; probabilities/coverage: fraction; sample counts: explicit rows/PA/games,Take_adjudicated,Swing_offer_including_bunts,2-1,INNER,FB,fixed_score_sensitivity,,,,
cell,2-1|INNER|FB,trim_005,15591.0,0.9869595492815092,0.2395380602337786,0.3239362241860394,0.0843981639522608,False,,,,bcap_swing__mlb_2024_2025__20260909__r01,BCAP-SWING-v0.1.0,swing,2024_2025,COMPLETE,outer_game_nested_procedure_OPE,season-weighted final PA W per selected current decision; no summed PA policy gain,Q/value/delta/gain: raw W; outcome MSE: W^2; probabilities/coverage: fraction; sample counts: explicit rows/PA/games,Take_adjudicated,Swing_offer_including_bunts,2-1,INNER,FB,fixed_score_sensitivity,,,,
cell,2-1|INNER|FB,trim_010,10559.0,0.6684180540608976,0.2527833519457031,0.3239888722062414,0.0712055202605383,True,,,,bcap_swing__mlb_2024_2025__20260909__r01,BCAP-SWING-v0.1.0,swing,2024_2025,COMPLETE,outer_game_nested_procedure_OPE,season-weighted final PA W per selected current decision; no summed PA policy gain,Q/value/delta/gain: raw W; outcome MSE: W^2; probabilities/coverage: fraction; sample counts: explicit rows/PA/games,Take_adjudicated,Swing_offer_including_bunts,2-1,INNER,FB,fixed_score_sensitivity,,,,
cell,2-1|INNER|FB,clip_010_same_target,15591.0,0.9869595492815092,0.2448208913987908,0.3238732447697202,0.0790523533709293,False,,,,bcap_swing__mlb_2024_2025__20260909__r01,BCAP-SWING-v0.1.0,swing,2024_2025,COMPLETE,outer_game_nested_procedure_OPE,season-weighted final PA W per selected current decision; no summed PA policy gain,Q/value/delta/gain: raw W; outcome MSE: W^2; probabilities/coverage: fraction; sample counts: explicit rows/PA/games,Take_adjudicated,Swing_offer_including_bunts,2-1,INNER,FB,fixed_score_sensitivity,,,,
cell,2-1|INNER|FB,first_count_visit,15591.0,0.9869595492815092,0.2395380602337786,0.3239362241860394,0.0843981639522608,True,,,,bcap_swing__mlb_2024_2025__20260909__r01,BCAP-SWING-v0.1.0,swing,2024_2025,COMPLETE,outer_game_nested_procedure_OPE,season-weighted final PA W per selected current decision; no summed PA policy gain,Q/value/delta/gain: raw W; outcome MSE: W^2; probabilities/coverage: fraction; sample counts: explicit rows/PA/games,Take_adjudicated,Swing_offer_including_bunts,2-1,INNER,FB,fixed_score_sensitivity,,,,
cell,2-1|INNER|FB,fixed_score_cluster_pitcher,15591.0,,,,0.0843981639522608,False,0.0367159433316575,0.1320803845728642,937.0,bcap_swing__mlb_2024_2025__20260909__r01,BCAP-SWING-v0.1.0,swing,2024_2025,COMPLETE,outer_game_nested_procedure_OPE,season-weighted final PA W per selected current decision; no summed PA policy gain,Q/value/delta/gain: raw W; outcome MSE: W^2; probabilities/coverage: fraction; sample counts: explicit rows/PA/games,Take_adjudicated,Swing_offer_including_bunts,2-1,INNER,FB,fixed_score_sensitivity,,,,
cell,2-1|INNER|FB,fixed_score_cluster_batter,15591.0,,,,0.0843981639522608,False,0.0365464663525706,0.132249861551951,682.0,bcap_swing__mlb_2024_2025__20260909__r01,BCAP-SWING-v0.1.0,swing,2024_2025,COMPLETE,outer_game_nested_procedure_OPE,season-weighted final PA W per selected current decision; no summed PA policy gain,Q/value/delta/gain: raw W; outcome MSE: W^2; probabilities/coverage: fraction; sample counts: explicit rows/PA/games,Take_adjudicated,Swing_offer_including_bunts,2-1,INNER,FB,fixed_score_sensitivity,,,,
cell,2-1|INNER|NFB,untrimmed,8763.0,0.9996577686516084,0.2687363759178985,0.3424828621906282,0.0737464862727298,True,,,,bcap_swing__mlb_2024_2025__20260909__r01,BCAP-SWING-v0.1.0,swing,2024_2025,COMPLETE,outer_game_nested_procedure_OPE,season-weighted final PA W per selected current decision; no summed PA policy gain,Q/value/delta/gain: raw W; outcome MSE: W^2; probabilities/coverage: fraction; sample counts: explicit rows/PA/games,Take_adjudicated,Swing_offer_including_bunts,2-1,INNER,NFB,fixed_score_sensitivity,,,,
cell,2-1|INNER|NFB,trim_002,8739.0,0.9969199178644764,0.2699167682536424,0.3428725291791799,0.0729557609255374,True,,,,bcap_swing__mlb_2024_2025__20260909__r01,BCAP-SWING-v0.1.0,swing,2024_2025,COMPLETE,outer_game_nested_procedure_OPE,season-weighted final PA W per selected current decision; no summed PA policy gain,Q/value/delta/gain: raw W; outcome MSE: W^2; probabilities/coverage: fraction; sample counts: explicit rows/PA/games,Take_adjudicated,Swing_offer_including_bunts,2-1,INNER,NFB,fixed_score_sensitivity,,,,
cell,2-1|INNER|NFB,trim_005,8715.0,0.9941820670773442,0.2698157780308883,0.3419644218965963,0.0721486438657081,False,,,,bcap_swing__mlb_2024_2025__20260909__r01,BCAP-SWING-v0.1.0,swing,2024_2025,COMPLETE,outer_game_nested_procedure_OPE,season-weighted final PA W per selected current decision; no summed PA policy gain,Q/value/delta/gain: raw W; outcome MSE: W^2; probabilities/coverage: fraction; sample counts: explicit rows/PA/games,Take_adjudicated,Swing_offer_including_bunts,2-1,INNER,NFB,fixed_score_sensitivity,,,,
cell,2-1|INNER|NFB,trim_010,7428.0,0.8473648186173853,0.2752107962137039,0.3413798569207162,0.0661690607070123,True,,,,bcap_swing__mlb_2024_2025__20260909__r01,BCAP-SWING-v0.1.0,swing,2024_2025,COMPLETE,outer_game_nested_procedure_OPE,season-weighted final PA W per selected current decision; no summed PA policy gain,Q/value/delta/gain: raw W; outcome MSE: W^2; probabilities/coverage: fraction; sample counts: explicit rows/PA/games,Take_adjudicated,Swing_offer_including_bunts,2-1,INNER,NFB,fixed_score_sensitivity,,,,
cell,2-1|INNER|NFB,clip_010_same_target,8715.0,0.9941820670773442,0.2715783515449925,0.3419920670770616,0.0704137155320691,False,,,,bcap_swing__mlb_2024_2025__20260909__r01,BCAP-SWING-v0.1.0,swing,2024_2025,COMPLETE,outer_game_nested_procedure_OPE,season-weighted final PA W per selected current decision; no summed PA policy gain,Q/value/delta/gain: raw W; outcome MSE: W^2; probabilities/coverage: fraction; sample counts: explicit rows/PA/games,Take_adjudicated,Swing_offer_including_bunts,2-1,INNER,NFB,fixed_score_sensitivity,,,,
cell,2-1|INNER|NFB,first_count_visit,8715.0,0.9941820670773442,0.2698157780308883,0.3419644218965963,0.0721486438657081,True,,,,bcap_swing__mlb_2024_2025__20260909__r01,BCAP-SWING-v0.1.0,swing,2024_2025,COMPLETE,outer_game_nested_procedure_OPE,season-weighted final PA W per selected current decision; no summed PA policy gain,Q/value/delta/gain: raw W; outcome MSE: W^2; probabilities/coverage: fraction; sample counts: explicit rows/PA/games,Take_adjudicated,Swing_offer_including_bunts,2-1,INNER,NFB,fixed_score_sensitivity,,,,
cell,2-1|INNER|NFB,fixed_score_cluster_pitcher,8715.0,,,,0.0721486438657081,False,0.0055158788257106,0.1387814089057055,883.0,bcap_swing__mlb_2024_2025__20260909__r01,BCAP-SWING-v0.1.0,swing,2024_2025,COMPLETE,outer_game_nested_procedure_OPE,season-weighted final PA W per selected current decision; no summed PA policy gain,Q/value/delta/gain: raw W; outcome MSE: W^2; probabilities/coverage: fraction; sample counts: explicit rows/PA/games,Take_adjudicated,Swing_offer_including_bunts,2-1,INNER,NFB,fixed_score_sensitivity,,,,
cell,2-1|INNER|NFB,fixed_score_cluster_batter,8715.0,,,,0.0721486438657081,False,0.008917313579206,0.1353799741522101,655.0,bcap_swing__mlb_2024_2025__20260909__r01,BCAP-SWING-v0.1.0,swing,2024_2025,COMPLETE,outer_game_nested_procedure_OPE,season-weighted final PA W per selected current decision; no summed PA policy gain,Q/value/delta/gain: raw W; outcome MSE: W^2; probabilities/coverage: fraction; sample counts: explicit rows/PA/games,Take_adjudicated,Swing_offer_including_bunts,2-1,INNER,NFB,fixed_score_sensitivity,,,,
cell,2-1|OUT|FB,untrimmed,15261.0,0.9999344777879702,0.4596650797203369,0.2707307222380476,-0.1889343574822893,True,,,,bcap_swing__mlb_2024_2025__20260909__r01,BCAP-SWING-v0.1.0,swing,2024_2025,COMPLETE,outer_game_nested_procedure_OPE,season-weighted final PA W per selected current decision; no summed PA policy gain,Q/value/delta/gain: raw W; outcome MSE: W^2; probabilities/coverage: fraction; sample counts: explicit rows/PA/games,Take_adjudicated,Swing_offer_including_bunts,2-1,OUT,FB,fixed_score_sensitivity,,,,
cell,2-1|OUT|FB,trim_002,15116.0,0.9904337570436378,0.4597361535676286,0.2717182605291399,-0.1880178930384886,True,,,,bcap_swing__mlb_2024_2025__20260909__r01,BCAP-SWING-v0.1.0,swing,2024_2025,COMPLETE,outer_game_nested_procedure_OPE,season-weighted final PA W per selected current decision; no summed PA policy gain,Q/value/delta/gain: raw W; outcome MSE: W^2; probabilities/coverage: fraction; sample counts: explicit rows/PA/games,Take_adjudicated,Swing_offer_including_bunts,2-1,OUT,FB,fixed_score_sensitivity,,,,
cell,2-1|OUT|FB,trim_005,14667.0,0.9610142838422224,0.4575823342701624,0.2734244398117574,-0.184157894458405,False,,,,bcap_swing__mlb_2024_2025__20260909__r01,BCAP-SWING-v0.1.0,swing,2024_2025,COMPLETE,outer_game_nested_procedure_OPE,season-weighted final PA W per selected current decision; no summed PA policy gain,Q/value/delta/gain: raw W; outcome MSE: W^2; probabilities/coverage: fraction; sample counts: explicit rows/PA/games,Take_adjudicated,Swing_offer_including_bunts,2-1,OUT,FB,fixed_score_sensitivity,,,,
cell,2-1|OUT|FB,trim_010,13126.0,0.8600445551041803,0.4541445742289725,0.2813168217733925,-0.17282775245558,True,,,,bcap_swing__mlb_2024_2025__20260909__r01,BCAP-SWING-v0.1.0,swing,2024_2025,COMPLETE,outer_game_nested_procedure_OPE,season-weighted final PA W per selected current decision; no summed PA policy gain,Q/value/delta/gain: raw W; outcome MSE: W^2; probabilities/coverage: fraction; sample counts: explicit rows/PA/games,Take_adjudicated,Swing_offer_including_bunts,2-1,OUT,FB,fixed_score_sensitivity,,,,
cell,2-1|OUT|FB,clip_010_same_target,14667.0,0.9610142838422224,0.4576054306158488,0.2746336940224507,-0.182971736593398,False,,,,bcap_swing__mlb_2024_2025__20260909__r01,BCAP-SWING-v0.1.0,swing,2024_2025,COMPLETE,outer_game_nested_procedure_OPE,season-weighted final PA W per selected current decision; no summed PA policy gain,Q/value/delta/gain: raw W; outcome MSE: W^2; probabilities/coverage: fraction; sample counts: explicit rows/PA/games,Take_adjudicated,Swing_offer_including_bunts,2-1,OUT,FB,fixed_score_sensitivity,,,,
cell,2-1|OUT|FB,first_count_visit,14667.0,0.9610142838422224,0.4575823342701624,0.2734244398117574,-0.184157894458405,True,,,,bcap_swing__mlb_2024_2025__20260909__r01,BCAP-SWING-v0.1.0,swing,2024_2025,COMPLETE,outer_game_nested_procedure_OPE,season-weighted final PA W per selected current decision; no summed PA policy gain,Q/value/delta/gain: raw W; outcome MSE: W^2; probabilities/coverage: fraction; sample counts: explicit rows/PA/games,Take_adjudicated,Swing_offer_including_bunts,2-1,OUT,FB,fixed_score_sensitivity,,,,
cell,2-1|OUT|FB,fixed_score_cluster_pitcher,14667.0,,,,-0.184157894458405,False,-0.2239757382543408,-0.1443400506624692,948.0,bcap_swing__mlb_2024_2025__20260909__r01,BCAP-SWING-v0.1.0,swing,2024_2025,COMPLETE,outer_game_nested_procedure_OPE,season-weighted final PA W per selected current decision; no summed PA policy gain,Q/value/delta/gain: raw W; outcome MSE: W^2; probabilities/coverage: fraction; sample counts: explicit rows/PA/games,Take_adjudicated,Swing_offer_including_bunts,2-1,OUT,FB,fixed_score_sensitivity,,,,
cell,2-1|OUT|FB,fixed_score_cluster_batter,14667.0,,,,-0.184157894458405,False,-0.2230624144578073,-0.1452533744590027,685.0,bcap_swing__mlb_2024_2025__20260909__r01,BCAP-SWING-v0.1.0,swing,2024_2025,COMPLETE,outer_game_nested_procedure_OPE,season-weighted final PA W per selected current decision; no summed PA policy gain,Q/value/delta/gain: raw W; outcome MSE: W^2; probabilities/coverage: fraction; sample counts: explicit rows/PA/games,Take_adjudicated,Swing_offer_including_bunts,2-1,OUT,FB,fixed_score_sensitivity,,,,
cell,2-1|OUT|NFB,untrimmed,13679.0,0.9998538118558584,0.4575986123839372,0.2606002322068144,-0.1969983801771228,True,,,,bcap_swing__mlb_2024_2025__20260909__r01,BCAP-SWING-v0.1.0,swing,2024_2025,COMPLETE,outer_game_nested_procedure_OPE,season-weighted final PA W per selected current decision; no summed PA policy gain,Q/value/delta/gain: raw W; outcome MSE: W^2; probabilities/coverage: fraction; sample counts: explicit rows/PA/games,Take_adjudicated,Swing_offer_including_bunts,2-1,OUT,NFB,fixed_score_sensitivity,,,,
cell,2-1|OUT|NFB,trim_002,13551.0,0.9904977706308018,0.457890834907005,0.2600079881702137,-0.1978828467367913,True,,,,bcap_swing__mlb_2024_2025__20260909__r01,BCAP-SWING-v0.1.0,swing,2024_2025,COMPLETE,outer_game_nested_procedure_OPE,season-weighted final PA W per selected current decision; no summed PA policy gain,Q/value/delta/gain: raw W; outcome MSE: W^2; probabilities/coverage: fraction; sample counts: explicit rows/PA/games,Take_adjudicated,Swing_offer_including_bunts,2-1,OUT,NFB,fixed_score_sensitivity,,,,
cell,2-1|OUT|NFB,trim_005,13175.0,0.963014399532198,0.4569920907117983,0.2649718519814755,-0.1920202387303227,False,,,,bcap_swing__mlb_2024_2025__20260909__r01,BCAP-SWING-v0.1.0,swing,2024_2025,COMPLETE,outer_game_nested_procedure_OPE,season-weighted final PA W per selected current decision; no summed PA policy gain,Q/value/delta/gain: raw W; outcome MSE: W^2; probabilities/coverage: fraction; sample counts: explicit rows/PA/games,Take_adjudicated,Swing_offer_including_bunts,2-1,OUT,NFB,fixed_score_sensitivity,,,,
cell,2-1|OUT|NFB,trim_010,12371.0,0.9042467655873108,0.4560581731405725,0.2589692349685263,-0.1970889381720462,True,,,,bcap_swing__mlb_2024_2025__20260909__r01,BCAP-SWING-v0.1.0,swing,2024_2025,COMPLETE,outer_game_nested_procedure_OPE,season-weighted final PA W per selected current decision; no summed PA policy gain,Q/value/delta/gain: raw W; outcome MSE: W^2; probabilities/coverage: fraction; sample counts: explicit rows/PA/games,Take_adjudicated,Swing_offer_including_bunts,2-1,OUT,NFB,fixed_score_sensitivity,,,,
cell,2-1|OUT|NFB,clip_010_same_target,13175.0,0.963014399532198,0.4569567736117785,0.2615185880527409,-0.1954381855590376,False,,,,bcap_swing__mlb_2024_2025__20260909__r01,BCAP-SWING-v0.1.0,swing,2024_2025,COMPLETE,outer_game_nested_procedure_OPE,season-weighted final PA W per selected current decision; no summed PA policy gain,Q/value/delta/gain: raw W; outcome MSE: W^2; probabilities/coverage: fraction; sample counts: explicit rows/PA/games,Take_adjudicated,Swing_offer_including_bunts,2-1,OUT,NFB,fixed_score_sensitivity,,,,
cell,2-1|OUT|NFB,first_count_visit,13175.0,0.963014399532198,0.4569920907117983,0.2649718519814755,-0.1920202387303227,True,,,,bcap_swing__mlb_2024_2025__20260909__r01,BCAP-SWING-v0.1.0,swing,2024_2025,COMPLETE,outer_game_nested_procedure_OPE,season-weighted final PA W per selected current decision; no summed PA policy gain,Q/value/delta/gain: raw W; outcome MSE: W^2; probabilities/coverage: fraction; sample counts: explicit rows/PA/games,Take_adjudicated,Swing_offer_including_bunts,2-1,OUT,NFB,fixed_score_sensitivity,,,,
cell,2-1|OUT|NFB,fixed_score_cluster_pitcher,13175.0,,,,-0.1920202387303227,False,-0.2338913611651094,-0.1501491162955361,974.0,bcap_swing__mlb_2024_2025__20260909__r01,BCAP-SWING-v0.1.0,swing,2024_2025,COMPLETE,outer_game_nested_procedure_OPE,season-weighted final PA W per selected current decision; no summed PA policy gain,Q/value/delta/gain: raw W; outcome MSE: W^2; probabilities/coverage: fraction; sample counts: explicit rows/PA/games,Take_adjudicated,Swing_offer_including_bunts,2-1,OUT,NFB,fixed_score_sensitivity,,,,
cell,2-1|OUT|NFB,fixed_score_cluster_batter,13175.0,,,,-0.1920202387303227,False,-0.2310377292522939,-0.1530027482083516,675.0,bcap_swing__mlb_2024_2025__20260909__r01,BCAP-SWING-v0.1.0,swing,2024_2025,COMPLETE,outer_game_nested_procedure_OPE,season-weighted final PA W per selected current decision; no summed PA policy gain,Q/value/delta/gain: raw W; outcome MSE: W^2; probabilities/coverage: fraction; sample counts: explicit rows/PA/games,Take_adjudicated,Swing_offer_including_bunts,2-1,OUT,NFB,fixed_score_sensitivity,,,,
cell,2-2|BOUNDARY|FB,untrimmed,14994.0,0.9999333111037012,0.1323724423377885,0.2405728935586586,0.1082004512208701,True,,,,bcap_swing__mlb_2024_2025__20260909__r01,BCAP-SWING-v0.1.0,swing,2024_2025,COMPLETE,outer_game_nested_procedure_OPE,season-weighted final PA W per selected current decision; no summed PA policy gain,Q/value/delta/gain: raw W; outcome MSE: W^2; probabilities/coverage: fraction; sample counts: explicit rows/PA/games,Take_adjudicated,Swing_offer_including_bunts,2-2,BOUNDARY,FB,fixed_score_sensitivity,,,,
cell,2-2|BOUNDARY|FB,trim_002,14957.0,0.9974658219406468,0.1324010373209262,0.2409494736063407,0.1085484362854144,True,,,,bcap_swing__mlb_2024_2025__20260909__r01,BCAP-SWING-v0.1.0,swing,2024_2025,COMPLETE,outer_game_nested_procedure_OPE,season-weighted final PA W per selected current decision; no summed PA policy gain,Q/value/delta/gain: raw W; outcome MSE: W^2; probabilities/coverage: fraction; sample counts: explicit rows/PA/games,Take_adjudicated,Swing_offer_including_bunts,2-2,BOUNDARY,FB,fixed_score_sensitivity,,,,
cell,2-2|BOUNDARY|FB,trim_005,14945.0,0.9966655551850616,0.1323786126473349,0.2407142448855352,0.1083356322382002,False,,,,bcap_swing__mlb_2024_2025__20260909__r01,BCAP-SWING-v0.1.0,swing,2024_2025,COMPLETE,outer_game_nested_procedure_OPE,season-weighted final PA W per selected current decision; no summed PA policy gain,Q/value/delta/gain: raw W; outcome MSE: W^2; probabilities/coverage: fraction; sample counts: explicit rows/PA/games,Take_adjudicated,Swing_offer_including_bunts,2-2,BOUNDARY,FB,fixed_score_sensitivity,,,,
cell,2-2|BOUNDARY|FB,trim_010,13685.0,0.9126375458486162,0.1347438816346305,0.2409802951686496,0.1062364135340191,True,,,,bcap_swing__mlb_2024_2025__20260909__r01,BCAP-SWING-v0.1.0,swing,2024_2025,COMPLETE,outer_game_nested_procedure_OPE,season-weighted final PA W per selected current decision; no summed PA policy gain,Q/value/delta/gain: raw W; outcome MSE: W^2; probabilities/coverage: fraction; sample counts: explicit rows/PA/games,Take_adjudicated,Swing_offer_including_bunts,2-2,BOUNDARY,FB,fixed_score_sensitivity,,,,
cell,2-2|BOUNDARY|FB,clip_010_same_target,14945.0,0.9966655551850616,0.1326461476966114,0.2406774715960099,0.1080313238993985,False,,,,bcap_swing__mlb_2024_2025__20260909__r01,BCAP-SWING-v0.1.0,swing,2024_2025,COMPLETE,outer_game_nested_procedure_OPE,season-weighted final PA W per selected current decision; no summed PA policy gain,Q/value/delta/gain: raw W; outcome MSE: W^2; probabilities/coverage: fraction; sample counts: explicit rows/PA/games,Take_adjudicated,Swing_offer_including_bunts,2-2,BOUNDARY,FB,fixed_score_sensitivity,,,,
cell,2-2|BOUNDARY|FB,first_count_visit,14182.0,0.945781927309103,0.1315169648680313,0.2396415164702049,0.1081245516021735,True,,,,bcap_swing__mlb_2024_2025__20260909__r01,BCAP-SWING-v0.1.0,swing,2024_2025,COMPLETE,outer_game_nested_procedure_OPE,season-weighted final PA W per selected current decision; no summed PA policy gain,Q/value/delta/gain: raw W; outcome MSE: W^2; probabilities/coverage: fraction; sample counts: explicit rows/PA/games,Take_adjudicated,Swing_offer_including_bunts,2-2,BOUNDARY,FB,fixed_score_sensitivity,,,,
cell,2-2|BOUNDARY|FB,fixed_score_cluster_pitcher,14945.0,,,,0.1083356322382002,False,0.0717271667525822,0.1449440977238182,919.0,bcap_swing__mlb_2024_2025__20260909__r01,BCAP-SWING-v0.1.0,swing,2024_2025,COMPLETE,outer_game_nested_procedure_OPE,season-weighted final PA W per selected current decision; no summed PA policy gain,Q/value/delta/gain: raw W; outcome MSE: W^2; probabilities/coverage: fraction; sample counts: explicit rows/PA/games,Take_adjudicated,Swing_offer_including_bunts,2-2,BOUNDARY,FB,fixed_score_sensitivity,,,,
cell,2-2|BOUNDARY|FB,fixed_score_cluster_batter,14945.0,,,,0.1083356322382002,False,0.0735326860263543,0.1431385784500461,688.0,bcap_swing__mlb_2024_2025__20260909__r01,BCAP-SWING-v0.1.0,swing,2024_2025,COMPLETE,outer_game_nested_procedure_OPE,season-weighted final PA W per selected current decision; no summed PA policy gain,Q/value/delta/gain: raw W; outcome MSE: W^2; probabilities/coverage: fraction; sample counts: explicit rows/PA/games,Take_adjudicated,Swing_offer_including_bunts,2-2,BOUNDARY,FB,fixed_score_sensitivity,,,,
cell,2-2|BOUNDARY|NFB,untrimmed,13207.0,0.999924288310115,0.1321424468831192,0.2390606485671902,0.1069182016840709,True,,,,bcap_swing__mlb_2024_2025__20260909__r01,BCAP-SWING-v0.1.0,swing,2024_2025,COMPLETE,outer_game_nested_procedure_OPE,season-weighted final PA W per selected current decision; no summed PA policy gain,Q/value/delta/gain: raw W; outcome MSE: W^2; probabilities/coverage: fraction; sample counts: explicit rows/PA/games,Take_adjudicated,Swing_offer_including_bunts,2-2,BOUNDARY,NFB,fixed_score_sensitivity,,,,
cell,2-2|BOUNDARY|NFB,trim_002,13172.0,0.997274379164143,0.1322667106681326,0.2396492574777785,0.1073825468096458,True,,,,bcap_swing__mlb_2024_2025__20260909__r01,BCAP-SWING-v0.1.0,swing,2024_2025,COMPLETE,outer_game_nested_procedure_OPE,season-weighted final PA W per selected current decision; no summed PA policy gain,Q/value/delta/gain: raw W; outcome MSE: W^2; probabilities/coverage: fraction; sample counts: explicit rows/PA/games,Take_adjudicated,Swing_offer_including_bunts,2-2,BOUNDARY,NFB,fixed_score_sensitivity,,,,
cell,2-2|BOUNDARY|NFB,trim_005,12966.0,0.9816777710478498,0.1346171782970489,0.2381635527330643,0.1035463744360153,False,,,,bcap_swing__mlb_2024_2025__20260909__r01,BCAP-SWING-v0.1.0,swing,2024_2025,COMPLETE,outer_game_nested_procedure_OPE,season-weighted final PA W per selected current decision; no summed PA policy gain,Q/value/delta/gain: raw W; outcome MSE: W^2; probabilities/coverage: fraction; sample counts: explicit rows/PA/games,Take_adjudicated,Swing_offer_including_bunts,2-2,BOUNDARY,NFB,fixed_score_sensitivity,,,,
cell,2-2|BOUNDARY|NFB,trim_010,9058.0,0.6857964869775893,0.1644680605820652,0.2276973653361559,0.0632293047540907,True,,,,bcap_swing__mlb_2024_2025__20260909__r01,BCAP-SWING-v0.1.0,swing,2024_2025,COMPLETE,outer_game_nested_procedure_OPE,season-weighted final PA W per selected current decision; no summed PA policy gain,Q/value/delta/gain: raw W; outcome MSE: W^2; probabilities/coverage: fraction; sample counts: explicit rows/PA/games,Take_adjudicated,Swing_offer_including_bunts,2-2,BOUNDARY,NFB,fixed_score_sensitivity,,,,
cell,2-2|BOUNDARY|NFB,clip_010_same_target,12966.0,0.9816777710478498,0.1420080700899701,0.2381974132316263,0.0961893431416562,False,,,,bcap_swing__mlb_2024_2025__20260909__r01,BCAP-SWING-v0.1.0,swing,2024_2025,COMPLETE,outer_game_nested_procedure_OPE,season-weighted final PA W per selected current decision; no summed PA policy gain,Q/value/delta/gain: raw W; outcome MSE: W^2; probabilities/coverage: fraction; sample counts: explicit rows/PA/games,Take_adjudicated,Swing_offer_including_bunts,2-2,BOUNDARY,NFB,fixed_score_sensitivity,,,,
cell,2-2|BOUNDARY|NFB,first_count_visit,12408.0,0.9394306480920654,0.1328729596994562,0.2373721397099016,0.1044991800104453,True,,,,bcap_swing__mlb_2024_2025__20260909__r01,BCAP-SWING-v0.1.0,swing,2024_2025,COMPLETE,outer_game_nested_procedure_OPE,season-weighted final PA W per selected current decision; no summed PA policy gain,Q/value/delta/gain: raw W; outcome MSE: W^2; probabilities/coverage: fraction; sample counts: explicit rows/PA/games,Take_adjudicated,Swing_offer_including_bunts,2-2,BOUNDARY,NFB,fixed_score_sensitivity,,,,
cell,2-2|BOUNDARY|NFB,fixed_score_cluster_pitcher,12966.0,,,,0.1035463744360153,False,0.0603939918314926,0.1466987570405381,937.0,bcap_swing__mlb_2024_2025__20260909__r01,BCAP-SWING-v0.1.0,swing,2024_2025,COMPLETE,outer_game_nested_procedure_OPE,season-weighted final PA W per selected current decision; no summed PA policy gain,Q/value/delta/gain: raw W; outcome MSE: W^2; probabilities/coverage: fraction; sample counts: explicit rows/PA/games,Take_adjudicated,Swing_offer_including_bunts,2-2,BOUNDARY,NFB,fixed_score_sensitivity,,,,
cell,2-2|BOUNDARY|NFB,fixed_score_cluster_batter,12966.0,,,,0.1035463744360153,False,0.0595367092453542,0.1475560396266765,681.0,bcap_swing__mlb_2024_2025__20260909__r01,BCAP-SWING-v0.1.0,swing,2024_2025,COMPLETE,outer_game_nested_procedure_OPE,season-weighted final PA W per selected current decision; no summed PA policy gain,Q/value/delta/gain: raw W; outcome MSE: W^2; probabilities/coverage: fraction; sample counts: explicit rows/PA/games,Take_adjudicated,Swing_offer_including_bunts,2-2,BOUNDARY,NFB,fixed_score_sensitivity,,,,
cell,2-2|INNER|FB,untrimmed,18333.0,1.0,0.04019364587174,0.2804993050462289,0.2403056591744888,True,,,,bcap_swing__mlb_2024_2025__20260909__r01,BCAP-SWING-v0.1.0,swing,2024_2025,COMPLETE,outer_game_nested_procedure_OPE,season-weighted final PA W per selected current decision; no summed PA policy gain,Q/value/delta/gain: raw W; outcome MSE: W^2; probabilities/coverage: fraction; sample counts: explicit rows/PA/games,Take_adjudicated,Swing_offer_including_bunts,2-2,INNER,FB,fixed_score_sensitivity,,,,
cell,2-2|INNER|FB,trim_002,18282.0,0.9972181312387498,0.0406102757376059,0.2806928639364495,0.2400825881988435,True,,,,bcap_swing__mlb_2024_2025__20260909__r01,BCAP-SWING-v0.1.0,swing,2024_2025,COMPLETE,outer_game_nested_procedure_OPE,season-weighted final PA W per selected current decision; no summed PA policy gain,Q/value/delta/gain: raw W; outcome MSE: W^2; probabilities/coverage: fraction; sample counts: explicit rows/PA/games,Take_adjudicated,Swing_offer_including_bunts,2-2,INNER,FB,fixed_score_sensitivity,,,,
cell,2-2|INNER|FB,trim_005,16745.0,0.9133802432771504,0.0383283916104792,0.2815469303922868,0.2432185387818076,False,,,,bcap_swing__mlb_2024_2025__20260909__r01,BCAP-SWING-v0.1.0,swing,2024_2025,COMPLETE,outer_game_nested_procedure_OPE,season-weighted final PA W per selected current decision; no summed PA policy gain,Q/value/delta/gain: raw W; outcome MSE: W^2; probabilities/coverage: fraction; sample counts: explicit rows/PA/games,Take_adjudicated,Swing_offer_including_bunts,2-2,INNER,FB,fixed_score_sensitivity,,,,
cell,2-2|INNER|FB,trim_010,5702.0,0.3110238367970326,0.0220755551922953,0.2783191445080747,0.2562435893157793,True,,,,bcap_swing__mlb_2024_2025__20260909__r01,BCAP-SWING-v0.1.0,swing,2024_2025,COMPLETE,outer_game_nested_procedure_OPE,season-weighted final PA W per selected current decision; no summed PA policy gain,Q/value/delta/gain: raw W; outcome MSE: W^2; probabilities/coverage: fraction; sample counts: explicit rows/PA/games,Take_adjudicated,Swing_offer_including_bunts,2-2,INNER,FB,fixed_score_sensitivity,,,,
cell,2-2|INNER|FB,clip_010_same_target,16745.0,0.9133802432771504,0.0503589215309469,0.2814853760563955,0.2311264545254486,False,,,,bcap_swing__mlb_2024_2025__20260909__r01,BCAP-SWING-v0.1.0,swing,2024_2025,COMPLETE,outer_game_nested_procedure_OPE,season-weighted final PA W per selected current decision; no summed PA policy gain,Q/value/delta/gain: raw W; outcome MSE: W^2; probabilities/coverage: fraction; sample counts: explicit rows/PA/games,Take_adjudicated,Swing_offer_including_bunts,2-2,INNER,FB,fixed_score_sensitivity,,,,
cell,2-2|INNER|FB,first_count_visit,15523.0,0.8467244858997436,0.038492754674116,0.2822169743268725,0.2437242196527565,True,,,,bcap_swing__mlb_2024_2025__20260909__r01,BCAP-SWING-v0.1.0,swing,2024_2025,COMPLETE,outer_game_nested_procedure_OPE,season-weighted final PA W per selected current decision; no summed PA policy gain,Q/value/delta/gain: raw W; outcome MSE: W^2; probabilities/coverage: fraction; sample counts: explicit rows/PA/games,Take_adjudicated,Swing_offer_including_bunts,2-2,INNER,FB,fixed_score_sensitivity,,,,
cell,2-2|INNER|FB,fixed_score_cluster_pitcher,16745.0,,,,0.2432185387818076,False,0.2187444042040884,0.2676926733595268,926.0,bcap_swing__mlb_2024_2025__20260909__r01,BCAP-SWING-v0.1.0,swing,2024_2025,COMPLETE,outer_game_nested_procedure_OPE,season-weighted final PA W per selected current decision; no summed PA policy gain,Q/value/delta/gain: raw W; outcome MSE: W^2; probabilities/coverage: fraction; sample counts: explicit rows/PA/games,Take_adjudicated,Swing_offer_including_bunts,2-2,INNER,FB,fixed_score_sensitivity,,,,
cell,2-2|INNER|FB,fixed_score_cluster_batter,16745.0,,,,0.2432185387818076,False,0.2187529925217478,0.2676840850418674,683.0,bcap_swing__mlb_2024_2025__20260909__r01,BCAP-SWING-v0.1.0,swing,2024_2025,COMPLETE,outer_game_nested_procedure_OPE,season-weighted final PA W per selected current decision; no summed PA policy gain,Q/value/delta/gain: raw W; outcome MSE: W^2; probabilities/coverage: fraction; sample counts: explicit rows/PA/games,Take_adjudicated,Swing_offer_including_bunts,2-2,INNER,FB,fixed_score_sensitivity,,,,
cell,2-2|INNER|NFB,untrimmed,13066.0,0.9998469543924088,0.0608788248345008,0.2946292896445039,0.2337504648100031,True,,,,bcap_swing__mlb_2024_2025__20260909__r01,BCAP-SWING-v0.1.0,swing,2024_2025,COMPLETE,outer_game_nested_procedure_OPE,season-weighted final PA W per selected current decision; no summed PA policy gain,Q/value/delta/gain: raw W; outcome MSE: W^2; probabilities/coverage: fraction; sample counts: explicit rows/PA/games,Take_adjudicated,Swing_offer_including_bunts,2-2,INNER,NFB,fixed_score_sensitivity,,,,
cell,2-2|INNER|NFB,trim_002,13017.0,0.996097337006428,0.0611585421800902,0.2952914869674971,0.2341329447874067,True,,,,bcap_swing__mlb_2024_2025__20260909__r01,BCAP-SWING-v0.1.0,swing,2024_2025,COMPLETE,outer_game_nested_procedure_OPE,season-weighted final PA W per selected current decision; no summed PA policy gain,Q/value/delta/gain: raw W; outcome MSE: W^2; probabilities/coverage: fraction; sample counts: explicit rows/PA/games,Take_adjudicated,Swing_offer_including_bunts,2-2,INNER,NFB,fixed_score_sensitivity,,,,
cell,2-2|INNER|NFB,trim_005,11179.0,0.8554484236302418,0.0633938586612278,0.289050300905956,0.2256564422447282,False,,,,bcap_swing__mlb_2024_2025__20260909__r01,BCAP-SWING-v0.1.0,swing,2024_2025,COMPLETE,outer_game_nested_procedure_OPE,season-weighted final PA W per selected current decision; no summed PA policy gain,Q/value/delta/gain: raw W; outcome MSE: W^2; probabilities/coverage: fraction; sample counts: explicit rows/PA/games,Take_adjudicated,Swing_offer_including_bunts,2-2,INNER,NFB,fixed_score_sensitivity,,,,
cell,2-2|INNER|NFB,trim_010,3303.0,0.2527548209366391,0.063948659421013,0.282846549904234,0.218897890483221,True,,,,bcap_swing__mlb_2024_2025__20260909__r01,BCAP-SWING-v0.1.0,swing,2024_2025,COMPLETE,outer_game_nested_procedure_OPE,season-weighted final PA W per selected current decision; no summed PA policy gain,Q/value/delta/gain: raw W; outcome MSE: W^2; probabilities/coverage: fraction; sample counts: explicit rows/PA/games,Take_adjudicated,Swing_offer_including_bunts,2-2,INNER,NFB,fixed_score_sensitivity,,,,
cell,2-2|INNER|NFB,clip_010_same_target,11179.0,0.8554484236302418,0.0805315255767305,0.2889798453083473,0.2084483197316169,False,,,,bcap_swing__mlb_2024_2025__20260909__r01,BCAP-SWING-v0.1.0,swing,2024_2025,COMPLETE,outer_game_nested_procedure_OPE,season-weighted final PA W per selected current decision; no summed PA policy gain,Q/value/delta/gain: raw W; outcome MSE: W^2; probabilities/coverage: fraction; sample counts: explicit rows/PA/games,Take_adjudicated,Swing_offer_including_bunts,2-2,INNER,NFB,fixed_score_sensitivity,,,,
cell,2-2|INNER|NFB,first_count_visit,10647.0,0.8147382920110193,0.0623792634305371,0.2880380831360856,0.2256588197055484,True,,,,bcap_swing__mlb_2024_2025__20260909__r01,BCAP-SWING-v0.1.0,swing,2024_2025,COMPLETE,outer_game_nested_procedure_OPE,season-weighted final PA W per selected current decision; no summed PA policy gain,Q/value/delta/gain: raw W; outcome MSE: W^2; probabilities/coverage: fraction; sample counts: explicit rows/PA/games,Take_adjudicated,Swing_offer_including_bunts,2-2,INNER,NFB,fixed_score_sensitivity,,,,
cell,2-2|INNER|NFB,fixed_score_cluster_pitcher,11179.0,,,,0.2256564422447282,False,0.1949749034934161,0.2563379809960404,920.0,bcap_swing__mlb_2024_2025__20260909__r01,BCAP-SWING-v0.1.0,swing,2024_2025,COMPLETE,outer_game_nested_procedure_OPE,season-weighted final PA W per selected current decision; no summed PA policy gain,Q/value/delta/gain: raw W; outcome MSE: W^2; probabilities/coverage: fraction; sample counts: explicit rows/PA/games,Take_adjudicated,Swing_offer_including_bunts,2-2,INNER,NFB,fixed_score_sensitivity,,,,
cell,2-2|INNER|NFB,fixed_score_cluster_batter,11179.0,,,,0.2256564422447282,False,0.195684515048407,0.2556283694410495,679.0,bcap_swing__mlb_2024_2025__20260909__r01,BCAP-SWING-v0.1.0,swing,2024_2025,COMPLETE,outer_game_nested_procedure_OPE,season-weighted final PA W per selected current decision; no summed PA policy gain,Q/value/delta/gain: raw W; outcome MSE: W^2; probabilities/coverage: fraction; sample counts: explicit rows/PA/games,Take_adjudicated,Swing_offer_including_bunts,2-2,INNER,NFB,fixed_score_sensitivity,,,,
cell,2-2|OUT|FB,untrimmed,24452.0,1.0,0.3571055120123803,0.1698377967192829,-0.1872677152930974,True,,,,bcap_swing__mlb_2024_2025__20260909__r01,BCAP-SWING-v0.1.0,swing,2024_2025,COMPLETE,outer_game_nested_procedure_OPE,season-weighted final PA W per selected current decision; no summed PA policy gain,Q/value/delta/gain: raw W; outcome MSE: W^2; probabilities/coverage: fraction; sample counts: explicit rows/PA/games,Take_adjudicated,Swing_offer_including_bunts,2-2,OUT,FB,fixed_score_sensitivity,,,,
cell,2-2|OUT|FB,trim_002,24312.0,0.9942744969736628,0.357236894143244,0.1702286993876709,-0.1870081947555731,True,,,,bcap_swing__mlb_2024_2025__20260909__r01,BCAP-SWING-v0.1.0,swing,2024_2025,COMPLETE,outer_game_nested_procedure_OPE,season-weighted final PA W per selected current decision; no summed PA policy gain,Q/value/delta/gain: raw W; outcome MSE: W^2; probabilities/coverage: fraction; sample counts: explicit rows/PA/games,Take_adjudicated,Swing_offer_including_bunts,2-2,OUT,FB,fixed_score_sensitivity,,,,
cell,2-2|OUT|FB,trim_005,23896.0,0.9772615736954032,0.3572312208292041,0.171495215463689,-0.185736005365515,False,,,,bcap_swing__mlb_2024_2025__20260909__r01,BCAP-SWING-v0.1.0,swing,2024_2025,COMPLETE,outer_game_nested_procedure_OPE,season-weighted final PA W per selected current decision; no summed PA policy gain,Q/value/delta/gain: raw W; outcome MSE: W^2; probabilities/coverage: fraction; sample counts: explicit rows/PA/games,Take_adjudicated,Swing_offer_including_bunts,2-2,OUT,FB,fixed_score_sensitivity,,,,
cell,2-2|OUT|FB,trim_010,22873.0,0.9354245051529528,0.355604257925172,0.173757381645059,-0.181846876280113,True,,,,bcap_swing__mlb_2024_2025__20260909__r01,BCAP-SWING-v0.1.0,swing,2024_2025,COMPLETE,outer_game_nested_procedure_OPE,season-weighted final PA W per selected current decision; no summed PA policy gain,Q/value/delta/gain: raw W; outcome MSE: W^2; probabilities/coverage: fraction; sample counts: explicit rows/PA/games,Take_adjudicated,Swing_offer_including_bunts,2-2,OUT,FB,fixed_score_sensitivity,,,,
cell,2-2|OUT|FB,clip_010_same_target,23896.0,0.9772615736954032,0.3572332185874437,0.1715907896373184,-0.1856424289501253,False,,,,bcap_swing__mlb_2024_2025__20260909__r01,BCAP-SWING-v0.1.0,swing,2024_2025,COMPLETE,outer_game_nested_procedure_OPE,season-weighted final PA W per selected current decision; no summed PA policy gain,Q/value/delta/gain: raw W; outcome MSE: W^2; probabilities/coverage: fraction; sample counts: explicit rows/PA/games,Take_adjudicated,Swing_offer_including_bunts,2-2,OUT,FB,fixed_score_sensitivity,,,,
cell,2-2|OUT|FB,first_count_visit,22944.0,0.9383281531163096,0.3571530919771093,0.1705226302244529,-0.1866304617526564,True,,,,bcap_swing__mlb_2024_2025__20260909__r01,BCAP-SWING-v0.1.0,swing,2024_2025,COMPLETE,outer_game_nested_procedure_OPE,season-weighted final PA W per selected current decision; no summed PA policy gain,Q/value/delta/gain: raw W; outcome MSE: W^2; probabilities/coverage: fraction; sample counts: explicit rows/PA/games,Take_adjudicated,Swing_offer_including_bunts,2-2,OUT,FB,fixed_score_sensitivity,,,,
cell,2-2|OUT|FB,fixed_score_cluster_pitcher,23896.0,,,,-0.185736005365515,False,-0.2100486364789244,-0.1614233742521056,962.0,bcap_swing__mlb_2024_2025__20260909__r01,BCAP-SWING-v0.1.0,swing,2024_2025,COMPLETE,outer_game_nested_procedure_OPE,season-weighted final PA W per selected current decision; no summed PA policy gain,Q/value/delta/gain: raw W; outcome MSE: W^2; probabilities/coverage: fraction; sample counts: explicit rows/PA/games,Take_adjudicated,Swing_offer_including_bunts,2-2,OUT,FB,fixed_score_sensitivity,,,,
cell,2-2|OUT|FB,fixed_score_cluster_batter,23896.0,,,,-0.185736005365515,False,-0.211141678201485,-0.1603303325295449,698.0,bcap_swing__mlb_2024_2025__20260909__r01,BCAP-SWING-v0.1.0,swing,2024_2025,COMPLETE,outer_game_nested_procedure_OPE,season-weighted final PA W per selected current decision; no summed PA policy gain,Q/value/delta/gain: raw W; outcome MSE: W^2; probabilities/coverage: fraction; sample counts: explicit rows/PA/games,Take_adjudicated,Swing_offer_including_bunts,2-2,OUT,FB,fixed_score_sensitivity,,,,
cell,2-2|OUT|NFB,untrimmed,34524.0,0.9998841519925856,0.3600367914877684,0.1200510616728237,-0.2399857298149445,True,,,,bcap_swing__mlb_2024_2025__20260909__r01,BCAP-SWING-v0.1.0,swing,2024_2025,COMPLETE,outer_game_nested_procedure_OPE,season-weighted final PA W per selected current decision; no summed PA policy gain,Q/value/delta/gain: raw W; outcome MSE: W^2; probabilities/coverage: fraction; sample counts: explicit rows/PA/games,Take_adjudicated,Swing_offer_including_bunts,2-2,OUT,NFB,fixed_score_sensitivity,,,,
cell,2-2|OUT|NFB,trim_002,34403.0,0.996379749768304,0.3600743988425927,0.1202081731461503,-0.2398662256964423,True,,,,bcap_swing__mlb_2024_2025__20260909__r01,BCAP-SWING-v0.1.0,swing,2024_2025,COMPLETE,outer_game_nested_procedure_OPE,season-weighted final PA W per selected current decision; no summed PA policy gain,Q/value/delta/gain: raw W; outcome MSE: W^2; probabilities/coverage: fraction; sample counts: explicit rows/PA/games,Take_adjudicated,Swing_offer_including_bunts,2-2,OUT,NFB,fixed_score_sensitivity,,,,
cell,2-2|OUT|NFB,trim_005,33703.0,0.9761063484708064,0.3595885583351718,0.1224945666398888,-0.2370939916952829,False,,,,bcap_swing__mlb_2024_2025__20260909__r01,BCAP-SWING-v0.1.0,swing,2024_2025,COMPLETE,outer_game_nested_procedure_OPE,season-weighted final PA W per selected current decision; no summed PA policy gain,Q/value/delta/gain: raw W; outcome MSE: W^2; probabilities/coverage: fraction; sample counts: explicit rows/PA/games,Take_adjudicated,Swing_offer_including_bunts,2-2,OUT,NFB,fixed_score_sensitivity,,,,
cell,2-2|OUT|NFB,trim_010,32320.0,0.9360518999073216,0.3581855438355931,0.1272133421385316,-0.2309722016970614,True,,,,bcap_swing__mlb_2024_2025__20260909__r01,BCAP-SWING-v0.1.0,swing,2024_2025,COMPLETE,outer_game_nested_procedure_OPE,season-weighted final PA W per selected current decision; no summed PA policy gain,Q/value/delta/gain: raw W; outcome MSE: W^2; probabilities/coverage: fraction; sample counts: explicit rows/PA/games,Take_adjudicated,Swing_offer_including_bunts,2-2,OUT,NFB,fixed_score_sensitivity,,,,
cell,2-2|OUT|NFB,clip_010_same_target,33703.0,0.9761063484708064,0.3596012724470848,0.1232007730836126,-0.2364004993634721,False,,,,bcap_swing__mlb_2024_2025__20260909__r01,BCAP-SWING-v0.1.0,swing,2024_2025,COMPLETE,outer_game_nested_procedure_OPE,season-weighted final PA W per selected current decision; no summed PA policy gain,Q/value/delta/gain: raw W; outcome MSE: W^2; probabilities/coverage: fraction; sample counts: explicit rows/PA/games,Take_adjudicated,Swing_offer_including_bunts,2-2,OUT,NFB,fixed_score_sensitivity,,,,
cell,2-2|OUT|NFB,first_count_visit,32211.0,0.9328950417052828,0.3592722383653044,0.1219359690548178,-0.2373362693104865,True,,,,bcap_swing__mlb_2024_2025__20260909__r01,BCAP-SWING-v0.1.0,swing,2024_2025,COMPLETE,outer_game_nested_procedure_OPE,season-weighted final PA W per selected current decision; no summed PA policy gain,Q/value/delta/gain: raw W; outcome MSE: W^2; probabilities/coverage: fraction; sample counts: explicit rows/PA/games,Take_adjudicated,Swing_offer_including_bunts,2-2,OUT,NFB,fixed_score_sensitivity,,,,
cell,2-2|OUT|NFB,fixed_score_cluster_pitcher,33703.0,,,,-0.2370939916952829,False,-0.2543777331032467,-0.2198102502873192,1015.0,bcap_swing__mlb_2024_2025__20260909__r01,BCAP-SWING-v0.1.0,swing,2024_2025,COMPLETE,outer_game_nested_procedure_OPE,season-weighted final PA W per selected current decision; no summed PA policy gain,Q/value/delta/gain: raw W; outcome MSE: W^2; probabilities/coverage: fraction; sample counts: explicit rows/PA/games,Take_adjudicated,Swing_offer_including_bunts,2-2,OUT,NFB,fixed_score_sensitivity,,,,
cell,2-2|OUT|NFB,fixed_score_cluster_batter,33703.0,,,,-0.2370939916952829,False,-0.2557078734421612,-0.2184801099484047,700.0,bcap_swing__mlb_2024_2025__20260909__r01,BCAP-SWING-v0.1.0,swing,2024_2025,COMPLETE,outer_game_nested_procedure_OPE,season-weighted final PA W per selected current decision; no summed PA policy gain,Q/value/delta/gain: raw W; outcome MSE: W^2; probabilities/coverage: fraction; sample counts: explicit rows/PA/games,Take_adjudicated,Swing_offer_including_bunts,2-2,OUT,NFB,fixed_score_sensitivity,,,,
cell,3-0|BOUNDARY|FB,untrimmed,3639.0,1.0,0.5083437533162513,0.4296726763633772,-0.078671076952874,True,,,,bcap_swing__mlb_2024_2025__20260909__r01,BCAP-SWING-v0.1.0,swing,2024_2025,COMPLETE,outer_game_nested_procedure_OPE,season-weighted final PA W per selected current decision; no summed PA policy gain,Q/value/delta/gain: raw W; outcome MSE: W^2; probabilities/coverage: fraction; sample counts: explicit rows/PA/games,Take_adjudicated,Swing_offer_including_bunts,3-0,BOUNDARY,FB,fixed_score_sensitivity,,,,
cell,3-0|BOUNDARY|FB,trim_002,3632.0,0.998076394613905,0.5085769767709674,0.4298003748767897,-0.0787766018941777,True,,,,bcap_swing__mlb_2024_2025__20260909__r01,BCAP-SWING-v0.1.0,swing,2024_2025,COMPLETE,outer_game_nested_procedure_OPE,season-weighted final PA W per selected current decision; no summed PA policy gain,Q/value/delta/gain: raw W; outcome MSE: W^2; probabilities/coverage: fraction; sample counts: explicit rows/PA/games,Take_adjudicated,Swing_offer_including_bunts,3-0,BOUNDARY,FB,fixed_score_sensitivity,,,,
cell,3-0|BOUNDARY|FB,trim_005,3444.0,0.94641384995878,0.5049729430410952,0.429746754731287,-0.075226188309808,False,,,,bcap_swing__mlb_2024_2025__20260909__r01,BCAP-SWING-v0.1.0,swing,2024_2025,COMPLETE,outer_game_nested_procedure_OPE,season-weighted final PA W per selected current decision; no summed PA policy gain,Q/value/delta/gain: raw W; outcome MSE: W^2; probabilities/coverage: fraction; sample counts: explicit rows/PA/games,Take_adjudicated,Swing_offer_including_bunts,3-0,BOUNDARY,FB,fixed_score_sensitivity,,,,
cell,3-0|BOUNDARY|FB,trim_010,1694.0,0.4655125034350096,0.4755623263303349,0.4273679169541152,-0.0481944093762196,True,,,,bcap_swing__mlb_2024_2025__20260909__r01,BCAP-SWING-v0.1.0,swing,2024_2025,COMPLETE,outer_game_nested_procedure_OPE,season-weighted final PA W per selected current decision; no summed PA policy gain,Q/value/delta/gain: raw W; outcome MSE: W^2; probabilities/coverage: fraction; sample counts: explicit rows/PA/games,Take_adjudicated,Swing_offer_including_bunts,3-0,BOUNDARY,FB,fixed_score_sensitivity,,,,
cell,3-0|BOUNDARY|FB,clip_010_same_target,3444.0,0.94641384995878,0.5053467010563003,0.420574702889943,-0.0847719981663572,False,,,,bcap_swing__mlb_2024_2025__20260909__r01,BCAP-SWING-v0.1.0,swing,2024_2025,COMPLETE,outer_game_nested_procedure_OPE,season-weighted final PA W per selected current decision; no summed PA policy gain,Q/value/delta/gain: raw W; outcome MSE: W^2; probabilities/coverage: fraction; sample counts: explicit rows/PA/games,Take_adjudicated,Swing_offer_including_bunts,3-0,BOUNDARY,FB,fixed_score_sensitivity,,,,
cell,3-0|BOUNDARY|FB,first_count_visit,3444.0,0.94641384995878,0.5049729430410952,0.429746754731287,-0.075226188309808,True,,,,bcap_swing__mlb_2024_2025__20260909__r01,BCAP-SWING-v0.1.0,swing,2024_2025,COMPLETE,outer_game_nested_procedure_OPE,season-weighted final PA W per selected current decision; no summed PA policy gain,Q/value/delta/gain: raw W; outcome MSE: W^2; probabilities/coverage: fraction; sample counts: explicit rows/PA/games,Take_adjudicated,Swing_offer_including_bunts,3-0,BOUNDARY,FB,fixed_score_sensitivity,,,,
cell,3-0|BOUNDARY|FB,fixed_score_cluster_pitcher,3444.0,,,,-0.075226188309808,False,-0.2013530439465388,0.0509006673269226,797.0,bcap_swing__mlb_2024_2025__20260909__r01,BCAP-SWING-v0.1.0,swing,2024_2025,COMPLETE,outer_game_nested_procedure_OPE,season-weighted final PA W per selected current decision; no summed PA policy gain,Q/value/delta/gain: raw W; outcome MSE: W^2; probabilities/coverage: fraction; sample counts: explicit rows/PA/games,Take_adjudicated,Swing_offer_including_bunts,3-0,BOUNDARY,FB,fixed_score_sensitivity,,,,
cell,3-0|BOUNDARY|FB,fixed_score_cluster_batter,3444.0,,,,-0.075226188309808,False,-0.1926851230291539,0.0422327464095377,601.0,bcap_swing__mlb_2024_2025__20260909__r01,BCAP-SWING-v0.1.0,swing,2024_2025,COMPLETE,outer_game_nested_procedure_OPE,season-weighted final PA W per selected current decision; no summed PA policy gain,Q/value/delta/gain: raw W; outcome MSE: W^2; probabilities/coverage: fraction; sample counts: explicit rows/PA/games,Take_adjudicated,Swing_offer_including_bunts,3-0,BOUNDARY,FB,fixed_score_sensitivity,,,,
cell,3-0|BOUNDARY|NFB,untrimmed,203.0,1.0,0.5195727953563143,0.4456085006535044,-0.0739642947028097,True,,,,bcap_swing__mlb_2024_2025__20260909__r01,BCAP-SWING-v0.1.0,swing,2024_2025,COMPLETE,outer_game_nested_procedure_OPE,season-weighted final PA W per selected current decision; no summed PA policy gain,Q/value/delta/gain: raw W; outcome MSE: W^2; probabilities/coverage: fraction; sample counts: explicit rows/PA/games,Take_adjudicated,Swing_offer_including_bunts,3-0,BOUNDARY,NFB,fixed_score_sensitivity,,,,
cell,3-0|BOUNDARY|NFB,trim_002,203.0,1.0,0.5195727953563143,0.4456085006535044,-0.0739642947028097,True,,,,bcap_swing__mlb_2024_2025__20260909__r01,BCAP-SWING-v0.1.0,swing,2024_2025,COMPLETE,outer_game_nested_procedure_OPE,season-weighted final PA W per selected current decision; no summed PA policy gain,Q/value/delta/gain: raw W; outcome MSE: W^2; probabilities/coverage: fraction; sample counts: explicit rows/PA/games,Take_adjudicated,Swing_offer_including_bunts,3-0,BOUNDARY,NFB,fixed_score_sensitivity,,,,
cell,3-0|BOUNDARY|NFB,trim_005,202.0,0.9950738916256158,0.5222922190012265,0.446006552191757,-0.0762856668094694,False,,,,bcap_swing__mlb_2024_2025__20260909__r01,BCAP-SWING-v0.1.0,swing,2024_2025,COMPLETE,outer_game_nested_procedure_OPE,season-weighted final PA W per selected current decision; no summed PA policy gain,Q/value/delta/gain: raw W; outcome MSE: W^2; probabilities/coverage: fraction; sample counts: explicit rows/PA/games,Take_adjudicated,Swing_offer_including_bunts,3-0,BOUNDARY,NFB,fixed_score_sensitivity,,,,
cell,3-0|BOUNDARY|NFB,trim_010,176.0,0.8669950738916257,0.5241270965148158,0.4760753179801671,-0.0480517785346487,True,,,,bcap_swing__mlb_2024_2025__20260909__r01,BCAP-SWING-v0.1.0,swing,2024_2025,COMPLETE,outer_game_nested_procedure_OPE,season-weighted final PA W per selected current decision; no summed PA policy gain,Q/value/delta/gain: raw W; outcome MSE: W^2; probabilities/coverage: fraction; sample counts: explicit rows/PA/games,Take_adjudicated,Swing_offer_including_bunts,3-0,BOUNDARY,NFB,fixed_score_sensitivity,,,,
cell,3-0|BOUNDARY|NFB,clip_010_same_target,202.0,0.9950738916256158,0.5222994882394242,0.4542994849684591,-0.068000003270965,False,,,,bcap_swing__mlb_2024_2025__20260909__r01,BCAP-SWING-v0.1.0,swing,2024_2025,COMPLETE,outer_game_nested_procedure_OPE,season-weighted final PA W per selected current decision; no summed PA policy gain,Q/value/delta/gain: raw W; outcome MSE: W^2; probabilities/coverage: fraction; sample counts: explicit rows/PA/games,Take_adjudicated,Swing_offer_including_bunts,3-0,BOUNDARY,NFB,fixed_score_sensitivity,,,,
cell,3-0|BOUNDARY|NFB,first_count_visit,202.0,0.9950738916256158,0.5222922190012265,0.446006552191757,-0.0762856668094694,True,,,,bcap_swing__mlb_2024_2025__20260909__r01,BCAP-SWING-v0.1.0,swing,2024_2025,COMPLETE,outer_game_nested_procedure_OPE,season-weighted final PA W per selected current decision; no summed PA policy gain,Q/value/delta/gain: raw W; outcome MSE: W^2; probabilities/coverage: fraction; sample counts: explicit rows/PA/games,Take_adjudicated,Swing_offer_including_bunts,3-0,BOUNDARY,NFB,fixed_score_sensitivity,,,,
cell,3-0|BOUNDARY|NFB,fixed_score_cluster_pitcher,202.0,,,,-0.0762856668094694,False,-0.4951919498454862,0.3426206162265474,144.0,bcap_swing__mlb_2024_2025__20260909__r01,BCAP-SWING-v0.1.0,swing,2024_2025,COMPLETE,outer_game_nested_procedure_OPE,season-weighted final PA W per selected current decision; no summed PA policy gain,Q/value/delta/gain: raw W; outcome MSE: W^2; probabilities/coverage: fraction; sample counts: explicit rows/PA/games,Take_adjudicated,Swing_offer_including_bunts,3-0,BOUNDARY,NFB,fixed_score_sensitivity,,,,
cell,3-0|BOUNDARY|NFB,fixed_score_cluster_batter,202.0,,,,-0.0762856668094694,False,-0.4738043624254615,0.3212330288065226,150.0,bcap_swing__mlb_2024_2025__20260909__r01,BCAP-SWING-v0.1.0,swing,2024_2025,COMPLETE,outer_game_nested_procedure_OPE,season-weighted final PA W per selected current decision; no summed PA policy gain,Q/value/delta/gain: raw W; outcome MSE: W^2; probabilities/coverage: fraction; sample counts: explicit rows/PA/games,Take_adjudicated,Swing_offer_including_bunts,3-0,BOUNDARY,NFB,fixed_score_sensitivity,,,,
cell,3-0|INNER|FB,untrimmed,5127.0,1.0,0.4567204365873965,0.5733628488432854,0.1166424122558888,True,,,,bcap_swing__mlb_2024_2025__20260909__r01,BCAP-SWING-v0.1.0,swing,2024_2025,COMPLETE,outer_game_nested_procedure_OPE,season-weighted final PA W per selected current decision; no summed PA policy gain,Q/value/delta/gain: raw W; outcome MSE: W^2; probabilities/coverage: fraction; sample counts: explicit rows/PA/games,Take_adjudicated,Swing_offer_including_bunts,3-0,INNER,FB,fixed_score_sensitivity,,,,
cell,3-0|INNER|FB,trim_002,5122.0,0.9990247708211428,0.456770621609017,0.5740875927113411,0.117316971102324,True,,,,bcap_swing__mlb_2024_2025__20260909__r01,BCAP-SWING-v0.1.0,swing,2024_2025,COMPLETE,outer_game_nested_procedure_OPE,season-weighted final PA W per selected current decision; no summed PA policy gain,Q/value/delta/gain: raw W; outcome MSE: W^2; probabilities/coverage: fraction; sample counts: explicit rows/PA/games,Take_adjudicated,Swing_offer_including_bunts,3-0,INNER,FB,fixed_score_sensitivity,,,,
cell,3-0|INNER|FB,trim_005,5090.0,0.992783304076458,0.4577159775966727,0.5600300806965757,0.102314103099903,False,,,,bcap_swing__mlb_2024_2025__20260909__r01,BCAP-SWING-v0.1.0,swing,2024_2025,COMPLETE,outer_game_nested_procedure_OPE,season-weighted final PA W per selected current decision; no summed PA policy gain,Q/value/delta/gain: raw W; outcome MSE: W^2; probabilities/coverage: fraction; sample counts: explicit rows/PA/games,Take_adjudicated,Swing_offer_including_bunts,3-0,INNER,FB,fixed_score_sensitivity,,,,
cell,3-0|INNER|FB,trim_010,3647.0,0.7113321630583187,0.4553909950468735,0.5559484452414584,0.1005574501945847,True,,,,bcap_swing__mlb_2024_2025__20260909__r01,BCAP-SWING-v0.1.0,swing,2024_2025,COMPLETE,outer_game_nested_procedure_OPE,season-weighted final PA W per selected current decision; no summed PA policy gain,Q/value/delta/gain: raw W; outcome MSE: W^2; probabilities/coverage: fraction; sample counts: explicit rows/PA/games,Take_adjudicated,Swing_offer_including_bunts,3-0,INNER,FB,fixed_score_sensitivity,,,,
cell,3-0|INNER|FB,clip_010_same_target,5090.0,0.992783304076458,0.4577680062403825,0.552573073021251,0.0948050667808685,False,,,,bcap_swing__mlb_2024_2025__20260909__r01,BCAP-SWING-v0.1.0,swing,2024_2025,COMPLETE,outer_game_nested_procedure_OPE,season-weighted final PA W per selected current decision; no summed PA policy gain,Q/value/delta/gain: raw W; outcome MSE: W^2; probabilities/coverage: fraction; sample counts: explicit rows/PA/games,Take_adjudicated,Swing_offer_including_bunts,3-0,INNER,FB,fixed_score_sensitivity,,,,
cell,3-0|INNER|FB,first_count_visit,5090.0,0.992783304076458,0.4577159775966727,0.5600300806965757,0.102314103099903,True,,,,bcap_swing__mlb_2024_2025__20260909__r01,BCAP-SWING-v0.1.0,swing,2024_2025,COMPLETE,outer_game_nested_procedure_OPE,season-weighted final PA W per selected current decision; no summed PA policy gain,Q/value/delta/gain: raw W; outcome MSE: W^2; probabilities/coverage: fraction; sample counts: explicit rows/PA/games,Take_adjudicated,Swing_offer_including_bunts,3-0,INNER,FB,fixed_score_sensitivity,,,,
cell,3-0|INNER|FB,fixed_score_cluster_pitcher,5090.0,,,,0.102314103099903,False,-0.0109484837242154,0.2155766899240215,830.0,bcap_swing__mlb_2024_2025__20260909__r01,BCAP-SWING-v0.1.0,swing,2024_2025,COMPLETE,outer_game_nested_procedure_OPE,season-weighted final PA W per selected current decision; no summed PA policy gain,Q/value/delta/gain: raw W; outcome MSE: W^2; probabilities/coverage: fraction; sample counts: explicit rows/PA/games,Take_adjudicated,Swing_offer_including_bunts,3-0,INNER,FB,fixed_score_sensitivity,,,,
cell,3-0|INNER|FB,fixed_score_cluster_batter,5090.0,,,,0.102314103099903,False,-0.0162715150637549,0.220899721263561,618.0,bcap_swing__mlb_2024_2025__20260909__r01,BCAP-SWING-v0.1.0,swing,2024_2025,COMPLETE,outer_game_nested_procedure_OPE,season-weighted final PA W per selected current decision; no summed PA policy gain,Q/value/delta/gain: raw W; outcome MSE: W^2; probabilities/coverage: fraction; sample counts: explicit rows/PA/games,Take_adjudicated,Swing_offer_including_bunts,3-0,INNER,FB,fixed_score_sensitivity,,,,
cell,3-0|INNER|NFB,untrimmed,264.0,1.0,0.513752691928592,0.4980690093772755,-0.0156836825513164,True,,,,bcap_swing__mlb_2024_2025__20260909__r01,BCAP-SWING-v0.1.0,swing,2024_2025,COMPLETE,outer_game_nested_procedure_OPE,season-weighted final PA W per selected current decision; no summed PA policy gain,Q/value/delta/gain: raw W; outcome MSE: W^2; probabilities/coverage: fraction; sample counts: explicit rows/PA/games,Take_adjudicated,Swing_offer_including_bunts,3-0,INNER,NFB,fixed_score_sensitivity,,,,
cell,3-0|INNER|NFB,trim_002,263.0,0.9962121212121212,0.5128822886038055,0.4986281767044909,-0.0142541118993146,True,,,,bcap_swing__mlb_2024_2025__20260909__r01,BCAP-SWING-v0.1.0,swing,2024_2025,COMPLETE,outer_game_nested_procedure_OPE,season-weighted final PA W per selected current decision; no summed PA policy gain,Q/value/delta/gain: raw W; outcome MSE: W^2; probabilities/coverage: fraction; sample counts: explicit rows/PA/games,Take_adjudicated,Swing_offer_including_bunts,3-0,INNER,NFB,fixed_score_sensitivity,,,,
cell,3-0|INNER|NFB,trim_005,263.0,0.9962121212121212,0.5128822886038055,0.4986281767044909,-0.0142541118993146,False,,,,bcap_swing__mlb_2024_2025__20260909__r01,BCAP-SWING-v0.1.0,swing,2024_2025,COMPLETE,outer_game_nested_procedure_OPE,season-weighted final PA W per selected current decision; no summed PA policy gain,Q/value/delta/gain: raw W; outcome MSE: W^2; probabilities/coverage: fraction; sample counts: explicit rows/PA/games,Take_adjudicated,Swing_offer_including_bunts,3-0,INNER,NFB,fixed_score_sensitivity,,,,
cell,3-0|INNER|NFB,trim_010,238.0,0.9015151515151516,0.5185903669434574,0.5626768457686662,0.0440864788252087,True,,,,bcap_swing__mlb_2024_2025__20260909__r01,BCAP-SWING-v0.1.0,swing,2024_2025,COMPLETE,outer_game_nested_procedure_OPE,season-weighted final PA W per selected current decision; no summed PA policy gain,Q/value/delta/gain: raw W; outcome MSE: W^2; probabilities/coverage: fraction; sample counts: explicit rows/PA/games,Take_adjudicated,Swing_offer_including_bunts,3-0,INNER,NFB,fixed_score_sensitivity,,,,
cell,3-0|INNER|NFB,clip_010_same_target,263.0,0.9962121212121212,0.5127475796151627,0.5163737363296963,0.0036261567145336,False,,,,bcap_swing__mlb_2024_2025__20260909__r01,BCAP-SWING-v0.1.0,swing,2024_2025,COMPLETE,outer_game_nested_procedure_OPE,season-weighted final PA W per selected current decision; no summed PA policy gain,Q/value/delta/gain: raw W; outcome MSE: W^2; probabilities/coverage: fraction; sample counts: explicit rows/PA/games,Take_adjudicated,Swing_offer_including_bunts,3-0,INNER,NFB,fixed_score_sensitivity,,,,
cell,3-0|INNER|NFB,first_count_visit,263.0,0.9962121212121212,0.5128822886038055,0.4986281767044909,-0.0142541118993146,True,,,,bcap_swing__mlb_2024_2025__20260909__r01,BCAP-SWING-v0.1.0,swing,2024_2025,COMPLETE,outer_game_nested_procedure_OPE,season-weighted final PA W per selected current decision; no summed PA policy gain,Q/value/delta/gain: raw W; outcome MSE: W^2; probabilities/coverage: fraction; sample counts: explicit rows/PA/games,Take_adjudicated,Swing_offer_including_bunts,3-0,INNER,NFB,fixed_score_sensitivity,,,,
cell,3-0|INNER|NFB,fixed_score_cluster_pitcher,263.0,,,,-0.0142541118993146,False,-0.4168316745006567,0.3883234507020274,170.0,bcap_swing__mlb_2024_2025__20260909__r01,BCAP-SWING-v0.1.0,swing,2024_2025,COMPLETE,outer_game_nested_procedure_OPE,season-weighted final PA W per selected current decision; no summed PA policy gain,Q/value/delta/gain: raw W; outcome MSE: W^2; probabilities/coverage: fraction; sample counts: explicit rows/PA/games,Take_adjudicated,Swing_offer_including_bunts,3-0,INNER,NFB,fixed_score_sensitivity,,,,
cell,3-0|INNER|NFB,fixed_score_cluster_batter,263.0,,,,-0.0142541118993146,False,-0.437769201763764,0.4092609779651347,172.0,bcap_swing__mlb_2024_2025__20260909__r01,BCAP-SWING-v0.1.0,swing,2024_2025,COMPLETE,outer_game_nested_procedure_OPE,season-weighted final PA W per selected current decision; no summed PA policy gain,Q/value/delta/gain: raw W; outcome MSE: W^2; probabilities/coverage: fraction; sample counts: explicit rows/PA/games,Take_adjudicated,Swing_offer_including_bunts,3-0,INNER,NFB,fixed_score_sensitivity,,,,
cell,3-0|OUT|FB,untrimmed,4382.0,1.0,0.6696051002379101,0.3739942502940543,-0.2956108499438559,True,,,,bcap_swing__mlb_2024_2025__20260909__r01,BCAP-SWING-v0.1.0,swing,2024_2025,COMPLETE,outer_game_nested_procedure_OPE,season-weighted final PA W per selected current decision; no summed PA policy gain,Q/value/delta/gain: raw W; outcome MSE: W^2; probabilities/coverage: fraction; sample counts: explicit rows/PA/games,Take_adjudicated,Swing_offer_including_bunts,3-0,OUT,FB,fixed_score_sensitivity,,,,
cell,3-0|OUT|FB,trim_002,4026.0,0.9187585577361936,0.6676849412246222,0.3803505674787186,-0.2873343737459036,True,,,,bcap_swing__mlb_2024_2025__20260909__r01,BCAP-SWING-v0.1.0,swing,2024_2025,COMPLETE,outer_game_nested_procedure_OPE,season-weighted final PA W per selected current decision; no summed PA policy gain,Q/value/delta/gain: raw W; outcome MSE: W^2; probabilities/coverage: fraction; sample counts: explicit rows/PA/games,Take_adjudicated,Swing_offer_including_bunts,3-0,OUT,FB,fixed_score_sensitivity,,,,
cell,3-0|OUT|FB,trim_005,2962.0,0.6759470561387494,0.6591849037616093,0.4011670693814844,-0.2580178343801249,False,,,,bcap_swing__mlb_2024_2025__20260909__r01,BCAP-SWING-v0.1.0,swing,2024_2025,COMPLETE,outer_game_nested_procedure_OPE,season-weighted final PA W per selected current decision; no summed PA policy gain,Q/value/delta/gain: raw W; outcome MSE: W^2; probabilities/coverage: fraction; sample counts: explicit rows/PA/games,Take_adjudicated,Swing_offer_including_bunts,3-0,OUT,FB,fixed_score_sensitivity,,,,
cell,3-0|OUT|FB,trim_010,1353.0,0.3087631218621633,0.6408382754092659,0.4243057391352043,-0.2165325362740614,True,,,,bcap_swing__mlb_2024_2025__20260909__r01,BCAP-SWING-v0.1.0,swing,2024_2025,COMPLETE,outer_game_nested_procedure_OPE,season-weighted final PA W per selected current decision; no summed PA policy gain,Q/value/delta/gain: raw W; outcome MSE: W^2; probabilities/coverage: fraction; sample counts: explicit rows/PA/games,Take_adjudicated,Swing_offer_including_bunts,3-0,OUT,FB,fixed_score_sensitivity,,,,
cell,3-0|OUT|FB,clip_010_same_target,2962.0,0.6759470561387494,0.6599645510034273,0.3992210953358552,-0.260743455667572,False,,,,bcap_swing__mlb_2024_2025__20260909__r01,BCAP-SWING-v0.1.0,swing,2024_2025,COMPLETE,outer_game_nested_procedure_OPE,season-weighted final PA W per selected current decision; no summed PA policy gain,Q/value/delta/gain: raw W; outcome MSE: W^2; probabilities/coverage: fraction; sample counts: explicit rows/PA/games,Take_adjudicated,Swing_offer_including_bunts,3-0,OUT,FB,fixed_score_sensitivity,,,,
cell,3-0|OUT|FB,first_count_visit,2962.0,0.6759470561387494,0.6591849037616093,0.4011670693814844,-0.2580178343801249,True,,,,bcap_swing__mlb_2024_2025__20260909__r01,BCAP-SWING-v0.1.0,swing,2024_2025,COMPLETE,outer_game_nested_procedure_OPE,season-weighted final PA W per selected current decision; no summed PA policy gain,Q/value/delta/gain: raw W; outcome MSE: W^2; probabilities/coverage: fraction; sample counts: explicit rows/PA/games,Take_adjudicated,Swing_offer_including_bunts,3-0,OUT,FB,fixed_score_sensitivity,,,,
cell,3-0|OUT|FB,fixed_score_cluster_pitcher,2962.0,,,,-0.2580178343801249,False,-0.3362049210611237,-0.1798307476991261,758.0,bcap_swing__mlb_2024_2025__20260909__r01,BCAP-SWING-v0.1.0,swing,2024_2025,COMPLETE,outer_game_nested_procedure_OPE,season-weighted final PA W per selected current decision; no summed PA policy gain,Q/value/delta/gain: raw W; outcome MSE: W^2; probabilities/coverage: fraction; sample counts: explicit rows/PA/games,Take_adjudicated,Swing_offer_including_bunts,3-0,OUT,FB,fixed_score_sensitivity,,,,
cell,3-0|OUT|FB,fixed_score_cluster_batter,2962.0,,,,-0.2580178343801249,False,-0.3315043504496739,-0.1845313183105759,572.0,bcap_swing__mlb_2024_2025__20260909__r01,BCAP-SWING-v0.1.0,swing,2024_2025,COMPLETE,outer_game_nested_procedure_OPE,season-weighted final PA W per selected current decision; no summed PA policy gain,Q/value/delta/gain: raw W; outcome MSE: W^2; probabilities/coverage: fraction; sample counts: explicit rows/PA/games,Take_adjudicated,Swing_offer_including_bunts,3-0,OUT,FB,fixed_score_sensitivity,,,,
cell,3-0|OUT|NFB,untrimmed,354.0,1.0,0.685163780776331,0.3181571653020179,-0.367006615474313,True,,,,bcap_swing__mlb_2024_2025__20260909__r01,BCAP-SWING-v0.1.0,swing,2024_2025,COMPLETE,outer_game_nested_procedure_OPE,season-weighted final PA W per selected current decision; no summed PA policy gain,Q/value/delta/gain: raw W; outcome MSE: W^2; probabilities/coverage: fraction; sample counts: explicit rows/PA/games,Take_adjudicated,Swing_offer_including_bunts,3-0,OUT,NFB,fixed_score_sensitivity,,,,
cell,3-0|OUT|NFB,trim_002,328.0,0.9265536723163842,0.6848273672528342,0.3999058167463818,-0.2849215505064523,True,,,,bcap_swing__mlb_2024_2025__20260909__r01,BCAP-SWING-v0.1.0,swing,2024_2025,COMPLETE,outer_game_nested_procedure_OPE,season-weighted final PA W per selected current decision; no summed PA policy gain,Q/value/delta/gain: raw W; outcome MSE: W^2; probabilities/coverage: fraction; sample counts: explicit rows/PA/games,Take_adjudicated,Swing_offer_including_bunts,3-0,OUT,NFB,fixed_score_sensitivity,,,,
cell,3-0|OUT|NFB,trim_005,269.0,0.7598870056497176,0.6827504650586418,0.4192019388455422,-0.2635485262130995,False,,,,bcap_swing__mlb_2024_2025__20260909__r01,BCAP-SWING-v0.1.0,swing,2024_2025,COMPLETE,outer_game_nested_procedure_OPE,season-weighted final PA W per selected current decision; no summed PA policy gain,Q/value/delta/gain: raw W; outcome MSE: W^2; probabilities/coverage: fraction; sample counts: explicit rows/PA/games,Take_adjudicated,Swing_offer_including_bunts,3-0,OUT,NFB,fixed_score_sensitivity,,,,
cell,3-0|OUT|NFB,trim_010,159.0,0.4491525423728814,0.680164166703093,0.380586718335777,-0.299577448367316,True,,,,bcap_swing__mlb_2024_2025__20260909__r01,BCAP-SWING-v0.1.0,swing,2024_2025,COMPLETE,outer_game_nested_procedure_OPE,season-weighted final PA W per selected current decision; no summed PA policy gain,Q/value/delta/gain: raw W; outcome MSE: W^2; probabilities/coverage: fraction; sample counts: explicit rows/PA/games,Take_adjudicated,Swing_offer_including_bunts,3-0,OUT,NFB,fixed_score_sensitivity,,,,
cell,3-0|OUT|NFB,clip_010_same_target,269.0,0.7598870056497176,0.6840082836320197,0.3987022150001431,-0.2853060686318766,False,,,,bcap_swing__mlb_2024_2025__20260909__r01,BCAP-SWING-v0.1.0,swing,2024_2025,COMPLETE,outer_game_nested_procedure_OPE,season-weighted final PA W per selected current decision; no summed PA policy gain,Q/value/delta/gain: raw W; outcome MSE: W^2; probabilities/coverage: fraction; sample counts: explicit rows/PA/games,Take_adjudicated,Swing_offer_including_bunts,3-0,OUT,NFB,fixed_score_sensitivity,,,,
cell,3-0|OUT|NFB,first_count_visit,269.0,0.7598870056497176,0.6827504650586418,0.4192019388455422,-0.2635485262130995,True,,,,bcap_swing__mlb_2024_2025__20260909__r01,BCAP-SWING-v0.1.0,swing,2024_2025,COMPLETE,outer_game_nested_procedure_OPE,season-weighted final PA W per selected current decision; no summed PA policy gain,Q/value/delta/gain: raw W; outcome MSE: W^2; probabilities/coverage: fraction; sample counts: explicit rows/PA/games,Take_adjudicated,Swing_offer_including_bunts,3-0,OUT,NFB,fixed_score_sensitivity,,,,
cell,3-0|OUT|NFB,fixed_score_cluster_pitcher,269.0,,,,-0.2635485262130995,False,-0.5525218451168602,0.0254247926906611,189.0,bcap_swing__mlb_2024_2025__20260909__r01,BCAP-SWING-v0.1.0,swing,2024_2025,COMPLETE,outer_game_nested_procedure_OPE,season-weighted final PA W per selected current decision; no summed PA policy gain,Q/value/delta/gain: raw W; outcome MSE: W^2; probabilities/coverage: fraction; sample counts: explicit rows/PA/games,Take_adjudicated,Swing_offer_including_bunts,3-0,OUT,NFB,fixed_score_sensitivity,,,,
cell,3-0|OUT|NFB,fixed_score_cluster_batter,269.0,,,,-0.2635485262130995,False,-0.5470177541376695,0.0199207017114704,174.0,bcap_swing__mlb_2024_2025__20260909__r01,BCAP-SWING-v0.1.0,swing,2024_2025,COMPLETE,outer_game_nested_procedure_OPE,season-weighted final PA W per selected current decision; no summed PA policy gain,Q/value/delta/gain: raw W; outcome MSE: W^2; probabilities/coverage: fraction; sample counts: explicit rows/PA/games,Take_adjudicated,Swing_offer_including_bunts,3-0,OUT,NFB,fixed_score_sensitivity,,,,
cell,3-1|BOUNDARY|FB,untrimmed,6322.0,0.9998418472244188,0.4569551991965622,0.3542154400368189,-0.1027397591597432,True,,,,bcap_swing__mlb_2024_2025__20260909__r01,BCAP-SWING-v0.1.0,swing,2024_2025,COMPLETE,outer_game_nested_procedure_OPE,season-weighted final PA W per selected current decision; no summed PA policy gain,Q/value/delta/gain: raw W; outcome MSE: W^2; probabilities/coverage: fraction; sample counts: explicit rows/PA/games,Take_adjudicated,Swing_offer_including_bunts,3-1,BOUNDARY,FB,fixed_score_sensitivity,,,,
cell,3-1|BOUNDARY|FB,trim_002,6305.0,0.997153250039538,0.4567644073101769,0.3548122673737937,-0.1019521399363832,True,,,,bcap_swing__mlb_2024_2025__20260909__r01,BCAP-SWING-v0.1.0,swing,2024_2025,COMPLETE,outer_game_nested_procedure_OPE,season-weighted final PA W per selected current decision; no summed PA policy gain,Q/value/delta/gain: raw W; outcome MSE: W^2; probabilities/coverage: fraction; sample counts: explicit rows/PA/games,Take_adjudicated,Swing_offer_including_bunts,3-1,BOUNDARY,FB,fixed_score_sensitivity,,,,
cell,3-1|BOUNDARY|FB,trim_005,6305.0,0.997153250039538,0.4567644073101769,0.3548122673737937,-0.1019521399363832,False,,,,bcap_swing__mlb_2024_2025__20260909__r01,BCAP-SWING-v0.1.0,swing,2024_2025,COMPLETE,outer_game_nested_procedure_OPE,season-weighted final PA W per selected current decision; no summed PA policy gain,Q/value/delta/gain: raw W; outcome MSE: W^2; probabilities/coverage: fraction; sample counts: explicit rows/PA/games,Take_adjudicated,Swing_offer_including_bunts,3-1,BOUNDARY,FB,fixed_score_sensitivity,,,,
cell,3-1|BOUNDARY|FB,trim_010,6305.0,0.997153250039538,0.4567644073101769,0.3548122673737937,-0.1019521399363832,True,,,,bcap_swing__mlb_2024_2025__20260909__r01,BCAP-SWING-v0.1.0,swing,2024_2025,COMPLETE,outer_game_nested_procedure_OPE,season-weighted final PA W per selected current decision; no summed PA policy gain,Q/value/delta/gain: raw W; outcome MSE: W^2; probabilities/coverage: fraction; sample counts: explicit rows/PA/games,Take_adjudicated,Swing_offer_including_bunts,3-1,BOUNDARY,FB,fixed_score_sensitivity,,,,
cell,3-1|BOUNDARY|FB,clip_010_same_target,6305.0,0.997153250039538,0.4567644073101769,0.3548122673737937,-0.1019521399363832,False,,,,bcap_swing__mlb_2024_2025__20260909__r01,BCAP-SWING-v0.1.0,swing,2024_2025,COMPLETE,outer_game_nested_procedure_OPE,season-weighted final PA W per selected current decision; no summed PA policy gain,Q/value/delta/gain: raw W; outcome MSE: W^2; probabilities/coverage: fraction; sample counts: explicit rows/PA/games,Take_adjudicated,Swing_offer_including_bunts,3-1,BOUNDARY,FB,fixed_score_sensitivity,,,,
cell,3-1|BOUNDARY|FB,first_count_visit,6305.0,0.997153250039538,0.4567644073101769,0.3548122673737937,-0.1019521399363832,True,,,,bcap_swing__mlb_2024_2025__20260909__r01,BCAP-SWING-v0.1.0,swing,2024_2025,COMPLETE,outer_game_nested_procedure_OPE,season-weighted final PA W per selected current decision; no summed PA policy gain,Q/value/delta/gain: raw W; outcome MSE: W^2; probabilities/coverage: fraction; sample counts: explicit rows/PA/games,Take_adjudicated,Swing_offer_including_bunts,3-1,BOUNDARY,FB,fixed_score_sensitivity,,,,
cell,3-1|BOUNDARY|FB,fixed_score_cluster_pitcher,6305.0,,,,-0.1019521399363832,False,-0.1523047644135502,-0.0515995154592162,865.0,bcap_swing__mlb_2024_2025__20260909__r01,BCAP-SWING-v0.1.0,swing,2024_2025,COMPLETE,outer_game_nested_procedure_OPE,season-weighted final PA W per selected current decision; no summed PA policy gain,Q/value/delta/gain: raw W; outcome MSE: W^2; probabilities/coverage: fraction; sample counts: explicit rows/PA/games,Take_adjudicated,Swing_offer_including_bunts,3-1,BOUNDARY,FB,fixed_score_sensitivity,,,,
cell,3-1|BOUNDARY|FB,fixed_score_cluster_batter,6305.0,,,,-0.1019521399363832,False,-0.1546498115303389,-0.0492544683424275,646.0,bcap_swing__mlb_2024_2025__20260909__r01,BCAP-SWING-v0.1.0,swing,2024_2025,COMPLETE,outer_game_nested_procedure_OPE,season-weighted final PA W per selected current decision; no summed PA policy gain,Q/value/delta/gain: raw W; outcome MSE: W^2; probabilities/coverage: fraction; sample counts: explicit rows/PA/games,Take_adjudicated,Swing_offer_including_bunts,3-1,BOUNDARY,FB,fixed_score_sensitivity,,,,
cell,3-1|BOUNDARY|NFB,untrimmed,1786.0,1.0,0.4257143866242914,0.3834295383700531,-0.0422848482542382,True,,,,bcap_swing__mlb_2024_2025__20260909__r01,BCAP-SWING-v0.1.0,swing,2024_2025,COMPLETE,outer_game_nested_procedure_OPE,season-weighted final PA W per selected current decision; no summed PA policy gain,Q/value/delta/gain: raw W; outcome MSE: W^2; probabilities/coverage: fraction; sample counts: explicit rows/PA/games,Take_adjudicated,Swing_offer_including_bunts,3-1,BOUNDARY,NFB,fixed_score_sensitivity,,,,
cell,3-1|BOUNDARY|NFB,trim_002,1784.0,0.9988801791713324,0.4257006063219875,0.3840454646323227,-0.0416551416896647,True,,,,bcap_swing__mlb_2024_2025__20260909__r01,BCAP-SWING-v0.1.0,swing,2024_2025,COMPLETE,outer_game_nested_procedure_OPE,season-weighted final PA W per selected current decision; no summed PA policy gain,Q/value/delta/gain: raw W; outcome MSE: W^2; probabilities/coverage: fraction; sample counts: explicit rows/PA/games,Take_adjudicated,Swing_offer_including_bunts,3-1,BOUNDARY,NFB,fixed_score_sensitivity,,,,
cell,3-1|BOUNDARY|NFB,trim_005,1784.0,0.9988801791713324,0.4257006063219875,0.3840454646323227,-0.0416551416896647,False,,,,bcap_swing__mlb_2024_2025__20260909__r01,BCAP-SWING-v0.1.0,swing,2024_2025,COMPLETE,outer_game_nested_procedure_OPE,season-weighted final PA W per selected current decision; no summed PA policy gain,Q/value/delta/gain: raw W; outcome MSE: W^2; probabilities/coverage: fraction; sample counts: explicit rows/PA/games,Take_adjudicated,Swing_offer_including_bunts,3-1,BOUNDARY,NFB,fixed_score_sensitivity,,,,
cell,3-1|BOUNDARY|NFB,trim_010,1784.0,0.9988801791713324,0.4257006063219875,0.3840454646323227,-0.0416551416896647,True,,,,bcap_swing__mlb_2024_2025__20260909__r01,BCAP-SWING-v0.1.0,swing,2024_2025,COMPLETE,outer_game_nested_procedure_OPE,season-weighted final PA W per selected current decision; no summed PA policy gain,Q/value/delta/gain: raw W; outcome MSE: W^2; probabilities/coverage: fraction; sample counts: explicit rows/PA/games,Take_adjudicated,Swing_offer_including_bunts,3-1,BOUNDARY,NFB,fixed_score_sensitivity,,,,
cell,3-1|BOUNDARY|NFB,clip_010_same_target,1784.0,0.9988801791713324,0.4257006063219875,0.3840454646323227,-0.0416551416896647,False,,,,bcap_swing__mlb_2024_2025__20260909__r01,BCAP-SWING-v0.1.0,swing,2024_2025,COMPLETE,outer_game_nested_procedure_OPE,season-weighted final PA W per selected current decision; no summed PA policy gain,Q/value/delta/gain: raw W; outcome MSE: W^2; probabilities/coverage: fraction; sample counts: explicit rows/PA/games,Take_adjudicated,Swing_offer_including_bunts,3-1,BOUNDARY,NFB,fixed_score_sensitivity,,,,
cell,3-1|BOUNDARY|NFB,first_count_visit,1784.0,0.9988801791713324,0.4257006063219875,0.3840454646323227,-0.0416551416896647,True,,,,bcap_swing__mlb_2024_2025__20260909__r01,BCAP-SWING-v0.1.0,swing,2024_2025,COMPLETE,outer_game_nested_procedure_OPE,season-weighted final PA W per selected current decision; no summed PA policy gain,Q/value/delta/gain: raw W; outcome MSE: W^2; probabilities/coverage: fraction; sample counts: explicit rows/PA/games,Take_adjudicated,Swing_offer_including_bunts,3-1,BOUNDARY,NFB,fixed_score_sensitivity,,,,
cell,3-1|BOUNDARY|NFB,fixed_score_cluster_pitcher,1784.0,,,,-0.0416551416896647,False,-0.1419635752214414,0.0586532918421118,578.0,bcap_swing__mlb_2024_2025__20260909__r01,BCAP-SWING-v0.1.0,swing,2024_2025,COMPLETE,outer_game_nested_procedure_OPE,season-weighted final PA W per selected current decision; no summed PA policy gain,Q/value/delta/gain: raw W; outcome MSE: W^2; probabilities/coverage: fraction; sample counts: explicit rows/PA/games,Take_adjudicated,Swing_offer_including_bunts,3-1,BOUNDARY,NFB,fixed_score_sensitivity,,,,
cell,3-1|BOUNDARY|NFB,fixed_score_cluster_batter,1784.0,,,,-0.0416551416896647,False,-0.1409588123642112,0.0576485289848816,475.0,bcap_swing__mlb_2024_2025__20260909__r01,BCAP-SWING-v0.1.0,swing,2024_2025,COMPLETE,outer_game_nested_procedure_OPE,season-weighted final PA W per selected current decision; no summed PA policy gain,Q/value/delta/gain: raw W; outcome MSE: W^2; probabilities/coverage: fraction; sample counts: explicit rows/PA/games,Take_adjudicated,Swing_offer_including_bunts,3-1,BOUNDARY,NFB,fixed_score_sensitivity,,,,
cell,3-1|INNER|FB,untrimmed,9159.0,0.9998908296943232,0.3460595833970845,0.4101285264973883,0.0640689431003038,True,,,,bcap_swing__mlb_2024_2025__20260909__r01,BCAP-SWING-v0.1.0,swing,2024_2025,COMPLETE,outer_game_nested_procedure_OPE,season-weighted final PA W per selected current decision; no summed PA policy gain,Q/value/delta/gain: raw W; outcome MSE: W^2; probabilities/coverage: fraction; sample counts: explicit rows/PA/games,Take_adjudicated,Swing_offer_including_bunts,3-1,INNER,FB,fixed_score_sensitivity,,,,
cell,3-1|INNER|FB,trim_002,9142.0,0.9980349344978166,0.3458268620669273,0.4105567483575055,0.0647298862905781,True,,,,bcap_swing__mlb_2024_2025__20260909__r01,BCAP-SWING-v0.1.0,swing,2024_2025,COMPLETE,outer_game_nested_procedure_OPE,season-weighted final PA W per selected current decision; no summed PA policy gain,Q/value/delta/gain: raw W; outcome MSE: W^2; probabilities/coverage: fraction; sample counts: explicit rows/PA/games,Take_adjudicated,Swing_offer_including_bunts,3-1,INNER,FB,fixed_score_sensitivity,,,,
cell,3-1|INNER|FB,trim_005,9123.0,0.9959606986899564,0.3479019845616799,0.4107713936767809,0.0628694091151009,False,,,,bcap_swing__mlb_2024_2025__20260909__r01,BCAP-SWING-v0.1.0,swing,2024_2025,COMPLETE,outer_game_nested_procedure_OPE,season-weighted final PA W per selected current decision; no summed PA policy gain,Q/value/delta/gain: raw W; outcome MSE: W^2; probabilities/coverage: fraction; sample counts: explicit rows/PA/games,Take_adjudicated,Swing_offer_including_bunts,3-1,INNER,FB,fixed_score_sensitivity,,,,
cell,3-1|INNER|FB,trim_010,7722.0,0.8430131004366812,0.3404415918987648,0.4137540634798694,0.0733124715811046,True,,,,bcap_swing__mlb_2024_2025__20260909__r01,BCAP-SWING-v0.1.0,swing,2024_2025,COMPLETE,outer_game_nested_procedure_OPE,season-weighted final PA W per selected current decision; no summed PA policy gain,Q/value/delta/gain: raw W; outcome MSE: W^2; probabilities/coverage: fraction; sample counts: explicit rows/PA/games,Take_adjudicated,Swing_offer_including_bunts,3-1,INNER,FB,fixed_score_sensitivity,,,,
cell,3-1|INNER|FB,clip_010_same_target,9123.0,0.9959606986899564,0.3481409102631307,0.4107031733653979,0.0625622631022671,False,,,,bcap_swing__mlb_2024_2025__20260909__r01,BCAP-SWING-v0.1.0,swing,2024_2025,COMPLETE,outer_game_nested_procedure_OPE,season-weighted final PA W per selected current decision; no summed PA policy gain,Q/value/delta/gain: raw W; outcome MSE: W^2; probabilities/coverage: fraction; sample counts: explicit rows/PA/games,Take_adjudicated,Swing_offer_including_bunts,3-1,INNER,FB,fixed_score_sensitivity,,,,
cell,3-1|INNER|FB,first_count_visit,9123.0,0.9959606986899564,0.3479019845616799,0.4107713936767809,0.0628694091151009,True,,,,bcap_swing__mlb_2024_2025__20260909__r01,BCAP-SWING-v0.1.0,swing,2024_2025,COMPLETE,outer_game_nested_procedure_OPE,season-weighted final PA W per selected current decision; no summed PA policy gain,Q/value/delta/gain: raw W; outcome MSE: W^2; probabilities/coverage: fraction; sample counts: explicit rows/PA/games,Take_adjudicated,Swing_offer_including_bunts,3-1,INNER,FB,fixed_score_sensitivity,,,,
cell,3-1|INNER|FB,fixed_score_cluster_pitcher,9123.0,,,,0.0628694091151009,False,0.0050281489705896,0.1207106692596122,893.0,bcap_swing__mlb_2024_2025__20260909__r01,BCAP-SWING-v0.1.0,swing,2024_2025,COMPLETE,outer_game_nested_procedure_OPE,season-weighted final PA W per selected current decision; no summed PA policy gain,Q/value/delta/gain: raw W; outcome MSE: W^2; probabilities/coverage: fraction; sample counts: explicit rows/PA/games,Take_adjudicated,Swing_offer_including_bunts,3-1,INNER,FB,fixed_score_sensitivity,,,,
cell,3-1|INNER|FB,fixed_score_cluster_batter,9123.0,,,,0.0628694091151009,False,-0.0013661383956958,0.1271049566258977,664.0,bcap_swing__mlb_2024_2025__20260909__r01,BCAP-SWING-v0.1.0,swing,2024_2025,COMPLETE,outer_game_nested_procedure_OPE,season-weighted final PA W per selected current decision; no summed PA policy gain,Q/value/delta/gain: raw W; outcome MSE: W^2; probabilities/coverage: fraction; sample counts: explicit rows/PA/games,Take_adjudicated,Swing_offer_including_bunts,3-1,INNER,FB,fixed_score_sensitivity,,,,
cell,3-1|INNER|NFB,untrimmed,2229.0,1.0,0.3595185581586306,0.4282328348993977,0.0687142767407671,True,,,,bcap_swing__mlb_2024_2025__20260909__r01,BCAP-SWING-v0.1.0,swing,2024_2025,COMPLETE,outer_game_nested_procedure_OPE,season-weighted final PA W per selected current decision; no summed PA policy gain,Q/value/delta/gain: raw W; outcome MSE: W^2; probabilities/coverage: fraction; sample counts: explicit rows/PA/games,Take_adjudicated,Swing_offer_including_bunts,3-1,INNER,NFB,fixed_score_sensitivity,,,,
cell,3-1|INNER|NFB,trim_002,2226.0,0.9986541049798116,0.3611136000496939,0.4284993048138238,0.0673857047641299,True,,,,bcap_swing__mlb_2024_2025__20260909__r01,BCAP-SWING-v0.1.0,swing,2024_2025,COMPLETE,outer_game_nested_procedure_OPE,season-weighted final PA W per selected current decision; no summed PA policy gain,Q/value/delta/gain: raw W; outcome MSE: W^2; probabilities/coverage: fraction; sample counts: explicit rows/PA/games,Take_adjudicated,Swing_offer_including_bunts,3-1,INNER,NFB,fixed_score_sensitivity,,,,
cell,3-1|INNER|NFB,trim_005,2226.0,0.9986541049798116,0.3611136000496939,0.4284993048138238,0.0673857047641299,False,,,,bcap_swing__mlb_2024_2025__20260909__r01,BCAP-SWING-v0.1.0,swing,2024_2025,COMPLETE,outer_game_nested_procedure_OPE,season-weighted final PA W per selected current decision; no summed PA policy gain,Q/value/delta/gain: raw W; outcome MSE: W^2; probabilities/coverage: fraction; sample counts: explicit rows/PA/games,Take_adjudicated,Swing_offer_including_bunts,3-1,INNER,NFB,fixed_score_sensitivity,,,,
cell,3-1|INNER|NFB,trim_010,2220.0,0.9959623149394348,0.36155367551313,0.4278535450631495,0.0662998695500195,True,,,,bcap_swing__mlb_2024_2025__20260909__r01,BCAP-SWING-v0.1.0,swing,2024_2025,COMPLETE,outer_game_nested_procedure_OPE,season-weighted final PA W per selected current decision; no summed PA policy gain,Q/value/delta/gain: raw W; outcome MSE: W^2; probabilities/coverage: fraction; sample counts: explicit rows/PA/games,Take_adjudicated,Swing_offer_including_bunts,3-1,INNER,NFB,fixed_score_sensitivity,,,,
cell,3-1|INNER|NFB,clip_010_same_target,2226.0,0.9986541049798116,0.3611927882915939,0.4285044980973084,0.0673117098057144,False,,,,bcap_swing__mlb_2024_2025__20260909__r01,BCAP-SWING-v0.1.0,swing,2024_2025,COMPLETE,outer_game_nested_procedure_OPE,season-weighted final PA W per selected current decision; no summed PA policy gain,Q/value/delta/gain: raw W; outcome MSE: W^2; probabilities/coverage: fraction; sample counts: explicit rows/PA/games,Take_adjudicated,Swing_offer_including_bunts,3-1,INNER,NFB,fixed_score_sensitivity,,,,
cell,3-1|INNER|NFB,first_count_visit,2226.0,0.9986541049798116,0.3611136000496939,0.4284993048138238,0.0673857047641299,True,,,,bcap_swing__mlb_2024_2025__20260909__r01,BCAP-SWING-v0.1.0,swing,2024_2025,COMPLETE,outer_game_nested_procedure_OPE,season-weighted final PA W per selected current decision; no summed PA policy gain,Q/value/delta/gain: raw W; outcome MSE: W^2; probabilities/coverage: fraction; sample counts: explicit rows/PA/games,Take_adjudicated,Swing_offer_including_bunts,3-1,INNER,NFB,fixed_score_sensitivity,,,,
cell,3-1|INNER|NFB,fixed_score_cluster_pitcher,2226.0,,,,0.0673857047641299,False,-0.0281019433203378,0.1628733528485977,618.0,bcap_swing__mlb_2024_2025__20260909__r01,BCAP-SWING-v0.1.0,swing,2024_2025,COMPLETE,outer_game_nested_procedure_OPE,season-weighted final PA W per selected current decision; no summed PA policy gain,Q/value/delta/gain: raw W; outcome MSE: W^2; probabilities/coverage: fraction; sample counts: explicit rows/PA/games,Take_adjudicated,Swing_offer_including_bunts,3-1,INNER,NFB,fixed_score_sensitivity,,,,
cell,3-1|INNER|NFB,fixed_score_cluster_batter,2226.0,,,,0.0673857047641299,False,-0.0311408133653197,0.1659122228935795,516.0,bcap_swing__mlb_2024_2025__20260909__r01,BCAP-SWING-v0.1.0,swing,2024_2025,COMPLETE,outer_game_nested_procedure_OPE,season-weighted final PA W per selected current decision; no summed PA policy gain,Q/value/delta/gain: raw W; outcome MSE: W^2; probabilities/coverage: fraction; sample counts: explicit rows/PA/games,Take_adjudicated,Swing_offer_including_bunts,3-1,INNER,NFB,fixed_score_sensitivity,,,,
cell,3-1|OUT|FB,untrimmed,7573.0,1.0,0.6635601716369082,0.3472374069399906,-0.3163227646969174,True,,,,bcap_swing__mlb_2024_2025__20260909__r01,BCAP-SWING-v0.1.0,swing,2024_2025,COMPLETE,outer_game_nested_procedure_OPE,season-weighted final PA W per selected current decision; no summed PA policy gain,Q/value/delta/gain: raw W; outcome MSE: W^2; probabilities/coverage: fraction; sample counts: explicit rows/PA/games,Take_adjudicated,Swing_offer_including_bunts,3-1,OUT,FB,fixed_score_sensitivity,,,,
cell,3-1|OUT|FB,trim_002,7487.0,0.9886438663673576,0.663570644082426,0.347119828637599,-0.3164508154448271,True,,,,bcap_swing__mlb_2024_2025__20260909__r01,BCAP-SWING-v0.1.0,swing,2024_2025,COMPLETE,outer_game_nested_procedure_OPE,season-weighted final PA W per selected current decision; no summed PA policy gain,Q/value/delta/gain: raw W; outcome MSE: W^2; probabilities/coverage: fraction; sample counts: explicit rows/PA/games,Take_adjudicated,Swing_offer_including_bunts,3-1,OUT,FB,fixed_score_sensitivity,,,,
cell,3-1|OUT|FB,trim_005,7174.0,0.9473128218671596,0.6623535558059617,0.3462615776586102,-0.3160919781473515,False,,,,bcap_swing__mlb_2024_2025__20260909__r01,BCAP-SWING-v0.1.0,swing,2024_2025,COMPLETE,outer_game_nested_procedure_OPE,season-weighted final PA W per selected current decision; no summed PA policy gain,Q/value/delta/gain: raw W; outcome MSE: W^2; probabilities/coverage: fraction; sample counts: explicit rows/PA/games,Take_adjudicated,Swing_offer_including_bunts,3-1,OUT,FB,fixed_score_sensitivity,,,,
cell,3-1|OUT|FB,trim_010,6203.0,0.8190941502706985,0.6576283893533946,0.3498860917057499,-0.3077422976476446,True,,,,bcap_swing__mlb_2024_2025__20260909__r01,BCAP-SWING-v0.1.0,swing,2024_2025,COMPLETE,outer_game_nested_procedure_OPE,season-weighted final PA W per selected current decision; no summed PA policy gain,Q/value/delta/gain: raw W; outcome MSE: W^2; probabilities/coverage: fraction; sample counts: explicit rows/PA/games,Take_adjudicated,Swing_offer_including_bunts,3-1,OUT,FB,fixed_score_sensitivity,,,,
cell,3-1|OUT|FB,clip_010_same_target,7174.0,0.9473128218671596,0.6624956415912673,0.3454496660490305,-0.3170459755422368,False,,,,bcap_swing__mlb_2024_2025__20260909__r01,BCAP-SWING-v0.1.0,swing,2024_2025,COMPLETE,outer_game_nested_procedure_OPE,season-weighted final PA W per selected current decision; no summed PA policy gain,Q/value/delta/gain: raw W; outcome MSE: W^2; probabilities/coverage: fraction; sample counts: explicit rows/PA/games,Take_adjudicated,Swing_offer_including_bunts,3-1,OUT,FB,fixed_score_sensitivity,,,,
cell,3-1|OUT|FB,first_count_visit,7174.0,0.9473128218671596,0.6623535558059617,0.3462615776586102,-0.3160919781473515,True,,,,bcap_swing__mlb_2024_2025__20260909__r01,BCAP-SWING-v0.1.0,swing,2024_2025,COMPLETE,outer_game_nested_procedure_OPE,season-weighted final PA W per selected current decision; no summed PA policy gain,Q/value/delta/gain: raw W; outcome MSE: W^2; probabilities/coverage: fraction; sample counts: explicit rows/PA/games,Take_adjudicated,Swing_offer_including_bunts,3-1,OUT,FB,fixed_score_sensitivity,,,,
cell,3-1|OUT|FB,fixed_score_cluster_pitcher,7174.0,,,,-0.3160919781473515,False,-0.3681483671117276,-0.2640355891829754,896.0,bcap_swing__mlb_2024_2025__20260909__r01,BCAP-SWING-v0.1.0,swing,2024_2025,COMPLETE,outer_game_nested_procedure_OPE,season-weighted final PA W per selected current decision; no summed PA policy gain,Q/value/delta/gain: raw W; outcome MSE: W^2; probabilities/coverage: fraction; sample counts: explicit rows/PA/games,Take_adjudicated,Swing_offer_including_bunts,3-1,OUT,FB,fixed_score_sensitivity,,,,
cell,3-1|OUT|FB,fixed_score_cluster_batter,7174.0,,,,-0.3160919781473515,False,-0.3664912528854583,-0.2656927034092446,646.0,bcap_swing__mlb_2024_2025__20260909__r01,BCAP-SWING-v0.1.0,swing,2024_2025,COMPLETE,outer_game_nested_procedure_OPE,season-weighted final PA W per selected current decision; no summed PA policy gain,Q/value/delta/gain: raw W; outcome MSE: W^2; probabilities/coverage: fraction; sample counts: explicit rows/PA/games,Take_adjudicated,Swing_offer_including_bunts,3-1,OUT,FB,fixed_score_sensitivity,,,,
cell,3-1|OUT|NFB,untrimmed,2796.0,1.0,0.6673248052567639,0.3650249358534249,-0.3022998694033389,True,,,,bcap_swing__mlb_2024_2025__20260909__r01,BCAP-SWING-v0.1.0,swing,2024_2025,COMPLETE,outer_game_nested_procedure_OPE,season-weighted final PA W per selected current decision; no summed PA policy gain,Q/value/delta/gain: raw W; outcome MSE: W^2; probabilities/coverage: fraction; sample counts: explicit rows/PA/games,Take_adjudicated,Swing_offer_including_bunts,3-1,OUT,NFB,fixed_score_sensitivity,,,,
cell,3-1|OUT|NFB,trim_002,2770.0,0.9907010014306152,0.6671644254797308,0.3656480021267791,-0.3015164233529516,True,,,,bcap_swing__mlb_2024_2025__20260909__r01,BCAP-SWING-v0.1.0,swing,2024_2025,COMPLETE,outer_game_nested_procedure_OPE,season-weighted final PA W per selected current decision; no summed PA policy gain,Q/value/delta/gain: raw W; outcome MSE: W^2; probabilities/coverage: fraction; sample counts: explicit rows/PA/games,Take_adjudicated,Swing_offer_including_bunts,3-1,OUT,NFB,fixed_score_sensitivity,,,,
cell,3-1|OUT|NFB,trim_005,2677.0,0.957439198855508,0.6664161641250456,0.3720506020971248,-0.2943655620279206,False,,,,bcap_swing__mlb_2024_2025__20260909__r01,BCAP-SWING-v0.1.0,swing,2024_2025,COMPLETE,outer_game_nested_procedure_OPE,season-weighted final PA W per selected current decision; no summed PA policy gain,Q/value/delta/gain: raw W; outcome MSE: W^2; probabilities/coverage: fraction; sample counts: explicit rows/PA/games,Take_adjudicated,Swing_offer_including_bunts,3-1,OUT,NFB,fixed_score_sensitivity,,,,
cell,3-1|OUT|NFB,trim_010,2457.0,0.878755364806867,0.6647772051391063,0.3778240169767893,-0.2869531881623171,True,,,,bcap_swing__mlb_2024_2025__20260909__r01,BCAP-SWING-v0.1.0,swing,2024_2025,COMPLETE,outer_game_nested_procedure_OPE,season-weighted final PA W per selected current decision; no summed PA policy gain,Q/value/delta/gain: raw W; outcome MSE: W^2; probabilities/coverage: fraction; sample counts: explicit rows/PA/games,Take_adjudicated,Swing_offer_including_bunts,3-1,OUT,NFB,fixed_score_sensitivity,,,,
cell,3-1|OUT|NFB,clip_010_same_target,2677.0,0.957439198855508,0.6665251764393951,0.3708514412024013,-0.2956737352369939,False,,,,bcap_swing__mlb_2024_2025__20260909__r01,BCAP-SWING-v0.1.0,swing,2024_2025,COMPLETE,outer_game_nested_procedure_OPE,season-weighted final PA W per selected current decision; no summed PA policy gain,Q/value/delta/gain: raw W; outcome MSE: W^2; probabilities/coverage: fraction; sample counts: explicit rows/PA/games,Take_adjudicated,Swing_offer_including_bunts,3-1,OUT,NFB,fixed_score_sensitivity,,,,
cell,3-1|OUT|NFB,first_count_visit,2677.0,0.957439198855508,0.6664161641250456,0.3720506020971248,-0.2943655620279206,True,,,,bcap_swing__mlb_2024_2025__20260909__r01,BCAP-SWING-v0.1.0,swing,2024_2025,COMPLETE,outer_game_nested_procedure_OPE,season-weighted final PA W per selected current decision; no summed PA policy gain,Q/value/delta/gain: raw W; outcome MSE: W^2; probabilities/coverage: fraction; sample counts: explicit rows/PA/games,Take_adjudicated,Swing_offer_including_bunts,3-1,OUT,NFB,fixed_score_sensitivity,,,,
cell,3-1|OUT|NFB,fixed_score_cluster_pitcher,2677.0,,,,-0.2943655620279206,False,-0.3743425779740392,-0.214388546081802,715.0,bcap_swing__mlb_2024_2025__20260909__r01,BCAP-SWING-v0.1.0,swing,2024_2025,COMPLETE,outer_game_nested_procedure_OPE,season-weighted final PA W per selected current decision; no summed PA policy gain,Q/value/delta/gain: raw W; outcome MSE: W^2; probabilities/coverage: fraction; sample counts: explicit rows/PA/games,Take_adjudicated,Swing_offer_including_bunts,3-1,OUT,NFB,fixed_score_sensitivity,,,,
cell,3-1|OUT|NFB,fixed_score_cluster_batter,2677.0,,,,-0.2943655620279206,False,-0.3740788935378429,-0.2146522305179983,530.0,bcap_swing__mlb_2024_2025__20260909__r01,BCAP-SWING-v0.1.0,swing,2024_2025,COMPLETE,outer_game_nested_procedure_OPE,season-weighted final PA W per selected current decision; no summed PA policy gain,Q/value/delta/gain: raw W; outcome MSE: W^2; probabilities/coverage: fraction; sample counts: explicit rows/PA/games,Take_adjudicated,Swing_offer_including_bunts,3-1,OUT,NFB,fixed_score_sensitivity,,,,
cell,3-2|BOUNDARY|FB,untrimmed,12393.0,1.0,0.1924563778459619,0.3140476735284109,0.1215912956824489,True,,,,bcap_swing__mlb_2024_2025__20260909__r01,BCAP-SWING-v0.1.0,swing,2024_2025,COMPLETE,outer_game_nested_procedure_OPE,season-weighted final PA W per selected current decision; no summed PA policy gain,Q/value/delta/gain: raw W; outcome MSE: W^2; probabilities/coverage: fraction; sample counts: explicit rows/PA/games,Take_adjudicated,Swing_offer_including_bunts,3-2,BOUNDARY,FB,fixed_score_sensitivity,,,,
cell,3-2|BOUNDARY|FB,trim_002,12358.0,0.9971758250625352,0.1925991400351985,0.3139148128384061,0.1213156728032076,True,,,,bcap_swing__mlb_2024_2025__20260909__r01,BCAP-SWING-v0.1.0,swing,2024_2025,COMPLETE,outer_game_nested_procedure_OPE,season-weighted final PA W per selected current decision; no summed PA policy gain,Q/value/delta/gain: raw W; outcome MSE: W^2; probabilities/coverage: fraction; sample counts: explicit rows/PA/games,Take_adjudicated,Swing_offer_including_bunts,3-2,BOUNDARY,FB,fixed_score_sensitivity,,,,
cell,3-2|BOUNDARY|FB,trim_005,12349.0,0.9964496086500444,0.1925429811655492,0.313931460298738,0.1213884791331887,False,,,,bcap_swing__mlb_2024_2025__20260909__r01,BCAP-SWING-v0.1.0,swing,2024_2025,COMPLETE,outer_game_nested_procedure_OPE,season-weighted final PA W per selected current decision; no summed PA policy gain,Q/value/delta/gain: raw W; outcome MSE: W^2; probabilities/coverage: fraction; sample counts: explicit rows/PA/games,Take_adjudicated,Swing_offer_including_bunts,3-2,BOUNDARY,FB,fixed_score_sensitivity,,,,
cell,3-2|BOUNDARY|FB,trim_010,11191.0,0.9030097635762124,0.2024259596847358,0.3136336376699198,0.111207677985184,True,,,,bcap_swing__mlb_2024_2025__20260909__r01,BCAP-SWING-v0.1.0,swing,2024_2025,COMPLETE,outer_game_nested_procedure_OPE,season-weighted final PA W per selected current decision; no summed PA policy gain,Q/value/delta/gain: raw W; outcome MSE: W^2; probabilities/coverage: fraction; sample counts: explicit rows/PA/games,Take_adjudicated,Swing_offer_including_bunts,3-2,BOUNDARY,FB,fixed_score_sensitivity,,,,
cell,3-2|BOUNDARY|FB,clip_010_same_target,12349.0,0.9964496086500444,0.1950213901687915,0.3139523719857303,0.1189309818169388,False,,,,bcap_swing__mlb_2024_2025__20260909__r01,BCAP-SWING-v0.1.0,swing,2024_2025,COMPLETE,outer_game_nested_procedure_OPE,season-weighted final PA W per selected current decision; no summed PA policy gain,Q/value/delta/gain: raw W; outcome MSE: W^2; probabilities/coverage: fraction; sample counts: explicit rows/PA/games,Take_adjudicated,Swing_offer_including_bunts,3-2,BOUNDARY,FB,fixed_score_sensitivity,,,,
cell,3-2|BOUNDARY|FB,first_count_visit,11399.0,0.9197934317760026,0.1860867229778902,0.313119484675109,0.1270327616972187,True,,,,bcap_swing__mlb_2024_2025__20260909__r01,BCAP-SWING-v0.1.0,swing,2024_2025,COMPLETE,outer_game_nested_procedure_OPE,season-weighted final PA W per selected current decision; no summed PA policy gain,Q/value/delta/gain: raw W; outcome MSE: W^2; probabilities/coverage: fraction; sample counts: explicit rows/PA/games,Take_adjudicated,Swing_offer_including_bunts,3-2,BOUNDARY,FB,fixed_score_sensitivity,,,,
cell,3-2|BOUNDARY|FB,fixed_score_cluster_pitcher,12349.0,,,,0.1213884791331887,False,0.0797987094923506,0.1629782487740269,898.0,bcap_swing__mlb_2024_2025__20260909__r01,BCAP-SWING-v0.1.0,swing,2024_2025,COMPLETE,outer_game_nested_procedure_OPE,season-weighted final PA W per selected current decision; no summed PA policy gain,Q/value/delta/gain: raw W; outcome MSE: W^2; probabilities/coverage: fraction; sample counts: explicit rows/PA/games,Take_adjudicated,Swing_offer_including_bunts,3-2,BOUNDARY,FB,fixed_score_sensitivity,,,,
cell,3-2|BOUNDARY|FB,fixed_score_cluster_batter,12349.0,,,,0.1213884791331887,False,0.0783547544262235,0.1644222038401539,680.0,bcap_swing__mlb_2024_2025__20260909__r01,BCAP-SWING-v0.1.0,swing,2024_2025,COMPLETE,outer_game_nested_procedure_OPE,season-weighted final PA W per selected current decision; no summed PA policy gain,Q/value/delta/gain: raw W; outcome MSE: W^2; probabilities/coverage: fraction; sample counts: explicit rows/PA/games,Take_adjudicated,Swing_offer_including_bunts,3-2,BOUNDARY,FB,fixed_score_sensitivity,,,,
cell,3-2|BOUNDARY|NFB,untrimmed,6742.0,0.9997034400948992,0.1784148341766323,0.2852487274165605,0.1068338932399281,True,,,,bcap_swing__mlb_2024_2025__20260909__r01,BCAP-SWING-v0.1.0,swing,2024_2025,COMPLETE,outer_game_nested_procedure_OPE,season-weighted final PA W per selected current decision; no summed PA policy gain,Q/value/delta/gain: raw W; outcome MSE: W^2; probabilities/coverage: fraction; sample counts: explicit rows/PA/games,Take_adjudicated,Swing_offer_including_bunts,3-2,BOUNDARY,NFB,fixed_score_sensitivity,,,,
cell,3-2|BOUNDARY|NFB,trim_002,6728.0,0.9976275207591934,0.1784530229758987,0.2849027473441215,0.1064497243682227,True,,,,bcap_swing__mlb_2024_2025__20260909__r01,BCAP-SWING-v0.1.0,swing,2024_2025,COMPLETE,outer_game_nested_procedure_OPE,season-weighted final PA W per selected current decision; no summed PA policy gain,Q/value/delta/gain: raw W; outcome MSE: W^2; probabilities/coverage: fraction; sample counts: explicit rows/PA/games,Take_adjudicated,Swing_offer_including_bunts,3-2,BOUNDARY,NFB,fixed_score_sensitivity,,,,
cell,3-2|BOUNDARY|NFB,trim_005,6689.0,0.9918446026097272,0.1795575256894385,0.2829098914551706,0.1033523657657321,False,,,,bcap_swing__mlb_2024_2025__20260909__r01,BCAP-SWING-v0.1.0,swing,2024_2025,COMPLETE,outer_game_nested_procedure_OPE,season-weighted final PA W per selected current decision; no summed PA policy gain,Q/value/delta/gain: raw W; outcome MSE: W^2; probabilities/coverage: fraction; sample counts: explicit rows/PA/games,Take_adjudicated,Swing_offer_including_bunts,3-2,BOUNDARY,NFB,fixed_score_sensitivity,,,,
cell,3-2|BOUNDARY|NFB,trim_010,5399.0,0.8005634638196916,0.202056353476098,0.2760474482741404,0.0739910947980423,True,,,,bcap_swing__mlb_2024_2025__20260909__r01,BCAP-SWING-v0.1.0,swing,2024_2025,COMPLETE,outer_game_nested_procedure_OPE,season-weighted final PA W per selected current decision; no summed PA policy gain,Q/value/delta/gain: raw W; outcome MSE: W^2; probabilities/coverage: fraction; sample counts: explicit rows/PA/games,Take_adjudicated,Swing_offer_including_bunts,3-2,BOUNDARY,NFB,fixed_score_sensitivity,,,,
cell,3-2|BOUNDARY|NFB,clip_010_same_target,6689.0,0.9918446026097272,0.188083196434095,0.2829616280874713,0.0948784316533762,False,,,,bcap_swing__mlb_2024_2025__20260909__r01,BCAP-SWING-v0.1.0,swing,2024_2025,COMPLETE,outer_game_nested_procedure_OPE,season-weighted final PA W per selected current decision; no summed PA policy gain,Q/value/delta/gain: raw W; outcome MSE: W^2; probabilities/coverage: fraction; sample counts: explicit rows/PA/games,Take_adjudicated,Swing_offer_including_bunts,3-2,BOUNDARY,NFB,fixed_score_sensitivity,,,,
cell,3-2|BOUNDARY|NFB,first_count_visit,6377.0,0.9455812574139976,0.1741252474965357,0.2814400109607268,0.1073147634641911,True,,,,bcap_swing__mlb_2024_2025__20260909__r01,BCAP-SWING-v0.1.0,swing,2024_2025,COMPLETE,outer_game_nested_procedure_OPE,season-weighted final PA W per selected current decision; no summed PA policy gain,Q/value/delta/gain: raw W; outcome MSE: W^2; probabilities/coverage: fraction; sample counts: explicit rows/PA/games,Take_adjudicated,Swing_offer_including_bunts,3-2,BOUNDARY,NFB,fixed_score_sensitivity,,,,
cell,3-2|BOUNDARY|NFB,fixed_score_cluster_pitcher,6689.0,,,,0.1033523657657321,False,0.0455338005889698,0.1611709309424943,821.0,bcap_swing__mlb_2024_2025__20260909__r01,BCAP-SWING-v0.1.0,swing,2024_2025,COMPLETE,outer_game_nested_procedure_OPE,season-weighted final PA W per selected current decision; no summed PA policy gain,Q/value/delta/gain: raw W; outcome MSE: W^2; probabilities/coverage: fraction; sample counts: explicit rows/PA/games,Take_adjudicated,Swing_offer_including_bunts,3-2,BOUNDARY,NFB,fixed_score_sensitivity,,,,
cell,3-2|BOUNDARY|NFB,fixed_score_cluster_batter,6689.0,,,,0.1033523657657321,False,0.0485161610669487,0.1581885704645154,629.0,bcap_swing__mlb_2024_2025__20260909__r01,BCAP-SWING-v0.1.0,swing,2024_2025,COMPLETE,outer_game_nested_procedure_OPE,season-weighted final PA W per selected current decision; no summed PA policy gain,Q/value/delta/gain: raw W; outcome MSE: W^2; probabilities/coverage: fraction; sample counts: explicit rows/PA/games,Take_adjudicated,Swing_offer_including_bunts,3-2,BOUNDARY,NFB,fixed_score_sensitivity,,,,
cell,3-2|INNER|FB,untrimmed,17494.0,0.9999428408116604,0.064809632193602,0.3495602668854128,0.2847506346918106,True,,,,bcap_swing__mlb_2024_2025__20260909__r01,BCAP-SWING-v0.1.0,swing,2024_2025,COMPLETE,outer_game_nested_procedure_OPE,season-weighted final PA W per selected current decision; no summed PA policy gain,Q/value/delta/gain: raw W; outcome MSE: W^2; probabilities/coverage: fraction; sample counts: explicit rows/PA/games,Take_adjudicated,Swing_offer_including_bunts,3-2,INNER,FB,fixed_score_sensitivity,,,,
cell,3-2|INNER|FB,trim_002,17445.0,0.9971420405830236,0.0648747920814213,0.3497039478957346,0.2848291558143132,True,,,,bcap_swing__mlb_2024_2025__20260909__r01,BCAP-SWING-v0.1.0,swing,2024_2025,COMPLETE,outer_game_nested_procedure_OPE,season-weighted final PA W per selected current decision; no summed PA policy gain,Q/value/delta/gain: raw W; outcome MSE: W^2; probabilities/coverage: fraction; sample counts: explicit rows/PA/games,Take_adjudicated,Swing_offer_including_bunts,3-2,INNER,FB,fixed_score_sensitivity,,,,
cell,3-2|INNER|FB,trim_005,15797.0,0.9029436981994856,0.0644838712126625,0.3486187157367712,0.2841348445241085,False,,,,bcap_swing__mlb_2024_2025__20260909__r01,BCAP-SWING-v0.1.0,swing,2024_2025,COMPLETE,outer_game_nested_procedure_OPE,season-weighted final PA W per selected current decision; no summed PA policy gain,Q/value/delta/gain: raw W; outcome MSE: W^2; probabilities/coverage: fraction; sample counts: explicit rows/PA/games,Take_adjudicated,Swing_offer_including_bunts,3-2,INNER,FB,fixed_score_sensitivity,,,,
cell,3-2|INNER|FB,trim_010,5073.0,0.2899685624464133,0.054999720771555,0.3433641643077735,0.2883644435362184,True,,,,bcap_swing__mlb_2024_2025__20260909__r01,BCAP-SWING-v0.1.0,swing,2024_2025,COMPLETE,outer_game_nested_procedure_OPE,season-weighted final PA W per selected current decision; no summed PA policy gain,Q/value/delta/gain: raw W; outcome MSE: W^2; probabilities/coverage: fraction; sample counts: explicit rows/PA/games,Take_adjudicated,Swing_offer_including_bunts,3-2,INNER,FB,fixed_score_sensitivity,,,,
cell,3-2|INNER|FB,clip_010_same_target,15797.0,0.9029436981994856,0.0869820774833555,0.3486910616388157,0.2617089841554602,False,,,,bcap_swing__mlb_2024_2025__20260909__r01,BCAP-SWING-v0.1.0,swing,2024_2025,COMPLETE,outer_game_nested_procedure_OPE,season-weighted final PA W per selected current decision; no summed PA policy gain,Q/value/delta/gain: raw W; outcome MSE: W^2; probabilities/coverage: fraction; sample counts: explicit rows/PA/games,Take_adjudicated,Swing_offer_including_bunts,3-2,INNER,FB,fixed_score_sensitivity,,,,
cell,3-2|INNER|FB,first_count_visit,13724.0,0.7844527007716491,0.0621025960431091,0.3477936473651626,0.2856910513220534,True,,,,bcap_swing__mlb_2024_2025__20260909__r01,BCAP-SWING-v0.1.0,swing,2024_2025,COMPLETE,outer_game_nested_procedure_OPE,season-weighted final PA W per selected current decision; no summed PA policy gain,Q/value/delta/gain: raw W; outcome MSE: W^2; probabilities/coverage: fraction; sample counts: explicit rows/PA/games,Take_adjudicated,Swing_offer_including_bunts,3-2,INNER,FB,fixed_score_sensitivity,,,,
cell,3-2|INNER|FB,fixed_score_cluster_pitcher,15797.0,,,,0.2841348445241085,False,0.2556471591226637,0.3126225299255533,923.0,bcap_swing__mlb_2024_2025__20260909__r01,BCAP-SWING-v0.1.0,swing,2024_2025,COMPLETE,outer_game_nested_procedure_OPE,season-weighted final PA W per selected current decision; no summed PA policy gain,Q/value/delta/gain: raw W; outcome MSE: W^2; probabilities/coverage: fraction; sample counts: explicit rows/PA/games,Take_adjudicated,Swing_offer_including_bunts,3-2,INNER,FB,fixed_score_sensitivity,,,,
cell,3-2|INNER|FB,fixed_score_cluster_batter,15797.0,,,,0.2841348445241085,False,0.2516178773985796,0.3166518116496374,683.0,bcap_swing__mlb_2024_2025__20260909__r01,BCAP-SWING-v0.1.0,swing,2024_2025,COMPLETE,outer_game_nested_procedure_OPE,season-weighted final PA W per selected current decision; no summed PA policy gain,Q/value/delta/gain: raw W; outcome MSE: W^2; probabilities/coverage: fraction; sample counts: explicit rows/PA/games,Take_adjudicated,Swing_offer_including_bunts,3-2,INNER,FB,fixed_score_sensitivity,,,,
cell,3-2|INNER|NFB,untrimmed,7978.0,0.999749373433584,0.0699046060584346,0.3531020978970798,0.2831974918386452,True,,,,bcap_swing__mlb_2024_2025__20260909__r01,BCAP-SWING-v0.1.0,swing,2024_2025,COMPLETE,outer_game_nested_procedure_OPE,season-weighted final PA W per selected current decision; no summed PA policy gain,Q/value/delta/gain: raw W; outcome MSE: W^2; probabilities/coverage: fraction; sample counts: explicit rows/PA/games,Take_adjudicated,Swing_offer_including_bunts,3-2,INNER,NFB,fixed_score_sensitivity,,,,
cell,3-2|INNER|NFB,trim_002,7961.0,0.9976190476190476,0.0695039932268337,0.3536321158177787,0.284128122590945,True,,,,bcap_swing__mlb_2024_2025__20260909__r01,BCAP-SWING-v0.1.0,swing,2024_2025,COMPLETE,outer_game_nested_procedure_OPE,season-weighted final PA W per selected current decision; no summed PA policy gain,Q/value/delta/gain: raw W; outcome MSE: W^2; probabilities/coverage: fraction; sample counts: explicit rows/PA/games,Take_adjudicated,Swing_offer_including_bunts,3-2,INNER,NFB,fixed_score_sensitivity,,,,
cell,3-2|INNER|NFB,trim_005,7152.0,0.8962406015037594,0.0828312867463025,0.3513127770628683,0.2684814903165656,False,,,,bcap_swing__mlb_2024_2025__20260909__r01,BCAP-SWING-v0.1.0,swing,2024_2025,COMPLETE,outer_game_nested_procedure_OPE,season-weighted final PA W per selected current decision; no summed PA policy gain,Q/value/delta/gain: raw W; outcome MSE: W^2; probabilities/coverage: fraction; sample counts: explicit rows/PA/games,Take_adjudicated,Swing_offer_including_bunts,3-2,INNER,NFB,fixed_score_sensitivity,,,,
cell,3-2|INNER|NFB,trim_010,2399.0,0.3006265664160401,0.0897475975110806,0.3379168908122928,0.2481692933012122,True,,,,bcap_swing__mlb_2024_2025__20260909__r01,BCAP-SWING-v0.1.0,swing,2024_2025,COMPLETE,outer_game_nested_procedure_OPE,season-weighted final PA W per selected current decision; no summed PA policy gain,Q/value/delta/gain: raw W; outcome MSE: W^2; probabilities/coverage: fraction; sample counts: explicit rows/PA/games,Take_adjudicated,Swing_offer_including_bunts,3-2,INNER,NFB,fixed_score_sensitivity,,,,
cell,3-2|INNER|NFB,clip_010_same_target,7152.0,0.8962406015037594,0.1128325196401648,0.351520291403561,0.2386877717633961,False,,,,bcap_swing__mlb_2024_2025__20260909__r01,BCAP-SWING-v0.1.0,swing,2024_2025,COMPLETE,outer_game_nested_procedure_OPE,season-weighted final PA W per selected current decision; no summed PA policy gain,Q/value/delta/gain: raw W; outcome MSE: W^2; probabilities/coverage: fraction; sample counts: explicit rows/PA/games,Take_adjudicated,Swing_offer_including_bunts,3-2,INNER,NFB,fixed_score_sensitivity,,,,
cell,3-2|INNER|NFB,first_count_visit,6706.0,0.8403508771929824,0.0809375445129147,0.3486378369953132,0.2677002924823983,True,,,,bcap_swing__mlb_2024_2025__20260909__r01,BCAP-SWING-v0.1.0,swing,2024_2025,COMPLETE,outer_game_nested_procedure_OPE,season-weighted final PA W per selected current decision; no summed PA policy gain,Q/value/delta/gain: raw W; outcome MSE: W^2; probabilities/coverage: fraction; sample counts: explicit rows/PA/games,Take_adjudicated,Swing_offer_including_bunts,3-2,INNER,NFB,fixed_score_sensitivity,,,,
cell,3-2|INNER|NFB,fixed_score_cluster_pitcher,7152.0,,,,0.2684814903165656,False,0.2194607414556002,0.3175022391775311,839.0,bcap_swing__mlb_2024_2025__20260909__r01,BCAP-SWING-v0.1.0,swing,2024_2025,COMPLETE,outer_game_nested_procedure_OPE,season-weighted final PA W per selected current decision; no summed PA policy gain,Q/value/delta/gain: raw W; outcome MSE: W^2; probabilities/coverage: fraction; sample counts: explicit rows/PA/games,Take_adjudicated,Swing_offer_including_bunts,3-2,INNER,NFB,fixed_score_sensitivity,,,,
cell,3-2|INNER|NFB,fixed_score_cluster_batter,7152.0,,,,0.2684814903165656,False,0.2145604952723705,0.3224024853607607,641.0,bcap_swing__mlb_2024_2025__20260909__r01,BCAP-SWING-v0.1.0,swing,2024_2025,COMPLETE,outer_game_nested_procedure_OPE,season-weighted final PA W per selected current decision; no summed PA policy gain,Q/value/delta/gain: raw W; outcome MSE: W^2; probabilities/coverage: fraction; sample counts: explicit rows/PA/games,Take_adjudicated,Swing_offer_including_bunts,3-2,INNER,NFB,fixed_score_sensitivity,,,,
cell,3-2|OUT|FB,untrimmed,15020.0,0.999733759318424,0.651080216098718,0.2259949074538574,-0.4250853086448605,True,,,,bcap_swing__mlb_2024_2025__20260909__r01,BCAP-SWING-v0.1.0,swing,2024_2025,COMPLETE,outer_game_nested_procedure_OPE,season-weighted final PA W per selected current decision; no summed PA policy gain,Q/value/delta/gain: raw W; outcome MSE: W^2; probabilities/coverage: fraction; sample counts: explicit rows/PA/games,Take_adjudicated,Swing_offer_including_bunts,3-2,OUT,FB,fixed_score_sensitivity,,,,
cell,3-2|OUT|FB,trim_002,14948.0,0.9949414270500532,0.6512410552518753,0.2237859924659129,-0.4274550627859623,True,,,,bcap_swing__mlb_2024_2025__20260909__r01,BCAP-SWING-v0.1.0,swing,2024_2025,COMPLETE,outer_game_nested_procedure_OPE,season-weighted final PA W per selected current decision; no summed PA policy gain,Q/value/delta/gain: raw W; outcome MSE: W^2; probabilities/coverage: fraction; sample counts: explicit rows/PA/games,Take_adjudicated,Swing_offer_including_bunts,3-2,OUT,FB,fixed_score_sensitivity,,,,
cell,3-2|OUT|FB,trim_005,14780.0,0.9837593184238552,0.6507691096428531,0.2243649383337854,-0.4264041713090676,False,,,,bcap_swing__mlb_2024_2025__20260909__r01,BCAP-SWING-v0.1.0,swing,2024_2025,COMPLETE,outer_game_nested_procedure_OPE,season-weighted final PA W per selected current decision; no summed PA policy gain,Q/value/delta/gain: raw W; outcome MSE: W^2; probabilities/coverage: fraction; sample counts: explicit rows/PA/games,Take_adjudicated,Swing_offer_including_bunts,3-2,OUT,FB,fixed_score_sensitivity,,,,
cell,3-2|OUT|FB,trim_010,14324.0,0.9534078807241748,0.6494373800934191,0.227376660495163,-0.422060719598256,True,,,,bcap_swing__mlb_2024_2025__20260909__r01,BCAP-SWING-v0.1.0,swing,2024_2025,COMPLETE,outer_game_nested_procedure_OPE,season-weighted final PA W per selected current decision; no summed PA policy gain,Q/value/delta/gain: raw W; outcome MSE: W^2; probabilities/coverage: fraction; sample counts: explicit rows/PA/games,Take_adjudicated,Swing_offer_including_bunts,3-2,OUT,FB,fixed_score_sensitivity,,,,
cell,3-2|OUT|FB,clip_010_same_target,14780.0,0.9837593184238552,0.6507887795242364,0.2247710555841622,-0.4260177239400741,False,,,,bcap_swing__mlb_2024_2025__20260909__r01,BCAP-SWING-v0.1.0,swing,2024_2025,COMPLETE,outer_game_nested_procedure_OPE,season-weighted final PA W per selected current decision; no summed PA policy gain,Q/value/delta/gain: raw W; outcome MSE: W^2; probabilities/coverage: fraction; sample counts: explicit rows/PA/games,Take_adjudicated,Swing_offer_including_bunts,3-2,OUT,FB,fixed_score_sensitivity,,,,
cell,3-2|OUT|FB,first_count_visit,14067.0,0.9363019169329072,0.651159552551881,0.2251680264506188,-0.4259915261012619,True,,,,bcap_swing__mlb_2024_2025__20260909__r01,BCAP-SWING-v0.1.0,swing,2024_2025,COMPLETE,outer_game_nested_procedure_OPE,season-weighted final PA W per selected current decision; no summed PA policy gain,Q/value/delta/gain: raw W; outcome MSE: W^2; probabilities/coverage: fraction; sample counts: explicit rows/PA/games,Take_adjudicated,Swing_offer_including_bunts,3-2,OUT,FB,fixed_score_sensitivity,,,,
cell,3-2|OUT|FB,fixed_score_cluster_pitcher,14780.0,,,,-0.4264041713090676,False,-0.4522635852489677,-0.4005447573691675,934.0,bcap_swing__mlb_2024_2025__20260909__r01,BCAP-SWING-v0.1.0,swing,2024_2025,COMPLETE,outer_game_nested_procedure_OPE,season-weighted final PA W per selected current decision; no summed PA policy gain,Q/value/delta/gain: raw W; outcome MSE: W^2; probabilities/coverage: fraction; sample counts: explicit rows/PA/games,Take_adjudicated,Swing_offer_including_bunts,3-2,OUT,FB,fixed_score_sensitivity,,,,
cell,3-2|OUT|FB,fixed_score_cluster_batter,14780.0,,,,-0.4264041713090676,False,-0.4529665357866704,-0.3998418068314648,684.0,bcap_swing__mlb_2024_2025__20260909__r01,BCAP-SWING-v0.1.0,swing,2024_2025,COMPLETE,outer_game_nested_procedure_OPE,season-weighted final PA W per selected current decision; no summed PA policy gain,Q/value/delta/gain: raw W; outcome MSE: W^2; probabilities/coverage: fraction; sample counts: explicit rows/PA/games,Take_adjudicated,Swing_offer_including_bunts,3-2,OUT,FB,fixed_score_sensitivity,,,,
cell,3-2|OUT|NFB,untrimmed,12041.0,1.0,0.6634595201190004,0.1641041100391378,-0.4993554100798626,True,,,,bcap_swing__mlb_2024_2025__20260909__r01,BCAP-SWING-v0.1.0,swing,2024_2025,COMPLETE,outer_game_nested_procedure_OPE,season-weighted final PA W per selected current decision; no summed PA policy gain,Q/value/delta/gain: raw W; outcome MSE: W^2; probabilities/coverage: fraction; sample counts: explicit rows/PA/games,Take_adjudicated,Swing_offer_including_bunts,3-2,OUT,NFB,fixed_score_sensitivity,,,,
cell,3-2|OUT|NFB,trim_002,12013.0,0.9976746117432108,0.6634311136526064,0.1644926293972586,-0.4989384842553478,True,,,,bcap_swing__mlb_2024_2025__20260909__r01,BCAP-SWING-v0.1.0,swing,2024_2025,COMPLETE,outer_game_nested_procedure_OPE,season-weighted final PA W per selected current decision; no summed PA policy gain,Q/value/delta/gain: raw W; outcome MSE: W^2; probabilities/coverage: fraction; sample counts: explicit rows/PA/games,Take_adjudicated,Swing_offer_including_bunts,3-2,OUT,NFB,fixed_score_sensitivity,,,,
cell,3-2|OUT|NFB,trim_005,11877.0,0.9863798687816626,0.6630953040073326,0.1655593847845488,-0.4975359192227838,False,,,,bcap_swing__mlb_2024_2025__20260909__r01,BCAP-SWING-v0.1.0,swing,2024_2025,COMPLETE,outer_game_nested_procedure_OPE,season-weighted final PA W per selected current decision; no summed PA policy gain,Q/value/delta/gain: raw W; outcome MSE: W^2; probabilities/coverage: fraction; sample counts: explicit rows/PA/games,Take_adjudicated,Swing_offer_including_bunts,3-2,OUT,NFB,fixed_score_sensitivity,,,,
cell,3-2|OUT|NFB,trim_010,11563.0,0.9603023004733826,0.6623857057871101,0.1692875984855512,-0.4930981073015589,True,,,,bcap_swing__mlb_2024_2025__20260909__r01,BCAP-SWING-v0.1.0,swing,2024_2025,COMPLETE,outer_game_nested_procedure_OPE,season-weighted final PA W per selected current decision; no summed PA policy gain,Q/value/delta/gain: raw W; outcome MSE: W^2; probabilities/coverage: fraction; sample counts: explicit rows/PA/games,Take_adjudicated,Swing_offer_including_bunts,3-2,OUT,NFB,fixed_score_sensitivity,,,,
cell,3-2|OUT|NFB,clip_010_same_target,11877.0,0.9863798687816626,0.6631147956663092,0.1661782344027067,-0.4969365612636023,False,,,,bcap_swing__mlb_2024_2025__20260909__r01,BCAP-SWING-v0.1.0,swing,2024_2025,COMPLETE,outer_game_nested_procedure_OPE,season-weighted final PA W per selected current decision; no summed PA policy gain,Q/value/delta/gain: raw W; outcome MSE: W^2; probabilities/coverage: fraction; sample counts: explicit rows/PA/games,Take_adjudicated,Swing_offer_including_bunts,3-2,OUT,NFB,fixed_score_sensitivity,,,,
cell,3-2|OUT|NFB,first_count_visit,11414.0,0.9479279129640396,0.6630930287024815,0.1658934151163989,-0.4971996135860825,True,,,,bcap_swing__mlb_2024_2025__20260909__r01,BCAP-SWING-v0.1.0,swing,2024_2025,COMPLETE,outer_game_nested_procedure_OPE,season-weighted final PA W per selected current decision; no summed PA policy gain,Q/value/delta/gain: raw W; outcome MSE: W^2; probabilities/coverage: fraction; sample counts: explicit rows/PA/games,Take_adjudicated,Swing_offer_including_bunts,3-2,OUT,NFB,fixed_score_sensitivity,,,,
cell,3-2|OUT|NFB,fixed_score_cluster_pitcher,11877.0,,,,-0.4975359192227838,False,-0.5212829049092583,-0.4737889335363092,937.0,bcap_swing__mlb_2024_2025__20260909__r01,BCAP-SWING-v0.1.0,swing,2024_2025,COMPLETE,outer_game_nested_procedure_OPE,season-weighted final PA W per selected current decision; no summed PA policy gain,Q/value/delta/gain: raw W; outcome MSE: W^2; probabilities/coverage: fraction; sample counts: explicit rows/PA/games,Take_adjudicated,Swing_offer_including_bunts,3-2,OUT,NFB,fixed_score_sensitivity,,,,
cell,3-2|OUT|NFB,fixed_score_cluster_batter,11877.0,,,,-0.4975359192227838,False,-0.5210843580125724,-0.4739874804329952,668.0,bcap_swing__mlb_2024_2025__20260909__r01,BCAP-SWING-v0.1.0,swing,2024_2025,COMPLETE,outer_game_nested_procedure_OPE,season-weighted final PA W per selected current decision; no summed PA policy gain,Q/value/delta/gain: raw W; outcome MSE: W^2; probabilities/coverage: fraction; sample counts: explicit rows/PA/games,Take_adjudicated,Swing_offer_including_bunts,3-2,OUT,NFB,fixed_score_sensitivity,,,,
overall,ALL,untrimmed,716113.0,1.0,0.3075945297172581,0.3087298377575925,0.0011353080403343,True,,,,bcap_pitch__mlb_2023__20260909__r01,BCAP-PITCH-v0.1.0,pitch,2023,COMPLETE,fixed_development_policy_external_crossfit_nuisance_OPE,season-weighted final PA W per selected current decision; no summed PA policy gain,Q/value/delta/gain: raw W; outcome MSE: W^2; probabilities/coverage: fraction; sample counts: explicit rows/PA/games,NFB,FB,ALL,,,fixed_score_sensitivity,,,,
overall,ALL,trim_002,698150.0,0.974915969965634,0.3058926084471291,0.3072441616549652,0.001351553207836,True,,,,bcap_pitch__mlb_2023__20260909__r01,BCAP-PITCH-v0.1.0,pitch,2023,COMPLETE,fixed_development_policy_external_crossfit_nuisance_OPE,season-weighted final PA W per selected current decision; no summed PA policy gain,Q/value/delta/gain: raw W; outcome MSE: W^2; probabilities/coverage: fraction; sample counts: explicit rows/PA/games,NFB,FB,ALL,,,fixed_score_sensitivity,,,,
overall,ALL,trim_005,697633.0,0.9741940168660532,0.3057644762515307,0.3070574503915755,0.0012929741400447,False,,,,bcap_pitch__mlb_2023__20260909__r01,BCAP-PITCH-v0.1.0,pitch,2023,COMPLETE,fixed_development_policy_external_crossfit_nuisance_OPE,season-weighted final PA W per selected current decision; no summed PA policy gain,Q/value/delta/gain: raw W; outcome MSE: W^2; probabilities/coverage: fraction; sample counts: explicit rows/PA/games,NFB,FB,ALL,,,fixed_score_sensitivity,,,,
overall,ALL,trim_010,693444.0,0.9683443814034935,0.3049877113567372,0.3059106585537233,0.0009229471969861,True,,,,bcap_pitch__mlb_2023__20260909__r01,BCAP-PITCH-v0.1.0,pitch,2023,COMPLETE,fixed_development_policy_external_crossfit_nuisance_OPE,season-weighted final PA W per selected current decision; no summed PA policy gain,Q/value/delta/gain: raw W; outcome MSE: W^2; probabilities/coverage: fraction; sample counts: explicit rows/PA/games,NFB,FB,ALL,,,fixed_score_sensitivity,,,,
overall,ALL,clip_010_same_target,697633.0,0.9741940168660532,0.3057305753197705,0.3070625676854464,0.0013319923656759,False,,,,bcap_pitch__mlb_2023__20260909__r01,BCAP-PITCH-v0.1.0,pitch,2023,COMPLETE,fixed_development_policy_external_crossfit_nuisance_OPE,season-weighted final PA W per selected current decision; no summed PA policy gain,Q/value/delta/gain: raw W; outcome MSE: W^2; probabilities/coverage: fraction; sample counts: explicit rows/PA/games,NFB,FB,ALL,,,fixed_score_sensitivity,,,,
overall,ALL,first_count_visit,649798.0,0.9073958998091084,0.3082651816573046,0.3091989566948406,0.0009337750375359,True,,,,bcap_pitch__mlb_2023__20260909__r01,BCAP-PITCH-v0.1.0,pitch,2023,COMPLETE,fixed_development_policy_external_crossfit_nuisance_OPE,season-weighted final PA W per selected current decision; no summed PA policy gain,Q/value/delta/gain: raw W; outcome MSE: W^2; probabilities/coverage: fraction; sample counts: explicit rows/PA/games,NFB,FB,ALL,,,fixed_score_sensitivity,,,,
overall,ALL,fixed_score_cluster_pitcher,697633.0,,,,0.0012929741400447,False,-0.0044241630509406,0.0070101113310301,691.0,bcap_pitch__mlb_2023__20260909__r01,BCAP-PITCH-v0.1.0,pitch,2023,COMPLETE,fixed_development_policy_external_crossfit_nuisance_OPE,season-weighted final PA W per selected current decision; no summed PA policy gain,Q/value/delta/gain: raw W; outcome MSE: W^2; probabilities/coverage: fraction; sample counts: explicit rows/PA/games,NFB,FB,ALL,,,fixed_score_sensitivity,,,,
overall,ALL,fixed_score_cluster_batter,697633.0,,,,0.0012929741400447,False,-0.003981593583212,0.0065675418633015,654.0,bcap_pitch__mlb_2023__20260909__r01,BCAP-PITCH-v0.1.0,pitch,2023,COMPLETE,fixed_development_policy_external_crossfit_nuisance_OPE,season-weighted final PA W per selected current decision; no summed PA policy gain,Q/value/delta/gain: raw W; outcome MSE: W^2; probabilities/coverage: fraction; sample counts: explicit rows/PA/games,NFB,FB,ALL,,,fixed_score_sensitivity,,,,
count,0-0,untrimmed,182894.0,1.0,0.3206134474177196,0.3167460719310141,-0.0038673754867054,True,,,,bcap_pitch__mlb_2023__20260909__r01,BCAP-PITCH-v0.1.0,pitch,2023,COMPLETE,fixed_development_policy_external_crossfit_nuisance_OPE,season-weighted final PA W per selected current decision; no summed PA policy gain,Q/value/delta/gain: raw W; outcome MSE: W^2; probabilities/coverage: fraction; sample counts: explicit rows/PA/games,NFB,FB,0-0,,,fixed_score_sensitivity,,,,
count,0-0,trim_002,178191.0,0.9742856517983094,0.3184238503464213,0.3154058338707131,-0.0030180164757082,True,,,,bcap_pitch__mlb_2023__20260909__r01,BCAP-PITCH-v0.1.0,pitch,2023,COMPLETE,fixed_development_policy_external_crossfit_nuisance_OPE,season-weighted final PA W per selected current decision; no summed PA policy gain,Q/value/delta/gain: raw W; outcome MSE: W^2; probabilities/coverage: fraction; sample counts: explicit rows/PA/games,NFB,FB,0-0,,,fixed_score_sensitivity,,,,
count,0-0,trim_005,178191.0,0.9742856517983094,0.3184238503464213,0.3154058338707131,-0.0030180164757082,False,,,,bcap_pitch__mlb_2023__20260909__r01,BCAP-PITCH-v0.1.0,pitch,2023,COMPLETE,fixed_development_policy_external_crossfit_nuisance_OPE,season-weighted final PA W per selected current decision; no summed PA policy gain,Q/value/delta/gain: raw W; outcome MSE: W^2; probabilities/coverage: fraction; sample counts: explicit rows/PA/games,NFB,FB,0-0,,,fixed_score_sensitivity,,,,
count,0-0,trim_010,178087.0,0.9737170164138792,0.318402734703428,0.3154531549252605,-0.0029495797781674,True,,,,bcap_pitch__mlb_2023__20260909__r01,BCAP-PITCH-v0.1.0,pitch,2023,COMPLETE,fixed_development_policy_external_crossfit_nuisance_OPE,season-weighted final PA W per selected current decision; no summed PA policy gain,Q/value/delta/gain: raw W; outcome MSE: W^2; probabilities/coverage: fraction; sample counts: explicit rows/PA/games,NFB,FB,0-0,,,fixed_score_sensitivity,,,,
count,0-0,clip_010_same_target,178191.0,0.9742856517983094,0.3184207958785365,0.3154057408543272,-0.0030150550242092,False,,,,bcap_pitch__mlb_2023__20260909__r01,BCAP-PITCH-v0.1.0,pitch,2023,COMPLETE,fixed_development_policy_external_crossfit_nuisance_OPE,season-weighted final PA W per selected current decision; no summed PA policy gain,Q/value/delta/gain: raw W; outcome MSE: W^2; probabilities/coverage: fraction; sample counts: explicit rows/PA/games,NFB,FB,0-0,,,fixed_score_sensitivity,,,,
count,0-0,first_count_visit,178191.0,0.9742856517983094,0.3184238503464213,0.3154058338707131,-0.0030180164757082,True,,,,bcap_pitch__mlb_2023__20260909__r01,BCAP-PITCH-v0.1.0,pitch,2023,COMPLETE,fixed_development_policy_external_crossfit_nuisance_OPE,season-weighted final PA W per selected current decision; no summed PA policy gain,Q/value/delta/gain: raw W; outcome MSE: W^2; probabilities/coverage: fraction; sample counts: explicit rows/PA/games,NFB,FB,0-0,,,fixed_score_sensitivity,,,,
count,0-0,fixed_score_cluster_pitcher,178191.0,,,,-0.0030180164757082,False,-0.0137367724726203,0.0077007395212038,691.0,bcap_pitch__mlb_2023__20260909__r01,BCAP-PITCH-v0.1.0,pitch,2023,COMPLETE,fixed_development_policy_external_crossfit_nuisance_OPE,season-weighted final PA W per selected current decision; no summed PA policy gain,Q/value/delta/gain: raw W; outcome MSE: W^2; probabilities/coverage: fraction; sample counts: explicit rows/PA/games,NFB,FB,0-0,,,fixed_score_sensitivity,,,,
count,0-0,fixed_score_cluster_batter,178191.0,,,,-0.0030180164757082,False,-0.0132766240236356,0.0072405910722191,654.0,bcap_pitch__mlb_2023__20260909__r01,BCAP-PITCH-v0.1.0,pitch,2023,COMPLETE,fixed_development_policy_external_crossfit_nuisance_OPE,season-weighted final PA W per selected current decision; no summed PA policy gain,Q/value/delta/gain: raw W; outcome MSE: W^2; probabilities/coverage: fraction; sample counts: explicit rows/PA/games,NFB,FB,0-0,,,fixed_score_sensitivity,,,,
count,0-1,untrimmed,92901.0,1.0,0.2718329976402733,0.2673403170973271,-0.0044926805429462,True,,,,bcap_pitch__mlb_2023__20260909__r01,BCAP-PITCH-v0.1.0,pitch,2023,COMPLETE,fixed_development_policy_external_crossfit_nuisance_OPE,season-weighted final PA W per selected current decision; no summed PA policy gain,Q/value/delta/gain: raw W; outcome MSE: W^2; probabilities/coverage: fraction; sample counts: explicit rows/PA/games,NFB,FB,0-1,,,fixed_score_sensitivity,,,,
count,0-1,trim_002,90735.0,0.9766848580747248,0.2704518089414662,0.26600475666409,-0.004447052277376,True,,,,bcap_pitch__mlb_2023__20260909__r01,BCAP-PITCH-v0.1.0,pitch,2023,COMPLETE,fixed_development_policy_external_crossfit_nuisance_OPE,season-weighted final PA W per selected current decision; no summed PA policy gain,Q/value/delta/gain: raw W; outcome MSE: W^2; probabilities/coverage: fraction; sample counts: explicit rows/PA/games,NFB,FB,0-1,,,fixed_score_sensitivity,,,,
count,0-1,trim_005,90735.0,0.9766848580747248,0.2704518089414662,0.26600475666409,-0.004447052277376,False,,,,bcap_pitch__mlb_2023__20260909__r01,BCAP-PITCH-v0.1.0,pitch,2023,COMPLETE,fixed_development_policy_external_crossfit_nuisance_OPE,season-weighted final PA W per selected current decision; no summed PA policy gain,Q/value/delta/gain: raw W; outcome MSE: W^2; probabilities/coverage: fraction; sample counts: explicit rows/PA/games,NFB,FB,0-1,,,fixed_score_sensitivity,,,,
count,0-1,trim_010,90718.0,0.9765018675794664,0.2704393557650864,0.2661148934288568,-0.0043244623362296,True,,,,bcap_pitch__mlb_2023__20260909__r01,BCAP-PITCH-v0.1.0,pitch,2023,COMPLETE,fixed_development_policy_external_crossfit_nuisance_OPE,season-weighted final PA W per selected current decision; no summed PA policy gain,Q/value/delta/gain: raw W; outcome MSE: W^2; probabilities/coverage: fraction; sample counts: explicit rows/PA/games,NFB,FB,0-1,,,fixed_score_sensitivity,,,,
count,0-1,clip_010_same_target,90735.0,0.9766848580747248,0.2704518272652969,0.2660161415403996,-0.0044356857248972,False,,,,bcap_pitch__mlb_2023__20260909__r01,BCAP-PITCH-v0.1.0,pitch,2023,COMPLETE,fixed_development_policy_external_crossfit_nuisance_OPE,season-weighted final PA W per selected current decision; no summed PA policy gain,Q/value/delta/gain: raw W; outcome MSE: W^2; probabilities/coverage: fraction; sample counts: explicit rows/PA/games,NFB,FB,0-1,,,fixed_score_sensitivity,,,,
count,0-1,first_count_visit,90735.0,0.9766848580747248,0.2704518089414662,0.26600475666409,-0.004447052277376,True,,,,bcap_pitch__mlb_2023__20260909__r01,BCAP-PITCH-v0.1.0,pitch,2023,COMPLETE,fixed_development_policy_external_crossfit_nuisance_OPE,season-weighted final PA W per selected current decision; no summed PA policy gain,Q/value/delta/gain: raw W; outcome MSE: W^2; probabilities/coverage: fraction; sample counts: explicit rows/PA/games,NFB,FB,0-1,,,fixed_score_sensitivity,,,,
count,0-1,fixed_score_cluster_pitcher,90735.0,,,,-0.004447052277376,False,-0.0184140467777756,0.0095199422230234,691.0,bcap_pitch__mlb_2023__20260909__r01,BCAP-PITCH-v0.1.0,pitch,2023,COMPLETE,fixed_development_policy_external_crossfit_nuisance_OPE,season-weighted final PA W per selected current decision; no summed PA policy gain,Q/value/delta/gain: raw W; outcome MSE: W^2; probabilities/coverage: fraction; sample counts: explicit rows/PA/games,NFB,FB,0-1,,,fixed_score_sensitivity,,,,
count,0-1,fixed_score_cluster_batter,90735.0,,,,-0.004447052277376,False,-0.0188602297669154,0.0099661252121632,651.0,bcap_pitch__mlb_2023__20260909__r01,BCAP-PITCH-v0.1.0,pitch,2023,COMPLETE,fixed_development_policy_external_crossfit_nuisance_OPE,season-weighted final PA W per selected current decision; no summed PA policy gain,Q/value/delta/gain: raw W; outcome MSE: W^2; probabilities/coverage: fraction; sample counts: explicit rows/PA/games,NFB,FB,0-1,,,fixed_score_sensitivity,,,,
count,0-2,untrimmed,48733.0,1.0,0.2021406480895503,0.2100195339605125,0.0078788858709621,True,,,,bcap_pitch__mlb_2023__20260909__r01,BCAP-PITCH-v0.1.0,pitch,2023,COMPLETE,fixed_development_policy_external_crossfit_nuisance_OPE,season-weighted final PA W per selected current decision; no summed PA policy gain,Q/value/delta/gain: raw W; outcome MSE: W^2; probabilities/coverage: fraction; sample counts: explicit rows/PA/games,NFB,FB,0-2,,,fixed_score_sensitivity,,,,
count,0-2,trim_002,47611.0,0.9769765867071594,0.2007634952500575,0.2088242913861387,0.0080607961360813,True,,,,bcap_pitch__mlb_2023__20260909__r01,BCAP-PITCH-v0.1.0,pitch,2023,COMPLETE,fixed_development_policy_external_crossfit_nuisance_OPE,season-weighted final PA W per selected current decision; no summed PA policy gain,Q/value/delta/gain: raw W; outcome MSE: W^2; probabilities/coverage: fraction; sample counts: explicit rows/PA/games,NFB,FB,0-2,,,fixed_score_sensitivity,,,,
count,0-2,trim_005,47611.0,0.9769765867071594,0.2007634952500575,0.2088242913861387,0.0080607961360813,False,,,,bcap_pitch__mlb_2023__20260909__r01,BCAP-PITCH-v0.1.0,pitch,2023,COMPLETE,fixed_development_policy_external_crossfit_nuisance_OPE,season-weighted final PA W per selected current decision; no summed PA policy gain,Q/value/delta/gain: raw W; outcome MSE: W^2; probabilities/coverage: fraction; sample counts: explicit rows/PA/games,NFB,FB,0-2,,,fixed_score_sensitivity,,,,
count,0-2,trim_010,47580.0,0.9763404674450578,0.2006878577345907,0.2089377724513347,0.0082499147167439,True,,,,bcap_pitch__mlb_2023__20260909__r01,BCAP-PITCH-v0.1.0,pitch,2023,COMPLETE,fixed_development_policy_external_crossfit_nuisance_OPE,season-weighted final PA W per selected current decision; no summed PA policy gain,Q/value/delta/gain: raw W; outcome MSE: W^2; probabilities/coverage: fraction; sample counts: explicit rows/PA/games,NFB,FB,0-2,,,fixed_score_sensitivity,,,,
count,0-2,clip_010_same_target,47611.0,0.9769765867071594,0.2007654049031136,0.2088297662396369,0.0080643613365233,False,,,,bcap_pitch__mlb_2023__20260909__r01,BCAP-PITCH-v0.1.0,pitch,2023,COMPLETE,fixed_development_policy_external_crossfit_nuisance_OPE,season-weighted final PA W per selected current decision; no summed PA policy gain,Q/value/delta/gain: raw W; outcome MSE: W^2; probabilities/coverage: fraction; sample counts: explicit rows/PA/games,NFB,FB,0-2,,,fixed_score_sensitivity,,,,
count,0-2,first_count_visit,38547.0,0.790983522459114,0.1982703685689039,0.2067115505413637,0.0084411819724598,True,,,,bcap_pitch__mlb_2023__20260909__r01,BCAP-PITCH-v0.1.0,pitch,2023,COMPLETE,fixed_development_policy_external_crossfit_nuisance_OPE,season-weighted final PA W per selected current decision; no summed PA policy gain,Q/value/delta/gain: raw W; outcome MSE: W^2; probabilities/coverage: fraction; sample counts: explicit rows/PA/games,NFB,FB,0-2,,,fixed_score_sensitivity,,,,
count,0-2,fixed_score_cluster_pitcher,47611.0,,,,0.0080607961360813,False,-0.0089704214415512,0.0250920137137139,687.0,bcap_pitch__mlb_2023__20260909__r01,BCAP-PITCH-v0.1.0,pitch,2023,COMPLETE,fixed_development_policy_external_crossfit_nuisance_OPE,season-weighted final PA W per selected current decision; no summed PA policy gain,Q/value/delta/gain: raw W; outcome MSE: W^2; probabilities/coverage: fraction; sample counts: explicit rows/PA/games,NFB,FB,0-2,,,fixed_score_sensitivity,,,,
count,0-2,fixed_score_cluster_batter,47611.0,,,,0.0080607961360813,False,-0.0101004022056542,0.0262219944778169,640.0,bcap_pitch__mlb_2023__20260909__r01,BCAP-PITCH-v0.1.0,pitch,2023,COMPLETE,fixed_development_policy_external_crossfit_nuisance_OPE,season-weighted final PA W per selected current decision; no summed PA policy gain,Q/value/delta/gain: raw W; outcome MSE: W^2; probabilities/coverage: fraction; sample counts: explicit rows/PA/games,NFB,FB,0-2,,,fixed_score_sensitivity,,,,
count,1-0,untrimmed,70014.0,1.0,0.3579336962820413,0.3608508234923285,0.0029171272102872,True,,,,bcap_pitch__mlb_2023__20260909__r01,BCAP-PITCH-v0.1.0,pitch,2023,COMPLETE,fixed_development_policy_external_crossfit_nuisance_OPE,season-weighted final PA W per selected current decision; no summed PA policy gain,Q/value/delta/gain: raw W; outcome MSE: W^2; probabilities/coverage: fraction; sample counts: explicit rows/PA/games,NFB,FB,1-0,,,fixed_score_sensitivity,,,,
count,1-0,trim_002,68056.0,0.9720341645956524,0.3561777381689853,0.3593343189275789,0.0031565807585935,True,,,,bcap_pitch__mlb_2023__20260909__r01,BCAP-PITCH-v0.1.0,pitch,2023,COMPLETE,fixed_development_policy_external_crossfit_nuisance_OPE,season-weighted final PA W per selected current decision; no summed PA policy gain,Q/value/delta/gain: raw W; outcome MSE: W^2; probabilities/coverage: fraction; sample counts: explicit rows/PA/games,NFB,FB,1-0,,,fixed_score_sensitivity,,,,
count,1-0,trim_005,68056.0,0.9720341645956524,0.3561777381689853,0.3593343189275789,0.0031565807585935,False,,,,bcap_pitch__mlb_2023__20260909__r01,BCAP-PITCH-v0.1.0,pitch,2023,COMPLETE,fixed_development_policy_external_crossfit_nuisance_OPE,season-weighted final PA W per selected current decision; no summed PA policy gain,Q/value/delta/gain: raw W; outcome MSE: W^2; probabilities/coverage: fraction; sample counts: explicit rows/PA/games,NFB,FB,1-0,,,fixed_score_sensitivity,,,,
count,1-0,trim_010,67996.0,0.971177193132802,0.3563028094183545,0.3593231383086296,0.0030203288902751,True,,,,bcap_pitch__mlb_2023__20260909__r01,BCAP-PITCH-v0.1.0,pitch,2023,COMPLETE,fixed_development_policy_external_crossfit_nuisance_OPE,season-weighted final PA W per selected current decision; no summed PA policy gain,Q/value/delta/gain: raw W; outcome MSE: W^2; probabilities/coverage: fraction; sample counts: explicit rows/PA/games,NFB,FB,1-0,,,fixed_score_sensitivity,,,,
count,1-0,clip_010_same_target,68056.0,0.9720341645956524,0.3561911280028495,0.3593355064197654,0.0031443784169159,False,,,,bcap_pitch__mlb_2023__20260909__r01,BCAP-PITCH-v0.1.0,pitch,2023,COMPLETE,fixed_development_policy_external_crossfit_nuisance_OPE,season-weighted final PA W per selected current decision; no summed PA policy gain,Q/value/delta/gain: raw W; outcome MSE: W^2; probabilities/coverage: fraction; sample counts: explicit rows/PA/games,NFB,FB,1-0,,,fixed_score_sensitivity,,,,
count,1-0,first_count_visit,68056.0,0.9720341645956524,0.3561777381689853,0.3593343189275789,0.0031565807585935,True,,,,bcap_pitch__mlb_2023__20260909__r01,BCAP-PITCH-v0.1.0,pitch,2023,COMPLETE,fixed_development_policy_external_crossfit_nuisance_OPE,season-weighted final PA W per selected current decision; no summed PA policy gain,Q/value/delta/gain: raw W; outcome MSE: W^2; probabilities/coverage: fraction; sample counts: explicit rows/PA/games,NFB,FB,1-0,,,fixed_score_sensitivity,,,,
count,1-0,fixed_score_cluster_pitcher,68056.0,,,,0.0031565807585935,False,-0.0136657502491075,0.0199789117662947,691.0,bcap_pitch__mlb_2023__20260909__r01,BCAP-PITCH-v0.1.0,pitch,2023,COMPLETE,fixed_development_policy_external_crossfit_nuisance_OPE,season-weighted final PA W per selected current decision; no summed PA policy gain,Q/value/delta/gain: raw W; outcome MSE: W^2; probabilities/coverage: fraction; sample counts: explicit rows/PA/games,NFB,FB,1-0,,,fixed_score_sensitivity,,,,
count,1-0,fixed_score_cluster_batter,68056.0,,,,0.0031565807585935,False,-0.0132416600888862,0.0195548216060733,643.0,bcap_pitch__mlb_2023__20260909__r01,BCAP-PITCH-v0.1.0,pitch,2023,COMPLETE,fixed_development_policy_external_crossfit_nuisance_OPE,season-weighted final PA W per selected current decision; no summed PA policy gain,Q/value/delta/gain: raw W; outcome MSE: W^2; probabilities/coverage: fraction; sample counts: explicit rows/PA/games,NFB,FB,1-0,,,fixed_score_sensitivity,,,,
count,1-1,untrimmed,72416.0,1.0,0.2984343486282509,0.3041217381095301,0.0056873894812791,True,,,,bcap_pitch__mlb_2023__20260909__r01,BCAP-PITCH-v0.1.0,pitch,2023,COMPLETE,fixed_development_policy_external_crossfit_nuisance_OPE,season-weighted final PA W per selected current decision; no summed PA policy gain,Q/value/delta/gain: raw W; outcome MSE: W^2; probabilities/coverage: fraction; sample counts: explicit rows/PA/games,NFB,FB,1-1,,,fixed_score_sensitivity,,,,
count,1-1,trim_002,70625.0,0.9752678965974372,0.2976963868714574,0.3021318921205202,0.0044355052490627,True,,,,bcap_pitch__mlb_2023__20260909__r01,BCAP-PITCH-v0.1.0,pitch,2023,COMPLETE,fixed_development_policy_external_crossfit_nuisance_OPE,season-weighted final PA W per selected current decision; no summed PA policy gain,Q/value/delta/gain: raw W; outcome MSE: W^2; probabilities/coverage: fraction; sample counts: explicit rows/PA/games,NFB,FB,1-1,,,fixed_score_sensitivity,,,,
count,1-1,trim_005,70625.0,0.9752678965974372,0.2976963868714574,0.3021318921205202,0.0044355052490627,False,,,,bcap_pitch__mlb_2023__20260909__r01,BCAP-PITCH-v0.1.0,pitch,2023,COMPLETE,fixed_development_policy_external_crossfit_nuisance_OPE,season-weighted final PA W per selected current decision; no summed PA policy gain,Q/value/delta/gain: raw W; outcome MSE: W^2; probabilities/coverage: fraction; sample counts: explicit rows/PA/games,NFB,FB,1-1,,,fixed_score_sensitivity,,,,
count,1-1,trim_010,70615.0,0.9751298055678304,0.2976032603159318,0.3021327546477873,0.0045294943318555,True,,,,bcap_pitch__mlb_2023__20260909__r01,BCAP-PITCH-v0.1.0,pitch,2023,COMPLETE,fixed_development_policy_external_crossfit_nuisance_OPE,season-weighted final PA W per selected current decision; no summed PA policy gain,Q/value/delta/gain: raw W; outcome MSE: W^2; probabilities/coverage: fraction; sample counts: explicit rows/PA/games,NFB,FB,1-1,,,fixed_score_sensitivity,,,,
count,1-1,clip_010_same_target,70625.0,0.9752678965974372,0.2976791169643804,0.3021320024974853,0.0044528855331049,False,,,,bcap_pitch__mlb_2023__20260909__r01,BCAP-PITCH-v0.1.0,pitch,2023,COMPLETE,fixed_development_policy_external_crossfit_nuisance_OPE,season-weighted final PA W per selected current decision; no summed PA policy gain,Q/value/delta/gain: raw W; outcome MSE: W^2; probabilities/coverage: fraction; sample counts: explicit rows/PA/games,NFB,FB,1-1,,,fixed_score_sensitivity,,,,
count,1-1,first_count_visit,70625.0,0.9752678965974372,0.2976963868714574,0.3021318921205202,0.0044355052490627,True,,,,bcap_pitch__mlb_2023__20260909__r01,BCAP-PITCH-v0.1.0,pitch,2023,COMPLETE,fixed_development_policy_external_crossfit_nuisance_OPE,season-weighted final PA W per selected current decision; no summed PA policy gain,Q/value/delta/gain: raw W; outcome MSE: W^2; probabilities/coverage: fraction; sample counts: explicit rows/PA/games,NFB,FB,1-1,,,fixed_score_sensitivity,,,,
count,1-1,fixed_score_cluster_pitcher,70625.0,,,,0.0044355052490627,False,-0.0119236188457215,0.020794629343847,691.0,bcap_pitch__mlb_2023__20260909__r01,BCAP-PITCH-v0.1.0,pitch,2023,COMPLETE,fixed_development_policy_external_crossfit_nuisance_OPE,season-weighted final PA W per selected current decision; no summed PA policy gain,Q/value/delta/gain: raw W; outcome MSE: W^2; probabilities/coverage: fraction; sample counts: explicit rows/PA/games,NFB,FB,1-1,,,fixed_score_sensitivity,,,,
count,1-1,fixed_score_cluster_batter,70625.0,,,,0.0044355052490627,False,-0.0122412035394775,0.021112214037603,647.0,bcap_pitch__mlb_2023__20260909__r01,BCAP-PITCH-v0.1.0,pitch,2023,COMPLETE,fixed_development_policy_external_crossfit_nuisance_OPE,season-weighted final PA W per selected current decision; no summed PA policy gain,Q/value/delta/gain: raw W; outcome MSE: W^2; probabilities/coverage: fraction; sample counts: explicit rows/PA/games,NFB,FB,1-1,,,fixed_score_sensitivity,,,,
count,1-2,untrimmed,69569.0,1.0,0.2238610000237124,0.2296790867301951,0.0058180867064827,True,,,,bcap_pitch__mlb_2023__20260909__r01,BCAP-PITCH-v0.1.0,pitch,2023,COMPLETE,fixed_development_policy_external_crossfit_nuisance_OPE,season-weighted final PA W per selected current decision; no summed PA policy gain,Q/value/delta/gain: raw W; outcome MSE: W^2; probabilities/coverage: fraction; sample counts: explicit rows/PA/games,NFB,FB,1-2,,,fixed_score_sensitivity,,,,
count,1-2,trim_002,67949.0,0.9767137661889634,0.2224226385271415,0.228661485898239,0.0062388473710975,True,,,,bcap_pitch__mlb_2023__20260909__r01,BCAP-PITCH-v0.1.0,pitch,2023,COMPLETE,fixed_development_policy_external_crossfit_nuisance_OPE,season-weighted final PA W per selected current decision; no summed PA policy gain,Q/value/delta/gain: raw W; outcome MSE: W^2; probabilities/coverage: fraction; sample counts: explicit rows/PA/games,NFB,FB,1-2,,,fixed_score_sensitivity,,,,
count,1-2,trim_005,67949.0,0.9767137661889634,0.2224226385271415,0.228661485898239,0.0062388473710975,False,,,,bcap_pitch__mlb_2023__20260909__r01,BCAP-PITCH-v0.1.0,pitch,2023,COMPLETE,fixed_development_policy_external_crossfit_nuisance_OPE,season-weighted final PA W per selected current decision; no summed PA policy gain,Q/value/delta/gain: raw W; outcome MSE: W^2; probabilities/coverage: fraction; sample counts: explicit rows/PA/games,NFB,FB,1-2,,,fixed_score_sensitivity,,,,
count,1-2,trim_010,67912.0,0.976181920108094,0.2224013787602483,0.228518353720056,0.0061169749598076,True,,,,bcap_pitch__mlb_2023__20260909__r01,BCAP-PITCH-v0.1.0,pitch,2023,COMPLETE,fixed_development_policy_external_crossfit_nuisance_OPE,season-weighted final PA W per selected current decision; no summed PA policy gain,Q/value/delta/gain: raw W; outcome MSE: W^2; probabilities/coverage: fraction; sample counts: explicit rows/PA/games,NFB,FB,1-2,,,fixed_score_sensitivity,,,,
count,1-2,clip_010_same_target,67949.0,0.9767137661889634,0.2224229270380622,0.2286565818613196,0.0062336548232573,False,,,,bcap_pitch__mlb_2023__20260909__r01,BCAP-PITCH-v0.1.0,pitch,2023,COMPLETE,fixed_development_policy_external_crossfit_nuisance_OPE,season-weighted final PA W per selected current decision; no summed PA policy gain,Q/value/delta/gain: raw W; outcome MSE: W^2; probabilities/coverage: fraction; sample counts: explicit rows/PA/games,NFB,FB,1-2,,,fixed_score_sensitivity,,,,
count,1-2,first_count_visit,53456.0,0.7683882188905978,0.2204551726207746,0.2259430251852874,0.0054878525645128,True,,,,bcap_pitch__mlb_2023__20260909__r01,BCAP-PITCH-v0.1.0,pitch,2023,COMPLETE,fixed_development_policy_external_crossfit_nuisance_OPE,season-weighted final PA W per selected current decision; no summed PA policy gain,Q/value/delta/gain: raw W; outcome MSE: W^2; probabilities/coverage: fraction; sample counts: explicit rows/PA/games,NFB,FB,1-2,,,fixed_score_sensitivity,,,,
count,1-2,fixed_score_cluster_pitcher,67949.0,,,,0.0062388473710975,False,-0.0084274093197746,0.0209051040619696,688.0,bcap_pitch__mlb_2023__20260909__r01,BCAP-PITCH-v0.1.0,pitch,2023,COMPLETE,fixed_development_policy_external_crossfit_nuisance_OPE,season-weighted final PA W per selected current decision; no summed PA policy gain,Q/value/delta/gain: raw W; outcome MSE: W^2; probabilities/coverage: fraction; sample counts: explicit rows/PA/games,NFB,FB,1-2,,,fixed_score_sensitivity,,,,
count,1-2,fixed_score_cluster_batter,67949.0,,,,0.0062388473710975,False,-0.0094222471144658,0.0218999418566609,646.0,bcap_pitch__mlb_2023__20260909__r01,BCAP-PITCH-v0.1.0,pitch,2023,COMPLETE,fixed_development_policy_external_crossfit_nuisance_OPE,season-weighted final PA W per selected current decision; no summed PA policy gain,Q/value/delta/gain: raw W; outcome MSE: W^2; probabilities/coverage: fraction; sample counts: explicit rows/PA/games,NFB,FB,1-2,,,fixed_score_sensitivity,,,,
count,2-0,untrimmed,23694.0,1.0,0.4388223333892128,0.4196403194584439,-0.0191820139307688,True,,,,bcap_pitch__mlb_2023__20260909__r01,BCAP-PITCH-v0.1.0,pitch,2023,COMPLETE,fixed_development_policy_external_crossfit_nuisance_OPE,season-weighted final PA W per selected current decision; no summed PA policy gain,Q/value/delta/gain: raw W; outcome MSE: W^2; probabilities/coverage: fraction; sample counts: explicit rows/PA/games,NFB,FB,2-0,,,fixed_score_sensitivity,,,,
count,2-0,trim_002,23036.0,0.972229256351819,0.4359988557824413,0.4179392292744934,-0.0180596265079477,True,,,,bcap_pitch__mlb_2023__20260909__r01,BCAP-PITCH-v0.1.0,pitch,2023,COMPLETE,fixed_development_policy_external_crossfit_nuisance_OPE,season-weighted final PA W per selected current decision; no summed PA policy gain,Q/value/delta/gain: raw W; outcome MSE: W^2; probabilities/coverage: fraction; sample counts: explicit rows/PA/games,NFB,FB,2-0,,,fixed_score_sensitivity,,,,
count,2-0,trim_005,23028.0,0.9718916181311724,0.4360094923996727,0.4179144765374217,-0.018095015862251,False,,,,bcap_pitch__mlb_2023__20260909__r01,BCAP-PITCH-v0.1.0,pitch,2023,COMPLETE,fixed_development_policy_external_crossfit_nuisance_OPE,season-weighted final PA W per selected current decision; no summed PA policy gain,Q/value/delta/gain: raw W; outcome MSE: W^2; probabilities/coverage: fraction; sample counts: explicit rows/PA/games,NFB,FB,2-0,,,fixed_score_sensitivity,,,,
count,2-0,trim_010,22587.0,0.95327931121803,0.435676310447752,0.4181637572500912,-0.0175125531976608,True,,,,bcap_pitch__mlb_2023__20260909__r01,BCAP-PITCH-v0.1.0,pitch,2023,COMPLETE,fixed_development_policy_external_crossfit_nuisance_OPE,season-weighted final PA W per selected current decision; no summed PA policy gain,Q/value/delta/gain: raw W; outcome MSE: W^2; probabilities/coverage: fraction; sample counts: explicit rows/PA/games,NFB,FB,2-0,,,fixed_score_sensitivity,,,,
count,2-0,clip_010_same_target,23028.0,0.9718916181311724,0.4360085280457537,0.4179119987158451,-0.0180965293299085,False,,,,bcap_pitch__mlb_2023__20260909__r01,BCAP-PITCH-v0.1.0,pitch,2023,COMPLETE,fixed_development_policy_external_crossfit_nuisance_OPE,season-weighted final PA W per selected current decision; no summed PA policy gain,Q/value/delta/gain: raw W; outcome MSE: W^2; probabilities/coverage: fraction; sample counts: explicit rows/PA/games,NFB,FB,2-0,,,fixed_score_sensitivity,,,,
count,2-0,first_count_visit,23028.0,0.9718916181311724,0.4360094923996727,0.4179144765374217,-0.018095015862251,True,,,,bcap_pitch__mlb_2023__20260909__r01,BCAP-PITCH-v0.1.0,pitch,2023,COMPLETE,fixed_development_policy_external_crossfit_nuisance_OPE,season-weighted final PA W per selected current decision; no summed PA policy gain,Q/value/delta/gain: raw W; outcome MSE: W^2; probabilities/coverage: fraction; sample counts: explicit rows/PA/games,NFB,FB,2-0,,,fixed_score_sensitivity,,,,
count,2-0,fixed_score_cluster_pitcher,23028.0,,,,-0.018095015862251,False,-0.0490241867770659,0.0128341550525639,681.0,bcap_pitch__mlb_2023__20260909__r01,BCAP-PITCH-v0.1.0,pitch,2023,COMPLETE,fixed_development_policy_external_crossfit_nuisance_OPE,season-weighted final PA W per selected current decision; no summed PA policy gain,Q/value/delta/gain: raw W; outcome MSE: W^2; probabilities/coverage: fraction; sample counts: explicit rows/PA/games,NFB,FB,2-0,,,fixed_score_sensitivity,,,,
count,2-0,fixed_score_cluster_batter,23028.0,,,,-0.018095015862251,False,-0.0498308266795864,0.0136407949550843,626.0,bcap_pitch__mlb_2023__20260909__r01,BCAP-PITCH-v0.1.0,pitch,2023,COMPLETE,fixed_development_policy_external_crossfit_nuisance_OPE,season-weighted final PA W per selected current decision; no summed PA policy gain,Q/value/delta/gain: raw W; outcome MSE: W^2; probabilities/coverage: fraction; sample counts: explicit rows/PA/games,NFB,FB,2-0,,,fixed_score_sensitivity,,,,
count,2-1,untrimmed,37379.0,1.0,0.3565304848563449,0.3555560538479673,-0.0009744310083775,True,,,,bcap_pitch__mlb_2023__20260909__r01,BCAP-PITCH-v0.1.0,pitch,2023,COMPLETE,fixed_development_policy_external_crossfit_nuisance_OPE,season-weighted final PA W per selected current decision; no summed PA policy gain,Q/value/delta/gain: raw W; outcome MSE: W^2; probabilities/coverage: fraction; sample counts: explicit rows/PA/games,NFB,FB,2-1,,,fixed_score_sensitivity,,,,
count,2-1,trim_002,36417.0,0.9742636239599776,0.3550454862375611,0.3540335501642981,-0.001011936073263,True,,,,bcap_pitch__mlb_2023__20260909__r01,BCAP-PITCH-v0.1.0,pitch,2023,COMPLETE,fixed_development_policy_external_crossfit_nuisance_OPE,season-weighted final PA W per selected current decision; no summed PA policy gain,Q/value/delta/gain: raw W; outcome MSE: W^2; probabilities/coverage: fraction; sample counts: explicit rows/PA/games,NFB,FB,2-1,,,fixed_score_sensitivity,,,,
count,2-1,trim_005,36417.0,0.9742636239599776,0.3550454862375611,0.3540335501642981,-0.001011936073263,False,,,,bcap_pitch__mlb_2023__20260909__r01,BCAP-PITCH-v0.1.0,pitch,2023,COMPLETE,fixed_development_policy_external_crossfit_nuisance_OPE,season-weighted final PA W per selected current decision; no summed PA policy gain,Q/value/delta/gain: raw W; outcome MSE: W^2; probabilities/coverage: fraction; sample counts: explicit rows/PA/games,NFB,FB,2-1,,,fixed_score_sensitivity,,,,
count,2-1,trim_010,36387.0,0.9734610342705796,0.3550525912308501,0.3540469204927323,-0.0010056707381177,True,,,,bcap_pitch__mlb_2023__20260909__r01,BCAP-PITCH-v0.1.0,pitch,2023,COMPLETE,fixed_development_policy_external_crossfit_nuisance_OPE,season-weighted final PA W per selected current decision; no summed PA policy gain,Q/value/delta/gain: raw W; outcome MSE: W^2; probabilities/coverage: fraction; sample counts: explicit rows/PA/games,NFB,FB,2-1,,,fixed_score_sensitivity,,,,
count,2-1,clip_010_same_target,36417.0,0.9742636239599776,0.3550454862375611,0.3540354915661783,-0.0010099946713828,False,,,,bcap_pitch__mlb_2023__20260909__r01,BCAP-PITCH-v0.1.0,pitch,2023,COMPLETE,fixed_development_policy_external_crossfit_nuisance_OPE,season-weighted final PA W per selected current decision; no summed PA policy gain,Q/value/delta/gain: raw W; outcome MSE: W^2; probabilities/coverage: fraction; sample counts: explicit rows/PA/games,NFB,FB,2-1,,,fixed_score_sensitivity,,,,
count,2-1,first_count_visit,36417.0,0.9742636239599776,0.3550454862375611,0.3540335501642981,-0.001011936073263,True,,,,bcap_pitch__mlb_2023__20260909__r01,BCAP-PITCH-v0.1.0,pitch,2023,COMPLETE,fixed_development_policy_external_crossfit_nuisance_OPE,season-weighted final PA W per selected current decision; no summed PA policy gain,Q/value/delta/gain: raw W; outcome MSE: W^2; probabilities/coverage: fraction; sample counts: explicit rows/PA/games,NFB,FB,2-1,,,fixed_score_sensitivity,,,,
count,2-1,fixed_score_cluster_pitcher,36417.0,,,,-0.001011936073263,False,-0.0244217861381876,0.0223979139916615,688.0,bcap_pitch__mlb_2023__20260909__r01,BCAP-PITCH-v0.1.0,pitch,2023,COMPLETE,fixed_development_policy_external_crossfit_nuisance_OPE,season-weighted final PA W per selected current decision; no summed PA policy gain,Q/value/delta/gain: raw W; outcome MSE: W^2; probabilities/coverage: fraction; sample counts: explicit rows/PA/games,NFB,FB,2-1,,,fixed_score_sensitivity,,,,
count,2-1,fixed_score_cluster_batter,36417.0,,,,-0.001011936073263,False,-0.023419026573747,0.0213951544272209,641.0,bcap_pitch__mlb_2023__20260909__r01,BCAP-PITCH-v0.1.0,pitch,2023,COMPLETE,fixed_development_policy_external_crossfit_nuisance_OPE,season-weighted final PA W per selected current decision; no summed PA policy gain,Q/value/delta/gain: raw W; outcome MSE: W^2; probabilities/coverage: fraction; sample counts: explicit rows/PA/games,NFB,FB,2-1,,,fixed_score_sensitivity,,,,
count,2-2,untrimmed,59449.0,1.0,0.2731836924224401,0.2750323589301661,0.0018486665077259,True,,,,bcap_pitch__mlb_2023__20260909__r01,BCAP-PITCH-v0.1.0,pitch,2023,COMPLETE,fixed_development_policy_external_crossfit_nuisance_OPE,season-weighted final PA W per selected current decision; no summed PA policy gain,Q/value/delta/gain: raw W; outcome MSE: W^2; probabilities/coverage: fraction; sample counts: explicit rows/PA/games,NFB,FB,2-2,,,fixed_score_sensitivity,,,,
count,2-2,trim_002,58106.0,0.9774092078924792,0.2717941519797887,0.2740706083544268,0.0022764563746381,True,,,,bcap_pitch__mlb_2023__20260909__r01,BCAP-PITCH-v0.1.0,pitch,2023,COMPLETE,fixed_development_policy_external_crossfit_nuisance_OPE,season-weighted final PA W per selected current decision; no summed PA policy gain,Q/value/delta/gain: raw W; outcome MSE: W^2; probabilities/coverage: fraction; sample counts: explicit rows/PA/games,NFB,FB,2-2,,,fixed_score_sensitivity,,,,
count,2-2,trim_005,58106.0,0.9774092078924792,0.2717941519797887,0.2740706083544268,0.0022764563746381,False,,,,bcap_pitch__mlb_2023__20260909__r01,BCAP-PITCH-v0.1.0,pitch,2023,COMPLETE,fixed_development_policy_external_crossfit_nuisance_OPE,season-weighted final PA W per selected current decision; no summed PA policy gain,Q/value/delta/gain: raw W; outcome MSE: W^2; probabilities/coverage: fraction; sample counts: explicit rows/PA/games,NFB,FB,2-2,,,fixed_score_sensitivity,,,,
count,2-2,trim_010,58093.0,0.9771905330619522,0.2717784705295404,0.2740303276282319,0.0022518570986914,True,,,,bcap_pitch__mlb_2023__20260909__r01,BCAP-PITCH-v0.1.0,pitch,2023,COMPLETE,fixed_development_policy_external_crossfit_nuisance_OPE,season-weighted final PA W per selected current decision; no summed PA policy gain,Q/value/delta/gain: raw W; outcome MSE: W^2; probabilities/coverage: fraction; sample counts: explicit rows/PA/games,NFB,FB,2-2,,,fixed_score_sensitivity,,,,
count,2-2,clip_010_same_target,58106.0,0.9774092078924792,0.2717941143665732,0.2740708145815986,0.0022767002150254,False,,,,bcap_pitch__mlb_2023__20260909__r01,BCAP-PITCH-v0.1.0,pitch,2023,COMPLETE,fixed_development_policy_external_crossfit_nuisance_OPE,season-weighted final PA W per selected current decision; no summed PA policy gain,Q/value/delta/gain: raw W; outcome MSE: W^2; probabilities/coverage: fraction; sample counts: explicit rows/PA/games,NFB,FB,2-2,,,fixed_score_sensitivity,,,,
count,2-2,first_count_visit,43659.0,0.7343941866137361,0.2706417311600287,0.2719739007430922,0.0013321695830634,True,,,,bcap_pitch__mlb_2023__20260909__r01,BCAP-PITCH-v0.1.0,pitch,2023,COMPLETE,fixed_development_policy_external_crossfit_nuisance_OPE,season-weighted final PA W per selected current decision; no summed PA policy gain,Q/value/delta/gain: raw W; outcome MSE: W^2; probabilities/coverage: fraction; sample counts: explicit rows/PA/games,NFB,FB,2-2,,,fixed_score_sensitivity,,,,
count,2-2,fixed_score_cluster_pitcher,58106.0,,,,0.0022764563746381,False,-0.0150550192057025,0.0196079319549787,689.0,bcap_pitch__mlb_2023__20260909__r01,BCAP-PITCH-v0.1.0,pitch,2023,COMPLETE,fixed_development_policy_external_crossfit_nuisance_OPE,season-weighted final PA W per selected current decision; no summed PA policy gain,Q/value/delta/gain: raw W; outcome MSE: W^2; probabilities/coverage: fraction; sample counts: explicit rows/PA/games,NFB,FB,2-2,,,fixed_score_sensitivity,,,,
count,2-2,fixed_score_cluster_batter,58106.0,,,,0.0022764563746381,False,-0.0141756765803639,0.0187285893296402,642.0,bcap_pitch__mlb_2023__20260909__r01,BCAP-PITCH-v0.1.0,pitch,2023,COMPLETE,fixed_development_policy_external_crossfit_nuisance_OPE,season-weighted final PA W per selected current decision; no summed PA policy gain,Q/value/delta/gain: raw W; outcome MSE: W^2; probabilities/coverage: fraction; sample counts: explicit rows/PA/games,NFB,FB,2-2,,,fixed_score_sensitivity,,,,
count,3-0,untrimmed,7319.0,1.0,0.4495699600058181,0.5539421847043976,0.1043722246985795,True,,,,bcap_pitch__mlb_2023__20260909__r01,BCAP-PITCH-v0.1.0,pitch,2023,COMPLETE,fixed_development_policy_external_crossfit_nuisance_OPE,season-weighted final PA W per selected current decision; no summed PA policy gain,Q/value/delta/gain: raw W; outcome MSE: W^2; probabilities/coverage: fraction; sample counts: explicit rows/PA/games,NFB,FB,3-0,,,fixed_score_sensitivity,,,,
count,3-0,trim_002,7094.0,0.9692580953682196,0.4470089206362067,0.5521315423004711,0.1051226216642644,True,,,,bcap_pitch__mlb_2023__20260909__r01,BCAP-PITCH-v0.1.0,pitch,2023,COMPLETE,fixed_development_policy_external_crossfit_nuisance_OPE,season-weighted final PA W per selected current decision; no summed PA policy gain,Q/value/delta/gain: raw W; outcome MSE: W^2; probabilities/coverage: fraction; sample counts: explicit rows/PA/games,NFB,FB,3-0,,,fixed_score_sensitivity,,,,
count,3-0,trim_005,6608.0,0.9028555813635742,0.4444350169649479,0.5516203643964224,0.1071853474314744,False,,,,bcap_pitch__mlb_2023__20260909__r01,BCAP-PITCH-v0.1.0,pitch,2023,COMPLETE,fixed_development_policy_external_crossfit_nuisance_OPE,season-weighted final PA W per selected current decision; no summed PA policy gain,Q/value/delta/gain: raw W; outcome MSE: W^2; probabilities/coverage: fraction; sample counts: explicit rows/PA/games,NFB,FB,3-0,,,fixed_score_sensitivity,,,,
count,3-0,trim_010,4060.0,0.5547205902445689,0.4561505603805335,0.5512587531799701,0.0951081927994366,True,,,,bcap_pitch__mlb_2023__20260909__r01,BCAP-PITCH-v0.1.0,pitch,2023,COMPLETE,fixed_development_policy_external_crossfit_nuisance_OPE,season-weighted final PA W per selected current decision; no summed PA policy gain,Q/value/delta/gain: raw W; outcome MSE: W^2; probabilities/coverage: fraction; sample counts: explicit rows/PA/games,NFB,FB,3-0,,,fixed_score_sensitivity,,,,
count,3-0,clip_010_same_target,6608.0,0.9028555813635742,0.4416705350849538,0.5519550346157746,0.1102844995308208,False,,,,bcap_pitch__mlb_2023__20260909__r01,BCAP-PITCH-v0.1.0,pitch,2023,COMPLETE,fixed_development_policy_external_crossfit_nuisance_OPE,season-weighted final PA W per selected current decision; no summed PA policy gain,Q/value/delta/gain: raw W; outcome MSE: W^2; probabilities/coverage: fraction; sample counts: explicit rows/PA/games,NFB,FB,3-0,,,fixed_score_sensitivity,,,,
count,3-0,first_count_visit,6608.0,0.9028555813635742,0.4444350169649479,0.5516203643964224,0.1071853474314744,True,,,,bcap_pitch__mlb_2023__20260909__r01,BCAP-PITCH-v0.1.0,pitch,2023,COMPLETE,fixed_development_policy_external_crossfit_nuisance_OPE,season-weighted final PA W per selected current decision; no summed PA policy gain,Q/value/delta/gain: raw W; outcome MSE: W^2; probabilities/coverage: fraction; sample counts: explicit rows/PA/games,NFB,FB,3-0,,,fixed_score_sensitivity,,,,
count,3-0,fixed_score_cluster_pitcher,6608.0,,,,0.1071853474314744,False,0.0597964833577225,0.1545742115052263,651.0,bcap_pitch__mlb_2023__20260909__r01,BCAP-PITCH-v0.1.0,pitch,2023,COMPLETE,fixed_development_policy_external_crossfit_nuisance_OPE,season-weighted final PA W per selected current decision; no summed PA policy gain,Q/value/delta/gain: raw W; outcome MSE: W^2; probabilities/coverage: fraction; sample counts: explicit rows/PA/games,NFB,FB,3-0,,,fixed_score_sensitivity,,,,
count,3-0,fixed_score_cluster_batter,6608.0,,,,0.1071853474314744,False,0.0660280348220389,0.1483426600409099,580.0,bcap_pitch__mlb_2023__20260909__r01,BCAP-PITCH-v0.1.0,pitch,2023,COMPLETE,fixed_development_policy_external_crossfit_nuisance_OPE,season-weighted final PA W per selected current decision; no summed PA policy gain,Q/value/delta/gain: raw W; outcome MSE: W^2; probabilities/coverage: fraction; sample counts: explicit rows/PA/games,NFB,FB,3-0,,,fixed_score_sensitivity,,,,
count,3-1,untrimmed,15555.0,1.0,0.4855450266960934,0.4729619562371221,-0.0125830704589713,True,,,,bcap_pitch__mlb_2023__20260909__r01,BCAP-PITCH-v0.1.0,pitch,2023,COMPLETE,fixed_development_policy_external_crossfit_nuisance_OPE,season-weighted final PA W per selected current decision; no summed PA policy gain,Q/value/delta/gain: raw W; outcome MSE: W^2; probabilities/coverage: fraction; sample counts: explicit rows/PA/games,NFB,FB,3-1,,,fixed_score_sensitivity,,,,
count,3-1,trim_002,15114.0,0.971648987463838,0.4852787607486373,0.4714550303066418,-0.0138237304419954,True,,,,bcap_pitch__mlb_2023__20260909__r01,BCAP-PITCH-v0.1.0,pitch,2023,COMPLETE,fixed_development_policy_external_crossfit_nuisance_OPE,season-weighted final PA W per selected current decision; no summed PA policy gain,Q/value/delta/gain: raw W; outcome MSE: W^2; probabilities/coverage: fraction; sample counts: explicit rows/PA/games,NFB,FB,3-1,,,fixed_score_sensitivity,,,,
count,3-1,trim_005,15092.0,0.9702346512375442,0.4853453169472005,0.4712967645910816,-0.014048552356119,False,,,,bcap_pitch__mlb_2023__20260909__r01,BCAP-PITCH-v0.1.0,pitch,2023,COMPLETE,fixed_development_policy_external_crossfit_nuisance_OPE,season-weighted final PA W per selected current decision; no summed PA policy gain,Q/value/delta/gain: raw W; outcome MSE: W^2; probabilities/coverage: fraction; sample counts: explicit rows/PA/games,NFB,FB,3-1,,,fixed_score_sensitivity,,,,
count,3-1,trim_010,14249.0,0.9160398585663774,0.4848898857598753,0.4714765266207301,-0.0134133591391451,True,,,,bcap_pitch__mlb_2023__20260909__r01,BCAP-PITCH-v0.1.0,pitch,2023,COMPLETE,fixed_development_policy_external_crossfit_nuisance_OPE,season-weighted final PA W per selected current decision; no summed PA policy gain,Q/value/delta/gain: raw W; outcome MSE: W^2; probabilities/coverage: fraction; sample counts: explicit rows/PA/games,NFB,FB,3-1,,,fixed_score_sensitivity,,,,
count,3-1,clip_010_same_target,15092.0,0.9702346512375442,0.4850596802970628,0.4713103657440075,-0.0137493145530553,False,,,,bcap_pitch__mlb_2023__20260909__r01,BCAP-PITCH-v0.1.0,pitch,2023,COMPLETE,fixed_development_policy_external_crossfit_nuisance_OPE,season-weighted final PA W per selected current decision; no summed PA policy gain,Q/value/delta/gain: raw W; outcome MSE: W^2; probabilities/coverage: fraction; sample counts: explicit rows/PA/games,NFB,FB,3-1,,,fixed_score_sensitivity,,,,
count,3-1,first_count_visit,15091.0,0.970170363227258,0.4852694976387126,0.4712985414814237,-0.0139709561572889,True,,,,bcap_pitch__mlb_2023__20260909__r01,BCAP-PITCH-v0.1.0,pitch,2023,COMPLETE,fixed_development_policy_external_crossfit_nuisance_OPE,season-weighted final PA W per selected current decision; no summed PA policy gain,Q/value/delta/gain: raw W; outcome MSE: W^2; probabilities/coverage: fraction; sample counts: explicit rows/PA/games,NFB,FB,3-1,,,fixed_score_sensitivity,,,,
count,3-1,fixed_score_cluster_pitcher,15092.0,,,,-0.014048552356119,False,-0.0495552166349697,0.0214581119227317,680.0,bcap_pitch__mlb_2023__20260909__r01,BCAP-PITCH-v0.1.0,pitch,2023,COMPLETE,fixed_development_policy_external_crossfit_nuisance_OPE,season-weighted final PA W per selected current decision; no summed PA policy gain,Q/value/delta/gain: raw W; outcome MSE: W^2; probabilities/coverage: fraction; sample counts: explicit rows/PA/games,NFB,FB,3-1,,,fixed_score_sensitivity,,,,
count,3-1,fixed_score_cluster_batter,15092.0,,,,-0.014048552356119,False,-0.0493082005817459,0.0212110958695079,613.0,bcap_pitch__mlb_2023__20260909__r01,BCAP-PITCH-v0.1.0,pitch,2023,COMPLETE,fixed_development_policy_external_crossfit_nuisance_OPE,season-weighted final PA W per selected current decision; no summed PA policy gain,Q/value/delta/gain: raw W; outcome MSE: W^2; probabilities/coverage: fraction; sample counts: explicit rows/PA/games,NFB,FB,3-1,,,fixed_score_sensitivity,,,,
count,3-2,untrimmed,36190.0,1.0,0.3723776860662121,0.3819310168648809,0.0095533307986688,True,,,,bcap_pitch__mlb_2023__20260909__r01,BCAP-PITCH-v0.1.0,pitch,2023,COMPLETE,fixed_development_policy_external_crossfit_nuisance_OPE,season-weighted final PA W per selected current decision; no summed PA policy gain,Q/value/delta/gain: raw W; outcome MSE: W^2; probabilities/coverage: fraction; sample counts: explicit rows/PA/games,NFB,FB,3-2,,,fixed_score_sensitivity,,,,
count,3-2,trim_002,35216.0,0.973086487980105,0.3711555172285434,0.3806079011736886,0.0094523839451452,True,,,,bcap_pitch__mlb_2023__20260909__r01,BCAP-PITCH-v0.1.0,pitch,2023,COMPLETE,fixed_development_policy_external_crossfit_nuisance_OPE,season-weighted final PA W per selected current decision; no summed PA policy gain,Q/value/delta/gain: raw W; outcome MSE: W^2; probabilities/coverage: fraction; sample counts: explicit rows/PA/games,NFB,FB,3-2,,,fixed_score_sensitivity,,,,
count,3-2,trim_005,35215.0,0.9730588560375796,0.3711556545915833,0.3805984537044469,0.0094427991128636,False,,,,bcap_pitch__mlb_2023__20260909__r01,BCAP-PITCH-v0.1.0,pitch,2023,COMPLETE,fixed_development_policy_external_crossfit_nuisance_OPE,season-weighted final PA W per selected current decision; no summed PA policy gain,Q/value/delta/gain: raw W; outcome MSE: W^2; probabilities/coverage: fraction; sample counts: explicit rows/PA/games,NFB,FB,3-2,,,fixed_score_sensitivity,,,,
count,3-2,trim_010,35160.0,0.9715390991986737,0.3711720436241946,0.3805791269710754,0.0094070833468806,True,,,,bcap_pitch__mlb_2023__20260909__r01,BCAP-PITCH-v0.1.0,pitch,2023,COMPLETE,fixed_development_policy_external_crossfit_nuisance_OPE,season-weighted final PA W per selected current decision; no summed PA policy gain,Q/value/delta/gain: raw W; outcome MSE: W^2; probabilities/coverage: fraction; sample counts: explicit rows/PA/games,NFB,FB,3-2,,,fixed_score_sensitivity,,,,
count,3-2,clip_010_same_target,35215.0,0.9730588560375796,0.3711469375324734,0.3806011547584513,0.0094542172259779,False,,,,bcap_pitch__mlb_2023__20260909__r01,BCAP-PITCH-v0.1.0,pitch,2023,COMPLETE,fixed_development_policy_external_crossfit_nuisance_OPE,season-weighted final PA W per selected current decision; no summed PA policy gain,Q/value/delta/gain: raw W; outcome MSE: W^2; probabilities/coverage: fraction; sample counts: explicit rows/PA/games,NFB,FB,3-2,,,fixed_score_sensitivity,,,,
count,3-2,first_count_visit,25385.0,0.7014368610113291,0.3660459423960809,0.3778311123988371,0.0117851700027562,True,,,,bcap_pitch__mlb_2023__20260909__r01,BCAP-PITCH-v0.1.0,pitch,2023,COMPLETE,fixed_development_policy_external_crossfit_nuisance_OPE,season-weighted final PA W per selected current decision; no summed PA policy gain,Q/value/delta/gain: raw W; outcome MSE: W^2; probabilities/coverage: fraction; sample counts: explicit rows/PA/games,NFB,FB,3-2,,,fixed_score_sensitivity,,,,
count,3-2,fixed_score_cluster_pitcher,35215.0,,,,0.0094427991128636,False,-0.0118719816951028,0.03075757992083,683.0,bcap_pitch__mlb_2023__20260909__r01,BCAP-PITCH-v0.1.0,pitch,2023,COMPLETE,fixed_development_policy_external_crossfit_nuisance_OPE,season-weighted final PA W per selected current decision; no summed PA policy gain,Q/value/delta/gain: raw W; outcome MSE: W^2; probabilities/coverage: fraction; sample counts: explicit rows/PA/games,NFB,FB,3-2,,,fixed_score_sensitivity,,,,
count,3-2,fixed_score_cluster_batter,35215.0,,,,0.0094427991128636,False,-0.0123732533767795,0.0312588516025068,633.0,bcap_pitch__mlb_2023__20260909__r01,BCAP-PITCH-v0.1.0,pitch,2023,COMPLETE,fixed_development_policy_external_crossfit_nuisance_OPE,season-weighted final PA W per selected current decision; no summed PA policy gain,Q/value/delta/gain: raw W; outcome MSE: W^2; probabilities/coverage: fraction; sample counts: explicit rows/PA/games,NFB,FB,3-2,,,fixed_score_sensitivity,,,,
overall,ALL,untrimmed,716112.0,0.9996189199941372,0.2927268891994281,0.2625916561392426,-0.0301352330601855,True,,,,bcap_swing__mlb_2023__20260909__r01,BCAP-SWING-v0.1.0,swing,2023,COMPLETE,fixed_development_policy_external_crossfit_nuisance_OPE,season-weighted final PA W per selected current decision; no summed PA policy gain,Q/value/delta/gain: raw W; outcome MSE: W^2; probabilities/coverage: fraction; sample counts: explicit rows/PA/games,Take_adjudicated,Swing_offer_including_bunts,ALL,,,fixed_score_sensitivity,,,,
overall,ALL,trim_002,706773.0,0.9865826336397328,0.2924057086701396,0.2631140604126141,-0.0292916482575254,True,,,,bcap_swing__mlb_2023__20260909__r01,BCAP-SWING-v0.1.0,swing,2023,COMPLETE,fixed_development_policy_external_crossfit_nuisance_OPE,season-weighted final PA W per selected current decision; no summed PA policy gain,Q/value/delta/gain: raw W; outcome MSE: W^2; probabilities/coverage: fraction; sample counts: explicit rows/PA/games,Take_adjudicated,Swing_offer_including_bunts,ALL,,,fixed_score_sensitivity,,,,
overall,ALL,trim_005,682953.0,0.9533323562051133,0.2912182026594064,0.2636219914217529,-0.0275962112376534,False,,,,bcap_swing__mlb_2023__20260909__r01,BCAP-SWING-v0.1.0,swing,2023,COMPLETE,fixed_development_policy_external_crossfit_nuisance_OPE,season-weighted final PA W per selected current decision; no summed PA policy gain,Q/value/delta/gain: raw W; outcome MSE: W^2; probabilities/coverage: fraction; sample counts: explicit rows/PA/games,Take_adjudicated,Swing_offer_including_bunts,ALL,,,fixed_score_sensitivity,,,,
overall,ALL,trim_010,593942.0,0.8290821276269045,0.2996685286397886,0.2630773846397032,-0.0365911440000854,True,,,,bcap_swing__mlb_2023__20260909__r01,BCAP-SWING-v0.1.0,swing,2023,COMPLETE,fixed_development_policy_external_crossfit_nuisance_OPE,season-weighted final PA W per selected current decision; no summed PA policy gain,Q/value/delta/gain: raw W; outcome MSE: W^2; probabilities/coverage: fraction; sample counts: explicit rows/PA/games,Take_adjudicated,Swing_offer_including_bunts,ALL,,,fixed_score_sensitivity,,,,
overall,ALL,clip_010_same_target,682953.0,0.9533323562051133,0.2928536572036403,0.2634605979764066,-0.0293930592272337,False,,,,bcap_swing__mlb_2023__20260909__r01,BCAP-SWING-v0.1.0,swing,2023,COMPLETE,fixed_development_policy_external_crossfit_nuisance_OPE,season-weighted final PA W per selected current decision; no summed PA policy gain,Q/value/delta/gain: raw W; outcome MSE: W^2; probabilities/coverage: fraction; sample counts: explicit rows/PA/games,Take_adjudicated,Swing_offer_including_bunts,ALL,,,fixed_score_sensitivity,,,,
overall,ALL,first_count_visit,636261.0,0.8881551121254633,0.2953541320993265,0.267189073861737,-0.0281650582375895,True,,,,bcap_swing__mlb_2023__20260909__r01,BCAP-SWING-v0.1.0,swing,2023,COMPLETE,fixed_development_policy_external_crossfit_nuisance_OPE,season-weighted final PA W per selected current decision; no summed PA policy gain,Q/value/delta/gain: raw W; outcome MSE: W^2; probabilities/coverage: fraction; sample counts: explicit rows/PA/games,Take_adjudicated,Swing_offer_including_bunts,ALL,,,fixed_score_sensitivity,,,,
overall,ALL,fixed_score_cluster_pitcher,682953.0,,,,-0.0275962112376534,False,-0.033899778478286,-0.0212926439970208,863.0,bcap_swing__mlb_2023__20260909__r01,BCAP-SWING-v0.1.0,swing,2023,COMPLETE,fixed_development_policy_external_crossfit_nuisance_OPE,season-weighted final PA W per selected current decision; no summed PA policy gain,Q/value/delta/gain: raw W; outcome MSE: W^2; probabilities/coverage: fraction; sample counts: explicit rows/PA/games,Take_adjudicated,Swing_offer_including_bunts,ALL,,,fixed_score_sensitivity,,,,
overall,ALL,fixed_score_cluster_batter,682953.0,,,,-0.0275962112376534,False,-0.0335907914620994,-0.0216016310132075,598.0,bcap_swing__mlb_2023__20260909__r01,BCAP-SWING-v0.1.0,swing,2023,COMPLETE,fixed_development_policy_external_crossfit_nuisance_OPE,season-weighted final PA W per selected current decision; no summed PA policy gain,Q/value/delta/gain: raw W; outcome MSE: W^2; probabilities/coverage: fraction; sample counts: explicit rows/PA/games,Take_adjudicated,Swing_offer_including_bunts,ALL,,,fixed_score_sensitivity,,,,
count,0-0,untrimmed,182894.0,0.999601020949133,0.3119129706078836,0.2938567799014832,-0.0180561907064003,True,,,,bcap_swing__mlb_2023__20260909__r01,BCAP-SWING-v0.1.0,swing,2023,COMPLETE,fixed_development_policy_external_crossfit_nuisance_OPE,season-weighted final PA W per selected current decision; no summed PA policy gain,Q/value/delta/gain: raw W; outcome MSE: W^2; probabilities/coverage: fraction; sample counts: explicit rows/PA/games,Take_adjudicated,Swing_offer_including_bunts,0-0,,,fixed_score_sensitivity,,,,
count,0-0,trim_002,179038.0,0.9785261823170298,0.311299226467627,0.2944308661715999,-0.016868360296027,True,,,,bcap_swing__mlb_2023__20260909__r01,BCAP-SWING-v0.1.0,swing,2023,COMPLETE,fixed_development_policy_external_crossfit_nuisance_OPE,season-weighted final PA W per selected current decision; no summed PA policy gain,Q/value/delta/gain: raw W; outcome MSE: W^2; probabilities/coverage: fraction; sample counts: explicit rows/PA/games,Take_adjudicated,Swing_offer_including_bunts,0-0,,,fixed_score_sensitivity,,,,
count,0-0,trim_005,170438.0,0.9315231708450158,0.3081445205934293,0.2964790705303058,-0.0116654500631234,False,,,,bcap_swing__mlb_2023__20260909__r01,BCAP-SWING-v0.1.0,swing,2023,COMPLETE,fixed_development_policy_external_crossfit_nuisance_OPE,season-weighted final PA W per selected current decision; no summed PA policy gain,Q/value/delta/gain: raw W; outcome MSE: W^2; probabilities/coverage: fraction; sample counts: explicit rows/PA/games,Take_adjudicated,Swing_offer_including_bunts,0-0,,,fixed_score_sensitivity,,,,
count,0-0,trim_010,153197.0,0.837293063776528,0.3015289325244498,0.3016940266405405,0.0001650941160906,True,,,,bcap_swing__mlb_2023__20260909__r01,BCAP-SWING-v0.1.0,swing,2023,COMPLETE,fixed_development_policy_external_crossfit_nuisance_OPE,season-weighted final PA W per selected current decision; no summed PA policy gain,Q/value/delta/gain: raw W; outcome MSE: W^2; probabilities/coverage: fraction; sample counts: explicit rows/PA/games,Take_adjudicated,Swing_offer_including_bunts,0-0,,,fixed_score_sensitivity,,,,
count,0-0,clip_010_same_target,170438.0,0.9315231708450158,0.3081540292002538,0.2963606691422253,-0.0117933600580285,False,,,,bcap_swing__mlb_2023__20260909__r01,BCAP-SWING-v0.1.0,swing,2023,COMPLETE,fixed_development_policy_external_crossfit_nuisance_OPE,season-weighted final PA W per selected current decision; no summed PA policy gain,Q/value/delta/gain: raw W; outcome MSE: W^2; probabilities/coverage: fraction; sample counts: explicit rows/PA/games,Take_adjudicated,Swing_offer_including_bunts,0-0,,,fixed_score_sensitivity,,,,
count,0-0,first_count_visit,170438.0,0.9315231708450158,0.3081445205934293,0.2964790705303058,-0.0116654500631234,True,,,,bcap_swing__mlb_2023__20260909__r01,BCAP-SWING-v0.1.0,swing,2023,COMPLETE,fixed_development_policy_external_crossfit_nuisance_OPE,season-weighted final PA W per selected current decision; no summed PA policy gain,Q/value/delta/gain: raw W; outcome MSE: W^2; probabilities/coverage: fraction; sample counts: explicit rows/PA/games,Take_adjudicated,Swing_offer_including_bunts,0-0,,,fixed_score_sensitivity,,,,
count,0-0,fixed_score_cluster_pitcher,170438.0,,,,-0.0116654500631234,False,-0.0239249357494467,0.0005940356231997,863.0,bcap_swing__mlb_2023__20260909__r01,BCAP-SWING-v0.1.0,swing,2023,COMPLETE,fixed_development_policy_external_crossfit_nuisance_OPE,season-weighted final PA W per selected current decision; no summed PA policy gain,Q/value/delta/gain: raw W; outcome MSE: W^2; probabilities/coverage: fraction; sample counts: explicit rows/PA/games,Take_adjudicated,Swing_offer_including_bunts,0-0,,,fixed_score_sensitivity,,,,
count,0-0,fixed_score_cluster_batter,170438.0,,,,-0.0116654500631234,False,-0.0239241541729196,0.0005932540466726,598.0,bcap_swing__mlb_2023__20260909__r01,BCAP-SWING-v0.1.0,swing,2023,COMPLETE,fixed_development_policy_external_crossfit_nuisance_OPE,season-weighted final PA W per selected current decision; no summed PA policy gain,Q/value/delta/gain: raw W; outcome MSE: W^2; probabilities/coverage: fraction; sample counts: explicit rows/PA/games,Take_adjudicated,Swing_offer_including_bunts,0-0,,,fixed_score_sensitivity,,,,
count,0-1,untrimmed,92901.0,0.999623396746148,0.262859697372639,0.2353803569366588,-0.02747934043598,True,,,,bcap_swing__mlb_2023__20260909__r01,BCAP-SWING-v0.1.0,swing,2023,COMPLETE,fixed_development_policy_external_crossfit_nuisance_OPE,season-weighted final PA W per selected current decision; no summed PA policy gain,Q/value/delta/gain: raw W; outcome MSE: W^2; probabilities/coverage: fraction; sample counts: explicit rows/PA/games,Take_adjudicated,Swing_offer_including_bunts,0-1,,,fixed_score_sensitivity,,,,
count,0-1,trim_002,91779.0,0.987550572436946,0.2628486423338955,0.2366115726491014,-0.0262370696847941,True,,,,bcap_swing__mlb_2023__20260909__r01,BCAP-SWING-v0.1.0,swing,2023,COMPLETE,fixed_development_policy_external_crossfit_nuisance_OPE,season-weighted final PA W per selected current decision; no summed PA policy gain,Q/value/delta/gain: raw W; outcome MSE: W^2; probabilities/coverage: fraction; sample counts: explicit rows/PA/games,Take_adjudicated,Swing_offer_including_bunts,0-1,,,fixed_score_sensitivity,,,,
count,0-1,trim_005,89499.0,0.9630175604717224,0.2616493863086214,0.2369137211907563,-0.024735665117865,False,,,,bcap_swing__mlb_2023__20260909__r01,BCAP-SWING-v0.1.0,swing,2023,COMPLETE,fixed_development_policy_external_crossfit_nuisance_OPE,season-weighted final PA W per selected current decision; no summed PA policy gain,Q/value/delta/gain: raw W; outcome MSE: W^2; probabilities/coverage: fraction; sample counts: explicit rows/PA/games,Take_adjudicated,Swing_offer_including_bunts,0-1,,,fixed_score_sensitivity,,,,
count,0-1,trim_010,81427.0,0.876162090040458,0.2590389439127883,0.237232823295876,-0.0218061206169122,True,,,,bcap_swing__mlb_2023__20260909__r01,BCAP-SWING-v0.1.0,swing,2023,COMPLETE,fixed_development_policy_external_crossfit_nuisance_OPE,season-weighted final PA W per selected current decision; no summed PA policy gain,Q/value/delta/gain: raw W; outcome MSE: W^2; probabilities/coverage: fraction; sample counts: explicit rows/PA/games,Take_adjudicated,Swing_offer_including_bunts,0-1,,,fixed_score_sensitivity,,,,
count,0-1,clip_010_same_target,89499.0,0.9630175604717224,0.2613935236637615,0.2362728555515899,-0.0251206681121715,False,,,,bcap_swing__mlb_2023__20260909__r01,BCAP-SWING-v0.1.0,swing,2023,COMPLETE,fixed_development_policy_external_crossfit_nuisance_OPE,season-weighted final PA W per selected current decision; no summed PA policy gain,Q/value/delta/gain: raw W; outcome MSE: W^2; probabilities/coverage: fraction; sample counts: explicit rows/PA/games,Take_adjudicated,Swing_offer_including_bunts,0-1,,,fixed_score_sensitivity,,,,
count,0-1,first_count_visit,89499.0,0.9630175604717224,0.2616493863086214,0.2369137211907563,-0.024735665117865,True,,,,bcap_swing__mlb_2023__20260909__r01,BCAP-SWING-v0.1.0,swing,2023,COMPLETE,fixed_development_policy_external_crossfit_nuisance_OPE,season-weighted final PA W per selected current decision; no summed PA policy gain,Q/value/delta/gain: raw W; outcome MSE: W^2; probabilities/coverage: fraction; sample counts: explicit rows/PA/games,Take_adjudicated,Swing_offer_including_bunts,0-1,,,fixed_score_sensitivity,,,,
count,0-1,fixed_score_cluster_pitcher,89499.0,,,,-0.024735665117865,False,-0.0403253761795079,-0.0091459540562222,853.0,bcap_swing__mlb_2023__20260909__r01,BCAP-SWING-v0.1.0,swing,2023,COMPLETE,fixed_development_policy_external_crossfit_nuisance_OPE,season-weighted final PA W per selected current decision; no summed PA policy gain,Q/value/delta/gain: raw W; outcome MSE: W^2; probabilities/coverage: fraction; sample counts: explicit rows/PA/games,Take_adjudicated,Swing_offer_including_bunts,0-1,,,fixed_score_sensitivity,,,,
count,0-1,fixed_score_cluster_batter,89499.0,,,,-0.024735665117865,False,-0.0406010144387141,-0.008870315797016,597.0,bcap_swing__mlb_2023__20260909__r01,BCAP-SWING-v0.1.0,swing,2023,COMPLETE,fixed_development_policy_external_crossfit_nuisance_OPE,season-weighted final PA W per selected current decision; no summed PA policy gain,Q/value/delta/gain: raw W; outcome MSE: W^2; probabilities/coverage: fraction; sample counts: explicit rows/PA/games,Take_adjudicated,Swing_offer_including_bunts,0-1,,,fixed_score_sensitivity,,,,
count,0-2,untrimmed,48733.0,0.9996102723990812,0.16743553639478,0.1575604969609288,-0.0098750394338511,True,,,,bcap_swing__mlb_2023__20260909__r01,BCAP-SWING-v0.1.0,swing,2023,COMPLETE,fixed_development_policy_external_crossfit_nuisance_OPE,season-weighted final PA W per selected current decision; no summed PA policy gain,Q/value/delta/gain: raw W; outcome MSE: W^2; probabilities/coverage: fraction; sample counts: explicit rows/PA/games,Take_adjudicated,Swing_offer_including_bunts,0-2,,,fixed_score_sensitivity,,,,
count,0-2,trim_002,48242.0,0.989538890712176,0.1675869493480234,0.1583801531519997,-0.0092067961960237,True,,,,bcap_swing__mlb_2023__20260909__r01,BCAP-SWING-v0.1.0,swing,2023,COMPLETE,fixed_development_policy_external_crossfit_nuisance_OPE,season-weighted final PA W per selected current decision; no summed PA policy gain,Q/value/delta/gain: raw W; outcome MSE: W^2; probabilities/coverage: fraction; sample counts: explicit rows/PA/games,Take_adjudicated,Swing_offer_including_bunts,0-2,,,fixed_score_sensitivity,,,,
count,0-2,trim_005,46460.0,0.9529865441417787,0.167115087515225,0.1584286163720297,-0.0086864711431952,False,,,,bcap_swing__mlb_2023__20260909__r01,BCAP-SWING-v0.1.0,swing,2023,COMPLETE,fixed_development_policy_external_crossfit_nuisance_OPE,season-weighted final PA W per selected current decision; no summed PA policy gain,Q/value/delta/gain: raw W; outcome MSE: W^2; probabilities/coverage: fraction; sample counts: explicit rows/PA/games,Take_adjudicated,Swing_offer_including_bunts,0-2,,,fixed_score_sensitivity,,,,
count,0-2,trim_010,38570.0,0.7911470298654414,0.1815236689861291,0.1509652265711597,-0.0305584424149693,True,,,,bcap_swing__mlb_2023__20260909__r01,BCAP-SWING-v0.1.0,swing,2023,COMPLETE,fixed_development_policy_external_crossfit_nuisance_OPE,season-weighted final PA W per selected current decision; no summed PA policy gain,Q/value/delta/gain: raw W; outcome MSE: W^2; probabilities/coverage: fraction; sample counts: explicit rows/PA/games,Take_adjudicated,Swing_offer_including_bunts,0-2,,,fixed_score_sensitivity,,,,
count,0-2,clip_010_same_target,46460.0,0.9529865441417787,0.169824861289163,0.1590151478618135,-0.0108097134273495,False,,,,bcap_swing__mlb_2023__20260909__r01,BCAP-SWING-v0.1.0,swing,2023,COMPLETE,fixed_development_policy_external_crossfit_nuisance_OPE,season-weighted final PA W per selected current decision; no summed PA policy gain,Q/value/delta/gain: raw W; outcome MSE: W^2; probabilities/coverage: fraction; sample counts: explicit rows/PA/games,Take_adjudicated,Swing_offer_including_bunts,0-2,,,fixed_score_sensitivity,,,,
count,0-2,first_count_visit,37622.0,0.771701673777486,0.1670004977693395,0.1542635320848294,-0.01273696568451,True,,,,bcap_swing__mlb_2023__20260909__r01,BCAP-SWING-v0.1.0,swing,2023,COMPLETE,fixed_development_policy_external_crossfit_nuisance_OPE,season-weighted final PA W per selected current decision; no summed PA policy gain,Q/value/delta/gain: raw W; outcome MSE: W^2; probabilities/coverage: fraction; sample counts: explicit rows/PA/games,Take_adjudicated,Swing_offer_including_bunts,0-2,,,fixed_score_sensitivity,,,,
count,0-2,fixed_score_cluster_pitcher,46460.0,,,,-0.0086864711431952,False,-0.0251998911528613,0.0078269488664708,818.0,bcap_swing__mlb_2023__20260909__r01,BCAP-SWING-v0.1.0,swing,2023,COMPLETE,fixed_development_policy_external_crossfit_nuisance_OPE,season-weighted final PA W per selected current decision; no summed PA policy gain,Q/value/delta/gain: raw W; outcome MSE: W^2; probabilities/coverage: fraction; sample counts: explicit rows/PA/games,Take_adjudicated,Swing_offer_including_bunts,0-2,,,fixed_score_sensitivity,,,,
count,0-2,fixed_score_cluster_batter,46460.0,,,,-0.0086864711431952,False,-0.0258667255725653,0.0084937832861747,592.0,bcap_swing__mlb_2023__20260909__r01,BCAP-SWING-v0.1.0,swing,2023,COMPLETE,fixed_development_policy_external_crossfit_nuisance_OPE,season-weighted final PA W per selected current decision; no summed PA policy gain,Q/value/delta/gain: raw W; outcome MSE: W^2; probabilities/coverage: fraction; sample counts: explicit rows/PA/games,Take_adjudicated,Swing_offer_including_bunts,0-2,,,fixed_score_sensitivity,,,,
count,1-0,untrimmed,70014.0,0.9996145115004068,0.355751686277755,0.3189319256798459,-0.036819760597909,True,,,,bcap_swing__mlb_2023__20260909__r01,BCAP-SWING-v0.1.0,swing,2023,COMPLETE,fixed_development_policy_external_crossfit_nuisance_OPE,season-weighted final PA W per selected current decision; no summed PA policy gain,Q/value/delta/gain: raw W; outcome MSE: W^2; probabilities/coverage: fraction; sample counts: explicit rows/PA/games,Take_adjudicated,Swing_offer_including_bunts,1-0,,,fixed_score_sensitivity,,,,
count,1-0,trim_002,69041.0,0.9857226481632186,0.3552020703232548,0.3208096452767358,-0.034392425046519,True,,,,bcap_swing__mlb_2023__20260909__r01,BCAP-SWING-v0.1.0,swing,2023,COMPLETE,fixed_development_policy_external_crossfit_nuisance_OPE,season-weighted final PA W per selected current decision; no summed PA policy gain,Q/value/delta/gain: raw W; outcome MSE: W^2; probabilities/coverage: fraction; sample counts: explicit rows/PA/games,Take_adjudicated,Swing_offer_including_bunts,1-0,,,fixed_score_sensitivity,,,,
count,1-0,trim_005,67219.0,0.9597093131166032,0.3523598712071548,0.3211657904900164,-0.0311940807171383,False,,,,bcap_swing__mlb_2023__20260909__r01,BCAP-SWING-v0.1.0,swing,2023,COMPLETE,fixed_development_policy_external_crossfit_nuisance_OPE,season-weighted final PA W per selected current decision; no summed PA policy gain,Q/value/delta/gain: raw W; outcome MSE: W^2; probabilities/coverage: fraction; sample counts: explicit rows/PA/games,Take_adjudicated,Swing_offer_including_bunts,1-0,,,fixed_score_sensitivity,,,,
count,1-0,trim_010,62682.0,0.8949329678331263,0.3478942538139082,0.32472004049122,-0.0231742133226882,True,,,,bcap_swing__mlb_2023__20260909__r01,BCAP-SWING-v0.1.0,swing,2023,COMPLETE,fixed_development_policy_external_crossfit_nuisance_OPE,season-weighted final PA W per selected current decision; no summed PA policy gain,Q/value/delta/gain: raw W; outcome MSE: W^2; probabilities/coverage: fraction; sample counts: explicit rows/PA/games,Take_adjudicated,Swing_offer_including_bunts,1-0,,,fixed_score_sensitivity,,,,
count,1-0,clip_010_same_target,67219.0,0.9597093131166032,0.3523822255037466,0.3208410946600651,-0.0315411308436814,False,,,,bcap_swing__mlb_2023__20260909__r01,BCAP-SWING-v0.1.0,swing,2023,COMPLETE,fixed_development_policy_external_crossfit_nuisance_OPE,season-weighted final PA W per selected current decision; no summed PA policy gain,Q/value/delta/gain: raw W; outcome MSE: W^2; probabilities/coverage: fraction; sample counts: explicit rows/PA/games,Take_adjudicated,Swing_offer_including_bunts,1-0,,,fixed_score_sensitivity,,,,
count,1-0,first_count_visit,67219.0,0.9597093131166032,0.3523598712071548,0.3211657904900164,-0.0311940807171383,True,,,,bcap_swing__mlb_2023__20260909__r01,BCAP-SWING-v0.1.0,swing,2023,COMPLETE,fixed_development_policy_external_crossfit_nuisance_OPE,season-weighted final PA W per selected current decision; no summed PA policy gain,Q/value/delta/gain: raw W; outcome MSE: W^2; probabilities/coverage: fraction; sample counts: explicit rows/PA/games,Take_adjudicated,Swing_offer_including_bunts,1-0,,,fixed_score_sensitivity,,,,
count,1-0,fixed_score_cluster_pitcher,67219.0,,,,-0.0311940807171383,False,-0.0500917573174149,-0.0122964041168617,856.0,bcap_swing__mlb_2023__20260909__r01,BCAP-SWING-v0.1.0,swing,2023,COMPLETE,fixed_development_policy_external_crossfit_nuisance_OPE,season-weighted final PA W per selected current decision; no summed PA policy gain,Q/value/delta/gain: raw W; outcome MSE: W^2; probabilities/coverage: fraction; sample counts: explicit rows/PA/games,Take_adjudicated,Swing_offer_including_bunts,1-0,,,fixed_score_sensitivity,,,,
count,1-0,fixed_score_cluster_batter,67219.0,,,,-0.0311940807171383,False,-0.0516515646139771,-0.0107365968202995,596.0,bcap_swing__mlb_2023__20260909__r01,BCAP-SWING-v0.1.0,swing,2023,COMPLETE,fixed_development_policy_external_crossfit_nuisance_OPE,season-weighted final PA W per selected current decision; no summed PA policy gain,Q/value/delta/gain: raw W; outcome MSE: W^2; probabilities/coverage: fraction; sample counts: explicit rows/PA/games,Take_adjudicated,Swing_offer_including_bunts,1-0,,,fixed_score_sensitivity,,,,
count,1-1,untrimmed,72416.0,0.9996548915669304,0.2900219949326671,0.2619035371440646,-0.0281184577886024,True,,,,bcap_swing__mlb_2023__20260909__r01,BCAP-SWING-v0.1.0,swing,2023,COMPLETE,fixed_development_policy_external_crossfit_nuisance_OPE,season-weighted final PA W per selected current decision; no summed PA policy gain,Q/value/delta/gain: raw W; outcome MSE: W^2; probabilities/coverage: fraction; sample counts: explicit rows/PA/games,Take_adjudicated,Swing_offer_including_bunts,1-1,,,fixed_score_sensitivity,,,,
count,1-1,trim_002,71745.0,0.9903921812233404,0.2903277244582442,0.2632789509567779,-0.0270487735014663,True,,,,bcap_swing__mlb_2023__20260909__r01,BCAP-SWING-v0.1.0,swing,2023,COMPLETE,fixed_development_policy_external_crossfit_nuisance_OPE,season-weighted final PA W per selected current decision; no summed PA policy gain,Q/value/delta/gain: raw W; outcome MSE: W^2; probabilities/coverage: fraction; sample counts: explicit rows/PA/games,Take_adjudicated,Swing_offer_including_bunts,1-1,,,fixed_score_sensitivity,,,,
count,1-1,trim_005,70483.0,0.9729711075219836,0.2889335198287773,0.2636916671870005,-0.0252418526417768,False,,,,bcap_swing__mlb_2023__20260909__r01,BCAP-SWING-v0.1.0,swing,2023,COMPLETE,fixed_development_policy_external_crossfit_nuisance_OPE,season-weighted final PA W per selected current decision; no summed PA policy gain,Q/value/delta/gain: raw W; outcome MSE: W^2; probabilities/coverage: fraction; sample counts: explicit rows/PA/games,Take_adjudicated,Swing_offer_including_bunts,1-1,,,fixed_score_sensitivity,,,,
count,1-1,trim_010,63520.0,0.8768515067434188,0.2896180972283761,0.2607378701718621,-0.028880227056514,True,,,,bcap_swing__mlb_2023__20260909__r01,BCAP-SWING-v0.1.0,swing,2023,COMPLETE,fixed_development_policy_external_crossfit_nuisance_OPE,season-weighted final PA W per selected current decision; no summed PA policy gain,Q/value/delta/gain: raw W; outcome MSE: W^2; probabilities/coverage: fraction; sample counts: explicit rows/PA/games,Take_adjudicated,Swing_offer_including_bunts,1-1,,,fixed_score_sensitivity,,,,
count,1-1,clip_010_same_target,70483.0,0.9729711075219836,0.2889872379795642,0.2632327966471049,-0.0257544413324592,False,,,,bcap_swing__mlb_2023__20260909__r01,BCAP-SWING-v0.1.0,swing,2023,COMPLETE,fixed_development_policy_external_crossfit_nuisance_OPE,season-weighted final PA W per selected current decision; no summed PA policy gain,Q/value/delta/gain: raw W; outcome MSE: W^2; probabilities/coverage: fraction; sample counts: explicit rows/PA/games,Take_adjudicated,Swing_offer_including_bunts,1-1,,,fixed_score_sensitivity,,,,
count,1-1,first_count_visit,70483.0,0.9729711075219836,0.2889335198287773,0.2636916671870005,-0.0252418526417768,True,,,,bcap_swing__mlb_2023__20260909__r01,BCAP-SWING-v0.1.0,swing,2023,COMPLETE,fixed_development_policy_external_crossfit_nuisance_OPE,season-weighted final PA W per selected current decision; no summed PA policy gain,Q/value/delta/gain: raw W; outcome MSE: W^2; probabilities/coverage: fraction; sample counts: explicit rows/PA/games,Take_adjudicated,Swing_offer_including_bunts,1-1,,,fixed_score_sensitivity,,,,
count,1-1,fixed_score_cluster_pitcher,70483.0,,,,-0.0252418526417768,False,-0.0460927456844375,-0.0043909595991161,853.0,bcap_swing__mlb_2023__20260909__r01,BCAP-SWING-v0.1.0,swing,2023,COMPLETE,fixed_development_policy_external_crossfit_nuisance_OPE,season-weighted final PA W per selected current decision; no summed PA policy gain,Q/value/delta/gain: raw W; outcome MSE: W^2; probabilities/coverage: fraction; sample counts: explicit rows/PA/games,Take_adjudicated,Swing_offer_including_bunts,1-1,,,fixed_score_sensitivity,,,,
count,1-1,fixed_score_cluster_batter,70483.0,,,,-0.0252418526417768,False,-0.0436347849009432,-0.0068489203826104,597.0,bcap_swing__mlb_2023__20260909__r01,BCAP-SWING-v0.1.0,swing,2023,COMPLETE,fixed_development_policy_external_crossfit_nuisance_OPE,season-weighted final PA W per selected current decision; no summed PA policy gain,Q/value/delta/gain: raw W; outcome MSE: W^2; probabilities/coverage: fraction; sample counts: explicit rows/PA/games,Take_adjudicated,Swing_offer_including_bunts,1-1,,,fixed_score_sensitivity,,,,
count,1-2,untrimmed,69568.0,0.9996120410949062,0.1897170417790159,0.1741694129276486,-0.0155476288513673,True,,,,bcap_swing__mlb_2023__20260909__r01,BCAP-SWING-v0.1.0,swing,2023,COMPLETE,fixed_development_policy_external_crossfit_nuisance_OPE,season-weighted final PA W per selected current decision; no summed PA policy gain,Q/value/delta/gain: raw W; outcome MSE: W^2; probabilities/coverage: fraction; sample counts: explicit rows/PA/games,Take_adjudicated,Swing_offer_including_bunts,1-2,,,fixed_score_sensitivity,,,,
count,1-2,trim_002,69021.0,0.9917522810546736,0.1901744755475035,0.1744355413176433,-0.0157389342298602,True,,,,bcap_swing__mlb_2023__20260909__r01,BCAP-SWING-v0.1.0,swing,2023,COMPLETE,fixed_development_policy_external_crossfit_nuisance_OPE,season-weighted final PA W per selected current decision; no summed PA policy gain,Q/value/delta/gain: raw W; outcome MSE: W^2; probabilities/coverage: fraction; sample counts: explicit rows/PA/games,Take_adjudicated,Swing_offer_including_bunts,1-2,,,fixed_score_sensitivity,,,,
count,1-2,trim_005,66567.0,0.956491127236152,0.1910720217206375,0.1744664552324613,-0.0166055664881762,False,,,,bcap_swing__mlb_2023__20260909__r01,BCAP-SWING-v0.1.0,swing,2023,COMPLETE,fixed_development_policy_external_crossfit_nuisance_OPE,season-weighted final PA W per selected current decision; no summed PA policy gain,Q/value/delta/gain: raw W; outcome MSE: W^2; probabilities/coverage: fraction; sample counts: explicit rows/PA/games,Take_adjudicated,Swing_offer_including_bunts,1-2,,,fixed_score_sensitivity,,,,
count,1-2,trim_010,53549.0,0.769437459587614,0.2127109042468233,0.1603704492153771,-0.0523404550314461,True,,,,bcap_swing__mlb_2023__20260909__r01,BCAP-SWING-v0.1.0,swing,2023,COMPLETE,fixed_development_policy_external_crossfit_nuisance_OPE,season-weighted final PA W per selected current decision; no summed PA policy gain,Q/value/delta/gain: raw W; outcome MSE: W^2; probabilities/coverage: fraction; sample counts: explicit rows/PA/games,Take_adjudicated,Swing_offer_including_bunts,1-2,,,fixed_score_sensitivity,,,,
count,1-2,clip_010_same_target,66567.0,0.956491127236152,0.1941676393454389,0.1747315705179141,-0.0194360688275248,False,,,,bcap_swing__mlb_2023__20260909__r01,BCAP-SWING-v0.1.0,swing,2023,COMPLETE,fixed_development_policy_external_crossfit_nuisance_OPE,season-weighted final PA W per selected current decision; no summed PA policy gain,Q/value/delta/gain: raw W; outcome MSE: W^2; probabilities/coverage: fraction; sample counts: explicit rows/PA/games,Take_adjudicated,Swing_offer_including_bunts,1-2,,,fixed_score_sensitivity,,,,
count,1-2,first_count_visit,52425.0,0.7532868740570443,0.189195837963404,0.1702763288238747,-0.0189195091395292,True,,,,bcap_swing__mlb_2023__20260909__r01,BCAP-SWING-v0.1.0,swing,2023,COMPLETE,fixed_development_policy_external_crossfit_nuisance_OPE,season-weighted final PA W per selected current decision; no summed PA policy gain,Q/value/delta/gain: raw W; outcome MSE: W^2; probabilities/coverage: fraction; sample counts: explicit rows/PA/games,Take_adjudicated,Swing_offer_including_bunts,1-2,,,fixed_score_sensitivity,,,,
count,1-2,fixed_score_cluster_pitcher,66567.0,,,,-0.0166055664881762,False,-0.0308961599138695,-0.0023149730624829,833.0,bcap_swing__mlb_2023__20260909__r01,BCAP-SWING-v0.1.0,swing,2023,COMPLETE,fixed_development_policy_external_crossfit_nuisance_OPE,season-weighted final PA W per selected current decision; no summed PA policy gain,Q/value/delta/gain: raw W; outcome MSE: W^2; probabilities/coverage: fraction; sample counts: explicit rows/PA/games,Take_adjudicated,Swing_offer_including_bunts,1-2,,,fixed_score_sensitivity,,,,
count,1-2,fixed_score_cluster_batter,66567.0,,,,-0.0166055664881762,False,-0.0311209838188908,-0.0020901491574616,598.0,bcap_swing__mlb_2023__20260909__r01,BCAP-SWING-v0.1.0,swing,2023,COMPLETE,fixed_development_policy_external_crossfit_nuisance_OPE,season-weighted final PA W per selected current decision; no summed PA policy gain,Q/value/delta/gain: raw W; outcome MSE: W^2; probabilities/coverage: fraction; sample counts: explicit rows/PA/games,Take_adjudicated,Swing_offer_including_bunts,1-2,,,fixed_score_sensitivity,,,,
count,2-0,untrimmed,23694.0,0.999662475740444,0.4241332589483655,0.3674318751488066,-0.0567013837995589,True,,,,bcap_swing__mlb_2023__20260909__r01,BCAP-SWING-v0.1.0,swing,2023,COMPLETE,fixed_development_policy_external_crossfit_nuisance_OPE,season-weighted final PA W per selected current decision; no summed PA policy gain,Q/value/delta/gain: raw W; outcome MSE: W^2; probabilities/coverage: fraction; sample counts: explicit rows/PA/games,Take_adjudicated,Swing_offer_including_bunts,2-0,,,fixed_score_sensitivity,,,,
count,2-0,trim_002,23395.0,0.9870475065395324,0.4232533773708627,0.3648413546976394,-0.0584120226732233,True,,,,bcap_swing__mlb_2023__20260909__r01,BCAP-SWING-v0.1.0,swing,2023,COMPLETE,fixed_development_policy_external_crossfit_nuisance_OPE,season-weighted final PA W per selected current decision; no summed PA policy gain,Q/value/delta/gain: raw W; outcome MSE: W^2; probabilities/coverage: fraction; sample counts: explicit rows/PA/games,Take_adjudicated,Swing_offer_including_bunts,2-0,,,fixed_score_sensitivity,,,,
count,2-0,trim_005,22792.0,0.9616066154754872,0.4193229690615054,0.3648012045289173,-0.0545217645325881,False,,,,bcap_swing__mlb_2023__20260909__r01,BCAP-SWING-v0.1.0,swing,2023,COMPLETE,fixed_development_policy_external_crossfit_nuisance_OPE,season-weighted final PA W per selected current decision; no summed PA policy gain,Q/value/delta/gain: raw W; outcome MSE: W^2; probabilities/coverage: fraction; sample counts: explicit rows/PA/games,Take_adjudicated,Swing_offer_including_bunts,2-0,,,fixed_score_sensitivity,,,,
count,2-0,trim_010,21301.0,0.8987005316007088,0.4103752648772832,0.3699353607887335,-0.0404399040885497,True,,,,bcap_swing__mlb_2023__20260909__r01,BCAP-SWING-v0.1.0,swing,2023,COMPLETE,fixed_development_policy_external_crossfit_nuisance_OPE,season-weighted final PA W per selected current decision; no summed PA policy gain,Q/value/delta/gain: raw W; outcome MSE: W^2; probabilities/coverage: fraction; sample counts: explicit rows/PA/games,Take_adjudicated,Swing_offer_including_bunts,2-0,,,fixed_score_sensitivity,,,,
count,2-0,clip_010_same_target,22792.0,0.9616066154754872,0.4194390658662028,0.3645858602247027,-0.0548532056415001,False,,,,bcap_swing__mlb_2023__20260909__r01,BCAP-SWING-v0.1.0,swing,2023,COMPLETE,fixed_development_policy_external_crossfit_nuisance_OPE,season-weighted final PA W per selected current decision; no summed PA policy gain,Q/value/delta/gain: raw W; outcome MSE: W^2; probabilities/coverage: fraction; sample counts: explicit rows/PA/games,Take_adjudicated,Swing_offer_including_bunts,2-0,,,fixed_score_sensitivity,,,,
count,2-0,first_count_visit,22792.0,0.9616066154754872,0.4193229690615054,0.3648012045289173,-0.0545217645325881,True,,,,bcap_swing__mlb_2023__20260909__r01,BCAP-SWING-v0.1.0,swing,2023,COMPLETE,fixed_development_policy_external_crossfit_nuisance_OPE,season-weighted final PA W per selected current decision; no summed PA policy gain,Q/value/delta/gain: raw W; outcome MSE: W^2; probabilities/coverage: fraction; sample counts: explicit rows/PA/games,Take_adjudicated,Swing_offer_including_bunts,2-0,,,fixed_score_sensitivity,,,,
count,2-0,fixed_score_cluster_pitcher,22792.0,,,,-0.0545217645325881,False,-0.0862619637149986,-0.0227815653501776,832.0,bcap_swing__mlb_2023__20260909__r01,BCAP-SWING-v0.1.0,swing,2023,COMPLETE,fixed_development_policy_external_crossfit_nuisance_OPE,season-weighted final PA W per selected current decision; no summed PA policy gain,Q/value/delta/gain: raw W; outcome MSE: W^2; probabilities/coverage: fraction; sample counts: explicit rows/PA/games,Take_adjudicated,Swing_offer_including_bunts,2-0,,,fixed_score_sensitivity,,,,
count,2-0,fixed_score_cluster_batter,22792.0,,,,-0.0545217645325881,False,-0.0866779039049311,-0.0223656251602451,584.0,bcap_swing__mlb_2023__20260909__r01,BCAP-SWING-v0.1.0,swing,2023,COMPLETE,fixed_development_policy_external_crossfit_nuisance_OPE,season-weighted final PA W per selected current decision; no summed PA policy gain,Q/value/delta/gain: raw W; outcome MSE: W^2; probabilities/coverage: fraction; sample counts: explicit rows/PA/games,Take_adjudicated,Swing_offer_including_bunts,2-0,,,fixed_score_sensitivity,,,,
count,2-1,untrimmed,37379.0,0.9995721353122076,0.3571825885901021,0.296161115609992,-0.0610214729801101,True,,,,bcap_swing__mlb_2023__20260909__r01,BCAP-SWING-v0.1.0,swing,2023,COMPLETE,fixed_development_policy_external_crossfit_nuisance_OPE,season-weighted final PA W per selected current decision; no summed PA policy gain,Q/value/delta/gain: raw W; outcome MSE: W^2; probabilities/coverage: fraction; sample counts: explicit rows/PA/games,Take_adjudicated,Swing_offer_including_bunts,2-1,,,fixed_score_sensitivity,,,,
count,2-1,trim_002,37061.0,0.991068324642332,0.3579328171017027,0.2959899632496603,-0.0619428538520424,True,,,,bcap_swing__mlb_2023__20260909__r01,BCAP-SWING-v0.1.0,swing,2023,COMPLETE,fixed_development_policy_external_crossfit_nuisance_OPE,season-weighted final PA W per selected current decision; no summed PA policy gain,Q/value/delta/gain: raw W; outcome MSE: W^2; probabilities/coverage: fraction; sample counts: explicit rows/PA/games,Take_adjudicated,Swing_offer_including_bunts,2-1,,,fixed_score_sensitivity,,,,
count,2-1,trim_005,36565.0,0.9778045193207648,0.3561878994311231,0.2967778143151006,-0.0594100851160225,False,,,,bcap_swing__mlb_2023__20260909__r01,BCAP-SWING-v0.1.0,swing,2023,COMPLETE,fixed_development_policy_external_crossfit_nuisance_OPE,season-weighted final PA W per selected current decision; no summed PA policy gain,Q/value/delta/gain: raw W; outcome MSE: W^2; probabilities/coverage: fraction; sample counts: explicit rows/PA/games,Take_adjudicated,Swing_offer_including_bunts,2-1,,,fixed_score_sensitivity,,,,
count,2-1,trim_010,32614.0,0.8721486829790079,0.3632050892586081,0.2939568936713999,-0.0692481955872082,True,,,,bcap_swing__mlb_2023__20260909__r01,BCAP-SWING-v0.1.0,swing,2023,COMPLETE,fixed_development_policy_external_crossfit_nuisance_OPE,season-weighted final PA W per selected current decision; no summed PA policy gain,Q/value/delta/gain: raw W; outcome MSE: W^2; probabilities/coverage: fraction; sample counts: explicit rows/PA/games,Take_adjudicated,Swing_offer_including_bunts,2-1,,,fixed_score_sensitivity,,,,
count,2-1,clip_010_same_target,36565.0,0.9778045193207648,0.3565962841878034,0.2966419909686608,-0.0599542932191425,False,,,,bcap_swing__mlb_2023__20260909__r01,BCAP-SWING-v0.1.0,swing,2023,COMPLETE,fixed_development_policy_external_crossfit_nuisance_OPE,season-weighted final PA W per selected current decision; no summed PA policy gain,Q/value/delta/gain: raw W; outcome MSE: W^2; probabilities/coverage: fraction; sample counts: explicit rows/PA/games,Take_adjudicated,Swing_offer_including_bunts,2-1,,,fixed_score_sensitivity,,,,
count,2-1,first_count_visit,36565.0,0.9778045193207648,0.3561878994311231,0.2967778143151006,-0.0594100851160225,True,,,,bcap_swing__mlb_2023__20260909__r01,BCAP-SWING-v0.1.0,swing,2023,COMPLETE,fixed_development_policy_external_crossfit_nuisance_OPE,season-weighted final PA W per selected current decision; no summed PA policy gain,Q/value/delta/gain: raw W; outcome MSE: W^2; probabilities/coverage: fraction; sample counts: explicit rows/PA/games,Take_adjudicated,Swing_offer_including_bunts,2-1,,,fixed_score_sensitivity,,,,
count,2-1,fixed_score_cluster_pitcher,36565.0,,,,-0.0594100851160225,False,-0.086378162403598,-0.0324420078284471,840.0,bcap_swing__mlb_2023__20260909__r01,BCAP-SWING-v0.1.0,swing,2023,COMPLETE,fixed_development_policy_external_crossfit_nuisance_OPE,season-weighted final PA W per selected current decision; no summed PA policy gain,Q/value/delta/gain: raw W; outcome MSE: W^2; probabilities/coverage: fraction; sample counts: explicit rows/PA/games,Take_adjudicated,Swing_offer_including_bunts,2-1,,,fixed_score_sensitivity,,,,
count,2-1,fixed_score_cluster_batter,36565.0,,,,-0.0594100851160225,False,-0.0845944329168646,-0.0342257373151805,588.0,bcap_swing__mlb_2023__20260909__r01,BCAP-SWING-v0.1.0,swing,2023,COMPLETE,fixed_development_policy_external_crossfit_nuisance_OPE,season-weighted final PA W per selected current decision; no summed PA policy gain,Q/value/delta/gain: raw W; outcome MSE: W^2; probabilities/coverage: fraction; sample counts: explicit rows/PA/games,Take_adjudicated,Swing_offer_including_bunts,2-1,,,fixed_score_sensitivity,,,,
count,2-2,untrimmed,59449.0,0.9995964555344442,0.2282325505695745,0.2124674110049385,-0.015765139564636,True,,,,bcap_swing__mlb_2023__20260909__r01,BCAP-SWING-v0.1.0,swing,2023,COMPLETE,fixed_development_policy_external_crossfit_nuisance_OPE,season-weighted final PA W per selected current decision; no summed PA policy gain,Q/value/delta/gain: raw W; outcome MSE: W^2; probabilities/coverage: fraction; sample counts: explicit rows/PA/games,Take_adjudicated,Swing_offer_including_bunts,2-2,,,fixed_score_sensitivity,,,,
count,2-2,trim_002,58996.0,0.9919795537470784,0.2285117616993747,0.2129855930849643,-0.0155261686144103,True,,,,bcap_swing__mlb_2023__20260909__r01,BCAP-SWING-v0.1.0,swing,2023,COMPLETE,fixed_development_policy_external_crossfit_nuisance_OPE,season-weighted final PA W per selected current decision; no summed PA policy gain,Q/value/delta/gain: raw W; outcome MSE: W^2; probabilities/coverage: fraction; sample counts: explicit rows/PA/games,Take_adjudicated,Swing_offer_including_bunts,2-2,,,fixed_score_sensitivity,,,,
count,2-2,trim_005,56727.0,0.953827787399324,0.2308869978987349,0.2106214251401594,-0.0202655727585755,False,,,,bcap_swing__mlb_2023__20260909__r01,BCAP-SWING-v0.1.0,swing,2023,COMPLETE,fixed_development_policy_external_crossfit_nuisance_OPE,season-weighted final PA W per selected current decision; no summed PA policy gain,Q/value/delta/gain: raw W; outcome MSE: W^2; probabilities/coverage: fraction; sample counts: explicit rows/PA/games,Take_adjudicated,Swing_offer_including_bunts,2-2,,,fixed_score_sensitivity,,,,
count,2-2,trim_010,43676.0,0.7343836699006272,0.2720506625834136,0.1937970440914359,-0.0782536184919777,True,,,,bcap_swing__mlb_2023__20260909__r01,BCAP-SWING-v0.1.0,swing,2023,COMPLETE,fixed_development_policy_external_crossfit_nuisance_OPE,season-weighted final PA W per selected current decision; no summed PA policy gain,Q/value/delta/gain: raw W; outcome MSE: W^2; probabilities/coverage: fraction; sample counts: explicit rows/PA/games,Take_adjudicated,Swing_offer_including_bunts,2-2,,,fixed_score_sensitivity,,,,
count,2-2,clip_010_same_target,56727.0,0.953827787399324,0.2368684448428364,0.2109127566373095,-0.0259556882055269,False,,,,bcap_swing__mlb_2023__20260909__r01,BCAP-SWING-v0.1.0,swing,2023,COMPLETE,fixed_development_policy_external_crossfit_nuisance_OPE,season-weighted final PA W per selected current decision; no summed PA policy gain,Q/value/delta/gain: raw W; outcome MSE: W^2; probabilities/coverage: fraction; sample counts: explicit rows/PA/games,Take_adjudicated,Swing_offer_including_bunts,2-2,,,fixed_score_sensitivity,,,,
count,2-2,first_count_visit,42684.0,0.7177038319909875,0.2285643299136678,0.208536868075458,-0.0200274618382098,True,,,,bcap_swing__mlb_2023__20260909__r01,BCAP-SWING-v0.1.0,swing,2023,COMPLETE,fixed_development_policy_external_crossfit_nuisance_OPE,season-weighted final PA W per selected current decision; no summed PA policy gain,Q/value/delta/gain: raw W; outcome MSE: W^2; probabilities/coverage: fraction; sample counts: explicit rows/PA/games,Take_adjudicated,Swing_offer_including_bunts,2-2,,,fixed_score_sensitivity,,,,
count,2-2,fixed_score_cluster_pitcher,56727.0,,,,-0.0202655727585755,False,-0.0374279918251533,-0.0031031536919976,828.0,bcap_swing__mlb_2023__20260909__r01,BCAP-SWING-v0.1.0,swing,2023,COMPLETE,fixed_development_policy_external_crossfit_nuisance_OPE,season-weighted final PA W per selected current decision; no summed PA policy gain,Q/value/delta/gain: raw W; outcome MSE: W^2; probabilities/coverage: fraction; sample counts: explicit rows/PA/games,Take_adjudicated,Swing_offer_including_bunts,2-2,,,fixed_score_sensitivity,,,,
count,2-2,fixed_score_cluster_batter,56727.0,,,,-0.0202655727585755,False,-0.0369313218573452,-0.0035998236598057,593.0,bcap_swing__mlb_2023__20260909__r01,BCAP-SWING-v0.1.0,swing,2023,COMPLETE,fixed_development_policy_external_crossfit_nuisance_OPE,season-weighted final PA W per selected current decision; no summed PA policy gain,Q/value/delta/gain: raw W; outcome MSE: W^2; probabilities/coverage: fraction; sample counts: explicit rows/PA/games,Take_adjudicated,Swing_offer_including_bunts,2-2,,,fixed_score_sensitivity,,,,
count,3-0,untrimmed,7319.0,0.999863387978142,0.5576155127111646,0.4149841011001333,-0.1426314116110313,True,,,,bcap_swing__mlb_2023__20260909__r01,BCAP-SWING-v0.1.0,swing,2023,COMPLETE,fixed_development_policy_external_crossfit_nuisance_OPE,season-weighted final PA W per selected current decision; no summed PA policy gain,Q/value/delta/gain: raw W; outcome MSE: W^2; probabilities/coverage: fraction; sample counts: explicit rows/PA/games,Take_adjudicated,Swing_offer_including_bunts,3-0,,,fixed_score_sensitivity,,,,
count,3-0,trim_002,7087.0,0.968169398907104,0.5540434788424413,0.4208671424454115,-0.1331763363970298,True,,,,bcap_swing__mlb_2023__20260909__r01,BCAP-SWING-v0.1.0,swing,2023,COMPLETE,fixed_development_policy_external_crossfit_nuisance_OPE,season-weighted final PA W per selected current decision; no summed PA policy gain,Q/value/delta/gain: raw W; outcome MSE: W^2; probabilities/coverage: fraction; sample counts: explicit rows/PA/games,Take_adjudicated,Swing_offer_including_bunts,3-0,,,fixed_score_sensitivity,,,,
count,3-0,trim_005,6452.0,0.8814207650273224,0.5407031670666016,0.4361554277145035,-0.104547739352098,False,,,,bcap_swing__mlb_2023__20260909__r01,BCAP-SWING-v0.1.0,swing,2023,COMPLETE,fixed_development_policy_external_crossfit_nuisance_OPE,season-weighted final PA W per selected current decision; no summed PA policy gain,Q/value/delta/gain: raw W; outcome MSE: W^2; probabilities/coverage: fraction; sample counts: explicit rows/PA/games,Take_adjudicated,Swing_offer_including_bunts,3-0,,,fixed_score_sensitivity,,,,
count,3-0,trim_010,4114.0,0.5620218579234972,0.5167843914626237,0.455183855655332,-0.0616005358072917,True,,,,bcap_swing__mlb_2023__20260909__r01,BCAP-SWING-v0.1.0,swing,2023,COMPLETE,fixed_development_policy_external_crossfit_nuisance_OPE,season-weighted final PA W per selected current decision; no summed PA policy gain,Q/value/delta/gain: raw W; outcome MSE: W^2; probabilities/coverage: fraction; sample counts: explicit rows/PA/games,Take_adjudicated,Swing_offer_including_bunts,3-0,,,fixed_score_sensitivity,,,,
count,3-0,clip_010_same_target,6452.0,0.8814207650273224,0.5411635895525648,0.4301420335774528,-0.1110215559751119,False,,,,bcap_swing__mlb_2023__20260909__r01,BCAP-SWING-v0.1.0,swing,2023,COMPLETE,fixed_development_policy_external_crossfit_nuisance_OPE,season-weighted final PA W per selected current decision; no summed PA policy gain,Q/value/delta/gain: raw W; outcome MSE: W^2; probabilities/coverage: fraction; sample counts: explicit rows/PA/games,Take_adjudicated,Swing_offer_including_bunts,3-0,,,fixed_score_sensitivity,,,,
count,3-0,first_count_visit,6452.0,0.8814207650273224,0.5407031670666016,0.4361554277145035,-0.104547739352098,True,,,,bcap_swing__mlb_2023__20260909__r01,BCAP-SWING-v0.1.0,swing,2023,COMPLETE,fixed_development_policy_external_crossfit_nuisance_OPE,season-weighted final PA W per selected current decision; no summed PA policy gain,Q/value/delta/gain: raw W; outcome MSE: W^2; probabilities/coverage: fraction; sample counts: explicit rows/PA/games,Take_adjudicated,Swing_offer_including_bunts,3-0,,,fixed_score_sensitivity,,,,
count,3-0,fixed_score_cluster_pitcher,6452.0,,,,-0.104547739352098,False,-0.1883124680127426,-0.0207830106914534,750.0,bcap_swing__mlb_2023__20260909__r01,BCAP-SWING-v0.1.0,swing,2023,COMPLETE,fixed_development_policy_external_crossfit_nuisance_OPE,season-weighted final PA W per selected current decision; no summed PA policy gain,Q/value/delta/gain: raw W; outcome MSE: W^2; probabilities/coverage: fraction; sample counts: explicit rows/PA/games,Take_adjudicated,Swing_offer_including_bunts,3-0,,,fixed_score_sensitivity,,,,
count,3-0,fixed_score_cluster_batter,6452.0,,,,-0.104547739352098,False,-0.1893044782419947,-0.0197910004622013,552.0,bcap_swing__mlb_2023__20260909__r01,BCAP-SWING-v0.1.0,swing,2023,COMPLETE,fixed_development_policy_external_crossfit_nuisance_OPE,season-weighted final PA W per selected current decision; no summed PA policy gain,Q/value/delta/gain: raw W; outcome MSE: W^2; probabilities/coverage: fraction; sample counts: explicit rows/PA/games,Take_adjudicated,Swing_offer_including_bunts,3-0,,,fixed_score_sensitivity,,,,
count,3-1,untrimmed,15555.0,0.9996144206670522,0.4996612340647466,0.3768466387885541,-0.1228145952761924,True,,,,bcap_swing__mlb_2023__20260909__r01,BCAP-SWING-v0.1.0,swing,2023,COMPLETE,fixed_development_policy_external_crossfit_nuisance_OPE,season-weighted final PA W per selected current decision; no summed PA policy gain,Q/value/delta/gain: raw W; outcome MSE: W^2; probabilities/coverage: fraction; sample counts: explicit rows/PA/games,Take_adjudicated,Swing_offer_including_bunts,3-1,,,fixed_score_sensitivity,,,,
count,3-1,trim_002,15422.0,0.9910674121200436,0.4989087615185698,0.3734526980071957,-0.1254560635113741,True,,,,bcap_swing__mlb_2023__20260909__r01,BCAP-SWING-v0.1.0,swing,2023,COMPLETE,fixed_development_policy_external_crossfit_nuisance_OPE,season-weighted final PA W per selected current decision; no summed PA policy gain,Q/value/delta/gain: raw W; outcome MSE: W^2; probabilities/coverage: fraction; sample counts: explicit rows/PA/games,Take_adjudicated,Swing_offer_including_bunts,3-1,,,fixed_score_sensitivity,,,,
count,3-1,trim_005,15177.0,0.9753229226913438,0.4957358696069005,0.3753430216887116,-0.1203928479181889,False,,,,bcap_swing__mlb_2023__20260909__r01,BCAP-SWING-v0.1.0,swing,2023,COMPLETE,fixed_development_policy_external_crossfit_nuisance_OPE,season-weighted final PA W per selected current decision; no summed PA policy gain,Q/value/delta/gain: raw W; outcome MSE: W^2; probabilities/coverage: fraction; sample counts: explicit rows/PA/games,Take_adjudicated,Swing_offer_including_bunts,3-1,,,fixed_score_sensitivity,,,,
count,3-1,trim_010,13860.0,0.8906882591093117,0.4874337068883524,0.376341509895898,-0.1110921969924543,True,,,,bcap_swing__mlb_2023__20260909__r01,BCAP-SWING-v0.1.0,swing,2023,COMPLETE,fixed_development_policy_external_crossfit_nuisance_OPE,season-weighted final PA W per selected current decision; no summed PA policy gain,Q/value/delta/gain: raw W; outcome MSE: W^2; probabilities/coverage: fraction; sample counts: explicit rows/PA/games,Take_adjudicated,Swing_offer_including_bunts,3-1,,,fixed_score_sensitivity,,,,
count,3-1,clip_010_same_target,15177.0,0.9753229226913438,0.4954060872544897,0.3753071250213639,-0.1200989622331257,False,,,,bcap_swing__mlb_2023__20260909__r01,BCAP-SWING-v0.1.0,swing,2023,COMPLETE,fixed_development_policy_external_crossfit_nuisance_OPE,season-weighted final PA W per selected current decision; no summed PA policy gain,Q/value/delta/gain: raw W; outcome MSE: W^2; probabilities/coverage: fraction; sample counts: explicit rows/PA/games,Take_adjudicated,Swing_offer_including_bunts,3-1,,,fixed_score_sensitivity,,,,
count,3-1,first_count_visit,15176.0,0.9752586594691858,0.4956550646520826,0.3753425158886144,-0.1203125487634681,True,,,,bcap_swing__mlb_2023__20260909__r01,BCAP-SWING-v0.1.0,swing,2023,COMPLETE,fixed_development_policy_external_crossfit_nuisance_OPE,season-weighted final PA W per selected current decision; no summed PA policy gain,Q/value/delta/gain: raw W; outcome MSE: W^2; probabilities/coverage: fraction; sample counts: explicit rows/PA/games,Take_adjudicated,Swing_offer_including_bunts,3-1,,,fixed_score_sensitivity,,,,
count,3-1,fixed_score_cluster_pitcher,15177.0,,,,-0.1203928479181889,False,-0.1612811303720048,-0.079504565464373,808.0,bcap_swing__mlb_2023__20260909__r01,BCAP-SWING-v0.1.0,swing,2023,COMPLETE,fixed_development_policy_external_crossfit_nuisance_OPE,season-weighted final PA W per selected current decision; no summed PA policy gain,Q/value/delta/gain: raw W; outcome MSE: W^2; probabilities/coverage: fraction; sample counts: explicit rows/PA/games,Take_adjudicated,Swing_offer_including_bunts,3-1,,,fixed_score_sensitivity,,,,
count,3-1,fixed_score_cluster_batter,15177.0,,,,-0.1203928479181889,False,-0.1606499193139089,-0.0801357765224689,582.0,bcap_swing__mlb_2023__20260909__r01,BCAP-SWING-v0.1.0,swing,2023,COMPLETE,fixed_development_policy_external_crossfit_nuisance_OPE,season-weighted final PA W per selected current decision; no summed PA policy gain,Q/value/delta/gain: raw W; outcome MSE: W^2; probabilities/coverage: fraction; sample counts: explicit rows/PA/games,Take_adjudicated,Swing_offer_including_bunts,3-1,,,fixed_score_sensitivity,,,,
count,3-2,untrimmed,36190.0,0.9996685266007402,0.3334744192332177,0.2773244929949664,-0.0561499262382512,True,,,,bcap_swing__mlb_2023__20260909__r01,BCAP-SWING-v0.1.0,swing,2023,COMPLETE,fixed_development_policy_external_crossfit_nuisance_OPE,season-weighted final PA W per selected current decision; no summed PA policy gain,Q/value/delta/gain: raw W; outcome MSE: W^2; probabilities/coverage: fraction; sample counts: explicit rows/PA/games,Take_adjudicated,Swing_offer_including_bunts,3-2,,,fixed_score_sensitivity,,,,
count,3-2,trim_002,35946.0,0.9929285674824596,0.3330811444689585,0.2782187296683275,-0.054862414800631,True,,,,bcap_swing__mlb_2023__20260909__r01,BCAP-SWING-v0.1.0,swing,2023,COMPLETE,fixed_development_policy_external_crossfit_nuisance_OPE,season-weighted final PA W per selected current decision; no summed PA policy gain,Q/value/delta/gain: raw W; outcome MSE: W^2; probabilities/coverage: fraction; sample counts: explicit rows/PA/games,Take_adjudicated,Swing_offer_including_bunts,3-2,,,fixed_score_sensitivity,,,,
count,3-2,trim_005,34574.0,0.955030108833766,0.3391816604333574,0.275734846486003,-0.0634468139473544,False,,,,bcap_swing__mlb_2023__20260909__r01,BCAP-SWING-v0.1.0,swing,2023,COMPLETE,fixed_development_policy_external_crossfit_nuisance_OPE,season-weighted final PA W per selected current decision; no summed PA policy gain,Q/value/delta/gain: raw W; outcome MSE: W^2; probabilities/coverage: fraction; sample counts: explicit rows/PA/games,Take_adjudicated,Swing_offer_including_bunts,3-2,,,fixed_score_sensitivity,,,,
count,3-2,trim_010,25432.0,0.7025026241644108,0.4228381093286551,0.2504817302303653,-0.1723563790982898,True,,,,bcap_swing__mlb_2023__20260909__r01,BCAP-SWING-v0.1.0,swing,2023,COMPLETE,fixed_development_policy_external_crossfit_nuisance_OPE,season-weighted final PA W per selected current decision; no summed PA policy gain,Q/value/delta/gain: raw W; outcome MSE: W^2; probabilities/coverage: fraction; sample counts: explicit rows/PA/games,Take_adjudicated,Swing_offer_including_bunts,3-2,,,fixed_score_sensitivity,,,,
count,3-2,clip_010_same_target,34574.0,0.955030108833766,0.3520847883764085,0.2760030908278378,-0.0760816975485706,False,,,,bcap_swing__mlb_2023__20260909__r01,BCAP-SWING-v0.1.0,swing,2023,COMPLETE,fixed_development_policy_external_crossfit_nuisance_OPE,season-weighted final PA W per selected current decision; no summed PA policy gain,Q/value/delta/gain: raw W; outcome MSE: W^2; probabilities/coverage: fraction; sample counts: explicit rows/PA/games,Take_adjudicated,Swing_offer_including_bunts,3-2,,,fixed_score_sensitivity,,,,
count,3-2,first_count_visit,24906.0,0.6879730401635269,0.3366987720942274,0.2724160372899229,-0.0642827348043044,True,,,,bcap_swing__mlb_2023__20260909__r01,BCAP-SWING-v0.1.0,swing,2023,COMPLETE,fixed_development_policy_external_crossfit_nuisance_OPE,season-weighted final PA W per selected current decision; no summed PA policy gain,Q/value/delta/gain: raw W; outcome MSE: W^2; probabilities/coverage: fraction; sample counts: explicit rows/PA/games,Take_adjudicated,Swing_offer_including_bunts,3-2,,,fixed_score_sensitivity,,,,
count,3-2,fixed_score_cluster_pitcher,34574.0,,,,-0.0634468139473544,False,-0.0889846108394446,-0.0379090170552642,818.0,bcap_swing__mlb_2023__20260909__r01,BCAP-SWING-v0.1.0,swing,2023,COMPLETE,fixed_development_policy_external_crossfit_nuisance_OPE,season-weighted final PA W per selected current decision; no summed PA policy gain,Q/value/delta/gain: raw W; outcome MSE: W^2; probabilities/coverage: fraction; sample counts: explicit rows/PA/games,Take_adjudicated,Swing_offer_including_bunts,3-2,,,fixed_score_sensitivity,,,,
count,3-2,fixed_score_cluster_batter,34574.0,,,,-0.0634468139473544,False,-0.0873332916829297,-0.0395603362117791,585.0,bcap_swing__mlb_2023__20260909__r01,BCAP-SWING-v0.1.0,swing,2023,COMPLETE,fixed_development_policy_external_crossfit_nuisance_OPE,season-weighted final PA W per selected current decision; no summed PA policy gain,Q/value/delta/gain: raw W; outcome MSE: W^2; probabilities/coverage: fraction; sample counts: explicit rows/PA/games,Take_adjudicated,Swing_offer_including_bunts,3-2,,,fixed_score_sensitivity,,,,
cell,0-0|BOUNDARY|FB,untrimmed,29225.0,1.0,0.2882994886530727,0.3041520393325659,0.0158525506794932,True,,,,bcap_swing__mlb_2023__20260909__r01,BCAP-SWING-v0.1.0,swing,2023,COMPLETE,fixed_development_policy_external_crossfit_nuisance_OPE,season-weighted final PA W per selected current decision; no summed PA policy gain,Q/value/delta/gain: raw W; outcome MSE: W^2; probabilities/coverage: fraction; sample counts: explicit rows/PA/games,Take_adjudicated,Swing_offer_including_bunts,0-0,BOUNDARY,FB,fixed_score_sensitivity,,,,
cell,0-0|BOUNDARY|FB,trim_002,29034.0,0.993464499572284,0.2887892658944805,0.3041830955876519,0.0153938296931713,True,,,,bcap_swing__mlb_2023__20260909__r01,BCAP-SWING-v0.1.0,swing,2023,COMPLETE,fixed_development_policy_external_crossfit_nuisance_OPE,season-weighted final PA W per selected current decision; no summed PA policy gain,Q/value/delta/gain: raw W; outcome MSE: W^2; probabilities/coverage: fraction; sample counts: explicit rows/PA/games,Take_adjudicated,Swing_offer_including_bunts,0-0,BOUNDARY,FB,fixed_score_sensitivity,,,,
cell,0-0|BOUNDARY|FB,trim_005,29034.0,0.993464499572284,0.2887892658944805,0.3041830955876519,0.0153938296931713,False,,,,bcap_swing__mlb_2023__20260909__r01,BCAP-SWING-v0.1.0,swing,2023,COMPLETE,fixed_development_policy_external_crossfit_nuisance_OPE,season-weighted final PA W per selected current decision; no summed PA policy gain,Q/value/delta/gain: raw W; outcome MSE: W^2; probabilities/coverage: fraction; sample counts: explicit rows/PA/games,Take_adjudicated,Swing_offer_including_bunts,0-0,BOUNDARY,FB,fixed_score_sensitivity,,,,
cell,0-0|BOUNDARY|FB,trim_010,29024.0,0.9931223267750214,0.2886781751653827,0.3043890889315475,0.0157109137661647,True,,,,bcap_swing__mlb_2023__20260909__r01,BCAP-SWING-v0.1.0,swing,2023,COMPLETE,fixed_development_policy_external_crossfit_nuisance_OPE,season-weighted final PA W per selected current decision; no summed PA policy gain,Q/value/delta/gain: raw W; outcome MSE: W^2; probabilities/coverage: fraction; sample counts: explicit rows/PA/games,Take_adjudicated,Swing_offer_including_bunts,0-0,BOUNDARY,FB,fixed_score_sensitivity,,,,
cell,0-0|BOUNDARY|FB,clip_010_same_target,29034.0,0.993464499572284,0.288790512116844,0.3041979873973388,0.0154074752804947,False,,,,bcap_swing__mlb_2023__20260909__r01,BCAP-SWING-v0.1.0,swing,2023,COMPLETE,fixed_development_policy_external_crossfit_nuisance_OPE,season-weighted final PA W per selected current decision; no summed PA policy gain,Q/value/delta/gain: raw W; outcome MSE: W^2; probabilities/coverage: fraction; sample counts: explicit rows/PA/games,Take_adjudicated,Swing_offer_including_bunts,0-0,BOUNDARY,FB,fixed_score_sensitivity,,,,
cell,0-0|BOUNDARY|FB,first_count_visit,29034.0,0.993464499572284,0.2887892658944805,0.3041830955876519,0.0153938296931713,True,,,,bcap_swing__mlb_2023__20260909__r01,BCAP-SWING-v0.1.0,swing,2023,COMPLETE,fixed_development_policy_external_crossfit_nuisance_OPE,season-weighted final PA W per selected current decision; no summed PA policy gain,Q/value/delta/gain: raw W; outcome MSE: W^2; probabilities/coverage: fraction; sample counts: explicit rows/PA/games,Take_adjudicated,Swing_offer_including_bunts,0-0,BOUNDARY,FB,fixed_score_sensitivity,,,,
cell,0-0|BOUNDARY|FB,fixed_score_cluster_pitcher,29034.0,,,,0.0153938296931713,False,-0.0147510088565361,0.0455386682428788,783.0,bcap_swing__mlb_2023__20260909__r01,BCAP-SWING-v0.1.0,swing,2023,COMPLETE,fixed_development_policy_external_crossfit_nuisance_OPE,season-weighted final PA W per selected current decision; no summed PA policy gain,Q/value/delta/gain: raw W; outcome MSE: W^2; probabilities/coverage: fraction; sample counts: explicit rows/PA/games,Take_adjudicated,Swing_offer_including_bunts,0-0,BOUNDARY,FB,fixed_score_sensitivity,,,,
cell,0-0|BOUNDARY|FB,fixed_score_cluster_batter,29034.0,,,,0.0153938296931713,False,-0.0137296574219479,0.0445173168082906,593.0,bcap_swing__mlb_2023__20260909__r01,BCAP-SWING-v0.1.0,swing,2023,COMPLETE,fixed_development_policy_external_crossfit_nuisance_OPE,season-weighted final PA W per selected current decision; no summed PA policy gain,Q/value/delta/gain: raw W; outcome MSE: W^2; probabilities/coverage: fraction; sample counts: explicit rows/PA/games,Take_adjudicated,Swing_offer_including_bunts,0-0,BOUNDARY,FB,fixed_score_sensitivity,,,,
cell,0-0|BOUNDARY|NFB,untrimmed,17618.0,1.0,0.2905613770847217,0.2886433337521193,-0.0019180433326024,True,,,,bcap_swing__mlb_2023__20260909__r01,BCAP-SWING-v0.1.0,swing,2023,COMPLETE,fixed_development_policy_external_crossfit_nuisance_OPE,season-weighted final PA W per selected current decision; no summed PA policy gain,Q/value/delta/gain: raw W; outcome MSE: W^2; probabilities/coverage: fraction; sample counts: explicit rows/PA/games,Take_adjudicated,Swing_offer_including_bunts,0-0,BOUNDARY,NFB,fixed_score_sensitivity,,,,
cell,0-0|BOUNDARY|NFB,trim_002,17503.0,0.9934725848563968,0.2908049733511237,0.2895009104624658,-0.0013040628886579,True,,,,bcap_swing__mlb_2023__20260909__r01,BCAP-SWING-v0.1.0,swing,2023,COMPLETE,fixed_development_policy_external_crossfit_nuisance_OPE,season-weighted final PA W per selected current decision; no summed PA policy gain,Q/value/delta/gain: raw W; outcome MSE: W^2; probabilities/coverage: fraction; sample counts: explicit rows/PA/games,Take_adjudicated,Swing_offer_including_bunts,0-0,BOUNDARY,NFB,fixed_score_sensitivity,,,,
cell,0-0|BOUNDARY|NFB,trim_005,17503.0,0.9934725848563968,0.2908049733511237,0.2895009104624658,-0.0013040628886579,False,,,,bcap_swing__mlb_2023__20260909__r01,BCAP-SWING-v0.1.0,swing,2023,COMPLETE,fixed_development_policy_external_crossfit_nuisance_OPE,season-weighted final PA W per selected current decision; no summed PA policy gain,Q/value/delta/gain: raw W; outcome MSE: W^2; probabilities/coverage: fraction; sample counts: explicit rows/PA/games,Take_adjudicated,Swing_offer_including_bunts,0-0,BOUNDARY,NFB,fixed_score_sensitivity,,,,
cell,0-0|BOUNDARY|NFB,trim_010,17493.0,0.9929049835395618,0.2908731977289805,0.2900350180491082,-0.0008381796798722,True,,,,bcap_swing__mlb_2023__20260909__r01,BCAP-SWING-v0.1.0,swing,2023,COMPLETE,fixed_development_policy_external_crossfit_nuisance_OPE,season-weighted final PA W per selected current decision; no summed PA policy gain,Q/value/delta/gain: raw W; outcome MSE: W^2; probabilities/coverage: fraction; sample counts: explicit rows/PA/games,Take_adjudicated,Swing_offer_including_bunts,0-0,BOUNDARY,NFB,fixed_score_sensitivity,,,,
cell,0-0|BOUNDARY|NFB,clip_010_same_target,17503.0,0.9934725848563968,0.2908036181563257,0.2895358049338528,-0.0012678132224729,False,,,,bcap_swing__mlb_2023__20260909__r01,BCAP-SWING-v0.1.0,swing,2023,COMPLETE,fixed_development_policy_external_crossfit_nuisance_OPE,season-weighted final PA W per selected current decision; no summed PA policy gain,Q/value/delta/gain: raw W; outcome MSE: W^2; probabilities/coverage: fraction; sample counts: explicit rows/PA/games,Take_adjudicated,Swing_offer_including_bunts,0-0,BOUNDARY,NFB,fixed_score_sensitivity,,,,
cell,0-0|BOUNDARY|NFB,first_count_visit,17503.0,0.9934725848563968,0.2908049733511237,0.2895009104624658,-0.0013040628886579,True,,,,bcap_swing__mlb_2023__20260909__r01,BCAP-SWING-v0.1.0,swing,2023,COMPLETE,fixed_development_policy_external_crossfit_nuisance_OPE,season-weighted final PA W per selected current decision; no summed PA policy gain,Q/value/delta/gain: raw W; outcome MSE: W^2; probabilities/coverage: fraction; sample counts: explicit rows/PA/games,Take_adjudicated,Swing_offer_including_bunts,0-0,BOUNDARY,NFB,fixed_score_sensitivity,,,,
cell,0-0|BOUNDARY|NFB,fixed_score_cluster_pitcher,17503.0,,,,-0.0013040628886579,False,-0.0390647789860119,0.036456653208696,816.0,bcap_swing__mlb_2023__20260909__r01,BCAP-SWING-v0.1.0,swing,2023,COMPLETE,fixed_development_policy_external_crossfit_nuisance_OPE,season-weighted final PA W per selected current decision; no summed PA policy gain,Q/value/delta/gain: raw W; outcome MSE: W^2; probabilities/coverage: fraction; sample counts: explicit rows/PA/games,Take_adjudicated,Swing_offer_including_bunts,0-0,BOUNDARY,NFB,fixed_score_sensitivity,,,,
cell,0-0|BOUNDARY|NFB,fixed_score_cluster_batter,17503.0,,,,-0.0013040628886579,False,-0.0401259146530534,0.0375177888757375,589.0,bcap_swing__mlb_2023__20260909__r01,BCAP-SWING-v0.1.0,swing,2023,COMPLETE,fixed_development_policy_external_crossfit_nuisance_OPE,season-weighted final PA W per selected current decision; no summed PA policy gain,Q/value/delta/gain: raw W; outcome MSE: W^2; probabilities/coverage: fraction; sample counts: explicit rows/PA/games,Take_adjudicated,Swing_offer_including_bunts,0-0,BOUNDARY,NFB,fixed_score_sensitivity,,,,
cell,0-0|INNER|FB,untrimmed,35798.0,1.0,0.2703418630730631,0.3331518918929861,0.062810028819923,True,,,,bcap_swing__mlb_2023__20260909__r01,BCAP-SWING-v0.1.0,swing,2023,COMPLETE,fixed_development_policy_external_crossfit_nuisance_OPE,season-weighted final PA W per selected current decision; no summed PA policy gain,Q/value/delta/gain: raw W; outcome MSE: W^2; probabilities/coverage: fraction; sample counts: explicit rows/PA/games,Take_adjudicated,Swing_offer_including_bunts,0-0,INNER,FB,fixed_score_sensitivity,,,,
cell,0-0|INNER|FB,trim_002,35548.0,0.9930163696295884,0.2706291589911724,0.3339720602685792,0.0633429012774067,True,,,,bcap_swing__mlb_2023__20260909__r01,BCAP-SWING-v0.1.0,swing,2023,COMPLETE,fixed_development_policy_external_crossfit_nuisance_OPE,season-weighted final PA W per selected current decision; no summed PA policy gain,Q/value/delta/gain: raw W; outcome MSE: W^2; probabilities/coverage: fraction; sample counts: explicit rows/PA/games,Take_adjudicated,Swing_offer_including_bunts,0-0,INNER,FB,fixed_score_sensitivity,,,,
cell,0-0|INNER|FB,trim_005,35548.0,0.9930163696295884,0.2706291589911724,0.3339720602685792,0.0633429012774067,False,,,,bcap_swing__mlb_2023__20260909__r01,BCAP-SWING-v0.1.0,swing,2023,COMPLETE,fixed_development_policy_external_crossfit_nuisance_OPE,season-weighted final PA W per selected current decision; no summed PA policy gain,Q/value/delta/gain: raw W; outcome MSE: W^2; probabilities/coverage: fraction; sample counts: explicit rows/PA/games,Take_adjudicated,Swing_offer_including_bunts,0-0,INNER,FB,fixed_score_sensitivity,,,,
cell,0-0|INNER|FB,trim_010,35548.0,0.9930163696295884,0.2706291589911724,0.3339720602685792,0.0633429012774067,True,,,,bcap_swing__mlb_2023__20260909__r01,BCAP-SWING-v0.1.0,swing,2023,COMPLETE,fixed_development_policy_external_crossfit_nuisance_OPE,season-weighted final PA W per selected current decision; no summed PA policy gain,Q/value/delta/gain: raw W; outcome MSE: W^2; probabilities/coverage: fraction; sample counts: explicit rows/PA/games,Take_adjudicated,Swing_offer_including_bunts,0-0,INNER,FB,fixed_score_sensitivity,,,,
cell,0-0|INNER|FB,clip_010_same_target,35548.0,0.9930163696295884,0.2706291589911724,0.3339720602685792,0.0633429012774067,False,,,,bcap_swing__mlb_2023__20260909__r01,BCAP-SWING-v0.1.0,swing,2023,COMPLETE,fixed_development_policy_external_crossfit_nuisance_OPE,season-weighted final PA W per selected current decision; no summed PA policy gain,Q/value/delta/gain: raw W; outcome MSE: W^2; probabilities/coverage: fraction; sample counts: explicit rows/PA/games,Take_adjudicated,Swing_offer_including_bunts,0-0,INNER,FB,fixed_score_sensitivity,,,,
cell,0-0|INNER|FB,first_count_visit,35548.0,0.9930163696295884,0.2706291589911724,0.3339720602685792,0.0633429012774067,True,,,,bcap_swing__mlb_2023__20260909__r01,BCAP-SWING-v0.1.0,swing,2023,COMPLETE,fixed_development_policy_external_crossfit_nuisance_OPE,season-weighted final PA W per selected current decision; no summed PA policy gain,Q/value/delta/gain: raw W; outcome MSE: W^2; probabilities/coverage: fraction; sample counts: explicit rows/PA/games,Take_adjudicated,Swing_offer_including_bunts,0-0,INNER,FB,fixed_score_sensitivity,,,,
cell,0-0|INNER|FB,fixed_score_cluster_pitcher,35548.0,,,,0.0633429012774067,False,0.0393684038452916,0.0873173987095218,786.0,bcap_swing__mlb_2023__20260909__r01,BCAP-SWING-v0.1.0,swing,2023,COMPLETE,fixed_development_policy_external_crossfit_nuisance_OPE,season-weighted final PA W per selected current decision; no summed PA policy gain,Q/value/delta/gain: raw W; outcome MSE: W^2; probabilities/coverage: fraction; sample counts: explicit rows/PA/games,Take_adjudicated,Swing_offer_including_bunts,0-0,INNER,FB,fixed_score_sensitivity,,,,
cell,0-0|INNER|FB,fixed_score_cluster_batter,35548.0,,,,0.0633429012774067,False,0.0380571871816058,0.0886286153732075,595.0,bcap_swing__mlb_2023__20260909__r01,BCAP-SWING-v0.1.0,swing,2023,COMPLETE,fixed_development_policy_external_crossfit_nuisance_OPE,season-weighted final PA W per selected current decision; no summed PA policy gain,Q/value/delta/gain: raw W; outcome MSE: W^2; probabilities/coverage: fraction; sample counts: explicit rows/PA/games,Take_adjudicated,Swing_offer_including_bunts,0-0,INNER,FB,fixed_score_sensitivity,,,,
cell,0-0|INNER|NFB,untrimmed,20252.0,1.0,0.2701687644477867,0.3367159489339947,0.0665471844862079,True,,,,bcap_swing__mlb_2023__20260909__r01,BCAP-SWING-v0.1.0,swing,2023,COMPLETE,fixed_development_policy_external_crossfit_nuisance_OPE,season-weighted final PA W per selected current decision; no summed PA policy gain,Q/value/delta/gain: raw W; outcome MSE: W^2; probabilities/coverage: fraction; sample counts: explicit rows/PA/games,Take_adjudicated,Swing_offer_including_bunts,0-0,INNER,NFB,fixed_score_sensitivity,,,,
cell,0-0|INNER|NFB,trim_002,20130.0,0.993975903614458,0.2707483466293038,0.3369843054494242,0.0662359588201203,True,,,,bcap_swing__mlb_2023__20260909__r01,BCAP-SWING-v0.1.0,swing,2023,COMPLETE,fixed_development_policy_external_crossfit_nuisance_OPE,season-weighted final PA W per selected current decision; no summed PA policy gain,Q/value/delta/gain: raw W; outcome MSE: W^2; probabilities/coverage: fraction; sample counts: explicit rows/PA/games,Take_adjudicated,Swing_offer_including_bunts,0-0,INNER,NFB,fixed_score_sensitivity,,,,
cell,0-0|INNER|NFB,trim_005,20130.0,0.993975903614458,0.2707483466293038,0.3369843054494242,0.0662359588201203,False,,,,bcap_swing__mlb_2023__20260909__r01,BCAP-SWING-v0.1.0,swing,2023,COMPLETE,fixed_development_policy_external_crossfit_nuisance_OPE,season-weighted final PA W per selected current decision; no summed PA policy gain,Q/value/delta/gain: raw W; outcome MSE: W^2; probabilities/coverage: fraction; sample counts: explicit rows/PA/games,Take_adjudicated,Swing_offer_including_bunts,0-0,INNER,NFB,fixed_score_sensitivity,,,,
cell,0-0|INNER|NFB,trim_010,20130.0,0.993975903614458,0.2707483466293038,0.3369843054494242,0.0662359588201203,True,,,,bcap_swing__mlb_2023__20260909__r01,BCAP-SWING-v0.1.0,swing,2023,COMPLETE,fixed_development_policy_external_crossfit_nuisance_OPE,season-weighted final PA W per selected current decision; no summed PA policy gain,Q/value/delta/gain: raw W; outcome MSE: W^2; probabilities/coverage: fraction; sample counts: explicit rows/PA/games,Take_adjudicated,Swing_offer_including_bunts,0-0,INNER,NFB,fixed_score_sensitivity,,,,
cell,0-0|INNER|NFB,clip_010_same_target,20130.0,0.993975903614458,0.2707483466293038,0.3369843054494242,0.0662359588201203,False,,,,bcap_swing__mlb_2023__20260909__r01,BCAP-SWING-v0.1.0,swing,2023,COMPLETE,fixed_development_policy_external_crossfit_nuisance_OPE,season-weighted final PA W per selected current decision; no summed PA policy gain,Q/value/delta/gain: raw W; outcome MSE: W^2; probabilities/coverage: fraction; sample counts: explicit rows/PA/games,Take_adjudicated,Swing_offer_including_bunts,0-0,INNER,NFB,fixed_score_sensitivity,,,,
cell,0-0|INNER|NFB,first_count_visit,20130.0,0.993975903614458,0.2707483466293038,0.3369843054494242,0.0662359588201203,True,,,,bcap_swing__mlb_2023__20260909__r01,BCAP-SWING-v0.1.0,swing,2023,COMPLETE,fixed_development_policy_external_crossfit_nuisance_OPE,season-weighted final PA W per selected current decision; no summed PA policy gain,Q/value/delta/gain: raw W; outcome MSE: W^2; probabilities/coverage: fraction; sample counts: explicit rows/PA/games,Take_adjudicated,Swing_offer_including_bunts,0-0,INNER,NFB,fixed_score_sensitivity,,,,
cell,0-0|INNER|NFB,fixed_score_cluster_pitcher,20130.0,,,,0.0662359588201203,False,0.033321764732487,0.0991501529077535,805.0,bcap_swing__mlb_2023__20260909__r01,BCAP-SWING-v0.1.0,swing,2023,COMPLETE,fixed_development_policy_external_crossfit_nuisance_OPE,season-weighted final PA W per selected current decision; no summed PA policy gain,Q/value/delta/gain: raw W; outcome MSE: W^2; probabilities/coverage: fraction; sample counts: explicit rows/PA/games,Take_adjudicated,Swing_offer_including_bunts,0-0,INNER,NFB,fixed_score_sensitivity,,,,
cell,0-0|INNER|NFB,fixed_score_cluster_batter,20130.0,,,,0.0662359588201203,False,0.0326223928775307,0.0998495247627098,591.0,bcap_swing__mlb_2023__20260909__r01,BCAP-SWING-v0.1.0,swing,2023,COMPLETE,fixed_development_policy_external_crossfit_nuisance_OPE,season-weighted final PA W per selected current decision; no summed PA policy gain,Q/value/delta/gain: raw W; outcome MSE: W^2; probabilities/coverage: fraction; sample counts: explicit rows/PA/games,Take_adjudicated,Swing_offer_including_bunts,0-0,INNER,NFB,fixed_score_sensitivity,,,,
cell,0-0|OUT|FB,untrimmed,44989.0,1.0,0.3491331772329877,0.2524707198520507,-0.0966624573809369,True,,,,bcap_swing__mlb_2023__20260909__r01,BCAP-SWING-v0.1.0,swing,2023,COMPLETE,fixed_development_policy_external_crossfit_nuisance_OPE,season-weighted final PA W per selected current decision; no summed PA policy gain,Q/value/delta/gain: raw W; outcome MSE: W^2; probabilities/coverage: fraction; sample counts: explicit rows/PA/games,Take_adjudicated,Swing_offer_including_bunts,0-0,OUT,FB,fixed_score_sensitivity,,,,
cell,0-0|OUT|FB,trim_002,43391.0,0.9644802062726444,0.3482940594164818,0.2543617427227054,-0.0939323166937764,True,,,,bcap_swing__mlb_2023__20260909__r01,BCAP-SWING-v0.1.0,swing,2023,COMPLETE,fixed_development_policy_external_crossfit_nuisance_OPE,season-weighted final PA W per selected current decision; no summed PA policy gain,Q/value/delta/gain: raw W; outcome MSE: W^2; probabilities/coverage: fraction; sample counts: explicit rows/PA/games,Take_adjudicated,Swing_offer_including_bunts,0-0,OUT,FB,fixed_score_sensitivity,,,,
cell,0-0|OUT|FB,trim_005,38051.0,0.8457845251061371,0.3446876098990702,0.2578127762316629,-0.0868748336674073,False,,,,bcap_swing__mlb_2023__20260909__r01,BCAP-SWING-v0.1.0,swing,2023,COMPLETE,fixed_development_policy_external_crossfit_nuisance_OPE,season-weighted final PA W per selected current decision; no summed PA policy gain,Q/value/delta/gain: raw W; outcome MSE: W^2; probabilities/coverage: fraction; sample counts: explicit rows/PA/games,Take_adjudicated,Swing_offer_including_bunts,0-0,OUT,FB,fixed_score_sensitivity,,,,
cell,0-0|OUT|FB,trim_010,27315.0,0.6071484140567694,0.3386641569789624,0.2677957089147275,-0.0708684480642348,True,,,,bcap_swing__mlb_2023__20260909__r01,BCAP-SWING-v0.1.0,swing,2023,COMPLETE,fixed_development_policy_external_crossfit_nuisance_OPE,season-weighted final PA W per selected current decision; no summed PA policy gain,Q/value/delta/gain: raw W; outcome MSE: W^2; probabilities/coverage: fraction; sample counts: explicit rows/PA/games,Take_adjudicated,Swing_offer_including_bunts,0-0,OUT,FB,fixed_score_sensitivity,,,,
cell,0-0|OUT|FB,clip_010_same_target,38051.0,0.8457845251061371,0.3447038956180025,0.2591564381982064,-0.085547457419796,False,,,,bcap_swing__mlb_2023__20260909__r01,BCAP-SWING-v0.1.0,swing,2023,COMPLETE,fixed_development_policy_external_crossfit_nuisance_OPE,season-weighted final PA W per selected current decision; no summed PA policy gain,Q/value/delta/gain: raw W; outcome MSE: W^2; probabilities/coverage: fraction; sample counts: explicit rows/PA/games,Take_adjudicated,Swing_offer_including_bunts,0-0,OUT,FB,fixed_score_sensitivity,,,,
cell,0-0|OUT|FB,first_count_visit,38051.0,0.8457845251061371,0.3446876098990702,0.2578127762316629,-0.0868748336674073,True,,,,bcap_swing__mlb_2023__20260909__r01,BCAP-SWING-v0.1.0,swing,2023,COMPLETE,fixed_development_policy_external_crossfit_nuisance_OPE,season-weighted final PA W per selected current decision; no summed PA policy gain,Q/value/delta/gain: raw W; outcome MSE: W^2; probabilities/coverage: fraction; sample counts: explicit rows/PA/games,Take_adjudicated,Swing_offer_including_bunts,0-0,OUT,FB,fixed_score_sensitivity,,,,
cell,0-0|OUT|FB,fixed_score_cluster_pitcher,38051.0,,,,-0.0868748336674073,False,-0.1157087699512844,-0.0580408973835301,792.0,bcap_swing__mlb_2023__20260909__r01,BCAP-SWING-v0.1.0,swing,2023,COMPLETE,fixed_development_policy_external_crossfit_nuisance_OPE,season-weighted final PA W per selected current decision; no summed PA policy gain,Q/value/delta/gain: raw W; outcome MSE: W^2; probabilities/coverage: fraction; sample counts: explicit rows/PA/games,Take_adjudicated,Swing_offer_including_bunts,0-0,OUT,FB,fixed_score_sensitivity,,,,
cell,0-0|OUT|FB,fixed_score_cluster_batter,38051.0,,,,-0.0868748336674073,False,-0.117629047446797,-0.0561206198880175,594.0,bcap_swing__mlb_2023__20260909__r01,BCAP-SWING-v0.1.0,swing,2023,COMPLETE,fixed_development_policy_external_crossfit_nuisance_OPE,season-weighted final PA W per selected current decision; no summed PA policy gain,Q/value/delta/gain: raw W; outcome MSE: W^2; probabilities/coverage: fraction; sample counts: explicit rows/PA/games,Take_adjudicated,Swing_offer_including_bunts,0-0,OUT,FB,fixed_score_sensitivity,,,,
cell,0-0|OUT|NFB,untrimmed,35012.0,1.0,0.3611915802174284,0.2760976882366759,-0.0850938919807525,True,,,,bcap_swing__mlb_2023__20260909__r01,BCAP-SWING-v0.1.0,swing,2023,COMPLETE,fixed_development_policy_external_crossfit_nuisance_OPE,season-weighted final PA W per selected current decision; no summed PA policy gain,Q/value/delta/gain: raw W; outcome MSE: W^2; probabilities/coverage: fraction; sample counts: explicit rows/PA/games,Take_adjudicated,Swing_offer_including_bunts,0-0,OUT,NFB,fixed_score_sensitivity,,,,
cell,0-0|OUT|NFB,trim_002,33432.0,0.9548726151033932,0.36122298457045,0.2728817820922829,-0.088341202478167,True,,,,bcap_swing__mlb_2023__20260909__r01,BCAP-SWING-v0.1.0,swing,2023,COMPLETE,fixed_development_policy_external_crossfit_nuisance_OPE,season-weighted final PA W per selected current decision; no summed PA policy gain,Q/value/delta/gain: raw W; outcome MSE: W^2; probabilities/coverage: fraction; sample counts: explicit rows/PA/games,Take_adjudicated,Swing_offer_including_bunts,0-0,OUT,NFB,fixed_score_sensitivity,,,,
cell,0-0|OUT|NFB,trim_005,30172.0,0.8617616817091283,0.3598923174009752,0.2706796557872354,-0.0892126616137398,False,,,,bcap_swing__mlb_2023__20260909__r01,BCAP-SWING-v0.1.0,swing,2023,COMPLETE,fixed_development_policy_external_crossfit_nuisance_OPE,season-weighted final PA W per selected current decision; no summed PA policy gain,Q/value/delta/gain: raw W; outcome MSE: W^2; probabilities/coverage: fraction; sample counts: explicit rows/PA/games,Take_adjudicated,Swing_offer_including_bunts,0-0,OUT,NFB,fixed_score_sensitivity,,,,
cell,0-0|OUT|NFB,trim_010,23687.0,0.6765394721809666,0.3548523098209387,0.2676605587553701,-0.0871917510655686,True,,,,bcap_swing__mlb_2023__20260909__r01,BCAP-SWING-v0.1.0,swing,2023,COMPLETE,fixed_development_policy_external_crossfit_nuisance_OPE,season-weighted final PA W per selected current decision; no summed PA policy gain,Q/value/delta/gain: raw W; outcome MSE: W^2; probabilities/coverage: fraction; sample counts: explicit rows/PA/games,Take_adjudicated,Swing_offer_including_bunts,0-0,OUT,NFB,fixed_score_sensitivity,,,,
cell,0-0|OUT|NFB,clip_010_same_target,30172.0,0.8617616817091283,0.3599250788086819,0.2682817072254649,-0.091643371583217,False,,,,bcap_swing__mlb_2023__20260909__r01,BCAP-SWING-v0.1.0,swing,2023,COMPLETE,fixed_development_policy_external_crossfit_nuisance_OPE,season-weighted final PA W per selected current decision; no summed PA policy gain,Q/value/delta/gain: raw W; outcome MSE: W^2; probabilities/coverage: fraction; sample counts: explicit rows/PA/games,Take_adjudicated,Swing_offer_including_bunts,0-0,OUT,NFB,fixed_score_sensitivity,,,,
cell,0-0|OUT|NFB,first_count_visit,30172.0,0.8617616817091283,0.3598923174009752,0.2706796557872354,-0.0892126616137398,True,,,,bcap_swing__mlb_2023__20260909__r01,BCAP-SWING-v0.1.0,swing,2023,COMPLETE,fixed_development_policy_external_crossfit_nuisance_OPE,season-weighted final PA W per selected current decision; no summed PA policy gain,Q/value/delta/gain: raw W; outcome MSE: W^2; probabilities/coverage: fraction; sample counts: explicit rows/PA/games,Take_adjudicated,Swing_offer_including_bunts,0-0,OUT,NFB,fixed_score_sensitivity,,,,
cell,0-0|OUT|NFB,fixed_score_cluster_pitcher,30172.0,,,,-0.0892126616137398,False,-0.123884631194525,-0.0545406920329545,843.0,bcap_swing__mlb_2023__20260909__r01,BCAP-SWING-v0.1.0,swing,2023,COMPLETE,fixed_development_policy_external_crossfit_nuisance_OPE,season-weighted final PA W per selected current decision; no summed PA policy gain,Q/value/delta/gain: raw W; outcome MSE: W^2; probabilities/coverage: fraction; sample counts: explicit rows/PA/games,Take_adjudicated,Swing_offer_including_bunts,0-0,OUT,NFB,fixed_score_sensitivity,,,,
cell,0-0|OUT|NFB,fixed_score_cluster_batter,30172.0,,,,-0.0892126616137398,False,-0.1232345522266638,-0.0551907710008157,589.0,bcap_swing__mlb_2023__20260909__r01,BCAP-SWING-v0.1.0,swing,2023,COMPLETE,fixed_development_policy_external_crossfit_nuisance_OPE,season-weighted final PA W per selected current decision; no summed PA policy gain,Q/value/delta/gain: raw W; outcome MSE: W^2; probabilities/coverage: fraction; sample counts: explicit rows/PA/games,Take_adjudicated,Swing_offer_including_bunts,0-0,OUT,NFB,fixed_score_sensitivity,,,,
cell,0-1|BOUNDARY|FB,untrimmed,11994.0,1.0,0.2387411907711787,0.2485969572683926,0.0098557664972139,True,,,,bcap_swing__mlb_2023__20260909__r01,BCAP-SWING-v0.1.0,swing,2023,COMPLETE,fixed_development_policy_external_crossfit_nuisance_OPE,season-weighted final PA W per selected current decision; no summed PA policy gain,Q/value/delta/gain: raw W; outcome MSE: W^2; probabilities/coverage: fraction; sample counts: explicit rows/PA/games,Take_adjudicated,Swing_offer_including_bunts,0-1,BOUNDARY,FB,fixed_score_sensitivity,,,,
cell,0-1|BOUNDARY|FB,trim_002,11913.0,0.9932466233116558,0.2393060693888821,0.2484156021126538,0.0091095327237717,True,,,,bcap_swing__mlb_2023__20260909__r01,BCAP-SWING-v0.1.0,swing,2023,COMPLETE,fixed_development_policy_external_crossfit_nuisance_OPE,season-weighted final PA W per selected current decision; no summed PA policy gain,Q/value/delta/gain: raw W; outcome MSE: W^2; probabilities/coverage: fraction; sample counts: explicit rows/PA/games,Take_adjudicated,Swing_offer_including_bunts,0-1,BOUNDARY,FB,fixed_score_sensitivity,,,,
cell,0-1|BOUNDARY|FB,trim_005,11913.0,0.9932466233116558,0.2393060693888821,0.2484156021126538,0.0091095327237717,False,,,,bcap_swing__mlb_2023__20260909__r01,BCAP-SWING-v0.1.0,swing,2023,COMPLETE,fixed_development_policy_external_crossfit_nuisance_OPE,season-weighted final PA W per selected current decision; no summed PA policy gain,Q/value/delta/gain: raw W; outcome MSE: W^2; probabilities/coverage: fraction; sample counts: explicit rows/PA/games,Take_adjudicated,Swing_offer_including_bunts,0-1,BOUNDARY,FB,fixed_score_sensitivity,,,,
cell,0-1|BOUNDARY|FB,trim_010,11909.0,0.9929131232282808,0.238658399928024,0.2484851971976828,0.0098267972696587,True,,,,bcap_swing__mlb_2023__20260909__r01,BCAP-SWING-v0.1.0,swing,2023,COMPLETE,fixed_development_policy_external_crossfit_nuisance_OPE,season-weighted final PA W per selected current decision; no summed PA policy gain,Q/value/delta/gain: raw W; outcome MSE: W^2; probabilities/coverage: fraction; sample counts: explicit rows/PA/games,Take_adjudicated,Swing_offer_including_bunts,0-1,BOUNDARY,FB,fixed_score_sensitivity,,,,
cell,0-1|BOUNDARY|FB,clip_010_same_target,11913.0,0.9932466233116558,0.2392122131791242,0.24841479837806,0.0092025851989357,False,,,,bcap_swing__mlb_2023__20260909__r01,BCAP-SWING-v0.1.0,swing,2023,COMPLETE,fixed_development_policy_external_crossfit_nuisance_OPE,season-weighted final PA W per selected current decision; no summed PA policy gain,Q/value/delta/gain: raw W; outcome MSE: W^2; probabilities/coverage: fraction; sample counts: explicit rows/PA/games,Take_adjudicated,Swing_offer_including_bunts,0-1,BOUNDARY,FB,fixed_score_sensitivity,,,,
cell,0-1|BOUNDARY|FB,first_count_visit,11913.0,0.9932466233116558,0.2393060693888821,0.2484156021126538,0.0091095327237717,True,,,,bcap_swing__mlb_2023__20260909__r01,BCAP-SWING-v0.1.0,swing,2023,COMPLETE,fixed_development_policy_external_crossfit_nuisance_OPE,season-weighted final PA W per selected current decision; no summed PA policy gain,Q/value/delta/gain: raw W; outcome MSE: W^2; probabilities/coverage: fraction; sample counts: explicit rows/PA/games,Take_adjudicated,Swing_offer_including_bunts,0-1,BOUNDARY,FB,fixed_score_sensitivity,,,,
cell,0-1|BOUNDARY|FB,fixed_score_cluster_pitcher,11913.0,,,,0.0091095327237717,False,-0.0289742329378373,0.0471932983853808,749.0,bcap_swing__mlb_2023__20260909__r01,BCAP-SWING-v0.1.0,swing,2023,COMPLETE,fixed_development_policy_external_crossfit_nuisance_OPE,season-weighted final PA W per selected current decision; no summed PA policy gain,Q/value/delta/gain: raw W; outcome MSE: W^2; probabilities/coverage: fraction; sample counts: explicit rows/PA/games,Take_adjudicated,Swing_offer_including_bunts,0-1,BOUNDARY,FB,fixed_score_sensitivity,,,,
cell,0-1|BOUNDARY|FB,fixed_score_cluster_batter,11913.0,,,,0.0091095327237717,False,-0.0291803094521117,0.0473993748996551,578.0,bcap_swing__mlb_2023__20260909__r01,BCAP-SWING-v0.1.0,swing,2023,COMPLETE,fixed_development_policy_external_crossfit_nuisance_OPE,season-weighted final PA W per selected current decision; no summed PA policy gain,Q/value/delta/gain: raw W; outcome MSE: W^2; probabilities/coverage: fraction; sample counts: explicit rows/PA/games,Take_adjudicated,Swing_offer_including_bunts,0-1,BOUNDARY,FB,fixed_score_sensitivity,,,,
cell,0-1|BOUNDARY|NFB,untrimmed,9893.0,1.0,0.2484172837992928,0.2519031132162605,0.0034858294169676,True,,,,bcap_swing__mlb_2023__20260909__r01,BCAP-SWING-v0.1.0,swing,2023,COMPLETE,fixed_development_policy_external_crossfit_nuisance_OPE,season-weighted final PA W per selected current decision; no summed PA policy gain,Q/value/delta/gain: raw W; outcome MSE: W^2; probabilities/coverage: fraction; sample counts: explicit rows/PA/games,Take_adjudicated,Swing_offer_including_bunts,0-1,BOUNDARY,NFB,fixed_score_sensitivity,,,,
cell,0-1|BOUNDARY|NFB,trim_002,9825.0,0.9931264530476094,0.2488021335340752,0.2519487750755789,0.0031466415415036,True,,,,bcap_swing__mlb_2023__20260909__r01,BCAP-SWING-v0.1.0,swing,2023,COMPLETE,fixed_development_policy_external_crossfit_nuisance_OPE,season-weighted final PA W per selected current decision; no summed PA policy gain,Q/value/delta/gain: raw W; outcome MSE: W^2; probabilities/coverage: fraction; sample counts: explicit rows/PA/games,Take_adjudicated,Swing_offer_including_bunts,0-1,BOUNDARY,NFB,fixed_score_sensitivity,,,,
cell,0-1|BOUNDARY|NFB,trim_005,9825.0,0.9931264530476094,0.2488021335340752,0.2519487750755789,0.0031466415415036,False,,,,bcap_swing__mlb_2023__20260909__r01,BCAP-SWING-v0.1.0,swing,2023,COMPLETE,fixed_development_policy_external_crossfit_nuisance_OPE,season-weighted final PA W per selected current decision; no summed PA policy gain,Q/value/delta/gain: raw W; outcome MSE: W^2; probabilities/coverage: fraction; sample counts: explicit rows/PA/games,Take_adjudicated,Swing_offer_including_bunts,0-1,BOUNDARY,NFB,fixed_score_sensitivity,,,,
cell,0-1|BOUNDARY|NFB,trim_010,9808.0,0.9914080663095116,0.2480886107145141,0.2517532045002659,0.0036645937857517,True,,,,bcap_swing__mlb_2023__20260909__r01,BCAP-SWING-v0.1.0,swing,2023,COMPLETE,fixed_development_policy_external_crossfit_nuisance_OPE,season-weighted final PA W per selected current decision; no summed PA policy gain,Q/value/delta/gain: raw W; outcome MSE: W^2; probabilities/coverage: fraction; sample counts: explicit rows/PA/games,Take_adjudicated,Swing_offer_including_bunts,0-1,BOUNDARY,NFB,fixed_score_sensitivity,,,,
cell,0-1|BOUNDARY|NFB,clip_010_same_target,9825.0,0.9931264530476094,0.2487465188580843,0.2519510087960162,0.0032044899379318,False,,,,bcap_swing__mlb_2023__20260909__r01,BCAP-SWING-v0.1.0,swing,2023,COMPLETE,fixed_development_policy_external_crossfit_nuisance_OPE,season-weighted final PA W per selected current decision; no summed PA policy gain,Q/value/delta/gain: raw W; outcome MSE: W^2; probabilities/coverage: fraction; sample counts: explicit rows/PA/games,Take_adjudicated,Swing_offer_including_bunts,0-1,BOUNDARY,NFB,fixed_score_sensitivity,,,,
cell,0-1|BOUNDARY|NFB,first_count_visit,9825.0,0.9931264530476094,0.2488021335340752,0.2519487750755789,0.0031466415415036,True,,,,bcap_swing__mlb_2023__20260909__r01,BCAP-SWING-v0.1.0,swing,2023,COMPLETE,fixed_development_policy_external_crossfit_nuisance_OPE,season-weighted final PA W per selected current decision; no summed PA policy gain,Q/value/delta/gain: raw W; outcome MSE: W^2; probabilities/coverage: fraction; sample counts: explicit rows/PA/games,Take_adjudicated,Swing_offer_including_bunts,0-1,BOUNDARY,NFB,fixed_score_sensitivity,,,,
cell,0-1|BOUNDARY|NFB,fixed_score_cluster_pitcher,9825.0,,,,0.0031466415415036,False,-0.0412929453609468,0.0475862284439541,762.0,bcap_swing__mlb_2023__20260909__r01,BCAP-SWING-v0.1.0,swing,2023,COMPLETE,fixed_development_policy_external_crossfit_nuisance_OPE,season-weighted final PA W per selected current decision; no summed PA policy gain,Q/value/delta/gain: raw W; outcome MSE: W^2; probabilities/coverage: fraction; sample counts: explicit rows/PA/games,Take_adjudicated,Swing_offer_including_bunts,0-1,BOUNDARY,NFB,fixed_score_sensitivity,,,,
cell,0-1|BOUNDARY|NFB,fixed_score_cluster_batter,9825.0,,,,0.0031466415415036,False,-0.0444630324734809,0.0507563155564882,577.0,bcap_swing__mlb_2023__20260909__r01,BCAP-SWING-v0.1.0,swing,2023,COMPLETE,fixed_development_policy_external_crossfit_nuisance_OPE,season-weighted final PA W per selected current decision; no summed PA policy gain,Q/value/delta/gain: raw W; outcome MSE: W^2; probabilities/coverage: fraction; sample counts: explicit rows/PA/games,Take_adjudicated,Swing_offer_including_bunts,0-1,BOUNDARY,NFB,fixed_score_sensitivity,,,,
cell,0-1|INNER|FB,untrimmed,13136.0,1.0,0.1969251871088037,0.2794825289984671,0.0825573418896633,True,,,,bcap_swing__mlb_2023__20260909__r01,BCAP-SWING-v0.1.0,swing,2023,COMPLETE,fixed_development_policy_external_crossfit_nuisance_OPE,season-weighted final PA W per selected current decision; no summed PA policy gain,Q/value/delta/gain: raw W; outcome MSE: W^2; probabilities/coverage: fraction; sample counts: explicit rows/PA/games,Take_adjudicated,Swing_offer_including_bunts,0-1,INNER,FB,fixed_score_sensitivity,,,,
cell,0-1|INNER|FB,trim_002,13056.0,0.9939098660170524,0.195879329261346,0.2798194965160021,0.083940167254656,True,,,,bcap_swing__mlb_2023__20260909__r01,BCAP-SWING-v0.1.0,swing,2023,COMPLETE,fixed_development_policy_external_crossfit_nuisance_OPE,season-weighted final PA W per selected current decision; no summed PA policy gain,Q/value/delta/gain: raw W; outcome MSE: W^2; probabilities/coverage: fraction; sample counts: explicit rows/PA/games,Take_adjudicated,Swing_offer_including_bunts,0-1,INNER,FB,fixed_score_sensitivity,,,,
cell,0-1|INNER|FB,trim_005,13047.0,0.9932247259439708,0.1958730537652118,0.2798508825558266,0.0839778287906148,False,,,,bcap_swing__mlb_2023__20260909__r01,BCAP-SWING-v0.1.0,swing,2023,COMPLETE,fixed_development_policy_external_crossfit_nuisance_OPE,season-weighted final PA W per selected current decision; no summed PA policy gain,Q/value/delta/gain: raw W; outcome MSE: W^2; probabilities/coverage: fraction; sample counts: explicit rows/PA/games,Take_adjudicated,Swing_offer_including_bunts,0-1,INNER,FB,fixed_score_sensitivity,,,,
cell,0-1|INNER|FB,trim_010,11621.0,0.8846680876979294,0.2001898737766277,0.2826127635451564,0.0824228897685287,True,,,,bcap_swing__mlb_2023__20260909__r01,BCAP-SWING-v0.1.0,swing,2023,COMPLETE,fixed_development_policy_external_crossfit_nuisance_OPE,season-weighted final PA W per selected current decision; no summed PA policy gain,Q/value/delta/gain: raw W; outcome MSE: W^2; probabilities/coverage: fraction; sample counts: explicit rows/PA/games,Take_adjudicated,Swing_offer_including_bunts,0-1,INNER,FB,fixed_score_sensitivity,,,,
cell,0-1|INNER|FB,clip_010_same_target,13047.0,0.9932247259439708,0.1959249401124837,0.2798185024653267,0.0838935623528429,False,,,,bcap_swing__mlb_2023__20260909__r01,BCAP-SWING-v0.1.0,swing,2023,COMPLETE,fixed_development_policy_external_crossfit_nuisance_OPE,season-weighted final PA W per selected current decision; no summed PA policy gain,Q/value/delta/gain: raw W; outcome MSE: W^2; probabilities/coverage: fraction; sample counts: explicit rows/PA/games,Take_adjudicated,Swing_offer_including_bunts,0-1,INNER,FB,fixed_score_sensitivity,,,,
cell,0-1|INNER|FB,first_count_visit,13047.0,0.9932247259439708,0.1958730537652118,0.2798508825558266,0.0839778287906148,True,,,,bcap_swing__mlb_2023__20260909__r01,BCAP-SWING-v0.1.0,swing,2023,COMPLETE,fixed_development_policy_external_crossfit_nuisance_OPE,season-weighted final PA W per selected current decision; no summed PA policy gain,Q/value/delta/gain: raw W; outcome MSE: W^2; probabilities/coverage: fraction; sample counts: explicit rows/PA/games,Take_adjudicated,Swing_offer_including_bunts,0-1,INNER,FB,fixed_score_sensitivity,,,,
cell,0-1|INNER|FB,fixed_score_cluster_pitcher,13047.0,,,,0.0839778287906148,False,0.0368979991040845,0.1310576584771451,747.0,bcap_swing__mlb_2023__20260909__r01,BCAP-SWING-v0.1.0,swing,2023,COMPLETE,fixed_development_policy_external_crossfit_nuisance_OPE,season-weighted final PA W per selected current decision; no summed PA policy gain,Q/value/delta/gain: raw W; outcome MSE: W^2; probabilities/coverage: fraction; sample counts: explicit rows/PA/games,Take_adjudicated,Swing_offer_including_bunts,0-1,INNER,FB,fixed_score_sensitivity,,,,
cell,0-1|INNER|FB,fixed_score_cluster_batter,13047.0,,,,0.0839778287906148,False,0.0362519583330321,0.1317036992481975,583.0,bcap_swing__mlb_2023__20260909__r01,BCAP-SWING-v0.1.0,swing,2023,COMPLETE,fixed_development_policy_external_crossfit_nuisance_OPE,season-weighted final PA W per selected current decision; no summed PA policy gain,Q/value/delta/gain: raw W; outcome MSE: W^2; probabilities/coverage: fraction; sample counts: explicit rows/PA/games,Take_adjudicated,Swing_offer_including_bunts,0-1,INNER,FB,fixed_score_sensitivity,,,,
cell,0-1|INNER|NFB,untrimmed,9520.0,1.0,0.2159771474924719,0.2948218182890711,0.0788446707965991,True,,,,bcap_swing__mlb_2023__20260909__r01,BCAP-SWING-v0.1.0,swing,2023,COMPLETE,fixed_development_policy_external_crossfit_nuisance_OPE,season-weighted final PA W per selected current decision; no summed PA policy gain,Q/value/delta/gain: raw W; outcome MSE: W^2; probabilities/coverage: fraction; sample counts: explicit rows/PA/games,Take_adjudicated,Swing_offer_including_bunts,0-1,INNER,NFB,fixed_score_sensitivity,,,,
cell,0-1|INNER|NFB,trim_002,9447.0,0.9923319327731092,0.21767863256834,0.2954420033082936,0.0777633707399535,True,,,,bcap_swing__mlb_2023__20260909__r01,BCAP-SWING-v0.1.0,swing,2023,COMPLETE,fixed_development_policy_external_crossfit_nuisance_OPE,season-weighted final PA W per selected current decision; no summed PA policy gain,Q/value/delta/gain: raw W; outcome MSE: W^2; probabilities/coverage: fraction; sample counts: explicit rows/PA/games,Take_adjudicated,Swing_offer_including_bunts,0-1,INNER,NFB,fixed_score_sensitivity,,,,
cell,0-1|INNER|NFB,trim_005,9421.0,0.9896008403361344,0.217696210852417,0.295300233649671,0.077604022797254,False,,,,bcap_swing__mlb_2023__20260909__r01,BCAP-SWING-v0.1.0,swing,2023,COMPLETE,fixed_development_policy_external_crossfit_nuisance_OPE,season-weighted final PA W per selected current decision; no summed PA policy gain,Q/value/delta/gain: raw W; outcome MSE: W^2; probabilities/coverage: fraction; sample counts: explicit rows/PA/games,Take_adjudicated,Swing_offer_including_bunts,0-1,INNER,NFB,fixed_score_sensitivity,,,,
cell,0-1|INNER|NFB,trim_010,8228.0,0.8642857142857143,0.2096777260096383,0.2908344540995335,0.081156728089895,True,,,,bcap_swing__mlb_2023__20260909__r01,BCAP-SWING-v0.1.0,swing,2023,COMPLETE,fixed_development_policy_external_crossfit_nuisance_OPE,season-weighted final PA W per selected current decision; no summed PA policy gain,Q/value/delta/gain: raw W; outcome MSE: W^2; probabilities/coverage: fraction; sample counts: explicit rows/PA/games,Take_adjudicated,Swing_offer_including_bunts,0-1,INNER,NFB,fixed_score_sensitivity,,,,
cell,0-1|INNER|NFB,clip_010_same_target,9421.0,0.9896008403361344,0.2153616915389188,0.2953853280577286,0.0800236365188097,False,,,,bcap_swing__mlb_2023__20260909__r01,BCAP-SWING-v0.1.0,swing,2023,COMPLETE,fixed_development_policy_external_crossfit_nuisance_OPE,season-weighted final PA W per selected current decision; no summed PA policy gain,Q/value/delta/gain: raw W; outcome MSE: W^2; probabilities/coverage: fraction; sample counts: explicit rows/PA/games,Take_adjudicated,Swing_offer_including_bunts,0-1,INNER,NFB,fixed_score_sensitivity,,,,
cell,0-1|INNER|NFB,first_count_visit,9421.0,0.9896008403361344,0.217696210852417,0.295300233649671,0.077604022797254,True,,,,bcap_swing__mlb_2023__20260909__r01,BCAP-SWING-v0.1.0,swing,2023,COMPLETE,fixed_development_policy_external_crossfit_nuisance_OPE,season-weighted final PA W per selected current decision; no summed PA policy gain,Q/value/delta/gain: raw W; outcome MSE: W^2; probabilities/coverage: fraction; sample counts: explicit rows/PA/games,Take_adjudicated,Swing_offer_including_bunts,0-1,INNER,NFB,fixed_score_sensitivity,,,,
cell,0-1|INNER|NFB,fixed_score_cluster_pitcher,9421.0,,,,0.077604022797254,False,0.0127316406632115,0.1424764049312964,746.0,bcap_swing__mlb_2023__20260909__r01,BCAP-SWING-v0.1.0,swing,2023,COMPLETE,fixed_development_policy_external_crossfit_nuisance_OPE,season-weighted final PA W per selected current decision; no summed PA policy gain,Q/value/delta/gain: raw W; outcome MSE: W^2; probabilities/coverage: fraction; sample counts: explicit rows/PA/games,Take_adjudicated,Swing_offer_including_bunts,0-1,INNER,NFB,fixed_score_sensitivity,,,,
cell,0-1|INNER|NFB,fixed_score_cluster_batter,9421.0,,,,0.077604022797254,False,0.0157100051375289,0.139498040456979,581.0,bcap_swing__mlb_2023__20260909__r01,BCAP-SWING-v0.1.0,swing,2023,COMPLETE,fixed_development_policy_external_crossfit_nuisance_OPE,season-weighted final PA W per selected current decision; no summed PA policy gain,Q/value/delta/gain: raw W; outcome MSE: W^2; probabilities/coverage: fraction; sample counts: explicit rows/PA/games,Take_adjudicated,Swing_offer_including_bunts,0-1,INNER,NFB,fixed_score_sensitivity,,,,
cell,0-1|OUT|FB,untrimmed,21738.0,1.0,0.3001416255186666,0.1996959438856078,-0.1004456816330587,True,,,,bcap_swing__mlb_2023__20260909__r01,BCAP-SWING-v0.1.0,swing,2023,COMPLETE,fixed_development_policy_external_crossfit_nuisance_OPE,season-weighted final PA W per selected current decision; no summed PA policy gain,Q/value/delta/gain: raw W; outcome MSE: W^2; probabilities/coverage: fraction; sample counts: explicit rows/PA/games,Take_adjudicated,Swing_offer_including_bunts,0-1,OUT,FB,fixed_score_sensitivity,,,,
cell,0-1|OUT|FB,trim_002,21376.0,0.9833471340509706,0.3002606435427545,0.2020287254780291,-0.0982319180647254,True,,,,bcap_swing__mlb_2023__20260909__r01,BCAP-SWING-v0.1.0,swing,2023,COMPLETE,fixed_development_policy_external_crossfit_nuisance_OPE,season-weighted final PA W per selected current decision; no summed PA policy gain,Q/value/delta/gain: raw W; outcome MSE: W^2; probabilities/coverage: fraction; sample counts: explicit rows/PA/games,Take_adjudicated,Swing_offer_including_bunts,0-1,OUT,FB,fixed_score_sensitivity,,,,
cell,0-1|OUT|FB,trim_005,20477.0,0.9419909835311436,0.2991775416698649,0.205895492736487,-0.0932820489333778,False,,,,bcap_swing__mlb_2023__20260909__r01,BCAP-SWING-v0.1.0,swing,2023,COMPLETE,fixed_development_policy_external_crossfit_nuisance_OPE,season-weighted final PA W per selected current decision; no summed PA policy gain,Q/value/delta/gain: raw W; outcome MSE: W^2; probabilities/coverage: fraction; sample counts: explicit rows/PA/games,Take_adjudicated,Swing_offer_including_bunts,0-1,OUT,FB,fixed_score_sensitivity,,,,
cell,0-1|OUT|FB,trim_010,17436.0,0.8020977090808722,0.2948817437573637,0.204427357950882,-0.0904543858064816,True,,,,bcap_swing__mlb_2023__20260909__r01,BCAP-SWING-v0.1.0,swing,2023,COMPLETE,fixed_development_policy_external_crossfit_nuisance_OPE,season-weighted final PA W per selected current decision; no summed PA policy gain,Q/value/delta/gain: raw W; outcome MSE: W^2; probabilities/coverage: fraction; sample counts: explicit rows/PA/games,Take_adjudicated,Swing_offer_including_bunts,0-1,OUT,FB,fixed_score_sensitivity,,,,
cell,0-1|OUT|FB,clip_010_same_target,20477.0,0.9419909835311436,0.2991992753489966,0.2043558707802873,-0.0948434045687093,False,,,,bcap_swing__mlb_2023__20260909__r01,BCAP-SWING-v0.1.0,swing,2023,COMPLETE,fixed_development_policy_external_crossfit_nuisance_OPE,season-weighted final PA W per selected current decision; no summed PA policy gain,Q/value/delta/gain: raw W; outcome MSE: W^2; probabilities/coverage: fraction; sample counts: explicit rows/PA/games,Take_adjudicated,Swing_offer_including_bunts,0-1,OUT,FB,fixed_score_sensitivity,,,,
cell,0-1|OUT|FB,first_count_visit,20477.0,0.9419909835311436,0.2991775416698649,0.205895492736487,-0.0932820489333778,True,,,,bcap_swing__mlb_2023__20260909__r01,BCAP-SWING-v0.1.0,swing,2023,COMPLETE,fixed_development_policy_external_crossfit_nuisance_OPE,season-weighted final PA W per selected current decision; no summed PA policy gain,Q/value/delta/gain: raw W; outcome MSE: W^2; probabilities/coverage: fraction; sample counts: explicit rows/PA/games,Take_adjudicated,Swing_offer_including_bunts,0-1,OUT,FB,fixed_score_sensitivity,,,,
cell,0-1|OUT|FB,fixed_score_cluster_pitcher,20477.0,,,,-0.0932820489333778,False,-0.1242975372551692,-0.0622665606115864,770.0,bcap_swing__mlb_2023__20260909__r01,BCAP-SWING-v0.1.0,swing,2023,COMPLETE,fixed_development_policy_external_crossfit_nuisance_OPE,season-weighted final PA W per selected current decision; no summed PA policy gain,Q/value/delta/gain: raw W; outcome MSE: W^2; probabilities/coverage: fraction; sample counts: explicit rows/PA/games,Take_adjudicated,Swing_offer_including_bunts,0-1,OUT,FB,fixed_score_sensitivity,,,,
cell,0-1|OUT|FB,fixed_score_cluster_batter,20477.0,,,,-0.0932820489333778,False,-0.1270629723175628,-0.0595011255491929,587.0,bcap_swing__mlb_2023__20260909__r01,BCAP-SWING-v0.1.0,swing,2023,COMPLETE,fixed_development_policy_external_crossfit_nuisance_OPE,season-weighted final PA W per selected current decision; no summed PA policy gain,Q/value/delta/gain: raw W; outcome MSE: W^2; probabilities/coverage: fraction; sample counts: explicit rows/PA/games,Take_adjudicated,Swing_offer_including_bunts,0-1,OUT,FB,fixed_score_sensitivity,,,,
cell,0-1|OUT|NFB,untrimmed,26620.0,1.0,0.2979520795403929,0.2094043762594222,-0.0885477032809706,True,,,,bcap_swing__mlb_2023__20260909__r01,BCAP-SWING-v0.1.0,swing,2023,COMPLETE,fixed_development_policy_external_crossfit_nuisance_OPE,season-weighted final PA W per selected current decision; no summed PA policy gain,Q/value/delta/gain: raw W; outcome MSE: W^2; probabilities/coverage: fraction; sample counts: explicit rows/PA/games,Take_adjudicated,Swing_offer_including_bunts,0-1,OUT,NFB,fixed_score_sensitivity,,,,
cell,0-1|OUT|NFB,trim_002,26162.0,0.982794891059354,0.2980073884672957,0.2109269840031934,-0.0870804044641023,True,,,,bcap_swing__mlb_2023__20260909__r01,BCAP-SWING-v0.1.0,swing,2023,COMPLETE,fixed_development_policy_external_crossfit_nuisance_OPE,season-weighted final PA W per selected current decision; no summed PA policy gain,Q/value/delta/gain: raw W; outcome MSE: W^2; probabilities/coverage: fraction; sample counts: explicit rows/PA/games,Take_adjudicated,Swing_offer_including_bunts,0-1,OUT,NFB,fixed_score_sensitivity,,,,
cell,0-1|OUT|NFB,trim_005,24816.0,0.9322314049586776,0.2977632979909778,0.2062947041860666,-0.0914685938049112,False,,,,bcap_swing__mlb_2023__20260909__r01,BCAP-SWING-v0.1.0,swing,2023,COMPLETE,fixed_development_policy_external_crossfit_nuisance_OPE,season-weighted final PA W per selected current decision; no summed PA policy gain,Q/value/delta/gain: raw W; outcome MSE: W^2; probabilities/coverage: fraction; sample counts: explicit rows/PA/games,Take_adjudicated,Swing_offer_including_bunts,0-1,OUT,NFB,fixed_score_sensitivity,,,,
cell,0-1|OUT|NFB,trim_010,22425.0,0.8424117205108941,0.2953906430518143,0.2072297539632857,-0.0881608890885285,True,,,,bcap_swing__mlb_2023__20260909__r01,BCAP-SWING-v0.1.0,swing,2023,COMPLETE,fixed_development_policy_external_crossfit_nuisance_OPE,season-weighted final PA W per selected current decision; no summed PA policy gain,Q/value/delta/gain: raw W; outcome MSE: W^2; probabilities/coverage: fraction; sample counts: explicit rows/PA/games,Take_adjudicated,Swing_offer_including_bunts,0-1,OUT,NFB,fixed_score_sensitivity,,,,
cell,0-1|OUT|NFB,clip_010_same_target,24816.0,0.9322314049586776,0.2977486532899047,0.2052380642024556,-0.092510589087449,False,,,,bcap_swing__mlb_2023__20260909__r01,BCAP-SWING-v0.1.0,swing,2023,COMPLETE,fixed_development_policy_external_crossfit_nuisance_OPE,season-weighted final PA W per selected current decision; no summed PA policy gain,Q/value/delta/gain: raw W; outcome MSE: W^2; probabilities/coverage: fraction; sample counts: explicit rows/PA/games,Take_adjudicated,Swing_offer_including_bunts,0-1,OUT,NFB,fixed_score_sensitivity,,,,
cell,0-1|OUT|NFB,first_count_visit,24816.0,0.9322314049586776,0.2977632979909778,0.2062947041860666,-0.0914685938049112,True,,,,bcap_swing__mlb_2023__20260909__r01,BCAP-SWING-v0.1.0,swing,2023,COMPLETE,fixed_development_policy_external_crossfit_nuisance_OPE,season-weighted final PA W per selected current decision; no summed PA policy gain,Q/value/delta/gain: raw W; outcome MSE: W^2; probabilities/coverage: fraction; sample counts: explicit rows/PA/games,Take_adjudicated,Swing_offer_including_bunts,0-1,OUT,NFB,fixed_score_sensitivity,,,,
cell,0-1|OUT|NFB,fixed_score_cluster_pitcher,24816.0,,,,-0.0914685938049112,False,-0.1194793297807832,-0.0634578578290392,829.0,bcap_swing__mlb_2023__20260909__r01,BCAP-SWING-v0.1.0,swing,2023,COMPLETE,fixed_development_policy_external_crossfit_nuisance_OPE,season-weighted final PA W per selected current decision; no summed PA policy gain,Q/value/delta/gain: raw W; outcome MSE: W^2; probabilities/coverage: fraction; sample counts: explicit rows/PA/games,Take_adjudicated,Swing_offer_including_bunts,0-1,OUT,NFB,fixed_score_sensitivity,,,,
cell,0-1|OUT|NFB,fixed_score_cluster_batter,24816.0,,,,-0.0914685938049112,False,-0.1225361871810101,-0.0604010004288122,592.0,bcap_swing__mlb_2023__20260909__r01,BCAP-SWING-v0.1.0,swing,2023,COMPLETE,fixed_development_policy_external_crossfit_nuisance_OPE,season-weighted final PA W per selected current decision; no summed PA policy gain,Q/value/delta/gain: raw W; outcome MSE: W^2; probabilities/coverage: fraction; sample counts: explicit rows/PA/games,Take_adjudicated,Swing_offer_including_bunts,0-1,OUT,NFB,fixed_score_sensitivity,,,,
cell,0-2|BOUNDARY|FB,untrimmed,4721.0,1.0,0.0995273168746057,0.2137721484884067,0.1142448316138009,True,,,,bcap_swing__mlb_2023__20260909__r01,BCAP-SWING-v0.1.0,swing,2023,COMPLETE,fixed_development_policy_external_crossfit_nuisance_OPE,season-weighted final PA W per selected current decision; no summed PA policy gain,Q/value/delta/gain: raw W; outcome MSE: W^2; probabilities/coverage: fraction; sample counts: explicit rows/PA/games,Take_adjudicated,Swing_offer_including_bunts,0-2,BOUNDARY,FB,fixed_score_sensitivity,,,,
cell,0-2|BOUNDARY|FB,trim_002,4686.0,0.9925863164583776,0.0991692148737764,0.2144717200433019,0.1153025051695255,True,,,,bcap_swing__mlb_2023__20260909__r01,BCAP-SWING-v0.1.0,swing,2023,COMPLETE,fixed_development_policy_external_crossfit_nuisance_OPE,season-weighted final PA W per selected current decision; no summed PA policy gain,Q/value/delta/gain: raw W; outcome MSE: W^2; probabilities/coverage: fraction; sample counts: explicit rows/PA/games,Take_adjudicated,Swing_offer_including_bunts,0-2,BOUNDARY,FB,fixed_score_sensitivity,,,,
cell,0-2|BOUNDARY|FB,trim_005,4685.0,0.9923744969286168,0.0991675189292373,0.2145192215616608,0.1153517026324235,False,,,,bcap_swing__mlb_2023__20260909__r01,BCAP-SWING-v0.1.0,swing,2023,COMPLETE,fixed_development_policy_external_crossfit_nuisance_OPE,season-weighted final PA W per selected current decision; no summed PA policy gain,Q/value/delta/gain: raw W; outcome MSE: W^2; probabilities/coverage: fraction; sample counts: explicit rows/PA/games,Take_adjudicated,Swing_offer_including_bunts,0-2,BOUNDARY,FB,fixed_score_sensitivity,,,,
cell,0-2|BOUNDARY|FB,trim_010,4476.0,0.9481042152086422,0.1021391918480036,0.2166870344851036,0.1145478426370999,True,,,,bcap_swing__mlb_2023__20260909__r01,BCAP-SWING-v0.1.0,swing,2023,COMPLETE,fixed_development_policy_external_crossfit_nuisance_OPE,season-weighted final PA W per selected current decision; no summed PA policy gain,Q/value/delta/gain: raw W; outcome MSE: W^2; probabilities/coverage: fraction; sample counts: explicit rows/PA/games,Take_adjudicated,Swing_offer_including_bunts,0-2,BOUNDARY,FB,fixed_score_sensitivity,,,,
cell,0-2|BOUNDARY|FB,clip_010_same_target,4685.0,0.9923744969286168,0.0997180750025732,0.214461123312839,0.1147430483102658,False,,,,bcap_swing__mlb_2023__20260909__r01,BCAP-SWING-v0.1.0,swing,2023,COMPLETE,fixed_development_policy_external_crossfit_nuisance_OPE,season-weighted final PA W per selected current decision; no summed PA policy gain,Q/value/delta/gain: raw W; outcome MSE: W^2; probabilities/coverage: fraction; sample counts: explicit rows/PA/games,Take_adjudicated,Swing_offer_including_bunts,0-2,BOUNDARY,FB,fixed_score_sensitivity,,,,
cell,0-2|BOUNDARY|FB,first_count_visit,4506.0,0.9544588011014616,0.1007820630475902,0.212024903290354,0.1112428402427638,True,,,,bcap_swing__mlb_2023__20260909__r01,BCAP-SWING-v0.1.0,swing,2023,COMPLETE,fixed_development_policy_external_crossfit_nuisance_OPE,season-weighted final PA W per selected current decision; no summed PA policy gain,Q/value/delta/gain: raw W; outcome MSE: W^2; probabilities/coverage: fraction; sample counts: explicit rows/PA/games,Take_adjudicated,Swing_offer_including_bunts,0-2,BOUNDARY,FB,fixed_score_sensitivity,,,,
cell,0-2|BOUNDARY|FB,fixed_score_cluster_pitcher,4685.0,,,,0.1153517026324235,False,0.0543217472330435,0.1763816580318036,653.0,bcap_swing__mlb_2023__20260909__r01,BCAP-SWING-v0.1.0,swing,2023,COMPLETE,fixed_development_policy_external_crossfit_nuisance_OPE,season-weighted final PA W per selected current decision; no summed PA policy gain,Q/value/delta/gain: raw W; outcome MSE: W^2; probabilities/coverage: fraction; sample counts: explicit rows/PA/games,Take_adjudicated,Swing_offer_including_bunts,0-2,BOUNDARY,FB,fixed_score_sensitivity,,,,
cell,0-2|BOUNDARY|FB,fixed_score_cluster_batter,4685.0,,,,0.1153517026324235,False,0.0561470707120388,0.1745563345528082,553.0,bcap_swing__mlb_2023__20260909__r01,BCAP-SWING-v0.1.0,swing,2023,COMPLETE,fixed_development_policy_external_crossfit_nuisance_OPE,season-weighted final PA W per selected current decision; no summed PA policy gain,Q/value/delta/gain: raw W; outcome MSE: W^2; probabilities/coverage: fraction; sample counts: explicit rows/PA/games,Take_adjudicated,Swing_offer_including_bunts,0-2,BOUNDARY,FB,fixed_score_sensitivity,,,,
cell,0-2|BOUNDARY|NFB,untrimmed,4184.0,1.0,0.0815737938173938,0.222691171373517,0.1411173775561232,True,,,,bcap_swing__mlb_2023__20260909__r01,BCAP-SWING-v0.1.0,swing,2023,COMPLETE,fixed_development_policy_external_crossfit_nuisance_OPE,season-weighted final PA W per selected current decision; no summed PA policy gain,Q/value/delta/gain: raw W; outcome MSE: W^2; probabilities/coverage: fraction; sample counts: explicit rows/PA/games,Take_adjudicated,Swing_offer_including_bunts,0-2,BOUNDARY,NFB,fixed_score_sensitivity,,,,
cell,0-2|BOUNDARY|NFB,trim_002,4158.0,0.9937858508604208,0.0831988359633419,0.2231073787047842,0.1399085427414423,True,,,,bcap_swing__mlb_2023__20260909__r01,BCAP-SWING-v0.1.0,swing,2023,COMPLETE,fixed_development_policy_external_crossfit_nuisance_OPE,season-weighted final PA W per selected current decision; no summed PA policy gain,Q/value/delta/gain: raw W; outcome MSE: W^2; probabilities/coverage: fraction; sample counts: explicit rows/PA/games,Take_adjudicated,Swing_offer_including_bunts,0-2,BOUNDARY,NFB,fixed_score_sensitivity,,,,
cell,0-2|BOUNDARY|NFB,trim_005,4111.0,0.9825525812619504,0.0860727098475701,0.222363561413009,0.1362908515654389,False,,,,bcap_swing__mlb_2023__20260909__r01,BCAP-SWING-v0.1.0,swing,2023,COMPLETE,fixed_development_policy_external_crossfit_nuisance_OPE,season-weighted final PA W per selected current decision; no summed PA policy gain,Q/value/delta/gain: raw W; outcome MSE: W^2; probabilities/coverage: fraction; sample counts: explicit rows/PA/games,Take_adjudicated,Swing_offer_including_bunts,0-2,BOUNDARY,NFB,fixed_score_sensitivity,,,,
cell,0-2|BOUNDARY|NFB,trim_010,3054.0,0.7299235181644359,0.1043660720827927,0.2145885715293181,0.1102224994465253,True,,,,bcap_swing__mlb_2023__20260909__r01,BCAP-SWING-v0.1.0,swing,2023,COMPLETE,fixed_development_policy_external_crossfit_nuisance_OPE,season-weighted final PA W per selected current decision; no summed PA policy gain,Q/value/delta/gain: raw W; outcome MSE: W^2; probabilities/coverage: fraction; sample counts: explicit rows/PA/games,Take_adjudicated,Swing_offer_including_bunts,0-2,BOUNDARY,NFB,fixed_score_sensitivity,,,,
cell,0-2|BOUNDARY|NFB,clip_010_same_target,4111.0,0.9825525812619504,0.0919502342805227,0.2225138190621846,0.1305635847816618,False,,,,bcap_swing__mlb_2023__20260909__r01,BCAP-SWING-v0.1.0,swing,2023,COMPLETE,fixed_development_policy_external_crossfit_nuisance_OPE,season-weighted final PA W per selected current decision; no summed PA policy gain,Q/value/delta/gain: raw W; outcome MSE: W^2; probabilities/coverage: fraction; sample counts: explicit rows/PA/games,Take_adjudicated,Swing_offer_including_bunts,0-2,BOUNDARY,NFB,fixed_score_sensitivity,,,,
cell,0-2|BOUNDARY|NFB,first_count_visit,3989.0,0.9533938814531548,0.0873568513970903,0.221826669352986,0.1344698179558956,True,,,,bcap_swing__mlb_2023__20260909__r01,BCAP-SWING-v0.1.0,swing,2023,COMPLETE,fixed_development_policy_external_crossfit_nuisance_OPE,season-weighted final PA W per selected current decision; no summed PA policy gain,Q/value/delta/gain: raw W; outcome MSE: W^2; probabilities/coverage: fraction; sample counts: explicit rows/PA/games,Take_adjudicated,Swing_offer_including_bunts,0-2,BOUNDARY,NFB,fixed_score_sensitivity,,,,
cell,0-2|BOUNDARY|NFB,fixed_score_cluster_pitcher,4111.0,,,,0.1362908515654389,False,0.0653777363702843,0.2072039667605935,668.0,bcap_swing__mlb_2023__20260909__r01,BCAP-SWING-v0.1.0,swing,2023,COMPLETE,fixed_development_policy_external_crossfit_nuisance_OPE,season-weighted final PA W per selected current decision; no summed PA policy gain,Q/value/delta/gain: raw W; outcome MSE: W^2; probabilities/coverage: fraction; sample counts: explicit rows/PA/games,Take_adjudicated,Swing_offer_including_bunts,0-2,BOUNDARY,NFB,fixed_score_sensitivity,,,,
cell,0-2|BOUNDARY|NFB,fixed_score_cluster_batter,4111.0,,,,0.1362908515654389,False,0.0661336356348579,0.2064480674960199,546.0,bcap_swing__mlb_2023__20260909__r01,BCAP-SWING-v0.1.0,swing,2023,COMPLETE,fixed_development_policy_external_crossfit_nuisance_OPE,season-weighted final PA W per selected current decision; no summed PA policy gain,Q/value/delta/gain: raw W; outcome MSE: W^2; probabilities/coverage: fraction; sample counts: explicit rows/PA/games,Take_adjudicated,Swing_offer_including_bunts,0-2,BOUNDARY,NFB,fixed_score_sensitivity,,,,
cell,0-2|INNER|FB,untrimmed,4545.0,1.0,0.0200650805216101,0.2558721667578128,0.2358070862362027,True,,,,bcap_swing__mlb_2023__20260909__r01,BCAP-SWING-v0.1.0,swing,2023,COMPLETE,fixed_development_policy_external_crossfit_nuisance_OPE,season-weighted final PA W per selected current decision; no summed PA policy gain,Q/value/delta/gain: raw W; outcome MSE: W^2; probabilities/coverage: fraction; sample counts: explicit rows/PA/games,Take_adjudicated,Swing_offer_including_bunts,0-2,INNER,FB,fixed_score_sensitivity,,,,
cell,0-2|INNER|FB,trim_002,4507.0,0.9916391639163916,0.0202744755030518,0.2571537361181053,0.2368792606150535,True,,,,bcap_swing__mlb_2023__20260909__r01,BCAP-SWING-v0.1.0,swing,2023,COMPLETE,fixed_development_policy_external_crossfit_nuisance_OPE,season-weighted final PA W per selected current decision; no summed PA policy gain,Q/value/delta/gain: raw W; outcome MSE: W^2; probabilities/coverage: fraction; sample counts: explicit rows/PA/games,Take_adjudicated,Swing_offer_including_bunts,0-2,INNER,FB,fixed_score_sensitivity,,,,
cell,0-2|INNER|FB,trim_005,4378.0,0.9632563256325632,0.0193427954466047,0.258563579964354,0.2392207845177492,False,,,,bcap_swing__mlb_2023__20260909__r01,BCAP-SWING-v0.1.0,swing,2023,COMPLETE,fixed_development_policy_external_crossfit_nuisance_OPE,season-weighted final PA W per selected current decision; no summed PA policy gain,Q/value/delta/gain: raw W; outcome MSE: W^2; probabilities/coverage: fraction; sample counts: explicit rows/PA/games,Take_adjudicated,Swing_offer_including_bunts,0-2,INNER,FB,fixed_score_sensitivity,,,,
cell,0-2|INNER|FB,trim_010,2358.0,0.5188118811881188,0.0158897324770851,0.2606076297558084,0.2447178972787233,True,,,,bcap_swing__mlb_2023__20260909__r01,BCAP-SWING-v0.1.0,swing,2023,COMPLETE,fixed_development_policy_external_crossfit_nuisance_OPE,season-weighted final PA W per selected current decision; no summed PA policy gain,Q/value/delta/gain: raw W; outcome MSE: W^2; probabilities/coverage: fraction; sample counts: explicit rows/PA/games,Take_adjudicated,Swing_offer_including_bunts,0-2,INNER,FB,fixed_score_sensitivity,,,,
cell,0-2|INNER|FB,clip_010_same_target,4378.0,0.9632563256325632,0.0290363059121575,0.2584144478757728,0.2293781419636152,False,,,,bcap_swing__mlb_2023__20260909__r01,BCAP-SWING-v0.1.0,swing,2023,COMPLETE,fixed_development_policy_external_crossfit_nuisance_OPE,season-weighted final PA W per selected current decision; no summed PA policy gain,Q/value/delta/gain: raw W; outcome MSE: W^2; probabilities/coverage: fraction; sample counts: explicit rows/PA/games,Take_adjudicated,Swing_offer_including_bunts,0-2,INNER,FB,fixed_score_sensitivity,,,,
cell,0-2|INNER|FB,first_count_visit,4163.0,0.915951595159516,0.0175969206914252,0.2559411608497992,0.238344240158374,True,,,,bcap_swing__mlb_2023__20260909__r01,BCAP-SWING-v0.1.0,swing,2023,COMPLETE,fixed_development_policy_external_crossfit_nuisance_OPE,season-weighted final PA W per selected current decision; no summed PA policy gain,Q/value/delta/gain: raw W; outcome MSE: W^2; probabilities/coverage: fraction; sample counts: explicit rows/PA/games,Take_adjudicated,Swing_offer_including_bunts,0-2,INNER,FB,fixed_score_sensitivity,,,,
cell,0-2|INNER|FB,fixed_score_cluster_pitcher,4378.0,,,,0.2392207845177492,False,0.1946016735717297,0.2838398954637687,647.0,bcap_swing__mlb_2023__20260909__r01,BCAP-SWING-v0.1.0,swing,2023,COMPLETE,fixed_development_policy_external_crossfit_nuisance_OPE,season-weighted final PA W per selected current decision; no summed PA policy gain,Q/value/delta/gain: raw W; outcome MSE: W^2; probabilities/coverage: fraction; sample counts: explicit rows/PA/games,Take_adjudicated,Swing_offer_including_bunts,0-2,INNER,FB,fixed_score_sensitivity,,,,
cell,0-2|INNER|FB,fixed_score_cluster_batter,4378.0,,,,0.2392207845177492,False,0.1950032419651481,0.2834383270703503,555.0,bcap_swing__mlb_2023__20260909__r01,BCAP-SWING-v0.1.0,swing,2023,COMPLETE,fixed_development_policy_external_crossfit_nuisance_OPE,season-weighted final PA W per selected current decision; no summed PA policy gain,Q/value/delta/gain: raw W; outcome MSE: W^2; probabilities/coverage: fraction; sample counts: explicit rows/PA/games,Take_adjudicated,Swing_offer_including_bunts,0-2,INNER,FB,fixed_score_sensitivity,,,,
cell,0-2|INNER|NFB,untrimmed,3624.0,1.0,0.0468291789369779,0.2817518558551564,0.2349226769181784,True,,,,bcap_swing__mlb_2023__20260909__r01,BCAP-SWING-v0.1.0,swing,2023,COMPLETE,fixed_development_policy_external_crossfit_nuisance_OPE,season-weighted final PA W per selected current decision; no summed PA policy gain,Q/value/delta/gain: raw W; outcome MSE: W^2; probabilities/coverage: fraction; sample counts: explicit rows/PA/games,Take_adjudicated,Swing_offer_including_bunts,0-2,INNER,NFB,fixed_score_sensitivity,,,,
cell,0-2|INNER|NFB,trim_002,3601.0,0.993653421633554,0.0472349421980118,0.2819254293891781,0.2346904871911663,True,,,,bcap_swing__mlb_2023__20260909__r01,BCAP-SWING-v0.1.0,swing,2023,COMPLETE,fixed_development_policy_external_crossfit_nuisance_OPE,season-weighted final PA W per selected current decision; no summed PA policy gain,Q/value/delta/gain: raw W; outcome MSE: W^2; probabilities/coverage: fraction; sample counts: explicit rows/PA/games,Take_adjudicated,Swing_offer_including_bunts,0-2,INNER,NFB,fixed_score_sensitivity,,,,
cell,0-2|INNER|NFB,trim_005,3244.0,0.8951434878587197,0.0512110326182889,0.273532468835343,0.222321436217054,False,,,,bcap_swing__mlb_2023__20260909__r01,BCAP-SWING-v0.1.0,swing,2023,COMPLETE,fixed_development_policy_external_crossfit_nuisance_OPE,season-weighted final PA W per selected current decision; no summed PA policy gain,Q/value/delta/gain: raw W; outcome MSE: W^2; probabilities/coverage: fraction; sample counts: explicit rows/PA/games,Take_adjudicated,Swing_offer_including_bunts,0-2,INNER,NFB,fixed_score_sensitivity,,,,
cell,0-2|INNER|NFB,trim_010,1123.0,0.309878587196468,0.0855236410667334,0.2695730895072301,0.1840494484404967,True,,,,bcap_swing__mlb_2023__20260909__r01,BCAP-SWING-v0.1.0,swing,2023,COMPLETE,fixed_development_policy_external_crossfit_nuisance_OPE,season-weighted final PA W per selected current decision; no summed PA policy gain,Q/value/delta/gain: raw W; outcome MSE: W^2; probabilities/coverage: fraction; sample counts: explicit rows/PA/games,Take_adjudicated,Swing_offer_including_bunts,0-2,INNER,NFB,fixed_score_sensitivity,,,,
cell,0-2|INNER|NFB,clip_010_same_target,3244.0,0.8951434878587197,0.0690261085018774,0.273545208971496,0.2045191004696186,False,,,,bcap_swing__mlb_2023__20260909__r01,BCAP-SWING-v0.1.0,swing,2023,COMPLETE,fixed_development_policy_external_crossfit_nuisance_OPE,season-weighted final PA W per selected current decision; no summed PA policy gain,Q/value/delta/gain: raw W; outcome MSE: W^2; probabilities/coverage: fraction; sample counts: explicit rows/PA/games,Take_adjudicated,Swing_offer_including_bunts,0-2,INNER,NFB,fixed_score_sensitivity,,,,
cell,0-2|INNER|NFB,first_count_visit,3131.0,0.8639624724061811,0.0492565459514685,0.2723517678172112,0.2230952218657426,True,,,,bcap_swing__mlb_2023__20260909__r01,BCAP-SWING-v0.1.0,swing,2023,COMPLETE,fixed_development_policy_external_crossfit_nuisance_OPE,season-weighted final PA W per selected current decision; no summed PA policy gain,Q/value/delta/gain: raw W; outcome MSE: W^2; probabilities/coverage: fraction; sample counts: explicit rows/PA/games,Take_adjudicated,Swing_offer_including_bunts,0-2,INNER,NFB,fixed_score_sensitivity,,,,
cell,0-2|INNER|NFB,fixed_score_cluster_pitcher,3244.0,,,,0.222321436217054,False,0.16773985320749,0.2769030192266181,627.0,bcap_swing__mlb_2023__20260909__r01,BCAP-SWING-v0.1.0,swing,2023,COMPLETE,fixed_development_policy_external_crossfit_nuisance_OPE,season-weighted final PA W per selected current decision; no summed PA policy gain,Q/value/delta/gain: raw W; outcome MSE: W^2; probabilities/coverage: fraction; sample counts: explicit rows/PA/games,Take_adjudicated,Swing_offer_including_bunts,0-2,INNER,NFB,fixed_score_sensitivity,,,,
cell,0-2|INNER|NFB,fixed_score_cluster_batter,3244.0,,,,0.222321436217054,False,0.1676928609251502,0.2769500115089579,524.0,bcap_swing__mlb_2023__20260909__r01,BCAP-SWING-v0.1.0,swing,2023,COMPLETE,fixed_development_policy_external_crossfit_nuisance_OPE,season-weighted final PA W per selected current decision; no summed PA policy gain,Q/value/delta/gain: raw W; outcome MSE: W^2; probabilities/coverage: fraction; sample counts: explicit rows/PA/games,Take_adjudicated,Swing_offer_including_bunts,0-2,INNER,NFB,fixed_score_sensitivity,,,,
cell,0-2|OUT|FB,untrimmed,12536.0,1.0,0.2320977423228719,0.1369936091452773,-0.0951041331775946,True,,,,bcap_swing__mlb_2023__20260909__r01,BCAP-SWING-v0.1.0,swing,2023,COMPLETE,fixed_development_policy_external_crossfit_nuisance_OPE,season-weighted final PA W per selected current decision; no summed PA policy gain,Q/value/delta/gain: raw W; outcome MSE: W^2; probabilities/coverage: fraction; sample counts: explicit rows/PA/games,Take_adjudicated,Swing_offer_including_bunts,0-2,OUT,FB,fixed_score_sensitivity,,,,
cell,0-2|OUT|FB,trim_002,12363.0,0.9861997447351628,0.2321484527365114,0.1387735635799656,-0.0933748891565457,True,,,,bcap_swing__mlb_2023__20260909__r01,BCAP-SWING-v0.1.0,swing,2023,COMPLETE,fixed_development_policy_external_crossfit_nuisance_OPE,season-weighted final PA W per selected current decision; no summed PA policy gain,Q/value/delta/gain: raw W; outcome MSE: W^2; probabilities/coverage: fraction; sample counts: explicit rows/PA/games,Take_adjudicated,Swing_offer_including_bunts,0-2,OUT,FB,fixed_score_sensitivity,,,,
cell,0-2|OUT|FB,trim_005,11923.0,0.9511008296107212,0.2309931412300563,0.1385753202423982,-0.092417820987658,False,,,,bcap_swing__mlb_2023__20260909__r01,BCAP-SWING-v0.1.0,swing,2023,COMPLETE,fixed_development_policy_external_crossfit_nuisance_OPE,season-weighted final PA W per selected current decision; no summed PA policy gain,Q/value/delta/gain: raw W; outcome MSE: W^2; probabilities/coverage: fraction; sample counts: explicit rows/PA/games,Take_adjudicated,Swing_offer_including_bunts,0-2,OUT,FB,fixed_score_sensitivity,,,,
cell,0-2|OUT|FB,trim_010,10872.0,0.8672622846202935,0.228175971984438,0.1416258697506112,-0.0865501022338267,True,,,,bcap_swing__mlb_2023__20260909__r01,BCAP-SWING-v0.1.0,swing,2023,COMPLETE,fixed_development_policy_external_crossfit_nuisance_OPE,season-weighted final PA W per selected current decision; no summed PA policy gain,Q/value/delta/gain: raw W; outcome MSE: W^2; probabilities/coverage: fraction; sample counts: explicit rows/PA/games,Take_adjudicated,Swing_offer_including_bunts,0-2,OUT,FB,fixed_score_sensitivity,,,,
cell,0-2|OUT|FB,clip_010_same_target,11923.0,0.9511008296107212,0.2309868302268812,0.1391913273672546,-0.0917955028596266,False,,,,bcap_swing__mlb_2023__20260909__r01,BCAP-SWING-v0.1.0,swing,2023,COMPLETE,fixed_development_policy_external_crossfit_nuisance_OPE,season-weighted final PA W per selected current decision; no summed PA policy gain,Q/value/delta/gain: raw W; outcome MSE: W^2; probabilities/coverage: fraction; sample counts: explicit rows/PA/games,Take_adjudicated,Swing_offer_including_bunts,0-2,OUT,FB,fixed_score_sensitivity,,,,
cell,0-2|OUT|FB,first_count_visit,11515.0,0.9185545628589662,0.2307762915694072,0.138255124852035,-0.0925211667173721,True,,,,bcap_swing__mlb_2023__20260909__r01,BCAP-SWING-v0.1.0,swing,2023,COMPLETE,fixed_development_policy_external_crossfit_nuisance_OPE,season-weighted final PA W per selected current decision; no summed PA policy gain,Q/value/delta/gain: raw W; outcome MSE: W^2; probabilities/coverage: fraction; sample counts: explicit rows/PA/games,Take_adjudicated,Swing_offer_including_bunts,0-2,OUT,FB,fixed_score_sensitivity,,,,
cell,0-2|OUT|FB,fixed_score_cluster_pitcher,11923.0,,,,-0.092417820987658,False,-0.1226626288362126,-0.0621730131391034,742.0,bcap_swing__mlb_2023__20260909__r01,BCAP-SWING-v0.1.0,swing,2023,COMPLETE,fixed_development_policy_external_crossfit_nuisance_OPE,season-weighted final PA W per selected current decision; no summed PA policy gain,Q/value/delta/gain: raw W; outcome MSE: W^2; probabilities/coverage: fraction; sample counts: explicit rows/PA/games,Take_adjudicated,Swing_offer_including_bunts,0-2,OUT,FB,fixed_score_sensitivity,,,,
cell,0-2|OUT|FB,fixed_score_cluster_batter,11923.0,,,,-0.092417820987658,False,-0.1253313751298674,-0.0595042668454486,581.0,bcap_swing__mlb_2023__20260909__r01,BCAP-SWING-v0.1.0,swing,2023,COMPLETE,fixed_development_policy_external_crossfit_nuisance_OPE,season-weighted final PA W per selected current decision; no summed PA policy gain,Q/value/delta/gain: raw W; outcome MSE: W^2; probabilities/coverage: fraction; sample counts: explicit rows/PA/games,Take_adjudicated,Swing_offer_including_bunts,0-2,OUT,FB,fixed_score_sensitivity,,,,
cell,0-2|OUT|NFB,untrimmed,19123.0,1.0,0.218479357089995,0.0960141147611691,-0.1224652423288259,True,,,,bcap_swing__mlb_2023__20260909__r01,BCAP-SWING-v0.1.0,swing,2023,COMPLETE,fixed_development_policy_external_crossfit_nuisance_OPE,season-weighted final PA W per selected current decision; no summed PA policy gain,Q/value/delta/gain: raw W; outcome MSE: W^2; probabilities/coverage: fraction; sample counts: explicit rows/PA/games,Take_adjudicated,Swing_offer_including_bunts,0-2,OUT,NFB,fixed_score_sensitivity,,,,
cell,0-2|OUT|NFB,trim_002,18927.0,0.9897505621502902,0.2188704232305419,0.0960541798027959,-0.122816243427746,True,,,,bcap_swing__mlb_2023__20260909__r01,BCAP-SWING-v0.1.0,swing,2023,COMPLETE,fixed_development_policy_external_crossfit_nuisance_OPE,season-weighted final PA W per selected current decision; no summed PA policy gain,Q/value/delta/gain: raw W; outcome MSE: W^2; probabilities/coverage: fraction; sample counts: explicit rows/PA/games,Take_adjudicated,Swing_offer_including_bunts,0-2,OUT,NFB,fixed_score_sensitivity,,,,
cell,0-2|OUT|NFB,trim_005,18119.0,0.9474977775453642,0.217494324103184,0.0976803431438452,-0.1198139809593387,False,,,,bcap_swing__mlb_2023__20260909__r01,BCAP-SWING-v0.1.0,swing,2023,COMPLETE,fixed_development_policy_external_crossfit_nuisance_OPE,season-weighted final PA W per selected current decision; no summed PA policy gain,Q/value/delta/gain: raw W; outcome MSE: W^2; probabilities/coverage: fraction; sample counts: explicit rows/PA/games,Take_adjudicated,Swing_offer_including_bunts,0-2,OUT,NFB,fixed_score_sensitivity,,,,
cell,0-2|OUT|NFB,trim_010,16687.0,0.8726141295821785,0.2164091029201635,0.104301809710212,-0.1121072932099515,True,,,,bcap_swing__mlb_2023__20260909__r01,BCAP-SWING-v0.1.0,swing,2023,COMPLETE,fixed_development_policy_external_crossfit_nuisance_OPE,season-weighted final PA W per selected current decision; no summed PA policy gain,Q/value/delta/gain: raw W; outcome MSE: W^2; probabilities/coverage: fraction; sample counts: explicit rows/PA/games,Take_adjudicated,Swing_offer_including_bunts,0-2,OUT,NFB,fixed_score_sensitivity,,,,
cell,0-2|OUT|NFB,clip_010_same_target,18119.0,0.9474977775453642,0.2174390883007677,0.0987936304360681,-0.1186454578646995,False,,,,bcap_swing__mlb_2023__20260909__r01,BCAP-SWING-v0.1.0,swing,2023,COMPLETE,fixed_development_policy_external_crossfit_nuisance_OPE,season-weighted final PA W per selected current decision; no summed PA policy gain,Q/value/delta/gain: raw W; outcome MSE: W^2; probabilities/coverage: fraction; sample counts: explicit rows/PA/games,Take_adjudicated,Swing_offer_including_bunts,0-2,OUT,NFB,fixed_score_sensitivity,,,,
cell,0-2|OUT|NFB,first_count_visit,17383.0,0.9090100925586988,0.2186454123721299,0.0959984958422556,-0.1226469165298743,True,,,,bcap_swing__mlb_2023__20260909__r01,BCAP-SWING-v0.1.0,swing,2023,COMPLETE,fixed_development_policy_external_crossfit_nuisance_OPE,season-weighted final PA W per selected current decision; no summed PA policy gain,Q/value/delta/gain: raw W; outcome MSE: W^2; probabilities/coverage: fraction; sample counts: explicit rows/PA/games,Take_adjudicated,Swing_offer_including_bunts,0-2,OUT,NFB,fixed_score_sensitivity,,,,
cell,0-2|OUT|NFB,fixed_score_cluster_pitcher,18119.0,,,,-0.1198139809593387,False,-0.1429222446354522,-0.0967057172832252,792.0,bcap_swing__mlb_2023__20260909__r01,BCAP-SWING-v0.1.0,swing,2023,COMPLETE,fixed_development_policy_external_crossfit_nuisance_OPE,season-weighted final PA W per selected current decision; no summed PA policy gain,Q/value/delta/gain: raw W; outcome MSE: W^2; probabilities/coverage: fraction; sample counts: explicit rows/PA/games,Take_adjudicated,Swing_offer_including_bunts,0-2,OUT,NFB,fixed_score_sensitivity,,,,
cell,0-2|OUT|NFB,fixed_score_cluster_batter,18119.0,,,,-0.1198139809593387,False,-0.1442728797945842,-0.0953550821240932,588.0,bcap_swing__mlb_2023__20260909__r01,BCAP-SWING-v0.1.0,swing,2023,COMPLETE,fixed_development_policy_external_crossfit_nuisance_OPE,season-weighted final PA W per selected current decision; no summed PA policy gain,Q/value/delta/gain: raw W; outcome MSE: W^2; probabilities/coverage: fraction; sample counts: explicit rows/PA/games,Take_adjudicated,Swing_offer_including_bunts,0-2,OUT,NFB,fixed_score_sensitivity,,,,
cell,1-0|BOUNDARY|FB,untrimmed,11239.0,1.0,0.3274569233981134,0.3215184481375939,-0.0059384752605195,True,,,,bcap_swing__mlb_2023__20260909__r01,BCAP-SWING-v0.1.0,swing,2023,COMPLETE,fixed_development_policy_external_crossfit_nuisance_OPE,season-weighted final PA W per selected current decision; no summed PA policy gain,Q/value/delta/gain: raw W; outcome MSE: W^2; probabilities/coverage: fraction; sample counts: explicit rows/PA/games,Take_adjudicated,Swing_offer_including_bunts,1-0,BOUNDARY,FB,fixed_score_sensitivity,,,,
cell,1-0|BOUNDARY|FB,trim_002,11167.0,0.9935937360975176,0.3280567676876026,0.3216027546411779,-0.0064540130464248,True,,,,bcap_swing__mlb_2023__20260909__r01,BCAP-SWING-v0.1.0,swing,2023,COMPLETE,fixed_development_policy_external_crossfit_nuisance_OPE,season-weighted final PA W per selected current decision; no summed PA policy gain,Q/value/delta/gain: raw W; outcome MSE: W^2; probabilities/coverage: fraction; sample counts: explicit rows/PA/games,Take_adjudicated,Swing_offer_including_bunts,1-0,BOUNDARY,FB,fixed_score_sensitivity,,,,
cell,1-0|BOUNDARY|FB,trim_005,11167.0,0.9935937360975176,0.3280567676876026,0.3216027546411779,-0.0064540130464248,False,,,,bcap_swing__mlb_2023__20260909__r01,BCAP-SWING-v0.1.0,swing,2023,COMPLETE,fixed_development_policy_external_crossfit_nuisance_OPE,season-weighted final PA W per selected current decision; no summed PA policy gain,Q/value/delta/gain: raw W; outcome MSE: W^2; probabilities/coverage: fraction; sample counts: explicit rows/PA/games,Take_adjudicated,Swing_offer_including_bunts,1-0,BOUNDARY,FB,fixed_score_sensitivity,,,,
cell,1-0|BOUNDARY|FB,trim_010,11167.0,0.9935937360975176,0.3280567676876026,0.3216027546411779,-0.0064540130464248,True,,,,bcap_swing__mlb_2023__20260909__r01,BCAP-SWING-v0.1.0,swing,2023,COMPLETE,fixed_development_policy_external_crossfit_nuisance_OPE,season-weighted final PA W per selected current decision; no summed PA policy gain,Q/value/delta/gain: raw W; outcome MSE: W^2; probabilities/coverage: fraction; sample counts: explicit rows/PA/games,Take_adjudicated,Swing_offer_including_bunts,1-0,BOUNDARY,FB,fixed_score_sensitivity,,,,
cell,1-0|BOUNDARY|FB,clip_010_same_target,11167.0,0.9935937360975176,0.3280567676876026,0.3216027546411779,-0.0064540130464248,False,,,,bcap_swing__mlb_2023__20260909__r01,BCAP-SWING-v0.1.0,swing,2023,COMPLETE,fixed_development_policy_external_crossfit_nuisance_OPE,season-weighted final PA W per selected current decision; no summed PA policy gain,Q/value/delta/gain: raw W; outcome MSE: W^2; probabilities/coverage: fraction; sample counts: explicit rows/PA/games,Take_adjudicated,Swing_offer_including_bunts,1-0,BOUNDARY,FB,fixed_score_sensitivity,,,,
cell,1-0|BOUNDARY|FB,first_count_visit,11167.0,0.9935937360975176,0.3280567676876026,0.3216027546411779,-0.0064540130464248,True,,,,bcap_swing__mlb_2023__20260909__r01,BCAP-SWING-v0.1.0,swing,2023,COMPLETE,fixed_development_policy_external_crossfit_nuisance_OPE,season-weighted final PA W per selected current decision; no summed PA policy gain,Q/value/delta/gain: raw W; outcome MSE: W^2; probabilities/coverage: fraction; sample counts: explicit rows/PA/games,Take_adjudicated,Swing_offer_including_bunts,1-0,BOUNDARY,FB,fixed_score_sensitivity,,,,
cell,1-0|BOUNDARY|FB,fixed_score_cluster_pitcher,11167.0,,,,-0.0064540130464248,False,-0.0474715469579192,0.0345635208650696,754.0,bcap_swing__mlb_2023__20260909__r01,BCAP-SWING-v0.1.0,swing,2023,COMPLETE,fixed_development_policy_external_crossfit_nuisance_OPE,season-weighted final PA W per selected current decision; no summed PA policy gain,Q/value/delta/gain: raw W; outcome MSE: W^2; probabilities/coverage: fraction; sample counts: explicit rows/PA/games,Take_adjudicated,Swing_offer_including_bunts,1-0,BOUNDARY,FB,fixed_score_sensitivity,,,,
cell,1-0|BOUNDARY|FB,fixed_score_cluster_batter,11167.0,,,,-0.0064540130464248,False,-0.0466428806531771,0.0337348545603275,579.0,bcap_swing__mlb_2023__20260909__r01,BCAP-SWING-v0.1.0,swing,2023,COMPLETE,fixed_development_policy_external_crossfit_nuisance_OPE,season-weighted final PA W per selected current decision; no summed PA policy gain,Q/value/delta/gain: raw W; outcome MSE: W^2; probabilities/coverage: fraction; sample counts: explicit rows/PA/games,Take_adjudicated,Swing_offer_including_bunts,1-0,BOUNDARY,FB,fixed_score_sensitivity,,,,
cell,1-0|BOUNDARY|NFB,untrimmed,6945.0,1.0,0.3204901082976367,0.3140001855429726,-0.0064899227546641,True,,,,bcap_swing__mlb_2023__20260909__r01,BCAP-SWING-v0.1.0,swing,2023,COMPLETE,fixed_development_policy_external_crossfit_nuisance_OPE,season-weighted final PA W per selected current decision; no summed PA policy gain,Q/value/delta/gain: raw W; outcome MSE: W^2; probabilities/coverage: fraction; sample counts: explicit rows/PA/games,Take_adjudicated,Swing_offer_including_bunts,1-0,BOUNDARY,NFB,fixed_score_sensitivity,,,,
cell,1-0|BOUNDARY|NFB,trim_002,6910.0,0.9949604031677466,0.3213779682825791,0.3152532157062307,-0.0061247525763483,True,,,,bcap_swing__mlb_2023__20260909__r01,BCAP-SWING-v0.1.0,swing,2023,COMPLETE,fixed_development_policy_external_crossfit_nuisance_OPE,season-weighted final PA W per selected current decision; no summed PA policy gain,Q/value/delta/gain: raw W; outcome MSE: W^2; probabilities/coverage: fraction; sample counts: explicit rows/PA/games,Take_adjudicated,Swing_offer_including_bunts,1-0,BOUNDARY,NFB,fixed_score_sensitivity,,,,
cell,1-0|BOUNDARY|NFB,trim_005,6910.0,0.9949604031677466,0.3213779682825791,0.3152532157062307,-0.0061247525763483,False,,,,bcap_swing__mlb_2023__20260909__r01,BCAP-SWING-v0.1.0,swing,2023,COMPLETE,fixed_development_policy_external_crossfit_nuisance_OPE,season-weighted final PA W per selected current decision; no summed PA policy gain,Q/value/delta/gain: raw W; outcome MSE: W^2; probabilities/coverage: fraction; sample counts: explicit rows/PA/games,Take_adjudicated,Swing_offer_including_bunts,1-0,BOUNDARY,NFB,fixed_score_sensitivity,,,,
cell,1-0|BOUNDARY|NFB,trim_010,6910.0,0.9949604031677466,0.3213779682825791,0.3152532157062307,-0.0061247525763483,True,,,,bcap_swing__mlb_2023__20260909__r01,BCAP-SWING-v0.1.0,swing,2023,COMPLETE,fixed_development_policy_external_crossfit_nuisance_OPE,season-weighted final PA W per selected current decision; no summed PA policy gain,Q/value/delta/gain: raw W; outcome MSE: W^2; probabilities/coverage: fraction; sample counts: explicit rows/PA/games,Take_adjudicated,Swing_offer_including_bunts,1-0,BOUNDARY,NFB,fixed_score_sensitivity,,,,
cell,1-0|BOUNDARY|NFB,clip_010_same_target,6910.0,0.9949604031677466,0.3213779682825791,0.3152532157062307,-0.0061247525763483,False,,,,bcap_swing__mlb_2023__20260909__r01,BCAP-SWING-v0.1.0,swing,2023,COMPLETE,fixed_development_policy_external_crossfit_nuisance_OPE,season-weighted final PA W per selected current decision; no summed PA policy gain,Q/value/delta/gain: raw W; outcome MSE: W^2; probabilities/coverage: fraction; sample counts: explicit rows/PA/games,Take_adjudicated,Swing_offer_including_bunts,1-0,BOUNDARY,NFB,fixed_score_sensitivity,,,,
cell,1-0|BOUNDARY|NFB,first_count_visit,6910.0,0.9949604031677466,0.3213779682825791,0.3152532157062307,-0.0061247525763483,True,,,,bcap_swing__mlb_2023__20260909__r01,BCAP-SWING-v0.1.0,swing,2023,COMPLETE,fixed_development_policy_external_crossfit_nuisance_OPE,season-weighted final PA W per selected current decision; no summed PA policy gain,Q/value/delta/gain: raw W; outcome MSE: W^2; probabilities/coverage: fraction; sample counts: explicit rows/PA/games,Take_adjudicated,Swing_offer_including_bunts,1-0,BOUNDARY,NFB,fixed_score_sensitivity,,,,
cell,1-0|BOUNDARY|NFB,fixed_score_cluster_pitcher,6910.0,,,,-0.0061247525763483,False,-0.0606540736292321,0.0484045684765353,734.0,bcap_swing__mlb_2023__20260909__r01,BCAP-SWING-v0.1.0,swing,2023,COMPLETE,fixed_development_policy_external_crossfit_nuisance_OPE,season-weighted final PA W per selected current decision; no summed PA policy gain,Q/value/delta/gain: raw W; outcome MSE: W^2; probabilities/coverage: fraction; sample counts: explicit rows/PA/games,Take_adjudicated,Swing_offer_including_bunts,1-0,BOUNDARY,NFB,fixed_score_sensitivity,,,,
cell,1-0|BOUNDARY|NFB,fixed_score_cluster_batter,6910.0,,,,-0.0061247525763483,False,-0.0587058283419107,0.0464563231892139,570.0,bcap_swing__mlb_2023__20260909__r01,BCAP-SWING-v0.1.0,swing,2023,COMPLETE,fixed_development_policy_external_crossfit_nuisance_OPE,season-weighted final PA W per selected current decision; no summed PA policy gain,Q/value/delta/gain: raw W; outcome MSE: W^2; probabilities/coverage: fraction; sample counts: explicit rows/PA/games,Take_adjudicated,Swing_offer_including_bunts,1-0,BOUNDARY,NFB,fixed_score_sensitivity,,,,
cell,1-0|INNER|FB,untrimmed,14222.0,1.0,0.2976947045235841,0.3684421327339532,0.0707474282103691,True,,,,bcap_swing__mlb_2023__20260909__r01,BCAP-SWING-v0.1.0,swing,2023,COMPLETE,fixed_development_policy_external_crossfit_nuisance_OPE,season-weighted final PA W per selected current decision; no summed PA policy gain,Q/value/delta/gain: raw W; outcome MSE: W^2; probabilities/coverage: fraction; sample counts: explicit rows/PA/games,Take_adjudicated,Swing_offer_including_bunts,1-0,INNER,FB,fixed_score_sensitivity,,,,
cell,1-0|INNER|FB,trim_002,14130.0,0.993531148924202,0.2979498666873366,0.3697148602816935,0.0717649935943569,True,,,,bcap_swing__mlb_2023__20260909__r01,BCAP-SWING-v0.1.0,swing,2023,COMPLETE,fixed_development_policy_external_crossfit_nuisance_OPE,season-weighted final PA W per selected current decision; no summed PA policy gain,Q/value/delta/gain: raw W; outcome MSE: W^2; probabilities/coverage: fraction; sample counts: explicit rows/PA/games,Take_adjudicated,Swing_offer_including_bunts,1-0,INNER,FB,fixed_score_sensitivity,,,,
cell,1-0|INNER|FB,trim_005,14130.0,0.993531148924202,0.2979498666873366,0.3697148602816935,0.0717649935943569,False,,,,bcap_swing__mlb_2023__20260909__r01,BCAP-SWING-v0.1.0,swing,2023,COMPLETE,fixed_development_policy_external_crossfit_nuisance_OPE,season-weighted final PA W per selected current decision; no summed PA policy gain,Q/value/delta/gain: raw W; outcome MSE: W^2; probabilities/coverage: fraction; sample counts: explicit rows/PA/games,Take_adjudicated,Swing_offer_including_bunts,1-0,INNER,FB,fixed_score_sensitivity,,,,
cell,1-0|INNER|FB,trim_010,14101.0,0.9914920545633524,0.2984032662165367,0.3694777966909796,0.0710745304744429,True,,,,bcap_swing__mlb_2023__20260909__r01,BCAP-SWING-v0.1.0,swing,2023,COMPLETE,fixed_development_policy_external_crossfit_nuisance_OPE,season-weighted final PA W per selected current decision; no summed PA policy gain,Q/value/delta/gain: raw W; outcome MSE: W^2; probabilities/coverage: fraction; sample counts: explicit rows/PA/games,Take_adjudicated,Swing_offer_including_bunts,1-0,INNER,FB,fixed_score_sensitivity,,,,
cell,1-0|INNER|FB,clip_010_same_target,14130.0,0.993531148924202,0.2980906588539211,0.3697180735053897,0.0716274146514685,False,,,,bcap_swing__mlb_2023__20260909__r01,BCAP-SWING-v0.1.0,swing,2023,COMPLETE,fixed_development_policy_external_crossfit_nuisance_OPE,season-weighted final PA W per selected current decision; no summed PA policy gain,Q/value/delta/gain: raw W; outcome MSE: W^2; probabilities/coverage: fraction; sample counts: explicit rows/PA/games,Take_adjudicated,Swing_offer_including_bunts,1-0,INNER,FB,fixed_score_sensitivity,,,,
cell,1-0|INNER|FB,first_count_visit,14130.0,0.993531148924202,0.2979498666873366,0.3697148602816935,0.0717649935943569,True,,,,bcap_swing__mlb_2023__20260909__r01,BCAP-SWING-v0.1.0,swing,2023,COMPLETE,fixed_development_policy_external_crossfit_nuisance_OPE,season-weighted final PA W per selected current decision; no summed PA policy gain,Q/value/delta/gain: raw W; outcome MSE: W^2; probabilities/coverage: fraction; sample counts: explicit rows/PA/games,Take_adjudicated,Swing_offer_including_bunts,1-0,INNER,FB,fixed_score_sensitivity,,,,
cell,1-0|INNER|FB,fixed_score_cluster_pitcher,14130.0,,,,0.0717649935943569,False,0.0250314652491084,0.1184985219396053,766.0,bcap_swing__mlb_2023__20260909__r01,BCAP-SWING-v0.1.0,swing,2023,COMPLETE,fixed_development_policy_external_crossfit_nuisance_OPE,season-weighted final PA W per selected current decision; no summed PA policy gain,Q/value/delta/gain: raw W; outcome MSE: W^2; probabilities/coverage: fraction; sample counts: explicit rows/PA/games,Take_adjudicated,Swing_offer_including_bunts,1-0,INNER,FB,fixed_score_sensitivity,,,,
cell,1-0|INNER|FB,fixed_score_cluster_batter,14130.0,,,,0.0717649935943569,False,0.0257814638381805,0.1177485233505332,585.0,bcap_swing__mlb_2023__20260909__r01,BCAP-SWING-v0.1.0,swing,2023,COMPLETE,fixed_development_policy_external_crossfit_nuisance_OPE,season-weighted final PA W per selected current decision; no summed PA policy gain,Q/value/delta/gain: raw W; outcome MSE: W^2; probabilities/coverage: fraction; sample counts: explicit rows/PA/games,Take_adjudicated,Swing_offer_including_bunts,1-0,INNER,FB,fixed_score_sensitivity,,,,
cell,1-0|INNER|NFB,untrimmed,7888.0,1.0,0.3102239160796874,0.3544283313074542,0.0442044152277667,True,,,,bcap_swing__mlb_2023__20260909__r01,BCAP-SWING-v0.1.0,swing,2023,COMPLETE,fixed_development_policy_external_crossfit_nuisance_OPE,season-weighted final PA W per selected current decision; no summed PA policy gain,Q/value/delta/gain: raw W; outcome MSE: W^2; probabilities/coverage: fraction; sample counts: explicit rows/PA/games,Take_adjudicated,Swing_offer_including_bunts,1-0,INNER,NFB,fixed_score_sensitivity,,,,
cell,1-0|INNER|NFB,trim_002,7827.0,0.9922667342799188,0.3112592216698872,0.3557107533364141,0.0444515316665268,True,,,,bcap_swing__mlb_2023__20260909__r01,BCAP-SWING-v0.1.0,swing,2023,COMPLETE,fixed_development_policy_external_crossfit_nuisance_OPE,season-weighted final PA W per selected current decision; no summed PA policy gain,Q/value/delta/gain: raw W; outcome MSE: W^2; probabilities/coverage: fraction; sample counts: explicit rows/PA/games,Take_adjudicated,Swing_offer_including_bunts,1-0,INNER,NFB,fixed_score_sensitivity,,,,
cell,1-0|INNER|NFB,trim_005,7827.0,0.9922667342799188,0.3112592216698872,0.3557107533364141,0.0444515316665268,False,,,,bcap_swing__mlb_2023__20260909__r01,BCAP-SWING-v0.1.0,swing,2023,COMPLETE,fixed_development_policy_external_crossfit_nuisance_OPE,season-weighted final PA W per selected current decision; no summed PA policy gain,Q/value/delta/gain: raw W; outcome MSE: W^2; probabilities/coverage: fraction; sample counts: explicit rows/PA/games,Take_adjudicated,Swing_offer_including_bunts,1-0,INNER,NFB,fixed_score_sensitivity,,,,
cell,1-0|INNER|NFB,trim_010,7827.0,0.9922667342799188,0.3112592216698872,0.3557107533364141,0.0444515316665268,True,,,,bcap_swing__mlb_2023__20260909__r01,BCAP-SWING-v0.1.0,swing,2023,COMPLETE,fixed_development_policy_external_crossfit_nuisance_OPE,season-weighted final PA W per selected current decision; no summed PA policy gain,Q/value/delta/gain: raw W; outcome MSE: W^2; probabilities/coverage: fraction; sample counts: explicit rows/PA/games,Take_adjudicated,Swing_offer_including_bunts,1-0,INNER,NFB,fixed_score_sensitivity,,,,
cell,1-0|INNER|NFB,clip_010_same_target,7827.0,0.9922667342799188,0.3112592216698872,0.3557107533364141,0.0444515316665268,False,,,,bcap_swing__mlb_2023__20260909__r01,BCAP-SWING-v0.1.0,swing,2023,COMPLETE,fixed_development_policy_external_crossfit_nuisance_OPE,season-weighted final PA W per selected current decision; no summed PA policy gain,Q/value/delta/gain: raw W; outcome MSE: W^2; probabilities/coverage: fraction; sample counts: explicit rows/PA/games,Take_adjudicated,Swing_offer_including_bunts,1-0,INNER,NFB,fixed_score_sensitivity,,,,
cell,1-0|INNER|NFB,first_count_visit,7827.0,0.9922667342799188,0.3112592216698872,0.3557107533364141,0.0444515316665268,True,,,,bcap_swing__mlb_2023__20260909__r01,BCAP-SWING-v0.1.0,swing,2023,COMPLETE,fixed_development_policy_external_crossfit_nuisance_OPE,season-weighted final PA W per selected current decision; no summed PA policy gain,Q/value/delta/gain: raw W; outcome MSE: W^2; probabilities/coverage: fraction; sample counts: explicit rows/PA/games,Take_adjudicated,Swing_offer_including_bunts,1-0,INNER,NFB,fixed_score_sensitivity,,,,
cell,1-0|INNER|NFB,fixed_score_cluster_pitcher,7827.0,,,,0.0444515316665268,False,-0.0121467943786737,0.1010498577117273,727.0,bcap_swing__mlb_2023__20260909__r01,BCAP-SWING-v0.1.0,swing,2023,COMPLETE,fixed_development_policy_external_crossfit_nuisance_OPE,season-weighted final PA W per selected current decision; no summed PA policy gain,Q/value/delta/gain: raw W; outcome MSE: W^2; probabilities/coverage: fraction; sample counts: explicit rows/PA/games,Take_adjudicated,Swing_offer_including_bunts,1-0,INNER,NFB,fixed_score_sensitivity,,,,
cell,1-0|INNER|NFB,fixed_score_cluster_batter,7827.0,,,,0.0444515316665268,False,-0.006548909566738,0.0954519728997917,566.0,bcap_swing__mlb_2023__20260909__r01,BCAP-SWING-v0.1.0,swing,2023,COMPLETE,fixed_development_policy_external_crossfit_nuisance_OPE,season-weighted final PA W per selected current decision; no summed PA policy gain,Q/value/delta/gain: raw W; outcome MSE: W^2; probabilities/coverage: fraction; sample counts: explicit rows/PA/games,Take_adjudicated,Swing_offer_including_bunts,1-0,INNER,NFB,fixed_score_sensitivity,,,,
cell,1-0|OUT|FB,untrimmed,16138.0,1.0,0.410654244904017,0.2712415786352434,-0.1394126662687736,True,,,,bcap_swing__mlb_2023__20260909__r01,BCAP-SWING-v0.1.0,swing,2023,COMPLETE,fixed_development_policy_external_crossfit_nuisance_OPE,season-weighted final PA W per selected current decision; no summed PA policy gain,Q/value/delta/gain: raw W; outcome MSE: W^2; probabilities/coverage: fraction; sample counts: explicit rows/PA/games,Take_adjudicated,Swing_offer_including_bunts,1-0,OUT,FB,fixed_score_sensitivity,,,,
cell,1-0|OUT|FB,trim_002,15767.0,0.9770107820052052,0.408749182022121,0.2740366912232791,-0.1347124907988419,True,,,,bcap_swing__mlb_2023__20260909__r01,BCAP-SWING-v0.1.0,swing,2023,COMPLETE,fixed_development_policy_external_crossfit_nuisance_OPE,season-weighted final PA W per selected current decision; no summed PA policy gain,Q/value/delta/gain: raw W; outcome MSE: W^2; probabilities/coverage: fraction; sample counts: explicit rows/PA/games,Take_adjudicated,Swing_offer_including_bunts,1-0,OUT,FB,fixed_score_sensitivity,,,,
cell,1-0|OUT|FB,trim_005,14677.0,0.9094683356054034,0.4057778096085661,0.2723086587838963,-0.1334691508246698,False,,,,bcap_swing__mlb_2023__20260909__r01,BCAP-SWING-v0.1.0,swing,2023,COMPLETE,fixed_development_policy_external_crossfit_nuisance_OPE,season-weighted final PA W per selected current decision; no summed PA policy gain,Q/value/delta/gain: raw W; outcome MSE: W^2; probabilities/coverage: fraction; sample counts: explicit rows/PA/games,Take_adjudicated,Swing_offer_including_bunts,1-0,OUT,FB,fixed_score_sensitivity,,,,
cell,1-0|OUT|FB,trim_010,11826.0,0.7328045606642707,0.4042757706693594,0.2828770965342849,-0.1213986741350744,True,,,,bcap_swing__mlb_2023__20260909__r01,BCAP-SWING-v0.1.0,swing,2023,COMPLETE,fixed_development_policy_external_crossfit_nuisance_OPE,season-weighted final PA W per selected current decision; no summed PA policy gain,Q/value/delta/gain: raw W; outcome MSE: W^2; probabilities/coverage: fraction; sample counts: explicit rows/PA/games,Take_adjudicated,Swing_offer_including_bunts,1-0,OUT,FB,fixed_score_sensitivity,,,,
cell,1-0|OUT|FB,clip_010_same_target,14677.0,0.9094683356054034,0.4057457681538741,0.2736596922775735,-0.1320860758763006,False,,,,bcap_swing__mlb_2023__20260909__r01,BCAP-SWING-v0.1.0,swing,2023,COMPLETE,fixed_development_policy_external_crossfit_nuisance_OPE,season-weighted final PA W per selected current decision; no summed PA policy gain,Q/value/delta/gain: raw W; outcome MSE: W^2; probabilities/coverage: fraction; sample counts: explicit rows/PA/games,Take_adjudicated,Swing_offer_including_bunts,1-0,OUT,FB,fixed_score_sensitivity,,,,
cell,1-0|OUT|FB,first_count_visit,14677.0,0.9094683356054034,0.4057778096085661,0.2723086587838963,-0.1334691508246698,True,,,,bcap_swing__mlb_2023__20260909__r01,BCAP-SWING-v0.1.0,swing,2023,COMPLETE,fixed_development_policy_external_crossfit_nuisance_OPE,season-weighted final PA W per selected current decision; no summed PA policy gain,Q/value/delta/gain: raw W; outcome MSE: W^2; probabilities/coverage: fraction; sample counts: explicit rows/PA/games,Take_adjudicated,Swing_offer_including_bunts,1-0,OUT,FB,fixed_score_sensitivity,,,,
cell,1-0|OUT|FB,fixed_score_cluster_pitcher,14677.0,,,,-0.1334691508246698,False,-0.1744971563247034,-0.0924411453246362,768.0,bcap_swing__mlb_2023__20260909__r01,BCAP-SWING-v0.1.0,swing,2023,COMPLETE,fixed_development_policy_external_crossfit_nuisance_OPE,season-weighted final PA W per selected current decision; no summed PA policy gain,Q/value/delta/gain: raw W; outcome MSE: W^2; probabilities/coverage: fraction; sample counts: explicit rows/PA/games,Take_adjudicated,Swing_offer_including_bunts,1-0,OUT,FB,fixed_score_sensitivity,,,,
cell,1-0|OUT|FB,fixed_score_cluster_batter,14677.0,,,,-0.1334691508246698,False,-0.1764149585262857,-0.0905233431230538,582.0,bcap_swing__mlb_2023__20260909__r01,BCAP-SWING-v0.1.0,swing,2023,COMPLETE,fixed_development_policy_external_crossfit_nuisance_OPE,season-weighted final PA W per selected current decision; no summed PA policy gain,Q/value/delta/gain: raw W; outcome MSE: W^2; probabilities/coverage: fraction; sample counts: explicit rows/PA/games,Take_adjudicated,Swing_offer_including_bunts,1-0,OUT,FB,fixed_score_sensitivity,,,,
cell,1-0|OUT|NFB,untrimmed,13582.0,1.0,0.4191951006346812,0.3035202055826337,-0.1156748950520474,True,,,,bcap_swing__mlb_2023__20260909__r01,BCAP-SWING-v0.1.0,swing,2023,COMPLETE,fixed_development_policy_external_crossfit_nuisance_OPE,season-weighted final PA W per selected current decision; no summed PA policy gain,Q/value/delta/gain: raw W; outcome MSE: W^2; probabilities/coverage: fraction; sample counts: explicit rows/PA/games,Take_adjudicated,Swing_offer_including_bunts,1-0,OUT,NFB,fixed_score_sensitivity,,,,
cell,1-0|OUT|NFB,trim_002,13240.0,0.9748196141952584,0.4190610690591161,0.3059158221511436,-0.1131452469079726,True,,,,bcap_swing__mlb_2023__20260909__r01,BCAP-SWING-v0.1.0,swing,2023,COMPLETE,fixed_development_policy_external_crossfit_nuisance_OPE,season-weighted final PA W per selected current decision; no summed PA policy gain,Q/value/delta/gain: raw W; outcome MSE: W^2; probabilities/coverage: fraction; sample counts: explicit rows/PA/games,Take_adjudicated,Swing_offer_including_bunts,1-0,OUT,NFB,fixed_score_sensitivity,,,,
cell,1-0|OUT|NFB,trim_005,12508.0,0.920924753350022,0.4156770100053134,0.3049098466760984,-0.1107671633292149,False,,,,bcap_swing__mlb_2023__20260909__r01,BCAP-SWING-v0.1.0,swing,2023,COMPLETE,fixed_development_policy_external_crossfit_nuisance_OPE,season-weighted final PA W per selected current decision; no summed PA policy gain,Q/value/delta/gain: raw W; outcome MSE: W^2; probabilities/coverage: fraction; sample counts: explicit rows/PA/games,Take_adjudicated,Swing_offer_including_bunts,1-0,OUT,NFB,fixed_score_sensitivity,,,,
cell,1-0|OUT|NFB,trim_010,10851.0,0.7989250478574584,0.4144871701315897,0.2990420122886826,-0.1154451578429071,True,,,,bcap_swing__mlb_2023__20260909__r01,BCAP-SWING-v0.1.0,swing,2023,COMPLETE,fixed_development_policy_external_crossfit_nuisance_OPE,season-weighted final PA W per selected current decision; no summed PA policy gain,Q/value/delta/gain: raw W; outcome MSE: W^2; probabilities/coverage: fraction; sample counts: explicit rows/PA/games,Take_adjudicated,Swing_offer_including_bunts,1-0,OUT,NFB,fixed_score_sensitivity,,,,
cell,1-0|OUT|NFB,clip_010_same_target,12508.0,0.920924753350022,0.4156756918552715,0.3015759603288787,-0.1140997315263927,False,,,,bcap_swing__mlb_2023__20260909__r01,BCAP-SWING-v0.1.0,swing,2023,COMPLETE,fixed_development_policy_external_crossfit_nuisance_OPE,season-weighted final PA W per selected current decision; no summed PA policy gain,Q/value/delta/gain: raw W; outcome MSE: W^2; probabilities/coverage: fraction; sample counts: explicit rows/PA/games,Take_adjudicated,Swing_offer_including_bunts,1-0,OUT,NFB,fixed_score_sensitivity,,,,
cell,1-0|OUT|NFB,first_count_visit,12508.0,0.920924753350022,0.4156770100053134,0.3049098466760984,-0.1107671633292149,True,,,,bcap_swing__mlb_2023__20260909__r01,BCAP-SWING-v0.1.0,swing,2023,COMPLETE,fixed_development_policy_external_crossfit_nuisance_OPE,season-weighted final PA W per selected current decision; no summed PA policy gain,Q/value/delta/gain: raw W; outcome MSE: W^2; probabilities/coverage: fraction; sample counts: explicit rows/PA/games,Take_adjudicated,Swing_offer_including_bunts,1-0,OUT,NFB,fixed_score_sensitivity,,,,
cell,1-0|OUT|NFB,fixed_score_cluster_pitcher,12508.0,,,,-0.1107671633292149,False,-0.1616664698575187,-0.059867856800911,789.0,bcap_swing__mlb_2023__20260909__r01,BCAP-SWING-v0.1.0,swing,2023,COMPLETE,fixed_development_policy_external_crossfit_nuisance_OPE,season-weighted final PA W per selected current decision; no summed PA policy gain,Q/value/delta/gain: raw W; outcome MSE: W^2; probabilities/coverage: fraction; sample counts: explicit rows/PA/games,Take_adjudicated,Swing_offer_including_bunts,1-0,OUT,NFB,fixed_score_sensitivity,,,,
cell,1-0|OUT|NFB,fixed_score_cluster_batter,12508.0,,,,-0.1107671633292149,False,-0.1636913417244928,-0.0578429849339369,579.0,bcap_swing__mlb_2023__20260909__r01,BCAP-SWING-v0.1.0,swing,2023,COMPLETE,fixed_development_policy_external_crossfit_nuisance_OPE,season-weighted final PA W per selected current decision; no summed PA policy gain,Q/value/delta/gain: raw W; outcome MSE: W^2; probabilities/coverage: fraction; sample counts: explicit rows/PA/games,Take_adjudicated,Swing_offer_including_bunts,1-0,OUT,NFB,fixed_score_sensitivity,,,,
cell,1-1|BOUNDARY|FB,untrimmed,9631.0,1.0,0.2582386579586578,0.267408008786016,0.0091693508273581,True,,,,bcap_swing__mlb_2023__20260909__r01,BCAP-SWING-v0.1.0,swing,2023,COMPLETE,fixed_development_policy_external_crossfit_nuisance_OPE,season-weighted final PA W per selected current decision; no summed PA policy gain,Q/value/delta/gain: raw W; outcome MSE: W^2; probabilities/coverage: fraction; sample counts: explicit rows/PA/games,Take_adjudicated,Swing_offer_including_bunts,1-1,BOUNDARY,FB,fixed_score_sensitivity,,,,
cell,1-1|BOUNDARY|FB,trim_002,9574.0,0.994081611462984,0.2586237396610722,0.2681905614002352,0.0095668217391629,True,,,,bcap_swing__mlb_2023__20260909__r01,BCAP-SWING-v0.1.0,swing,2023,COMPLETE,fixed_development_policy_external_crossfit_nuisance_OPE,season-weighted final PA W per selected current decision; no summed PA policy gain,Q/value/delta/gain: raw W; outcome MSE: W^2; probabilities/coverage: fraction; sample counts: explicit rows/PA/games,Take_adjudicated,Swing_offer_including_bunts,1-1,BOUNDARY,FB,fixed_score_sensitivity,,,,
cell,1-1|BOUNDARY|FB,trim_005,9574.0,0.994081611462984,0.2586237396610722,0.2681905614002352,0.0095668217391629,False,,,,bcap_swing__mlb_2023__20260909__r01,BCAP-SWING-v0.1.0,swing,2023,COMPLETE,fixed_development_policy_external_crossfit_nuisance_OPE,season-weighted final PA W per selected current decision; no summed PA policy gain,Q/value/delta/gain: raw W; outcome MSE: W^2; probabilities/coverage: fraction; sample counts: explicit rows/PA/games,Take_adjudicated,Swing_offer_including_bunts,1-1,BOUNDARY,FB,fixed_score_sensitivity,,,,
cell,1-1|BOUNDARY|FB,trim_010,9563.0,0.992939466306718,0.2589344870351044,0.2681505081261475,0.009216021091043,True,,,,bcap_swing__mlb_2023__20260909__r01,BCAP-SWING-v0.1.0,swing,2023,COMPLETE,fixed_development_policy_external_crossfit_nuisance_OPE,season-weighted final PA W per selected current decision; no summed PA policy gain,Q/value/delta/gain: raw W; outcome MSE: W^2; probabilities/coverage: fraction; sample counts: explicit rows/PA/games,Take_adjudicated,Swing_offer_including_bunts,1-1,BOUNDARY,FB,fixed_score_sensitivity,,,,
cell,1-1|BOUNDARY|FB,clip_010_same_target,9574.0,0.994081611462984,0.2586720851777386,0.2681878222976557,0.0095157371199171,False,,,,bcap_swing__mlb_2023__20260909__r01,BCAP-SWING-v0.1.0,swing,2023,COMPLETE,fixed_development_policy_external_crossfit_nuisance_OPE,season-weighted final PA W per selected current decision; no summed PA policy gain,Q/value/delta/gain: raw W; outcome MSE: W^2; probabilities/coverage: fraction; sample counts: explicit rows/PA/games,Take_adjudicated,Swing_offer_including_bunts,1-1,BOUNDARY,FB,fixed_score_sensitivity,,,,
cell,1-1|BOUNDARY|FB,first_count_visit,9574.0,0.994081611462984,0.2586237396610722,0.2681905614002352,0.0095668217391629,True,,,,bcap_swing__mlb_2023__20260909__r01,BCAP-SWING-v0.1.0,swing,2023,COMPLETE,fixed_development_policy_external_crossfit_nuisance_OPE,season-weighted final PA W per selected current decision; no summed PA policy gain,Q/value/delta/gain: raw W; outcome MSE: W^2; probabilities/coverage: fraction; sample counts: explicit rows/PA/games,Take_adjudicated,Swing_offer_including_bunts,1-1,BOUNDARY,FB,fixed_score_sensitivity,,,,
cell,1-1|BOUNDARY|FB,fixed_score_cluster_pitcher,9574.0,,,,0.0095668217391629,False,-0.0358586583630305,0.0549923018413564,738.0,bcap_swing__mlb_2023__20260909__r01,BCAP-SWING-v0.1.0,swing,2023,COMPLETE,fixed_development_policy_external_crossfit_nuisance_OPE,season-weighted final PA W per selected current decision; no summed PA policy gain,Q/value/delta/gain: raw W; outcome MSE: W^2; probabilities/coverage: fraction; sample counts: explicit rows/PA/games,Take_adjudicated,Swing_offer_including_bunts,1-1,BOUNDARY,FB,fixed_score_sensitivity,,,,
cell,1-1|BOUNDARY|FB,fixed_score_cluster_batter,9574.0,,,,0.0095668217391629,False,-0.034984622615518,0.0541182660938439,573.0,bcap_swing__mlb_2023__20260909__r01,BCAP-SWING-v0.1.0,swing,2023,COMPLETE,fixed_development_policy_external_crossfit_nuisance_OPE,season-weighted final PA W per selected current decision; no summed PA policy gain,Q/value/delta/gain: raw W; outcome MSE: W^2; probabilities/coverage: fraction; sample counts: explicit rows/PA/games,Take_adjudicated,Swing_offer_including_bunts,1-1,BOUNDARY,FB,fixed_score_sensitivity,,,,
cell,1-1|BOUNDARY|NFB,untrimmed,8215.0,1.0,0.252012546617706,0.2685249671468245,0.0165124205291186,True,,,,bcap_swing__mlb_2023__20260909__r01,BCAP-SWING-v0.1.0,swing,2023,COMPLETE,fixed_development_policy_external_crossfit_nuisance_OPE,season-weighted final PA W per selected current decision; no summed PA policy gain,Q/value/delta/gain: raw W; outcome MSE: W^2; probabilities/coverage: fraction; sample counts: explicit rows/PA/games,Take_adjudicated,Swing_offer_including_bunts,1-1,BOUNDARY,NFB,fixed_score_sensitivity,,,,
cell,1-1|BOUNDARY|NFB,trim_002,8160.0,0.9933049300060864,0.2533406275606144,0.2697494160773273,0.0164087885167128,True,,,,bcap_swing__mlb_2023__20260909__r01,BCAP-SWING-v0.1.0,swing,2023,COMPLETE,fixed_development_policy_external_crossfit_nuisance_OPE,season-weighted final PA W per selected current decision; no summed PA policy gain,Q/value/delta/gain: raw W; outcome MSE: W^2; probabilities/coverage: fraction; sample counts: explicit rows/PA/games,Take_adjudicated,Swing_offer_including_bunts,1-1,BOUNDARY,NFB,fixed_score_sensitivity,,,,
cell,1-1|BOUNDARY|NFB,trim_005,8160.0,0.9933049300060864,0.2533406275606144,0.2697494160773273,0.0164087885167128,False,,,,bcap_swing__mlb_2023__20260909__r01,BCAP-SWING-v0.1.0,swing,2023,COMPLETE,fixed_development_policy_external_crossfit_nuisance_OPE,season-weighted final PA W per selected current decision; no summed PA policy gain,Q/value/delta/gain: raw W; outcome MSE: W^2; probabilities/coverage: fraction; sample counts: explicit rows/PA/games,Take_adjudicated,Swing_offer_including_bunts,1-1,BOUNDARY,NFB,fixed_score_sensitivity,,,,
cell,1-1|BOUNDARY|NFB,trim_010,8104.0,0.986488131466829,0.2545563660513117,0.2698564557690613,0.0153000897177496,True,,,,bcap_swing__mlb_2023__20260909__r01,BCAP-SWING-v0.1.0,swing,2023,COMPLETE,fixed_development_policy_external_crossfit_nuisance_OPE,season-weighted final PA W per selected current decision; no summed PA policy gain,Q/value/delta/gain: raw W; outcome MSE: W^2; probabilities/coverage: fraction; sample counts: explicit rows/PA/games,Take_adjudicated,Swing_offer_including_bunts,1-1,BOUNDARY,NFB,fixed_score_sensitivity,,,,
cell,1-1|BOUNDARY|NFB,clip_010_same_target,8160.0,0.9933049300060864,0.2534338099501907,0.2697459503650772,0.0163121404148865,False,,,,bcap_swing__mlb_2023__20260909__r01,BCAP-SWING-v0.1.0,swing,2023,COMPLETE,fixed_development_policy_external_crossfit_nuisance_OPE,season-weighted final PA W per selected current decision; no summed PA policy gain,Q/value/delta/gain: raw W; outcome MSE: W^2; probabilities/coverage: fraction; sample counts: explicit rows/PA/games,Take_adjudicated,Swing_offer_including_bunts,1-1,BOUNDARY,NFB,fixed_score_sensitivity,,,,
cell,1-1|BOUNDARY|NFB,first_count_visit,8160.0,0.9933049300060864,0.2533406275606144,0.2697494160773273,0.0164087885167128,True,,,,bcap_swing__mlb_2023__20260909__r01,BCAP-SWING-v0.1.0,swing,2023,COMPLETE,fixed_development_policy_external_crossfit_nuisance_OPE,season-weighted final PA W per selected current decision; no summed PA policy gain,Q/value/delta/gain: raw W; outcome MSE: W^2; probabilities/coverage: fraction; sample counts: explicit rows/PA/games,Take_adjudicated,Swing_offer_including_bunts,1-1,BOUNDARY,NFB,fixed_score_sensitivity,,,,
cell,1-1|BOUNDARY|NFB,fixed_score_cluster_pitcher,8160.0,,,,0.0164087885167128,False,-0.0435804649504288,0.0763980419838546,751.0,bcap_swing__mlb_2023__20260909__r01,BCAP-SWING-v0.1.0,swing,2023,COMPLETE,fixed_development_policy_external_crossfit_nuisance_OPE,season-weighted final PA W per selected current decision; no summed PA policy gain,Q/value/delta/gain: raw W; outcome MSE: W^2; probabilities/coverage: fraction; sample counts: explicit rows/PA/games,Take_adjudicated,Swing_offer_including_bunts,1-1,BOUNDARY,NFB,fixed_score_sensitivity,,,,
cell,1-1|BOUNDARY|NFB,fixed_score_cluster_batter,8160.0,,,,0.0164087885167128,False,-0.0417236275206609,0.0745412045540866,576.0,bcap_swing__mlb_2023__20260909__r01,BCAP-SWING-v0.1.0,swing,2023,COMPLETE,fixed_development_policy_external_crossfit_nuisance_OPE,season-weighted final PA W per selected current decision; no summed PA policy gain,Q/value/delta/gain: raw W; outcome MSE: W^2; probabilities/coverage: fraction; sample counts: explicit rows/PA/games,Take_adjudicated,Swing_offer_including_bunts,1-1,BOUNDARY,NFB,fixed_score_sensitivity,,,,
cell,1-1|INNER|FB,untrimmed,11319.0,1.0,0.2111996459274559,0.3181295706612894,0.1069299247338334,True,,,,bcap_swing__mlb_2023__20260909__r01,BCAP-SWING-v0.1.0,swing,2023,COMPLETE,fixed_development_policy_external_crossfit_nuisance_OPE,season-weighted final PA W per selected current decision; no summed PA policy gain,Q/value/delta/gain: raw W; outcome MSE: W^2; probabilities/coverage: fraction; sample counts: explicit rows/PA/games,Take_adjudicated,Swing_offer_including_bunts,1-1,INNER,FB,fixed_score_sensitivity,,,,
cell,1-1|INNER|FB,trim_002,11251.0,0.9939924021556674,0.2121708960519712,0.3187416011224105,0.1065707050704392,True,,,,bcap_swing__mlb_2023__20260909__r01,BCAP-SWING-v0.1.0,swing,2023,COMPLETE,fixed_development_policy_external_crossfit_nuisance_OPE,season-weighted final PA W per selected current decision; no summed PA policy gain,Q/value/delta/gain: raw W; outcome MSE: W^2; probabilities/coverage: fraction; sample counts: explicit rows/PA/games,Take_adjudicated,Swing_offer_including_bunts,1-1,INNER,FB,fixed_score_sensitivity,,,,
cell,1-1|INNER|FB,trim_005,11199.0,0.9893983567452956,0.2129618008979743,0.319340845097338,0.1063790441993637,False,,,,bcap_swing__mlb_2023__20260909__r01,BCAP-SWING-v0.1.0,swing,2023,COMPLETE,fixed_development_policy_external_crossfit_nuisance_OPE,season-weighted final PA W per selected current decision; no summed PA policy gain,Q/value/delta/gain: raw W; outcome MSE: W^2; probabilities/coverage: fraction; sample counts: explicit rows/PA/games,Take_adjudicated,Swing_offer_including_bunts,1-1,INNER,FB,fixed_score_sensitivity,,,,
cell,1-1|INNER|FB,trim_010,8587.0,0.758635921901228,0.2112471333675823,0.3168439090758699,0.1055967757082875,True,,,,bcap_swing__mlb_2023__20260909__r01,BCAP-SWING-v0.1.0,swing,2023,COMPLETE,fixed_development_policy_external_crossfit_nuisance_OPE,season-weighted final PA W per selected current decision; no summed PA policy gain,Q/value/delta/gain: raw W; outcome MSE: W^2; probabilities/coverage: fraction; sample counts: explicit rows/PA/games,Take_adjudicated,Swing_offer_including_bunts,1-1,INNER,FB,fixed_score_sensitivity,,,,
cell,1-1|INNER|FB,clip_010_same_target,11199.0,0.9893983567452956,0.2136703007460919,0.3193346034381993,0.1056643026921074,False,,,,bcap_swing__mlb_2023__20260909__r01,BCAP-SWING-v0.1.0,swing,2023,COMPLETE,fixed_development_policy_external_crossfit_nuisance_OPE,season-weighted final PA W per selected current decision; no summed PA policy gain,Q/value/delta/gain: raw W; outcome MSE: W^2; probabilities/coverage: fraction; sample counts: explicit rows/PA/games,Take_adjudicated,Swing_offer_including_bunts,1-1,INNER,FB,fixed_score_sensitivity,,,,
cell,1-1|INNER|FB,first_count_visit,11199.0,0.9893983567452956,0.2129618008979743,0.319340845097338,0.1063790441993637,True,,,,bcap_swing__mlb_2023__20260909__r01,BCAP-SWING-v0.1.0,swing,2023,COMPLETE,fixed_development_policy_external_crossfit_nuisance_OPE,season-weighted final PA W per selected current decision; no summed PA policy gain,Q/value/delta/gain: raw W; outcome MSE: W^2; probabilities/coverage: fraction; sample counts: explicit rows/PA/games,Take_adjudicated,Swing_offer_including_bunts,1-1,INNER,FB,fixed_score_sensitivity,,,,
cell,1-1|INNER|FB,fixed_score_cluster_pitcher,11199.0,,,,0.1063790441993637,False,0.0479344038735051,0.1648236845252224,741.0,bcap_swing__mlb_2023__20260909__r01,BCAP-SWING-v0.1.0,swing,2023,COMPLETE,fixed_development_policy_external_crossfit_nuisance_OPE,season-weighted final PA W per selected current decision; no summed PA policy gain,Q/value/delta/gain: raw W; outcome MSE: W^2; probabilities/coverage: fraction; sample counts: explicit rows/PA/games,Take_adjudicated,Swing_offer_including_bunts,1-1,INNER,FB,fixed_score_sensitivity,,,,
cell,1-1|INNER|FB,fixed_score_cluster_batter,11199.0,,,,0.1063790441993637,False,0.0486629911320486,0.1640950972666788,580.0,bcap_swing__mlb_2023__20260909__r01,BCAP-SWING-v0.1.0,swing,2023,COMPLETE,fixed_development_policy_external_crossfit_nuisance_OPE,season-weighted final PA W per selected current decision; no summed PA policy gain,Q/value/delta/gain: raw W; outcome MSE: W^2; probabilities/coverage: fraction; sample counts: explicit rows/PA/games,Take_adjudicated,Swing_offer_including_bunts,1-1,INNER,FB,fixed_score_sensitivity,,,,
cell,1-1|INNER|NFB,untrimmed,8595.0,1.0,0.2285812197883554,0.3056614951857158,0.0770802753973603,True,,,,bcap_swing__mlb_2023__20260909__r01,BCAP-SWING-v0.1.0,swing,2023,COMPLETE,fixed_development_policy_external_crossfit_nuisance_OPE,season-weighted final PA W per selected current decision; no summed PA policy gain,Q/value/delta/gain: raw W; outcome MSE: W^2; probabilities/coverage: fraction; sample counts: explicit rows/PA/games,Take_adjudicated,Swing_offer_including_bunts,1-1,INNER,NFB,fixed_score_sensitivity,,,,
cell,1-1|INNER|NFB,trim_002,8552.0,0.9949970913321698,0.2282812150737776,0.305925605324937,0.0776443902511594,True,,,,bcap_swing__mlb_2023__20260909__r01,BCAP-SWING-v0.1.0,swing,2023,COMPLETE,fixed_development_policy_external_crossfit_nuisance_OPE,season-weighted final PA W per selected current decision; no summed PA policy gain,Q/value/delta/gain: raw W; outcome MSE: W^2; probabilities/coverage: fraction; sample counts: explicit rows/PA/games,Take_adjudicated,Swing_offer_including_bunts,1-1,INNER,NFB,fixed_score_sensitivity,,,,
cell,1-1|INNER|NFB,trim_005,8530.0,0.992437463641652,0.2287674899586792,0.3059734195790621,0.0772059296203828,False,,,,bcap_swing__mlb_2023__20260909__r01,BCAP-SWING-v0.1.0,swing,2023,COMPLETE,fixed_development_policy_external_crossfit_nuisance_OPE,season-weighted final PA W per selected current decision; no summed PA policy gain,Q/value/delta/gain: raw W; outcome MSE: W^2; probabilities/coverage: fraction; sample counts: explicit rows/PA/games,Take_adjudicated,Swing_offer_including_bunts,1-1,INNER,NFB,fixed_score_sensitivity,,,,
cell,1-1|INNER|NFB,trim_010,6973.0,0.8112856311809191,0.2176149992164736,0.3021897084967206,0.084574709280247,True,,,,bcap_swing__mlb_2023__20260909__r01,BCAP-SWING-v0.1.0,swing,2023,COMPLETE,fixed_development_policy_external_crossfit_nuisance_OPE,season-weighted final PA W per selected current decision; no summed PA policy gain,Q/value/delta/gain: raw W; outcome MSE: W^2; probabilities/coverage: fraction; sample counts: explicit rows/PA/games,Take_adjudicated,Swing_offer_including_bunts,1-1,INNER,NFB,fixed_score_sensitivity,,,,
cell,1-1|INNER|NFB,clip_010_same_target,8530.0,0.992437463641652,0.2282829592627763,0.3060035244951082,0.0777205652323318,False,,,,bcap_swing__mlb_2023__20260909__r01,BCAP-SWING-v0.1.0,swing,2023,COMPLETE,fixed_development_policy_external_crossfit_nuisance_OPE,season-weighted final PA W per selected current decision; no summed PA policy gain,Q/value/delta/gain: raw W; outcome MSE: W^2; probabilities/coverage: fraction; sample counts: explicit rows/PA/games,Take_adjudicated,Swing_offer_including_bunts,1-1,INNER,NFB,fixed_score_sensitivity,,,,
cell,1-1|INNER|NFB,first_count_visit,8530.0,0.992437463641652,0.2287674899586792,0.3059734195790621,0.0772059296203828,True,,,,bcap_swing__mlb_2023__20260909__r01,BCAP-SWING-v0.1.0,swing,2023,COMPLETE,fixed_development_policy_external_crossfit_nuisance_OPE,season-weighted final PA W per selected current decision; no summed PA policy gain,Q/value/delta/gain: raw W; outcome MSE: W^2; probabilities/coverage: fraction; sample counts: explicit rows/PA/games,Take_adjudicated,Swing_offer_including_bunts,1-1,INNER,NFB,fixed_score_sensitivity,,,,
cell,1-1|INNER|NFB,fixed_score_cluster_pitcher,8530.0,,,,0.0772059296203828,False,0.0115299824231484,0.1428818768176173,756.0,bcap_swing__mlb_2023__20260909__r01,BCAP-SWING-v0.1.0,swing,2023,COMPLETE,fixed_development_policy_external_crossfit_nuisance_OPE,season-weighted final PA W per selected current decision; no summed PA policy gain,Q/value/delta/gain: raw W; outcome MSE: W^2; probabilities/coverage: fraction; sample counts: explicit rows/PA/games,Take_adjudicated,Swing_offer_including_bunts,1-1,INNER,NFB,fixed_score_sensitivity,,,,
cell,1-1|INNER|NFB,fixed_score_cluster_batter,8530.0,,,,0.0772059296203828,False,0.0142418828465017,0.1401699763942639,576.0,bcap_swing__mlb_2023__20260909__r01,BCAP-SWING-v0.1.0,swing,2023,COMPLETE,fixed_development_policy_external_crossfit_nuisance_OPE,season-weighted final PA W per selected current decision; no summed PA policy gain,Q/value/delta/gain: raw W; outcome MSE: W^2; probabilities/coverage: fraction; sample counts: explicit rows/PA/games,Take_adjudicated,Swing_offer_including_bunts,1-1,INNER,NFB,fixed_score_sensitivity,,,,
cell,1-1|OUT|FB,untrimmed,15695.0,1.0,0.3498358269303995,0.2364602714997203,-0.1133755554306792,True,,,,bcap_swing__mlb_2023__20260909__r01,BCAP-SWING-v0.1.0,swing,2023,COMPLETE,fixed_development_policy_external_crossfit_nuisance_OPE,season-weighted final PA W per selected current decision; no summed PA policy gain,Q/value/delta/gain: raw W; outcome MSE: W^2; probabilities/coverage: fraction; sample counts: explicit rows/PA/games,Take_adjudicated,Swing_offer_including_bunts,1-1,OUT,FB,fixed_score_sensitivity,,,,
cell,1-1|OUT|FB,trim_002,15484.0,0.9865562280981204,0.3507020610291264,0.2372221554792346,-0.1134799055498918,True,,,,bcap_swing__mlb_2023__20260909__r01,BCAP-SWING-v0.1.0,swing,2023,COMPLETE,fixed_development_policy_external_crossfit_nuisance_OPE,season-weighted final PA W per selected current decision; no summed PA policy gain,Q/value/delta/gain: raw W; outcome MSE: W^2; probabilities/coverage: fraction; sample counts: explicit rows/PA/games,Take_adjudicated,Swing_offer_including_bunts,1-1,OUT,FB,fixed_score_sensitivity,,,,
cell,1-1|OUT|FB,trim_005,15046.0,0.9586492513539344,0.3493811612320237,0.2396905992692837,-0.1096905619627399,False,,,,bcap_swing__mlb_2023__20260909__r01,BCAP-SWING-v0.1.0,swing,2023,COMPLETE,fixed_development_policy_external_crossfit_nuisance_OPE,season-weighted final PA W per selected current decision; no summed PA policy gain,Q/value/delta/gain: raw W; outcome MSE: W^2; probabilities/coverage: fraction; sample counts: explicit rows/PA/games,Take_adjudicated,Swing_offer_including_bunts,1-1,OUT,FB,fixed_score_sensitivity,,,,
cell,1-1|OUT|FB,trim_010,13574.0,0.8648614208346607,0.3497420695410319,0.2397743769852717,-0.1099676925557601,True,,,,bcap_swing__mlb_2023__20260909__r01,BCAP-SWING-v0.1.0,swing,2023,COMPLETE,fixed_development_policy_external_crossfit_nuisance_OPE,season-weighted final PA W per selected current decision; no summed PA policy gain,Q/value/delta/gain: raw W; outcome MSE: W^2; probabilities/coverage: fraction; sample counts: explicit rows/PA/games,Take_adjudicated,Swing_offer_including_bunts,1-1,OUT,FB,fixed_score_sensitivity,,,,
cell,1-1|OUT|FB,clip_010_same_target,15046.0,0.9586492513539344,0.3493253991949144,0.2387213122433797,-0.1106040869515347,False,,,,bcap_swing__mlb_2023__20260909__r01,BCAP-SWING-v0.1.0,swing,2023,COMPLETE,fixed_development_policy_external_crossfit_nuisance_OPE,season-weighted final PA W per selected current decision; no summed PA policy gain,Q/value/delta/gain: raw W; outcome MSE: W^2; probabilities/coverage: fraction; sample counts: explicit rows/PA/games,Take_adjudicated,Swing_offer_including_bunts,1-1,OUT,FB,fixed_score_sensitivity,,,,
cell,1-1|OUT|FB,first_count_visit,15046.0,0.9586492513539344,0.3493811612320237,0.2396905992692837,-0.1096905619627399,True,,,,bcap_swing__mlb_2023__20260909__r01,BCAP-SWING-v0.1.0,swing,2023,COMPLETE,fixed_development_policy_external_crossfit_nuisance_OPE,season-weighted final PA W per selected current decision; no summed PA policy gain,Q/value/delta/gain: raw W; outcome MSE: W^2; probabilities/coverage: fraction; sample counts: explicit rows/PA/games,Take_adjudicated,Swing_offer_including_bunts,1-1,OUT,FB,fixed_score_sensitivity,,,,
cell,1-1|OUT|FB,fixed_score_cluster_pitcher,15046.0,,,,-0.1096905619627399,False,-0.148449819195913,-0.0709313047295667,766.0,bcap_swing__mlb_2023__20260909__r01,BCAP-SWING-v0.1.0,swing,2023,COMPLETE,fixed_development_policy_external_crossfit_nuisance_OPE,season-weighted final PA W per selected current decision; no summed PA policy gain,Q/value/delta/gain: raw W; outcome MSE: W^2; probabilities/coverage: fraction; sample counts: explicit rows/PA/games,Take_adjudicated,Swing_offer_including_bunts,1-1,OUT,FB,fixed_score_sensitivity,,,,
cell,1-1|OUT|FB,fixed_score_cluster_batter,15046.0,,,,-0.1096905619627399,False,-0.1487796955060692,-0.0706014284194105,581.0,bcap_swing__mlb_2023__20260909__r01,BCAP-SWING-v0.1.0,swing,2023,COMPLETE,fixed_development_policy_external_crossfit_nuisance_OPE,season-weighted final PA W per selected current decision; no summed PA policy gain,Q/value/delta/gain: raw W; outcome MSE: W^2; probabilities/coverage: fraction; sample counts: explicit rows/PA/games,Take_adjudicated,Swing_offer_including_bunts,1-1,OUT,FB,fixed_score_sensitivity,,,,
cell,1-1|OUT|NFB,untrimmed,18961.0,1.0,0.3480278213054862,0.2238992819719863,-0.1241285393334998,True,,,,bcap_swing__mlb_2023__20260909__r01,BCAP-SWING-v0.1.0,swing,2023,COMPLETE,fixed_development_policy_external_crossfit_nuisance_OPE,season-weighted final PA W per selected current decision; no summed PA policy gain,Q/value/delta/gain: raw W; outcome MSE: W^2; probabilities/coverage: fraction; sample counts: explicit rows/PA/games,Take_adjudicated,Swing_offer_including_bunts,1-1,OUT,NFB,fixed_score_sensitivity,,,,
cell,1-1|OUT|NFB,trim_002,18724.0,0.98750065924793,0.3480331644456497,0.2266904123023721,-0.1213427521432775,True,,,,bcap_swing__mlb_2023__20260909__r01,BCAP-SWING-v0.1.0,swing,2023,COMPLETE,fixed_development_policy_external_crossfit_nuisance_OPE,season-weighted final PA W per selected current decision; no summed PA policy gain,Q/value/delta/gain: raw W; outcome MSE: W^2; probabilities/coverage: fraction; sample counts: explicit rows/PA/games,Take_adjudicated,Swing_offer_including_bunts,1-1,OUT,NFB,fixed_score_sensitivity,,,,
cell,1-1|OUT|NFB,trim_005,17974.0,0.94794578345024,0.346525159907701,0.2238974050542106,-0.1226277548534904,False,,,,bcap_swing__mlb_2023__20260909__r01,BCAP-SWING-v0.1.0,swing,2023,COMPLETE,fixed_development_policy_external_crossfit_nuisance_OPE,season-weighted final PA W per selected current decision; no summed PA policy gain,Q/value/delta/gain: raw W; outcome MSE: W^2; probabilities/coverage: fraction; sample counts: explicit rows/PA/games,Take_adjudicated,Swing_offer_including_bunts,1-1,OUT,NFB,fixed_score_sensitivity,,,,
cell,1-1|OUT|NFB,trim_010,16719.0,0.8817572912821053,0.3456318482107813,0.2229932776346464,-0.1226385705761348,True,,,,bcap_swing__mlb_2023__20260909__r01,BCAP-SWING-v0.1.0,swing,2023,COMPLETE,fixed_development_policy_external_crossfit_nuisance_OPE,season-weighted final PA W per selected current decision; no summed PA policy gain,Q/value/delta/gain: raw W; outcome MSE: W^2; probabilities/coverage: fraction; sample counts: explicit rows/PA/games,Take_adjudicated,Swing_offer_including_bunts,1-1,OUT,NFB,fixed_score_sensitivity,,,,
cell,1-1|OUT|NFB,clip_010_same_target,17974.0,0.94794578345024,0.3465029356278375,0.2229020189473435,-0.123600916680494,False,,,,bcap_swing__mlb_2023__20260909__r01,BCAP-SWING-v0.1.0,swing,2023,COMPLETE,fixed_development_policy_external_crossfit_nuisance_OPE,season-weighted final PA W per selected current decision; no summed PA policy gain,Q/value/delta/gain: raw W; outcome MSE: W^2; probabilities/coverage: fraction; sample counts: explicit rows/PA/games,Take_adjudicated,Swing_offer_including_bunts,1-1,OUT,NFB,fixed_score_sensitivity,,,,
cell,1-1|OUT|NFB,first_count_visit,17974.0,0.94794578345024,0.346525159907701,0.2238974050542106,-0.1226277548534904,True,,,,bcap_swing__mlb_2023__20260909__r01,BCAP-SWING-v0.1.0,swing,2023,COMPLETE,fixed_development_policy_external_crossfit_nuisance_OPE,season-weighted final PA W per selected current decision; no summed PA policy gain,Q/value/delta/gain: raw W; outcome MSE: W^2; probabilities/coverage: fraction; sample counts: explicit rows/PA/games,Take_adjudicated,Swing_offer_including_bunts,1-1,OUT,NFB,fixed_score_sensitivity,,,,
cell,1-1|OUT|NFB,fixed_score_cluster_pitcher,17974.0,,,,-0.1226277548534904,False,-0.1558500735391756,-0.0894054361678052,816.0,bcap_swing__mlb_2023__20260909__r01,BCAP-SWING-v0.1.0,swing,2023,COMPLETE,fixed_development_policy_external_crossfit_nuisance_OPE,season-weighted final PA W per selected current decision; no summed PA policy gain,Q/value/delta/gain: raw W; outcome MSE: W^2; probabilities/coverage: fraction; sample counts: explicit rows/PA/games,Take_adjudicated,Swing_offer_including_bunts,1-1,OUT,NFB,fixed_score_sensitivity,,,,
cell,1-1|OUT|NFB,fixed_score_cluster_batter,17974.0,,,,-0.1226277548534904,False,-0.1539256635120014,-0.0913298461949793,587.0,bcap_swing__mlb_2023__20260909__r01,BCAP-SWING-v0.1.0,swing,2023,COMPLETE,fixed_development_policy_external_crossfit_nuisance_OPE,season-weighted final PA W per selected current decision; no summed PA policy gain,Q/value/delta/gain: raw W; outcome MSE: W^2; probabilities/coverage: fraction; sample counts: explicit rows/PA/games,Take_adjudicated,Swing_offer_including_bunts,1-1,OUT,NFB,fixed_score_sensitivity,,,,
cell,1-2|BOUNDARY|FB,untrimmed,7459.0,1.0,0.0966744827022619,0.2266488482541885,0.1299743655519266,True,,,,bcap_swing__mlb_2023__20260909__r01,BCAP-SWING-v0.1.0,swing,2023,COMPLETE,fixed_development_policy_external_crossfit_nuisance_OPE,season-weighted final PA W per selected current decision; no summed PA policy gain,Q/value/delta/gain: raw W; outcome MSE: W^2; probabilities/coverage: fraction; sample counts: explicit rows/PA/games,Take_adjudicated,Swing_offer_including_bunts,1-2,BOUNDARY,FB,fixed_score_sensitivity,,,,
cell,1-2|BOUNDARY|FB,trim_002,7403.0,0.9924922911918488,0.0962263485700639,0.2269566902456876,0.1307303416756236,True,,,,bcap_swing__mlb_2023__20260909__r01,BCAP-SWING-v0.1.0,swing,2023,COMPLETE,fixed_development_policy_external_crossfit_nuisance_OPE,season-weighted final PA W per selected current decision; no summed PA policy gain,Q/value/delta/gain: raw W; outcome MSE: W^2; probabilities/coverage: fraction; sample counts: explicit rows/PA/games,Take_adjudicated,Swing_offer_including_bunts,1-2,BOUNDARY,FB,fixed_score_sensitivity,,,,
cell,1-2|BOUNDARY|FB,trim_005,7399.0,0.9919560262769808,0.0962131657151955,0.2266746636260883,0.1304614979108928,False,,,,bcap_swing__mlb_2023__20260909__r01,BCAP-SWING-v0.1.0,swing,2023,COMPLETE,fixed_development_policy_external_crossfit_nuisance_OPE,season-weighted final PA W per selected current decision; no summed PA policy gain,Q/value/delta/gain: raw W; outcome MSE: W^2; probabilities/coverage: fraction; sample counts: explicit rows/PA/games,Take_adjudicated,Swing_offer_including_bunts,1-2,BOUNDARY,FB,fixed_score_sensitivity,,,,
cell,1-2|BOUNDARY|FB,trim_010,6753.0,0.9053492425258076,0.0971610499198928,0.2219634624989061,0.1248024125790132,True,,,,bcap_swing__mlb_2023__20260909__r01,BCAP-SWING-v0.1.0,swing,2023,COMPLETE,fixed_development_policy_external_crossfit_nuisance_OPE,season-weighted final PA W per selected current decision; no summed PA policy gain,Q/value/delta/gain: raw W; outcome MSE: W^2; probabilities/coverage: fraction; sample counts: explicit rows/PA/games,Take_adjudicated,Swing_offer_including_bunts,1-2,BOUNDARY,FB,fixed_score_sensitivity,,,,
cell,1-2|BOUNDARY|FB,clip_010_same_target,7399.0,0.9919560262769808,0.0970464343162977,0.2267454391333368,0.1296990048170391,False,,,,bcap_swing__mlb_2023__20260909__r01,BCAP-SWING-v0.1.0,swing,2023,COMPLETE,fixed_development_policy_external_crossfit_nuisance_OPE,season-weighted final PA W per selected current decision; no summed PA policy gain,Q/value/delta/gain: raw W; outcome MSE: W^2; probabilities/coverage: fraction; sample counts: explicit rows/PA/games,Take_adjudicated,Swing_offer_including_bunts,1-2,BOUNDARY,FB,fixed_score_sensitivity,,,,
cell,1-2|BOUNDARY|FB,first_count_visit,7056.0,0.9459713098270546,0.095618446372636,0.2273691213529811,0.1317506749803451,True,,,,bcap_swing__mlb_2023__20260909__r01,BCAP-SWING-v0.1.0,swing,2023,COMPLETE,fixed_development_policy_external_crossfit_nuisance_OPE,season-weighted final PA W per selected current decision; no summed PA policy gain,Q/value/delta/gain: raw W; outcome MSE: W^2; probabilities/coverage: fraction; sample counts: explicit rows/PA/games,Take_adjudicated,Swing_offer_including_bunts,1-2,BOUNDARY,FB,fixed_score_sensitivity,,,,
cell,1-2|BOUNDARY|FB,fixed_score_cluster_pitcher,7399.0,,,,0.1304614979108928,False,0.0856718413093743,0.1752511545124112,706.0,bcap_swing__mlb_2023__20260909__r01,BCAP-SWING-v0.1.0,swing,2023,COMPLETE,fixed_development_policy_external_crossfit_nuisance_OPE,season-weighted final PA W per selected current decision; no summed PA policy gain,Q/value/delta/gain: raw W; outcome MSE: W^2; probabilities/coverage: fraction; sample counts: explicit rows/PA/games,Take_adjudicated,Swing_offer_including_bunts,1-2,BOUNDARY,FB,fixed_score_sensitivity,,,,
cell,1-2|BOUNDARY|FB,fixed_score_cluster_batter,7399.0,,,,0.1304614979108928,False,0.0838907064274141,0.1770322893943714,568.0,bcap_swing__mlb_2023__20260909__r01,BCAP-SWING-v0.1.0,swing,2023,COMPLETE,fixed_development_policy_external_crossfit_nuisance_OPE,season-weighted final PA W per selected current decision; no summed PA policy gain,Q/value/delta/gain: raw W; outcome MSE: W^2; probabilities/coverage: fraction; sample counts: explicit rows/PA/games,Take_adjudicated,Swing_offer_including_bunts,1-2,BOUNDARY,FB,fixed_score_sensitivity,,,,
cell,1-2|BOUNDARY|NFB,untrimmed,6998.0,1.0,0.105782857141305,0.224592059145853,0.118809202004548,True,,,,bcap_swing__mlb_2023__20260909__r01,BCAP-SWING-v0.1.0,swing,2023,COMPLETE,fixed_development_policy_external_crossfit_nuisance_OPE,season-weighted final PA W per selected current decision; no summed PA policy gain,Q/value/delta/gain: raw W; outcome MSE: W^2; probabilities/coverage: fraction; sample counts: explicit rows/PA/games,Take_adjudicated,Swing_offer_including_bunts,1-2,BOUNDARY,NFB,fixed_score_sensitivity,,,,
cell,1-2|BOUNDARY|NFB,trim_002,6948.0,0.9928551014575592,0.1066771983190774,0.2246592464706447,0.1179820481515672,True,,,,bcap_swing__mlb_2023__20260909__r01,BCAP-SWING-v0.1.0,swing,2023,COMPLETE,fixed_development_policy_external_crossfit_nuisance_OPE,season-weighted final PA W per selected current decision; no summed PA policy gain,Q/value/delta/gain: raw W; outcome MSE: W^2; probabilities/coverage: fraction; sample counts: explicit rows/PA/games,Take_adjudicated,Swing_offer_including_bunts,1-2,BOUNDARY,NFB,fixed_score_sensitivity,,,,
cell,1-2|BOUNDARY|NFB,trim_005,6823.0,0.9749928551014576,0.1099579884561534,0.2246842197256588,0.1147262312695053,False,,,,bcap_swing__mlb_2023__20260909__r01,BCAP-SWING-v0.1.0,swing,2023,COMPLETE,fixed_development_policy_external_crossfit_nuisance_OPE,season-weighted final PA W per selected current decision; no summed PA policy gain,Q/value/delta/gain: raw W; outcome MSE: W^2; probabilities/coverage: fraction; sample counts: explicit rows/PA/games,Take_adjudicated,Swing_offer_including_bunts,1-2,BOUNDARY,NFB,fixed_score_sensitivity,,,,
cell,1-2|BOUNDARY|NFB,trim_010,4703.0,0.672049156901972,0.1310011418272943,0.2158881112472226,0.0848869694199282,True,,,,bcap_swing__mlb_2023__20260909__r01,BCAP-SWING-v0.1.0,swing,2023,COMPLETE,fixed_development_policy_external_crossfit_nuisance_OPE,season-weighted final PA W per selected current decision; no summed PA policy gain,Q/value/delta/gain: raw W; outcome MSE: W^2; probabilities/coverage: fraction; sample counts: explicit rows/PA/games,Take_adjudicated,Swing_offer_including_bunts,1-2,BOUNDARY,NFB,fixed_score_sensitivity,,,,
cell,1-2|BOUNDARY|NFB,clip_010_same_target,6823.0,0.9749928551014576,0.1164461299859437,0.224761232867138,0.1083151028811942,False,,,,bcap_swing__mlb_2023__20260909__r01,BCAP-SWING-v0.1.0,swing,2023,COMPLETE,fixed_development_policy_external_crossfit_nuisance_OPE,season-weighted final PA W per selected current decision; no summed PA policy gain,Q/value/delta/gain: raw W; outcome MSE: W^2; probabilities/coverage: fraction; sample counts: explicit rows/PA/games,Take_adjudicated,Swing_offer_including_bunts,1-2,BOUNDARY,NFB,fixed_score_sensitivity,,,,
cell,1-2|BOUNDARY|NFB,first_count_visit,6591.0,0.9418405258645328,0.1090502327340243,0.2239572243055777,0.1149069915715534,True,,,,bcap_swing__mlb_2023__20260909__r01,BCAP-SWING-v0.1.0,swing,2023,COMPLETE,fixed_development_policy_external_crossfit_nuisance_OPE,season-weighted final PA W per selected current decision; no summed PA policy gain,Q/value/delta/gain: raw W; outcome MSE: W^2; probabilities/coverage: fraction; sample counts: explicit rows/PA/games,Take_adjudicated,Swing_offer_including_bunts,1-2,BOUNDARY,NFB,fixed_score_sensitivity,,,,
cell,1-2|BOUNDARY|NFB,fixed_score_cluster_pitcher,6823.0,,,,0.1147262312695053,False,0.0571531078922321,0.1722993546467786,712.0,bcap_swing__mlb_2023__20260909__r01,BCAP-SWING-v0.1.0,swing,2023,COMPLETE,fixed_development_policy_external_crossfit_nuisance_OPE,season-weighted final PA W per selected current decision; no summed PA policy gain,Q/value/delta/gain: raw W; outcome MSE: W^2; probabilities/coverage: fraction; sample counts: explicit rows/PA/games,Take_adjudicated,Swing_offer_including_bunts,1-2,BOUNDARY,NFB,fixed_score_sensitivity,,,,
cell,1-2|BOUNDARY|NFB,fixed_score_cluster_batter,6823.0,,,,0.1147262312695053,False,0.057399182492631,0.1720532800463796,574.0,bcap_swing__mlb_2023__20260909__r01,BCAP-SWING-v0.1.0,swing,2023,COMPLETE,fixed_development_policy_external_crossfit_nuisance_OPE,season-weighted final PA W per selected current decision; no summed PA policy gain,Q/value/delta/gain: raw W; outcome MSE: W^2; probabilities/coverage: fraction; sample counts: explicit rows/PA/games,Take_adjudicated,Swing_offer_including_bunts,1-2,BOUNDARY,NFB,fixed_score_sensitivity,,,,
cell,1-2|INNER|FB,untrimmed,7647.0,1.0,0.0418079949417575,0.271667107331952,0.2298591123901944,True,,,,bcap_swing__mlb_2023__20260909__r01,BCAP-SWING-v0.1.0,swing,2023,COMPLETE,fixed_development_policy_external_crossfit_nuisance_OPE,season-weighted final PA W per selected current decision; no summed PA policy gain,Q/value/delta/gain: raw W; outcome MSE: W^2; probabilities/coverage: fraction; sample counts: explicit rows/PA/games,Take_adjudicated,Swing_offer_including_bunts,1-2,INNER,FB,fixed_score_sensitivity,,,,
cell,1-2|INNER|FB,trim_002,7591.0,0.9926768667451288,0.0422697542468483,0.2723646967512124,0.2300949425043641,True,,,,bcap_swing__mlb_2023__20260909__r01,BCAP-SWING-v0.1.0,swing,2023,COMPLETE,fixed_development_policy_external_crossfit_nuisance_OPE,season-weighted final PA W per selected current decision; no summed PA policy gain,Q/value/delta/gain: raw W; outcome MSE: W^2; probabilities/coverage: fraction; sample counts: explicit rows/PA/games,Take_adjudicated,Swing_offer_including_bunts,1-2,INNER,FB,fixed_score_sensitivity,,,,
cell,1-2|INNER|FB,trim_005,7142.0,0.9339610304694652,0.0407105368059263,0.2733068329207822,0.2325962961148558,False,,,,bcap_swing__mlb_2023__20260909__r01,BCAP-SWING-v0.1.0,swing,2023,COMPLETE,fixed_development_policy_external_crossfit_nuisance_OPE,season-weighted final PA W per selected current decision; no summed PA policy gain,Q/value/delta/gain: raw W; outcome MSE: W^2; probabilities/coverage: fraction; sample counts: explicit rows/PA/games,Take_adjudicated,Swing_offer_including_bunts,1-2,INNER,FB,fixed_score_sensitivity,,,,
cell,1-2|INNER|FB,trim_010,2989.0,0.3908722374787498,0.0245906818330831,0.2670458977710663,0.2424552159379831,True,,,,bcap_swing__mlb_2023__20260909__r01,BCAP-SWING-v0.1.0,swing,2023,COMPLETE,fixed_development_policy_external_crossfit_nuisance_OPE,season-weighted final PA W per selected current decision; no summed PA policy gain,Q/value/delta/gain: raw W; outcome MSE: W^2; probabilities/coverage: fraction; sample counts: explicit rows/PA/games,Take_adjudicated,Swing_offer_including_bunts,1-2,INNER,FB,fixed_score_sensitivity,,,,
cell,1-2|INNER|FB,clip_010_same_target,7142.0,0.9339610304694652,0.0514469964281407,0.2733616029571676,0.2219146065290269,False,,,,bcap_swing__mlb_2023__20260909__r01,BCAP-SWING-v0.1.0,swing,2023,COMPLETE,fixed_development_policy_external_crossfit_nuisance_OPE,season-weighted final PA W per selected current decision; no summed PA policy gain,Q/value/delta/gain: raw W; outcome MSE: W^2; probabilities/coverage: fraction; sample counts: explicit rows/PA/games,Take_adjudicated,Swing_offer_including_bunts,1-2,INNER,FB,fixed_score_sensitivity,,,,
cell,1-2|INNER|FB,first_count_visit,6786.0,0.8874068262063555,0.040450583234986,0.2720038052427201,0.2315532220077341,True,,,,bcap_swing__mlb_2023__20260909__r01,BCAP-SWING-v0.1.0,swing,2023,COMPLETE,fixed_development_policy_external_crossfit_nuisance_OPE,season-weighted final PA W per selected current decision; no summed PA policy gain,Q/value/delta/gain: raw W; outcome MSE: W^2; probabilities/coverage: fraction; sample counts: explicit rows/PA/games,Take_adjudicated,Swing_offer_including_bunts,1-2,INNER,FB,fixed_score_sensitivity,,,,
cell,1-2|INNER|FB,fixed_score_cluster_pitcher,7142.0,,,,0.2325962961148558,False,0.1946116253751604,0.2705809668545512,702.0,bcap_swing__mlb_2023__20260909__r01,BCAP-SWING-v0.1.0,swing,2023,COMPLETE,fixed_development_policy_external_crossfit_nuisance_OPE,season-weighted final PA W per selected current decision; no summed PA policy gain,Q/value/delta/gain: raw W; outcome MSE: W^2; probabilities/coverage: fraction; sample counts: explicit rows/PA/games,Take_adjudicated,Swing_offer_including_bunts,1-2,INNER,FB,fixed_score_sensitivity,,,,
cell,1-2|INNER|FB,fixed_score_cluster_batter,7142.0,,,,0.2325962961148558,False,0.1940697635841448,0.2711228286455667,570.0,bcap_swing__mlb_2023__20260909__r01,BCAP-SWING-v0.1.0,swing,2023,COMPLETE,fixed_development_policy_external_crossfit_nuisance_OPE,season-weighted final PA W per selected current decision; no summed PA policy gain,Q/value/delta/gain: raw W; outcome MSE: W^2; probabilities/coverage: fraction; sample counts: explicit rows/PA/games,Take_adjudicated,Swing_offer_including_bunts,1-2,INNER,FB,fixed_score_sensitivity,,,,
cell,1-2|INNER|NFB,untrimmed,6253.0,1.0,0.066815682673578,0.2765761649663181,0.20976048229274,True,,,,bcap_swing__mlb_2023__20260909__r01,BCAP-SWING-v0.1.0,swing,2023,COMPLETE,fixed_development_policy_external_crossfit_nuisance_OPE,season-weighted final PA W per selected current decision; no summed PA policy gain,Q/value/delta/gain: raw W; outcome MSE: W^2; probabilities/coverage: fraction; sample counts: explicit rows/PA/games,Take_adjudicated,Swing_offer_including_bunts,1-2,INNER,NFB,fixed_score_sensitivity,,,,
cell,1-2|INNER|NFB,trim_002,6208.0,0.992803454341916,0.0678385939306026,0.276600021432233,0.2087614275016304,True,,,,bcap_swing__mlb_2023__20260909__r01,BCAP-SWING-v0.1.0,swing,2023,COMPLETE,fixed_development_policy_external_crossfit_nuisance_OPE,season-weighted final PA W per selected current decision; no summed PA policy gain,Q/value/delta/gain: raw W; outcome MSE: W^2; probabilities/coverage: fraction; sample counts: explicit rows/PA/games,Take_adjudicated,Swing_offer_including_bunts,1-2,INNER,NFB,fixed_score_sensitivity,,,,
cell,1-2|INNER|NFB,trim_005,5377.0,0.8599072445226291,0.0659050491879225,0.2731373340249126,0.20723228483699,False,,,,bcap_swing__mlb_2023__20260909__r01,BCAP-SWING-v0.1.0,swing,2023,COMPLETE,fixed_development_policy_external_crossfit_nuisance_OPE,season-weighted final PA W per selected current decision; no summed PA policy gain,Q/value/delta/gain: raw W; outcome MSE: W^2; probabilities/coverage: fraction; sample counts: explicit rows/PA/games,Take_adjudicated,Swing_offer_including_bunts,1-2,INNER,NFB,fixed_score_sensitivity,,,,
cell,1-2|INNER|NFB,trim_010,1711.0,0.2736286582440428,0.0646831387844999,0.2717131601743139,0.207030021389814,True,,,,bcap_swing__mlb_2023__20260909__r01,BCAP-SWING-v0.1.0,swing,2023,COMPLETE,fixed_development_policy_external_crossfit_nuisance_OPE,season-weighted final PA W per selected current decision; no summed PA policy gain,Q/value/delta/gain: raw W; outcome MSE: W^2; probabilities/coverage: fraction; sample counts: explicit rows/PA/games,Take_adjudicated,Swing_offer_including_bunts,1-2,INNER,NFB,fixed_score_sensitivity,,,,
cell,1-2|INNER|NFB,clip_010_same_target,5377.0,0.8599072445226291,0.0808158015886716,0.2732219335678571,0.1924061319791854,False,,,,bcap_swing__mlb_2023__20260909__r01,BCAP-SWING-v0.1.0,swing,2023,COMPLETE,fixed_development_policy_external_crossfit_nuisance_OPE,season-weighted final PA W per selected current decision; no summed PA policy gain,Q/value/delta/gain: raw W; outcome MSE: W^2; probabilities/coverage: fraction; sample counts: explicit rows/PA/games,Take_adjudicated,Swing_offer_including_bunts,1-2,INNER,NFB,fixed_score_sensitivity,,,,
cell,1-2|INNER|NFB,first_count_visit,5165.0,0.8260035183112107,0.0632822797573041,0.2746023945752502,0.2113201148179461,True,,,,bcap_swing__mlb_2023__20260909__r01,BCAP-SWING-v0.1.0,swing,2023,COMPLETE,fixed_development_policy_external_crossfit_nuisance_OPE,season-weighted final PA W per selected current decision; no summed PA policy gain,Q/value/delta/gain: raw W; outcome MSE: W^2; probabilities/coverage: fraction; sample counts: explicit rows/PA/games,Take_adjudicated,Swing_offer_including_bunts,1-2,INNER,NFB,fixed_score_sensitivity,,,,
cell,1-2|INNER|NFB,fixed_score_cluster_pitcher,5377.0,,,,0.20723228483699,False,0.1617123182059422,0.2527522514680377,717.0,bcap_swing__mlb_2023__20260909__r01,BCAP-SWING-v0.1.0,swing,2023,COMPLETE,fixed_development_policy_external_crossfit_nuisance_OPE,season-weighted final PA W per selected current decision; no summed PA policy gain,Q/value/delta/gain: raw W; outcome MSE: W^2; probabilities/coverage: fraction; sample counts: explicit rows/PA/games,Take_adjudicated,Swing_offer_including_bunts,1-2,INNER,NFB,fixed_score_sensitivity,,,,
cell,1-2|INNER|NFB,fixed_score_cluster_batter,5377.0,,,,0.20723228483699,False,0.1619893393122762,0.2524752303617037,566.0,bcap_swing__mlb_2023__20260909__r01,BCAP-SWING-v0.1.0,swing,2023,COMPLETE,fixed_development_policy_external_crossfit_nuisance_OPE,season-weighted final PA W per selected current decision; no summed PA policy gain,Q/value/delta/gain: raw W; outcome MSE: W^2; probabilities/coverage: fraction; sample counts: explicit rows/PA/games,Take_adjudicated,Swing_offer_including_bunts,1-2,INNER,NFB,fixed_score_sensitivity,,,,
cell,1-2|OUT|FB,untrimmed,16331.0,0.9999387705118784,0.2601598909343751,0.1612791378966173,-0.0988807530377577,True,,,,bcap_swing__mlb_2023__20260909__r01,BCAP-SWING-v0.1.0,swing,2023,COMPLETE,fixed_development_policy_external_crossfit_nuisance_OPE,season-weighted final PA W per selected current decision; no summed PA policy gain,Q/value/delta/gain: raw W; outcome MSE: W^2; probabilities/coverage: fraction; sample counts: explicit rows/PA/games,Take_adjudicated,Swing_offer_including_bunts,1-2,OUT,FB,fixed_score_sensitivity,,,,
cell,1-2|OUT|FB,trim_002,16148.0,0.9887337741856478,0.2603367391020074,0.161374005936966,-0.0989627331650414,True,,,,bcap_swing__mlb_2023__20260909__r01,BCAP-SWING-v0.1.0,swing,2023,COMPLETE,fixed_development_policy_external_crossfit_nuisance_OPE,season-weighted final PA W per selected current decision; no summed PA policy gain,Q/value/delta/gain: raw W; outcome MSE: W^2; probabilities/coverage: fraction; sample counts: explicit rows/PA/games,Take_adjudicated,Swing_offer_including_bunts,1-2,OUT,FB,fixed_score_sensitivity,,,,
cell,1-2|OUT|FB,trim_005,15768.0,0.9654665686994856,0.2599585386800603,0.1640329823058474,-0.0959255563742129,False,,,,bcap_swing__mlb_2023__20260909__r01,BCAP-SWING-v0.1.0,swing,2023,COMPLETE,fixed_development_policy_external_crossfit_nuisance_OPE,season-weighted final PA W per selected current decision; no summed PA policy gain,Q/value/delta/gain: raw W; outcome MSE: W^2; probabilities/coverage: fraction; sample counts: explicit rows/PA/games,Take_adjudicated,Swing_offer_including_bunts,1-2,OUT,FB,fixed_score_sensitivity,,,,
cell,1-2|OUT|FB,trim_010,14745.0,0.9028288023512124,0.2599204509997131,0.1649704314156278,-0.0949500195840853,True,,,,bcap_swing__mlb_2023__20260909__r01,BCAP-SWING-v0.1.0,swing,2023,COMPLETE,fixed_development_policy_external_crossfit_nuisance_OPE,season-weighted final PA W per selected current decision; no summed PA policy gain,Q/value/delta/gain: raw W; outcome MSE: W^2; probabilities/coverage: fraction; sample counts: explicit rows/PA/games,Take_adjudicated,Swing_offer_including_bunts,1-2,OUT,FB,fixed_score_sensitivity,,,,
cell,1-2|OUT|FB,clip_010_same_target,15768.0,0.9654665686994856,0.2599010555804138,0.1637358341078273,-0.0961652214725864,False,,,,bcap_swing__mlb_2023__20260909__r01,BCAP-SWING-v0.1.0,swing,2023,COMPLETE,fixed_development_policy_external_crossfit_nuisance_OPE,season-weighted final PA W per selected current decision; no summed PA policy gain,Q/value/delta/gain: raw W; outcome MSE: W^2; probabilities/coverage: fraction; sample counts: explicit rows/PA/games,Take_adjudicated,Swing_offer_including_bunts,1-2,OUT,FB,fixed_score_sensitivity,,,,
cell,1-2|OUT|FB,first_count_visit,15219.0,0.9318515797207936,0.2608543828976689,0.1627510260188624,-0.0981033568788064,True,,,,bcap_swing__mlb_2023__20260909__r01,BCAP-SWING-v0.1.0,swing,2023,COMPLETE,fixed_development_policy_external_crossfit_nuisance_OPE,season-weighted final PA W per selected current decision; no summed PA policy gain,Q/value/delta/gain: raw W; outcome MSE: W^2; probabilities/coverage: fraction; sample counts: explicit rows/PA/games,Take_adjudicated,Swing_offer_including_bunts,1-2,OUT,FB,fixed_score_sensitivity,,,,
cell,1-2|OUT|FB,fixed_score_cluster_pitcher,15768.0,,,,-0.0959255563742129,False,-0.1259394085270065,-0.0659117042214192,767.0,bcap_swing__mlb_2023__20260909__r01,BCAP-SWING-v0.1.0,swing,2023,COMPLETE,fixed_development_policy_external_crossfit_nuisance_OPE,season-weighted final PA W per selected current decision; no summed PA policy gain,Q/value/delta/gain: raw W; outcome MSE: W^2; probabilities/coverage: fraction; sample counts: explicit rows/PA/games,Take_adjudicated,Swing_offer_including_bunts,1-2,OUT,FB,fixed_score_sensitivity,,,,
cell,1-2|OUT|FB,fixed_score_cluster_batter,15768.0,,,,-0.0959255563742129,False,-0.1269508296301891,-0.0649002831182367,586.0,bcap_swing__mlb_2023__20260909__r01,BCAP-SWING-v0.1.0,swing,2023,COMPLETE,fixed_development_policy_external_crossfit_nuisance_OPE,season-weighted final PA W per selected current decision; no summed PA policy gain,Q/value/delta/gain: raw W; outcome MSE: W^2; probabilities/coverage: fraction; sample counts: explicit rows/PA/games,Take_adjudicated,Swing_offer_including_bunts,1-2,OUT,FB,fixed_score_sensitivity,,,,
cell,1-2|OUT|NFB,untrimmed,24880.0,1.0,0.2713302404262368,0.0970108520590235,-0.1743193883672132,True,,,,bcap_swing__mlb_2023__20260909__r01,BCAP-SWING-v0.1.0,swing,2023,COMPLETE,fixed_development_policy_external_crossfit_nuisance_OPE,season-weighted final PA W per selected current decision; no summed PA policy gain,Q/value/delta/gain: raw W; outcome MSE: W^2; probabilities/coverage: fraction; sample counts: explicit rows/PA/games,Take_adjudicated,Swing_offer_including_bunts,1-2,OUT,NFB,fixed_score_sensitivity,,,,
cell,1-2|OUT|NFB,trim_002,24723.0,0.9936897106109324,0.2720764585912264,0.0974033038449344,-0.1746731547462919,True,,,,bcap_swing__mlb_2023__20260909__r01,BCAP-SWING-v0.1.0,swing,2023,COMPLETE,fixed_development_policy_external_crossfit_nuisance_OPE,season-weighted final PA W per selected current decision; no summed PA policy gain,Q/value/delta/gain: raw W; outcome MSE: W^2; probabilities/coverage: fraction; sample counts: explicit rows/PA/games,Take_adjudicated,Swing_offer_including_bunts,1-2,OUT,NFB,fixed_score_sensitivity,,,,
cell,1-2|OUT|NFB,trim_005,24058.0,0.9669614147909968,0.2707130418262546,0.0996106637015076,-0.171102378124747,False,,,,bcap_swing__mlb_2023__20260909__r01,BCAP-SWING-v0.1.0,swing,2023,COMPLETE,fixed_development_policy_external_crossfit_nuisance_OPE,season-weighted final PA W per selected current decision; no summed PA policy gain,Q/value/delta/gain: raw W; outcome MSE: W^2; probabilities/coverage: fraction; sample counts: explicit rows/PA/games,Take_adjudicated,Swing_offer_including_bunts,1-2,OUT,NFB,fixed_score_sensitivity,,,,
cell,1-2|OUT|NFB,trim_010,22648.0,0.910289389067524,0.2694069155307401,0.1049914217089379,-0.1644154938218022,True,,,,bcap_swing__mlb_2023__20260909__r01,BCAP-SWING-v0.1.0,swing,2023,COMPLETE,fixed_development_policy_external_crossfit_nuisance_OPE,season-weighted final PA W per selected current decision; no summed PA policy gain,Q/value/delta/gain: raw W; outcome MSE: W^2; probabilities/coverage: fraction; sample counts: explicit rows/PA/games,Take_adjudicated,Swing_offer_including_bunts,1-2,OUT,NFB,fixed_score_sensitivity,,,,
cell,1-2|OUT|NFB,clip_010_same_target,24058.0,0.9669614147909968,0.2706998868519171,0.1004602012361487,-0.1702396856157683,False,,,,bcap_swing__mlb_2023__20260909__r01,BCAP-SWING-v0.1.0,swing,2023,COMPLETE,fixed_development_policy_external_crossfit_nuisance_OPE,season-weighted final PA W per selected current decision; no summed PA policy gain,Q/value/delta/gain: raw W; outcome MSE: W^2; probabilities/coverage: fraction; sample counts: explicit rows/PA/games,Take_adjudicated,Swing_offer_including_bunts,1-2,OUT,NFB,fixed_score_sensitivity,,,,
cell,1-2|OUT|NFB,first_count_visit,23046.0,0.9262861736334406,0.2708092167926572,0.0995489949898277,-0.1712602218028294,True,,,,bcap_swing__mlb_2023__20260909__r01,BCAP-SWING-v0.1.0,swing,2023,COMPLETE,fixed_development_policy_external_crossfit_nuisance_OPE,season-weighted final PA W per selected current decision; no summed PA policy gain,Q/value/delta/gain: raw W; outcome MSE: W^2; probabilities/coverage: fraction; sample counts: explicit rows/PA/games,Take_adjudicated,Swing_offer_including_bunts,1-2,OUT,NFB,fixed_score_sensitivity,,,,
cell,1-2|OUT|NFB,fixed_score_cluster_pitcher,24058.0,,,,-0.171102378124747,False,-0.1926408156237065,-0.1495639406257875,810.0,bcap_swing__mlb_2023__20260909__r01,BCAP-SWING-v0.1.0,swing,2023,COMPLETE,fixed_development_policy_external_crossfit_nuisance_OPE,season-weighted final PA W per selected current decision; no summed PA policy gain,Q/value/delta/gain: raw W; outcome MSE: W^2; probabilities/coverage: fraction; sample counts: explicit rows/PA/games,Take_adjudicated,Swing_offer_including_bunts,1-2,OUT,NFB,fixed_score_sensitivity,,,,
cell,1-2|OUT|NFB,fixed_score_cluster_batter,24058.0,,,,-0.171102378124747,False,-0.1924351980745054,-0.1497695581749886,592.0,bcap_swing__mlb_2023__20260909__r01,BCAP-SWING-v0.1.0,swing,2023,COMPLETE,fixed_development_policy_external_crossfit_nuisance_OPE,season-weighted final PA W per selected current decision; no summed PA policy gain,Q/value/delta/gain: raw W; outcome MSE: W^2; probabilities/coverage: fraction; sample counts: explicit rows/PA/games,Take_adjudicated,Swing_offer_including_bunts,1-2,OUT,NFB,fixed_score_sensitivity,,,,
cell,2-0|BOUNDARY|FB,untrimmed,4603.0,1.0,0.3733434850605449,0.3822220275628261,0.0088785425022811,True,,,,bcap_swing__mlb_2023__20260909__r01,BCAP-SWING-v0.1.0,swing,2023,COMPLETE,fixed_development_policy_external_crossfit_nuisance_OPE,season-weighted final PA W per selected current decision; no summed PA policy gain,Q/value/delta/gain: raw W; outcome MSE: W^2; probabilities/coverage: fraction; sample counts: explicit rows/PA/games,Take_adjudicated,Swing_offer_including_bunts,2-0,BOUNDARY,FB,fixed_score_sensitivity,,,,
cell,2-0|BOUNDARY|FB,trim_002,4573.0,0.9934825114056052,0.3749121625968367,0.3833368602584163,0.0084246976615795,True,,,,bcap_swing__mlb_2023__20260909__r01,BCAP-SWING-v0.1.0,swing,2023,COMPLETE,fixed_development_policy_external_crossfit_nuisance_OPE,season-weighted final PA W per selected current decision; no summed PA policy gain,Q/value/delta/gain: raw W; outcome MSE: W^2; probabilities/coverage: fraction; sample counts: explicit rows/PA/games,Take_adjudicated,Swing_offer_including_bunts,2-0,BOUNDARY,FB,fixed_score_sensitivity,,,,
cell,2-0|BOUNDARY|FB,trim_005,4573.0,0.9934825114056052,0.3749121625968367,0.3833368602584163,0.0084246976615795,False,,,,bcap_swing__mlb_2023__20260909__r01,BCAP-SWING-v0.1.0,swing,2023,COMPLETE,fixed_development_policy_external_crossfit_nuisance_OPE,season-weighted final PA W per selected current decision; no summed PA policy gain,Q/value/delta/gain: raw W; outcome MSE: W^2; probabilities/coverage: fraction; sample counts: explicit rows/PA/games,Take_adjudicated,Swing_offer_including_bunts,2-0,BOUNDARY,FB,fixed_score_sensitivity,,,,
cell,2-0|BOUNDARY|FB,trim_010,4573.0,0.9934825114056052,0.3749121625968367,0.3833368602584163,0.0084246976615795,True,,,,bcap_swing__mlb_2023__20260909__r01,BCAP-SWING-v0.1.0,swing,2023,COMPLETE,fixed_development_policy_external_crossfit_nuisance_OPE,season-weighted final PA W per selected current decision; no summed PA policy gain,Q/value/delta/gain: raw W; outcome MSE: W^2; probabilities/coverage: fraction; sample counts: explicit rows/PA/games,Take_adjudicated,Swing_offer_including_bunts,2-0,BOUNDARY,FB,fixed_score_sensitivity,,,,
cell,2-0|BOUNDARY|FB,clip_010_same_target,4573.0,0.9934825114056052,0.3749121625968367,0.3833368602584163,0.0084246976615795,False,,,,bcap_swing__mlb_2023__20260909__r01,BCAP-SWING-v0.1.0,swing,2023,COMPLETE,fixed_development_policy_external_crossfit_nuisance_OPE,season-weighted final PA W per selected current decision; no summed PA policy gain,Q/value/delta/gain: raw W; outcome MSE: W^2; probabilities/coverage: fraction; sample counts: explicit rows/PA/games,Take_adjudicated,Swing_offer_including_bunts,2-0,BOUNDARY,FB,fixed_score_sensitivity,,,,
cell,2-0|BOUNDARY|FB,first_count_visit,4573.0,0.9934825114056052,0.3749121625968367,0.3833368602584163,0.0084246976615795,True,,,,bcap_swing__mlb_2023__20260909__r01,BCAP-SWING-v0.1.0,swing,2023,COMPLETE,fixed_development_policy_external_crossfit_nuisance_OPE,season-weighted final PA W per selected current decision; no summed PA policy gain,Q/value/delta/gain: raw W; outcome MSE: W^2; probabilities/coverage: fraction; sample counts: explicit rows/PA/games,Take_adjudicated,Swing_offer_including_bunts,2-0,BOUNDARY,FB,fixed_score_sensitivity,,,,
cell,2-0|BOUNDARY|FB,fixed_score_cluster_pitcher,4573.0,,,,0.0084246976615795,False,-0.0546282974375675,0.0714776927607267,685.0,bcap_swing__mlb_2023__20260909__r01,BCAP-SWING-v0.1.0,swing,2023,COMPLETE,fixed_development_policy_external_crossfit_nuisance_OPE,season-weighted final PA W per selected current decision; no summed PA policy gain,Q/value/delta/gain: raw W; outcome MSE: W^2; probabilities/coverage: fraction; sample counts: explicit rows/PA/games,Take_adjudicated,Swing_offer_including_bunts,2-0,BOUNDARY,FB,fixed_score_sensitivity,,,,
cell,2-0|BOUNDARY|FB,fixed_score_cluster_batter,4573.0,,,,0.0084246976615795,False,-0.0585705040560259,0.0754198993791851,550.0,bcap_swing__mlb_2023__20260909__r01,BCAP-SWING-v0.1.0,swing,2023,COMPLETE,fixed_development_policy_external_crossfit_nuisance_OPE,season-weighted final PA W per selected current decision; no summed PA policy gain,Q/value/delta/gain: raw W; outcome MSE: W^2; probabilities/coverage: fraction; sample counts: explicit rows/PA/games,Take_adjudicated,Swing_offer_including_bunts,2-0,BOUNDARY,FB,fixed_score_sensitivity,,,,
cell,2-0|BOUNDARY|NFB,untrimmed,1729.0,1.0,0.3791426581618869,0.384686323037443,0.005543664875556,True,,,,bcap_swing__mlb_2023__20260909__r01,BCAP-SWING-v0.1.0,swing,2023,COMPLETE,fixed_development_policy_external_crossfit_nuisance_OPE,season-weighted final PA W per selected current decision; no summed PA policy gain,Q/value/delta/gain: raw W; outcome MSE: W^2; probabilities/coverage: fraction; sample counts: explicit rows/PA/games,Take_adjudicated,Swing_offer_including_bunts,2-0,BOUNDARY,NFB,fixed_score_sensitivity,,,,
cell,2-0|BOUNDARY|NFB,trim_002,1724.0,0.9971081550028918,0.3790779289021582,0.3861382711705829,0.0070603422684246,True,,,,bcap_swing__mlb_2023__20260909__r01,BCAP-SWING-v0.1.0,swing,2023,COMPLETE,fixed_development_policy_external_crossfit_nuisance_OPE,season-weighted final PA W per selected current decision; no summed PA policy gain,Q/value/delta/gain: raw W; outcome MSE: W^2; probabilities/coverage: fraction; sample counts: explicit rows/PA/games,Take_adjudicated,Swing_offer_including_bunts,2-0,BOUNDARY,NFB,fixed_score_sensitivity,,,,
cell,2-0|BOUNDARY|NFB,trim_005,1724.0,0.9971081550028918,0.3790779289021582,0.3861382711705829,0.0070603422684246,False,,,,bcap_swing__mlb_2023__20260909__r01,BCAP-SWING-v0.1.0,swing,2023,COMPLETE,fixed_development_policy_external_crossfit_nuisance_OPE,season-weighted final PA W per selected current decision; no summed PA policy gain,Q/value/delta/gain: raw W; outcome MSE: W^2; probabilities/coverage: fraction; sample counts: explicit rows/PA/games,Take_adjudicated,Swing_offer_including_bunts,2-0,BOUNDARY,NFB,fixed_score_sensitivity,,,,
cell,2-0|BOUNDARY|NFB,trim_010,1724.0,0.9971081550028918,0.3790779289021582,0.3861382711705829,0.0070603422684246,True,,,,bcap_swing__mlb_2023__20260909__r01,BCAP-SWING-v0.1.0,swing,2023,COMPLETE,fixed_development_policy_external_crossfit_nuisance_OPE,season-weighted final PA W per selected current decision; no summed PA policy gain,Q/value/delta/gain: raw W; outcome MSE: W^2; probabilities/coverage: fraction; sample counts: explicit rows/PA/games,Take_adjudicated,Swing_offer_including_bunts,2-0,BOUNDARY,NFB,fixed_score_sensitivity,,,,
cell,2-0|BOUNDARY|NFB,clip_010_same_target,1724.0,0.9971081550028918,0.3790779289021582,0.3861382711705829,0.0070603422684246,False,,,,bcap_swing__mlb_2023__20260909__r01,BCAP-SWING-v0.1.0,swing,2023,COMPLETE,fixed_development_policy_external_crossfit_nuisance_OPE,season-weighted final PA W per selected current decision; no summed PA policy gain,Q/value/delta/gain: raw W; outcome MSE: W^2; probabilities/coverage: fraction; sample counts: explicit rows/PA/games,Take_adjudicated,Swing_offer_including_bunts,2-0,BOUNDARY,NFB,fixed_score_sensitivity,,,,
cell,2-0|BOUNDARY|NFB,first_count_visit,1724.0,0.9971081550028918,0.3790779289021582,0.3861382711705829,0.0070603422684246,True,,,,bcap_swing__mlb_2023__20260909__r01,BCAP-SWING-v0.1.0,swing,2023,COMPLETE,fixed_development_policy_external_crossfit_nuisance_OPE,season-weighted final PA W per selected current decision; no summed PA policy gain,Q/value/delta/gain: raw W; outcome MSE: W^2; probabilities/coverage: fraction; sample counts: explicit rows/PA/games,Take_adjudicated,Swing_offer_including_bunts,2-0,BOUNDARY,NFB,fixed_score_sensitivity,,,,
cell,2-0|BOUNDARY|NFB,fixed_score_cluster_pitcher,1724.0,,,,0.0070603422684246,False,-0.1052501264973889,0.1193708110342382,494.0,bcap_swing__mlb_2023__20260909__r01,BCAP-SWING-v0.1.0,swing,2023,COMPLETE,fixed_development_policy_external_crossfit_nuisance_OPE,season-weighted final PA W per selected current decision; no summed PA policy gain,Q/value/delta/gain: raw W; outcome MSE: W^2; probabilities/coverage: fraction; sample counts: explicit rows/PA/games,Take_adjudicated,Swing_offer_including_bunts,2-0,BOUNDARY,NFB,fixed_score_sensitivity,,,,
cell,2-0|BOUNDARY|NFB,fixed_score_cluster_batter,1724.0,,,,0.0070603422684246,False,-0.1188361045431209,0.1329567890799703,440.0,bcap_swing__mlb_2023__20260909__r01,BCAP-SWING-v0.1.0,swing,2023,COMPLETE,fixed_development_policy_external_crossfit_nuisance_OPE,season-weighted final PA W per selected current decision; no summed PA policy gain,Q/value/delta/gain: raw W; outcome MSE: W^2; probabilities/coverage: fraction; sample counts: explicit rows/PA/games,Take_adjudicated,Swing_offer_including_bunts,2-0,BOUNDARY,NFB,fixed_score_sensitivity,,,,
cell,2-0|INNER|FB,untrimmed,6195.0,1.0,0.3248881521734995,0.381102952559417,0.0562148003859176,True,,,,bcap_swing__mlb_2023__20260909__r01,BCAP-SWING-v0.1.0,swing,2023,COMPLETE,fixed_development_policy_external_crossfit_nuisance_OPE,season-weighted final PA W per selected current decision; no summed PA policy gain,Q/value/delta/gain: raw W; outcome MSE: W^2; probabilities/coverage: fraction; sample counts: explicit rows/PA/games,Take_adjudicated,Swing_offer_including_bunts,2-0,INNER,FB,fixed_score_sensitivity,,,,
cell,2-0|INNER|FB,trim_002,6156.0,0.9937046004842616,0.3259815924613124,0.3824828158364061,0.0565012233750937,True,,,,bcap_swing__mlb_2023__20260909__r01,BCAP-SWING-v0.1.0,swing,2023,COMPLETE,fixed_development_policy_external_crossfit_nuisance_OPE,season-weighted final PA W per selected current decision; no summed PA policy gain,Q/value/delta/gain: raw W; outcome MSE: W^2; probabilities/coverage: fraction; sample counts: explicit rows/PA/games,Take_adjudicated,Swing_offer_including_bunts,2-0,INNER,FB,fixed_score_sensitivity,,,,
cell,2-0|INNER|FB,trim_005,6156.0,0.9937046004842616,0.3259815924613124,0.3824828158364061,0.0565012233750937,False,,,,bcap_swing__mlb_2023__20260909__r01,BCAP-SWING-v0.1.0,swing,2023,COMPLETE,fixed_development_policy_external_crossfit_nuisance_OPE,season-weighted final PA W per selected current decision; no summed PA policy gain,Q/value/delta/gain: raw W; outcome MSE: W^2; probabilities/coverage: fraction; sample counts: explicit rows/PA/games,Take_adjudicated,Swing_offer_including_bunts,2-0,INNER,FB,fixed_score_sensitivity,,,,
cell,2-0|INNER|FB,trim_010,6144.0,0.9917675544794188,0.3266386613712834,0.3823505080832337,0.0557118467119503,True,,,,bcap_swing__mlb_2023__20260909__r01,BCAP-SWING-v0.1.0,swing,2023,COMPLETE,fixed_development_policy_external_crossfit_nuisance_OPE,season-weighted final PA W per selected current decision; no summed PA policy gain,Q/value/delta/gain: raw W; outcome MSE: W^2; probabilities/coverage: fraction; sample counts: explicit rows/PA/games,Take_adjudicated,Swing_offer_including_bunts,2-0,INNER,FB,fixed_score_sensitivity,,,,
cell,2-0|INNER|FB,clip_010_same_target,6156.0,0.9937046004842616,0.3261671635396382,0.382482660079749,0.0563154965401109,False,,,,bcap_swing__mlb_2023__20260909__r01,BCAP-SWING-v0.1.0,swing,2023,COMPLETE,fixed_development_policy_external_crossfit_nuisance_OPE,season-weighted final PA W per selected current decision; no summed PA policy gain,Q/value/delta/gain: raw W; outcome MSE: W^2; probabilities/coverage: fraction; sample counts: explicit rows/PA/games,Take_adjudicated,Swing_offer_including_bunts,2-0,INNER,FB,fixed_score_sensitivity,,,,
cell,2-0|INNER|FB,first_count_visit,6156.0,0.9937046004842616,0.3259815924613124,0.3824828158364061,0.0565012233750937,True,,,,bcap_swing__mlb_2023__20260909__r01,BCAP-SWING-v0.1.0,swing,2023,COMPLETE,fixed_development_policy_external_crossfit_nuisance_OPE,season-weighted final PA W per selected current decision; no summed PA policy gain,Q/value/delta/gain: raw W; outcome MSE: W^2; probabilities/coverage: fraction; sample counts: explicit rows/PA/games,Take_adjudicated,Swing_offer_including_bunts,2-0,INNER,FB,fixed_score_sensitivity,,,,
cell,2-0|INNER|FB,fixed_score_cluster_pitcher,6156.0,,,,0.0565012233750937,False,-0.0037753565173317,0.1167778032675192,709.0,bcap_swing__mlb_2023__20260909__r01,BCAP-SWING-v0.1.0,swing,2023,COMPLETE,fixed_development_policy_external_crossfit_nuisance_OPE,season-weighted final PA W per selected current decision; no summed PA policy gain,Q/value/delta/gain: raw W; outcome MSE: W^2; probabilities/coverage: fraction; sample counts: explicit rows/PA/games,Take_adjudicated,Swing_offer_including_bunts,2-0,INNER,FB,fixed_score_sensitivity,,,,
cell,2-0|INNER|FB,fixed_score_cluster_batter,6156.0,,,,0.0565012233750937,False,-0.0079180899694609,0.1209205367196483,553.0,bcap_swing__mlb_2023__20260909__r01,BCAP-SWING-v0.1.0,swing,2023,COMPLETE,fixed_development_policy_external_crossfit_nuisance_OPE,season-weighted final PA W per selected current decision; no summed PA policy gain,Q/value/delta/gain: raw W; outcome MSE: W^2; probabilities/coverage: fraction; sample counts: explicit rows/PA/games,Take_adjudicated,Swing_offer_including_bunts,2-0,INNER,FB,fixed_score_sensitivity,,,,
cell,2-0|INNER|NFB,untrimmed,2045.0,1.0,0.3817915454761769,0.4088210187954633,0.0270294733192863,True,,,,bcap_swing__mlb_2023__20260909__r01,BCAP-SWING-v0.1.0,swing,2023,COMPLETE,fixed_development_policy_external_crossfit_nuisance_OPE,season-weighted final PA W per selected current decision; no summed PA policy gain,Q/value/delta/gain: raw W; outcome MSE: W^2; probabilities/coverage: fraction; sample counts: explicit rows/PA/games,Take_adjudicated,Swing_offer_including_bunts,2-0,INNER,NFB,fixed_score_sensitivity,,,,
cell,2-0|INNER|NFB,trim_002,2040.0,0.9975550122249388,0.3826487911339886,0.4074358129241555,0.0247870217901669,True,,,,bcap_swing__mlb_2023__20260909__r01,BCAP-SWING-v0.1.0,swing,2023,COMPLETE,fixed_development_policy_external_crossfit_nuisance_OPE,season-weighted final PA W per selected current decision; no summed PA policy gain,Q/value/delta/gain: raw W; outcome MSE: W^2; probabilities/coverage: fraction; sample counts: explicit rows/PA/games,Take_adjudicated,Swing_offer_including_bunts,2-0,INNER,NFB,fixed_score_sensitivity,,,,
cell,2-0|INNER|NFB,trim_005,2040.0,0.9975550122249388,0.3826487911339886,0.4074358129241555,0.0247870217901669,False,,,,bcap_swing__mlb_2023__20260909__r01,BCAP-SWING-v0.1.0,swing,2023,COMPLETE,fixed_development_policy_external_crossfit_nuisance_OPE,season-weighted final PA W per selected current decision; no summed PA policy gain,Q/value/delta/gain: raw W; outcome MSE: W^2; probabilities/coverage: fraction; sample counts: explicit rows/PA/games,Take_adjudicated,Swing_offer_including_bunts,2-0,INNER,NFB,fixed_score_sensitivity,,,,
cell,2-0|INNER|NFB,trim_010,2040.0,0.9975550122249388,0.3826487911339886,0.4074358129241555,0.0247870217901669,True,,,,bcap_swing__mlb_2023__20260909__r01,BCAP-SWING-v0.1.0,swing,2023,COMPLETE,fixed_development_policy_external_crossfit_nuisance_OPE,season-weighted final PA W per selected current decision; no summed PA policy gain,Q/value/delta/gain: raw W; outcome MSE: W^2; probabilities/coverage: fraction; sample counts: explicit rows/PA/games,Take_adjudicated,Swing_offer_including_bunts,2-0,INNER,NFB,fixed_score_sensitivity,,,,
cell,2-0|INNER|NFB,clip_010_same_target,2040.0,0.9975550122249388,0.3826487911339886,0.4074358129241555,0.0247870217901669,False,,,,bcap_swing__mlb_2023__20260909__r01,BCAP-SWING-v0.1.0,swing,2023,COMPLETE,fixed_development_policy_external_crossfit_nuisance_OPE,season-weighted final PA W per selected current decision; no summed PA policy gain,Q/value/delta/gain: raw W; outcome MSE: W^2; probabilities/coverage: fraction; sample counts: explicit rows/PA/games,Take_adjudicated,Swing_offer_including_bunts,2-0,INNER,NFB,fixed_score_sensitivity,,,,
cell,2-0|INNER|NFB,first_count_visit,2040.0,0.9975550122249388,0.3826487911339886,0.4074358129241555,0.0247870217901669,True,,,,bcap_swing__mlb_2023__20260909__r01,BCAP-SWING-v0.1.0,swing,2023,COMPLETE,fixed_development_policy_external_crossfit_nuisance_OPE,season-weighted final PA W per selected current decision; no summed PA policy gain,Q/value/delta/gain: raw W; outcome MSE: W^2; probabilities/coverage: fraction; sample counts: explicit rows/PA/games,Take_adjudicated,Swing_offer_including_bunts,2-0,INNER,NFB,fixed_score_sensitivity,,,,
cell,2-0|INNER|NFB,fixed_score_cluster_pitcher,2040.0,,,,0.0247870217901669,False,-0.0760945388802587,0.1256685824605926,520.0,bcap_swing__mlb_2023__20260909__r01,BCAP-SWING-v0.1.0,swing,2023,COMPLETE,fixed_development_policy_external_crossfit_nuisance_OPE,season-weighted final PA W per selected current decision; no summed PA policy gain,Q/value/delta/gain: raw W; outcome MSE: W^2; probabilities/coverage: fraction; sample counts: explicit rows/PA/games,Take_adjudicated,Swing_offer_including_bunts,2-0,INNER,NFB,fixed_score_sensitivity,,,,
cell,2-0|INNER|NFB,fixed_score_cluster_batter,2040.0,,,,0.0247870217901669,False,-0.0709589048314631,0.120532948411797,473.0,bcap_swing__mlb_2023__20260909__r01,BCAP-SWING-v0.1.0,swing,2023,COMPLETE,fixed_development_policy_external_crossfit_nuisance_OPE,season-weighted final PA W per selected current decision; no summed PA policy gain,Q/value/delta/gain: raw W; outcome MSE: W^2; probabilities/coverage: fraction; sample counts: explicit rows/PA/games,Take_adjudicated,Swing_offer_including_bunts,2-0,INNER,NFB,fixed_score_sensitivity,,,,
cell,2-0|OUT|FB,untrimmed,6167.0,1.0,0.5283981031627002,0.3183357232765859,-0.2100623798861142,True,,,,bcap_swing__mlb_2023__20260909__r01,BCAP-SWING-v0.1.0,swing,2023,COMPLETE,fixed_development_policy_external_crossfit_nuisance_OPE,season-weighted final PA W per selected current decision; no summed PA policy gain,Q/value/delta/gain: raw W; outcome MSE: W^2; probabilities/coverage: fraction; sample counts: explicit rows/PA/games,Take_adjudicated,Swing_offer_including_bunts,2-0,OUT,FB,fixed_score_sensitivity,,,,
cell,2-0|OUT|FB,trim_002,6011.0,0.9747040700502676,0.5260371753247765,0.3180468639870105,-0.207990311337766,True,,,,bcap_swing__mlb_2023__20260909__r01,BCAP-SWING-v0.1.0,swing,2023,COMPLETE,fixed_development_policy_external_crossfit_nuisance_OPE,season-weighted final PA W per selected current decision; no summed PA policy gain,Q/value/delta/gain: raw W; outcome MSE: W^2; probabilities/coverage: fraction; sample counts: explicit rows/PA/games,Take_adjudicated,Swing_offer_including_bunts,2-0,OUT,FB,fixed_score_sensitivity,,,,
cell,2-0|OUT|FB,trim_005,5583.0,0.905302416085617,0.5222092364861924,0.3238494706133283,-0.1983597658728641,False,,,,bcap_swing__mlb_2023__20260909__r01,BCAP-SWING-v0.1.0,swing,2023,COMPLETE,fixed_development_policy_external_crossfit_nuisance_OPE,season-weighted final PA W per selected current decision; no summed PA policy gain,Q/value/delta/gain: raw W; outcome MSE: W^2; probabilities/coverage: fraction; sample counts: explicit rows/PA/games,Take_adjudicated,Swing_offer_including_bunts,2-0,OUT,FB,fixed_score_sensitivity,,,,
cell,2-0|OUT|FB,trim_010,4477.0,0.7259607588778985,0.5179817919317168,0.3296377070275485,-0.1883440849041683,True,,,,bcap_swing__mlb_2023__20260909__r01,BCAP-SWING-v0.1.0,swing,2023,COMPLETE,fixed_development_policy_external_crossfit_nuisance_OPE,season-weighted final PA W per selected current decision; no summed PA policy gain,Q/value/delta/gain: raw W; outcome MSE: W^2; probabilities/coverage: fraction; sample counts: explicit rows/PA/games,Take_adjudicated,Swing_offer_including_bunts,2-0,OUT,FB,fixed_score_sensitivity,,,,
cell,2-0|OUT|FB,clip_010_same_target,5583.0,0.905302416085617,0.522341876934883,0.3227919165393775,-0.1995499603955055,False,,,,bcap_swing__mlb_2023__20260909__r01,BCAP-SWING-v0.1.0,swing,2023,COMPLETE,fixed_development_policy_external_crossfit_nuisance_OPE,season-weighted final PA W per selected current decision; no summed PA policy gain,Q/value/delta/gain: raw W; outcome MSE: W^2; probabilities/coverage: fraction; sample counts: explicit rows/PA/games,Take_adjudicated,Swing_offer_including_bunts,2-0,OUT,FB,fixed_score_sensitivity,,,,
cell,2-0|OUT|FB,first_count_visit,5583.0,0.905302416085617,0.5222092364861924,0.3238494706133283,-0.1983597658728641,True,,,,bcap_swing__mlb_2023__20260909__r01,BCAP-SWING-v0.1.0,swing,2023,COMPLETE,fixed_development_policy_external_crossfit_nuisance_OPE,season-weighted final PA W per selected current decision; no summed PA policy gain,Q/value/delta/gain: raw W; outcome MSE: W^2; probabilities/coverage: fraction; sample counts: explicit rows/PA/games,Take_adjudicated,Swing_offer_including_bunts,2-0,OUT,FB,fixed_score_sensitivity,,,,
cell,2-0|OUT|FB,fixed_score_cluster_pitcher,5583.0,,,,-0.1983597658728641,False,-0.2659633018759503,-0.1307562298697779,725.0,bcap_swing__mlb_2023__20260909__r01,BCAP-SWING-v0.1.0,swing,2023,COMPLETE,fixed_development_policy_external_crossfit_nuisance_OPE,season-weighted final PA W per selected current decision; no summed PA policy gain,Q/value/delta/gain: raw W; outcome MSE: W^2; probabilities/coverage: fraction; sample counts: explicit rows/PA/games,Take_adjudicated,Swing_offer_including_bunts,2-0,OUT,FB,fixed_score_sensitivity,,,,
cell,2-0|OUT|FB,fixed_score_cluster_batter,5583.0,,,,-0.1983597658728641,False,-0.2649466410005332,-0.131772890745195,547.0,bcap_swing__mlb_2023__20260909__r01,BCAP-SWING-v0.1.0,swing,2023,COMPLETE,fixed_development_policy_external_crossfit_nuisance_OPE,season-weighted final PA W per selected current decision; no summed PA policy gain,Q/value/delta/gain: raw W; outcome MSE: W^2; probabilities/coverage: fraction; sample counts: explicit rows/PA/games,Take_adjudicated,Swing_offer_including_bunts,2-0,OUT,FB,fixed_score_sensitivity,,,,
cell,2-0|OUT|NFB,untrimmed,2955.0,1.0,0.5493396969235196,0.3794558458150183,-0.1698838511085011,True,,,,bcap_swing__mlb_2023__20260909__r01,BCAP-SWING-v0.1.0,swing,2023,COMPLETE,fixed_development_policy_external_crossfit_nuisance_OPE,season-weighted final PA W per selected current decision; no summed PA policy gain,Q/value/delta/gain: raw W; outcome MSE: W^2; probabilities/coverage: fraction; sample counts: explicit rows/PA/games,Take_adjudicated,Swing_offer_including_bunts,2-0,OUT,NFB,fixed_score_sensitivity,,,,
cell,2-0|OUT|NFB,trim_002,2891.0,0.97834179357022,0.5481333160243067,0.3525592112111166,-0.19557410481319,True,,,,bcap_swing__mlb_2023__20260909__r01,BCAP-SWING-v0.1.0,swing,2023,COMPLETE,fixed_development_policy_external_crossfit_nuisance_OPE,season-weighted final PA W per selected current decision; no summed PA policy gain,Q/value/delta/gain: raw W; outcome MSE: W^2; probabilities/coverage: fraction; sample counts: explicit rows/PA/games,Take_adjudicated,Swing_offer_including_bunts,2-0,OUT,NFB,fixed_score_sensitivity,,,,
cell,2-0|OUT|NFB,trim_005,2716.0,0.9191201353637902,0.5472625395653863,0.3321289930319791,-0.2151335465334071,False,,,,bcap_swing__mlb_2023__20260909__r01,BCAP-SWING-v0.1.0,swing,2023,COMPLETE,fixed_development_policy_external_crossfit_nuisance_OPE,season-weighted final PA W per selected current decision; no summed PA policy gain,Q/value/delta/gain: raw W; outcome MSE: W^2; probabilities/coverage: fraction; sample counts: explicit rows/PA/games,Take_adjudicated,Swing_offer_including_bunts,2-0,OUT,NFB,fixed_score_sensitivity,,,,
cell,2-0|OUT|NFB,trim_010,2343.0,0.7928934010152284,0.5407272284727093,0.3436503134058853,-0.1970769150668239,True,,,,bcap_swing__mlb_2023__20260909__r01,BCAP-SWING-v0.1.0,swing,2023,COMPLETE,fixed_development_policy_external_crossfit_nuisance_OPE,season-weighted final PA W per selected current decision; no summed PA policy gain,Q/value/delta/gain: raw W; outcome MSE: W^2; probabilities/coverage: fraction; sample counts: explicit rows/PA/games,Take_adjudicated,Swing_offer_including_bunts,2-0,OUT,NFB,fixed_score_sensitivity,,,,
cell,2-0|OUT|NFB,clip_010_same_target,2716.0,0.9191201353637902,0.5475435304304268,0.3324961343615767,-0.2150473960688499,False,,,,bcap_swing__mlb_2023__20260909__r01,BCAP-SWING-v0.1.0,swing,2023,COMPLETE,fixed_development_policy_external_crossfit_nuisance_OPE,season-weighted final PA W per selected current decision; no summed PA policy gain,Q/value/delta/gain: raw W; outcome MSE: W^2; probabilities/coverage: fraction; sample counts: explicit rows/PA/games,Take_adjudicated,Swing_offer_including_bunts,2-0,OUT,NFB,fixed_score_sensitivity,,,,
cell,2-0|OUT|NFB,first_count_visit,2716.0,0.9191201353637902,0.5472625395653863,0.3321289930319791,-0.2151335465334071,True,,,,bcap_swing__mlb_2023__20260909__r01,BCAP-SWING-v0.1.0,swing,2023,COMPLETE,fixed_development_policy_external_crossfit_nuisance_OPE,season-weighted final PA W per selected current decision; no summed PA policy gain,Q/value/delta/gain: raw W; outcome MSE: W^2; probabilities/coverage: fraction; sample counts: explicit rows/PA/games,Take_adjudicated,Swing_offer_including_bunts,2-0,OUT,NFB,fixed_score_sensitivity,,,,
cell,2-0|OUT|NFB,fixed_score_cluster_pitcher,2716.0,,,,-0.2151335465334071,False,-0.3006756520089924,-0.1295914410578219,616.0,bcap_swing__mlb_2023__20260909__r01,BCAP-SWING-v0.1.0,swing,2023,COMPLETE,fixed_development_policy_external_crossfit_nuisance_OPE,season-weighted final PA W per selected current decision; no summed PA policy gain,Q/value/delta/gain: raw W; outcome MSE: W^2; probabilities/coverage: fraction; sample counts: explicit rows/PA/games,Take_adjudicated,Swing_offer_including_bunts,2-0,OUT,NFB,fixed_score_sensitivity,,,,
cell,2-0|OUT|NFB,fixed_score_cluster_batter,2716.0,,,,-0.2151335465334071,False,-0.3021132257187479,-0.1281538673480663,480.0,bcap_swing__mlb_2023__20260909__r01,BCAP-SWING-v0.1.0,swing,2023,COMPLETE,fixed_development_policy_external_crossfit_nuisance_OPE,season-weighted final PA W per selected current decision; no summed PA policy gain,Q/value/delta/gain: raw W; outcome MSE: W^2; probabilities/coverage: fraction; sample counts: explicit rows/PA/games,Take_adjudicated,Swing_offer_including_bunts,2-0,OUT,NFB,fixed_score_sensitivity,,,,
cell,2-1|BOUNDARY|FB,untrimmed,6014.0,1.0,0.3209568486326135,0.3100933100320158,-0.0108635386005976,True,,,,bcap_swing__mlb_2023__20260909__r01,BCAP-SWING-v0.1.0,swing,2023,COMPLETE,fixed_development_policy_external_crossfit_nuisance_OPE,season-weighted final PA W per selected current decision; no summed PA policy gain,Q/value/delta/gain: raw W; outcome MSE: W^2; probabilities/coverage: fraction; sample counts: explicit rows/PA/games,Take_adjudicated,Swing_offer_including_bunts,2-1,BOUNDARY,FB,fixed_score_sensitivity,,,,
cell,2-1|BOUNDARY|FB,trim_002,5971.0,0.9928500166278684,0.3232008517022152,0.3099685705384802,-0.0132322811637349,True,,,,bcap_swing__mlb_2023__20260909__r01,BCAP-SWING-v0.1.0,swing,2023,COMPLETE,fixed_development_policy_external_crossfit_nuisance_OPE,season-weighted final PA W per selected current decision; no summed PA policy gain,Q/value/delta/gain: raw W; outcome MSE: W^2; probabilities/coverage: fraction; sample counts: explicit rows/PA/games,Take_adjudicated,Swing_offer_including_bunts,2-1,BOUNDARY,FB,fixed_score_sensitivity,,,,
cell,2-1|BOUNDARY|FB,trim_005,5971.0,0.9928500166278684,0.3232008517022152,0.3099685705384802,-0.0132322811637349,False,,,,bcap_swing__mlb_2023__20260909__r01,BCAP-SWING-v0.1.0,swing,2023,COMPLETE,fixed_development_policy_external_crossfit_nuisance_OPE,season-weighted final PA W per selected current decision; no summed PA policy gain,Q/value/delta/gain: raw W; outcome MSE: W^2; probabilities/coverage: fraction; sample counts: explicit rows/PA/games,Take_adjudicated,Swing_offer_including_bunts,2-1,BOUNDARY,FB,fixed_score_sensitivity,,,,
cell,2-1|BOUNDARY|FB,trim_010,5963.0,0.9915197871632856,0.3232089167006358,0.3099358708805135,-0.0132730458201222,True,,,,bcap_swing__mlb_2023__20260909__r01,BCAP-SWING-v0.1.0,swing,2023,COMPLETE,fixed_development_policy_external_crossfit_nuisance_OPE,season-weighted final PA W per selected current decision; no summed PA policy gain,Q/value/delta/gain: raw W; outcome MSE: W^2; probabilities/coverage: fraction; sample counts: explicit rows/PA/games,Take_adjudicated,Swing_offer_including_bunts,2-1,BOUNDARY,FB,fixed_score_sensitivity,,,,
cell,2-1|BOUNDARY|FB,clip_010_same_target,5971.0,0.9928500166278684,0.3232008517022152,0.3099681438023425,-0.0132327078998726,False,,,,bcap_swing__mlb_2023__20260909__r01,BCAP-SWING-v0.1.0,swing,2023,COMPLETE,fixed_development_policy_external_crossfit_nuisance_OPE,season-weighted final PA W per selected current decision; no summed PA policy gain,Q/value/delta/gain: raw W; outcome MSE: W^2; probabilities/coverage: fraction; sample counts: explicit rows/PA/games,Take_adjudicated,Swing_offer_including_bunts,2-1,BOUNDARY,FB,fixed_score_sensitivity,,,,
cell,2-1|BOUNDARY|FB,first_count_visit,5971.0,0.9928500166278684,0.3232008517022152,0.3099685705384802,-0.0132322811637349,True,,,,bcap_swing__mlb_2023__20260909__r01,BCAP-SWING-v0.1.0,swing,2023,COMPLETE,fixed_development_policy_external_crossfit_nuisance_OPE,season-weighted final PA W per selected current decision; no summed PA policy gain,Q/value/delta/gain: raw W; outcome MSE: W^2; probabilities/coverage: fraction; sample counts: explicit rows/PA/games,Take_adjudicated,Swing_offer_including_bunts,2-1,BOUNDARY,FB,fixed_score_sensitivity,,,,
cell,2-1|BOUNDARY|FB,fixed_score_cluster_pitcher,5971.0,,,,-0.0132322811637349,False,-0.0717999932971774,0.0453354309697076,721.0,bcap_swing__mlb_2023__20260909__r01,BCAP-SWING-v0.1.0,swing,2023,COMPLETE,fixed_development_policy_external_crossfit_nuisance_OPE,season-weighted final PA W per selected current decision; no summed PA policy gain,Q/value/delta/gain: raw W; outcome MSE: W^2; probabilities/coverage: fraction; sample counts: explicit rows/PA/games,Take_adjudicated,Swing_offer_including_bunts,2-1,BOUNDARY,FB,fixed_score_sensitivity,,,,
cell,2-1|BOUNDARY|FB,fixed_score_cluster_batter,5971.0,,,,-0.0132322811637349,False,-0.0702725582295416,0.0438079959020717,559.0,bcap_swing__mlb_2023__20260909__r01,BCAP-SWING-v0.1.0,swing,2023,COMPLETE,fixed_development_policy_external_crossfit_nuisance_OPE,season-weighted final PA W per selected current decision; no summed PA policy gain,Q/value/delta/gain: raw W; outcome MSE: W^2; probabilities/coverage: fraction; sample counts: explicit rows/PA/games,Take_adjudicated,Swing_offer_including_bunts,2-1,BOUNDARY,FB,fixed_score_sensitivity,,,,
cell,2-1|BOUNDARY|NFB,untrimmed,3804.0,1.0,0.3171276092144775,0.2909439487279714,-0.0261836604865061,True,,,,bcap_swing__mlb_2023__20260909__r01,BCAP-SWING-v0.1.0,swing,2023,COMPLETE,fixed_development_policy_external_crossfit_nuisance_OPE,season-weighted final PA W per selected current decision; no summed PA policy gain,Q/value/delta/gain: raw W; outcome MSE: W^2; probabilities/coverage: fraction; sample counts: explicit rows/PA/games,Take_adjudicated,Swing_offer_including_bunts,2-1,BOUNDARY,NFB,fixed_score_sensitivity,,,,
cell,2-1|BOUNDARY|NFB,trim_002,3779.0,0.993427970557308,0.317805368688376,0.2917258892833896,-0.0260794794049865,True,,,,bcap_swing__mlb_2023__20260909__r01,BCAP-SWING-v0.1.0,swing,2023,COMPLETE,fixed_development_policy_external_crossfit_nuisance_OPE,season-weighted final PA W per selected current decision; no summed PA policy gain,Q/value/delta/gain: raw W; outcome MSE: W^2; probabilities/coverage: fraction; sample counts: explicit rows/PA/games,Take_adjudicated,Swing_offer_including_bunts,2-1,BOUNDARY,NFB,fixed_score_sensitivity,,,,
cell,2-1|BOUNDARY|NFB,trim_005,3779.0,0.993427970557308,0.317805368688376,0.2917258892833896,-0.0260794794049865,False,,,,bcap_swing__mlb_2023__20260909__r01,BCAP-SWING-v0.1.0,swing,2023,COMPLETE,fixed_development_policy_external_crossfit_nuisance_OPE,season-weighted final PA W per selected current decision; no summed PA policy gain,Q/value/delta/gain: raw W; outcome MSE: W^2; probabilities/coverage: fraction; sample counts: explicit rows/PA/games,Take_adjudicated,Swing_offer_including_bunts,2-1,BOUNDARY,NFB,fixed_score_sensitivity,,,,
cell,2-1|BOUNDARY|NFB,trim_010,3764.0,0.9894847528916928,0.3177608940054761,0.2908178131788724,-0.0269430808266036,True,,,,bcap_swing__mlb_2023__20260909__r01,BCAP-SWING-v0.1.0,swing,2023,COMPLETE,fixed_development_policy_external_crossfit_nuisance_OPE,season-weighted final PA W per selected current decision; no summed PA policy gain,Q/value/delta/gain: raw W; outcome MSE: W^2; probabilities/coverage: fraction; sample counts: explicit rows/PA/games,Take_adjudicated,Swing_offer_including_bunts,2-1,BOUNDARY,NFB,fixed_score_sensitivity,,,,
cell,2-1|BOUNDARY|NFB,clip_010_same_target,3779.0,0.993427970557308,0.317805368688376,0.2917259151247981,-0.0260794535635779,False,,,,bcap_swing__mlb_2023__20260909__r01,BCAP-SWING-v0.1.0,swing,2023,COMPLETE,fixed_development_policy_external_crossfit_nuisance_OPE,season-weighted final PA W per selected current decision; no summed PA policy gain,Q/value/delta/gain: raw W; outcome MSE: W^2; probabilities/coverage: fraction; sample counts: explicit rows/PA/games,Take_adjudicated,Swing_offer_including_bunts,2-1,BOUNDARY,NFB,fixed_score_sensitivity,,,,
cell,2-1|BOUNDARY|NFB,first_count_visit,3779.0,0.993427970557308,0.317805368688376,0.2917258892833896,-0.0260794794049865,True,,,,bcap_swing__mlb_2023__20260909__r01,BCAP-SWING-v0.1.0,swing,2023,COMPLETE,fixed_development_policy_external_crossfit_nuisance_OPE,season-weighted final PA W per selected current decision; no summed PA policy gain,Q/value/delta/gain: raw W; outcome MSE: W^2; probabilities/coverage: fraction; sample counts: explicit rows/PA/games,Take_adjudicated,Swing_offer_including_bunts,2-1,BOUNDARY,NFB,fixed_score_sensitivity,,,,
cell,2-1|BOUNDARY|NFB,fixed_score_cluster_pitcher,3779.0,,,,-0.0260794794049865,False,-0.0985882227688563,0.0464292639588832,653.0,bcap_swing__mlb_2023__20260909__r01,BCAP-SWING-v0.1.0,swing,2023,COMPLETE,fixed_development_policy_external_crossfit_nuisance_OPE,season-weighted final PA W per selected current decision; no summed PA policy gain,Q/value/delta/gain: raw W; outcome MSE: W^2; probabilities/coverage: fraction; sample counts: explicit rows/PA/games,Take_adjudicated,Swing_offer_including_bunts,2-1,BOUNDARY,NFB,fixed_score_sensitivity,,,,
cell,2-1|BOUNDARY|NFB,fixed_score_cluster_batter,3779.0,,,,-0.0260794794049865,False,-0.0991347162577732,0.0469757574478001,527.0,bcap_swing__mlb_2023__20260909__r01,BCAP-SWING-v0.1.0,swing,2023,COMPLETE,fixed_development_policy_external_crossfit_nuisance_OPE,season-weighted final PA W per selected current decision; no summed PA policy gain,Q/value/delta/gain: raw W; outcome MSE: W^2; probabilities/coverage: fraction; sample counts: explicit rows/PA/games,Take_adjudicated,Swing_offer_including_bunts,2-1,BOUNDARY,NFB,fixed_score_sensitivity,,,,
cell,2-1|INNER|FB,untrimmed,7691.0,1.0,0.2355000564784908,0.3343033078791015,0.0988032514006107,True,,,,bcap_swing__mlb_2023__20260909__r01,BCAP-SWING-v0.1.0,swing,2023,COMPLETE,fixed_development_policy_external_crossfit_nuisance_OPE,season-weighted final PA W per selected current decision; no summed PA policy gain,Q/value/delta/gain: raw W; outcome MSE: W^2; probabilities/coverage: fraction; sample counts: explicit rows/PA/games,Take_adjudicated,Swing_offer_including_bunts,2-1,INNER,FB,fixed_score_sensitivity,,,,
cell,2-1|INNER|FB,trim_002,7641.0,0.993498894812118,0.2356203986434797,0.3344256709535122,0.0988052723100324,True,,,,bcap_swing__mlb_2023__20260909__r01,BCAP-SWING-v0.1.0,swing,2023,COMPLETE,fixed_development_policy_external_crossfit_nuisance_OPE,season-weighted final PA W per selected current decision; no summed PA policy gain,Q/value/delta/gain: raw W; outcome MSE: W^2; probabilities/coverage: fraction; sample counts: explicit rows/PA/games,Take_adjudicated,Swing_offer_including_bunts,2-1,INNER,FB,fixed_score_sensitivity,,,,
cell,2-1|INNER|FB,trim_005,7587.0,0.9864777012092056,0.2357543924279566,0.333909844695332,0.0981554522673753,False,,,,bcap_swing__mlb_2023__20260909__r01,BCAP-SWING-v0.1.0,swing,2023,COMPLETE,fixed_development_policy_external_crossfit_nuisance_OPE,season-weighted final PA W per selected current decision; no summed PA policy gain,Q/value/delta/gain: raw W; outcome MSE: W^2; probabilities/coverage: fraction; sample counts: explicit rows/PA/games,Take_adjudicated,Swing_offer_including_bunts,2-1,INNER,FB,fixed_score_sensitivity,,,,
cell,2-1|INNER|FB,trim_010,5367.0,0.6978286308672474,0.2521670641867708,0.3310784894919412,0.0789114253051704,True,,,,bcap_swing__mlb_2023__20260909__r01,BCAP-SWING-v0.1.0,swing,2023,COMPLETE,fixed_development_policy_external_crossfit_nuisance_OPE,season-weighted final PA W per selected current decision; no summed PA policy gain,Q/value/delta/gain: raw W; outcome MSE: W^2; probabilities/coverage: fraction; sample counts: explicit rows/PA/games,Take_adjudicated,Swing_offer_including_bunts,2-1,INNER,FB,fixed_score_sensitivity,,,,
cell,2-1|INNER|FB,clip_010_same_target,7587.0,0.9864777012092056,0.2390546756465407,0.3340457736981064,0.0949910980515656,False,,,,bcap_swing__mlb_2023__20260909__r01,BCAP-SWING-v0.1.0,swing,2023,COMPLETE,fixed_development_policy_external_crossfit_nuisance_OPE,season-weighted final PA W per selected current decision; no summed PA policy gain,Q/value/delta/gain: raw W; outcome MSE: W^2; probabilities/coverage: fraction; sample counts: explicit rows/PA/games,Take_adjudicated,Swing_offer_including_bunts,2-1,INNER,FB,fixed_score_sensitivity,,,,
cell,2-1|INNER|FB,first_count_visit,7587.0,0.9864777012092056,0.2357543924279566,0.333909844695332,0.0981554522673753,True,,,,bcap_swing__mlb_2023__20260909__r01,BCAP-SWING-v0.1.0,swing,2023,COMPLETE,fixed_development_policy_external_crossfit_nuisance_OPE,season-weighted final PA W per selected current decision; no summed PA policy gain,Q/value/delta/gain: raw W; outcome MSE: W^2; probabilities/coverage: fraction; sample counts: explicit rows/PA/games,Take_adjudicated,Swing_offer_including_bunts,2-1,INNER,FB,fixed_score_sensitivity,,,,
cell,2-1|INNER|FB,fixed_score_cluster_pitcher,7587.0,,,,0.0981554522673753,False,0.0313238644293541,0.1649870401053966,721.0,bcap_swing__mlb_2023__20260909__r01,BCAP-SWING-v0.1.0,swing,2023,COMPLETE,fixed_development_policy_external_crossfit_nuisance_OPE,season-weighted final PA W per selected current decision; no summed PA policy gain,Q/value/delta/gain: raw W; outcome MSE: W^2; probabilities/coverage: fraction; sample counts: explicit rows/PA/games,Take_adjudicated,Swing_offer_including_bunts,2-1,INNER,FB,fixed_score_sensitivity,,,,
cell,2-1|INNER|FB,fixed_score_cluster_batter,7587.0,,,,0.0981554522673753,False,0.0275586242436151,0.1687522802911356,569.0,bcap_swing__mlb_2023__20260909__r01,BCAP-SWING-v0.1.0,swing,2023,COMPLETE,fixed_development_policy_external_crossfit_nuisance_OPE,season-weighted final PA W per selected current decision; no summed PA policy gain,Q/value/delta/gain: raw W; outcome MSE: W^2; probabilities/coverage: fraction; sample counts: explicit rows/PA/games,Take_adjudicated,Swing_offer_including_bunts,2-1,INNER,FB,fixed_score_sensitivity,,,,
cell,2-1|INNER|NFB,untrimmed,4352.0,1.0,0.2775209632732432,0.3435286562105474,0.0660076929373042,True,,,,bcap_swing__mlb_2023__20260909__r01,BCAP-SWING-v0.1.0,swing,2023,COMPLETE,fixed_development_policy_external_crossfit_nuisance_OPE,season-weighted final PA W per selected current decision; no summed PA policy gain,Q/value/delta/gain: raw W; outcome MSE: W^2; probabilities/coverage: fraction; sample counts: explicit rows/PA/games,Take_adjudicated,Swing_offer_including_bunts,2-1,INNER,NFB,fixed_score_sensitivity,,,,
cell,2-1|INNER|NFB,trim_002,4325.0,0.9937959558823528,0.2811006287766527,0.3440171585000617,0.062916529723409,True,,,,bcap_swing__mlb_2023__20260909__r01,BCAP-SWING-v0.1.0,swing,2023,COMPLETE,fixed_development_policy_external_crossfit_nuisance_OPE,season-weighted final PA W per selected current decision; no summed PA policy gain,Q/value/delta/gain: raw W; outcome MSE: W^2; probabilities/coverage: fraction; sample counts: explicit rows/PA/games,Take_adjudicated,Swing_offer_including_bunts,2-1,INNER,NFB,fixed_score_sensitivity,,,,
cell,2-1|INNER|NFB,trim_005,4321.0,0.9928768382352942,0.2810918515961798,0.3441361083065956,0.0630442567104157,False,,,,bcap_swing__mlb_2023__20260909__r01,BCAP-SWING-v0.1.0,swing,2023,COMPLETE,fixed_development_policy_external_crossfit_nuisance_OPE,season-weighted final PA W per selected current decision; no summed PA policy gain,Q/value/delta/gain: raw W; outcome MSE: W^2; probabilities/coverage: fraction; sample counts: explicit rows/PA/games,Take_adjudicated,Swing_offer_including_bunts,2-1,INNER,NFB,fixed_score_sensitivity,,,,
cell,2-1|INNER|NFB,trim_010,3786.0,0.8699448529411765,0.2729257600842275,0.3389205898812553,0.0659948297970278,True,,,,bcap_swing__mlb_2023__20260909__r01,BCAP-SWING-v0.1.0,swing,2023,COMPLETE,fixed_development_policy_external_crossfit_nuisance_OPE,season-weighted final PA W per selected current decision; no summed PA policy gain,Q/value/delta/gain: raw W; outcome MSE: W^2; probabilities/coverage: fraction; sample counts: explicit rows/PA/games,Take_adjudicated,Swing_offer_including_bunts,2-1,INNER,NFB,fixed_score_sensitivity,,,,
cell,2-1|INNER|NFB,clip_010_same_target,4321.0,0.9928768382352942,0.2787399713532201,0.3442491768951696,0.0655092055419494,False,,,,bcap_swing__mlb_2023__20260909__r01,BCAP-SWING-v0.1.0,swing,2023,COMPLETE,fixed_development_policy_external_crossfit_nuisance_OPE,season-weighted final PA W per selected current decision; no summed PA policy gain,Q/value/delta/gain: raw W; outcome MSE: W^2; probabilities/coverage: fraction; sample counts: explicit rows/PA/games,Take_adjudicated,Swing_offer_including_bunts,2-1,INNER,NFB,fixed_score_sensitivity,,,,
cell,2-1|INNER|NFB,first_count_visit,4321.0,0.9928768382352942,0.2810918515961798,0.3441361083065956,0.0630442567104157,True,,,,bcap_swing__mlb_2023__20260909__r01,BCAP-SWING-v0.1.0,swing,2023,COMPLETE,fixed_development_policy_external_crossfit_nuisance_OPE,season-weighted final PA W per selected current decision; no summed PA policy gain,Q/value/delta/gain: raw W; outcome MSE: W^2; probabilities/coverage: fraction; sample counts: explicit rows/PA/games,Take_adjudicated,Swing_offer_including_bunts,2-1,INNER,NFB,fixed_score_sensitivity,,,,
cell,2-1|INNER|NFB,fixed_score_cluster_pitcher,4321.0,,,,0.0630442567104157,False,-0.0364793456685613,0.1625678590893929,651.0,bcap_swing__mlb_2023__20260909__r01,BCAP-SWING-v0.1.0,swing,2023,COMPLETE,fixed_development_policy_external_crossfit_nuisance_OPE,season-weighted final PA W per selected current decision; no summed PA policy gain,Q/value/delta/gain: raw W; outcome MSE: W^2; probabilities/coverage: fraction; sample counts: explicit rows/PA/games,Take_adjudicated,Swing_offer_including_bunts,2-1,INNER,NFB,fixed_score_sensitivity,,,,
cell,2-1|INNER|NFB,fixed_score_cluster_batter,4321.0,,,,0.0630442567104157,False,-0.0303143471158546,0.1564028605366861,527.0,bcap_swing__mlb_2023__20260909__r01,BCAP-SWING-v0.1.0,swing,2023,COMPLETE,fixed_development_policy_external_crossfit_nuisance_OPE,season-weighted final PA W per selected current decision; no summed PA policy gain,Q/value/delta/gain: raw W; outcome MSE: W^2; probabilities/coverage: fraction; sample counts: explicit rows/PA/games,Take_adjudicated,Swing_offer_including_bunts,2-1,INNER,NFB,fixed_score_sensitivity,,,,
cell,2-1|OUT|FB,untrimmed,8381.0,1.0,0.4587274207256455,0.2667029835581962,-0.1920244371674492,True,,,,bcap_swing__mlb_2023__20260909__r01,BCAP-SWING-v0.1.0,swing,2023,COMPLETE,fixed_development_policy_external_crossfit_nuisance_OPE,season-weighted final PA W per selected current decision; no summed PA policy gain,Q/value/delta/gain: raw W; outcome MSE: W^2; probabilities/coverage: fraction; sample counts: explicit rows/PA/games,Take_adjudicated,Swing_offer_including_bunts,2-1,OUT,FB,fixed_score_sensitivity,,,,
cell,2-1|OUT|FB,trim_002,8288.0,0.9889034721393628,0.4584380051157293,0.2609563174688842,-0.1974816876468449,True,,,,bcap_swing__mlb_2023__20260909__r01,BCAP-SWING-v0.1.0,swing,2023,COMPLETE,fixed_development_policy_external_crossfit_nuisance_OPE,season-weighted final PA W per selected current decision; no summed PA policy gain,Q/value/delta/gain: raw W; outcome MSE: W^2; probabilities/coverage: fraction; sample counts: explicit rows/PA/games,Take_adjudicated,Swing_offer_including_bunts,2-1,OUT,FB,fixed_score_sensitivity,,,,
cell,2-1|OUT|FB,trim_005,8069.0,0.9627729387901204,0.4572971977606727,0.2626177542989867,-0.194679443461686,False,,,,bcap_swing__mlb_2023__20260909__r01,BCAP-SWING-v0.1.0,swing,2023,COMPLETE,fixed_development_policy_external_crossfit_nuisance_OPE,season-weighted final PA W per selected current decision; no summed PA policy gain,Q/value/delta/gain: raw W; outcome MSE: W^2; probabilities/coverage: fraction; sample counts: explicit rows/PA/games,Take_adjudicated,Swing_offer_including_bunts,2-1,OUT,FB,fixed_score_sensitivity,,,,
cell,2-1|OUT|FB,trim_010,7307.0,0.8718530008352225,0.4569402251537317,0.2613108865317832,-0.1956293386219485,True,,,,bcap_swing__mlb_2023__20260909__r01,BCAP-SWING-v0.1.0,swing,2023,COMPLETE,fixed_development_policy_external_crossfit_nuisance_OPE,season-weighted final PA W per selected current decision; no summed PA policy gain,Q/value/delta/gain: raw W; outcome MSE: W^2; probabilities/coverage: fraction; sample counts: explicit rows/PA/games,Take_adjudicated,Swing_offer_including_bunts,2-1,OUT,FB,fixed_score_sensitivity,,,,
cell,2-1|OUT|FB,clip_010_same_target,8069.0,0.9627729387901204,0.4572984021773341,0.2617238798708731,-0.195574522306461,False,,,,bcap_swing__mlb_2023__20260909__r01,BCAP-SWING-v0.1.0,swing,2023,COMPLETE,fixed_development_policy_external_crossfit_nuisance_OPE,season-weighted final PA W per selected current decision; no summed PA policy gain,Q/value/delta/gain: raw W; outcome MSE: W^2; probabilities/coverage: fraction; sample counts: explicit rows/PA/games,Take_adjudicated,Swing_offer_including_bunts,2-1,OUT,FB,fixed_score_sensitivity,,,,
cell,2-1|OUT|FB,first_count_visit,8069.0,0.9627729387901204,0.4572971977606727,0.2626177542989867,-0.194679443461686,True,,,,bcap_swing__mlb_2023__20260909__r01,BCAP-SWING-v0.1.0,swing,2023,COMPLETE,fixed_development_policy_external_crossfit_nuisance_OPE,season-weighted final PA W per selected current decision; no summed PA policy gain,Q/value/delta/gain: raw W; outcome MSE: W^2; probabilities/coverage: fraction; sample counts: explicit rows/PA/games,Take_adjudicated,Swing_offer_including_bunts,2-1,OUT,FB,fixed_score_sensitivity,,,,
cell,2-1|OUT|FB,fixed_score_cluster_pitcher,8069.0,,,,-0.194679443461686,False,-0.2414590658229956,-0.1478998211003765,737.0,bcap_swing__mlb_2023__20260909__r01,BCAP-SWING-v0.1.0,swing,2023,COMPLETE,fixed_development_policy_external_crossfit_nuisance_OPE,season-weighted final PA W per selected current decision; no summed PA policy gain,Q/value/delta/gain: raw W; outcome MSE: W^2; probabilities/coverage: fraction; sample counts: explicit rows/PA/games,Take_adjudicated,Swing_offer_including_bunts,2-1,OUT,FB,fixed_score_sensitivity,,,,
cell,2-1|OUT|FB,fixed_score_cluster_batter,8069.0,,,,-0.194679443461686,False,-0.245811938785682,-0.14354694813769,568.0,bcap_swing__mlb_2023__20260909__r01,BCAP-SWING-v0.1.0,swing,2023,COMPLETE,fixed_development_policy_external_crossfit_nuisance_OPE,season-weighted final PA W per selected current decision; no summed PA policy gain,Q/value/delta/gain: raw W; outcome MSE: W^2; probabilities/coverage: fraction; sample counts: explicit rows/PA/games,Take_adjudicated,Swing_offer_including_bunts,2-1,OUT,FB,fixed_score_sensitivity,,,,
cell,2-1|OUT|NFB,untrimmed,7137.0,1.0,0.4695170780633536,0.2518079354020496,-0.217709142661304,True,,,,bcap_swing__mlb_2023__20260909__r01,BCAP-SWING-v0.1.0,swing,2023,COMPLETE,fixed_development_policy_external_crossfit_nuisance_OPE,season-weighted final PA W per selected current decision; no summed PA policy gain,Q/value/delta/gain: raw W; outcome MSE: W^2; probabilities/coverage: fraction; sample counts: explicit rows/PA/games,Take_adjudicated,Swing_offer_including_bunts,2-1,OUT,NFB,fixed_score_sensitivity,,,,
cell,2-1|OUT|NFB,trim_002,7057.0,0.9887908084629397,0.470293253354951,0.2565400079719143,-0.2137532453830366,True,,,,bcap_swing__mlb_2023__20260909__r01,BCAP-SWING-v0.1.0,swing,2023,COMPLETE,fixed_development_policy_external_crossfit_nuisance_OPE,season-weighted final PA W per selected current decision; no summed PA policy gain,Q/value/delta/gain: raw W; outcome MSE: W^2; probabilities/coverage: fraction; sample counts: explicit rows/PA/games,Take_adjudicated,Swing_offer_including_bunts,2-1,OUT,NFB,fixed_score_sensitivity,,,,
cell,2-1|OUT|NFB,trim_005,6838.0,0.9581056466302368,0.4679722454055063,0.2572356734439388,-0.2107365719615676,False,,,,bcap_swing__mlb_2023__20260909__r01,BCAP-SWING-v0.1.0,swing,2023,COMPLETE,fixed_development_policy_external_crossfit_nuisance_OPE,season-weighted final PA W per selected current decision; no summed PA policy gain,Q/value/delta/gain: raw W; outcome MSE: W^2; probabilities/coverage: fraction; sample counts: explicit rows/PA/games,Take_adjudicated,Swing_offer_including_bunts,2-1,OUT,NFB,fixed_score_sensitivity,,,,
cell,2-1|OUT|NFB,trim_010,6427.0,0.900518425108589,0.4662648544251035,0.2605996622143827,-0.2056651922107208,True,,,,bcap_swing__mlb_2023__20260909__r01,BCAP-SWING-v0.1.0,swing,2023,COMPLETE,fixed_development_policy_external_crossfit_nuisance_OPE,season-weighted final PA W per selected current decision; no summed PA policy gain,Q/value/delta/gain: raw W; outcome MSE: W^2; probabilities/coverage: fraction; sample counts: explicit rows/PA/games,Take_adjudicated,Swing_offer_including_bunts,2-1,OUT,NFB,fixed_score_sensitivity,,,,
cell,2-1|OUT|NFB,clip_010_same_target,6838.0,0.9581056466302368,0.4679789865491747,0.257342265981142,-0.2106367205680326,False,,,,bcap_swing__mlb_2023__20260909__r01,BCAP-SWING-v0.1.0,swing,2023,COMPLETE,fixed_development_policy_external_crossfit_nuisance_OPE,season-weighted final PA W per selected current decision; no summed PA policy gain,Q/value/delta/gain: raw W; outcome MSE: W^2; probabilities/coverage: fraction; sample counts: explicit rows/PA/games,Take_adjudicated,Swing_offer_including_bunts,2-1,OUT,NFB,fixed_score_sensitivity,,,,
cell,2-1|OUT|NFB,first_count_visit,6838.0,0.9581056466302368,0.4679722454055063,0.2572356734439388,-0.2107365719615676,True,,,,bcap_swing__mlb_2023__20260909__r01,BCAP-SWING-v0.1.0,swing,2023,COMPLETE,fixed_development_policy_external_crossfit_nuisance_OPE,season-weighted final PA W per selected current decision; no summed PA policy gain,Q/value/delta/gain: raw W; outcome MSE: W^2; probabilities/coverage: fraction; sample counts: explicit rows/PA/games,Take_adjudicated,Swing_offer_including_bunts,2-1,OUT,NFB,fixed_score_sensitivity,,,,
cell,2-1|OUT|NFB,fixed_score_cluster_pitcher,6838.0,,,,-0.2107365719615676,False,-0.2640546054001427,-0.1574185385229925,732.0,bcap_swing__mlb_2023__20260909__r01,BCAP-SWING-v0.1.0,swing,2023,COMPLETE,fixed_development_policy_external_crossfit_nuisance_OPE,season-weighted final PA W per selected current decision; no summed PA policy gain,Q/value/delta/gain: raw W; outcome MSE: W^2; probabilities/coverage: fraction; sample counts: explicit rows/PA/games,Take_adjudicated,Swing_offer_including_bunts,2-1,OUT,NFB,fixed_score_sensitivity,,,,
cell,2-1|OUT|NFB,fixed_score_cluster_batter,6838.0,,,,-0.2107365719615676,False,-0.2595873583564441,-0.161885785566691,557.0,bcap_swing__mlb_2023__20260909__r01,BCAP-SWING-v0.1.0,swing,2023,COMPLETE,fixed_development_policy_external_crossfit_nuisance_OPE,season-weighted final PA W per selected current decision; no summed PA policy gain,Q/value/delta/gain: raw W; outcome MSE: W^2; probabilities/coverage: fraction; sample counts: explicit rows/PA/games,Take_adjudicated,Swing_offer_including_bunts,2-1,OUT,NFB,fixed_score_sensitivity,,,,
cell,2-2|BOUNDARY|FB,untrimmed,7374.0,1.0,0.1155058820585111,0.2480591132014088,0.1325532311428976,True,,,,bcap_swing__mlb_2023__20260909__r01,BCAP-SWING-v0.1.0,swing,2023,COMPLETE,fixed_development_policy_external_crossfit_nuisance_OPE,season-weighted final PA W per selected current decision; no summed PA policy gain,Q/value/delta/gain: raw W; outcome MSE: W^2; probabilities/coverage: fraction; sample counts: explicit rows/PA/games,Take_adjudicated,Swing_offer_including_bunts,2-2,BOUNDARY,FB,fixed_score_sensitivity,,,,
cell,2-2|BOUNDARY|FB,trim_002,7316.0,0.9921345267154869,0.1163397426301404,0.2488240053360296,0.1324842627058891,True,,,,bcap_swing__mlb_2023__20260909__r01,BCAP-SWING-v0.1.0,swing,2023,COMPLETE,fixed_development_policy_external_crossfit_nuisance_OPE,season-weighted final PA W per selected current decision; no summed PA policy gain,Q/value/delta/gain: raw W; outcome MSE: W^2; probabilities/coverage: fraction; sample counts: explicit rows/PA/games,Take_adjudicated,Swing_offer_including_bunts,2-2,BOUNDARY,FB,fixed_score_sensitivity,,,,
cell,2-2|BOUNDARY|FB,trim_005,7308.0,0.9910496338486574,0.1162649922140194,0.249011886131269,0.1327468939172496,False,,,,bcap_swing__mlb_2023__20260909__r01,BCAP-SWING-v0.1.0,swing,2023,COMPLETE,fixed_development_policy_external_crossfit_nuisance_OPE,season-weighted final PA W per selected current decision; no summed PA policy gain,Q/value/delta/gain: raw W; outcome MSE: W^2; probabilities/coverage: fraction; sample counts: explicit rows/PA/games,Take_adjudicated,Swing_offer_including_bunts,2-2,BOUNDARY,FB,fixed_score_sensitivity,,,,
cell,2-2|BOUNDARY|FB,trim_010,6572.0,0.8912394901003526,0.1219854215016855,0.2462698410397628,0.1242844195380772,True,,,,bcap_swing__mlb_2023__20260909__r01,BCAP-SWING-v0.1.0,swing,2023,COMPLETE,fixed_development_policy_external_crossfit_nuisance_OPE,season-weighted final PA W per selected current decision; no summed PA policy gain,Q/value/delta/gain: raw W; outcome MSE: W^2; probabilities/coverage: fraction; sample counts: explicit rows/PA/games,Take_adjudicated,Swing_offer_including_bunts,2-2,BOUNDARY,FB,fixed_score_sensitivity,,,,
cell,2-2|BOUNDARY|FB,clip_010_same_target,7308.0,0.9910496338486574,0.1180201450897522,0.2490410413473561,0.1310208962576038,False,,,,bcap_swing__mlb_2023__20260909__r01,BCAP-SWING-v0.1.0,swing,2023,COMPLETE,fixed_development_policy_external_crossfit_nuisance_OPE,season-weighted final PA W per selected current decision; no summed PA policy gain,Q/value/delta/gain: raw W; outcome MSE: W^2; probabilities/coverage: fraction; sample counts: explicit rows/PA/games,Take_adjudicated,Swing_offer_including_bunts,2-2,BOUNDARY,FB,fixed_score_sensitivity,,,,
cell,2-2|BOUNDARY|FB,first_count_visit,6936.0,0.9406021155410904,0.1165269167747512,0.2484176552367949,0.1318907384620436,True,,,,bcap_swing__mlb_2023__20260909__r01,BCAP-SWING-v0.1.0,swing,2023,COMPLETE,fixed_development_policy_external_crossfit_nuisance_OPE,season-weighted final PA W per selected current decision; no summed PA policy gain,Q/value/delta/gain: raw W; outcome MSE: W^2; probabilities/coverage: fraction; sample counts: explicit rows/PA/games,Take_adjudicated,Swing_offer_including_bunts,2-2,BOUNDARY,FB,fixed_score_sensitivity,,,,
cell,2-2|BOUNDARY|FB,fixed_score_cluster_pitcher,7308.0,,,,0.1327468939172496,False,0.0816388759969023,0.1838549118375968,710.0,bcap_swing__mlb_2023__20260909__r01,BCAP-SWING-v0.1.0,swing,2023,COMPLETE,fixed_development_policy_external_crossfit_nuisance_OPE,season-weighted final PA W per selected current decision; no summed PA policy gain,Q/value/delta/gain: raw W; outcome MSE: W^2; probabilities/coverage: fraction; sample counts: explicit rows/PA/games,Take_adjudicated,Swing_offer_including_bunts,2-2,BOUNDARY,FB,fixed_score_sensitivity,,,,
cell,2-2|BOUNDARY|FB,fixed_score_cluster_batter,7308.0,,,,0.1327468939172496,False,0.0806128193640212,0.1848809684704779,567.0,bcap_swing__mlb_2023__20260909__r01,BCAP-SWING-v0.1.0,swing,2023,COMPLETE,fixed_development_policy_external_crossfit_nuisance_OPE,season-weighted final PA W per selected current decision; no summed PA policy gain,Q/value/delta/gain: raw W; outcome MSE: W^2; probabilities/coverage: fraction; sample counts: explicit rows/PA/games,Take_adjudicated,Swing_offer_including_bunts,2-2,BOUNDARY,FB,fixed_score_sensitivity,,,,
cell,2-2|BOUNDARY|NFB,untrimmed,6528.0,1.0,0.1425140942606521,0.2364775854118428,0.0939634911511907,True,,,,bcap_swing__mlb_2023__20260909__r01,BCAP-SWING-v0.1.0,swing,2023,COMPLETE,fixed_development_policy_external_crossfit_nuisance_OPE,season-weighted final PA W per selected current decision; no summed PA policy gain,Q/value/delta/gain: raw W; outcome MSE: W^2; probabilities/coverage: fraction; sample counts: explicit rows/PA/games,Take_adjudicated,Swing_offer_including_bunts,2-2,BOUNDARY,NFB,fixed_score_sensitivity,,,,
cell,2-2|BOUNDARY|NFB,trim_002,6479.0,0.9924938725490196,0.1423951591179388,0.2366954313425153,0.0943002722245764,True,,,,bcap_swing__mlb_2023__20260909__r01,BCAP-SWING-v0.1.0,swing,2023,COMPLETE,fixed_development_policy_external_crossfit_nuisance_OPE,season-weighted final PA W per selected current decision; no summed PA policy gain,Q/value/delta/gain: raw W; outcome MSE: W^2; probabilities/coverage: fraction; sample counts: explicit rows/PA/games,Take_adjudicated,Swing_offer_including_bunts,2-2,BOUNDARY,NFB,fixed_score_sensitivity,,,,
cell,2-2|BOUNDARY|NFB,trim_005,6378.0,0.9770220588235294,0.1364806956540781,0.2350747913402172,0.0985940956861391,False,,,,bcap_swing__mlb_2023__20260909__r01,BCAP-SWING-v0.1.0,swing,2023,COMPLETE,fixed_development_policy_external_crossfit_nuisance_OPE,season-weighted final PA W per selected current decision; no summed PA policy gain,Q/value/delta/gain: raw W; outcome MSE: W^2; probabilities/coverage: fraction; sample counts: explicit rows/PA/games,Take_adjudicated,Swing_offer_including_bunts,2-2,BOUNDARY,NFB,fixed_score_sensitivity,,,,
cell,2-2|BOUNDARY|NFB,trim_010,4256.0,0.6519607843137255,0.1758980438155983,0.2221446448856731,0.0462466010700747,True,,,,bcap_swing__mlb_2023__20260909__r01,BCAP-SWING-v0.1.0,swing,2023,COMPLETE,fixed_development_policy_external_crossfit_nuisance_OPE,season-weighted final PA W per selected current decision; no summed PA policy gain,Q/value/delta/gain: raw W; outcome MSE: W^2; probabilities/coverage: fraction; sample counts: explicit rows/PA/games,Take_adjudicated,Swing_offer_including_bunts,2-2,BOUNDARY,NFB,fixed_score_sensitivity,,,,
cell,2-2|BOUNDARY|NFB,clip_010_same_target,6378.0,0.9770220588235294,0.1465229265921295,0.2352464615833114,0.0887235349911818,False,,,,bcap_swing__mlb_2023__20260909__r01,BCAP-SWING-v0.1.0,swing,2023,COMPLETE,fixed_development_policy_external_crossfit_nuisance_OPE,season-weighted final PA W per selected current decision; no summed PA policy gain,Q/value/delta/gain: raw W; outcome MSE: W^2; probabilities/coverage: fraction; sample counts: explicit rows/PA/games,Take_adjudicated,Swing_offer_including_bunts,2-2,BOUNDARY,NFB,fixed_score_sensitivity,,,,
cell,2-2|BOUNDARY|NFB,first_count_visit,6101.0,0.9345894607843136,0.1405781334165313,0.2340118163617317,0.0934336829452004,True,,,,bcap_swing__mlb_2023__20260909__r01,BCAP-SWING-v0.1.0,swing,2023,COMPLETE,fixed_development_policy_external_crossfit_nuisance_OPE,season-weighted final PA W per selected current decision; no summed PA policy gain,Q/value/delta/gain: raw W; outcome MSE: W^2; probabilities/coverage: fraction; sample counts: explicit rows/PA/games,Take_adjudicated,Swing_offer_including_bunts,2-2,BOUNDARY,NFB,fixed_score_sensitivity,,,,
cell,2-2|BOUNDARY|NFB,fixed_score_cluster_pitcher,6378.0,,,,0.0985940956861391,False,0.030906073651419,0.1662821177208593,700.0,bcap_swing__mlb_2023__20260909__r01,BCAP-SWING-v0.1.0,swing,2023,COMPLETE,fixed_development_policy_external_crossfit_nuisance_OPE,season-weighted final PA W per selected current decision; no summed PA policy gain,Q/value/delta/gain: raw W; outcome MSE: W^2; probabilities/coverage: fraction; sample counts: explicit rows/PA/games,Take_adjudicated,Swing_offer_including_bunts,2-2,BOUNDARY,NFB,fixed_score_sensitivity,,,,
cell,2-2|BOUNDARY|NFB,fixed_score_cluster_batter,6378.0,,,,0.0985940956861391,False,0.0342305228139252,0.1629576685583531,568.0,bcap_swing__mlb_2023__20260909__r01,BCAP-SWING-v0.1.0,swing,2023,COMPLETE,fixed_development_policy_external_crossfit_nuisance_OPE,season-weighted final PA W per selected current decision; no summed PA policy gain,Q/value/delta/gain: raw W; outcome MSE: W^2; probabilities/coverage: fraction; sample counts: explicit rows/PA/games,Take_adjudicated,Swing_offer_including_bunts,2-2,BOUNDARY,NFB,fixed_score_sensitivity,,,,
cell,2-2|INNER|FB,untrimmed,8729.0,1.0,0.0462910362530637,0.291216924677092,0.2449258884240282,True,,,,bcap_swing__mlb_2023__20260909__r01,BCAP-SWING-v0.1.0,swing,2023,COMPLETE,fixed_development_policy_external_crossfit_nuisance_OPE,season-weighted final PA W per selected current decision; no summed PA policy gain,Q/value/delta/gain: raw W; outcome MSE: W^2; probabilities/coverage: fraction; sample counts: explicit rows/PA/games,Take_adjudicated,Swing_offer_including_bunts,2-2,INNER,FB,fixed_score_sensitivity,,,,
cell,2-2|INNER|FB,trim_002,8671.0,0.9933554817275748,0.0463725330519499,0.291276199289131,0.2449036662371811,True,,,,bcap_swing__mlb_2023__20260909__r01,BCAP-SWING-v0.1.0,swing,2023,COMPLETE,fixed_development_policy_external_crossfit_nuisance_OPE,season-weighted final PA W per selected current decision; no summed PA policy gain,Q/value/delta/gain: raw W; outcome MSE: W^2; probabilities/coverage: fraction; sample counts: explicit rows/PA/games,Take_adjudicated,Swing_offer_including_bunts,2-2,INNER,FB,fixed_score_sensitivity,,,,
cell,2-2|INNER|FB,trim_005,7999.0,0.9163707182953372,0.043284101315822,0.2906369641520412,0.2473528628362192,False,,,,bcap_swing__mlb_2023__20260909__r01,BCAP-SWING-v0.1.0,swing,2023,COMPLETE,fixed_development_policy_external_crossfit_nuisance_OPE,season-weighted final PA W per selected current decision; no summed PA policy gain,Q/value/delta/gain: raw W; outcome MSE: W^2; probabilities/coverage: fraction; sample counts: explicit rows/PA/games,Take_adjudicated,Swing_offer_including_bunts,2-2,INNER,FB,fixed_score_sensitivity,,,,
cell,2-2|INNER|FB,trim_010,2979.0,0.3412762057509451,0.0340192930746156,0.2862159294558727,0.2521966363812571,True,,,,bcap_swing__mlb_2023__20260909__r01,BCAP-SWING-v0.1.0,swing,2023,COMPLETE,fixed_development_policy_external_crossfit_nuisance_OPE,season-weighted final PA W per selected current decision; no summed PA policy gain,Q/value/delta/gain: raw W; outcome MSE: W^2; probabilities/coverage: fraction; sample counts: explicit rows/PA/games,Take_adjudicated,Swing_offer_including_bunts,2-2,INNER,FB,fixed_score_sensitivity,,,,
cell,2-2|INNER|FB,clip_010_same_target,7999.0,0.9163707182953372,0.0606494478218528,0.290626161070955,0.2299767132491021,False,,,,bcap_swing__mlb_2023__20260909__r01,BCAP-SWING-v0.1.0,swing,2023,COMPLETE,fixed_development_policy_external_crossfit_nuisance_OPE,season-weighted final PA W per selected current decision; no summed PA policy gain,Q/value/delta/gain: raw W; outcome MSE: W^2; probabilities/coverage: fraction; sample counts: explicit rows/PA/games,Take_adjudicated,Swing_offer_including_bunts,2-2,INNER,FB,fixed_score_sensitivity,,,,
cell,2-2|INNER|FB,first_count_visit,7459.0,0.8545079619658609,0.0429113883650226,0.2935210046167402,0.2506096162517175,True,,,,bcap_swing__mlb_2023__20260909__r01,BCAP-SWING-v0.1.0,swing,2023,COMPLETE,fixed_development_policy_external_crossfit_nuisance_OPE,season-weighted final PA W per selected current decision; no summed PA policy gain,Q/value/delta/gain: raw W; outcome MSE: W^2; probabilities/coverage: fraction; sample counts: explicit rows/PA/games,Take_adjudicated,Swing_offer_including_bunts,2-2,INNER,FB,fixed_score_sensitivity,,,,
cell,2-2|INNER|FB,fixed_score_cluster_pitcher,7999.0,,,,0.2473528628362192,False,0.2113627967005797,0.2833429289718587,714.0,bcap_swing__mlb_2023__20260909__r01,BCAP-SWING-v0.1.0,swing,2023,COMPLETE,fixed_development_policy_external_crossfit_nuisance_OPE,season-weighted final PA W per selected current decision; no summed PA policy gain,Q/value/delta/gain: raw W; outcome MSE: W^2; probabilities/coverage: fraction; sample counts: explicit rows/PA/games,Take_adjudicated,Swing_offer_including_bunts,2-2,INNER,FB,fixed_score_sensitivity,,,,
cell,2-2|INNER|FB,fixed_score_cluster_batter,7999.0,,,,0.2473528628362192,False,0.2073359178949416,0.2873698077774968,567.0,bcap_swing__mlb_2023__20260909__r01,BCAP-SWING-v0.1.0,swing,2023,COMPLETE,fixed_development_policy_external_crossfit_nuisance_OPE,season-weighted final PA W per selected current decision; no summed PA policy gain,Q/value/delta/gain: raw W; outcome MSE: W^2; probabilities/coverage: fraction; sample counts: explicit rows/PA/games,Take_adjudicated,Swing_offer_including_bunts,2-2,INNER,FB,fixed_score_sensitivity,,,,
cell,2-2|INNER|NFB,untrimmed,6502.0,1.0,0.0809474213933189,0.3062526371163276,0.2253052157230086,True,,,,bcap_swing__mlb_2023__20260909__r01,BCAP-SWING-v0.1.0,swing,2023,COMPLETE,fixed_development_policy_external_crossfit_nuisance_OPE,season-weighted final PA W per selected current decision; no summed PA policy gain,Q/value/delta/gain: raw W; outcome MSE: W^2; probabilities/coverage: fraction; sample counts: explicit rows/PA/games,Take_adjudicated,Swing_offer_including_bunts,2-2,INNER,NFB,fixed_score_sensitivity,,,,
cell,2-2|INNER|NFB,trim_002,6450.0,0.992002460781298,0.0809683315381739,0.3081186410925001,0.227150309554326,True,,,,bcap_swing__mlb_2023__20260909__r01,BCAP-SWING-v0.1.0,swing,2023,COMPLETE,fixed_development_policy_external_crossfit_nuisance_OPE,season-weighted final PA W per selected current decision; no summed PA policy gain,Q/value/delta/gain: raw W; outcome MSE: W^2; probabilities/coverage: fraction; sample counts: explicit rows/PA/games,Take_adjudicated,Swing_offer_including_bunts,2-2,INNER,NFB,fixed_score_sensitivity,,,,
cell,2-2|INNER|NFB,trim_005,5473.0,0.8417410027683789,0.0803897651879859,0.2995638931640517,0.2191741279760659,False,,,,bcap_swing__mlb_2023__20260909__r01,BCAP-SWING-v0.1.0,swing,2023,COMPLETE,fixed_development_policy_external_crossfit_nuisance_OPE,season-weighted final PA W per selected current decision; no summed PA policy gain,Q/value/delta/gain: raw W; outcome MSE: W^2; probabilities/coverage: fraction; sample counts: explicit rows/PA/games,Take_adjudicated,Swing_offer_including_bunts,2-2,INNER,NFB,fixed_score_sensitivity,,,,
cell,2-2|INNER|NFB,trim_010,1535.0,0.236081205782836,0.0835748487173023,0.3008444808585946,0.2172696321412922,True,,,,bcap_swing__mlb_2023__20260909__r01,BCAP-SWING-v0.1.0,swing,2023,COMPLETE,fixed_development_policy_external_crossfit_nuisance_OPE,season-weighted final PA W per selected current decision; no summed PA policy gain,Q/value/delta/gain: raw W; outcome MSE: W^2; probabilities/coverage: fraction; sample counts: explicit rows/PA/games,Take_adjudicated,Swing_offer_including_bunts,2-2,INNER,NFB,fixed_score_sensitivity,,,,
cell,2-2|INNER|NFB,clip_010_same_target,5473.0,0.8417410027683789,0.1028975619686121,0.2994666821170297,0.1965691201484176,False,,,,bcap_swing__mlb_2023__20260909__r01,BCAP-SWING-v0.1.0,swing,2023,COMPLETE,fixed_development_policy_external_crossfit_nuisance_OPE,season-weighted final PA W per selected current decision; no summed PA policy gain,Q/value/delta/gain: raw W; outcome MSE: W^2; probabilities/coverage: fraction; sample counts: explicit rows/PA/games,Take_adjudicated,Swing_offer_including_bunts,2-2,INNER,NFB,fixed_score_sensitivity,,,,
cell,2-2|INNER|NFB,first_count_visit,5218.0,0.8025223008305137,0.0818342751569441,0.297383651399935,0.2155493762429909,True,,,,bcap_swing__mlb_2023__20260909__r01,BCAP-SWING-v0.1.0,swing,2023,COMPLETE,fixed_development_policy_external_crossfit_nuisance_OPE,season-weighted final PA W per selected current decision; no summed PA policy gain,Q/value/delta/gain: raw W; outcome MSE: W^2; probabilities/coverage: fraction; sample counts: explicit rows/PA/games,Take_adjudicated,Swing_offer_including_bunts,2-2,INNER,NFB,fixed_score_sensitivity,,,,
cell,2-2|INNER|NFB,fixed_score_cluster_pitcher,5473.0,,,,0.2191741279760659,False,0.1720183256028757,0.266329930349256,692.0,bcap_swing__mlb_2023__20260909__r01,BCAP-SWING-v0.1.0,swing,2023,COMPLETE,fixed_development_policy_external_crossfit_nuisance_OPE,season-weighted final PA W per selected current decision; no summed PA policy gain,Q/value/delta/gain: raw W; outcome MSE: W^2; probabilities/coverage: fraction; sample counts: explicit rows/PA/games,Take_adjudicated,Swing_offer_including_bunts,2-2,INNER,NFB,fixed_score_sensitivity,,,,
cell,2-2|INNER|NFB,fixed_score_cluster_batter,5473.0,,,,0.2191741279760659,False,0.1722141796849363,0.2661340762671955,553.0,bcap_swing__mlb_2023__20260909__r01,BCAP-SWING-v0.1.0,swing,2023,COMPLETE,fixed_development_policy_external_crossfit_nuisance_OPE,season-weighted final PA W per selected current decision; no summed PA policy gain,Q/value/delta/gain: raw W; outcome MSE: W^2; probabilities/coverage: fraction; sample counts: explicit rows/PA/games,Take_adjudicated,Swing_offer_including_bunts,2-2,INNER,NFB,fixed_score_sensitivity,,,,
cell,2-2|OUT|FB,untrimmed,12815.0,1.0,0.3527020579190422,0.1906708269540419,-0.1620312309650002,True,,,,bcap_swing__mlb_2023__20260909__r01,BCAP-SWING-v0.1.0,swing,2023,COMPLETE,fixed_development_policy_external_crossfit_nuisance_OPE,season-weighted final PA W per selected current decision; no summed PA policy gain,Q/value/delta/gain: raw W; outcome MSE: W^2; probabilities/coverage: fraction; sample counts: explicit rows/PA/games,Take_adjudicated,Swing_offer_including_bunts,2-2,OUT,FB,fixed_score_sensitivity,,,,
cell,2-2|OUT|FB,trim_002,12697.0,0.9907920405774484,0.3530518216497988,0.1911828199401327,-0.1618690017096661,True,,,,bcap_swing__mlb_2023__20260909__r01,BCAP-SWING-v0.1.0,swing,2023,COMPLETE,fixed_development_policy_external_crossfit_nuisance_OPE,season-weighted final PA W per selected current decision; no summed PA policy gain,Q/value/delta/gain: raw W; outcome MSE: W^2; probabilities/coverage: fraction; sample counts: explicit rows/PA/games,Take_adjudicated,Swing_offer_including_bunts,2-2,OUT,FB,fixed_score_sensitivity,,,,
cell,2-2|OUT|FB,trim_005,12495.0,0.9750292625829108,0.3530636727582449,0.1918625576036839,-0.1612011151545609,False,,,,bcap_swing__mlb_2023__20260909__r01,BCAP-SWING-v0.1.0,swing,2023,COMPLETE,fixed_development_policy_external_crossfit_nuisance_OPE,season-weighted final PA W per selected current decision; no summed PA policy gain,Q/value/delta/gain: raw W; outcome MSE: W^2; probabilities/coverage: fraction; sample counts: explicit rows/PA/games,Take_adjudicated,Swing_offer_including_bunts,2-2,OUT,FB,fixed_score_sensitivity,,,,
cell,2-2|OUT|FB,trim_010,11959.0,0.933203277409286,0.3507868470023321,0.1950224541759785,-0.1557643928263536,True,,,,bcap_swing__mlb_2023__20260909__r01,BCAP-SWING-v0.1.0,swing,2023,COMPLETE,fixed_development_policy_external_crossfit_nuisance_OPE,season-weighted final PA W per selected current decision; no summed PA policy gain,Q/value/delta/gain: raw W; outcome MSE: W^2; probabilities/coverage: fraction; sample counts: explicit rows/PA/games,Take_adjudicated,Swing_offer_including_bunts,2-2,OUT,FB,fixed_score_sensitivity,,,,
cell,2-2|OUT|FB,clip_010_same_target,12495.0,0.9750292625829108,0.3530884315698487,0.1921706079344547,-0.1609178236353939,False,,,,bcap_swing__mlb_2023__20260909__r01,BCAP-SWING-v0.1.0,swing,2023,COMPLETE,fixed_development_policy_external_crossfit_nuisance_OPE,season-weighted final PA W per selected current decision; no summed PA policy gain,Q/value/delta/gain: raw W; outcome MSE: W^2; probabilities/coverage: fraction; sample counts: explicit rows/PA/games,Take_adjudicated,Swing_offer_including_bunts,2-2,OUT,FB,fixed_score_sensitivity,,,,
cell,2-2|OUT|FB,first_count_visit,12002.0,0.9365587202497072,0.3525256480756527,0.1895051778875246,-0.1630204701881281,True,,,,bcap_swing__mlb_2023__20260909__r01,BCAP-SWING-v0.1.0,swing,2023,COMPLETE,fixed_development_policy_external_crossfit_nuisance_OPE,season-weighted final PA W per selected current decision; no summed PA policy gain,Q/value/delta/gain: raw W; outcome MSE: W^2; probabilities/coverage: fraction; sample counts: explicit rows/PA/games,Take_adjudicated,Swing_offer_including_bunts,2-2,OUT,FB,fixed_score_sensitivity,,,,
cell,2-2|OUT|FB,fixed_score_cluster_pitcher,12495.0,,,,-0.1612011151545609,False,-0.1953730073578021,-0.1270292229513198,760.0,bcap_swing__mlb_2023__20260909__r01,BCAP-SWING-v0.1.0,swing,2023,COMPLETE,fixed_development_policy_external_crossfit_nuisance_OPE,season-weighted final PA W per selected current decision; no summed PA policy gain,Q/value/delta/gain: raw W; outcome MSE: W^2; probabilities/coverage: fraction; sample counts: explicit rows/PA/games,Take_adjudicated,Swing_offer_including_bunts,2-2,OUT,FB,fixed_score_sensitivity,,,,
cell,2-2|OUT|FB,fixed_score_cluster_batter,12495.0,,,,-0.1612011151545609,False,-0.1926729799153178,-0.1297292503938041,573.0,bcap_swing__mlb_2023__20260909__r01,BCAP-SWING-v0.1.0,swing,2023,COMPLETE,fixed_development_policy_external_crossfit_nuisance_OPE,season-weighted final PA W per selected current decision; no summed PA policy gain,Q/value/delta/gain: raw W; outcome MSE: W^2; probabilities/coverage: fraction; sample counts: explicit rows/PA/games,Take_adjudicated,Swing_offer_including_bunts,2-2,OUT,FB,fixed_score_sensitivity,,,,
cell,2-2|OUT|NFB,untrimmed,17501.0,1.0,0.362028058716231,0.1303541345674044,-0.2316739241488266,True,,,,bcap_swing__mlb_2023__20260909__r01,BCAP-SWING-v0.1.0,swing,2023,COMPLETE,fixed_development_policy_external_crossfit_nuisance_OPE,season-weighted final PA W per selected current decision; no summed PA policy gain,Q/value/delta/gain: raw W; outcome MSE: W^2; probabilities/coverage: fraction; sample counts: explicit rows/PA/games,Take_adjudicated,Swing_offer_including_bunts,2-2,OUT,NFB,fixed_score_sensitivity,,,,
cell,2-2|OUT|NFB,trim_002,17383.0,0.9932575281412492,0.3624529222922913,0.1306381236306427,-0.2318147986616485,True,,,,bcap_swing__mlb_2023__20260909__r01,BCAP-SWING-v0.1.0,swing,2023,COMPLETE,fixed_development_policy_external_crossfit_nuisance_OPE,season-weighted final PA W per selected current decision; no summed PA policy gain,Q/value/delta/gain: raw W; outcome MSE: W^2; probabilities/coverage: fraction; sample counts: explicit rows/PA/games,Take_adjudicated,Swing_offer_including_bunts,2-2,OUT,NFB,fixed_score_sensitivity,,,,
cell,2-2|OUT|NFB,trim_005,17074.0,0.9756013942060454,0.3619336410569517,0.1327863874964003,-0.2291472535605514,False,,,,bcap_swing__mlb_2023__20260909__r01,BCAP-SWING-v0.1.0,swing,2023,COMPLETE,fixed_development_policy_external_crossfit_nuisance_OPE,season-weighted final PA W per selected current decision; no summed PA policy gain,Q/value/delta/gain: raw W; outcome MSE: W^2; probabilities/coverage: fraction; sample counts: explicit rows/PA/games,Take_adjudicated,Swing_offer_including_bunts,2-2,OUT,NFB,fixed_score_sensitivity,,,,
cell,2-2|OUT|NFB,trim_010,16375.0,0.9356608193817496,0.3607379361376293,0.137626847776079,-0.2231110883615503,True,,,,bcap_swing__mlb_2023__20260909__r01,BCAP-SWING-v0.1.0,swing,2023,COMPLETE,fixed_development_policy_external_crossfit_nuisance_OPE,season-weighted final PA W per selected current decision; no summed PA policy gain,Q/value/delta/gain: raw W; outcome MSE: W^2; probabilities/coverage: fraction; sample counts: explicit rows/PA/games,Take_adjudicated,Swing_offer_including_bunts,2-2,OUT,NFB,fixed_score_sensitivity,,,,
cell,2-2|OUT|NFB,clip_010_same_target,17074.0,0.9756013942060454,0.3619356086583457,0.1334884926698917,-0.2284471159884539,False,,,,bcap_swing__mlb_2023__20260909__r01,BCAP-SWING-v0.1.0,swing,2023,COMPLETE,fixed_development_policy_external_crossfit_nuisance_OPE,season-weighted final PA W per selected current decision; no summed PA policy gain,Q/value/delta/gain: raw W; outcome MSE: W^2; probabilities/coverage: fraction; sample counts: explicit rows/PA/games,Take_adjudicated,Swing_offer_including_bunts,2-2,OUT,NFB,fixed_score_sensitivity,,,,
cell,2-2|OUT|NFB,first_count_visit,16313.0,0.9321181646763044,0.3631982932498931,0.1335626627521912,-0.2296356304977018,True,,,,bcap_swing__mlb_2023__20260909__r01,BCAP-SWING-v0.1.0,swing,2023,COMPLETE,fixed_development_policy_external_crossfit_nuisance_OPE,season-weighted final PA W per selected current decision; no summed PA policy gain,Q/value/delta/gain: raw W; outcome MSE: W^2; probabilities/coverage: fraction; sample counts: explicit rows/PA/games,Take_adjudicated,Swing_offer_including_bunts,2-2,OUT,NFB,fixed_score_sensitivity,,,,
cell,2-2|OUT|NFB,fixed_score_cluster_pitcher,17074.0,,,,-0.2291472535605514,False,-0.2554701446351784,-0.2028243624859244,791.0,bcap_swing__mlb_2023__20260909__r01,BCAP-SWING-v0.1.0,swing,2023,COMPLETE,fixed_development_policy_external_crossfit_nuisance_OPE,season-weighted final PA W per selected current decision; no summed PA policy gain,Q/value/delta/gain: raw W; outcome MSE: W^2; probabilities/coverage: fraction; sample counts: explicit rows/PA/games,Take_adjudicated,Swing_offer_including_bunts,2-2,OUT,NFB,fixed_score_sensitivity,,,,
cell,2-2|OUT|NFB,fixed_score_cluster_batter,17074.0,,,,-0.2291472535605514,False,-0.2547371867340803,-0.2035573203870225,581.0,bcap_swing__mlb_2023__20260909__r01,BCAP-SWING-v0.1.0,swing,2023,COMPLETE,fixed_development_policy_external_crossfit_nuisance_OPE,season-weighted final PA W per selected current decision; no summed PA policy gain,Q/value/delta/gain: raw W; outcome MSE: W^2; probabilities/coverage: fraction; sample counts: explicit rows/PA/games,Take_adjudicated,Swing_offer_including_bunts,2-2,OUT,NFB,fixed_score_sensitivity,,,,
cell,3-0|BOUNDARY|FB,untrimmed,1942.0,1.0,0.5065229278926182,0.3985540441722954,-0.1079688837203228,True,,,,bcap_swing__mlb_2023__20260909__r01,BCAP-SWING-v0.1.0,swing,2023,COMPLETE,fixed_development_policy_external_crossfit_nuisance_OPE,season-weighted final PA W per selected current decision; no summed PA policy gain,Q/value/delta/gain: raw W; outcome MSE: W^2; probabilities/coverage: fraction; sample counts: explicit rows/PA/games,Take_adjudicated,Swing_offer_including_bunts,3-0,BOUNDARY,FB,fixed_score_sensitivity,,,,
cell,3-0|BOUNDARY|FB,trim_002,1926.0,0.991761071060762,0.5063232306080779,0.399138181786342,-0.1071850488217359,True,,,,bcap_swing__mlb_2023__20260909__r01,BCAP-SWING-v0.1.0,swing,2023,COMPLETE,fixed_development_policy_external_crossfit_nuisance_OPE,season-weighted final PA W per selected current decision; no summed PA policy gain,Q/value/delta/gain: raw W; outcome MSE: W^2; probabilities/coverage: fraction; sample counts: explicit rows/PA/games,Take_adjudicated,Swing_offer_including_bunts,3-0,BOUNDARY,FB,fixed_score_sensitivity,,,,
cell,3-0|BOUNDARY|FB,trim_005,1859.0,0.9572605561277034,0.5014631340670844,0.4102022424741562,-0.0912608915929282,False,,,,bcap_swing__mlb_2023__20260909__r01,BCAP-SWING-v0.1.0,swing,2023,COMPLETE,fixed_development_policy_external_crossfit_nuisance_OPE,season-weighted final PA W per selected current decision; no summed PA policy gain,Q/value/delta/gain: raw W; outcome MSE: W^2; probabilities/coverage: fraction; sample counts: explicit rows/PA/games,Take_adjudicated,Swing_offer_including_bunts,3-0,BOUNDARY,FB,fixed_score_sensitivity,,,,
cell,3-0|BOUNDARY|FB,trim_010,1040.0,0.5355303810504635,0.4795757091204559,0.378292818944871,-0.1012828901755849,True,,,,bcap_swing__mlb_2023__20260909__r01,BCAP-SWING-v0.1.0,swing,2023,COMPLETE,fixed_development_policy_external_crossfit_nuisance_OPE,season-weighted final PA W per selected current decision; no summed PA policy gain,Q/value/delta/gain: raw W; outcome MSE: W^2; probabilities/coverage: fraction; sample counts: explicit rows/PA/games,Take_adjudicated,Swing_offer_including_bunts,3-0,BOUNDARY,FB,fixed_score_sensitivity,,,,
cell,3-0|BOUNDARY|FB,clip_010_same_target,1859.0,0.9572605561277034,0.5018681391664767,0.4001154043537246,-0.1017527348127518,False,,,,bcap_swing__mlb_2023__20260909__r01,BCAP-SWING-v0.1.0,swing,2023,COMPLETE,fixed_development_policy_external_crossfit_nuisance_OPE,season-weighted final PA W per selected current decision; no summed PA policy gain,Q/value/delta/gain: raw W; outcome MSE: W^2; probabilities/coverage: fraction; sample counts: explicit rows/PA/games,Take_adjudicated,Swing_offer_including_bunts,3-0,BOUNDARY,FB,fixed_score_sensitivity,,,,
cell,3-0|BOUNDARY|FB,first_count_visit,1859.0,0.9572605561277034,0.5014631340670844,0.4102022424741562,-0.0912608915929282,True,,,,bcap_swing__mlb_2023__20260909__r01,BCAP-SWING-v0.1.0,swing,2023,COMPLETE,fixed_development_policy_external_crossfit_nuisance_OPE,season-weighted final PA W per selected current decision; no summed PA policy gain,Q/value/delta/gain: raw W; outcome MSE: W^2; probabilities/coverage: fraction; sample counts: explicit rows/PA/games,Take_adjudicated,Swing_offer_including_bunts,3-0,BOUNDARY,FB,fixed_score_sensitivity,,,,
cell,3-0|BOUNDARY|FB,fixed_score_cluster_pitcher,1859.0,,,,-0.0912608915929282,False,-0.2383724740583846,0.0558506908725281,572.0,bcap_swing__mlb_2023__20260909__r01,BCAP-SWING-v0.1.0,swing,2023,COMPLETE,fixed_development_policy_external_crossfit_nuisance_OPE,season-weighted final PA W per selected current decision; no summed PA policy gain,Q/value/delta/gain: raw W; outcome MSE: W^2; probabilities/coverage: fraction; sample counts: explicit rows/PA/games,Take_adjudicated,Swing_offer_including_bunts,3-0,BOUNDARY,FB,fixed_score_sensitivity,,,,
cell,3-0|BOUNDARY|FB,fixed_score_cluster_batter,1859.0,,,,-0.0912608915929282,False,-0.2485196520642492,0.0659978688783927,465.0,bcap_swing__mlb_2023__20260909__r01,BCAP-SWING-v0.1.0,swing,2023,COMPLETE,fixed_development_policy_external_crossfit_nuisance_OPE,season-weighted final PA W per selected current decision; no summed PA policy gain,Q/value/delta/gain: raw W; outcome MSE: W^2; probabilities/coverage: fraction; sample counts: explicit rows/PA/games,Take_adjudicated,Swing_offer_including_bunts,3-0,BOUNDARY,FB,fixed_score_sensitivity,,,,
cell,3-0|BOUNDARY|NFB,untrimmed,105.0,1.0,0.4892541755954224,0.2924450754166723,-0.19680910017875,True,,,,bcap_swing__mlb_2023__20260909__r01,BCAP-SWING-v0.1.0,swing,2023,COMPLETE,fixed_development_policy_external_crossfit_nuisance_OPE,season-weighted final PA W per selected current decision; no summed PA policy gain,Q/value/delta/gain: raw W; outcome MSE: W^2; probabilities/coverage: fraction; sample counts: explicit rows/PA/games,Take_adjudicated,Swing_offer_including_bunts,3-0,BOUNDARY,NFB,fixed_score_sensitivity,,,,
cell,3-0|BOUNDARY|NFB,trim_002,105.0,1.0,0.4892541755954224,0.2924450754166723,-0.19680910017875,True,,,,bcap_swing__mlb_2023__20260909__r01,BCAP-SWING-v0.1.0,swing,2023,COMPLETE,fixed_development_policy_external_crossfit_nuisance_OPE,season-weighted final PA W per selected current decision; no summed PA policy gain,Q/value/delta/gain: raw W; outcome MSE: W^2; probabilities/coverage: fraction; sample counts: explicit rows/PA/games,Take_adjudicated,Swing_offer_including_bunts,3-0,BOUNDARY,NFB,fixed_score_sensitivity,,,,
cell,3-0|BOUNDARY|NFB,trim_005,105.0,1.0,0.4892541755954224,0.2924450754166723,-0.19680910017875,False,,,,bcap_swing__mlb_2023__20260909__r01,BCAP-SWING-v0.1.0,swing,2023,COMPLETE,fixed_development_policy_external_crossfit_nuisance_OPE,season-weighted final PA W per selected current decision; no summed PA policy gain,Q/value/delta/gain: raw W; outcome MSE: W^2; probabilities/coverage: fraction; sample counts: explicit rows/PA/games,Take_adjudicated,Swing_offer_including_bunts,3-0,BOUNDARY,NFB,fixed_score_sensitivity,,,,
cell,3-0|BOUNDARY|NFB,trim_010,97.0,0.923809523809524,0.4866608371201924,0.2889127374136877,-0.1977480997065046,True,,,,bcap_swing__mlb_2023__20260909__r01,BCAP-SWING-v0.1.0,swing,2023,COMPLETE,fixed_development_policy_external_crossfit_nuisance_OPE,season-weighted final PA W per selected current decision; no summed PA policy gain,Q/value/delta/gain: raw W; outcome MSE: W^2; probabilities/coverage: fraction; sample counts: explicit rows/PA/games,Take_adjudicated,Swing_offer_including_bunts,3-0,BOUNDARY,NFB,fixed_score_sensitivity,,,,
cell,3-0|BOUNDARY|NFB,clip_010_same_target,105.0,1.0,0.4893209182466727,0.2924450754166723,-0.1968758428300003,False,,,,bcap_swing__mlb_2023__20260909__r01,BCAP-SWING-v0.1.0,swing,2023,COMPLETE,fixed_development_policy_external_crossfit_nuisance_OPE,season-weighted final PA W per selected current decision; no summed PA policy gain,Q/value/delta/gain: raw W; outcome MSE: W^2; probabilities/coverage: fraction; sample counts: explicit rows/PA/games,Take_adjudicated,Swing_offer_including_bunts,3-0,BOUNDARY,NFB,fixed_score_sensitivity,,,,
cell,3-0|BOUNDARY|NFB,first_count_visit,105.0,1.0,0.4892541755954224,0.2924450754166723,-0.19680910017875,True,,,,bcap_swing__mlb_2023__20260909__r01,BCAP-SWING-v0.1.0,swing,2023,COMPLETE,fixed_development_policy_external_crossfit_nuisance_OPE,season-weighted final PA W per selected current decision; no summed PA policy gain,Q/value/delta/gain: raw W; outcome MSE: W^2; probabilities/coverage: fraction; sample counts: explicit rows/PA/games,Take_adjudicated,Swing_offer_including_bunts,3-0,BOUNDARY,NFB,fixed_score_sensitivity,,,,
cell,3-0|BOUNDARY|NFB,fixed_score_cluster_pitcher,105.0,,,,-0.19680910017875,False,-0.5695878879259804,0.1759696875684802,76.0,bcap_swing__mlb_2023__20260909__r01,BCAP-SWING-v0.1.0,swing,2023,COMPLETE,fixed_development_policy_external_crossfit_nuisance_OPE,season-weighted final PA W per selected current decision; no summed PA policy gain,Q/value/delta/gain: raw W; outcome MSE: W^2; probabilities/coverage: fraction; sample counts: explicit rows/PA/games,Take_adjudicated,Swing_offer_including_bunts,3-0,BOUNDARY,NFB,fixed_score_sensitivity,,,,
cell,3-0|BOUNDARY|NFB,fixed_score_cluster_batter,105.0,,,,-0.19680910017875,False,-0.5351638656873862,0.1415456653298861,90.0,bcap_swing__mlb_2023__20260909__r01,BCAP-SWING-v0.1.0,swing,2023,COMPLETE,fixed_development_policy_external_crossfit_nuisance_OPE,season-weighted final PA W per selected current decision; no summed PA policy gain,Q/value/delta/gain: raw W; outcome MSE: W^2; probabilities/coverage: fraction; sample counts: explicit rows/PA/games,Take_adjudicated,Swing_offer_including_bunts,3-0,BOUNDARY,NFB,fixed_score_sensitivity,,,,
cell,3-0|INNER|FB,untrimmed,2549.0,1.0,0.4729140016157513,0.5293181394780574,0.056404137862306,True,,,,bcap_swing__mlb_2023__20260909__r01,BCAP-SWING-v0.1.0,swing,2023,COMPLETE,fixed_development_policy_external_crossfit_nuisance_OPE,season-weighted final PA W per selected current decision; no summed PA policy gain,Q/value/delta/gain: raw W; outcome MSE: W^2; probabilities/coverage: fraction; sample counts: explicit rows/PA/games,Take_adjudicated,Swing_offer_including_bunts,3-0,INNER,FB,fixed_score_sensitivity,,,,
cell,3-0|INNER|FB,trim_002,2531.0,0.9929384072185172,0.4726722394585971,0.5302931189543014,0.0576208794957043,True,,,,bcap_swing__mlb_2023__20260909__r01,BCAP-SWING-v0.1.0,swing,2023,COMPLETE,fixed_development_policy_external_crossfit_nuisance_OPE,season-weighted final PA W per selected current decision; no summed PA policy gain,Q/value/delta/gain: raw W; outcome MSE: W^2; probabilities/coverage: fraction; sample counts: explicit rows/PA/games,Take_adjudicated,Swing_offer_including_bunts,3-0,INNER,FB,fixed_score_sensitivity,,,,
cell,3-0|INNER|FB,trim_005,2521.0,0.9890153001176932,0.4718722620841917,0.5308987897099957,0.0590265276258039,False,,,,bcap_swing__mlb_2023__20260909__r01,BCAP-SWING-v0.1.0,swing,2023,COMPLETE,fixed_development_policy_external_crossfit_nuisance_OPE,season-weighted final PA W per selected current decision; no summed PA policy gain,Q/value/delta/gain: raw W; outcome MSE: W^2; probabilities/coverage: fraction; sample counts: explicit rows/PA/games,Take_adjudicated,Swing_offer_including_bunts,3-0,INNER,FB,fixed_score_sensitivity,,,,
cell,3-0|INNER|FB,trim_010,1943.0,0.7622597096900745,0.4705153377271421,0.5597455943164013,0.0892302565892591,True,,,,bcap_swing__mlb_2023__20260909__r01,BCAP-SWING-v0.1.0,swing,2023,COMPLETE,fixed_development_policy_external_crossfit_nuisance_OPE,season-weighted final PA W per selected current decision; no summed PA policy gain,Q/value/delta/gain: raw W; outcome MSE: W^2; probabilities/coverage: fraction; sample counts: explicit rows/PA/games,Take_adjudicated,Swing_offer_including_bunts,3-0,INNER,FB,fixed_score_sensitivity,,,,
cell,3-0|INNER|FB,clip_010_same_target,2521.0,0.9890153001176932,0.4718675185109929,0.5268577024526578,0.0549901839416649,False,,,,bcap_swing__mlb_2023__20260909__r01,BCAP-SWING-v0.1.0,swing,2023,COMPLETE,fixed_development_policy_external_crossfit_nuisance_OPE,season-weighted final PA W per selected current decision; no summed PA policy gain,Q/value/delta/gain: raw W; outcome MSE: W^2; probabilities/coverage: fraction; sample counts: explicit rows/PA/games,Take_adjudicated,Swing_offer_including_bunts,3-0,INNER,FB,fixed_score_sensitivity,,,,
cell,3-0|INNER|FB,first_count_visit,2521.0,0.9890153001176932,0.4718722620841917,0.5308987897099957,0.0590265276258039,True,,,,bcap_swing__mlb_2023__20260909__r01,BCAP-SWING-v0.1.0,swing,2023,COMPLETE,fixed_development_policy_external_crossfit_nuisance_OPE,season-weighted final PA W per selected current decision; no summed PA policy gain,Q/value/delta/gain: raw W; outcome MSE: W^2; probabilities/coverage: fraction; sample counts: explicit rows/PA/games,Take_adjudicated,Swing_offer_including_bunts,3-0,INNER,FB,fixed_score_sensitivity,,,,
cell,3-0|INNER|FB,fixed_score_cluster_pitcher,2521.0,,,,0.0590265276258039,False,-0.1106047655480397,0.2286578207996476,622.0,bcap_swing__mlb_2023__20260909__r01,BCAP-SWING-v0.1.0,swing,2023,COMPLETE,fixed_development_policy_external_crossfit_nuisance_OPE,season-weighted final PA W per selected current decision; no summed PA policy gain,Q/value/delta/gain: raw W; outcome MSE: W^2; probabilities/coverage: fraction; sample counts: explicit rows/PA/games,Take_adjudicated,Swing_offer_including_bunts,3-0,INNER,FB,fixed_score_sensitivity,,,,
cell,3-0|INNER|FB,fixed_score_cluster_batter,2521.0,,,,0.0590265276258039,False,-0.0999022458373648,0.2179553010889728,511.0,bcap_swing__mlb_2023__20260909__r01,BCAP-SWING-v0.1.0,swing,2023,COMPLETE,fixed_development_policy_external_crossfit_nuisance_OPE,season-weighted final PA W per selected current decision; no summed PA policy gain,Q/value/delta/gain: raw W; outcome MSE: W^2; probabilities/coverage: fraction; sample counts: explicit rows/PA/games,Take_adjudicated,Swing_offer_including_bunts,3-0,INNER,FB,fixed_score_sensitivity,,,,
cell,3-0|INNER|NFB,untrimmed,132.0,1.0,0.5389355671195775,0.3781046853114585,-0.1608308818081189,True,,,,bcap_swing__mlb_2023__20260909__r01,BCAP-SWING-v0.1.0,swing,2023,COMPLETE,fixed_development_policy_external_crossfit_nuisance_OPE,season-weighted final PA W per selected current decision; no summed PA policy gain,Q/value/delta/gain: raw W; outcome MSE: W^2; probabilities/coverage: fraction; sample counts: explicit rows/PA/games,Take_adjudicated,Swing_offer_including_bunts,3-0,INNER,NFB,fixed_score_sensitivity,,,,
cell,3-0|INNER|NFB,trim_002,131.0,0.9924242424242424,0.5450001754166417,0.3779325629615586,-0.1670676124550831,True,,,,bcap_swing__mlb_2023__20260909__r01,BCAP-SWING-v0.1.0,swing,2023,COMPLETE,fixed_development_policy_external_crossfit_nuisance_OPE,season-weighted final PA W per selected current decision; no summed PA policy gain,Q/value/delta/gain: raw W; outcome MSE: W^2; probabilities/coverage: fraction; sample counts: explicit rows/PA/games,Take_adjudicated,Swing_offer_including_bunts,3-0,INNER,NFB,fixed_score_sensitivity,,,,
cell,3-0|INNER|NFB,trim_005,131.0,0.9924242424242424,0.5450001754166417,0.3779325629615586,-0.1670676124550831,False,,,,bcap_swing__mlb_2023__20260909__r01,BCAP-SWING-v0.1.0,swing,2023,COMPLETE,fixed_development_policy_external_crossfit_nuisance_OPE,season-weighted final PA W per selected current decision; no summed PA policy gain,Q/value/delta/gain: raw W; outcome MSE: W^2; probabilities/coverage: fraction; sample counts: explicit rows/PA/games,Take_adjudicated,Swing_offer_including_bunts,3-0,INNER,NFB,fixed_score_sensitivity,,,,
cell,3-0|INNER|NFB,trim_010,131.0,0.9924242424242424,0.5450001754166417,0.3779325629615586,-0.1670676124550831,True,,,,bcap_swing__mlb_2023__20260909__r01,BCAP-SWING-v0.1.0,swing,2023,COMPLETE,fixed_development_policy_external_crossfit_nuisance_OPE,season-weighted final PA W per selected current decision; no summed PA policy gain,Q/value/delta/gain: raw W; outcome MSE: W^2; probabilities/coverage: fraction; sample counts: explicit rows/PA/games,Take_adjudicated,Swing_offer_including_bunts,3-0,INNER,NFB,fixed_score_sensitivity,,,,
cell,3-0|INNER|NFB,clip_010_same_target,131.0,0.9924242424242424,0.5450001754166417,0.3779325629615586,-0.1670676124550831,False,,,,bcap_swing__mlb_2023__20260909__r01,BCAP-SWING-v0.1.0,swing,2023,COMPLETE,fixed_development_policy_external_crossfit_nuisance_OPE,season-weighted final PA W per selected current decision; no summed PA policy gain,Q/value/delta/gain: raw W; outcome MSE: W^2; probabilities/coverage: fraction; sample counts: explicit rows/PA/games,Take_adjudicated,Swing_offer_including_bunts,3-0,INNER,NFB,fixed_score_sensitivity,,,,
cell,3-0|INNER|NFB,first_count_visit,131.0,0.9924242424242424,0.5450001754166417,0.3779325629615586,-0.1670676124550831,True,,,,bcap_swing__mlb_2023__20260909__r01,BCAP-SWING-v0.1.0,swing,2023,COMPLETE,fixed_development_policy_external_crossfit_nuisance_OPE,season-weighted final PA W per selected current decision; no summed PA policy gain,Q/value/delta/gain: raw W; outcome MSE: W^2; probabilities/coverage: fraction; sample counts: explicit rows/PA/games,Take_adjudicated,Swing_offer_including_bunts,3-0,INNER,NFB,fixed_score_sensitivity,,,,
cell,3-0|INNER|NFB,fixed_score_cluster_pitcher,131.0,,,,-0.1670676124550831,False,-0.5723331719549891,0.2381979470448228,96.0,bcap_swing__mlb_2023__20260909__r01,BCAP-SWING-v0.1.0,swing,2023,COMPLETE,fixed_development_policy_external_crossfit_nuisance_OPE,season-weighted final PA W per selected current decision; no summed PA policy gain,Q/value/delta/gain: raw W; outcome MSE: W^2; probabilities/coverage: fraction; sample counts: explicit rows/PA/games,Take_adjudicated,Swing_offer_including_bunts,3-0,INNER,NFB,fixed_score_sensitivity,,,,
cell,3-0|INNER|NFB,fixed_score_cluster_batter,131.0,,,,-0.1670676124550831,False,-0.5447113125676312,0.2105760876574648,104.0,bcap_swing__mlb_2023__20260909__r01,BCAP-SWING-v0.1.0,swing,2023,COMPLETE,fixed_development_policy_external_crossfit_nuisance_OPE,season-weighted final PA W per selected current decision; no summed PA policy gain,Q/value/delta/gain: raw W; outcome MSE: W^2; probabilities/coverage: fraction; sample counts: explicit rows/PA/games,Take_adjudicated,Swing_offer_including_bunts,3-0,INNER,NFB,fixed_score_sensitivity,,,,
cell,3-0|OUT|FB,untrimmed,2402.0,1.0,0.6833698165726534,0.3237769793688676,-0.3595928372037857,True,,,,bcap_swing__mlb_2023__20260909__r01,BCAP-SWING-v0.1.0,swing,2023,COMPLETE,fixed_development_policy_external_crossfit_nuisance_OPE,season-weighted final PA W per selected current decision; no summed PA policy gain,Q/value/delta/gain: raw W; outcome MSE: W^2; probabilities/coverage: fraction; sample counts: explicit rows/PA/games,Take_adjudicated,Swing_offer_including_bunts,3-0,OUT,FB,fixed_score_sensitivity,,,,
cell,3-0|OUT|FB,trim_002,2213.0,0.921315570358035,0.6822013812239999,0.3333579049351013,-0.3488434762888984,True,,,,bcap_swing__mlb_2023__20260909__r01,BCAP-SWING-v0.1.0,swing,2023,COMPLETE,fixed_development_policy_external_crossfit_nuisance_OPE,season-weighted final PA W per selected current decision; no summed PA policy gain,Q/value/delta/gain: raw W; outcome MSE: W^2; probabilities/coverage: fraction; sample counts: explicit rows/PA/games,Take_adjudicated,Swing_offer_including_bunts,3-0,OUT,FB,fixed_score_sensitivity,,,,
cell,3-0|OUT|FB,trim_005,1692.0,0.704412989175687,0.6781324553276348,0.3439502918085702,-0.3341821635190646,False,,,,bcap_swing__mlb_2023__20260909__r01,BCAP-SWING-v0.1.0,swing,2023,COMPLETE,fixed_development_policy_external_crossfit_nuisance_OPE,season-weighted final PA W per selected current decision; no summed PA policy gain,Q/value/delta/gain: raw W; outcome MSE: W^2; probabilities/coverage: fraction; sample counts: explicit rows/PA/games,Take_adjudicated,Swing_offer_including_bunts,3-0,OUT,FB,fixed_score_sensitivity,,,,
cell,3-0|OUT|FB,trim_010,812.0,0.3380516236469608,0.6581715598527268,0.3522066521024983,-0.3059649077502286,True,,,,bcap_swing__mlb_2023__20260909__r01,BCAP-SWING-v0.1.0,swing,2023,COMPLETE,fixed_development_policy_external_crossfit_nuisance_OPE,season-weighted final PA W per selected current decision; no summed PA policy gain,Q/value/delta/gain: raw W; outcome MSE: W^2; probabilities/coverage: fraction; sample counts: explicit rows/PA/games,Take_adjudicated,Swing_offer_including_bunts,3-0,OUT,FB,fixed_score_sensitivity,,,,
cell,3-0|OUT|FB,clip_010_same_target,1692.0,0.704412989175687,0.6793335270036086,0.3396736511508387,-0.3396598758527698,False,,,,bcap_swing__mlb_2023__20260909__r01,BCAP-SWING-v0.1.0,swing,2023,COMPLETE,fixed_development_policy_external_crossfit_nuisance_OPE,season-weighted final PA W per selected current decision; no summed PA policy gain,Q/value/delta/gain: raw W; outcome MSE: W^2; probabilities/coverage: fraction; sample counts: explicit rows/PA/games,Take_adjudicated,Swing_offer_including_bunts,3-0,OUT,FB,fixed_score_sensitivity,,,,
cell,3-0|OUT|FB,first_count_visit,1692.0,0.704412989175687,0.6781324553276348,0.3439502918085702,-0.3341821635190646,True,,,,bcap_swing__mlb_2023__20260909__r01,BCAP-SWING-v0.1.0,swing,2023,COMPLETE,fixed_development_policy_external_crossfit_nuisance_OPE,season-weighted final PA W per selected current decision; no summed PA policy gain,Q/value/delta/gain: raw W; outcome MSE: W^2; probabilities/coverage: fraction; sample counts: explicit rows/PA/games,Take_adjudicated,Swing_offer_including_bunts,3-0,OUT,FB,fixed_score_sensitivity,,,,
cell,3-0|OUT|FB,fixed_score_cluster_pitcher,1692.0,,,,-0.3341821635190646,False,-0.4285247259540807,-0.2398396010840486,590.0,bcap_swing__mlb_2023__20260909__r01,BCAP-SWING-v0.1.0,swing,2023,COMPLETE,fixed_development_policy_external_crossfit_nuisance_OPE,season-weighted final PA W per selected current decision; no summed PA policy gain,Q/value/delta/gain: raw W; outcome MSE: W^2; probabilities/coverage: fraction; sample counts: explicit rows/PA/games,Take_adjudicated,Swing_offer_including_bunts,3-0,OUT,FB,fixed_score_sensitivity,,,,
cell,3-0|OUT|FB,fixed_score_cluster_batter,1692.0,,,,-0.3341821635190646,False,-0.4294321736487493,-0.2389321533893799,446.0,bcap_swing__mlb_2023__20260909__r01,BCAP-SWING-v0.1.0,swing,2023,COMPLETE,fixed_development_policy_external_crossfit_nuisance_OPE,season-weighted final PA W per selected current decision; no summed PA policy gain,Q/value/delta/gain: raw W; outcome MSE: W^2; probabilities/coverage: fraction; sample counts: explicit rows/PA/games,Take_adjudicated,Swing_offer_including_bunts,3-0,OUT,FB,fixed_score_sensitivity,,,,
cell,3-0|OUT|NFB,untrimmed,189.0,1.0,0.6777626388475273,0.2947930625176021,-0.3829695763299249,True,,,,bcap_swing__mlb_2023__20260909__r01,BCAP-SWING-v0.1.0,swing,2023,COMPLETE,fixed_development_policy_external_crossfit_nuisance_OPE,season-weighted final PA W per selected current decision; no summed PA policy gain,Q/value/delta/gain: raw W; outcome MSE: W^2; probabilities/coverage: fraction; sample counts: explicit rows/PA/games,Take_adjudicated,Swing_offer_including_bunts,3-0,OUT,NFB,fixed_score_sensitivity,,,,
cell,3-0|OUT|NFB,trim_002,181.0,0.9576719576719576,0.6768827970701838,0.2974390830315233,-0.3794437140386606,True,,,,bcap_swing__mlb_2023__20260909__r01,BCAP-SWING-v0.1.0,swing,2023,COMPLETE,fixed_development_policy_external_crossfit_nuisance_OPE,season-weighted final PA W per selected current decision; no summed PA policy gain,Q/value/delta/gain: raw W; outcome MSE: W^2; probabilities/coverage: fraction; sample counts: explicit rows/PA/games,Take_adjudicated,Swing_offer_including_bunts,3-0,OUT,NFB,fixed_score_sensitivity,,,,
cell,3-0|OUT|NFB,trim_005,144.0,0.7619047619047619,0.6711115912312403,0.3537028443667073,-0.317408746864533,False,,,,bcap_swing__mlb_2023__20260909__r01,BCAP-SWING-v0.1.0,swing,2023,COMPLETE,fixed_development_policy_external_crossfit_nuisance_OPE,season-weighted final PA W per selected current decision; no summed PA policy gain,Q/value/delta/gain: raw W; outcome MSE: W^2; probabilities/coverage: fraction; sample counts: explicit rows/PA/games,Take_adjudicated,Swing_offer_including_bunts,3-0,OUT,NFB,fixed_score_sensitivity,,,,
cell,3-0|OUT|NFB,trim_010,91.0,0.4814814814814814,0.6598298572249434,0.3086885485965049,-0.3511413086284384,True,,,,bcap_swing__mlb_2023__20260909__r01,BCAP-SWING-v0.1.0,swing,2023,COMPLETE,fixed_development_policy_external_crossfit_nuisance_OPE,season-weighted final PA W per selected current decision; no summed PA policy gain,Q/value/delta/gain: raw W; outcome MSE: W^2; probabilities/coverage: fraction; sample counts: explicit rows/PA/games,Take_adjudicated,Swing_offer_including_bunts,3-0,OUT,NFB,fixed_score_sensitivity,,,,
cell,3-0|OUT|NFB,clip_010_same_target,144.0,0.7619047619047619,0.672434359936587,0.3354852753546328,-0.3369490845819541,False,,,,bcap_swing__mlb_2023__20260909__r01,BCAP-SWING-v0.1.0,swing,2023,COMPLETE,fixed_development_policy_external_crossfit_nuisance_OPE,season-weighted final PA W per selected current decision; no summed PA policy gain,Q/value/delta/gain: raw W; outcome MSE: W^2; probabilities/coverage: fraction; sample counts: explicit rows/PA/games,Take_adjudicated,Swing_offer_including_bunts,3-0,OUT,NFB,fixed_score_sensitivity,,,,
cell,3-0|OUT|NFB,first_count_visit,144.0,0.7619047619047619,0.6711115912312403,0.3537028443667073,-0.317408746864533,True,,,,bcap_swing__mlb_2023__20260909__r01,BCAP-SWING-v0.1.0,swing,2023,COMPLETE,fixed_development_policy_external_crossfit_nuisance_OPE,season-weighted final PA W per selected current decision; no summed PA policy gain,Q/value/delta/gain: raw W; outcome MSE: W^2; probabilities/coverage: fraction; sample counts: explicit rows/PA/games,Take_adjudicated,Swing_offer_including_bunts,3-0,OUT,NFB,fixed_score_sensitivity,,,,
cell,3-0|OUT|NFB,fixed_score_cluster_pitcher,144.0,,,,-0.317408746864533,False,-0.6339928029495301,-0.0008246907795358,109.0,bcap_swing__mlb_2023__20260909__r01,BCAP-SWING-v0.1.0,swing,2023,COMPLETE,fixed_development_policy_external_crossfit_nuisance_OPE,season-weighted final PA W per selected current decision; no summed PA policy gain,Q/value/delta/gain: raw W; outcome MSE: W^2; probabilities/coverage: fraction; sample counts: explicit rows/PA/games,Take_adjudicated,Swing_offer_including_bunts,3-0,OUT,NFB,fixed_score_sensitivity,,,,
cell,3-0|OUT|NFB,fixed_score_cluster_batter,144.0,,,,-0.317408746864533,False,-0.6480620121077789,0.0132445183787128,113.0,bcap_swing__mlb_2023__20260909__r01,BCAP-SWING-v0.1.0,swing,2023,COMPLETE,fixed_development_policy_external_crossfit_nuisance_OPE,season-weighted final PA W per selected current decision; no summed PA policy gain,Q/value/delta/gain: raw W; outcome MSE: W^2; probabilities/coverage: fraction; sample counts: explicit rows/PA/games,Take_adjudicated,Swing_offer_including_bunts,3-0,OUT,NFB,fixed_score_sensitivity,,,,
cell,3-1|BOUNDARY|FB,untrimmed,3279.0,1.0,0.4474506664196492,0.3689086522135534,-0.0785420142060958,True,,,,bcap_swing__mlb_2023__20260909__r01,BCAP-SWING-v0.1.0,swing,2023,COMPLETE,fixed_development_policy_external_crossfit_nuisance_OPE,season-weighted final PA W per selected current decision; no summed PA policy gain,Q/value/delta/gain: raw W; outcome MSE: W^2; probabilities/coverage: fraction; sample counts: explicit rows/PA/games,Take_adjudicated,Swing_offer_including_bunts,3-1,BOUNDARY,FB,fixed_score_sensitivity,,,,
cell,3-1|BOUNDARY|FB,trim_002,3259.0,0.9939005794449528,0.4463140504947535,0.3703317741122741,-0.0759822763824794,True,,,,bcap_swing__mlb_2023__20260909__r01,BCAP-SWING-v0.1.0,swing,2023,COMPLETE,fixed_development_policy_external_crossfit_nuisance_OPE,season-weighted final PA W per selected current decision; no summed PA policy gain,Q/value/delta/gain: raw W; outcome MSE: W^2; probabilities/coverage: fraction; sample counts: explicit rows/PA/games,Take_adjudicated,Swing_offer_including_bunts,3-1,BOUNDARY,FB,fixed_score_sensitivity,,,,
cell,3-1|BOUNDARY|FB,trim_005,3259.0,0.9939005794449528,0.4463140504947535,0.3703317741122741,-0.0759822763824794,False,,,,bcap_swing__mlb_2023__20260909__r01,BCAP-SWING-v0.1.0,swing,2023,COMPLETE,fixed_development_policy_external_crossfit_nuisance_OPE,season-weighted final PA W per selected current decision; no summed PA policy gain,Q/value/delta/gain: raw W; outcome MSE: W^2; probabilities/coverage: fraction; sample counts: explicit rows/PA/games,Take_adjudicated,Swing_offer_including_bunts,3-1,BOUNDARY,FB,fixed_score_sensitivity,,,,
cell,3-1|BOUNDARY|FB,trim_010,3259.0,0.9939005794449528,0.4463140504947535,0.3703317741122741,-0.0759822763824794,True,,,,bcap_swing__mlb_2023__20260909__r01,BCAP-SWING-v0.1.0,swing,2023,COMPLETE,fixed_development_policy_external_crossfit_nuisance_OPE,season-weighted final PA W per selected current decision; no summed PA policy gain,Q/value/delta/gain: raw W; outcome MSE: W^2; probabilities/coverage: fraction; sample counts: explicit rows/PA/games,Take_adjudicated,Swing_offer_including_bunts,3-1,BOUNDARY,FB,fixed_score_sensitivity,,,,
cell,3-1|BOUNDARY|FB,clip_010_same_target,3259.0,0.9939005794449528,0.4463140504947535,0.3703317741122741,-0.0759822763824794,False,,,,bcap_swing__mlb_2023__20260909__r01,BCAP-SWING-v0.1.0,swing,2023,COMPLETE,fixed_development_policy_external_crossfit_nuisance_OPE,season-weighted final PA W per selected current decision; no summed PA policy gain,Q/value/delta/gain: raw W; outcome MSE: W^2; probabilities/coverage: fraction; sample counts: explicit rows/PA/games,Take_adjudicated,Swing_offer_including_bunts,3-1,BOUNDARY,FB,fixed_score_sensitivity,,,,
cell,3-1|BOUNDARY|FB,first_count_visit,3259.0,0.9939005794449528,0.4463140504947535,0.3703317741122741,-0.0759822763824794,True,,,,bcap_swing__mlb_2023__20260909__r01,BCAP-SWING-v0.1.0,swing,2023,COMPLETE,fixed_development_policy_external_crossfit_nuisance_OPE,season-weighted final PA W per selected current decision; no summed PA policy gain,Q/value/delta/gain: raw W; outcome MSE: W^2; probabilities/coverage: fraction; sample counts: explicit rows/PA/games,Take_adjudicated,Swing_offer_including_bunts,3-1,BOUNDARY,FB,fixed_score_sensitivity,,,,
cell,3-1|BOUNDARY|FB,fixed_score_cluster_pitcher,3259.0,,,,-0.0759822763824794,False,-0.1477411129263307,-0.0042234398386282,665.0,bcap_swing__mlb_2023__20260909__r01,BCAP-SWING-v0.1.0,swing,2023,COMPLETE,fixed_development_policy_external_crossfit_nuisance_OPE,season-weighted final PA W per selected current decision; no summed PA policy gain,Q/value/delta/gain: raw W; outcome MSE: W^2; probabilities/coverage: fraction; sample counts: explicit rows/PA/games,Take_adjudicated,Swing_offer_including_bunts,3-1,BOUNDARY,FB,fixed_score_sensitivity,,,,
cell,3-1|BOUNDARY|FB,fixed_score_cluster_batter,3259.0,,,,-0.0759822763824794,False,-0.1446635315826686,-0.0073010211822903,517.0,bcap_swing__mlb_2023__20260909__r01,BCAP-SWING-v0.1.0,swing,2023,COMPLETE,fixed_development_policy_external_crossfit_nuisance_OPE,season-weighted final PA W per selected current decision; no summed PA policy gain,Q/value/delta/gain: raw W; outcome MSE: W^2; probabilities/coverage: fraction; sample counts: explicit rows/PA/games,Take_adjudicated,Swing_offer_including_bunts,3-1,BOUNDARY,FB,fixed_score_sensitivity,,,,
cell,3-1|BOUNDARY|NFB,untrimmed,876.0,1.0,0.4612169889845798,0.3713579604754309,-0.0898590285091489,True,,,,bcap_swing__mlb_2023__20260909__r01,BCAP-SWING-v0.1.0,swing,2023,COMPLETE,fixed_development_policy_external_crossfit_nuisance_OPE,season-weighted final PA W per selected current decision; no summed PA policy gain,Q/value/delta/gain: raw W; outcome MSE: W^2; probabilities/coverage: fraction; sample counts: explicit rows/PA/games,Take_adjudicated,Swing_offer_including_bunts,3-1,BOUNDARY,NFB,fixed_score_sensitivity,,,,
cell,3-1|BOUNDARY|NFB,trim_002,871.0,0.9942922374429224,0.4615674769147035,0.3713808695680625,-0.0901866073466409,True,,,,bcap_swing__mlb_2023__20260909__r01,BCAP-SWING-v0.1.0,swing,2023,COMPLETE,fixed_development_policy_external_crossfit_nuisance_OPE,season-weighted final PA W per selected current decision; no summed PA policy gain,Q/value/delta/gain: raw W; outcome MSE: W^2; probabilities/coverage: fraction; sample counts: explicit rows/PA/games,Take_adjudicated,Swing_offer_including_bunts,3-1,BOUNDARY,NFB,fixed_score_sensitivity,,,,
cell,3-1|BOUNDARY|NFB,trim_005,871.0,0.9942922374429224,0.4615674769147035,0.3713808695680625,-0.0901866073466409,False,,,,bcap_swing__mlb_2023__20260909__r01,BCAP-SWING-v0.1.0,swing,2023,COMPLETE,fixed_development_policy_external_crossfit_nuisance_OPE,season-weighted final PA W per selected current decision; no summed PA policy gain,Q/value/delta/gain: raw W; outcome MSE: W^2; probabilities/coverage: fraction; sample counts: explicit rows/PA/games,Take_adjudicated,Swing_offer_including_bunts,3-1,BOUNDARY,NFB,fixed_score_sensitivity,,,,
cell,3-1|BOUNDARY|NFB,trim_010,871.0,0.9942922374429224,0.4615674769147035,0.3713808695680625,-0.0901866073466409,True,,,,bcap_swing__mlb_2023__20260909__r01,BCAP-SWING-v0.1.0,swing,2023,COMPLETE,fixed_development_policy_external_crossfit_nuisance_OPE,season-weighted final PA W per selected current decision; no summed PA policy gain,Q/value/delta/gain: raw W; outcome MSE: W^2; probabilities/coverage: fraction; sample counts: explicit rows/PA/games,Take_adjudicated,Swing_offer_including_bunts,3-1,BOUNDARY,NFB,fixed_score_sensitivity,,,,
cell,3-1|BOUNDARY|NFB,clip_010_same_target,871.0,0.9942922374429224,0.4615674769147035,0.3713808695680625,-0.0901866073466409,False,,,,bcap_swing__mlb_2023__20260909__r01,BCAP-SWING-v0.1.0,swing,2023,COMPLETE,fixed_development_policy_external_crossfit_nuisance_OPE,season-weighted final PA W per selected current decision; no summed PA policy gain,Q/value/delta/gain: raw W; outcome MSE: W^2; probabilities/coverage: fraction; sample counts: explicit rows/PA/games,Take_adjudicated,Swing_offer_including_bunts,3-1,BOUNDARY,NFB,fixed_score_sensitivity,,,,
cell,3-1|BOUNDARY|NFB,first_count_visit,871.0,0.9942922374429224,0.4615674769147035,0.3713808695680625,-0.0901866073466409,True,,,,bcap_swing__mlb_2023__20260909__r01,BCAP-SWING-v0.1.0,swing,2023,COMPLETE,fixed_development_policy_external_crossfit_nuisance_OPE,season-weighted final PA W per selected current decision; no summed PA policy gain,Q/value/delta/gain: raw W; outcome MSE: W^2; probabilities/coverage: fraction; sample counts: explicit rows/PA/games,Take_adjudicated,Swing_offer_including_bunts,3-1,BOUNDARY,NFB,fixed_score_sensitivity,,,,
cell,3-1|BOUNDARY|NFB,fixed_score_cluster_pitcher,871.0,,,,-0.0901866073466409,False,-0.2278382337836241,0.0474650190903421,380.0,bcap_swing__mlb_2023__20260909__r01,BCAP-SWING-v0.1.0,swing,2023,COMPLETE,fixed_development_policy_external_crossfit_nuisance_OPE,season-weighted final PA W per selected current decision; no summed PA policy gain,Q/value/delta/gain: raw W; outcome MSE: W^2; probabilities/coverage: fraction; sample counts: explicit rows/PA/games,Take_adjudicated,Swing_offer_including_bunts,3-1,BOUNDARY,NFB,fixed_score_sensitivity,,,,
cell,3-1|BOUNDARY|NFB,fixed_score_cluster_batter,871.0,,,,-0.0901866073466409,False,-0.227907717482471,0.047534502789189,370.0,bcap_swing__mlb_2023__20260909__r01,BCAP-SWING-v0.1.0,swing,2023,COMPLETE,fixed_development_policy_external_crossfit_nuisance_OPE,season-weighted final PA W per selected current decision; no summed PA policy gain,Q/value/delta/gain: raw W; outcome MSE: W^2; probabilities/coverage: fraction; sample counts: explicit rows/PA/games,Take_adjudicated,Swing_offer_including_bunts,3-1,BOUNDARY,NFB,fixed_score_sensitivity,,,,
cell,3-1|INNER|FB,untrimmed,4578.0,1.0,0.3702964509737937,0.4058045067632772,0.0355080557894834,True,,,,bcap_swing__mlb_2023__20260909__r01,BCAP-SWING-v0.1.0,swing,2023,COMPLETE,fixed_development_policy_external_crossfit_nuisance_OPE,season-weighted final PA W per selected current decision; no summed PA policy gain,Q/value/delta/gain: raw W; outcome MSE: W^2; probabilities/coverage: fraction; sample counts: explicit rows/PA/games,Take_adjudicated,Swing_offer_including_bunts,3-1,INNER,FB,fixed_score_sensitivity,,,,
cell,3-1|INNER|FB,trim_002,4552.0,0.9943206640454348,0.3704447715233427,0.406594037167251,0.0361492656439082,True,,,,bcap_swing__mlb_2023__20260909__r01,BCAP-SWING-v0.1.0,swing,2023,COMPLETE,fixed_development_policy_external_crossfit_nuisance_OPE,season-weighted final PA W per selected current decision; no summed PA policy gain,Q/value/delta/gain: raw W; outcome MSE: W^2; probabilities/coverage: fraction; sample counts: explicit rows/PA/games,Take_adjudicated,Swing_offer_including_bunts,3-1,INNER,FB,fixed_score_sensitivity,,,,
cell,3-1|INNER|FB,trim_005,4549.0,0.9936653560506772,0.3704190567130234,0.4066713852944165,0.036252328581393,False,,,,bcap_swing__mlb_2023__20260909__r01,BCAP-SWING-v0.1.0,swing,2023,COMPLETE,fixed_development_policy_external_crossfit_nuisance_OPE,season-weighted final PA W per selected current decision; no summed PA policy gain,Q/value/delta/gain: raw W; outcome MSE: W^2; probabilities/coverage: fraction; sample counts: explicit rows/PA/games,Take_adjudicated,Swing_offer_including_bunts,3-1,INNER,FB,fixed_score_sensitivity,,,,
cell,3-1|INNER|FB,trim_010,3958.0,0.8645696810834426,0.3597897747817482,0.4016118769721836,0.0418221021904355,True,,,,bcap_swing__mlb_2023__20260909__r01,BCAP-SWING-v0.1.0,swing,2023,COMPLETE,fixed_development_policy_external_crossfit_nuisance_OPE,season-weighted final PA W per selected current decision; no summed PA policy gain,Q/value/delta/gain: raw W; outcome MSE: W^2; probabilities/coverage: fraction; sample counts: explicit rows/PA/games,Take_adjudicated,Swing_offer_including_bunts,3-1,INNER,FB,fixed_score_sensitivity,,,,
cell,3-1|INNER|FB,clip_010_same_target,4549.0,0.9936653560506772,0.3690394898590352,0.4067566547716413,0.0377171649126061,False,,,,bcap_swing__mlb_2023__20260909__r01,BCAP-SWING-v0.1.0,swing,2023,COMPLETE,fixed_development_policy_external_crossfit_nuisance_OPE,season-weighted final PA W per selected current decision; no summed PA policy gain,Q/value/delta/gain: raw W; outcome MSE: W^2; probabilities/coverage: fraction; sample counts: explicit rows/PA/games,Take_adjudicated,Swing_offer_including_bunts,3-1,INNER,FB,fixed_score_sensitivity,,,,
cell,3-1|INNER|FB,first_count_visit,4549.0,0.9936653560506772,0.3704190567130234,0.4066713852944165,0.036252328581393,True,,,,bcap_swing__mlb_2023__20260909__r01,BCAP-SWING-v0.1.0,swing,2023,COMPLETE,fixed_development_policy_external_crossfit_nuisance_OPE,season-weighted final PA W per selected current decision; no summed PA policy gain,Q/value/delta/gain: raw W; outcome MSE: W^2; probabilities/coverage: fraction; sample counts: explicit rows/PA/games,Take_adjudicated,Swing_offer_including_bunts,3-1,INNER,FB,fixed_score_sensitivity,,,,
cell,3-1|INNER|FB,fixed_score_cluster_pitcher,4549.0,,,,0.036252328581393,False,-0.0526130808830478,0.1251177380458339,694.0,bcap_swing__mlb_2023__20260909__r01,BCAP-SWING-v0.1.0,swing,2023,COMPLETE,fixed_development_policy_external_crossfit_nuisance_OPE,season-weighted final PA W per selected current decision; no summed PA policy gain,Q/value/delta/gain: raw W; outcome MSE: W^2; probabilities/coverage: fraction; sample counts: explicit rows/PA/games,Take_adjudicated,Swing_offer_including_bunts,3-1,INNER,FB,fixed_score_sensitivity,,,,
cell,3-1|INNER|FB,fixed_score_cluster_batter,4549.0,,,,0.036252328581393,False,-0.0512190398401965,0.1237236970029826,550.0,bcap_swing__mlb_2023__20260909__r01,BCAP-SWING-v0.1.0,swing,2023,COMPLETE,fixed_development_policy_external_crossfit_nuisance_OPE,season-weighted final PA W per selected current decision; no summed PA policy gain,Q/value/delta/gain: raw W; outcome MSE: W^2; probabilities/coverage: fraction; sample counts: explicit rows/PA/games,Take_adjudicated,Swing_offer_including_bunts,3-1,INNER,FB,fixed_score_sensitivity,,,,
cell,3-1|INNER|NFB,untrimmed,1116.0,1.0,0.3434732545749334,0.4399997200528516,0.0965264654779181,True,,,,bcap_swing__mlb_2023__20260909__r01,BCAP-SWING-v0.1.0,swing,2023,COMPLETE,fixed_development_policy_external_crossfit_nuisance_OPE,season-weighted final PA W per selected current decision; no summed PA policy gain,Q/value/delta/gain: raw W; outcome MSE: W^2; probabilities/coverage: fraction; sample counts: explicit rows/PA/games,Take_adjudicated,Swing_offer_including_bunts,3-1,INNER,NFB,fixed_score_sensitivity,,,,
cell,3-1|INNER|NFB,trim_002,1113.0,0.9973118279569892,0.3432239175412698,0.4406736696430036,0.0974497521017337,True,,,,bcap_swing__mlb_2023__20260909__r01,BCAP-SWING-v0.1.0,swing,2023,COMPLETE,fixed_development_policy_external_crossfit_nuisance_OPE,season-weighted final PA W per selected current decision; no summed PA policy gain,Q/value/delta/gain: raw W; outcome MSE: W^2; probabilities/coverage: fraction; sample counts: explicit rows/PA/games,Take_adjudicated,Swing_offer_including_bunts,3-1,INNER,NFB,fixed_score_sensitivity,,,,
cell,3-1|INNER|NFB,trim_005,1113.0,0.9973118279569892,0.3432239175412698,0.4406736696430036,0.0974497521017337,False,,,,bcap_swing__mlb_2023__20260909__r01,BCAP-SWING-v0.1.0,swing,2023,COMPLETE,fixed_development_policy_external_crossfit_nuisance_OPE,season-weighted final PA W per selected current decision; no summed PA policy gain,Q/value/delta/gain: raw W; outcome MSE: W^2; probabilities/coverage: fraction; sample counts: explicit rows/PA/games,Take_adjudicated,Swing_offer_including_bunts,3-1,INNER,NFB,fixed_score_sensitivity,,,,
cell,3-1|INNER|NFB,trim_010,1112.0,0.996415770609319,0.3431673276802323,0.4411047570817582,0.0979374294015259,True,,,,bcap_swing__mlb_2023__20260909__r01,BCAP-SWING-v0.1.0,swing,2023,COMPLETE,fixed_development_policy_external_crossfit_nuisance_OPE,season-weighted final PA W per selected current decision; no summed PA policy gain,Q/value/delta/gain: raw W; outcome MSE: W^2; probabilities/coverage: fraction; sample counts: explicit rows/PA/games,Take_adjudicated,Swing_offer_including_bunts,3-1,INNER,NFB,fixed_score_sensitivity,,,,
cell,3-1|INNER|NFB,clip_010_same_target,1113.0,0.9973118279569892,0.3432239175412698,0.4406729181079477,0.0974490005666778,False,,,,bcap_swing__mlb_2023__20260909__r01,BCAP-SWING-v0.1.0,swing,2023,COMPLETE,fixed_development_policy_external_crossfit_nuisance_OPE,season-weighted final PA W per selected current decision; no summed PA policy gain,Q/value/delta/gain: raw W; outcome MSE: W^2; probabilities/coverage: fraction; sample counts: explicit rows/PA/games,Take_adjudicated,Swing_offer_including_bunts,3-1,INNER,NFB,fixed_score_sensitivity,,,,
cell,3-1|INNER|NFB,first_count_visit,1113.0,0.9973118279569892,0.3432239175412698,0.4406736696430036,0.0974497521017337,True,,,,bcap_swing__mlb_2023__20260909__r01,BCAP-SWING-v0.1.0,swing,2023,COMPLETE,fixed_development_policy_external_crossfit_nuisance_OPE,season-weighted final PA W per selected current decision; no summed PA policy gain,Q/value/delta/gain: raw W; outcome MSE: W^2; probabilities/coverage: fraction; sample counts: explicit rows/PA/games,Take_adjudicated,Swing_offer_including_bunts,3-1,INNER,NFB,fixed_score_sensitivity,,,,
cell,3-1|INNER|NFB,fixed_score_cluster_pitcher,1113.0,,,,0.0974497521017337,False,-0.0428739944727242,0.2377734986761916,414.0,bcap_swing__mlb_2023__20260909__r01,BCAP-SWING-v0.1.0,swing,2023,COMPLETE,fixed_development_policy_external_crossfit_nuisance_OPE,season-weighted final PA W per selected current decision; no summed PA policy gain,Q/value/delta/gain: raw W; outcome MSE: W^2; probabilities/coverage: fraction; sample counts: explicit rows/PA/games,Take_adjudicated,Swing_offer_including_bunts,3-1,INNER,NFB,fixed_score_sensitivity,,,,
cell,3-1|INNER|NFB,fixed_score_cluster_batter,1113.0,,,,0.0974497521017337,False,-0.0387469064080173,0.2336464106114847,386.0,bcap_swing__mlb_2023__20260909__r01,BCAP-SWING-v0.1.0,swing,2023,COMPLETE,fixed_development_policy_external_crossfit_nuisance_OPE,season-weighted final PA W per selected current decision; no summed PA policy gain,Q/value/delta/gain: raw W; outcome MSE: W^2; probabilities/coverage: fraction; sample counts: explicit rows/PA/games,Take_adjudicated,Swing_offer_including_bunts,3-1,INNER,NFB,fixed_score_sensitivity,,,,
cell,3-1|OUT|FB,untrimmed,4182.0,1.0,0.6689277505351165,0.3339248841285308,-0.3350028664065857,True,,,,bcap_swing__mlb_2023__20260909__r01,BCAP-SWING-v0.1.0,swing,2023,COMPLETE,fixed_development_policy_external_crossfit_nuisance_OPE,season-weighted final PA W per selected current decision; no summed PA policy gain,Q/value/delta/gain: raw W; outcome MSE: W^2; probabilities/coverage: fraction; sample counts: explicit rows/PA/games,Take_adjudicated,Swing_offer_including_bunts,3-1,OUT,FB,fixed_score_sensitivity,,,,
cell,3-1|OUT|FB,trim_002,4117.0,0.9844571975131516,0.6688621735483824,0.3249558251502101,-0.3439063483981723,True,,,,bcap_swing__mlb_2023__20260909__r01,BCAP-SWING-v0.1.0,swing,2023,COMPLETE,fixed_development_policy_external_crossfit_nuisance_OPE,season-weighted final PA W per selected current decision; no summed PA policy gain,Q/value/delta/gain: raw W; outcome MSE: W^2; probabilities/coverage: fraction; sample counts: explicit rows/PA/games,Take_adjudicated,Swing_offer_including_bunts,3-1,OUT,FB,fixed_score_sensitivity,,,,
cell,3-1|OUT|FB,trim_005,3929.0,0.9395026303204208,0.6674001615263696,0.3272901612325119,-0.3401100002938577,False,,,,bcap_swing__mlb_2023__20260909__r01,BCAP-SWING-v0.1.0,swing,2023,COMPLETE,fixed_development_policy_external_crossfit_nuisance_OPE,season-weighted final PA W per selected current decision; no summed PA policy gain,Q/value/delta/gain: raw W; outcome MSE: W^2; probabilities/coverage: fraction; sample counts: explicit rows/PA/games,Take_adjudicated,Swing_offer_including_bunts,3-1,OUT,FB,fixed_score_sensitivity,,,,
cell,3-1|OUT|FB,trim_010,3314.0,0.7924438067910091,0.6615409133435523,0.3351706838163701,-0.3263702295271821,True,,,,bcap_swing__mlb_2023__20260909__r01,BCAP-SWING-v0.1.0,swing,2023,COMPLETE,fixed_development_policy_external_crossfit_nuisance_OPE,season-weighted final PA W per selected current decision; no summed PA policy gain,Q/value/delta/gain: raw W; outcome MSE: W^2; probabilities/coverage: fraction; sample counts: explicit rows/PA/games,Take_adjudicated,Swing_offer_including_bunts,3-1,OUT,FB,fixed_score_sensitivity,,,,
cell,3-1|OUT|FB,clip_010_same_target,3929.0,0.9395026303204208,0.6676650113882593,0.3282143903769981,-0.3394506210112611,False,,,,bcap_swing__mlb_2023__20260909__r01,BCAP-SWING-v0.1.0,swing,2023,COMPLETE,fixed_development_policy_external_crossfit_nuisance_OPE,season-weighted final PA W per selected current decision; no summed PA policy gain,Q/value/delta/gain: raw W; outcome MSE: W^2; probabilities/coverage: fraction; sample counts: explicit rows/PA/games,Take_adjudicated,Swing_offer_including_bunts,3-1,OUT,FB,fixed_score_sensitivity,,,,
cell,3-1|OUT|FB,first_count_visit,3929.0,0.9395026303204208,0.6674001615263696,0.3272901612325119,-0.3401100002938577,True,,,,bcap_swing__mlb_2023__20260909__r01,BCAP-SWING-v0.1.0,swing,2023,COMPLETE,fixed_development_policy_external_crossfit_nuisance_OPE,season-weighted final PA W per selected current decision; no summed PA policy gain,Q/value/delta/gain: raw W; outcome MSE: W^2; probabilities/coverage: fraction; sample counts: explicit rows/PA/games,Take_adjudicated,Swing_offer_including_bunts,3-1,OUT,FB,fixed_score_sensitivity,,,,
cell,3-1|OUT|FB,fixed_score_cluster_pitcher,3929.0,,,,-0.3401100002938577,False,-0.4087816529078538,-0.2714383476798616,683.0,bcap_swing__mlb_2023__20260909__r01,BCAP-SWING-v0.1.0,swing,2023,COMPLETE,fixed_development_policy_external_crossfit_nuisance_OPE,season-weighted final PA W per selected current decision; no summed PA policy gain,Q/value/delta/gain: raw W; outcome MSE: W^2; probabilities/coverage: fraction; sample counts: explicit rows/PA/games,Take_adjudicated,Swing_offer_including_bunts,3-1,OUT,FB,fixed_score_sensitivity,,,,
cell,3-1|OUT|FB,fixed_score_cluster_batter,3929.0,,,,-0.3401100002938577,False,-0.414011953977401,-0.2662080466103144,539.0,bcap_swing__mlb_2023__20260909__r01,BCAP-SWING-v0.1.0,swing,2023,COMPLETE,fixed_development_policy_external_crossfit_nuisance_OPE,season-weighted final PA W per selected current decision; no summed PA policy gain,Q/value/delta/gain: raw W; outcome MSE: W^2; probabilities/coverage: fraction; sample counts: explicit rows/PA/games,Take_adjudicated,Swing_offer_including_bunts,3-1,OUT,FB,fixed_score_sensitivity,,,,
cell,3-1|OUT|NFB,untrimmed,1524.0,1.0,0.6725882683301184,0.3816285022338973,-0.2909597660962211,True,,,,bcap_swing__mlb_2023__20260909__r01,BCAP-SWING-v0.1.0,swing,2023,COMPLETE,fixed_development_policy_external_crossfit_nuisance_OPE,season-weighted final PA W per selected current decision; no summed PA policy gain,Q/value/delta/gain: raw W; outcome MSE: W^2; probabilities/coverage: fraction; sample counts: explicit rows/PA/games,Take_adjudicated,Swing_offer_including_bunts,3-1,OUT,NFB,fixed_score_sensitivity,,,,
cell,3-1|OUT|NFB,trim_002,1510.0,0.9908136482939632,0.6726024956873475,0.3641553217217775,-0.30844717396557,True,,,,bcap_swing__mlb_2023__20260909__r01,BCAP-SWING-v0.1.0,swing,2023,COMPLETE,fixed_development_policy_external_crossfit_nuisance_OPE,season-weighted final PA W per selected current decision; no summed PA policy gain,Q/value/delta/gain: raw W; outcome MSE: W^2; probabilities/coverage: fraction; sample counts: explicit rows/PA/games,Take_adjudicated,Swing_offer_including_bunts,3-1,OUT,NFB,fixed_score_sensitivity,,,,
cell,3-1|OUT|NFB,trim_005,1456.0,0.9553805774278216,0.6716763641625944,0.3707802757173003,-0.300896088445294,False,,,,bcap_swing__mlb_2023__20260909__r01,BCAP-SWING-v0.1.0,swing,2023,COMPLETE,fixed_development_policy_external_crossfit_nuisance_OPE,season-weighted final PA W per selected current decision; no summed PA policy gain,Q/value/delta/gain: raw W; outcome MSE: W^2; probabilities/coverage: fraction; sample counts: explicit rows/PA/games,Take_adjudicated,Swing_offer_including_bunts,3-1,OUT,NFB,fixed_score_sensitivity,,,,
cell,3-1|OUT|NFB,trim_010,1346.0,0.8832020997375328,0.6695927419987707,0.3676563096829082,-0.3019364323158626,True,,,,bcap_swing__mlb_2023__20260909__r01,BCAP-SWING-v0.1.0,swing,2023,COMPLETE,fixed_development_policy_external_crossfit_nuisance_OPE,season-weighted final PA W per selected current decision; no summed PA policy gain,Q/value/delta/gain: raw W; outcome MSE: W^2; probabilities/coverage: fraction; sample counts: explicit rows/PA/games,Take_adjudicated,Swing_offer_including_bunts,3-1,OUT,NFB,fixed_score_sensitivity,,,,
cell,3-1|OUT|NFB,clip_010_same_target,1456.0,0.9553805774278216,0.6718342953088092,0.3676462410865305,-0.3041880542222788,False,,,,bcap_swing__mlb_2023__20260909__r01,BCAP-SWING-v0.1.0,swing,2023,COMPLETE,fixed_development_policy_external_crossfit_nuisance_OPE,season-weighted final PA W per selected current decision; no summed PA policy gain,Q/value/delta/gain: raw W; outcome MSE: W^2; probabilities/coverage: fraction; sample counts: explicit rows/PA/games,Take_adjudicated,Swing_offer_including_bunts,3-1,OUT,NFB,fixed_score_sensitivity,,,,
cell,3-1|OUT|NFB,first_count_visit,1456.0,0.9553805774278216,0.6716763641625944,0.3707802757173003,-0.300896088445294,True,,,,bcap_swing__mlb_2023__20260909__r01,BCAP-SWING-v0.1.0,swing,2023,COMPLETE,fixed_development_policy_external_crossfit_nuisance_OPE,season-weighted final PA W per selected current decision; no summed PA policy gain,Q/value/delta/gain: raw W; outcome MSE: W^2; probabilities/coverage: fraction; sample counts: explicit rows/PA/games,Take_adjudicated,Swing_offer_including_bunts,3-1,OUT,NFB,fixed_score_sensitivity,,,,
cell,3-1|OUT|NFB,fixed_score_cluster_pitcher,1456.0,,,,-0.300896088445294,False,-0.4135052600678515,-0.1882869168227364,479.0,bcap_swing__mlb_2023__20260909__r01,BCAP-SWING-v0.1.0,swing,2023,COMPLETE,fixed_development_policy_external_crossfit_nuisance_OPE,season-weighted final PA W per selected current decision; no summed PA policy gain,Q/value/delta/gain: raw W; outcome MSE: W^2; probabilities/coverage: fraction; sample counts: explicit rows/PA/games,Take_adjudicated,Swing_offer_including_bunts,3-1,OUT,NFB,fixed_score_sensitivity,,,,
cell,3-1|OUT|NFB,fixed_score_cluster_batter,1456.0,,,,-0.300896088445294,False,-0.4068879406442777,-0.1949042362463102,416.0,bcap_swing__mlb_2023__20260909__r01,BCAP-SWING-v0.1.0,swing,2023,COMPLETE,fixed_development_policy_external_crossfit_nuisance_OPE,season-weighted final PA W per selected current decision; no summed PA policy gain,Q/value/delta/gain: raw W; outcome MSE: W^2; probabilities/coverage: fraction; sample counts: explicit rows/PA/games,Take_adjudicated,Swing_offer_including_bunts,3-1,OUT,NFB,fixed_score_sensitivity,,,,
cell,3-2|BOUNDARY|FB,untrimmed,6001.0,1.0,0.1700605682764723,0.3108812435315328,0.1408206752550605,True,,,,bcap_swing__mlb_2023__20260909__r01,BCAP-SWING-v0.1.0,swing,2023,COMPLETE,fixed_development_policy_external_crossfit_nuisance_OPE,season-weighted final PA W per selected current decision; no summed PA policy gain,Q/value/delta/gain: raw W; outcome MSE: W^2; probabilities/coverage: fraction; sample counts: explicit rows/PA/games,Take_adjudicated,Swing_offer_including_bunts,3-2,BOUNDARY,FB,fixed_score_sensitivity,,,,
cell,3-2|BOUNDARY|FB,trim_002,5963.0,0.9936677220463256,0.1698175325979448,0.3114003022394738,0.1415827696415289,True,,,,bcap_swing__mlb_2023__20260909__r01,BCAP-SWING-v0.1.0,swing,2023,COMPLETE,fixed_development_policy_external_crossfit_nuisance_OPE,season-weighted final PA W per selected current decision; no summed PA policy gain,Q/value/delta/gain: raw W; outcome MSE: W^2; probabilities/coverage: fraction; sample counts: explicit rows/PA/games,Take_adjudicated,Swing_offer_including_bunts,3-2,BOUNDARY,FB,fixed_score_sensitivity,,,,
cell,3-2|BOUNDARY|FB,trim_005,5955.0,0.9923346108981836,0.1696333043802113,0.3116198874036758,0.1419865830234644,False,,,,bcap_swing__mlb_2023__20260909__r01,BCAP-SWING-v0.1.0,swing,2023,COMPLETE,fixed_development_policy_external_crossfit_nuisance_OPE,season-weighted final PA W per selected current decision; no summed PA policy gain,Q/value/delta/gain: raw W; outcome MSE: W^2; probabilities/coverage: fraction; sample counts: explicit rows/PA/games,Take_adjudicated,Swing_offer_including_bunts,3-2,BOUNDARY,FB,fixed_score_sensitivity,,,,
cell,3-2|BOUNDARY|FB,trim_010,5341.0,0.8900183302782869,0.173104627858681,0.3101454939227644,0.1370408660640833,True,,,,bcap_swing__mlb_2023__20260909__r01,BCAP-SWING-v0.1.0,swing,2023,COMPLETE,fixed_development_policy_external_crossfit_nuisance_OPE,season-weighted final PA W per selected current decision; no summed PA policy gain,Q/value/delta/gain: raw W; outcome MSE: W^2; probabilities/coverage: fraction; sample counts: explicit rows/PA/games,Take_adjudicated,Swing_offer_including_bunts,3-2,BOUNDARY,FB,fixed_score_sensitivity,,,,
cell,3-2|BOUNDARY|FB,clip_010_same_target,5955.0,0.9923346108981836,0.171962970063327,0.3116089072589129,0.1396459371955858,False,,,,bcap_swing__mlb_2023__20260909__r01,BCAP-SWING-v0.1.0,swing,2023,COMPLETE,fixed_development_policy_external_crossfit_nuisance_OPE,season-weighted final PA W per selected current decision; no summed PA policy gain,Q/value/delta/gain: raw W; outcome MSE: W^2; probabilities/coverage: fraction; sample counts: explicit rows/PA/games,Take_adjudicated,Swing_offer_including_bunts,3-2,BOUNDARY,FB,fixed_score_sensitivity,,,,
cell,3-2|BOUNDARY|FB,first_count_visit,5516.0,0.9191801366438926,0.1656536455935816,0.3151438614387752,0.1494902158451935,True,,,,bcap_swing__mlb_2023__20260909__r01,BCAP-SWING-v0.1.0,swing,2023,COMPLETE,fixed_development_policy_external_crossfit_nuisance_OPE,season-weighted final PA W per selected current decision; no summed PA policy gain,Q/value/delta/gain: raw W; outcome MSE: W^2; probabilities/coverage: fraction; sample counts: explicit rows/PA/games,Take_adjudicated,Swing_offer_including_bunts,3-2,BOUNDARY,FB,fixed_score_sensitivity,,,,
cell,3-2|BOUNDARY|FB,fixed_score_cluster_pitcher,5955.0,,,,0.1419865830234644,False,0.0820914070982636,0.2018817589486652,701.0,bcap_swing__mlb_2023__20260909__r01,BCAP-SWING-v0.1.0,swing,2023,COMPLETE,fixed_development_policy_external_crossfit_nuisance_OPE,season-weighted final PA W per selected current decision; no summed PA policy gain,Q/value/delta/gain: raw W; outcome MSE: W^2; probabilities/coverage: fraction; sample counts: explicit rows/PA/games,Take_adjudicated,Swing_offer_including_bunts,3-2,BOUNDARY,FB,fixed_score_sensitivity,,,,
cell,3-2|BOUNDARY|FB,fixed_score_cluster_batter,5955.0,,,,0.1419865830234644,False,0.0814794157097272,0.2024937503372016,558.0,bcap_swing__mlb_2023__20260909__r01,BCAP-SWING-v0.1.0,swing,2023,COMPLETE,fixed_development_policy_external_crossfit_nuisance_OPE,season-weighted final PA W per selected current decision; no summed PA policy gain,Q/value/delta/gain: raw W; outcome MSE: W^2; probabilities/coverage: fraction; sample counts: explicit rows/PA/games,Take_adjudicated,Swing_offer_including_bunts,3-2,BOUNDARY,FB,fixed_score_sensitivity,,,,
cell,3-2|BOUNDARY|NFB,untrimmed,3418.0,1.0,0.1423350320200696,0.2677224448590615,0.1253874128389918,True,,,,bcap_swing__mlb_2023__20260909__r01,BCAP-SWING-v0.1.0,swing,2023,COMPLETE,fixed_development_policy_external_crossfit_nuisance_OPE,season-weighted final PA W per selected current decision; no summed PA policy gain,Q/value/delta/gain: raw W; outcome MSE: W^2; probabilities/coverage: fraction; sample counts: explicit rows/PA/games,Take_adjudicated,Swing_offer_including_bunts,3-2,BOUNDARY,NFB,fixed_score_sensitivity,,,,
cell,3-2|BOUNDARY|NFB,trim_002,3395.0,0.9932709186658863,0.1403727059015654,0.2678694447623919,0.1274967388608265,True,,,,bcap_swing__mlb_2023__20260909__r01,BCAP-SWING-v0.1.0,swing,2023,COMPLETE,fixed_development_policy_external_crossfit_nuisance_OPE,season-weighted final PA W per selected current decision; no summed PA policy gain,Q/value/delta/gain: raw W; outcome MSE: W^2; probabilities/coverage: fraction; sample counts: explicit rows/PA/games,Take_adjudicated,Swing_offer_including_bunts,3-2,BOUNDARY,NFB,fixed_score_sensitivity,,,,
cell,3-2|BOUNDARY|NFB,trim_005,3377.0,0.9880046811000586,0.1414320628281718,0.2676880904121535,0.1262560275839816,False,,,,bcap_swing__mlb_2023__20260909__r01,BCAP-SWING-v0.1.0,swing,2023,COMPLETE,fixed_development_policy_external_crossfit_nuisance_OPE,season-weighted final PA W per selected current decision; no summed PA policy gain,Q/value/delta/gain: raw W; outcome MSE: W^2; probabilities/coverage: fraction; sample counts: explicit rows/PA/games,Take_adjudicated,Swing_offer_including_bunts,3-2,BOUNDARY,NFB,fixed_score_sensitivity,,,,
cell,3-2|BOUNDARY|NFB,trim_010,2752.0,0.8051492100643651,0.1772391681167005,0.2655113274185471,0.0882721593018466,True,,,,bcap_swing__mlb_2023__20260909__r01,BCAP-SWING-v0.1.0,swing,2023,COMPLETE,fixed_development_policy_external_crossfit_nuisance_OPE,season-weighted final PA W per selected current decision; no summed PA policy gain,Q/value/delta/gain: raw W; outcome MSE: W^2; probabilities/coverage: fraction; sample counts: explicit rows/PA/games,Take_adjudicated,Swing_offer_including_bunts,3-2,BOUNDARY,NFB,fixed_score_sensitivity,,,,
cell,3-2|BOUNDARY|NFB,clip_010_same_target,3377.0,0.9880046811000586,0.1563118976233919,0.2676531722911041,0.1113412746677121,False,,,,bcap_swing__mlb_2023__20260909__r01,BCAP-SWING-v0.1.0,swing,2023,COMPLETE,fixed_development_policy_external_crossfit_nuisance_OPE,season-weighted final PA W per selected current decision; no summed PA policy gain,Q/value/delta/gain: raw W; outcome MSE: W^2; probabilities/coverage: fraction; sample counts: explicit rows/PA/games,Take_adjudicated,Swing_offer_including_bunts,3-2,BOUNDARY,NFB,fixed_score_sensitivity,,,,
cell,3-2|BOUNDARY|NFB,first_count_visit,3205.0,0.9376828554710356,0.1461549889943823,0.2663815640810069,0.1202265750866246,True,,,,bcap_swing__mlb_2023__20260909__r01,BCAP-SWING-v0.1.0,swing,2023,COMPLETE,fixed_development_policy_external_crossfit_nuisance_OPE,season-weighted final PA W per selected current decision; no summed PA policy gain,Q/value/delta/gain: raw W; outcome MSE: W^2; probabilities/coverage: fraction; sample counts: explicit rows/PA/games,Take_adjudicated,Swing_offer_including_bunts,3-2,BOUNDARY,NFB,fixed_score_sensitivity,,,,
cell,3-2|BOUNDARY|NFB,fixed_score_cluster_pitcher,3377.0,,,,0.1262560275839816,False,0.0419040302853806,0.2106080248825826,600.0,bcap_swing__mlb_2023__20260909__r01,BCAP-SWING-v0.1.0,swing,2023,COMPLETE,fixed_development_policy_external_crossfit_nuisance_OPE,season-weighted final PA W per selected current decision; no summed PA policy gain,Q/value/delta/gain: raw W; outcome MSE: W^2; probabilities/coverage: fraction; sample counts: explicit rows/PA/games,Take_adjudicated,Swing_offer_including_bunts,3-2,BOUNDARY,NFB,fixed_score_sensitivity,,,,
cell,3-2|BOUNDARY|NFB,fixed_score_cluster_batter,3377.0,,,,0.1262560275839816,False,0.0384712525481618,0.2140408026198014,514.0,bcap_swing__mlb_2023__20260909__r01,BCAP-SWING-v0.1.0,swing,2023,COMPLETE,fixed_development_policy_external_crossfit_nuisance_OPE,season-weighted final PA W per selected current decision; no summed PA policy gain,Q/value/delta/gain: raw W; outcome MSE: W^2; probabilities/coverage: fraction; sample counts: explicit rows/PA/games,Take_adjudicated,Swing_offer_including_bunts,3-2,BOUNDARY,NFB,fixed_score_sensitivity,,,,
cell,3-2|INNER|FB,untrimmed,8333.0,1.0,0.0939252321814773,0.3575742649257517,0.2636490327442743,True,,,,bcap_swing__mlb_2023__20260909__r01,BCAP-SWING-v0.1.0,swing,2023,COMPLETE,fixed_development_policy_external_crossfit_nuisance_OPE,season-weighted final PA W per selected current decision; no summed PA policy gain,Q/value/delta/gain: raw W; outcome MSE: W^2; probabilities/coverage: fraction; sample counts: explicit rows/PA/games,Take_adjudicated,Swing_offer_including_bunts,3-2,INNER,FB,fixed_score_sensitivity,,,,
cell,3-2|INNER|FB,trim_002,8268.0,0.9921996879875196,0.0939250789833095,0.3590844962895499,0.2651594173062405,True,,,,bcap_swing__mlb_2023__20260909__r01,BCAP-SWING-v0.1.0,swing,2023,COMPLETE,fixed_development_policy_external_crossfit_nuisance_OPE,season-weighted final PA W per selected current decision; no summed PA policy gain,Q/value/delta/gain: raw W; outcome MSE: W^2; probabilities/coverage: fraction; sample counts: explicit rows/PA/games,Take_adjudicated,Swing_offer_including_bunts,3-2,INNER,FB,fixed_score_sensitivity,,,,
cell,3-2|INNER|FB,trim_005,7491.0,0.8989559582383295,0.0884120210067125,0.36039790100586,0.2719858799991474,False,,,,bcap_swing__mlb_2023__20260909__r01,BCAP-SWING-v0.1.0,swing,2023,COMPLETE,fixed_development_policy_external_crossfit_nuisance_OPE,season-weighted final PA W per selected current decision; no summed PA policy gain,Q/value/delta/gain: raw W; outcome MSE: W^2; probabilities/coverage: fraction; sample counts: explicit rows/PA/games,Take_adjudicated,Swing_offer_including_bunts,3-2,INNER,FB,fixed_score_sensitivity,,,,
cell,3-2|INNER|FB,trim_010,2409.0,0.2890915636625465,0.0921374490577881,0.3483584579853798,0.2562210089275915,True,,,,bcap_swing__mlb_2023__20260909__r01,BCAP-SWING-v0.1.0,swing,2023,COMPLETE,fixed_development_policy_external_crossfit_nuisance_OPE,season-weighted final PA W per selected current decision; no summed PA policy gain,Q/value/delta/gain: raw W; outcome MSE: W^2; probabilities/coverage: fraction; sample counts: explicit rows/PA/games,Take_adjudicated,Swing_offer_including_bunts,3-2,INNER,FB,fixed_score_sensitivity,,,,
cell,3-2|INNER|FB,clip_010_same_target,7491.0,0.8989559582383295,0.1199578526416469,0.3605214145398941,0.2405635618982471,False,,,,bcap_swing__mlb_2023__20260909__r01,BCAP-SWING-v0.1.0,swing,2023,COMPLETE,fixed_development_policy_external_crossfit_nuisance_OPE,season-weighted final PA W per selected current decision; no summed PA policy gain,Q/value/delta/gain: raw W; outcome MSE: W^2; probabilities/coverage: fraction; sample counts: explicit rows/PA/games,Take_adjudicated,Swing_offer_including_bunts,3-2,INNER,FB,fixed_score_sensitivity,,,,
cell,3-2|INNER|FB,first_count_visit,6578.0,0.7893915756630265,0.0889443049376053,0.3619742882692662,0.2730299833316609,True,,,,bcap_swing__mlb_2023__20260909__r01,BCAP-SWING-v0.1.0,swing,2023,COMPLETE,fixed_development_policy_external_crossfit_nuisance_OPE,season-weighted final PA W per selected current decision; no summed PA policy gain,Q/value/delta/gain: raw W; outcome MSE: W^2; probabilities/coverage: fraction; sample counts: explicit rows/PA/games,Take_adjudicated,Swing_offer_including_bunts,3-2,INNER,FB,fixed_score_sensitivity,,,,
cell,3-2|INNER|FB,fixed_score_cluster_pitcher,7491.0,,,,0.2719858799991474,False,0.2211537537271134,0.3228180062711814,718.0,bcap_swing__mlb_2023__20260909__r01,BCAP-SWING-v0.1.0,swing,2023,COMPLETE,fixed_development_policy_external_crossfit_nuisance_OPE,season-weighted final PA W per selected current decision; no summed PA policy gain,Q/value/delta/gain: raw W; outcome MSE: W^2; probabilities/coverage: fraction; sample counts: explicit rows/PA/games,Take_adjudicated,Swing_offer_including_bunts,3-2,INNER,FB,fixed_score_sensitivity,,,,
cell,3-2|INNER|FB,fixed_score_cluster_batter,7491.0,,,,0.2719858799991474,False,0.2216683015524251,0.3223034584458696,555.0,bcap_swing__mlb_2023__20260909__r01,BCAP-SWING-v0.1.0,swing,2023,COMPLETE,fixed_development_policy_external_crossfit_nuisance_OPE,season-weighted final PA W per selected current decision; no summed PA policy gain,Q/value/delta/gain: raw W; outcome MSE: W^2; probabilities/coverage: fraction; sample counts: explicit rows/PA/games,Take_adjudicated,Swing_offer_including_bunts,3-2,INNER,FB,fixed_score_sensitivity,,,,
cell,3-2|INNER|NFB,untrimmed,4052.0,1.0,0.083997443044407,0.3511178247713024,0.2671203817268954,True,,,,bcap_swing__mlb_2023__20260909__r01,BCAP-SWING-v0.1.0,swing,2023,COMPLETE,fixed_development_policy_external_crossfit_nuisance_OPE,season-weighted final PA W per selected current decision; no summed PA policy gain,Q/value/delta/gain: raw W; outcome MSE: W^2; probabilities/coverage: fraction; sample counts: explicit rows/PA/games,Take_adjudicated,Swing_offer_including_bunts,3-2,INNER,NFB,fixed_score_sensitivity,,,,
cell,3-2|INNER|NFB,trim_002,4035.0,0.9958045409674235,0.0829988984014999,0.3515759954576406,0.2685770970561406,True,,,,bcap_swing__mlb_2023__20260909__r01,BCAP-SWING-v0.1.0,swing,2023,COMPLETE,fixed_development_policy_external_crossfit_nuisance_OPE,season-weighted final PA W per selected current decision; no summed PA policy gain,Q/value/delta/gain: raw W; outcome MSE: W^2; probabilities/coverage: fraction; sample counts: explicit rows/PA/games,Take_adjudicated,Swing_offer_including_bunts,3-2,INNER,NFB,fixed_score_sensitivity,,,,
cell,3-2|INNER|NFB,trim_005,3645.0,0.8995557749259625,0.0904439857975982,0.3484032536376823,0.2579592678400841,False,,,,bcap_swing__mlb_2023__20260909__r01,BCAP-SWING-v0.1.0,swing,2023,COMPLETE,fixed_development_policy_external_crossfit_nuisance_OPE,season-weighted final PA W per selected current decision; no summed PA policy gain,Q/value/delta/gain: raw W; outcome MSE: W^2; probabilities/coverage: fraction; sample counts: explicit rows/PA/games,Take_adjudicated,Swing_offer_including_bunts,3-2,INNER,NFB,fixed_score_sensitivity,,,,
cell,3-2|INNER|NFB,trim_010,1215.0,0.2998519249753208,0.1196204500877945,0.3160881553419425,0.196467705254148,True,,,,bcap_swing__mlb_2023__20260909__r01,BCAP-SWING-v0.1.0,swing,2023,COMPLETE,fixed_development_policy_external_crossfit_nuisance_OPE,season-weighted final PA W per selected current decision; no summed PA policy gain,Q/value/delta/gain: raw W; outcome MSE: W^2; probabilities/coverage: fraction; sample counts: explicit rows/PA/games,Take_adjudicated,Swing_offer_including_bunts,3-2,INNER,NFB,fixed_score_sensitivity,,,,
cell,3-2|INNER|NFB,clip_010_same_target,3645.0,0.8995557749259625,0.130269217107775,0.3488135305872251,0.2185443134794501,False,,,,bcap_swing__mlb_2023__20260909__r01,BCAP-SWING-v0.1.0,swing,2023,COMPLETE,fixed_development_policy_external_crossfit_nuisance_OPE,season-weighted final PA W per selected current decision; no summed PA policy gain,Q/value/delta/gain: raw W; outcome MSE: W^2; probabilities/coverage: fraction; sample counts: explicit rows/PA/games,Take_adjudicated,Swing_offer_including_bunts,3-2,INNER,NFB,fixed_score_sensitivity,,,,
cell,3-2|INNER|NFB,first_count_visit,3415.0,0.8427936821322803,0.0831104510790725,0.3467624919760116,0.263652040896939,True,,,,bcap_swing__mlb_2023__20260909__r01,BCAP-SWING-v0.1.0,swing,2023,COMPLETE,fixed_development_policy_external_crossfit_nuisance_OPE,season-weighted final PA W per selected current decision; no summed PA policy gain,Q/value/delta/gain: raw W; outcome MSE: W^2; probabilities/coverage: fraction; sample counts: explicit rows/PA/games,Take_adjudicated,Swing_offer_including_bunts,3-2,INNER,NFB,fixed_score_sensitivity,,,,
cell,3-2|INNER|NFB,fixed_score_cluster_pitcher,3645.0,,,,0.2579592678400841,False,0.1771184937824413,0.338800041897727,591.0,bcap_swing__mlb_2023__20260909__r01,BCAP-SWING-v0.1.0,swing,2023,COMPLETE,fixed_development_policy_external_crossfit_nuisance_OPE,season-weighted final PA W per selected current decision; no summed PA policy gain,Q/value/delta/gain: raw W; outcome MSE: W^2; probabilities/coverage: fraction; sample counts: explicit rows/PA/games,Take_adjudicated,Swing_offer_including_bunts,3-2,INNER,NFB,fixed_score_sensitivity,,,,
cell,3-2|INNER|NFB,fixed_score_cluster_batter,3645.0,,,,0.2579592678400841,False,0.1746192205135483,0.34129931516662,521.0,bcap_swing__mlb_2023__20260909__r01,BCAP-SWING-v0.1.0,swing,2023,COMPLETE,fixed_development_policy_external_crossfit_nuisance_OPE,season-weighted final PA W per selected current decision; no summed PA policy gain,Q/value/delta/gain: raw W; outcome MSE: W^2; probabilities/coverage: fraction; sample counts: explicit rows/PA/games,Take_adjudicated,Swing_offer_including_bunts,3-2,INNER,NFB,fixed_score_sensitivity,,,,
cell,3-2|OUT|FB,untrimmed,7944.0,1.0,0.6529351004458732,0.2312823712592532,-0.4216527291866201,True,,,,bcap_swing__mlb_2023__20260909__r01,BCAP-SWING-v0.1.0,swing,2023,COMPLETE,fixed_development_policy_external_crossfit_nuisance_OPE,season-weighted final PA W per selected current decision; no summed PA policy gain,Q/value/delta/gain: raw W; outcome MSE: W^2; probabilities/coverage: fraction; sample counts: explicit rows/PA/games,Take_adjudicated,Swing_offer_including_bunts,3-2,OUT,FB,fixed_score_sensitivity,,,,
cell,3-2|OUT|FB,trim_002,7879.0,0.9918177240684792,0.6526699794783477,0.2333978204815658,-0.4192721589967818,True,,,,bcap_swing__mlb_2023__20260909__r01,BCAP-SWING-v0.1.0,swing,2023,COMPLETE,fixed_development_policy_external_crossfit_nuisance_OPE,season-weighted final PA W per selected current decision; no summed PA policy gain,Q/value/delta/gain: raw W; outcome MSE: W^2; probabilities/coverage: fraction; sample counts: explicit rows/PA/games,Take_adjudicated,Swing_offer_including_bunts,3-2,OUT,FB,fixed_score_sensitivity,,,,
cell,3-2|OUT|FB,trim_005,7796.0,0.9813695871097684,0.6521775632011634,0.2317538675221173,-0.4204236956790459,False,,,,bcap_swing__mlb_2023__20260909__r01,BCAP-SWING-v0.1.0,swing,2023,COMPLETE,fixed_development_policy_external_crossfit_nuisance_OPE,season-weighted final PA W per selected current decision; no summed PA policy gain,Q/value/delta/gain: raw W; outcome MSE: W^2; probabilities/coverage: fraction; sample counts: explicit rows/PA/games,Take_adjudicated,Swing_offer_including_bunts,3-2,OUT,FB,fixed_score_sensitivity,,,,
cell,3-2|OUT|FB,trim_010,7586.0,0.954934541792548,0.6508761131377141,0.2331136018875897,-0.4177625112501242,True,,,,bcap_swing__mlb_2023__20260909__r01,BCAP-SWING-v0.1.0,swing,2023,COMPLETE,fixed_development_policy_external_crossfit_nuisance_OPE,season-weighted final PA W per selected current decision; no summed PA policy gain,Q/value/delta/gain: raw W; outcome MSE: W^2; probabilities/coverage: fraction; sample counts: explicit rows/PA/games,Take_adjudicated,Swing_offer_including_bunts,3-2,OUT,FB,fixed_score_sensitivity,,,,
cell,3-2|OUT|FB,clip_010_same_target,7796.0,0.9813695871097684,0.652207962018842,0.2320498568699625,-0.4201581051488796,False,,,,bcap_swing__mlb_2023__20260909__r01,BCAP-SWING-v0.1.0,swing,2023,COMPLETE,fixed_development_policy_external_crossfit_nuisance_OPE,season-weighted final PA W per selected current decision; no summed PA policy gain,Q/value/delta/gain: raw W; outcome MSE: W^2; probabilities/coverage: fraction; sample counts: explicit rows/PA/games,Take_adjudicated,Swing_offer_including_bunts,3-2,OUT,FB,fixed_score_sensitivity,,,,
cell,3-2|OUT|FB,first_count_visit,7361.0,0.9266112789526688,0.6519422050089404,0.2340721054279079,-0.4178700995810324,True,,,,bcap_swing__mlb_2023__20260909__r01,BCAP-SWING-v0.1.0,swing,2023,COMPLETE,fixed_development_policy_external_crossfit_nuisance_OPE,season-weighted final PA W per selected current decision; no summed PA policy gain,Q/value/delta/gain: raw W; outcome MSE: W^2; probabilities/coverage: fraction; sample counts: explicit rows/PA/games,Take_adjudicated,Swing_offer_including_bunts,3-2,OUT,FB,fixed_score_sensitivity,,,,
cell,3-2|OUT|FB,fixed_score_cluster_pitcher,7796.0,,,,-0.4204236956790459,False,-0.4567952728672458,-0.384052118490846,729.0,bcap_swing__mlb_2023__20260909__r01,BCAP-SWING-v0.1.0,swing,2023,COMPLETE,fixed_development_policy_external_crossfit_nuisance_OPE,season-weighted final PA W per selected current decision; no summed PA policy gain,Q/value/delta/gain: raw W; outcome MSE: W^2; probabilities/coverage: fraction; sample counts: explicit rows/PA/games,Take_adjudicated,Swing_offer_including_bunts,3-2,OUT,FB,fixed_score_sensitivity,,,,
cell,3-2|OUT|FB,fixed_score_cluster_batter,7796.0,,,,-0.4204236956790459,False,-0.4573883857544112,-0.3834590056036805,558.0,bcap_swing__mlb_2023__20260909__r01,BCAP-SWING-v0.1.0,swing,2023,COMPLETE,fixed_development_policy_external_crossfit_nuisance_OPE,season-weighted final PA W per selected current decision; no summed PA policy gain,Q/value/delta/gain: raw W; outcome MSE: W^2; probabilities/coverage: fraction; sample counts: explicit rows/PA/games,Take_adjudicated,Swing_offer_including_bunts,3-2,OUT,FB,fixed_score_sensitivity,,,,
cell,3-2|OUT|NFB,untrimmed,6442.0,1.0,0.6599583336622529,0.1577145000999255,-0.5022438335623274,True,,,,bcap_swing__mlb_2023__20260909__r01,BCAP-SWING-v0.1.0,swing,2023,COMPLETE,fixed_development_policy_external_crossfit_nuisance_OPE,season-weighted final PA W per selected current decision; no summed PA policy gain,Q/value/delta/gain: raw W; outcome MSE: W^2; probabilities/coverage: fraction; sample counts: explicit rows/PA/games,Take_adjudicated,Swing_offer_including_bunts,3-2,OUT,NFB,fixed_score_sensitivity,,,,
cell,3-2|OUT|NFB,trim_002,6406.0,0.994411673393356,0.6603009146534291,0.1573669223958104,-0.5029339922576188,True,,,,bcap_swing__mlb_2023__20260909__r01,BCAP-SWING-v0.1.0,swing,2023,COMPLETE,fixed_development_policy_external_crossfit_nuisance_OPE,season-weighted final PA W per selected current decision; no summed PA policy gain,Q/value/delta/gain: raw W; outcome MSE: W^2; probabilities/coverage: fraction; sample counts: explicit rows/PA/games,Take_adjudicated,Swing_offer_including_bunts,3-2,OUT,NFB,fixed_score_sensitivity,,,,
cell,3-2|OUT|NFB,trim_005,6310.0,0.9795094691089724,0.6597060639870378,0.1580275411172204,-0.5016785228698172,False,,,,bcap_swing__mlb_2023__20260909__r01,BCAP-SWING-v0.1.0,swing,2023,COMPLETE,fixed_development_policy_external_crossfit_nuisance_OPE,season-weighted final PA W per selected current decision; no summed PA policy gain,Q/value/delta/gain: raw W; outcome MSE: W^2; probabilities/coverage: fraction; sample counts: explicit rows/PA/games,Take_adjudicated,Swing_offer_including_bunts,3-2,OUT,NFB,fixed_score_sensitivity,,,,
cell,3-2|OUT|NFB,trim_010,6129.0,0.951412604781124,0.65858388521723,0.1617612480298302,-0.4968226371873998,True,,,,bcap_swing__mlb_2023__20260909__r01,BCAP-SWING-v0.1.0,swing,2023,COMPLETE,fixed_development_policy_external_crossfit_nuisance_OPE,season-weighted final PA W per selected current decision; no summed PA policy gain,Q/value/delta/gain: raw W; outcome MSE: W^2; probabilities/coverage: fraction; sample counts: explicit rows/PA/games,Take_adjudicated,Swing_offer_including_bunts,3-2,OUT,NFB,fixed_score_sensitivity,,,,
cell,3-2|OUT|NFB,clip_010_same_target,6310.0,0.9795094691089724,0.6597505334277864,0.1587770423551144,-0.5009734910726719,False,,,,bcap_swing__mlb_2023__20260909__r01,BCAP-SWING-v0.1.0,swing,2023,COMPLETE,fixed_development_policy_external_crossfit_nuisance_OPE,season-weighted final PA W per selected current decision; no summed PA policy gain,Q/value/delta/gain: raw W; outcome MSE: W^2; probabilities/coverage: fraction; sample counts: explicit rows/PA/games,Take_adjudicated,Swing_offer_including_bunts,3-2,OUT,NFB,fixed_score_sensitivity,,,,
cell,3-2|OUT|NFB,first_count_visit,6061.0,0.940856876746352,0.6600229917411945,0.1569576810460099,-0.5030653106951847,True,,,,bcap_swing__mlb_2023__20260909__r01,BCAP-SWING-v0.1.0,swing,2023,COMPLETE,fixed_development_policy_external_crossfit_nuisance_OPE,season-weighted final PA W per selected current decision; no summed PA policy gain,Q/value/delta/gain: raw W; outcome MSE: W^2; probabilities/coverage: fraction; sample counts: explicit rows/PA/games,Take_adjudicated,Swing_offer_including_bunts,3-2,OUT,NFB,fixed_score_sensitivity,,,,
cell,3-2|OUT|NFB,fixed_score_cluster_pitcher,6310.0,,,,-0.5016785228698172,False,-0.534286734426908,-0.4690703113127263,721.0,bcap_swing__mlb_2023__20260909__r01,BCAP-SWING-v0.1.0,swing,2023,COMPLETE,fixed_development_policy_external_crossfit_nuisance_OPE,season-weighted final PA W per selected current decision; no summed PA policy gain,Q/value/delta/gain: raw W; outcome MSE: W^2; probabilities/coverage: fraction; sample counts: explicit rows/PA/games,Take_adjudicated,Swing_offer_including_bunts,3-2,OUT,NFB,fixed_score_sensitivity,,,,
cell,3-2|OUT|NFB,fixed_score_cluster_batter,6310.0,,,,-0.5016785228698172,False,-0.5358441254059766,-0.4675129203336577,555.0,bcap_swing__mlb_2023__20260909__r01,BCAP-SWING-v0.1.0,swing,2023,COMPLETE,fixed_development_policy_external_crossfit_nuisance_OPE,season-weighted final PA W per selected current decision; no summed PA policy gain,Q/value/delta/gain: raw W; outcome MSE: W^2; probabilities/coverage: fraction; sample counts: explicit rows/PA/games,Take_adjudicated,Swing_offer_including_bunts,3-2,OUT,NFB,fixed_score_sensitivity,,,,
overall,ALL,untrimmed,635095.0,1.0,0.304164844322755,0.3046014436970342,0.0004365993742792,True,,,,bcap_pitch__mlb_2026_ytd_20260907__20260909__r01,BCAP-PITCH-v0.1.0,pitch,2026,COMPLETE,fixed_development_policy_external_crossfit_nuisance_OPE,season-weighted final PA W per selected current decision; no summed PA policy gain,Q/value/delta/gain: raw W; outcome MSE: W^2; probabilities/coverage: fraction; sample counts: explicit rows/PA/games,NFB,FB,ALL,,,fixed_score_sensitivity,,,,
overall,ALL,trim_002,616288.0,0.9703871074406192,0.3016401707997451,0.3029240046367587,0.0012838338370136,True,,,,bcap_pitch__mlb_2026_ytd_20260907__20260909__r01,BCAP-PITCH-v0.1.0,pitch,2026,COMPLETE,fixed_development_policy_external_crossfit_nuisance_OPE,season-weighted final PA W per selected current decision; no summed PA policy gain,Q/value/delta/gain: raw W; outcome MSE: W^2; probabilities/coverage: fraction; sample counts: explicit rows/PA/games,NFB,FB,ALL,,,fixed_score_sensitivity,,,,
overall,ALL,trim_005,615820.0,0.9696502098111306,0.3015884759622108,0.3027532215403899,0.001164745578179,False,,,,bcap_pitch__mlb_2026_ytd_20260907__20260909__r01,BCAP-PITCH-v0.1.0,pitch,2026,COMPLETE,fixed_development_policy_external_crossfit_nuisance_OPE,season-weighted final PA W per selected current decision; no summed PA policy gain,Q/value/delta/gain: raw W; outcome MSE: W^2; probabilities/coverage: fraction; sample counts: explicit rows/PA/games,NFB,FB,ALL,,,fixed_score_sensitivity,,,,
overall,ALL,trim_010,611442.0,0.9627567529267276,0.3008509726864967,0.3015713958355361,0.0007204231490394,True,,,,bcap_pitch__mlb_2026_ytd_20260907__20260909__r01,BCAP-PITCH-v0.1.0,pitch,2026,COMPLETE,fixed_development_policy_external_crossfit_nuisance_OPE,season-weighted final PA W per selected current decision; no summed PA policy gain,Q/value/delta/gain: raw W; outcome MSE: W^2; probabilities/coverage: fraction; sample counts: explicit rows/PA/games,NFB,FB,ALL,,,fixed_score_sensitivity,,,,
overall,ALL,clip_010_same_target,615820.0,0.9696502098111306,0.3015638546846208,0.3027592151638656,0.0011953604792448,False,,,,bcap_pitch__mlb_2026_ytd_20260907__20260909__r01,BCAP-PITCH-v0.1.0,pitch,2026,COMPLETE,fixed_development_policy_external_crossfit_nuisance_OPE,season-weighted final PA W per selected current decision; no summed PA policy gain,Q/value/delta/gain: raw W; outcome MSE: W^2; probabilities/coverage: fraction; sample counts: explicit rows/PA/games,NFB,FB,ALL,,,fixed_score_sensitivity,,,,
overall,ALL,first_count_visit,572944.0,0.9021390500633764,0.304357031585602,0.3048466398161187,0.0004896082305167,True,,,,bcap_pitch__mlb_2026_ytd_20260907__20260909__r01,BCAP-PITCH-v0.1.0,pitch,2026,COMPLETE,fixed_development_policy_external_crossfit_nuisance_OPE,season-weighted final PA W per selected current decision; no summed PA policy gain,Q/value/delta/gain: raw W; outcome MSE: W^2; probabilities/coverage: fraction; sample counts: explicit rows/PA/games,NFB,FB,ALL,,,fixed_score_sensitivity,,,,
overall,ALL,fixed_score_cluster_pitcher,615820.0,,,,0.001164745578179,False,-0.0047532138221084,0.0070827049784666,676.0,bcap_pitch__mlb_2026_ytd_20260907__20260909__r01,BCAP-PITCH-v0.1.0,pitch,2026,COMPLETE,fixed_development_policy_external_crossfit_nuisance_OPE,season-weighted final PA W per selected current decision; no summed PA policy gain,Q/value/delta/gain: raw W; outcome MSE: W^2; probabilities/coverage: fraction; sample counts: explicit rows/PA/games,NFB,FB,ALL,,,fixed_score_sensitivity,,,,
overall,ALL,fixed_score_cluster_batter,615820.0,,,,0.001164745578179,False,-0.0044635390257679,0.0067930301821261,651.0,bcap_pitch__mlb_2026_ytd_20260907__20260909__r01,BCAP-PITCH-v0.1.0,pitch,2026,COMPLETE,fixed_development_policy_external_crossfit_nuisance_OPE,season-weighted final PA W per selected current decision; no summed PA policy gain,Q/value/delta/gain: raw W; outcome MSE: W^2; probabilities/coverage: fraction; sample counts: explicit rows/PA/games,NFB,FB,ALL,,,fixed_score_sensitivity,,,,
count,0-0,untrimmed,163053.0,1.0,0.3121505723550835,0.3125638303339184,0.0004132579788348,True,,,,bcap_pitch__mlb_2026_ytd_20260907__20260909__r01,BCAP-PITCH-v0.1.0,pitch,2026,COMPLETE,fixed_development_policy_external_crossfit_nuisance_OPE,season-weighted final PA W per selected current decision; no summed PA policy gain,Q/value/delta/gain: raw W; outcome MSE: W^2; probabilities/coverage: fraction; sample counts: explicit rows/PA/games,NFB,FB,0-0,,,fixed_score_sensitivity,,,,
count,0-0,trim_002,158082.0,0.9695129804419422,0.3089010766803969,0.3111008603004087,0.0021997836200118,True,,,,bcap_pitch__mlb_2026_ytd_20260907__20260909__r01,BCAP-PITCH-v0.1.0,pitch,2026,COMPLETE,fixed_development_policy_external_crossfit_nuisance_OPE,season-weighted final PA W per selected current decision; no summed PA policy gain,Q/value/delta/gain: raw W; outcome MSE: W^2; probabilities/coverage: fraction; sample counts: explicit rows/PA/games,NFB,FB,0-0,,,fixed_score_sensitivity,,,,
count,0-0,trim_005,158082.0,0.9695129804419422,0.3089010766803969,0.3111008603004087,0.0021997836200118,False,,,,bcap_pitch__mlb_2026_ytd_20260907__20260909__r01,BCAP-PITCH-v0.1.0,pitch,2026,COMPLETE,fixed_development_policy_external_crossfit_nuisance_OPE,season-weighted final PA W per selected current decision; no summed PA policy gain,Q/value/delta/gain: raw W; outcome MSE: W^2; probabilities/coverage: fraction; sample counts: explicit rows/PA/games,NFB,FB,0-0,,,fixed_score_sensitivity,,,,
count,0-0,trim_010,157671.0,0.9669923276480652,0.3087794365511176,0.3112697157067756,0.0024902791556579,True,,,,bcap_pitch__mlb_2026_ytd_20260907__20260909__r01,BCAP-PITCH-v0.1.0,pitch,2026,COMPLETE,fixed_development_policy_external_crossfit_nuisance_OPE,season-weighted final PA W per selected current decision; no summed PA policy gain,Q/value/delta/gain: raw W; outcome MSE: W^2; probabilities/coverage: fraction; sample counts: explicit rows/PA/games,NFB,FB,0-0,,,fixed_score_sensitivity,,,,
count,0-0,clip_010_same_target,158082.0,0.9695129804419422,0.3088787321326977,0.3110988401399628,0.0022201080072651,False,,,,bcap_pitch__mlb_2026_ytd_20260907__20260909__r01,BCAP-PITCH-v0.1.0,pitch,2026,COMPLETE,fixed_development_policy_external_crossfit_nuisance_OPE,season-weighted final PA W per selected current decision; no summed PA policy gain,Q/value/delta/gain: raw W; outcome MSE: W^2; probabilities/coverage: fraction; sample counts: explicit rows/PA/games,NFB,FB,0-0,,,fixed_score_sensitivity,,,,
count,0-0,first_count_visit,158082.0,0.9695129804419422,0.3089010766803969,0.3111008603004087,0.0021997836200118,True,,,,bcap_pitch__mlb_2026_ytd_20260907__20260909__r01,BCAP-PITCH-v0.1.0,pitch,2026,COMPLETE,fixed_development_policy_external_crossfit_nuisance_OPE,season-weighted final PA W per selected current decision; no summed PA policy gain,Q/value/delta/gain: raw W; outcome MSE: W^2; probabilities/coverage: fraction; sample counts: explicit rows/PA/games,NFB,FB,0-0,,,fixed_score_sensitivity,,,,
count,0-0,fixed_score_cluster_pitcher,158082.0,,,,0.0021997836200118,False,-0.009521829102125,0.0139213963421488,676.0,bcap_pitch__mlb_2026_ytd_20260907__20260909__r01,BCAP-PITCH-v0.1.0,pitch,2026,COMPLETE,fixed_development_policy_external_crossfit_nuisance_OPE,season-weighted final PA W per selected current decision; no summed PA policy gain,Q/value/delta/gain: raw W; outcome MSE: W^2; probabilities/coverage: fraction; sample counts: explicit rows/PA/games,NFB,FB,0-0,,,fixed_score_sensitivity,,,,
count,0-0,fixed_score_cluster_batter,158082.0,,,,0.0021997836200118,False,-0.0092588843266711,0.0136584515666949,651.0,bcap_pitch__mlb_2026_ytd_20260907__20260909__r01,BCAP-PITCH-v0.1.0,pitch,2026,COMPLETE,fixed_development_policy_external_crossfit_nuisance_OPE,season-weighted final PA W per selected current decision; no summed PA policy gain,Q/value/delta/gain: raw W; outcome MSE: W^2; probabilities/coverage: fraction; sample counts: explicit rows/PA/games,NFB,FB,0-0,,,fixed_score_sensitivity,,,,
count,0-1,untrimmed,81752.0,1.0,0.2661157335723763,0.2634036221998118,-0.0027121113725645,True,,,,bcap_pitch__mlb_2026_ytd_20260907__20260909__r01,BCAP-PITCH-v0.1.0,pitch,2026,COMPLETE,fixed_development_policy_external_crossfit_nuisance_OPE,season-weighted final PA W per selected current decision; no summed PA policy gain,Q/value/delta/gain: raw W; outcome MSE: W^2; probabilities/coverage: fraction; sample counts: explicit rows/PA/games,NFB,FB,0-1,,,fixed_score_sensitivity,,,,
count,0-1,trim_002,79464.0,0.9720129171151776,0.2640197288933052,0.2620714755799535,-0.0019482533133517,True,,,,bcap_pitch__mlb_2026_ytd_20260907__20260909__r01,BCAP-PITCH-v0.1.0,pitch,2026,COMPLETE,fixed_development_policy_external_crossfit_nuisance_OPE,season-weighted final PA W per selected current decision; no summed PA policy gain,Q/value/delta/gain: raw W; outcome MSE: W^2; probabilities/coverage: fraction; sample counts: explicit rows/PA/games,NFB,FB,0-1,,,fixed_score_sensitivity,,,,
count,0-1,trim_005,79464.0,0.9720129171151776,0.2640197288933052,0.2620714755799535,-0.0019482533133517,False,,,,bcap_pitch__mlb_2026_ytd_20260907__20260909__r01,BCAP-PITCH-v0.1.0,pitch,2026,COMPLETE,fixed_development_policy_external_crossfit_nuisance_OPE,season-weighted final PA W per selected current decision; no summed PA policy gain,Q/value/delta/gain: raw W; outcome MSE: W^2; probabilities/coverage: fraction; sample counts: explicit rows/PA/games,NFB,FB,0-1,,,fixed_score_sensitivity,,,,
count,0-1,trim_010,79459.0,0.9719517565319504,0.2640241179935892,0.2620857863615889,-0.0019383316320003,True,,,,bcap_pitch__mlb_2026_ytd_20260907__20260909__r01,BCAP-PITCH-v0.1.0,pitch,2026,COMPLETE,fixed_development_policy_external_crossfit_nuisance_OPE,season-weighted final PA W per selected current decision; no summed PA policy gain,Q/value/delta/gain: raw W; outcome MSE: W^2; probabilities/coverage: fraction; sample counts: explicit rows/PA/games,NFB,FB,0-1,,,fixed_score_sensitivity,,,,
count,0-1,clip_010_same_target,79464.0,0.9720129171151776,0.2640197059162127,0.2620714072238544,-0.0019482986923583,False,,,,bcap_pitch__mlb_2026_ytd_20260907__20260909__r01,BCAP-PITCH-v0.1.0,pitch,2026,COMPLETE,fixed_development_policy_external_crossfit_nuisance_OPE,season-weighted final PA W per selected current decision; no summed PA policy gain,Q/value/delta/gain: raw W; outcome MSE: W^2; probabilities/coverage: fraction; sample counts: explicit rows/PA/games,NFB,FB,0-1,,,fixed_score_sensitivity,,,,
count,0-1,first_count_visit,79464.0,0.9720129171151776,0.2640197288933052,0.2620714755799535,-0.0019482533133517,True,,,,bcap_pitch__mlb_2026_ytd_20260907__20260909__r01,BCAP-PITCH-v0.1.0,pitch,2026,COMPLETE,fixed_development_policy_external_crossfit_nuisance_OPE,season-weighted final PA W per selected current decision; no summed PA policy gain,Q/value/delta/gain: raw W; outcome MSE: W^2; probabilities/coverage: fraction; sample counts: explicit rows/PA/games,NFB,FB,0-1,,,fixed_score_sensitivity,,,,
count,0-1,fixed_score_cluster_pitcher,79464.0,,,,-0.0019482533133517,False,-0.0170396966506019,0.0131431900238984,672.0,bcap_pitch__mlb_2026_ytd_20260907__20260909__r01,BCAP-PITCH-v0.1.0,pitch,2026,COMPLETE,fixed_development_policy_external_crossfit_nuisance_OPE,season-weighted final PA W per selected current decision; no summed PA policy gain,Q/value/delta/gain: raw W; outcome MSE: W^2; probabilities/coverage: fraction; sample counts: explicit rows/PA/games,NFB,FB,0-1,,,fixed_score_sensitivity,,,,
count,0-1,fixed_score_cluster_batter,79464.0,,,,-0.0019482533133517,False,-0.0165857827425635,0.0126892761158599,646.0,bcap_pitch__mlb_2026_ytd_20260907__20260909__r01,BCAP-PITCH-v0.1.0,pitch,2026,COMPLETE,fixed_development_policy_external_crossfit_nuisance_OPE,season-weighted final PA W per selected current decision; no summed PA policy gain,Q/value/delta/gain: raw W; outcome MSE: W^2; probabilities/coverage: fraction; sample counts: explicit rows/PA/games,NFB,FB,0-1,,,fixed_score_sensitivity,,,,
count,0-2,untrimmed,43045.0,1.0,0.1963338844638248,0.2001172749898749,0.00378339052605,True,,,,bcap_pitch__mlb_2026_ytd_20260907__20260909__r01,BCAP-PITCH-v0.1.0,pitch,2026,COMPLETE,fixed_development_policy_external_crossfit_nuisance_OPE,season-weighted final PA W per selected current decision; no summed PA policy gain,Q/value/delta/gain: raw W; outcome MSE: W^2; probabilities/coverage: fraction; sample counts: explicit rows/PA/games,NFB,FB,0-2,,,fixed_score_sensitivity,,,,
count,0-2,trim_002,41880.0,0.9729353002671622,0.1946151515573921,0.1985207752803541,0.003905623722962,True,,,,bcap_pitch__mlb_2026_ytd_20260907__20260909__r01,BCAP-PITCH-v0.1.0,pitch,2026,COMPLETE,fixed_development_policy_external_crossfit_nuisance_OPE,season-weighted final PA W per selected current decision; no summed PA policy gain,Q/value/delta/gain: raw W; outcome MSE: W^2; probabilities/coverage: fraction; sample counts: explicit rows/PA/games,NFB,FB,0-2,,,fixed_score_sensitivity,,,,
count,0-2,trim_005,41880.0,0.9729353002671622,0.1946151515573921,0.1985207752803541,0.003905623722962,False,,,,bcap_pitch__mlb_2026_ytd_20260907__20260909__r01,BCAP-PITCH-v0.1.0,pitch,2026,COMPLETE,fixed_development_policy_external_crossfit_nuisance_OPE,season-weighted final PA W per selected current decision; no summed PA policy gain,Q/value/delta/gain: raw W; outcome MSE: W^2; probabilities/coverage: fraction; sample counts: explicit rows/PA/games,NFB,FB,0-2,,,fixed_score_sensitivity,,,,
count,0-2,trim_010,41856.0,0.972377744221164,0.1946654572371663,0.1986413029365353,0.0039758456993689,True,,,,bcap_pitch__mlb_2026_ytd_20260907__20260909__r01,BCAP-PITCH-v0.1.0,pitch,2026,COMPLETE,fixed_development_policy_external_crossfit_nuisance_OPE,season-weighted final PA W per selected current decision; no summed PA policy gain,Q/value/delta/gain: raw W; outcome MSE: W^2; probabilities/coverage: fraction; sample counts: explicit rows/PA/games,NFB,FB,0-2,,,fixed_score_sensitivity,,,,
count,0-2,clip_010_same_target,41880.0,0.9729353002671622,0.1946142181889482,0.1985373200455141,0.0039231018565657,False,,,,bcap_pitch__mlb_2026_ytd_20260907__20260909__r01,BCAP-PITCH-v0.1.0,pitch,2026,COMPLETE,fixed_development_policy_external_crossfit_nuisance_OPE,season-weighted final PA W per selected current decision; no summed PA policy gain,Q/value/delta/gain: raw W; outcome MSE: W^2; probabilities/coverage: fraction; sample counts: explicit rows/PA/games,NFB,FB,0-2,,,fixed_score_sensitivity,,,,
count,0-2,first_count_visit,33832.0,0.7859681728423743,0.1946152534675684,0.1953137556698188,0.0006985022022504,True,,,,bcap_pitch__mlb_2026_ytd_20260907__20260909__r01,BCAP-PITCH-v0.1.0,pitch,2026,COMPLETE,fixed_development_policy_external_crossfit_nuisance_OPE,season-weighted final PA W per selected current decision; no summed PA policy gain,Q/value/delta/gain: raw W; outcome MSE: W^2; probabilities/coverage: fraction; sample counts: explicit rows/PA/games,NFB,FB,0-2,,,fixed_score_sensitivity,,,,
count,0-2,fixed_score_cluster_pitcher,41880.0,,,,0.003905623722962,False,-0.0157467562581268,0.0235580037040508,667.0,bcap_pitch__mlb_2026_ytd_20260907__20260909__r01,BCAP-PITCH-v0.1.0,pitch,2026,COMPLETE,fixed_development_policy_external_crossfit_nuisance_OPE,season-weighted final PA W per selected current decision; no summed PA policy gain,Q/value/delta/gain: raw W; outcome MSE: W^2; probabilities/coverage: fraction; sample counts: explicit rows/PA/games,NFB,FB,0-2,,,fixed_score_sensitivity,,,,
count,0-2,fixed_score_cluster_batter,41880.0,,,,0.003905623722962,False,-0.0152640578706047,0.0230753053165287,636.0,bcap_pitch__mlb_2026_ytd_20260907__20260909__r01,BCAP-PITCH-v0.1.0,pitch,2026,COMPLETE,fixed_development_policy_external_crossfit_nuisance_OPE,season-weighted final PA W per selected current decision; no summed PA policy gain,Q/value/delta/gain: raw W; outcome MSE: W^2; probabilities/coverage: fraction; sample counts: explicit rows/PA/games,NFB,FB,0-2,,,fixed_score_sensitivity,,,,
count,1-0,untrimmed,62438.0,1.0,0.3595567822152682,0.3510003067170405,-0.0085564754982276,True,,,,bcap_pitch__mlb_2026_ytd_20260907__20260909__r01,BCAP-PITCH-v0.1.0,pitch,2026,COMPLETE,fixed_development_policy_external_crossfit_nuisance_OPE,season-weighted final PA W per selected current decision; no summed PA policy gain,Q/value/delta/gain: raw W; outcome MSE: W^2; probabilities/coverage: fraction; sample counts: explicit rows/PA/games,NFB,FB,1-0,,,fixed_score_sensitivity,,,,
count,1-0,trim_002,60420.0,0.967679938498991,0.3563640710185388,0.3493948310653212,-0.0069692399532175,True,,,,bcap_pitch__mlb_2026_ytd_20260907__20260909__r01,BCAP-PITCH-v0.1.0,pitch,2026,COMPLETE,fixed_development_policy_external_crossfit_nuisance_OPE,season-weighted final PA W per selected current decision; no summed PA policy gain,Q/value/delta/gain: raw W; outcome MSE: W^2; probabilities/coverage: fraction; sample counts: explicit rows/PA/games,NFB,FB,1-0,,,fixed_score_sensitivity,,,,
count,1-0,trim_005,60419.0,0.9676639226112304,0.3563643863117149,0.3494008635980463,-0.0069635227136686,False,,,,bcap_pitch__mlb_2026_ytd_20260907__20260909__r01,BCAP-PITCH-v0.1.0,pitch,2026,COMPLETE,fixed_development_policy_external_crossfit_nuisance_OPE,season-weighted final PA W per selected current decision; no summed PA policy gain,Q/value/delta/gain: raw W; outcome MSE: W^2; probabilities/coverage: fraction; sample counts: explicit rows/PA/games,NFB,FB,1-0,,,fixed_score_sensitivity,,,,
count,1-0,trim_010,60175.0,0.9637560459976297,0.3563413210132941,0.3495641282234272,-0.0067771927898668,True,,,,bcap_pitch__mlb_2026_ytd_20260907__20260909__r01,BCAP-PITCH-v0.1.0,pitch,2026,COMPLETE,fixed_development_policy_external_crossfit_nuisance_OPE,season-weighted final PA W per selected current decision; no summed PA policy gain,Q/value/delta/gain: raw W; outcome MSE: W^2; probabilities/coverage: fraction; sample counts: explicit rows/PA/games,NFB,FB,1-0,,,fixed_score_sensitivity,,,,
count,1-0,clip_010_same_target,60419.0,0.9676639226112304,0.3563567276464037,0.3493980580549395,-0.0069586695914642,False,,,,bcap_pitch__mlb_2026_ytd_20260907__20260909__r01,BCAP-PITCH-v0.1.0,pitch,2026,COMPLETE,fixed_development_policy_external_crossfit_nuisance_OPE,season-weighted final PA W per selected current decision; no summed PA policy gain,Q/value/delta/gain: raw W; outcome MSE: W^2; probabilities/coverage: fraction; sample counts: explicit rows/PA/games,NFB,FB,1-0,,,fixed_score_sensitivity,,,,
count,1-0,first_count_visit,60419.0,0.9676639226112304,0.3563643863117149,0.3494008635980463,-0.0069635227136686,True,,,,bcap_pitch__mlb_2026_ytd_20260907__20260909__r01,BCAP-PITCH-v0.1.0,pitch,2026,COMPLETE,fixed_development_policy_external_crossfit_nuisance_OPE,season-weighted final PA W per selected current decision; no summed PA policy gain,Q/value/delta/gain: raw W; outcome MSE: W^2; probabilities/coverage: fraction; sample counts: explicit rows/PA/games,NFB,FB,1-0,,,fixed_score_sensitivity,,,,
count,1-0,fixed_score_cluster_pitcher,60419.0,,,,-0.0069635227136686,False,-0.024930445101808,0.0110033996744706,673.0,bcap_pitch__mlb_2026_ytd_20260907__20260909__r01,BCAP-PITCH-v0.1.0,pitch,2026,COMPLETE,fixed_development_policy_external_crossfit_nuisance_OPE,season-weighted final PA W per selected current decision; no summed PA policy gain,Q/value/delta/gain: raw W; outcome MSE: W^2; probabilities/coverage: fraction; sample counts: explicit rows/PA/games,NFB,FB,1-0,,,fixed_score_sensitivity,,,,
count,1-0,fixed_score_cluster_batter,60419.0,,,,-0.0069635227136686,False,-0.0245174769165056,0.0105904314891683,646.0,bcap_pitch__mlb_2026_ytd_20260907__20260909__r01,BCAP-PITCH-v0.1.0,pitch,2026,COMPLETE,fixed_development_policy_external_crossfit_nuisance_OPE,season-weighted final PA W per selected current decision; no summed PA policy gain,Q/value/delta/gain: raw W; outcome MSE: W^2; probabilities/coverage: fraction; sample counts: explicit rows/PA/games,NFB,FB,1-0,,,fixed_score_sensitivity,,,,
count,1-1,untrimmed,63566.0,1.0,0.3012437088086797,0.2934653892174385,-0.0077783195912412,True,,,,bcap_pitch__mlb_2026_ytd_20260907__20260909__r01,BCAP-PITCH-v0.1.0,pitch,2026,COMPLETE,fixed_development_policy_external_crossfit_nuisance_OPE,season-weighted final PA W per selected current decision; no summed PA policy gain,Q/value/delta/gain: raw W; outcome MSE: W^2; probabilities/coverage: fraction; sample counts: explicit rows/PA/games,NFB,FB,1-1,,,fixed_score_sensitivity,,,,
count,1-1,trim_002,61742.0,0.9713054148444136,0.2995243874313357,0.29158320937239,-0.0079411780589457,True,,,,bcap_pitch__mlb_2026_ytd_20260907__20260909__r01,BCAP-PITCH-v0.1.0,pitch,2026,COMPLETE,fixed_development_policy_external_crossfit_nuisance_OPE,season-weighted final PA W per selected current decision; no summed PA policy gain,Q/value/delta/gain: raw W; outcome MSE: W^2; probabilities/coverage: fraction; sample counts: explicit rows/PA/games,NFB,FB,1-1,,,fixed_score_sensitivity,,,,
count,1-1,trim_005,61742.0,0.9713054148444136,0.2995243874313357,0.29158320937239,-0.0079411780589457,False,,,,bcap_pitch__mlb_2026_ytd_20260907__20260909__r01,BCAP-PITCH-v0.1.0,pitch,2026,COMPLETE,fixed_development_policy_external_crossfit_nuisance_OPE,season-weighted final PA W per selected current decision; no summed PA policy gain,Q/value/delta/gain: raw W; outcome MSE: W^2; probabilities/coverage: fraction; sample counts: explicit rows/PA/games,NFB,FB,1-1,,,fixed_score_sensitivity,,,,
count,1-1,trim_010,61732.0,0.9711480980398326,0.2995263452445887,0.2915872165282542,-0.0079391287163345,True,,,,bcap_pitch__mlb_2026_ytd_20260907__20260909__r01,BCAP-PITCH-v0.1.0,pitch,2026,COMPLETE,fixed_development_policy_external_crossfit_nuisance_OPE,season-weighted final PA W per selected current decision; no summed PA policy gain,Q/value/delta/gain: raw W; outcome MSE: W^2; probabilities/coverage: fraction; sample counts: explicit rows/PA/games,NFB,FB,1-1,,,fixed_score_sensitivity,,,,
count,1-1,clip_010_same_target,61742.0,0.9713054148444136,0.2995243874313357,0.2915831026895297,-0.007941284741806,False,,,,bcap_pitch__mlb_2026_ytd_20260907__20260909__r01,BCAP-PITCH-v0.1.0,pitch,2026,COMPLETE,fixed_development_policy_external_crossfit_nuisance_OPE,season-weighted final PA W per selected current decision; no summed PA policy gain,Q/value/delta/gain: raw W; outcome MSE: W^2; probabilities/coverage: fraction; sample counts: explicit rows/PA/games,NFB,FB,1-1,,,fixed_score_sensitivity,,,,
count,1-1,first_count_visit,61742.0,0.9713054148444136,0.2995243874313357,0.29158320937239,-0.0079411780589457,True,,,,bcap_pitch__mlb_2026_ytd_20260907__20260909__r01,BCAP-PITCH-v0.1.0,pitch,2026,COMPLETE,fixed_development_policy_external_crossfit_nuisance_OPE,season-weighted final PA W per selected current decision; no summed PA policy gain,Q/value/delta/gain: raw W; outcome MSE: W^2; probabilities/coverage: fraction; sample counts: explicit rows/PA/games,NFB,FB,1-1,,,fixed_score_sensitivity,,,,
count,1-1,fixed_score_cluster_pitcher,61742.0,,,,-0.0079411780589457,False,-0.0256995156190725,0.009817159501181,672.0,bcap_pitch__mlb_2026_ytd_20260907__20260909__r01,BCAP-PITCH-v0.1.0,pitch,2026,COMPLETE,fixed_development_policy_external_crossfit_nuisance_OPE,season-weighted final PA W per selected current decision; no summed PA policy gain,Q/value/delta/gain: raw W; outcome MSE: W^2; probabilities/coverage: fraction; sample counts: explicit rows/PA/games,NFB,FB,1-1,,,fixed_score_sensitivity,,,,
count,1-1,fixed_score_cluster_batter,61742.0,,,,-0.0079411780589457,False,-0.0257014096549607,0.0098190535370692,645.0,bcap_pitch__mlb_2026_ytd_20260907__20260909__r01,BCAP-PITCH-v0.1.0,pitch,2026,COMPLETE,fixed_development_policy_external_crossfit_nuisance_OPE,season-weighted final PA W per selected current decision; no summed PA policy gain,Q/value/delta/gain: raw W; outcome MSE: W^2; probabilities/coverage: fraction; sample counts: explicit rows/PA/games,NFB,FB,1-1,,,fixed_score_sensitivity,,,,
count,1-2,untrimmed,61952.0,1.0,0.2231155814935202,0.224192424391602,0.0010768428980818,True,,,,bcap_pitch__mlb_2026_ytd_20260907__20260909__r01,BCAP-PITCH-v0.1.0,pitch,2026,COMPLETE,fixed_development_policy_external_crossfit_nuisance_OPE,season-weighted final PA W per selected current decision; no summed PA policy gain,Q/value/delta/gain: raw W; outcome MSE: W^2; probabilities/coverage: fraction; sample counts: explicit rows/PA/games,NFB,FB,1-2,,,fixed_score_sensitivity,,,,
count,1-2,trim_002,60267.0,0.9728015237603306,0.2216553982168793,0.222699446121495,0.0010440479046157,True,,,,bcap_pitch__mlb_2026_ytd_20260907__20260909__r01,BCAP-PITCH-v0.1.0,pitch,2026,COMPLETE,fixed_development_policy_external_crossfit_nuisance_OPE,season-weighted final PA W per selected current decision; no summed PA policy gain,Q/value/delta/gain: raw W; outcome MSE: W^2; probabilities/coverage: fraction; sample counts: explicit rows/PA/games,NFB,FB,1-2,,,fixed_score_sensitivity,,,,
count,1-2,trim_005,60267.0,0.9728015237603306,0.2216553982168793,0.222699446121495,0.0010440479046157,False,,,,bcap_pitch__mlb_2026_ytd_20260907__20260909__r01,BCAP-PITCH-v0.1.0,pitch,2026,COMPLETE,fixed_development_policy_external_crossfit_nuisance_OPE,season-weighted final PA W per selected current decision; no summed PA policy gain,Q/value/delta/gain: raw W; outcome MSE: W^2; probabilities/coverage: fraction; sample counts: explicit rows/PA/games,NFB,FB,1-2,,,fixed_score_sensitivity,,,,
count,1-2,trim_010,60241.0,0.9723818440082644,0.2216377844178276,0.222507956183844,0.0008701717660163,True,,,,bcap_pitch__mlb_2026_ytd_20260907__20260909__r01,BCAP-PITCH-v0.1.0,pitch,2026,COMPLETE,fixed_development_policy_external_crossfit_nuisance_OPE,season-weighted final PA W per selected current decision; no summed PA policy gain,Q/value/delta/gain: raw W; outcome MSE: W^2; probabilities/coverage: fraction; sample counts: explicit rows/PA/games,NFB,FB,1-2,,,fixed_score_sensitivity,,,,
count,1-2,clip_010_same_target,60267.0,0.9728015237603306,0.2216556184628793,0.2227020051265052,0.0010463866636258,False,,,,bcap_pitch__mlb_2026_ytd_20260907__20260909__r01,BCAP-PITCH-v0.1.0,pitch,2026,COMPLETE,fixed_development_policy_external_crossfit_nuisance_OPE,season-weighted final PA W per selected current decision; no summed PA policy gain,Q/value/delta/gain: raw W; outcome MSE: W^2; probabilities/coverage: fraction; sample counts: explicit rows/PA/games,NFB,FB,1-2,,,fixed_score_sensitivity,,,,
count,1-2,first_count_visit,46992.0,0.7585227272727273,0.2187945003208308,0.2184499579296573,-0.0003445423911734,True,,,,bcap_pitch__mlb_2026_ytd_20260907__20260909__r01,BCAP-PITCH-v0.1.0,pitch,2026,COMPLETE,fixed_development_policy_external_crossfit_nuisance_OPE,season-weighted final PA W per selected current decision; no summed PA policy gain,Q/value/delta/gain: raw W; outcome MSE: W^2; probabilities/coverage: fraction; sample counts: explicit rows/PA/games,NFB,FB,1-2,,,fixed_score_sensitivity,,,,
count,1-2,fixed_score_cluster_pitcher,60267.0,,,,0.0010440479046157,False,-0.0143716042806011,0.0164597000898326,670.0,bcap_pitch__mlb_2026_ytd_20260907__20260909__r01,BCAP-PITCH-v0.1.0,pitch,2026,COMPLETE,fixed_development_policy_external_crossfit_nuisance_OPE,season-weighted final PA W per selected current decision; no summed PA policy gain,Q/value/delta/gain: raw W; outcome MSE: W^2; probabilities/coverage: fraction; sample counts: explicit rows/PA/games,NFB,FB,1-2,,,fixed_score_sensitivity,,,,
count,1-2,fixed_score_cluster_batter,60267.0,,,,0.0010440479046157,False,-0.014383270130365,0.0164713659395965,642.0,bcap_pitch__mlb_2026_ytd_20260907__20260909__r01,BCAP-PITCH-v0.1.0,pitch,2026,COMPLETE,fixed_development_policy_external_crossfit_nuisance_OPE,season-weighted final PA W per selected current decision; no summed PA policy gain,Q/value/delta/gain: raw W; outcome MSE: W^2; probabilities/coverage: fraction; sample counts: explicit rows/PA/games,NFB,FB,1-2,,,fixed_score_sensitivity,,,,
count,2-0,untrimmed,21197.0,1.0,0.4455643700918923,0.4198470674380037,-0.0257173026538885,True,,,,bcap_pitch__mlb_2026_ytd_20260907__20260909__r01,BCAP-PITCH-v0.1.0,pitch,2026,COMPLETE,fixed_development_policy_external_crossfit_nuisance_OPE,season-weighted final PA W per selected current decision; no summed PA policy gain,Q/value/delta/gain: raw W; outcome MSE: W^2; probabilities/coverage: fraction; sample counts: explicit rows/PA/games,NFB,FB,2-0,,,fixed_score_sensitivity,,,,
count,2-0,trim_002,20450.0,0.9647591640326462,0.442920839095523,0.418350405697785,-0.0245704333977381,True,,,,bcap_pitch__mlb_2026_ytd_20260907__20260909__r01,BCAP-PITCH-v0.1.0,pitch,2026,COMPLETE,fixed_development_policy_external_crossfit_nuisance_OPE,season-weighted final PA W per selected current decision; no summed PA policy gain,Q/value/delta/gain: raw W; outcome MSE: W^2; probabilities/coverage: fraction; sample counts: explicit rows/PA/games,NFB,FB,2-0,,,fixed_score_sensitivity,,,,
count,2-0,trim_005,20423.0,0.9634853988771996,0.442957117562345,0.418435823819566,-0.024521293742779,False,,,,bcap_pitch__mlb_2026_ytd_20260907__20260909__r01,BCAP-PITCH-v0.1.0,pitch,2026,COMPLETE,fixed_development_policy_external_crossfit_nuisance_OPE,season-weighted final PA W per selected current decision; no summed PA policy gain,Q/value/delta/gain: raw W; outcome MSE: W^2; probabilities/coverage: fraction; sample counts: explicit rows/PA/games,NFB,FB,2-0,,,fixed_score_sensitivity,,,,
count,2-0,trim_010,19956.0,0.9414539793366986,0.4437103949773056,0.4178674680717955,-0.0258429269055101,True,,,,bcap_pitch__mlb_2026_ytd_20260907__20260909__r01,BCAP-PITCH-v0.1.0,pitch,2026,COMPLETE,fixed_development_policy_external_crossfit_nuisance_OPE,season-weighted final PA W per selected current decision; no summed PA policy gain,Q/value/delta/gain: raw W; outcome MSE: W^2; probabilities/coverage: fraction; sample counts: explicit rows/PA/games,NFB,FB,2-0,,,fixed_score_sensitivity,,,,
count,2-0,clip_010_same_target,20423.0,0.9634853988771996,0.4429759364078362,0.4184561297167516,-0.0245198066910845,False,,,,bcap_pitch__mlb_2026_ytd_20260907__20260909__r01,BCAP-PITCH-v0.1.0,pitch,2026,COMPLETE,fixed_development_policy_external_crossfit_nuisance_OPE,season-weighted final PA W per selected current decision; no summed PA policy gain,Q/value/delta/gain: raw W; outcome MSE: W^2; probabilities/coverage: fraction; sample counts: explicit rows/PA/games,NFB,FB,2-0,,,fixed_score_sensitivity,,,,
count,2-0,first_count_visit,20423.0,0.9634853988771996,0.442957117562345,0.418435823819566,-0.024521293742779,True,,,,bcap_pitch__mlb_2026_ytd_20260907__20260909__r01,BCAP-PITCH-v0.1.0,pitch,2026,COMPLETE,fixed_development_policy_external_crossfit_nuisance_OPE,season-weighted final PA W per selected current decision; no summed PA policy gain,Q/value/delta/gain: raw W; outcome MSE: W^2; probabilities/coverage: fraction; sample counts: explicit rows/PA/games,NFB,FB,2-0,,,fixed_score_sensitivity,,,,
count,2-0,fixed_score_cluster_pitcher,20423.0,,,,-0.024521293742779,False,-0.0550018101307098,0.0059592226451518,661.0,bcap_pitch__mlb_2026_ytd_20260907__20260909__r01,BCAP-PITCH-v0.1.0,pitch,2026,COMPLETE,fixed_development_policy_external_crossfit_nuisance_OPE,season-weighted final PA W per selected current decision; no summed PA policy gain,Q/value/delta/gain: raw W; outcome MSE: W^2; probabilities/coverage: fraction; sample counts: explicit rows/PA/games,NFB,FB,2-0,,,fixed_score_sensitivity,,,,
count,2-0,fixed_score_cluster_batter,20423.0,,,,-0.024521293742779,False,-0.0552668147016973,0.0062242272161393,621.0,bcap_pitch__mlb_2026_ytd_20260907__20260909__r01,BCAP-PITCH-v0.1.0,pitch,2026,COMPLETE,fixed_development_policy_external_crossfit_nuisance_OPE,season-weighted final PA W per selected current decision; no summed PA policy gain,Q/value/delta/gain: raw W; outcome MSE: W^2; probabilities/coverage: fraction; sample counts: explicit rows/PA/games,NFB,FB,2-0,,,fixed_score_sensitivity,,,,
count,2-1,untrimmed,32887.0,1.0,0.3534160618815511,0.360747075927304,0.0073310140457528,True,,,,bcap_pitch__mlb_2026_ytd_20260907__20260909__r01,BCAP-PITCH-v0.1.0,pitch,2026,COMPLETE,fixed_development_policy_external_crossfit_nuisance_OPE,season-weighted final PA W per selected current decision; no summed PA policy gain,Q/value/delta/gain: raw W; outcome MSE: W^2; probabilities/coverage: fraction; sample counts: explicit rows/PA/games,NFB,FB,2-1,,,fixed_score_sensitivity,,,,
count,2-1,trim_002,31895.0,0.9698361054520024,0.3513188073879608,0.3592208933945291,0.0079020860065682,True,,,,bcap_pitch__mlb_2026_ytd_20260907__20260909__r01,BCAP-PITCH-v0.1.0,pitch,2026,COMPLETE,fixed_development_policy_external_crossfit_nuisance_OPE,season-weighted final PA W per selected current decision; no summed PA policy gain,Q/value/delta/gain: raw W; outcome MSE: W^2; probabilities/coverage: fraction; sample counts: explicit rows/PA/games,NFB,FB,2-1,,,fixed_score_sensitivity,,,,
count,2-1,trim_005,31895.0,0.9698361054520024,0.3513188073879608,0.3592208933945291,0.0079020860065682,False,,,,bcap_pitch__mlb_2026_ytd_20260907__20260909__r01,BCAP-PITCH-v0.1.0,pitch,2026,COMPLETE,fixed_development_policy_external_crossfit_nuisance_OPE,season-weighted final PA W per selected current decision; no summed PA policy gain,Q/value/delta/gain: raw W; outcome MSE: W^2; probabilities/coverage: fraction; sample counts: explicit rows/PA/games,NFB,FB,2-1,,,fixed_score_sensitivity,,,,
count,2-1,trim_010,31781.0,0.9663696901511236,0.3508172624022133,0.3593289218622386,0.0085116594600253,True,,,,bcap_pitch__mlb_2026_ytd_20260907__20260909__r01,BCAP-PITCH-v0.1.0,pitch,2026,COMPLETE,fixed_development_policy_external_crossfit_nuisance_OPE,season-weighted final PA W per selected current decision; no summed PA policy gain,Q/value/delta/gain: raw W; outcome MSE: W^2; probabilities/coverage: fraction; sample counts: explicit rows/PA/games,NFB,FB,2-1,,,fixed_score_sensitivity,,,,
count,2-1,clip_010_same_target,31895.0,0.9698361054520024,0.351227220002977,0.3592227572702345,0.0079955372672575,False,,,,bcap_pitch__mlb_2026_ytd_20260907__20260909__r01,BCAP-PITCH-v0.1.0,pitch,2026,COMPLETE,fixed_development_policy_external_crossfit_nuisance_OPE,season-weighted final PA W per selected current decision; no summed PA policy gain,Q/value/delta/gain: raw W; outcome MSE: W^2; probabilities/coverage: fraction; sample counts: explicit rows/PA/games,NFB,FB,2-1,,,fixed_score_sensitivity,,,,
count,2-1,first_count_visit,31895.0,0.9698361054520024,0.3513188073879608,0.3592208933945291,0.0079020860065682,True,,,,bcap_pitch__mlb_2026_ytd_20260907__20260909__r01,BCAP-PITCH-v0.1.0,pitch,2026,COMPLETE,fixed_development_policy_external_crossfit_nuisance_OPE,season-weighted final PA W per selected current decision; no summed PA policy gain,Q/value/delta/gain: raw W; outcome MSE: W^2; probabilities/coverage: fraction; sample counts: explicit rows/PA/games,NFB,FB,2-1,,,fixed_score_sensitivity,,,,
count,2-1,fixed_score_cluster_pitcher,31895.0,,,,0.0079020860065682,False,-0.0160731612666198,0.0318773332797563,668.0,bcap_pitch__mlb_2026_ytd_20260907__20260909__r01,BCAP-PITCH-v0.1.0,pitch,2026,COMPLETE,fixed_development_policy_external_crossfit_nuisance_OPE,season-weighted final PA W per selected current decision; no summed PA policy gain,Q/value/delta/gain: raw W; outcome MSE: W^2; probabilities/coverage: fraction; sample counts: explicit rows/PA/games,NFB,FB,2-1,,,fixed_score_sensitivity,,,,
count,2-1,fixed_score_cluster_batter,31895.0,,,,0.0079020860065682,False,-0.0165867485303908,0.0323909205435274,631.0,bcap_pitch__mlb_2026_ytd_20260907__20260909__r01,BCAP-PITCH-v0.1.0,pitch,2026,COMPLETE,fixed_development_policy_external_crossfit_nuisance_OPE,season-weighted final PA W per selected current decision; no summed PA policy gain,Q/value/delta/gain: raw W; outcome MSE: W^2; probabilities/coverage: fraction; sample counts: explicit rows/PA/games,NFB,FB,2-1,,,fixed_score_sensitivity,,,,
count,2-2,untrimmed,52498.0,1.0,0.2665897698477717,0.2771607094112191,0.0105709395634473,True,,,,bcap_pitch__mlb_2026_ytd_20260907__20260909__r01,BCAP-PITCH-v0.1.0,pitch,2026,COMPLETE,fixed_development_policy_external_crossfit_nuisance_OPE,season-weighted final PA W per selected current decision; no summed PA policy gain,Q/value/delta/gain: raw W; outcome MSE: W^2; probabilities/coverage: fraction; sample counts: explicit rows/PA/games,NFB,FB,2-2,,,fixed_score_sensitivity,,,,
count,2-2,trim_002,51064.0,0.9726846737018552,0.2650491025519104,0.2759737593305356,0.0109246567786253,True,,,,bcap_pitch__mlb_2026_ytd_20260907__20260909__r01,BCAP-PITCH-v0.1.0,pitch,2026,COMPLETE,fixed_development_policy_external_crossfit_nuisance_OPE,season-weighted final PA W per selected current decision; no summed PA policy gain,Q/value/delta/gain: raw W; outcome MSE: W^2; probabilities/coverage: fraction; sample counts: explicit rows/PA/games,NFB,FB,2-2,,,fixed_score_sensitivity,,,,
count,2-2,trim_005,51064.0,0.9726846737018552,0.2650491025519104,0.2759737593305356,0.0109246567786253,False,,,,bcap_pitch__mlb_2026_ytd_20260907__20260909__r01,BCAP-PITCH-v0.1.0,pitch,2026,COMPLETE,fixed_development_policy_external_crossfit_nuisance_OPE,season-weighted final PA W per selected current decision; no summed PA policy gain,Q/value/delta/gain: raw W; outcome MSE: W^2; probabilities/coverage: fraction; sample counts: explicit rows/PA/games,NFB,FB,2-2,,,fixed_score_sensitivity,,,,
count,2-2,trim_010,51054.0,0.9724941902548668,0.2650902922427322,0.2760976678307938,0.0110073755880615,True,,,,bcap_pitch__mlb_2026_ytd_20260907__20260909__r01,BCAP-PITCH-v0.1.0,pitch,2026,COMPLETE,fixed_development_policy_external_crossfit_nuisance_OPE,season-weighted final PA W per selected current decision; no summed PA policy gain,Q/value/delta/gain: raw W; outcome MSE: W^2; probabilities/coverage: fraction; sample counts: explicit rows/PA/games,NFB,FB,2-2,,,fixed_score_sensitivity,,,,
count,2-2,clip_010_same_target,51064.0,0.9726846737018552,0.2650558406917836,0.2759762385343371,0.0109203978425535,False,,,,bcap_pitch__mlb_2026_ytd_20260907__20260909__r01,BCAP-PITCH-v0.1.0,pitch,2026,COMPLETE,fixed_development_policy_external_crossfit_nuisance_OPE,season-weighted final PA W per selected current decision; no summed PA policy gain,Q/value/delta/gain: raw W; outcome MSE: W^2; probabilities/coverage: fraction; sample counts: explicit rows/PA/games,NFB,FB,2-2,,,fixed_score_sensitivity,,,,
count,2-2,first_count_visit,38208.0,0.7277991542534954,0.2633674680935781,0.2740782494469134,0.0107107813533353,True,,,,bcap_pitch__mlb_2026_ytd_20260907__20260909__r01,BCAP-PITCH-v0.1.0,pitch,2026,COMPLETE,fixed_development_policy_external_crossfit_nuisance_OPE,season-weighted final PA W per selected current decision; no summed PA policy gain,Q/value/delta/gain: raw W; outcome MSE: W^2; probabilities/coverage: fraction; sample counts: explicit rows/PA/games,NFB,FB,2-2,,,fixed_score_sensitivity,,,,
count,2-2,fixed_score_cluster_pitcher,51064.0,,,,0.0109246567786253,False,-0.0080902760904414,0.0299395896476921,669.0,bcap_pitch__mlb_2026_ytd_20260907__20260909__r01,BCAP-PITCH-v0.1.0,pitch,2026,COMPLETE,fixed_development_policy_external_crossfit_nuisance_OPE,season-weighted final PA W per selected current decision; no summed PA policy gain,Q/value/delta/gain: raw W; outcome MSE: W^2; probabilities/coverage: fraction; sample counts: explicit rows/PA/games,NFB,FB,2-2,,,fixed_score_sensitivity,,,,
count,2-2,fixed_score_cluster_batter,51064.0,,,,0.0109246567786253,False,-0.0062272584662064,0.028076572023457,637.0,bcap_pitch__mlb_2026_ytd_20260907__20260909__r01,BCAP-PITCH-v0.1.0,pitch,2026,COMPLETE,fixed_development_policy_external_crossfit_nuisance_OPE,season-weighted final PA W per selected current decision; no summed PA policy gain,Q/value/delta/gain: raw W; outcome MSE: W^2; probabilities/coverage: fraction; sample counts: explicit rows/PA/games,NFB,FB,2-2,,,fixed_score_sensitivity,,,,
count,3-0,untrimmed,6819.0,1.0,0.4549087233566846,0.5561759268496056,0.1012672034929208,True,,,,bcap_pitch__mlb_2026_ytd_20260907__20260909__r01,BCAP-PITCH-v0.1.0,pitch,2026,COMPLETE,fixed_development_policy_external_crossfit_nuisance_OPE,season-weighted final PA W per selected current decision; no summed PA policy gain,Q/value/delta/gain: raw W; outcome MSE: W^2; probabilities/coverage: fraction; sample counts: explicit rows/PA/games,NFB,FB,3-0,,,fixed_score_sensitivity,,,,
count,3-0,trim_002,6533.0,0.9580583663293738,0.4529427814435676,0.5551018181434214,0.1021590366998537,True,,,,bcap_pitch__mlb_2026_ytd_20260907__20260909__r01,BCAP-PITCH-v0.1.0,pitch,2026,COMPLETE,fixed_development_policy_external_crossfit_nuisance_OPE,season-weighted final PA W per selected current decision; no summed PA policy gain,Q/value/delta/gain: raw W; outcome MSE: W^2; probabilities/coverage: fraction; sample counts: explicit rows/PA/games,NFB,FB,3-0,,,fixed_score_sensitivity,,,,
count,3-0,trim_005,6169.0,0.9046781052940314,0.4586816268789191,0.5554444062576744,0.0967627793787553,False,,,,bcap_pitch__mlb_2026_ytd_20260907__20260909__r01,BCAP-PITCH-v0.1.0,pitch,2026,COMPLETE,fixed_development_policy_external_crossfit_nuisance_OPE,season-weighted final PA W per selected current decision; no summed PA policy gain,Q/value/delta/gain: raw W; outcome MSE: W^2; probabilities/coverage: fraction; sample counts: explicit rows/PA/games,NFB,FB,3-0,,,fixed_score_sensitivity,,,,
count,3-0,trim_010,3932.0,0.5766241384367209,0.4777705007211583,0.5571709109113807,0.0794004101902224,True,,,,bcap_pitch__mlb_2026_ytd_20260907__20260909__r01,BCAP-PITCH-v0.1.0,pitch,2026,COMPLETE,fixed_development_policy_external_crossfit_nuisance_OPE,season-weighted final PA W per selected current decision; no summed PA policy gain,Q/value/delta/gain: raw W; outcome MSE: W^2; probabilities/coverage: fraction; sample counts: explicit rows/PA/games,NFB,FB,3-0,,,fixed_score_sensitivity,,,,
count,3-0,clip_010_same_target,6169.0,0.9046781052940314,0.45653839782011,0.5558029034471667,0.0992645056270566,False,,,,bcap_pitch__mlb_2026_ytd_20260907__20260909__r01,BCAP-PITCH-v0.1.0,pitch,2026,COMPLETE,fixed_development_policy_external_crossfit_nuisance_OPE,season-weighted final PA W per selected current decision; no summed PA policy gain,Q/value/delta/gain: raw W; outcome MSE: W^2; probabilities/coverage: fraction; sample counts: explicit rows/PA/games,NFB,FB,3-0,,,fixed_score_sensitivity,,,,
count,3-0,first_count_visit,6169.0,0.9046781052940314,0.4586816268789191,0.5554444062576744,0.0967627793787553,True,,,,bcap_pitch__mlb_2026_ytd_20260907__20260909__r01,BCAP-PITCH-v0.1.0,pitch,2026,COMPLETE,fixed_development_policy_external_crossfit_nuisance_OPE,season-weighted final PA W per selected current decision; no summed PA policy gain,Q/value/delta/gain: raw W; outcome MSE: W^2; probabilities/coverage: fraction; sample counts: explicit rows/PA/games,NFB,FB,3-0,,,fixed_score_sensitivity,,,,
count,3-0,fixed_score_cluster_pitcher,6169.0,,,,0.0967627793787553,False,0.0478904121764709,0.1456351465810396,618.0,bcap_pitch__mlb_2026_ytd_20260907__20260909__r01,BCAP-PITCH-v0.1.0,pitch,2026,COMPLETE,fixed_development_policy_external_crossfit_nuisance_OPE,season-weighted final PA W per selected current decision; no summed PA policy gain,Q/value/delta/gain: raw W; outcome MSE: W^2; probabilities/coverage: fraction; sample counts: explicit rows/PA/games,NFB,FB,3-0,,,fixed_score_sensitivity,,,,
count,3-0,fixed_score_cluster_batter,6169.0,,,,0.0967627793787553,False,0.051935842378028,0.1415897163794825,567.0,bcap_pitch__mlb_2026_ytd_20260907__20260909__r01,BCAP-PITCH-v0.1.0,pitch,2026,COMPLETE,fixed_development_policy_external_crossfit_nuisance_OPE,season-weighted final PA W per selected current decision; no summed PA policy gain,Q/value/delta/gain: raw W; outcome MSE: W^2; probabilities/coverage: fraction; sample counts: explicit rows/PA/games,NFB,FB,3-0,,,fixed_score_sensitivity,,,,
count,3-1,untrimmed,14009.0,1.0,0.4751882875252561,0.480250756051717,0.0050624685264609,True,,,,bcap_pitch__mlb_2026_ytd_20260907__20260909__r01,BCAP-PITCH-v0.1.0,pitch,2026,COMPLETE,fixed_development_policy_external_crossfit_nuisance_OPE,season-weighted final PA W per selected current decision; no summed PA policy gain,Q/value/delta/gain: raw W; outcome MSE: W^2; probabilities/coverage: fraction; sample counts: explicit rows/PA/games,NFB,FB,3-1,,,fixed_score_sensitivity,,,,
count,3-1,trim_002,13525.0,0.965450781640374,0.4726680060802951,0.4776113383814581,0.0049433323011629,True,,,,bcap_pitch__mlb_2026_ytd_20260907__20260909__r01,BCAP-PITCH-v0.1.0,pitch,2026,COMPLETE,fixed_development_policy_external_crossfit_nuisance_OPE,season-weighted final PA W per selected current decision; no summed PA policy gain,Q/value/delta/gain: raw W; outcome MSE: W^2; probabilities/coverage: fraction; sample counts: explicit rows/PA/games,NFB,FB,3-1,,,fixed_score_sensitivity,,,,
count,3-1,trim_005,13449.0,0.960025697765722,0.4729612584063087,0.4775249303777105,0.0045636719714018,False,,,,bcap_pitch__mlb_2026_ytd_20260907__20260909__r01,BCAP-PITCH-v0.1.0,pitch,2026,COMPLETE,fixed_development_policy_external_crossfit_nuisance_OPE,season-weighted final PA W per selected current decision; no summed PA policy gain,Q/value/delta/gain: raw W; outcome MSE: W^2; probabilities/coverage: fraction; sample counts: explicit rows/PA/games,NFB,FB,3-1,,,fixed_score_sensitivity,,,,
count,3-1,trim_010,12804.0,0.9139838675137412,0.4758816870988696,0.4774513435219593,0.0015696564230896,True,,,,bcap_pitch__mlb_2026_ytd_20260907__20260909__r01,BCAP-PITCH-v0.1.0,pitch,2026,COMPLETE,fixed_development_policy_external_crossfit_nuisance_OPE,season-weighted final PA W per selected current decision; no summed PA policy gain,Q/value/delta/gain: raw W; outcome MSE: W^2; probabilities/coverage: fraction; sample counts: explicit rows/PA/games,NFB,FB,3-1,,,fixed_score_sensitivity,,,,
count,3-1,clip_010_same_target,13449.0,0.960025697765722,0.4732001301500435,0.4775706377642429,0.0043705076141995,False,,,,bcap_pitch__mlb_2026_ytd_20260907__20260909__r01,BCAP-PITCH-v0.1.0,pitch,2026,COMPLETE,fixed_development_policy_external_crossfit_nuisance_OPE,season-weighted final PA W per selected current decision; no summed PA policy gain,Q/value/delta/gain: raw W; outcome MSE: W^2; probabilities/coverage: fraction; sample counts: explicit rows/PA/games,NFB,FB,3-1,,,fixed_score_sensitivity,,,,
count,3-1,first_count_visit,13449.0,0.960025697765722,0.4729612584063087,0.4775249303777105,0.0045636719714018,True,,,,bcap_pitch__mlb_2026_ytd_20260907__20260909__r01,BCAP-PITCH-v0.1.0,pitch,2026,COMPLETE,fixed_development_policy_external_crossfit_nuisance_OPE,season-weighted final PA W per selected current decision; no summed PA policy gain,Q/value/delta/gain: raw W; outcome MSE: W^2; probabilities/coverage: fraction; sample counts: explicit rows/PA/games,NFB,FB,3-1,,,fixed_score_sensitivity,,,,
count,3-1,fixed_score_cluster_pitcher,13449.0,,,,0.0045636719714018,False,-0.0310934103026166,0.0402207542454204,652.0,bcap_pitch__mlb_2026_ytd_20260907__20260909__r01,BCAP-PITCH-v0.1.0,pitch,2026,COMPLETE,fixed_development_policy_external_crossfit_nuisance_OPE,season-weighted final PA W per selected current decision; no summed PA policy gain,Q/value/delta/gain: raw W; outcome MSE: W^2; probabilities/coverage: fraction; sample counts: explicit rows/PA/games,NFB,FB,3-1,,,fixed_score_sensitivity,,,,
count,3-1,fixed_score_cluster_batter,13449.0,,,,0.0045636719714018,False,-0.0350801342289671,0.0442074781717709,595.0,bcap_pitch__mlb_2026_ytd_20260907__20260909__r01,BCAP-PITCH-v0.1.0,pitch,2026,COMPLETE,fixed_development_policy_external_crossfit_nuisance_OPE,season-weighted final PA W per selected current decision; no summed PA policy gain,Q/value/delta/gain: raw W; outcome MSE: W^2; probabilities/coverage: fraction; sample counts: explicit rows/PA/games,NFB,FB,3-1,,,fixed_score_sensitivity,,,,
count,3-2,untrimmed,31879.0,1.0,0.3709869046865046,0.37783646575237,0.0068495610658654,True,,,,bcap_pitch__mlb_2026_ytd_20260907__20260909__r01,BCAP-PITCH-v0.1.0,pitch,2026,COMPLETE,fixed_development_policy_external_crossfit_nuisance_OPE,season-weighted final PA W per selected current decision; no summed PA policy gain,Q/value/delta/gain: raw W; outcome MSE: W^2; probabilities/coverage: fraction; sample counts: explicit rows/PA/games,NFB,FB,3-2,,,fixed_score_sensitivity,,,,
count,3-2,trim_002,30966.0,0.971360456726999,0.3682197133216839,0.3760181319695488,0.0077984186478649,True,,,,bcap_pitch__mlb_2026_ytd_20260907__20260909__r01,BCAP-PITCH-v0.1.0,pitch,2026,COMPLETE,fixed_development_policy_external_crossfit_nuisance_OPE,season-weighted final PA W per selected current decision; no summed PA policy gain,Q/value/delta/gain: raw W; outcome MSE: W^2; probabilities/coverage: fraction; sample counts: explicit rows/PA/games,NFB,FB,3-2,,,fixed_score_sensitivity,,,,
count,3-2,trim_005,30966.0,0.971360456726999,0.3682197133216839,0.3760181319695488,0.0077984186478649,False,,,,bcap_pitch__mlb_2026_ytd_20260907__20260909__r01,BCAP-PITCH-v0.1.0,pitch,2026,COMPLETE,fixed_development_policy_external_crossfit_nuisance_OPE,season-weighted final PA W per selected current decision; no summed PA policy gain,Q/value/delta/gain: raw W; outcome MSE: W^2; probabilities/coverage: fraction; sample counts: explicit rows/PA/games,NFB,FB,3-2,,,fixed_score_sensitivity,,,,
count,3-2,trim_010,30781.0,0.9655572634022396,0.3685960967559247,0.3761297853181273,0.0075336885622026,True,,,,bcap_pitch__mlb_2026_ytd_20260907__20260909__r01,BCAP-PITCH-v0.1.0,pitch,2026,COMPLETE,fixed_development_policy_external_crossfit_nuisance_OPE,season-weighted final PA W per selected current decision; no summed PA policy gain,Q/value/delta/gain: raw W; outcome MSE: W^2; probabilities/coverage: fraction; sample counts: explicit rows/PA/games,NFB,FB,3-2,,,fixed_score_sensitivity,,,,
count,3-2,clip_010_same_target,30966.0,0.971360456726999,0.3682540130778734,0.3760154745757478,0.0077614614978744,False,,,,bcap_pitch__mlb_2026_ytd_20260907__20260909__r01,BCAP-PITCH-v0.1.0,pitch,2026,COMPLETE,fixed_development_policy_external_crossfit_nuisance_OPE,season-weighted final PA W per selected current decision; no summed PA policy gain,Q/value/delta/gain: raw W; outcome MSE: W^2; probabilities/coverage: fraction; sample counts: explicit rows/PA/games,NFB,FB,3-2,,,fixed_score_sensitivity,,,,
count,3-2,first_count_visit,22269.0,0.6985476332381819,0.3669903744852513,0.3747319710473255,0.0077415965620742,True,,,,bcap_pitch__mlb_2026_ytd_20260907__20260909__r01,BCAP-PITCH-v0.1.0,pitch,2026,COMPLETE,fixed_development_policy_external_crossfit_nuisance_OPE,season-weighted final PA W per selected current decision; no summed PA policy gain,Q/value/delta/gain: raw W; outcome MSE: W^2; probabilities/coverage: fraction; sample counts: explicit rows/PA/games,NFB,FB,3-2,,,fixed_score_sensitivity,,,,
count,3-2,fixed_score_cluster_pitcher,30966.0,,,,0.0077984186478649,False,-0.0146438905082382,0.0302407278039681,653.0,bcap_pitch__mlb_2026_ytd_20260907__20260909__r01,BCAP-PITCH-v0.1.0,pitch,2026,COMPLETE,fixed_development_policy_external_crossfit_nuisance_OPE,season-weighted final PA W per selected current decision; no summed PA policy gain,Q/value/delta/gain: raw W; outcome MSE: W^2; probabilities/coverage: fraction; sample counts: explicit rows/PA/games,NFB,FB,3-2,,,fixed_score_sensitivity,,,,
count,3-2,fixed_score_cluster_batter,30966.0,,,,0.0077984186478649,False,-0.0133615041438532,0.0289583414395831,619.0,bcap_pitch__mlb_2026_ytd_20260907__20260909__r01,BCAP-PITCH-v0.1.0,pitch,2026,COMPLETE,fixed_development_policy_external_crossfit_nuisance_OPE,season-weighted final PA W per selected current decision; no summed PA policy gain,Q/value/delta/gain: raw W; outcome MSE: W^2; probabilities/coverage: fraction; sample counts: explicit rows/PA/games,NFB,FB,3-2,,,fixed_score_sensitivity,,,,
,,,,,,,,,,,,bcap_swing__mlb_2026_ytd_20260907__20260909__r01,BCAP-SWING-v0.1.0,swing,2026,WITHHELD,not_evaluated_measurement_noncomparability,season-weighted final PA W per selected current decision; no summed PA policy gain,Q/value/delta/gain: raw W; outcome MSE: W^2; probabilities/coverage: fraction; sample counts: explicit rows/PA/games,Take_adjudicated,Swing_offer_including_bunts,,,,evaluation_status,WITHHELD_MEASUREMENT_NONCOMPARABILITY,2026 plate middle / ABS zone differs; no validated bridge; no replacement model used,,False
