level,count,region,region_name,pitch_group,n_all,n,coverage,games,PA,pitchers,batters,action1_rate_all,action1_rate,action0_rate_all,action0_rate,observed_Y,action0,action1,rows0,ESS0,games0,max_game_share0,rows1,ESS1,games1,max_game_share1,Q0,Q1,gcomp0,gcomp1,delta,SE,nominal95_low,nominal95_high,family95_low,family95_high,arithmetic_direction,point_direction,evidence,large_point_difference,support_gate,recommendation,unit,fraction_of_count_all
overall,ALL,ALL,ALL,ALL,1416043,1355719,0.9573995987409987,4859,362143,1113,712,0.47921567353533756,0.49060240359543533,0.5207843264646624,0.5093975964045647,0.2993081294870102,Take,Swing_including_bunts,690600,397697.46170423675,4859,0.0003584496625572522,665119,414229.8947892059,4859,0.0003255573302810071,0.2843539510130103,0.25998656393276737,0.294558067411158,0.259332541372598,-0.024367387080242973,0.0009488185505018177,-0.026227500710135854,-0.022507273450350092,-0.027866824021212534,-0.020867950139273412,Take,Take,관찰상 방향 뚜렷,True,True,,W per selected current decision; not PA sum,
count,0-0,ALL,ALL,ALL,363584,341471,0.9391804919908466,4859,341471,1113,712,0.3212297570850202,0.3392879629602514,0.6787702429149798,0.6607120370397486,0.3076950897733629,Take,Swing_including_bunts,225614,207463.2691379464,4859,0.0003395050261262245,115857,80157.30018430263,4859,0.0004934021743727738,0.30079258964700545,0.29135885088411306,0.2995254090495287,0.28964104373014465,-0.009433738762892344,0.0020882782622144817,-0.013527708949815597,-0.005339768575969089,-0.0171357362522459,-0.0017317412735387882,Take,Take,관찰상 방향 뚜렷,False,True,,W per selected current decision; not PA sum,
region,0-0,HIGH,상(높음),ALL,43347,34813,0.8031236302396937,4849,34813,1056,703,0.14575403142085958,0.1786976129606756,0.8542459685791404,0.8213023870393243,0.32378798150116334,Take,Swing_including_bunts,28592,28070.119235505575,4824,0.0006689746261448257,6221,4630.896584104001,3393,0.0018329766376231889,0.3347240095003322,0.2554549503221761,0.34052122917855626,0.24945213357399165,-0.07926905917815619,0.0067354737259603305,-0.09247364177738274,-0.06606447657892964,-0.10411090282254515,-0.05442721553376723,Take,Take,관찰상 방향 뚜렷,True,True,,W per selected current decision; not PA sum,0.11922141788417533
region_pitch,0-0,HIGH,상(높음),FB,33032,26588,0.8049164446597239,4816,26588,965,700,0.1732259627028336,0.2117120505491199,0.8267740372971664,0.7882879494508801,0.3215162855423499,Take,Swing_including_bunts,20959,20624.45700430789,4758,0.0007697165582279446,5629,4205.1108108714525,3223,0.001990255996551399,0.33617036710418996,0.2501282798150854,0.3393005991239417,0.24702916976236444,-0.08604208728910462,0.008234296758825307,-0.10218507027951833,-0.06989910429869091,-0.11641206211047969,-0.05567211246772954,Take,Take,관찰상 방향 뚜렷,True,True,,W per selected current decision; not PA sum,0.09085108255588804
region_pitch,0-0,HIGH,상(높음),NFB,10314,8225,0.7974597634283498,3789,8225,929,661,0.0577855342253248,0.07197568389057751,0.9422144657746752,0.9280243161094225,0.3311314285714286,Take,Swing_including_bunts,7633,7458.826262210107,3694,0.0011920722133515892,592,438.6993281336687,532,0.010104411713163779,0.3300485376497099,0.27267385797476307,0.34446701785844597,0.257284566622447,-0.057374679674946874,0.009910950655077631,-0.0768059947890861,-0.037943364560807644,-0.09393604801797162,-0.02081331133192213,Take,Take,관찰상 방향 뚜렷,True,True,,W per selected current decision; not PA sum,0.028367584932230242
region,0-0,LOW,하(낮음),ALL,65389,55961,0.8558167275841503,4859,55961,1049,708,0.19443637309027512,0.21963510301817338,0.8055636269097248,0.7803648969818267,0.3294038884222941,Take,Swing_including_bunts,43670,42923.91023444838,4855,0.0005314222739252253,12291,9048.764253653659,4394,0.001128996439295894,0.34289030633098466,0.26898631674592166,0.3422534703009248,0.2534094716059319,-0.07390398958506299,0.006074850575330836,-0.08581344513771752,-0.061994534032408455,-0.09630928141134479,-0.05149869775878119,Take,Take,관찰상 방향 뚜렷,True,True,,W per selected current decision; not PA sum,0.17984564777327935
region_pitch,0-0,LOW,하(낮음),FB,24462,20900,0.8543863952252473,4743,20900,944,693,0.10264900662251655,0.11794258373205742,0.8973509933774835,0.8820574162679425,0.3355704306220096,Take,Swing_including_bunts,18435,18159.989423728115,4686,0.0008434542596397326,2465,1896.6689158123163,1848,0.003839042357099825,0.3414278336401516,0.2617104166541699,0.3386389960777875,0.24959449947950368,-0.07971741698598174,0.007864869301968216,-0.09513621309139259,-0.0642986208805709,-0.10872519693136694,-0.05070963704059654,Take,Take,관찰상 방향 뚜렷,True,True,,W per selected current decision; not PA sum,0.06728018834712199
region_pitch,0-0,LOW,하(낮음),NFB,40924,35061,0.8567344345616265,4850,35061,1029,704,0.24931580490665625,0.28025441373606,0.7506841950933437,0.7197455862639399,0.3257279883631385,Take,Swing_including_bunts,25235,24767.513049250185,4813,0.000640839972871338,9826,7156.507809513271,4115,0.0013527949700832638,0.34376209205410757,0.27332350940778566,0.3444080726015884,0.2556835914953347,-0.0704385826463219,0.00840258227858135,-0.08691145308491317,-0.05396571220773062,-0.10142906843489248,-0.039448096857751316,Take,Take,관찰상 방향 뚜렷,True,True,,W per selected current decision; not PA sum,0.11255720823798628
region,0-0,INSIDE,좌(몸쪽),ALL,49386,42200,0.8544931762037824,4856,42200,1066,708,0.2391770947232009,0.2733649289099526,0.7608229052767991,0.7266350710900473,0.31959573459715634,Take,Swing_including_bunts,30664,30160.639411900174,4836,0.0005940621408268481,11536,8659.166299833927,4360,0.0012422307027861164,0.3329894504950016,0.2622426821361614,0.3299979443165954,0.26270226009463976,-0.07074676835884022,0.0077458339160359595,-0.08593210959527298,-0.05556142712240746,-0.09931500188128738,-0.04217853483639307,Take,Take,관찰상 방향 뚜렷,True,True,,W per selected current decision; not PA sum,0.13583105967259285
region_pitch,0-0,INSIDE,좌(몸쪽),FB,32616,28308,0.8679175864606328,4821,28308,974,704,0.2589833210694138,0.29376854599406527,0.7410166789305862,0.7062314540059347,0.3124444679949131,Take,Swing_including_bunts,19992,19697.31806511359,4727,0.0007269792332894492,8316,6299.034403969294,3894,0.0015564481347898444,0.32626430323107064,0.2559284309969461,0.3269563163575894,0.2611248558323046,-0.07033587223412457,0.009805912055709822,-0.08955993409022893,-0.05111181037802022,-0.10650229626708824,-0.034169448201160905,Take,Take,관찰상 방향 뚜렷,True,True,,W per selected current decision; not PA sum,0.08970691779616265
region_pitch,0-0,INSIDE,좌(몸쪽),NFB,16767,13892,0.8285322359396433,4482,13892,995,691,0.20069183515238265,0.23178807947019867,0.7993081648476174,0.7682119205298014,0.33416801036567806,Take,Swing_including_bunts,10672,10469.637212178732,4199,0.001109661693332794,3220,2360.3903042714273,2288,0.0033195967222388674,0.34669341455686153,0.27510935513133183,0.33619592907498447,0.2659165675995479,-0.0715840594255297,0.01250504631576698,-0.09610012184235875,-0.047067997008700645,-0.11770814256522372,-0.025459976285835684,Take,Take,관찰상 방향 뚜렷,True,True,,W per selected current decision; not PA sum,0.04611589068825911
region,0-0,OUTSIDE,우(바깥쪽),ALL,86620,74527,0.8603902101131379,4859,74527,1082,710,0.138039713691988,0.1568559045714976,0.861960286308012,0.8431440954285024,0.3217880902223355,Take,Swing_including_bunts,62837,61769.016172303345,4859,0.00046653534192317236,11690,8839.855540986235,4359,0.0010486522862392055,0.33001425474868573,0.26145642714775646,0.32947056445190304,0.2646268406210675,-0.06855782760092928,0.004424769217293946,-0.07723237715085733,-0.05988327805100123,-0.0848772817748322,-0.052238373427026356,Take,Take,관찰상 방향 뚜렷,True,True,,W per selected current decision; not PA sum,0.23823930646013025
region_pitch,0-0,OUTSIDE,우(바깥쪽),FB,47101,40197,0.8534213710961551,4858,40197,988,704,0.11602726056771619,0.13481105555140932,0.8839727394322838,0.8651889444485907,0.3225581511058039,Take,Swing_including_bunts,34778,34274.17385684341,4854,0.0005909596875679844,5419,4291.67489450391,3165,0.0017047377274794456,0.32810414363084434,0.26144880532023174,0.3265476463721604,0.26150586853800145,-0.06665533831061257,0.005626398587034685,-0.07768562564047851,-0.05562505098074663,-0.08740665065961915,-0.04590402596160599,Take,Take,관찰상 방향 뚜렷,True,True,,W per selected current decision; not PA sum,0.12954640468227424
region_pitch,0-0,OUTSIDE,우(바깥쪽),NFB,39519,34330,0.8686960702446924,4852,34330,1054,707,0.16427541182722236,0.1826682202155549,0.8357245881727776,0.817331779784445,0.32088642586658894,Take,Swing_including_bunts,28059,27511.28595316844,4834,0.0006152989562100926,6271,4576.391532384858,3414,0.0015909676404201822,0.33225080402348534,0.2614653515462712,0.33289300948689915,0.26828118710586235,-0.07078545247721418,0.0069408771284869015,-0.08439271678093696,-0.0571781881734914,-0.09638485515664479,-0.04518604979778358,Take,Take,관찰상 방향 뚜렷,True,True,,W per selected current decision; not PA sum,0.10869290177785601
region,0-0,CENTER,가운데(존 안),ALL,164101,163572,0.9967763755248292,4859,163572,1102,711,0.4784614353355555,0.4783642677230822,0.5215385646644445,0.5216357322769178,0.29282621108747214,Take,Swing_including_bunts,85325,80375.78580697939,4859,0.000414606173594178,78247,72494.68317276963,4859,0.000428295837534346,0.2666502067887301,0.3199043701399531,0.2661367233660151,0.31865934050596584,0.05325416335122305,0.002659127837694933,0.04804106972873021,0.058467256973715895,0.04344675583261095,0.06306157086983516,Swing_including_bunts,Swing_including_bunts,관찰상 방향 뚜렷,True,True,,W per selected current decision; not PA sum,0.45134274335504315
region_pitch,0-0,CENTER,가운데(존 안),FB,105608,105262,0.9967237330505265,4859,105262,1010,711,0.4984565563214908,0.49843248275731034,0.5015434436785092,0.5015675172426897,0.29219989169880867,Take,Swing_including_bunts,52796,49514.731311364005,4859,0.0004732998590218772,52466,48770.53650893927,4859,0.00045987935129503403,0.2654814161664555,0.31802748578315726,0.2653591393355501,0.31616001379509506,0.05254606961670166,0.0032609104769144885,0.046153209758764566,0.05893892947463876,0.040519164600907105,0.06457297463249623,Swing_including_bunts,Swing_including_bunts,관찰상 방향 뚜렷,True,True,,W per selected current decision; not PA sum,0.2904638267910579
region_pitch,0-0,CENTER,가운데(존 안),NFB,58493,58310,0.9968714205118561,4859,58310,1074,707,0.4423606243482126,0.44213685474189673,0.5576393756517875,0.5578631452581033,0.29395685131195337,Take,Swing_including_bunts,32529,31346.617561338036,4843,0.0006308564895978854,25781,24058.27203612944,4828,0.0006937330446728007,0.2687601234150696,0.3232925471450131,0.26754042856606325,0.3231711588602734,0.054532423729943526,0.0045278033354677685,0.045655880693001805,0.06340896676688525,0.037832958647604,0.07123188881228305,Swing_including_bunts,Swing_including_bunts,관찰상 방향 뚜렷,True,True,,W per selected current decision; not PA sum,0.1608789165639852
count,0-1,ALL,ALL,ALL,184625,178525,0.9669600541638457,4859,178525,1104,710,0.4914773188896412,0.505223358073099,0.5085226811103588,0.49477664192690096,0.26322625402604677,Take,Swing_including_bunts,88330,53822.99169680074,4859,0.0004876741737749415,90195,55279.12898294257,4859,0.0005243381787170478,0.2553815177583406,0.2351699143056646,0.2557692780210301,0.2337672041484345,-0.02021160345267602,0.002811375584586477,-0.025723171540032206,-0.014700035365319834,-0.030580531811463384,-0.009842675093888658,Take,Take,관찰상 방향 뚜렷,True,True,,W per selected current decision; not PA sum,
region,0-1,HIGH,상(높음),ALL,23087,21055,0.9119850998397366,4738,21055,1000,699,0.2734872439034955,0.29798147708382805,0.7265127560965046,0.702018522916172,0.2631603419615293,Take,Swing_including_bunts,14781,12735.635743823037,4534,0.0008741678573459391,6274,4237.943576537354,3420,0.001802130104132507,0.2792751433433793,0.21024262193183071,0.2876794362536478,0.20327230117758593,-0.06903252141154857,0.007099350622526728,-0.0829505491657427,-0.05511449365735445,-0.09521688124267878,-0.04284816158041836,Take,Take,관찰상 방향 뚜렷,True,True,,W per selected current decision; not PA sum,0.1250480704129993
region_pitch,0-1,HIGH,상(높음),FB,19397,17736,0.9143682012682374,4667,17736,927,693,0.3003041707480538,0.32622913847541724,0.6996958292519462,0.6737708615245828,0.25953715606675687,Take,Swing_including_bunts,11950,10660.97941518762,4345,0.000962504577702454,5786,3921.4591198967623,3301,0.0019015241569356976,0.2792384177799908,0.2083209130965491,0.2857421472563086,0.203233517302463,-0.07091750468344164,0.007879867323894226,-0.08636576811728222,-0.05546924124960106,-0.09998096557528352,-0.041854043791599765,Take,Take,관찰상 방향 뚜렷,True,True,,W per selected current decision; not PA sum,0.10506161137440759
region_pitch,0-1,HIGH,상(높음),NFB,3689,3319,0.8997018162103552,2272,3319,759,594,0.13255624830577392,0.1470322386260922,0.867443751694226,0.8529677613739078,0.28252184392889423,Take,Swing_including_bunts,2831,2276.045104243999,2043,0.0029595591251282555,488,394.91882566509634,448,0.00938930822142422,0.2794713966101039,0.22051180780183804,0.2980318790547348,0.20347955360578146,-0.05895958880826582,0.016536081664106136,-0.09138699584758578,-0.02653218176894586,-0.12000024842450932,0.002081070807977675,Take,Take,차이 불명확,True,True,,W per selected current decision; not PA sum,0.019981042654028437
region,0-1,LOW,하(낮음),ALL,47164,43707,0.926702569756594,4858,43707,1016,706,0.3095581375625477,0.3302674628777999,0.6904418624374523,0.6697325371222,0.26789738485826065,Take,Swing_including_bunts,29272,25420.554300090953,4847,0.0006629361747679062,14435,9065.274342458844,4576,0.0011627949539697242,0.29146394171955775,0.20751489041914287,0.29371174157861546,0.1963208902777594,-0.08394905130041486,0.005598282524628293,-0.09492421842467688,-0.07297388417615283,-0.104596665842735,-0.06330143675809471,Take,Take,관찰상 방향 뚜렷,True,True,,W per selected current decision; not PA sum,0.2554583615436696
region_pitch,0-1,LOW,하(낮음),FB,9414,8648,0.9186318249415764,3912,8648,857,660,0.17665179519864033,0.19079555966697503,0.8233482048013596,0.809204440333025,0.2652580943570768,Take,Swing_including_bunts,6998,6128.898426576441,3582,0.0014973492151297884,1650,1038.876657109715,1372,0.006030708244740253,0.27729222960866384,0.1969873472968504,0.2860244904133731,0.1996836085901189,-0.0803048823118134,0.010542115737411442,-0.10097344589008381,-0.059636318733543,-0.1191934324897449,-0.04141633213388191,Take,Take,관찰상 방향 뚜렷,True,True,,W per selected current decision; not PA sum,0.050989844278943805
region_pitch,0-1,LOW,하(낮음),NFB,37748,35059,0.9287644378510119,4851,35059,1003,706,0.3427201441135954,0.364670983199749,0.6572798558864046,0.635329016800251,0.2685484183804444,Take,Swing_including_bunts,22274,19292.48775613808,4801,0.0007465485165240025,12785,8029.792900106979,4452,0.0013224403013006633,0.2949596765190389,0.21011171842112764,0.2956079550495364,0.19549140889023311,-0.08484795809791122,0.006415006519888577,-0.09742427836725026,-0.07227163782857218,-0.10850784394738427,-0.06118807224843817,Take,Take,관찰상 방향 뚜렷,True,True,,W per selected current decision; not PA sum,0.2044576844955992
region,0-1,INSIDE,좌(몸쪽),ALL,26962,25151,0.9328313923299458,4821,25151,1010,699,0.35983977449744087,0.3821716830344718,0.6401602255025591,0.6178283169655282,0.26654164844340184,Take,Swing_including_bunts,15539,13535.222600410832,4638,0.0008536451991232792,9612,6413.766090246732,4149,0.0012839638051281603,0.2821837785403952,0.2092261425165958,0.28113534583051114,0.21258890158335847,-0.07295763602379943,0.007630667849455382,-0.08791722671846616,-0.05799804532913269,-0.10110126687937203,-0.044814005168226825,Take,Take,관찰상 방향 뚜렷,True,True,,W per selected current decision; not PA sum,0.1460365605958023
region_pitch,0-1,INSIDE,좌(몸쪽),FB,17397,16490,0.9478645743518997,4637,16490,926,687,0.38115767086279245,0.3997574287446938,0.6188423291372076,0.6002425712553062,0.2597473620375986,Take,Swing_including_bunts,9898,8843.030672313866,4149,0.0010287876368849963,6592,4590.81841639176,3510,0.0015575805307027105,0.2775817177616775,0.1966816260615877,0.27508096362449386,0.21666574976899397,-0.08090009170008976,0.00904931370311331,-0.09864105242406847,-0.06315913097611105,-0.11427701223253499,-0.047523171167644526,Take,Take,관찰상 방향 뚜렷,True,True,,W per selected current decision; not PA sum,0.0942288422477996
region_pitch,0-1,INSIDE,좌(몸쪽),NFB,9563,8661,0.9056781344766287,3937,8661,920,671,0.3211335355014117,0.3486895277681561,0.6788664644985882,0.6513104722318439,0.2794775430088904,Take,Swing_including_bunts,5641,4747.87881765493,3267,0.0017346509214869335,3020,1826.4081603026045,2178,0.002591719613055816,0.2909458132062602,0.23311011392210138,0.29266250927321097,0.20482683870596208,-0.057835699284158805,0.013805928330154453,-0.08490314508772334,-0.03076825348059426,-0.10876374531649619,-0.006907653251821418,Take,Take,관찰상 방향 뚜렷,True,True,,W per selected current decision; not PA sum,0.0517968855788761
region,0-1,OUTSIDE,우(바깥쪽),ALL,50401,46706,0.9266879625404257,4857,46706,1051,704,0.2588043888018095,0.27668821992891707,0.7411956111981906,0.7233117800710829,0.26790551535134666,Take,Swing_including_bunts,33783,29334.628859022047,4848,0.0006336468453885221,12923,8347.785794588066,4474,0.0011456925060364697,0.2819267595965755,0.21235291201876833,0.2820206588246704,0.20846346951683578,-0.06957384757780713,0.004914937716298389,-0.07920935014011647,-0.05993834501549779,-0.0877011490697362,-0.05144654608587807,Take,Take,관찰상 방향 뚜렷,True,True,,W per selected current decision; not PA sum,0.2729911983750846
region_pitch,0-1,OUTSIDE,우(바깥쪽),FB,19022,17486,0.9192513931237515,4695,17486,935,694,0.19251393123751445,0.20839528765869839,0.8074860687624855,0.7916047123413016,0.26850165846963286,Take,Swing_including_bunts,13842,12175.159287888855,4518,0.001012137997596278,3644,2514.1956377744073,2505,0.0029258111702324154,0.2738086276885798,0.21790057523344292,0.2744646608044773,0.21118233268111428,-0.05590805245513682,0.007371618103224584,-0.07035988488557932,-0.04145622002469432,-0.08309680151993325,-0.02871930339034039,Take,Take,관찰상 방향 뚜렷,True,True,,W per selected current decision; not PA sum,0.10303046716316859
region_pitch,0-1,OUTSIDE,우(바깥쪽),NFB,31378,29220,0.9312256995347058,4837,29220,1034,701,0.29899929887182103,0.3175564681724846,0.7010007011281789,0.6824435318275154,0.26754876796714583,Take,Swing_including_bunts,19941,17177.826907207615,4748,0.0007433690483291284,9279,5853.695919506865,4059,0.0014761612590502879,0.2867848586569182,0.20903304757757057,0.28654236249958814,0.20683643182721995,-0.0777518110793476,0.006532555740926232,-0.09055859035373302,-0.06494503180496218,-0.10184529550334737,-0.05365832665534784,Take,Take,관찰상 방향 뚜렷,True,True,,W per selected current decision; not PA sum,0.16995531482735274
region,0-1,CENTER,가운데(존 안),ALL,67710,67414,0.9956284153005465,4859,67414,1063,709,0.772840053167922,0.7726733319488533,0.22715994683207796,0.22732666805114665,0.26007961254338857,Take,Swing_including_bunts,15325,12943.29054404633,4641,0.000835637499362175,52089,51429.92856110669,4859,0.0004858396354892945,0.2099908179481217,0.27268272642093955,0.21455519173903562,0.2717532935448164,0.06269190847281779,0.00497467686474901,0.052939291140938705,0.07244452580469687,0.044344282384898064,0.08103953456073751,Swing_including_bunts,Swing_including_bunts,관찰상 방향 뚜렷,True,True,,W per selected current decision; not PA sum,0.36674339878131346
region_pitch,0-1,CENTER,가운데(존 안),FB,38995,38828,0.995717399666624,4859,38828,982,705,0.7687139376843185,0.7685948284742969,0.2312860623156815,0.23140517152570306,0.2558507520346142,Take,Swing_including_bunts,8985,7459.592858194101,4025,0.0011160661587215402,29843,29390.307741845412,4851,0.0005733616746011997,0.20821835582395978,0.26820616877958736,0.21474748301703125,0.26710018129394897,0.05998781295562754,0.006305196066489187,0.047626776025836766,0.07234884988541831,0.03673295982964413,0.08324266608161095,Swing_including_bunts,Swing_including_bunts,관찰상 방향 뚜렷,True,True,,W per selected current decision; not PA sum,0.21121191604603926
region_pitch,0-1,CENTER,가운데(존 안),NFB,28715,28586,0.9955075744384468,4844,28586,1028,704,0.7784433223054152,0.7782131113132302,0.22155667769458476,0.22178688868676977,0.26582361995382353,Take,Swing_including_bunts,6340,5487.015601117807,3486,0.0016075112827634032,22246,22045.641913366668,4804,0.0006446460657996626,0.21239833069411487,0.278763177694235,0.2142940049433309,0.2780735566972925,0.06636484700012008,0.007961114540528546,0.0507574486326021,0.08197224536763804,0.03700255945679246,0.0957271345434477,Swing_including_bunts,Swing_including_bunts,관찰상 방향 뚜렷,True,True,,W per selected current decision; not PA sum,0.1555314827352742
count,0-2,ALL,ALL,ALL,96447,91605,0.9497962611589785,4859,74750,1044,710,0.5028357543521312,0.5140003274930408,0.49716424564786876,0.4859996725069592,0.1981524589269145,Take,Swing_including_bunts,44520,22551.05154535612,4859,0.0007668792157257894,47085,29781.103677490526,4857,0.0007142920141859303,0.164959583179426,0.15280186607274782,0.1846764085283099,0.16106703055844462,-0.012157717106678201,0.0026988724263406604,-0.017448728104432418,-0.006866706108923983,-0.02211171079989338,-0.002203723413463022,Take,Take,관찰상 방향 뚜렷,True,True,,W per selected current decision; not PA sum,
region,0-2,HIGH,상(높음),ALL,18149,17011,0.9372968207614745,4670,16492,930,703,0.34591437544768305,0.3669978249368056,0.654085624552317,0.6330021750631944,0.19428017165363587,Take,Swing_including_bunts,10768,7959.944673061696,4279,0.001605720431521767,6243,4375.106529245971,3372,0.001660729454940415,0.21225294861193164,0.14118434667164323,0.2105772920474762,0.14961276643121682,-0.0710686019402884,0.006933391910793062,-0.08466132405966045,-0.05747587982091635,-0.09664114715458491,-0.045496056725991885,Take,Take,관찰상 방향 뚜렷,True,True,,W per selected current decision; not PA sum,0.18817588934855412
region_pitch,0-2,HIGH,상(높음),FB,16774,15705,0.936270418504829,4617,15281,898,700,0.3562060331465363,0.3783508436803566,0.6437939668534637,0.6216491563196433,0.19264285259471503,Take,Swing_including_bunts,9763,7814.015797975488,4157,0.0010834106897004276,5942,4182.6642377938315,3293,0.001719911351276035,0.2116239946796715,0.14247183406759817,0.2096744003397805,0.15187876761476093,-0.06915216061207333,0.007126235093640733,-0.0831229880253668,-0.05518133319877985,-0.09543620834460649,-0.04286811287954016,Take,Take,관찰상 방향 뚜렷,True,True,,W per selected current decision; not PA sum,0.1739193546714776
region_pitch,0-2,HIGH,상(높음),NFB,1373,1306,0.9512017479970867,1115,1301,500,488,0.22068463219227968,0.2304747320061256,0.7793153678077203,0.7695252679938744,0.21396937212863706,Take,Swing_including_bunts,1005,575.5321492965439,888,0.007861525955184743,301,209.40583960724206,289,0.021282214013402318,0.219816288203161,0.1257019656965496,0.22143480680196373,0.1223634949246625,-0.09411432250661138,0.02731347095657334,-0.14770596828425467,-0.040522676728968095,-0.19510678910713908,0.006878144093916308,Take,Take,차이 불명확,True,True,,W per selected current decision; not PA sum,0.014235797899364418
region,0-2,LOW,하(낮음),ALL,33291,30947,0.9295905800366465,4851,30002,971,707,0.32729566549517886,0.34878986654603034,0.6727043345048211,0.6512101334539697,0.18604184573625876,Take,Swing_including_bunts,20153,14887.801804534836,4781,0.0009600690542382163,10794,6774.2868702698015,4239,0.0016820356771711665,0.22038344260952494,0.08386856153387999,0.22140737801073487,0.10933216938314405,-0.13651488107564497,0.004323206638178544,-0.14499032550484414,-0.1280394366464458,-0.15245977142702144,-0.1205699907242685,Take,Take,관찰상 방향 뚜렷,True,True,,W per selected current decision; not PA sum,0.3451740334069489
region_pitch,0-2,LOW,하(낮음),FB,2700,2458,0.9103703703703704,1833,2449,592,550,0.19555555555555557,0.21236777868185516,0.8044444444444444,0.7876322213181448,0.20898169243287226,Take,Swing_including_bunts,1936,1363.4125806100126,1545,0.0037130518106006215,522,341.3710806161613,470,0.014611701881506338,0.22826540173948803,0.11402067394687458,0.21625334673122737,0.14505915278188372,-0.11424472779261349,0.017444609853390292,-0.14845813867004282,-0.08003131691518417,-0.17866390446179753,-0.04982555112342946,Take,Take,관찰상 방향 뚜렷,True,True,,W per selected current decision; not PA sum,0.027994649911350276
region_pitch,0-2,LOW,하(낮음),NFB,30589,28489,0.9313478701494001,4844,27677,965,705,0.33894537251953316,0.3605602162238057,0.6610546274804668,0.6394397837761943,0.18406262066060586,Take,Swing_including_bunts,18217,13568.605557634657,4733,0.0010343772390348466,10272,6433.504354849047,4180,0.0017674919257415643,0.21970339573032774,0.08126706999991458,0.22185206223569992,0.10624968403110985,-0.13843632573041317,0.004481172313474147,-0.14722145764804034,-0.129651193812786,-0.15496384450050374,-0.12190880696032261,Take,Take,관찰상 방향 뚜렷,True,True,,W per selected current decision; not PA sum,0.3171586467178865
region,0-2,INSIDE,좌(몸쪽),ALL,11774,10905,0.926193307287243,4250,10566,908,677,0.35714285714285715,0.38193489225126087,0.6428571428571428,0.6180651077487391,0.2073980742778542,Take,Swing_including_bunts,6740,4918.870909584824,3621,0.0022632620563139386,4165,2597.4807572611685,2702,0.0024741727639116095,0.21708420402814702,0.12377116314339864,0.21560788907873701,0.134936125703627,-0.09331304088474839,0.008090213784962262,-0.1091740866657522,-0.07745199510374456,-0.12315461614363621,-0.06347146562586056,Take,Take,관찰상 방향 뚜렷,True,True,,W per selected current decision; not PA sum,0.1220774103911993
region_pitch,0-2,INSIDE,좌(몸쪽),FB,5166,4918,0.9519938056523423,2988,4837,773,621,0.37340301974448314,0.3904026026840179,0.6265969802555169,0.6095973973159821,0.21186254575030503,Take,Swing_including_bunts,2998,2185.8107108209238,2210,0.0027987024951370504,1920,1316.9371156073994,1527,0.003724156221133682,0.21395688737808544,0.1523192539547483,0.20373088168417364,0.16171518683522515,-0.06163763342333715,0.013355812867859583,-0.08782515702288245,-0.03545010982379185,-0.11091978194014823,-0.01235548490652607,Take,Take,관찰상 방향 뚜렷,True,True,,W per selected current decision; not PA sum,0.05356309683038352
region_pitch,0-2,INSIDE,좌(몸쪽),NFB,6608,5987,0.9060230024213075,3318,5885,821,638,0.34443099273607747,0.3749791214297645,0.6555690072639225,0.6250208785702356,0.20373074995824283,Take,Swing_including_bunts,3742,2747.0482186855647,2551,0.0027898329558311338,2245,1318.4001771090166,1733,0.004413124712122256,0.2196531272426122,0.10032043479694507,0.22536421484564245,0.1129385605382354,-0.11933269244566713,0.010021124889565722,-0.1389809058512571,-0.09968447904007717,-0.15630554853158182,-0.08235983635975244,Take,Take,관찰상 방향 뚜렷,True,True,,W per selected current decision; not PA sum,0.06851431356081579
region,0-2,OUTSIDE,우(바깥쪽),ALL,33749,31164,0.9234051379300128,4851,29928,990,703,0.3055497940679724,0.3276216146836093,0.6944502059320277,0.6723783853163907,0.19329306250802208,Take,Swing_including_bunts,20954,15624.300719691024,4779,0.0009415719565443857,10210,6657.191756939164,4194,0.0011840206272623467,0.20359116252596213,0.12054016345323938,0.21271430824652826,0.12603584132760995,-0.08305099907272277,0.004417038635753541,-0.09171039674489315,-0.0743916014005524,-0.09934196145766142,-0.06676003668778413,Take,Take,관찰상 방향 뚜렷,True,True,,W per selected current decision; not PA sum,0.3499227555030224
region_pitch,0-2,OUTSIDE,우(바깥쪽),FB,11268,10226,0.907525736599219,4177,10084,887,675,0.24574014909478167,0.26833561509876785,0.7542598509052183,0.7316643849012321,0.2016098181106982,Take,Swing_including_bunts,7482,5672.073823013883,3738,0.002203628360450423,2744,1877.957714359999,2025,0.0030378543484335207,0.1989514156028441,0.15676271806538897,0.20716360870696107,0.15148892394855645,-0.04218869753745514,0.008526770057363558,-0.05890570495924313,-0.025471690115667144,-0.07364102700296102,-0.010736368071949262,Take,Take,관찰상 방향 뚜렷,True,True,,W per selected current decision; not PA sum,0.11683100563003515
region_pitch,0-2,OUTSIDE,우(바깥쪽),NFB,22479,20938,0.93144712843098,4775,20398,961,698,0.33555763156724056,0.3565765593657465,0.6644423684327594,0.6434234406342535,0.18923120641895116,Take,Swing_including_bunts,13472,9953.171002766558,4531,0.0014135323645149953,7466,4792.586411616668,3717,0.001465321381429962,0.20585718850914128,0.10284927399561013,0.21542523830152946,0.11360470067989772,-0.10300791451353118,0.005084779292452336,-0.11297642612796152,-0.09303940289910084,-0.12176186865794261,-0.08425396036911975,Take,Take,관찰상 방향 뚜렷,True,True,,W per selected current decision; not PA sum,0.23307101309527511
region,0-2,CENTER,가운데(존 안),ALL,24483,23238,0.9491483886778581,4783,20695,975,701,0.8912306498386635,0.8870815044323952,0.10876935016133649,0.1129184955676048,0.2166198898356141,Take,Swing_including_bunts,2624,2259.032606455534,2034,0.0023693609420481036,20614,20550.618696258018,4736,0.0008793261863138367,0.03581055021012117,0.23939005283900427,0.11440555074046829,0.23808219672270609,0.20357950262888314,0.005011520784046764,0.19375461563299615,0.21340438962477012,0.18509576804950917,0.2220632372082571,Swing_including_bunts,Swing_including_bunts,관찰상 방향 뚜렷,True,True,,W per selected current decision; not PA sum,0.2538492643628107
region_pitch,0-2,CENTER,가운데(존 안),FB,13396,12973,0.9684234099731263,4417,12171,899,691,0.8727978501045088,0.8698836044091575,0.12720214989549117,0.13011639559084254,0.21065543821783703,Take,Swing_including_bunts,1688,1446.5522493501155,1419,0.0028912884352054087,11285,11244.961542111922,4248,0.0009859570475390543,0.027444791515723925,0.23754141508679885,0.10778122289841828,0.2345802032738016,0.21009662357107498,0.006050604142759266,0.19823440611153367,0.22195884103061628,0.18777908026377346,0.2324141668783765,Swing_including_bunts,Swing_including_bunts,관찰상 방향 뚜렷,True,True,,W per selected current decision; not PA sum,0.1388949371157216
region_pitch,0-2,CENTER,가운데(존 안),NFB,11087,10265,0.9258591142779832,4136,9810,910,676,0.9135022999909804,0.9088163662932294,0.08649770000901957,0.09118363370677063,0.2241578178275694,Take,Swing_including_bunts,936,828.9582411921547,837,0.004382484316312967,9329,9308.465629541977,4000,0.0010674157595982991,0.04638327184114068,0.24172637797873744,0.12277743628308055,0.24250804777118515,0.19534310613759678,0.0077336015951804575,0.1801810874554767,0.21050512481971687,0.16681625591769286,0.2238699563575007,Swing_including_bunts,Swing_including_bunts,관찰상 방향 뚜렷,True,True,,W per selected current decision; not PA sum,0.11495432724708908
count,1-0,ALL,ALL,ALL,136516,131777,0.9652861203082422,4859,131777,1105,711,0.43086524656450526,0.4440000910629321,0.5691347534354947,0.555999908937068,0.3487146922452325,Take,Swing_including_bunts,73268,57073.04876872861,4859,0.0004736174108846943,58509,37443.346418964014,4859,0.000559957135464164,0.3462940966514565,0.31578116325153194,0.3458084035057729,0.31134529970540153,-0.030512933399924617,0.0033121629717673662,-0.03700627133577391,-0.024019595464075328,-0.04272886810291295,-0.01829699869693628,Take,Take,관찰상 방향 뚜렷,True,True,,W per selected current decision; not PA sum,
region,1-0,HIGH,상(높음),ALL,13880,12163,0.8762968299711815,4400,12163,973,680,0.19855907780979828,0.2243689879141659,0.8014409221902017,0.7756310120858341,0.37724451204472575,Take,Swing_including_bunts,9434,8980.09099027612,4099,0.0009968865685717188,2729,1952.1782368812583,2064,0.003461473683118466,0.39595390380553264,0.28489420361224993,0.39753214943373855,0.27522480051908027,-0.11105970019328275,0.01017172361813914,-0.13100139898687102,-0.09111800139969449,-0.14857803748788223,-0.07354136289868327,Take,Take,관찰상 방향 뚜렷,True,True,,W per selected current decision; not PA sum,0.10167306396319846
region_pitch,1-0,HIGH,상(높음),FB,10725,9452,0.8813053613053613,4070,9452,889,673,0.23496503496503496,0.2638595006347863,0.765034965034965,0.7361404993652136,0.37271847228099875,Take,Swing_including_bunts,6958,6655.816499618209,3617,0.0013763861845273381,2494,1792.3285592188654,1926,0.003739428777229431,0.3944655658656416,0.2905069286557028,0.3943410756899035,0.27669975731722546,-0.10395863720993873,0.01217086923974807,-0.1278202004047358,-0.08009707401514166,-0.1488538297261895,-0.05906344469368797,Take,Take,관찰상 방향 뚜렷,True,True,,W per selected current decision; not PA sum,0.0785622198130622
region_pitch,1-0,HIGH,상(높음),NFB,3154,2711,0.8595434369055168,2003,2711,701,571,0.07482561826252378,0.0866838804869052,0.9251743817374762,0.9133161195130948,0.3930247141276282,Take,Swing_including_bunts,2476,2336.1109961575808,1878,0.002449296083767642,235,161.6672410801179,226,0.022586318875891312,0.40114304810942475,0.26532523381855155,0.4086579439843579,0.2700823100520688,-0.1358178142908732,0.015901418661963707,-0.16700287577111725,-0.10463275281062913,-0.19452838258485974,-0.07710724599688665,Take,,비교 자료 부족,True,False,,W per selected current decision; not PA sum,0.02310351900143573
region,1-0,LOW,하(낮음),ALL,26033,23710,0.9107671032919755,4800,23710,991,696,0.26124534244996733,0.28262336566849433,0.7387546575500327,0.7173766343315057,0.38320902572754106,Take,Swing_including_bunts,17009,16279.486866957535,4670,0.0008143808243430915,6701,4494.694991858209,3592,0.0014477178815432586,0.4127476211214741,0.3008603088909973,0.40357008573984055,0.27248908839806385,-0.11188731223047682,0.008905330810597339,-0.129345843119226,-0.09442878134172764,-0.1447322974840206,-0.07904232697693302,Take,Take,관찰상 방향 뚜렷,True,True,,W per selected current decision; not PA sum,0.19069559612060125
region_pitch,1-0,LOW,하(낮음),FB,9296,8423,0.9060886402753873,3905,8423,864,665,0.15350688468158347,0.16728006648462543,0.8464931153184165,0.8327199335153745,0.391809806482251,Take,Swing_including_bunts,7014,6702.934610162421,3603,0.0011721313931622448,1409,955.1820794117915,1190,0.006024443760741877,0.40596544528258127,0.3101231290004115,0.3932916817910871,0.2777663274280858,-0.09584231628216974,0.01336268564218326,-0.12204082120797177,-0.06964381135636771,-0.14513567951463968,-0.04654895304969982,Take,Take,관찰상 방향 뚜렷,True,True,,W per selected current decision; not PA sum,0.0680945823200211
region_pitch,1-0,LOW,하(낮음),NFB,16737,15287,0.9133655971799008,4589,15287,950,679,0.3210850212104917,0.3461764898279584,0.6789149787895083,0.6538235101720415,0.37847007261071497,Take,Swing_including_bunts,9995,9576.563020837748,4127,0.0010765514454007515,5292,3539.8955320337,3205,0.0018472136965329525,0.41648453922777323,0.29575657802283506,0.4092333942019553,0.2695813769864151,-0.12072796120493819,0.011802332037944785,-0.14386621102942143,-0.09758971138045493,-0.16425930008237216,-0.07719662232750421,Take,Take,관찰상 방향 뚜렷,True,True,,W per selected current decision; not PA sum,0.12260101380058015
region,1-0,INSIDE,좌(몸쪽),ALL,18397,16764,0.9112355275316628,4657,16764,1001,691,0.3179866282546067,0.34478644714865186,0.6820133717453933,0.6552135528513481,0.3700916249105225,Take,Swing_including_bunts,10984,10522.494795106368,4282,0.0010718148876779313,5780,4007.673574217527,3335,0.0017009657107394365,0.39209402744456834,0.3096922318941145,0.3870509140762299,0.2869101421539931,-0.08240179555045382,0.012134832373734231,-0.10619181434099399,-0.05861177675991365,-0.12715899815539333,-0.037644592945514324,Take,Take,관찰상 방향 뚜렷,True,True,,W per selected current decision; not PA sum,0.13476076064344106
region_pitch,1-0,INSIDE,좌(몸쪽),FB,12265,11341,0.9246636771300448,4327,11341,921,678,0.34537301263758663,0.3699850101401993,0.6546269873624133,0.6300149898598006,0.36382153249272553,Take,Swing_including_bunts,7145,6864.5256878152295,3674,0.0012760346076618736,4196,2996.4293336359096,2760,0.0023529265945836596,0.3862874929284278,0.30352829887482213,0.38028286806615474,0.29069182169699087,-0.08275919405360568,0.01456117860641721,-0.11130656688084217,-0.054211821226369195,-0.13646875950880744,-0.029049628598403945,Take,Take,관찰상 방향 뚜렷,True,True,,W per selected current decision; not PA sum,0.08984294881186088
region_pitch,1-0,INSIDE,좌(몸쪽),NFB,6131,5423,0.8845212852715707,3176,5423,867,640,0.2632523242537922,0.2920892494929006,0.7367476757462078,0.7079107505070994,0.3832041305550433,Take,Swing_including_bunts,3839,3663.8357952186566,2569,0.0017182222390792162,1584,1022.1590183714283,1336,0.003993239418208631,0.4042371046984036,0.32258272873567717,0.40120477905876023,0.2790015993368923,-0.08165437596272648,0.021096855468767522,-0.1230192217577625,-0.04028953016769047,-0.15949487654041342,-0.00381387538503955,Take,Take,관찰상 방향 뚜렷,True,True,,W per selected current decision; not PA sum,0.04491048668287966
region,1-0,OUTSIDE,우(바깥쪽),ALL,30842,28253,0.9160560274949744,4844,28253,1040,699,0.1920108942351339,0.20719923547941813,0.807989105764866,0.7928007645205819,0.3731372597600255,Take,Swing_including_bunts,22399,21421.320065314976,4798,0.0006960605256186443,5854,4120.60124652753,3342,0.0018010482390109826,0.3876518477585954,0.28869924384197265,0.3900947009370453,0.2869737276465649,-0.09895260391662276,0.006806429883882395,-0.11229629619959787,-0.08560891163364766,-0.1240561682952838,-0.07384903953796172,Take,Take,관찰상 방향 뚜렷,True,True,,W per selected current decision; not PA sum,0.2259222362213953
region_pitch,1-0,OUTSIDE,우(바깥쪽),FB,16055,14660,0.913111180317658,4567,14660,945,686,0.1611958891311118,0.1753069577080491,0.8388041108688882,0.824693042291951,0.3704776944065484,Take,Swing_including_bunts,12090,11580.499893369395,4393,0.0009515399202927016,2570,1910.63446773962,1936,0.0032420157095697615,0.37778769627785597,0.29798820046032815,0.38246404735561534,0.29126062753690185,-0.07979949581752784,0.008848687645560608,-0.09714720345862343,-0.06245178817643224,-0.11243683350220794,-0.04716215813284773,Take,Take,관찰상 방향 뚜렷,True,True,,W per selected current decision; not PA sum,0.11760526238682645
region_pitch,1-0,OUTSIDE,우(바깥쪽),NFB,14787,13593,0.9192533982552242,4475,13593,976,677,0.22546831676472578,0.24159493857132347,0.7745316832352742,0.7584050614286766,0.3760055911130729,Take,Swing_including_bunts,10309,9845.880792805621,4166,0.0009931810024066433,3284,2224.284822352882,2343,0.0029485967298563077,0.3982902984837952,0.27868113863892024,0.3983243324756139,0.282350322041302,-0.11960915984487493,0.010566345301978705,-0.14032442022092526,-0.0988938994688246,-0.1585825148932103,-0.08063580479653956,Take,Take,관찰상 방향 뚜렷,True,True,,W per selected current decision; not PA sum,0.10831697383456884
region,1-0,CENTER,가운데(존 안),ALL,63146,62970,0.997212808412251,4859,62970,1079,710,0.6259778925030881,0.625869461648404,0.3740221074969119,0.37413053835159604,0.3234193266634905,Take,Swing_including_bunts,23559,20592.53962046674,4812,0.0006689234174383691,39411,37792.06736587805,4859,0.0005178998921497566,0.2951246183471196,0.3381885953794365,0.29884678144167065,0.33915959756059494,0.04306397703231688,0.004539980528900996,0.03416356118695778,0.051964392877675986,0.026319599969161812,0.05980835409547195,Swing_including_bunts,Swing_including_bunts,관찰상 방향 뚜렷,True,True,,W per selected current decision; not PA sum,0.4625538398429488
region_pitch,1-0,CENTER,가운데(존 안),FB,40425,40309,0.99713048855906,4856,40309,991,707,0.6485837971552257,0.6484656032151629,0.35141620284477426,0.3515343967848371,0.3255837654121908,Take,Swing_including_bunts,14170,12246.958115774232,4571,0.0008557046863780083,26139,25023.09462169189,4819,0.0006987551434046443,0.294816458484595,0.3406248375718232,0.29770394309872444,0.3406333477952213,0.0458083790872282,0.00592228739343046,0.034198014606874175,0.057418743567582226,0.02396576135535315,0.06765099681910325,Swing_including_bunts,Swing_including_bunts,관찰상 방향 뚜렷,True,True,,W per selected current decision; not PA sum,0.29611913621846525
region_pitch,1-0,CENTER,가운데(존 안),NFB,22721,22661,0.9973592711588398,4790,22661,1017,699,0.5857576691166761,0.5856758307223865,0.41424233088332385,0.4143241692776135,0.3195692599620493,Take,Swing_including_bunts,9389,8665.24306023391,4071,0.0010756200585113644,13272,12834.471336741677,4486,0.0007374979712472074,0.29567276785060614,0.33385504935177174,0.30087964277902635,0.3365381157986447,0.03818228150116555,0.00715498405903673,0.02415522527354601,0.052209337728785096,0.011792950895576488,0.06457161210675462,Swing_including_bunts,Swing_including_bunts,관찰상 방향 뚜렷,True,True,,W per selected current decision; not PA sum,0.16643470362448357
count,1-1,ALL,ALL,ALL,142559,139138,0.9760029180900539,4859,139138,1098,710,0.5459844695880303,0.5554197990484268,0.45401553041196974,0.44458020095157325,0.2915517184378099,Take,Swing_including_bunts,61858,35145.09377455321,4859,0.000750456959972716,77280,49897.80855142303,4859,0.0005876360019353309,0.28333439458985327,0.25507634829685344,0.28901469753406545,0.25250928781939247,-0.02825804629299985,0.003239400056429658,-0.03460873599489668,-0.021907356591103013,-0.04020561647704961,-0.016310476108950086,Take,Take,관찰상 방향 뚜렷,True,True,,W per selected current decision; not PA sum,
region,1-1,HIGH,상(높음),ALL,16001,14900,0.931191800512468,4597,14900,976,684,0.29360664958440097,0.31342281879194633,0.706393350415599,0.6865771812080537,0.3086851006711409,Take,Swing_including_bunts,10230,8383.968802929347,4213,0.0010755956606256793,4670,3172.221050555292,2921,0.0021189852346473895,0.33422621423515547,0.2293128439370015,0.33432606470680787,0.21728904276519845,-0.10491337029815394,0.008970355426247967,-0.1224995751993883,-0.08732716539691958,-0.13799929265854308,-0.0718274479377648,Take,Take,관찰상 방향 뚜렷,True,True,,W per selected current decision; not PA sum,0.11224124748349806
region_pitch,1-1,HIGH,상(높음),FB,12671,11850,0.9352063767658433,4357,11850,899,677,0.33186015310551653,0.35282700421940927,0.6681398468944835,0.6471729957805907,0.3056944303797468,Take,Swing_including_bunts,7669,6542.177246892807,3770,0.0012685124919392925,4181,2856.389878483784,2725,0.002291940266045583,0.3336471550332188,0.23203994926469282,0.3323666169939538,0.2181847170178529,-0.10160720576852596,0.010300424529586748,-0.1218012780006359,-0.08141313353641601,-0.13960056656969577,-0.06361384496735613,Take,Take,관찰상 방향 뚜렷,True,True,,W per selected current decision; not PA sum,0.08888249777285194
region_pitch,1-1,HIGH,상(높음),NFB,3330,3050,0.9159159159159159,2194,3050,733,574,0.14804804804804805,0.160327868852459,0.851951951951952,0.839672131147541,0.32030459016393437,Take,Swing_including_bunts,2561,1983.7091165162471,1934,0.002854697291708397,489,356.1728556122664,460,0.019377443652244707,0.33647600162628644,0.21871736913925,0.3419390009026508,0.21380912804586888,-0.11775863248703643,0.018279616319622598,-0.15360580677786578,-0.08191145819620706,-0.18523916704073679,-0.050278097933336055,Take,Take,관찰상 방향 뚜렷,True,True,,W per selected current decision; not PA sum,0.02335874971064612
region,1-1,LOW,하(낮음),ALL,32692,30927,0.9460112565765325,4844,30927,1003,701,0.34736326930135814,0.3635334820706826,0.6526367306986418,0.6364665179293174,0.3062406311637081,Take,Swing_including_bunts,19684,16538.085959533164,4759,0.0009242683551297856,11243,7183.924612870579,4326,0.0014434374862911344,0.3420492928816328,0.22926947843989626,0.3379616047662651,0.20954371652628614,-0.11277981444173658,0.006447808887012723,-0.1254204467784432,-0.10013918210502998,-0.13656070813458396,-0.08899892074888921,Take,Take,관찰상 방향 뚜렷,True,True,,W per selected current decision; not PA sum,0.22932259625839127
region_pitch,1-1,LOW,하(낮음),FB,7264,6840,0.9416299559471366,3545,6840,834,631,0.20319383259911894,0.21374269005847954,0.7968061674008811,0.7862573099415204,0.3141720760233918,Take,Swing_including_bunts,5378,4466.949601336025,3188,0.0016133709787453183,1462,924.413215262564,1212,0.006338006857713119,0.32934989681313614,0.24235132399613118,0.33008082007956363,0.2156152315597478,-0.08699857281700495,0.013421147150655417,-0.11331252468427286,-0.060684620949737034,-0.13651229377088409,-0.037484851863125807,Take,Take,관찰상 방향 뚜렷,True,True,,W per selected current decision; not PA sum,0.05095434171115117
region_pitch,1-1,LOW,하(낮음),NFB,25427,24087,0.947300114051992,4808,24087,982,699,0.38856333818382033,0.4060696641341803,0.6114366618161797,0.5939303358658197,0.3039883339560759,Take,Swing_including_bunts,14306,12083.768046106441,4571,0.0010105045441295224,9781,6263.509047672782,4151,0.0014386245150844142,0.3456555480860384,0.22555461882248243,0.3401995159738475,0.20781958471954906,-0.12010092926355599,0.007350770889333025,-0.13451180399432106,-0.10569005453279093,-0.14721229224118443,-0.09298956628592756,Take,Take,관찰상 방향 뚜렷,True,True,,W per selected current decision; not PA sum,0.17836123990768735
region,1-1,INSIDE,좌(몸쪽),ALL,20521,19480,0.9492714779981483,4756,19480,987,695,0.3869207153647483,0.40446611909650926,0.6130792846352517,0.5955338809034907,0.3061895277207392,Take,Swing_including_bunts,11601,9714.346399905784,4368,0.0009821069599939,7879,5304.397023658945,3843,0.00172899930313514,0.33993216601776843,0.22804526882477524,0.3262155213109917,0.2258040842895321,-0.11188689719299316,0.00856357103449616,-0.12867546143758932,-0.09509833294839701,-0.14347161298930067,-0.08030218139668564,Take,Take,관찰상 방향 뚜렷,True,True,,W per selected current decision; not PA sum,0.14394741826191262
region_pitch,1-1,INSIDE,좌(몸쪽),FB,12829,12337,0.9616493881050744,4412,12337,911,677,0.41577675578766854,0.43041258004377075,0.5842232442123314,0.5695874199562292,0.30042587338899246,Take,Swing_including_bunts,7027,6089.056711684262,3652,0.0012058815203669824,5310,3685.965452079649,3160,0.0021007665574995183,0.334056134665314,0.2284584446413067,0.3206234165312971,0.23152228056323354,-0.10559769002400729,0.011151038421817543,-0.1274593224569696,-0.083736057591045,-0.14672813089617728,-0.0644672491518373,Take,Take,관찰상 방향 뚜렷,True,True,,W per selected current decision; not PA sum,0.08999081082218591
region_pitch,1-1,INSIDE,좌(몸쪽),NFB,7691,7143,0.9287478871408139,3638,7143,895,656,0.33883760239240673,0.35965280694386115,0.6611623976075933,0.6403471930561389,0.3161441971160577,Take,Swing_including_bunts,4574,3683.950913738196,2912,0.0017810781043662992,2569,1619.1305826898447,1926,0.003515910630402326,0.35008092687388354,0.22733165409027312,0.33587389967681713,0.21592792757265478,-0.12274927278361035,0.013470243036743011,-0.14915925298026794,-0.09633929258695277,-0.17244281164458922,-0.07305573392263148,Take,Take,관찰상 방향 뚜렷,True,True,,W per selected current decision; not PA sum,0.053949592800173966
region,1-1,OUTSIDE,우(바깥쪽),ALL,34603,32795,0.9477501950697916,4852,32795,1040,702,0.29246019131289197,0.306662601006251,0.7075398086871081,0.693337398993749,0.3023051379783503,Take,Swing_including_bunts,22738,18957.15622774391,4808,0.0007926550693108508,10057,6716.631057863943,4204,0.001333327456003533,0.3237503977259509,0.2258272728394183,0.32635006014701873,0.22322446973914564,-0.09792312488653258,0.005923103534739643,-0.1095350917609681,-0.08631115801209707,-0.1197687662501355,-0.07607748352292967,Take,Take,관찰상 방향 뚜렷,True,True,,W per selected current decision; not PA sum,0.24272757244368998
region_pitch,1-1,OUTSIDE,우(바깥쪽),FB,13645,12888,0.9445218028581898,4438,12888,923,682,0.2375229021619641,0.25031036623215397,0.762477097838036,0.749689633767846,0.3047375853507138,Take,Swing_including_bunts,9662,8137.8550629769525,4149,0.0010999879853309206,3226,2369.1831860895963,2321,0.003118999337121416,0.31636361001821184,0.22935196603749047,0.32009616920375866,0.22818550783484823,-0.08701164398072138,0.008527155430859346,-0.1037291218382897,-0.07029416612315306,-0.11846377868879232,-0.05555950927265044,Take,Take,관찰상 방향 뚜렷,True,True,,W per selected current decision; not PA sum,0.09571475669722711
region_pitch,1-1,OUTSIDE,우(바깥쪽),NFB,20958,19907,0.9498520851226262,4776,19907,1005,692,0.3282278843401088,0.3431456271663234,0.6717721156598913,0.6568543728336766,0.30073034610940874,Take,Swing_including_bunts,13076,10829.477337214938,4524,0.0009364149479123281,6831,4384.397371627871,3613,0.0018843446698451353,0.3285326813436402,0.22354534959951508,0.33039889455083316,0.22001264179031282,-0.10498733174412515,0.007995256158915968,-0.12066171898173594,-0.08931294450651436,-0.13447585715676805,-0.07549880633148226,Take,Take,관찰상 방향 뚜렷,True,True,,W per selected current decision; not PA sum,0.14701281574646285
region,1-1,CENTER,가운데(존 안),ALL,58875,58480,0.9932908704883228,4859,58480,1053,708,0.8059278131634819,0.805437756497948,0.19407218683651806,0.19456224350205198,0.2788166894664843,Take,Swing_including_bunts,11378,9501.50306879624,4399,0.0012603387261197704,47102,46664.358927252746,4857,0.0005323003861022116,0.21799974280808676,0.29038935095259,0.23966850109332677,0.29070521708372327,0.07238960814450328,0.005656112614463531,0.06130106844341054,0.08347814784559601,0.051528707590999936,0.09325050869800662,Swing_including_bunts,Swing_including_bunts,관찰상 방향 뚜렷,True,True,,W per selected current decision; not PA sum,0.41298690366795504
region_pitch,1-1,CENTER,가운데(존 안),FB,33261,33052,0.9937163645109889,4848,33052,978,704,0.8074621929587205,0.8068195570615999,0.19253780704127954,0.1931804429384001,0.2760548832143289,Take,Swing_including_bunts,6385,5271.866966362158,3514,0.0019579864307810806,26667,26386.968818515084,4827,0.000637027284206175,0.22700092633202346,0.2863027998219712,0.24254642634963686,0.28637211707707066,0.05930187348994777,0.00760824248420541,0.0443862676126028,0.07421747936729274,0.0312410707563783,0.08736267622351723,Swing_including_bunts,Swing_including_bunts,관찰상 방향 뚜렷,True,True,,W per selected current decision; not PA sum,0.23331392616390406
region_pitch,1-1,CENTER,가운데(존 안),NFB,25614,25428,0.9927383462169126,4822,25428,1020,703,0.8039353478566409,0.8036416548686487,0.1960646521433591,0.1963583451313513,0.28240655969797074,Take,Swing_including_bunts,4993,4229.95506653066,3096,0.001457631442127715,20435,20277.829007561955,4763,0.0006675237837806682,0.2062997617701303,0.29570116029540944,0.23592769624939247,0.2963374973031617,0.08940139852527912,0.008404438538771325,0.072924865083045,0.10587793196751323,0.05840393102712795,0.12039886602343028,Swing_including_bunts,Swing_including_bunts,관찰상 방향 뚜렷,True,True,,W per selected current decision; not PA sum,0.17967297750405095
count,1-2,ALL,ALL,ALL,139560,133746,0.9583404987102322,4859,105518,1059,710,0.5735167669819432,0.5754041242354911,0.4264832330180568,0.42459587576450886,0.22277788494609183,Take,Swing_including_bunts,56788,27480.272680183,4859,0.0006404168912850351,76958,52100.952099582035,4859,0.0005389731254783405,0.18251689670596677,0.17582518386676757,0.2021646554321429,0.18214977547074007,-0.006691712839199173,0.002373413713964747,-0.011344677514463553,-0.002038748163934792,-0.01544534821285336,0.002061922534455014,Take,Take,차이 불명확,False,True,,W per selected current decision; not PA sum,
region,1-2,HIGH,상(높음),ALL,22203,21310,0.9597802098815476,4744,20632,972,704,0.38796559023555377,0.40248709526044113,0.6120344097644462,0.5975129047395589,0.22854626935710934,Take,Swing_including_bunts,12733,8954.874718851168,4442,0.0012175623591110943,8577,6198.328581382427,3874,0.0015665031277478803,0.2531489935014032,0.163053363529559,0.24544807114616612,0.16361648193011868,-0.09009562997184421,0.006850639191310672,-0.10352606335111729,-0.07666519659257114,-0.11536264895036218,-0.06482861099332625,Take,Take,관찰상 방향 뚜렷,True,True,,W per selected current decision; not PA sum,0.15909286328460878
region_pitch,1-2,HIGH,상(높음),FB,19863,19054,0.9592710063937975,4675,18538,933,702,0.40336303680209434,0.41880969875091845,0.5966369631979056,0.5811903012490816,0.22583347328644904,Take,Swing_including_bunts,11074,8550.50210716113,4263,0.0012793675057693268,7980,5799.528256379802,3759,0.0015639335244779723,0.25128302764788946,0.16432693310420954,0.24469909592764696,0.16687589727934032,-0.0869560945436799,0.007159104462231021,-0.10099131595304672,-0.07292087313431309,-0.11336111706321346,-0.06055107202414635,Take,Take,관찰상 방향 뚜렷,True,True,,W per selected current decision; not PA sum,0.14232588134135857
region_pitch,1-2,HIGH,상(높음),NFB,2340,2256,0.9641025641025641,1684,2247,642,562,0.25726495726495724,0.2646276595744681,0.7427350427350428,0.7353723404255319,0.25145833333333334,Take,Swing_including_bunts,1659,950.2926803912602,1350,0.0049016812508828915,597,431.65752684061977,546,0.02016485337191922,0.2689087955283766,0.15229689425855242,0.25177385741108826,0.1360877141712229,-0.11661190126982413,0.022272143242442866,-0.1602959157697823,-0.07292788676986596,-0.1988726310750004,-0.03435117146464786,Take,Take,관찰상 방향 뚜렷,True,True,,W per selected current decision; not PA sum,0.016766981943250214
region,1-2,LOW,하(낮음),ALL,43694,41833,0.9574083398178239,4859,40246,993,704,0.3879251155765094,0.4016685391915473,0.6120748844234907,0.5983314608084527,0.21239289556092078,Take,Swing_including_bunts,25030,17527.702117309273,4826,0.0007545332979894972,16803,10743.575291753607,4663,0.0013391137807163961,0.2574442059384489,0.10289331480236104,0.2536152744805067,0.12498371190391573,-0.15455089113608786,0.003991230920611307,-0.16237550948018797,-0.14672627279198774,-0.16927136737060094,-0.13983041490157477,Take,Take,관찰상 방향 뚜렷,True,True,,W per selected current decision; not PA sum,0.31308397821725426
region_pitch,1-2,LOW,하(낮음),FB,4331,4127,0.9528977141537751,2625,4097,714,616,0.23920572616024013,0.2505451902108069,0.7607942738397598,0.7494548097891931,0.2432360067845893,Take,Swing_including_bunts,3093,2065.310935937758,2196,0.0026458448857976068,1034,683.392627312802,889,0.006424540927932016,0.25635795920343657,0.1483278112594638,0.24947937848014837,0.16315832124147261,-0.1080301479439728,0.014534942857053411,-0.13653125898044516,-0.07952903690750045,-0.16167228098696637,-0.05438801490097923,Take,Take,관찰상 방향 뚜렷,True,True,,W per selected current decision; not PA sum,0.031033247348810546
region_pitch,1-2,LOW,하(낮음),NFB,39363,37706,0.9579046312526992,4856,36412,983,703,0.404288291034728,0.4182093035591153,0.5957117089652719,0.5817906964408848,0.20901705298891424,Take,Swing_including_bunts,21937,15508.512675277625,4791,0.00082237925757049,15769,10060.76945590245,4612,0.001432834897796954,0.25756309789928794,0.09792041481619272,0.2540679568863169,0.12080542163880946,-0.1596426830830952,0.004103000818391535,-0.16768642223320135,-0.15159894393298906,-0.17477539658989188,-0.14450996957629852,Take,Take,관찰상 방향 뚜렷,True,True,,W per selected current decision; not PA sum,0.2820507308684437
region,1-2,INSIDE,좌(몸쪽),ALL,18531,17754,0.9580702606443258,4688,17090,947,695,0.40030219631968056,0.41494874394502645,0.5996978036803194,0.5850512560549735,0.23242863580038303,Take,Swing_including_bunts,10387,7316.583808543093,4196,0.001337542095621302,7367,4694.5431739594915,3663,0.0015883497846453975,0.2604034247758581,0.13631338904397475,0.24637941002932434,0.15294565775973928,-0.1240900357318833,0.006808468896117251,-0.13743783646142388,-0.11074223500234273,-0.1492017499566792,-0.09897832150708741,Take,Take,관찰상 방향 뚜렷,True,True,,W per selected current decision; not PA sum,0.13278159931212383
region_pitch,1-2,INSIDE,좌(몸쪽),FB,8846,8605,0.9727560479312684,3918,8461,868,665,0.4111462808048836,0.42045322486926207,0.5888537191951164,0.5795467751307379,0.23831086577571178,Take,Swing_including_bunts,4987,3517.284200476479,3051,0.0021041120016011736,3618,2514.2113389921783,2416,0.0022959670757569115,0.24578817658606555,0.17641816452062525,0.23563485043018295,0.18061929368549787,-0.06937001206544026,0.01106808663009384,-0.09106976849240218,-0.047670255638478334,-0.11019874492914064,-0.028541279201739878,Take,Take,관찰상 방향 뚜렷,True,True,,W per selected current decision; not PA sum,0.06338492404700487
region_pitch,1-2,INSIDE,좌(몸쪽),NFB,9685,9149,0.9446566855962829,3980,8999,896,672,0.3903975219411461,0.4097715597333042,0.6096024780588539,0.5902284402666957,0.22689616351513822,Take,Swing_including_bunts,5400,3807.185053418412,3155,0.0017467857637264471,3749,2229.887626315453,2517,0.0027716870791486665,0.2741496495734496,0.09859324553358262,0.25648509757447807,0.12691749761752127,-0.17555640403986697,0.008315362097967967,-0.1918591733540103,-0.15925363472572365,-0.20623024875752421,-0.14488255932220973,Take,Take,관찰상 방향 뚜렷,True,True,,W per selected current decision; not PA sum,0.06939667526511895
region,1-2,OUTSIDE,우(바깥쪽),ALL,43434,41506,0.9556108118064189,4858,39607,1020,708,0.36876640419947504,0.3835590035175637,0.631233595800525,0.6164409964824362,0.21736811545318746,Take,Swing_including_bunts,25586,18021.055789115268,4835,0.000983682283460809,15920,10827.432300115186,4642,0.0011766339465286214,0.23099332777526285,0.1380045453318702,0.2439122911117582,0.14356823223376586,-0.09298878244339262,0.004049588566907737,-0.10092780858413998,-0.08504975630264526,-0.10792449592635037,-0.07805306896043487,Take,Take,관찰상 방향 뚜렷,True,True,,W per selected current decision; not PA sum,0.31122098022355976
region_pitch,1-2,OUTSIDE,우(바깥쪽),FB,15045,14283,0.9493519441674975,4529,14012,925,691,0.3092721834496511,0.32507176363509066,0.690727816550349,0.6749282363649094,0.2307569838269271,Take,Swing_including_bunts,9640,6902.119561102435,4125,0.001629707131050169,4643,3448.933358233093,2900,0.0023728179147400425,0.2261416137347279,0.17593077627532064,0.23919186117253963,0.17062960295902568,-0.05021083745940731,0.007560972482866703,-0.0650340335353729,-0.03538764138344172,-0.0780987770710888,-0.022322897847725825,Take,Take,관찰상 방향 뚜렷,True,True,,W per selected current decision; not PA sum,0.1078030954428203
region_pitch,1-2,OUTSIDE,우(바깥쪽),NFB,28388,27223,0.9589615330421305,4837,26545,1000,700,0.4002747639847823,0.4142453072769349,0.5997252360152177,0.585754692723065,0.21034342284098007,Take,Swing_including_bunts,15946,11123.08695730241,4679,0.0012649963582772907,11277,7413.0343965366355,4328,0.0014429236480154317,0.23353886028971604,0.11810591709231899,0.2463889432376025,0.12937003372262137,-0.11543294319739704,0.0046604219310432534,-0.1245694890400068,-0.10629639735478728,-0.1326215915087143,-0.09824429488607977,Take,Take,관찰상 방향 뚜렷,True,True,,W per selected current decision; not PA sum,0.20341071940384065
region,1-2,CENTER,가운데(존 안),ALL,42342,39440,0.9314628501251713,4858,34575,1001,707,0.9056964715884936,0.9011916835699797,0.09430352841150635,0.0988083164300203,0.23538458417849897,Take,Swing_including_bunts,3897,3379.0365323502365,2686,0.0017875927818144718,35543,35460.26945968606,4853,0.0005897255233298864,0.040940740067880003,0.2565646917112126,0.11243258143271076,0.25575035502363164,0.21562395164333262,0.003970086851638164,0.20784078484121465,0.22340711844545058,0.20098145679754045,0.23026644648912478,Swing_including_bunts,Swing_including_bunts,관찰상 방향 뚜렷,True,True,,W per selected current decision; not PA sum,0.303396388650043
region_pitch,1-2,CENTER,가운데(존 안),FB,22850,21910,0.9588621444201313,4780,20456,946,701,0.8873522975929978,0.8842081241442263,0.11264770240700217,0.11579187585577366,0.22932638064810584,Take,Swing_including_bunts,2537,2191.6827721633276,1983,0.0025710102324648055,19373,19321.24927761272,4732,0.0009259730957422079,0.03292329810765795,0.2546293975274825,0.10374621619255146,0.2526248291540939,0.22170609941982453,0.004938036510455379,0.2120252738784707,0.23138692496117835,0.20349338438927206,0.239918814450377,Swing_including_bunts,Swing_including_bunts,관찰상 방향 뚜렷,True,True,,W per selected current decision; not PA sum,0.16372886213814847
region_pitch,1-2,CENTER,가운데(존 안),NFB,19492,17530,0.8993433203365483,4674,16658,952,702,0.9272009029345373,0.9224187107815174,0.07279909706546273,0.07758128921848262,0.24295647461494582,Take,Swing_including_bunts,1360,1214.2654926415762,1174,0.004477288806441669,16170,16142.10746015138,4622,0.000859775252220795,0.05096139912940112,0.2589835334434161,0.12328929919722245,0.25965681662098317,0.208022134314015,0.00609354035108946,0.1960759204843098,0.2199683481437202,0.18554724266860204,0.23049702595942798,Swing_including_bunts,Swing_including_bunts,관찰상 방향 뚜렷,True,True,,W per selected current decision; not PA sum,0.1396675265118945
count,2-0,ALL,ALL,ALL,45632,44040,0.9651122019635343,4858,44040,1078,703,0.41920143758765777,0.43224341507720254,0.5807985624123422,0.5677565849227975,0.4173449591280653,Take,Swing_including_bunts,25004,19719.856510321573,4824,0.0007126938000314585,19036,12455.571137665738,4767,0.000986129559457876,0.4214475187887917,0.36922229777595145,0.4214029337064729,0.3588264648802993,-0.052225221012840224,0.005832830777583733,-0.06366020885239575,-0.04079023317328471,-0.07373789763398428,-0.03071254439169617,Take,Take,관찰상 방향 뚜렷,True,True,,W per selected current decision; not PA sum,
region,2-0,HIGH,상(높음),ALL,4853,4194,0.8642077065732536,2711,4194,826,616,0.17638574077889965,0.2017167381974249,0.8236142592211003,0.7982832618025751,0.4770565092989985,Take,Swing_including_bunts,3348,3225.5468501211462,2342,0.002040548004135718,846,609.2544624238151,766,0.006603968120289026,0.5040939162325841,0.33749543158533124,0.4916539441920408,0.32047924967574576,-0.16659848464725294,0.017087211993331235,-0.20010376906916863,-0.13309320022533724,-0.22965714631595396,-0.10353982297855192,Take,Take,관찰상 방향 뚜렷,True,True,,W per selected current decision; not PA sum,0.1063508064516129
region_pitch,2-0,HIGH,상(높음),FB,3969,3440,0.8667170571932477,2361,3440,749,606,0.20256991685563114,0.23081395348837208,0.7974300831443688,0.7691860465116279,0.4694447674418604,Take,Swing_including_bunts,2646,2550.822010937941,1964,0.002013592659912197,794,573.184295771978,716,0.006988377882582593,0.4993305783111559,0.33675175749689845,0.4907326367193375,0.31893894047380955,-0.16257882081425745,0.019718058022636136,-0.20124533496551733,-0.12391230666299759,-0.2353608945611519,-0.08979674706736301,Take,Take,관찰상 방향 뚜렷,True,True,,W per selected current decision; not PA sum,0.08697843618513323
region_pitch,2-0,HIGH,상(높음),NFB,884,754,0.8529411764705882,666,754,389,362,0.058823529411764705,0.06896551724137931,0.9411764705882353,0.9310344827586207,0.5117838196286472,Take,Swing_including_bunts,702,675.8640085318294,628,0.008268372270923453,52,36.294731837105864,52,0.07470755256196034,0.5258258558210638,0.34088832132566155,0.4958572567995997,0.32750665505327997,-0.1849375344954022,0.031896745725685974,-0.24756799726355272,-0.12230707172725169,-0.30313860162039724,-0.06673646737040718,Take,,비교 자료 부족,True,False,,W per selected current decision; not PA sum,0.019372370266479665
region,2-0,LOW,하(낮음),ALL,7211,6570,0.9111080293995285,3526,6570,875,633,0.2437942033005131,0.26316590563165904,0.7562057966994868,0.7368340943683409,0.4741114155251142,Take,Swing_including_bunts,4841,4675.996166564288,3003,0.0012966092110641722,1729,1237.7123835118616,1454,0.003245432622388978,0.5104808486285846,0.35986582247107873,0.49368982624863206,0.32443823826692747,-0.15061502615750577,0.016764297197374413,-0.18348373081579236,-0.11774632149921918,-0.21246274530151488,-0.08876730701349667,Take,Take,관찰상 방향 뚜렷,True,True,,W per selected current decision; not PA sum,0.1580250701262272
region_pitch,2-0,LOW,하(낮음),FB,3592,3262,0.9081291759465479,2302,3262,726,572,0.1678730512249443,0.18332311465358675,0.8321269487750557,0.8166768853464133,0.4684347026364194,Take,Swing_including_bunts,2664,2561.233583132304,1991,0.0019233827513486438,598,442.98753188835735,556,0.007432296080793379,0.4927680213434221,0.31954493765754766,0.48864702689091466,0.3234577335610894,-0.17322308368587455,0.019594812341075313,-0.21164842235065068,-0.13479774502109843,-0.24555310902125965,-0.10089305835048945,Take,Take,관찰상 방향 뚜렷,True,True,,W per selected current decision; not PA sum,0.07871669004207574
region_pitch,2-0,LOW,하(낮음),NFB,3619,3308,0.9140646587455098,2322,3308,702,556,0.3191489361702128,0.34189842805320436,0.6808510638297872,0.6581015719467956,0.4797091898428053,Take,Swing_including_bunts,2177,2115.3283634716504,1710,0.0024154144898362344,1131,797.7342744851189,1008,0.004618721986378554,0.5279473669490801,0.39962601783436114,0.49866250203607876,0.3254051083849576,-0.12832134911471896,0.02741663906720388,-0.18208501091055893,-0.07455768731887899,-0.2295225781385124,-0.0271201200909255,Take,Take,관찰상 방향 뚜렷,True,True,,W per selected current decision; not PA sum,0.07930838008415148
region,2-0,INSIDE,좌(몸쪽),ALL,5742,5186,0.9031696273075583,3152,5186,864,618,0.30929989550679204,0.3376397994600848,0.690700104493208,0.6623602005399152,0.45610875433860393,Take,Swing_including_bunts,3435,3326.076141303529,2427,0.0015714986797897383,1751,1273.7464972608482,1464,0.0029619482339989177,0.5006326156899524,0.34530695506397646,0.4789961737653611,0.33263702361759845,-0.15532566062597594,0.02144347629524396,-0.19737025196489574,-0.11328106928705614,-0.23444577133140238,-0.0762055499205495,Take,Take,관찰상 방향 뚜렷,True,True,,W per selected current decision; not PA sum,0.1258327489481066
region_pitch,2-0,INSIDE,좌(몸쪽),FB,4231,3855,0.9111321200661782,2642,3855,794,595,0.33230914677381235,0.3608300907911803,0.6676908532261876,0.6391699092088197,0.44630116731517505,Take,Swing_including_bunts,2464,2384.8445646531036,1915,0.0021398317090484125,1391,1027.818602114634,1205,0.003716201571647464,0.49078835375580604,0.3462734186182607,0.47582589374233675,0.3327916393101436,-0.14451493513754535,0.02552722683573298,-0.19457032045796963,-0.09445954981712108,-0.23872394938478664,-0.05030592089030404,Take,Take,관찰상 방향 뚜렷,True,True,,W per selected current decision; not PA sum,0.09272002103786817
region_pitch,2-0,INSIDE,좌(몸쪽),NFB,1511,1331,0.8808735936465917,1127,1331,527,456,0.24487094639311713,0.270473328324568,0.7551290536068829,0.7295266716754321,0.4845146506386176,Take,Swing_including_bunts,971,941.5455016658618,857,0.003417274472985245,360,249.77795323529935,342,0.012077520868261851,0.5291447342144712,0.3425077687365794,0.48817831462844063,0.3321892073180029,-0.1866369654778918,0.03808840628899493,-0.2613692000345704,-0.11190473092121314,-0.32746518928128204,-0.04580874167450155,Take,Take,관찰상 방향 뚜렷,True,True,,W per selected current decision; not PA sum,0.03311272791023843
region,2-0,OUTSIDE,우(바깥쪽),ALL,9687,8855,0.91411169608754,4013,8855,957,663,0.17786724476101992,0.1929983060417843,0.8221327552389801,0.8070016939582156,0.47018283455674753,Take,Swing_including_bunts,7146,6915.207571336592,3682,0.0014899337361055445,1709,1248.1209526117148,1422,0.0040114207611404796,0.4900156511725335,0.35264836525811066,0.4835196820952598,0.336839213361523,-0.13736728591442274,0.01232409928275021,-0.16152936597710496,-0.11320520585174051,-0.1828282835609877,-0.09190628826785777,Take,Take,관찰상 방향 뚜렷,True,True,,W per selected current decision; not PA sum,0.21228523842917252
region_pitch,2-0,OUTSIDE,우(바깥쪽),FB,6466,5900,0.912465202598206,3360,5900,867,642,0.1665635632539437,0.18203389830508473,0.8334364367460563,0.8179661016949152,0.47300542372881355,Take,Swing_including_bunts,4826,4665.879775540291,3001,0.0014189555587661978,1074,815.290645949407,948,0.004571421017662068,0.4908651569698062,0.33963202022738304,0.4810215492007751,0.3356737844869494,-0.15123313674242314,0.014061039849989167,-0.17880220246713383,-0.12366407101771246,-0.20311051158936028,-0.09935576189548602,Take,Take,관찰상 방향 뚜렷,True,True,,W per selected current decision; not PA sum,0.14169880785413744
region_pitch,2-0,OUTSIDE,우(바깥쪽),NFB,3221,2955,0.9174169512573734,2154,2955,732,543,0.20055883266066438,0.21489001692047377,0.7994411673393356,0.7851099830795263,0.4645472081218274,Take,Swing_including_bunts,2320,2249.750566777867,1798,0.0019363562153596387,635,445.09237454269874,594,0.0071789283304295615,0.4883195143861005,0.3786370067746228,0.48850749396580445,0.3391661271889288,-0.10968250761147773,0.02411369851946495,-0.15697107247901654,-0.062393942743938904,-0.19870273437516958,-0.020662280847785874,Take,Take,관찰상 방향 뚜렷,True,True,,W per selected current decision; not PA sum,0.07058643057503507
region,2-0,CENTER,가운데(존 안),ALL,22688,22624,0.997179125528914,4826,22624,1026,699,0.5981576163610719,0.5981258840169731,0.4018423836389281,0.4018741159830269,0.37481824611032527,Take,Swing_including_bunts,9092,7815.573945946161,4052,0.001097832773791379,13532,12726.900529432101,4593,0.0011807631821878543,0.3534948303896799,0.3883479698965061,0.36539657078037946,0.3822166607501342,0.03485313950682622,0.007832922532253097,0.019497041346355805,0.05020923766729663,0.005963570240898181,0.06374270877275426,Swing_including_bunts,Swing_including_bunts,관찰상 방향 뚜렷,True,True,,W per selected current decision; not PA sum,0.49719495091164095
region_pitch,2-0,CENTER,가운데(존 안),FB,16732,16681,0.9969519483624193,4684,16681,959,697,0.6283767630886923,0.6283196451052095,0.3716232369113077,0.37168035489479045,0.3784943948204543,Take,Swing_including_bunts,6200,5364.611398524088,3437,0.0012695546260822457,10481,9941.409074237412,4292,0.0009857131604477675,0.3568052039635941,0.3918060261316588,0.36446463776596477,0.38407702200150334,0.03500082216806469,0.009345176570418117,0.016679877463983334,0.05332176687214604,0.0005329318092040722,0.0694687125269253,Swing_including_bunts,Swing_including_bunts,관찰상 방향 뚜렷,True,True,,W per selected current decision; not PA sum,0.36667251051893407
region_pitch,2-0,CENTER,가운데(존 안),NFB,5956,5943,0.9978173270651444,3269,5943,845,634,0.5132639355271995,0.5133770822816759,0.4867360644728005,0.4866229177183241,0.36449991586740704,Take,Swing_including_bunts,2892,2749.7683232739932,2099,0.002304185324864705,3051,2914.198311293891,2188,0.0019037911456041066,0.34420316934534817,0.3786417884967784,0.3680123497831478,0.376994940064607,0.03443861915143014,0.013929091861914225,0.00712798582670264,0.061749252476157646,-0.016953495887185213,0.0858307341900455,Swing_including_bunts,Swing_including_bunts,차이 불명확,True,True,,W per selected current decision; not PA sum,0.13052244039270688
count,2-1,ALL,ALL,ALL,72940,71554,0.9809980806142035,4859,71554,1082,708,0.5812859884836852,0.5883808033093887,0.4187140115163148,0.4116191966906113,0.34844608267881594,Take,Swing_including_bunts,29453,16795.357267582953,4847,0.000748620549014687,42101,28158.10154831771,4857,0.0006968298543038789,0.35110095119873225,0.29551983757726713,0.36344060844785925,0.2923328313381578,-0.055581113621465124,0.00462395333978742,-0.06464615416770897,-0.04651607307522128,-0.07263519959186868,-0.03852702765106157,Take,Take,관찰상 방향 뚜렷,True,True,,W per selected current decision; not PA sum,
region,2-1,HIGH,상(높음),ALL,7511,7029,0.9358274530688324,3605,7029,895,652,0.29024097989615233,0.30900554844216815,0.7097590201038477,0.6909944515578319,0.396745625266752,Take,Swing_including_bunts,4857,3953.0398296220333,2995,0.0017656536729202946,2172,1410.2973858685598,1729,0.004384829185865025,0.4497093606830333,0.26753955591520107,0.43597784865501765,0.25736893934335003,-0.18216980476783223,0.013270169251458888,-0.20818759631527406,-0.1561520132203904,-0.23112569419843496,-0.1332139153372295,Take,Take,관찰상 방향 뚜렷,True,True,,W per selected current decision; not PA sum,0.10297504798464491
region_pitch,2-1,HIGH,상(높음),FB,5813,5459,0.9391020127300878,3169,5459,814,631,0.33425081713401,0.3546437076387617,0.66574918286599,0.6453562923612384,0.3932579226964646,Take,Swing_including_bunts,3523,2985.1559000188695,2417,0.0018703598602012803,1936,1264.5506520969377,1590,0.004130563969606743,0.45204778697297143,0.27663024043868994,0.4354794627587089,0.26001863735597924,-0.17541754653428143,0.015549686013433223,-0.20590601942818698,-0.14492907364037588,-0.23279095076548612,-0.11804414230307675,Take,Take,관찰상 방향 뚜렷,True,True,,W per selected current decision; not PA sum,0.07969564025226214
region_pitch,2-1,HIGH,상(높음),NFB,1698,1570,0.9246171967020024,1290,1570,563,494,0.13957597173144876,0.1503184713375796,0.8604240282685512,0.8496815286624204,0.4088726114649681,Take,Swing_including_bunts,1334,1033.5688046138482,1132,0.005064401854322956,236,153.1864773444976,220,0.05128330518357692,0.44157848863413396,0.23593060890008913,0.4377107713352402,0.2481557537058067,-0.20564787973404486,0.02430337115157875,-0.2533263810501478,-0.15796937841794187,-0.29547038939477366,-0.11582537007331603,Take,,비교 자료 부족,True,False,,W per selected current decision; not PA sum,0.02327940773238278
region,2-1,LOW,하(낮음),ALL,13791,13233,0.9595388296715249,4484,13233,929,678,0.3665433978681749,0.38026146754326307,0.6334566021318251,0.6197385324567369,0.3817449557923373,Take,Swing_including_bunts,8201,6868.989953115569,3875,0.0011859973856168222,5032,3314.212903099566,3086,0.0023471370782533864,0.44328717314250515,0.2679930895945537,0.4359286064857832,0.2501188196641369,-0.17529408354795142,0.01008016986721316,-0.19505618898995408,-0.15553197810594876,-0.2124741476928921,-0.13811401940301074,Take,Take,관찰상 방향 뚜렷,True,True,,W per selected current decision; not PA sum,0.18907321085823964
region_pitch,2-1,LOW,하(낮음),FB,4550,4358,0.9578021978021978,2771,4358,780,616,0.23164835164835165,0.2413951353832033,0.7683516483516484,0.7586048646167967,0.40753235429095913,Take,Swing_including_bunts,3306,2714.7975966590893,2326,0.0020297438223930517,1052,701.259698796467,912,0.007636986085105987,0.4423872254617854,0.26843297710337427,0.43317980831498837,0.26058280675952655,-0.17395424835841108,0.01677638297632033,-0.20684972851231231,-0.14105876820450985,-0.2358640204519427,-0.11204447626487946,Take,Take,관찰상 방향 뚜렷,True,True,,W per selected current decision; not PA sum,0.06238003838771593
region_pitch,2-1,LOW,하(낮음),NFB,9241,8875,0.9603938967644194,3976,8875,875,650,0.43296180067092305,0.4484507042253521,0.567038199329077,0.551549295774648,0.3690822535211268,Take,Swing_including_bunts,4895,4159.944319030167,2999,0.0017207023705525415,3980,2615.328675672385,2672,0.002757724213862202,0.44372908547969686,0.2677770862409267,0.43727838253404505,0.24498055986000075,-0.17595199923877017,0.012472087412955841,-0.20040428692287351,-0.15149971155466682,-0.22195928323627812,-0.12994471524126222,Take,Take,관찰상 방향 뚜렷,True,True,,W per selected current decision; not PA sum,0.12669317247052372
region,2-1,INSIDE,좌(몸쪽),ALL,9749,9339,0.9579444045543133,4104,9339,942,656,0.4139911785824187,0.4303458614412678,0.5860088214175814,0.5696541385587321,0.3877030731341685,Take,Swing_including_bunts,5320,4420.263607414578,3224,0.00152601146239718,4019,2693.036246967904,2716,0.002595554819829906,0.44131829021874625,0.29030086637362384,0.424968740249657,0.26761848529183735,-0.15101742384512243,0.01327439291080948,-0.17704243307728107,-0.12499241461296379,-0.19998286631384893,-0.10205198137639593,Take,Take,관찰상 방향 뚜렷,True,True,,W per selected current decision; not PA sum,0.1336578009322731
region_pitch,2-1,INSIDE,좌(몸쪽),FB,6325,6117,0.9671146245059289,3384,6117,858,630,0.4336758893280632,0.4472780774889652,0.5663241106719368,0.5527219225110348,0.38941997711296383,Take,Swing_including_bunts,3381,2835.151046603888,2364,0.002473399654975961,2736,1906.2870245445024,2068,0.0028511285505768065,0.44554392886416627,0.2814726371631182,0.42219954526491377,0.27500299365346553,-0.16407129170104817,0.016239186580684153,-0.19591090399689076,-0.13223167940520558,-0.22398434837354952,-0.10415823502854682,Take,Take,관찰상 방향 뚜렷,True,True,,W per selected current decision; not PA sum,0.08671510830819852
region_pitch,2-1,INSIDE,좌(몸쪽),NFB,3424,3222,0.9410046728971962,2331,3222,746,569,0.3776285046728972,0.39819987585350713,0.6223714953271028,0.6018001241464929,0.3844435133457479,Take,Swing_including_bunts,1939,1595.22961060578,1613,0.0026850016193092057,1283,788.8166426651991,1110,0.008138416066810724,0.43329587197106334,0.3070613499492487,0.43022608529052425,0.25359892053451916,-0.1262345220218146,0.023628180425817467,-0.17256897381238656,-0.07990007023124261,-0.21345113406506186,-0.03901790997856733,Take,Take,관찰상 방향 뚜렷,True,True,,W per selected current decision; not PA sum,0.046942692624074585
region,2-1,OUTSIDE,우(바깥쪽),ALL,15495,14846,0.9581155211358503,4615,14846,977,687,0.29654727331397224,0.3077596659032736,0.7034527266860278,0.6922403340967265,0.3852262562306345,Take,Swing_including_bunts,10277,8558.955396485215,4245,0.0009967575693886847,4569,3176.9494031777317,2967,0.0024252736681419983,0.4255116653496506,0.2596311438041243,0.42645331408174025,0.2658877300456612,-0.16588052154552632,0.008243249915169152,-0.18204123382473159,-0.14971980926632106,-0.19628452107882186,-0.1354765220122308,Take,Take,관찰상 방향 뚜렷,True,True,,W per selected current decision; not PA sum,0.21243487798190294
region_pitch,2-1,OUTSIDE,우(바깥쪽),FB,7938,7587,0.95578231292517,3753,7587,876,659,0.2622826908541194,0.273098721497298,0.7377173091458806,0.726901278502702,0.3864232239356794,Take,Swing_including_bunts,5515,4575.641515919819,3246,0.0015848153153355546,2072,1504.3638450449662,1675,0.0036665026944977556,0.41465203591585376,0.2640949634408594,0.4248434412497792,0.27369886045145814,-0.15055707247499434,0.011327626544136394,-0.17276597690442103,-0.12834816804556765,-0.19234492595890018,-0.10876921899108849,Take,Take,관찰상 방향 뚜렷,True,True,,W per selected current decision; not PA sum,0.10882917466410749
region_pitch,2-1,OUTSIDE,우(바깥쪽),NFB,7557,7259,0.9605663623130872,3700,7259,889,646,0.3325393674738653,0.343986775037884,0.6674606325261347,0.656013224962116,0.3839752031960325,Take,Swing_including_bunts,4762,3988.183689124395,2954,0.0019648943238033964,2497,1677.9259775883127,1949,0.003993959656355757,0.4368619902586211,0.2549656251949619,0.4281359294800167,0.2577236514688902,-0.1818963650636592,0.012268546868317163,-0.20595014575879528,-0.1578425843685231,-0.22715592407283408,-0.1366368060544843,Take,Take,관찰상 방향 뚜렷,True,True,,W per selected current decision; not PA sum,0.10360570331779545
region,2-1,CENTER,가운데(존 안),ALL,34711,34452,0.9925383884071332,4856,34452,1019,703,0.8099161649044971,0.8093869731800766,0.19008383509550286,0.19061302681992343,0.31411024033437823,Take,Swing_including_bunts,6567,5432.742354247439,3600,0.001306081511859886,27885,27610.90190861873,4844,0.00061912197031705,0.26232682481345515,0.32205721984514435,0.29895675153414736,0.3206148848385971,0.059730395031689226,0.007340310226143194,0.04534006381964264,0.07412072624373581,0.03265781654100783,0.08680297352237062,Swing_including_bunts,Swing_including_bunts,관찰상 방향 뚜렷,True,True,,W per selected current decision; not PA sum,0.4758842884562654
region_pitch,2-1,CENTER,가운데(존 안),FB,22050,21849,0.9908843537414966,4782,21849,960,694,0.8230385487528344,0.8222344272049064,0.17696145124716556,0.17776557279509364,0.30959499290585385,Take,Swing_including_bunts,3884,3145.019025014654,2656,0.0017576286278787661,17965,17775.779522198955,4710,0.0007542714639493823,0.2551511684071598,0.31755169189129495,0.2923899527553929,0.3176695082057322,0.06240052348413513,0.0092516093406073,0.044263110704332656,0.0805379362639376,0.028278282723926372,0.09652276424434389,Swing_including_bunts,Swing_including_bunts,관찰상 방향 뚜렷,True,True,,W per selected current decision; not PA sum,0.30230326295585414
region_pitch,2-1,CENTER,가운데(존 안),NFB,12661,12603,0.9954190032382908,4440,12603,932,670,0.7870626332833109,0.7871141791636912,0.21293736671668906,0.2128858208363088,0.3219380306276283,Take,Swing_including_bunts,2683,2321.113388629328,2033,0.0018446942509758694,9920,9837.661695701458,4147,0.0011322590147542747,0.27476679282275024,0.3298681601183853,0.3103411827423522,0.32572109241230707,0.055101367295635036,0.012334529279079645,0.03091954060930265,0.07928319398196743,0.00960587517239015,0.10059685941887991,Swing_including_bunts,Swing_including_bunts,관찰상 방향 뚜렷,True,True,,W per selected current decision; not PA sum,0.1735810255004113
count,2-2,ALL,ALL,ALL,118632,113565,0.9572880841594174,4859,86202,1057,708,0.6426343650954212,0.6389116365077269,0.35736563490457884,0.36108836349227313,0.2648273411702549,Take,Swing_including_bunts,41007,20084.595742263613,4857,0.000783796561089463,72558,52034.26366213175,4858,0.0006036224897202935,0.2261667788700953,0.20191206517755905,0.2564791070192105,0.20817686305148803,-0.02425471369253624,0.0027427353053546748,-0.02963171577789847,-0.01887771160717401,-0.03437048265782819,-0.01413894472724429,Take,Take,관찰상 방향 뚜렷,True,True,,W per selected current decision; not PA sum,
region,2-2,HIGH,상(높음),ALL,15094,14584,0.9662117397641447,4496,14022,948,686,0.43169471313104546,0.4443911135490949,0.5683052868689545,0.5556088864509051,0.28860209818979704,Take,Swing_including_bunts,8103,5432.078170818646,3876,0.0017900534615052557,6481,4656.498790162868,3407,0.0028180284696347336,0.355104265112232,0.16774868102268428,0.3281852958236177,0.17565136635540107,-0.1873555840895476,0.008087602300063886,-0.20321126274401635,-0.17149990543507887,-0.21718612494678713,-0.1575250432323081,Take,Take,관찰상 방향 뚜렷,True,True,,W per selected current decision; not PA sum,0.1272337986378043
region_pitch,2-2,HIGH,상(높음),FB,12645,12245,0.9683669434559115,4311,11834,897,678,0.46516409648082246,0.4777460187831768,0.5348359035191775,0.5222539812168232,0.2822668027766435,Take,Swing_including_bunts,6395,4822.081393552099,3456,0.00175775381910056,5850,4221.709589694311,3231,0.0030449174243518786,0.3535150437349873,0.1670398864659162,0.3265036716037994,0.17992351633073514,-0.1864751572690712,0.008443623357641417,-0.203029003695108,-0.1699213108430344,-0.21761994117485794,-0.15533037336328448,Take,Take,관찰상 방향 뚜렷,True,True,,W per selected current decision; not PA sum,0.10659012745296378
region_pitch,2-2,HIGH,상(높음),NFB,2448,2339,0.9554738562091504,1810,2330,649,548,0.2589869281045752,0.2697734074390765,0.7410130718954249,0.7302265925609235,0.3217682770414707,Take,Swing_including_bunts,1708,996.4963217131142,1434,0.005526582011510405,631,467.8423029231624,572,0.01185840644966155,0.3634240666361137,0.1714593220434733,0.33698883946264135,0.1532860493618287,-0.1919647445926404,0.02435141482526522,-0.23972459539014745,-0.14420489379513335,-0.28189153915468323,-0.10203795003059754,Take,Take,관찰상 방향 뚜렷,True,True,,W per selected current decision; not PA sum,0.02063524175601861
region,2-2,LOW,하(낮음),ALL,30900,30074,0.9732686084142395,4841,28860,979,702,0.434368932038835,0.4438052803085722,0.565631067961165,0.5561947196914279,0.2664671144510208,Take,Swing_including_bunts,16727,11506.751708424146,4693,0.0010668951756320902,13347,8716.441741422143,4475,0.0012945681927531054,0.3433277631706624,0.12010538670026638,0.33965023492930524,0.14657367138090518,-0.22322237647039597,0.004959575532995422,-0.23294539737117778,-0.21349935556961416,-0.24151435683799205,-0.2049303961027999,Take,Take,관찰상 방향 뚜렷,True,True,,W per selected current decision; not PA sum,0.26046935059680354
region_pitch,2-2,LOW,하(낮음),FB,4977,4843,0.9730761502913402,2911,4797,766,609,0.26501908780389793,0.2715259136898617,0.7349809121961021,0.7284740863101383,0.2944819326863514,Take,Swing_including_bunts,3528,2395.786718143823,2404,0.0034664218429763865,1315,917.1742340533172,1102,0.0067301591964037824,0.3200118945021477,0.1725621249778457,0.32622562768978963,0.17756461827396033,-0.14744976952430197,0.014977441714169835,-0.17681723067070015,-0.11808230837790377,-0.20271741780970443,-0.09218212123889952,Take,Take,관찰상 방향 뚜렷,True,True,,W per selected current decision; not PA sum,0.04195326724661137
region_pitch,2-2,LOW,하(낮음),NFB,25923,25231,0.9733055587702041,4819,24351,966,697,0.466882691046561,0.4768736871309104,0.533117308953439,0.5231263128690896,0.26108977052039156,Take,Swing_including_bunts,13199,9142.295596223326,4521,0.0013363838039841872,12032,7800.766451942141,4361,0.0012368179773676786,0.34780316057709165,0.11003650383877393,0.34222704016338135,0.14062507022347714,-0.23776665673831773,0.005170689375771354,-0.24790356824618157,-0.2276297452304539,-0.2568373359564746,-0.21869597752016087,Take,Take,관찰상 방향 뚜렷,True,True,,W per selected current decision; not PA sum,0.21851608335019218
region,2-2,INSIDE,좌(몸쪽),ALL,16435,15985,0.9726194097961667,4625,15293,945,683,0.45305749923942806,0.4633719111667188,0.5469425007605719,0.5366280888332813,0.2861358148263997,Take,Swing_including_bunts,8578,5792.867202393283,3981,0.0015610420109591822,7407,5011.45653350827,3669,0.001600005057866007,0.32993703633117194,0.16842484071205782,0.3265582319687394,0.17167409307869963,-0.16151219561911412,0.00728573844493431,-0.17579571936863472,-0.1472286718695935,-0.1883845107631813,-0.13463988047504694,Take,Take,관찰상 방향 뚜렷,True,True,,W per selected current decision; not PA sum,0.13853766268797627
region_pitch,2-2,INSIDE,좌(몸쪽),FB,8562,8385,0.9793272599859846,3880,8191,853,644,0.46099042279841157,0.46857483601669647,0.5390095772015884,0.5314251639833035,0.28533082886106137,Take,Swing_including_bunts,4456,3196.201638339387,2887,0.002784351690057743,3929,2815.866902652423,2573,0.0030240355583511817,0.3188505812892819,0.19046664899448504,0.3140921191763467,0.19379524176869545,-0.1283839322947969,0.010374939988957013,-0.1487247879400499,-0.10804307664954386,-0.1666560865068229,-0.09011177808277088,Take,Take,관찰상 방향 뚜렷,True,True,,W per selected current decision; not PA sum,0.07217276957313372
region_pitch,2-2,INSIDE,좌(몸쪽),NFB,7873,7600,0.9653245268639654,3733,7445,880,653,0.4444303315127651,0.45763157894736844,0.5555696684872349,0.5423684210526316,0.287023947368421,Take,Swing_including_bunts,4122,2615.9425268180294,2737,0.0027568051415682855,3478,2215.9231806555163,2393,0.003069189855359384,0.34216860547936245,0.14410634565309047,0.3403119629903462,0.14726806258322397,-0.19806225982627196,0.010271038026976312,-0.21819965538024627,-0.17792486427229764,-0.23595253341244987,-0.16017198624009404,Take,Take,관찰상 방향 뚜렷,True,True,,W per selected current decision; not PA sum,0.06636489311484253
region,2-2,OUTSIDE,우(바깥쪽),ALL,30517,29641,0.9712946882065734,4839,28252,1011,699,0.41760330307697346,0.4279207853986033,0.5823966969230265,0.5720792146013967,0.2754151344421578,Take,Swing_including_bunts,16957,11798.244835351732,4681,0.000970431967679329,12684,8726.044061547269,4406,0.0015015090981007925,0.31951845338857615,0.1531967180742769,0.3265007723301551,0.16536805456665205,-0.16632173531429925,0.005211394824508608,-0.17653843747023643,-0.15610503315836208,-0.18554248533291273,-0.14710098529568577,Take,Take,관찰상 방향 뚜렷,True,True,,W per selected current decision; not PA sum,0.2572408793580147
region_pitch,2-2,OUTSIDE,우(바깥쪽),FB,12353,12001,0.9715048975957258,4320,11722,915,680,0.3757791629563669,0.3860511624031331,0.6242208370436331,0.6139488375968669,0.2908823431380718,Take,Swing_including_bunts,7368,5192.54569487382,3698,0.0017859559036720958,4633,3481.9820276674263,2859,0.0023091074300956808,0.3120422712986673,0.1870471115581131,0.31716851572830307,0.18792891417240662,-0.12499515974055422,0.008692970647872347,-0.14203784518051485,-0.1079524743005936,-0.1570596187216092,-0.09293070075949925,Take,Take,관찰상 방향 뚜렷,True,True,,W per selected current decision; not PA sum,0.1041287342369681
region_pitch,2-2,OUTSIDE,우(바깥쪽),NFB,18163,17640,0.9712051973792876,4709,17198,970,685,0.4460716841931399,0.45640589569161,0.5539283158068601,0.5435941043083901,0.26489234693877545,Take,Swing_including_bunts,9589,6610.32418219935,4135,0.001635137346739448,8051,5278.203831387676,3854,0.00166805550826424,0.3246047153648231,0.1301673205572974,0.332849775248456,0.15001925206502725,-0.19443739480752567,0.006287526154344377,-0.20676388858696926,-0.18211090102808208,-0.21762763247358088,-0.17124715714147046,Take,Take,관찰상 방향 뚜렷,True,True,,W per selected current decision; not PA sum,0.1531037156922247
region,2-2,CENTER,가운데(존 안),ALL,45414,41821,0.9208834280177919,4853,35507,1008,705,0.9133086713348306,0.9084192152267999,0.08669132866516938,0.09158078477320009,0.2538380000478228,Take,Swing_including_bunts,3830,3327.85912262286,2644,0.0018394704902886783,37991,37905.64166223203,4849,0.0005287736136436947,0.05346737951097147,0.27411525061527925,0.14534472782388308,0.27207956328430594,0.22064787110430772,0.004156382369873063,0.2124994786896088,0.22879626351900664,0.2053182683010352,0.23597747390758025,Swing_including_bunts,Swing_including_bunts,관찰상 방향 뚜렷,True,True,,W per selected current decision; not PA sum,0.3828140805179041
region_pitch,2-2,CENTER,가운데(존 안),FB,25894,24381,0.9415694755541825,4799,22156,958,696,0.9026801575654592,0.8985275419383947,0.09731984243454084,0.10147245806160532,0.24938447971781308,Take,Swing_including_bunts,2474,2127.2913261910553,1925,0.00202664670418075,21907,21849.795156944816,4766,0.0006473801373500421,0.0443420347898471,0.27257257709270216,0.13405938275397625,0.26927292032745925,0.22823054230285506,0.005005497992640738,0.21841747103447587,0.23804361357123424,0.20976906823778904,0.24669201636792107,Swing_including_bunts,Swing_including_bunts,관찰상 방향 뚜렷,True,True,,W per selected current decision; not PA sum,0.218271629914357
region_pitch,2-2,CENTER,가운데(존 안),NFB,19520,17440,0.8934426229508197,4659,16353,977,691,0.9274077868852459,0.9222477064220184,0.07259221311475406,0.07775229357798163,0.26006399082568804,Take,Swing_including_bunts,1356,1217.6556836209986,1170,0.003119541974284861,16084,16057.615742712234,4601,0.0008166779948309925,0.06622454864203416,0.27627189758511594,0.16112156258015592,0.2760032308262141,0.2100473489430818,0.006911097771435187,0.19649832556758787,0.22359637231857574,0.18455698454445416,0.23553771334170945,Swing_including_bunts,Swing_including_bunts,관찰상 방향 뚜렷,True,True,,W per selected current decision; not PA sum,0.1645424506035471
count,3-0,ALL,ALL,ALL,13972,12253,0.8769682221586029,4392,12253,980,675,0.09053821929573433,0.10266873418754591,0.9094617807042656,0.8973312658124541,0.5273264506651432,Take,Swing_including_bunts,10995,10962.81867068646,4264,0.0008990476516419389,1258,1117.793346153892,1083,0.003689686412538933,0.5269002907499604,0.4789339352746344,0.5121466811298855,0.3971824510433694,-0.04796635547532595,0.015765149716702766,-0.07887400068159714,-0.01705871026905475,-0.1061160968988478,0.010183385948195907,Take,Take,차이 불명확,True,True,,W per selected current decision; not PA sum,
region,3-0,HIGH,상(높음),ALL,1783,1105,0.6197420078519349,968,1105,538,443,0.027481772293886708,0.044343891402714934,0.9725182277061133,0.9556561085972851,0.6219058823529411,Take,Swing_including_bunts,1056,1053.5723217330344,927,0.0039022506006672324,49,44.68411890852442,49,0.036651784187063406,0.6323202172056073,0.37218512176152,0.5947690990027866,0.34433815491527364,-0.2601350954440872,0.033900048984105466,-0.32666123748856446,-0.1936089533996099,-0.385544200112627,-0.1347259907755474,Take,,비교 자료 부족,True,False,,W per selected current decision; not PA sum,0.12761236759232752
region_pitch,3-0,HIGH,상(높음),FB,1724,1062,0.6160092807424594,934,1062,519,440,0.027842227378190254,0.04519774011299435,0.9721577726218098,0.9548022598870056,0.6197711864406781,Take,Swing_including_bunts,1014,1011.7065820512101,894,0.004066942671405272,48,43.71514381561149,48,0.03764021536382311,0.6294212591363427,0.3782310752891834,0.5961260708348871,0.3445927497716981,-0.25119018384715924,0.03489688312468918,-0.3196756609710042,-0.18270470672331426,-0.3803047462450873,-0.12207562144923118,Take,,비교 자료 부족,True,False,,W per selected current decision; not PA sum,0.12338963641568852
region_pitch,3-0,HIGH,상(높음),NFB,59,43,0.7288135593220338,43,43,39,40,0.01694915254237288,0.023255813953488372,0.9830508474576272,0.9767441860465116,0.674627906976744,Take,Swing_including_bunts,42,41.881035448755924,42,0.027707959902132588,1,1.0,1,1.0,0.7039177397534863,0.22286412998527275,0.5612550504983506,0.3380502540426495,-0.4810536097682137,0.12279561750942178,-0.7288651986502699,-0.23324202088615748,-0.976131638679111,0.014024419142683542,Take,,비교 자료 부족,True,False,,W per selected current decision; not PA sum,0.004222731176638992
region,3-0,LOW,하(낮음),ALL,1452,1060,0.7300275482093664,944,1060,514,413,0.048209366391184574,0.06509433962264151,0.9517906336088154,0.9349056603773584,0.6365103773584906,Take,Swing_including_bunts,991,988.6860438276403,886,0.004178679778156287,69,60.29519433364646,69,0.02638246990535425,0.6479274271161938,0.4524714696158553,0.5884984989467962,0.3485464047049448,-0.19545595750033853,0.04666362979155014,-0.28703252955098796,-0.1038793854496891,-0.36809899001127566,-0.022812924989401406,Take,,비교 자료 부족,True,False,,W per selected current decision; not PA sum,0.10392212997423418
region_pitch,3-0,LOW,하(낮음),FB,1258,916,0.7281399046104928,829,916,474,396,0.03815580286168521,0.05240174672489083,0.9618441971383148,0.9475982532751092,0.6394650655021834,Take,Swing_including_bunts,868,866.4146373836168,789,0.0035136193236526424,48,42.87872623895865,48,0.035918023882203054,0.6474090305942656,0.4589399595561289,0.5940738075080221,0.35006222164699835,-0.18846907103813662,0.05105682797911796,-0.2886851064404657,-0.08825303563580755,-0.37746755538854804,0.0005294133122748235,Take,,비교 자료 부족,True,False,,W per selected current decision; not PA sum,0.09003721729172631
region_pitch,3-0,LOW,하(낮음),NFB,194,144,0.7422680412371134,140,144,111,103,0.1134020618556701,0.14583333333333334,0.8865979381443299,0.8541666666666666,0.6177152777777777,Take,Swing_including_bunts,123,122.41100309337638,119,0.01617592290889363,21,17.60837753734903,21,0.09538529902837405,0.6512250049917934,0.41132468638467057,0.5530333417101094,0.33890412471243736,-0.23990031860712277,0.11271840250609994,-0.462764633182319,-0.017036004031926594,-0.6664727224810325,0.186672085266787,Take,,비교 자료 부족,True,False,,W per selected current decision; not PA sum,0.013884912682507872
region,3-0,INSIDE,좌(몸쪽),ALL,1638,1157,0.7063492063492064,1023,1157,566,432,0.05616605616605617,0.07692307692307693,0.9438339438339438,0.9230769230769231,0.6111659464131374,Take,Swing_including_bunts,1068,1065.3341149407454,950,0.003066137970680024,89,79.40096166641902,88,0.020995090929941906,0.619049984612017,0.47274010220528095,0.5792864953377176,0.3599863440101028,-0.14630988240673598,0.045976155430191186,-0.23652833561786038,-0.05609142919561158,-0.31635846839007126,0.023738703576599296,Take,,비교 자료 부족,True,False,,W per selected current decision; not PA sum,0.11723446893787576
region_pitch,3-0,INSIDE,좌(몸쪽),FB,1527,1070,0.7007203667321545,959,1070,539,421,0.05435494433529797,0.07570093457943926,0.945645055664702,0.9242990654205607,0.6137700934579439,Take,Swing_including_bunts,989,986.8144049429994,891,0.0033193872909293635,81,72.59284581330678,80,0.022959873010671726,0.6204855926502172,0.4731590738504854,0.5824933763511834,0.36105452005748445,-0.1473265187997317,0.04862259851904353,-0.2427456133215617,-0.051907424277901695,-0.3272062932710199,0.03255325567155651,Take,,비교 자료 부족,True,False,,W per selected current decision; not PA sum,0.10929000858860578
region_pitch,3-0,INSIDE,좌(몸쪽),NFB,111,87,0.7837837837837838,86,87,73,77,0.08108108108108109,0.09195402298850575,0.9189189189189189,0.9080459770114943,0.5791379310344829,Take,Swing_including_bunts,79,78.61749784091126,78,0.023961349275839396,8,6.80814485779233,8,0.2062126177404534,0.6013936558663365,0.4675872325458692,0.539845544942219,0.3468490064158692,-0.13380642332046724,0.13236776894413416,-0.3969890102964493,0.12937616365551477,-0.6433899194795685,0.37577707283863404,Take,,비교 자료 부족,True,False,,W per selected current decision; not PA sum,0.00794446034926997
region,3-0,OUTSIDE,우(바깥쪽),ALL,2832,1990,0.702683615819209,1604,1990,676,530,0.028601694915254237,0.04020100502512563,0.9713983050847458,0.9597989949748744,0.6169603015075378,Take,Swing_including_bunts,1910,1905.5645632699384,1555,0.0025943366985364605,80,69.71004570752577,80,0.023606944914256505,0.6254347358390037,0.3802617327459529,0.5805711638128154,0.3618798226442479,-0.2451730030930507,0.024864621974750103,-0.29394359100257134,-0.19640241518353008,-0.3370188323316525,-0.15332717385444894,Take,,비교 자료 부족,True,False,,W per selected current decision; not PA sum,0.20269109647867162
region_pitch,3-0,OUTSIDE,우(바깥쪽),FB,2627,1831,0.6969927674153026,1499,1831,642,521,0.02588503996954701,0.03659202621518296,0.974114960030453,0.963407973784817,0.6142697979246314,Take,Swing_including_bunts,1764,1760.1880657515787,1455,0.002814987930971779,67,58.37061985173769,67,0.0275238728440339,0.6227938596206997,0.37468968308040657,0.5844173386887683,0.3632317540085829,-0.24810417654029313,0.025234608171843878,-0.2976030936531436,-0.19860525942744267,-0.3413315618547479,-0.1548767912258384,Take,,비교 자료 부족,True,False,,W per selected current decision; not PA sum,0.18801889493272259
region_pitch,3-0,OUTSIDE,우(바깥쪽),NFB,205,159,0.775609756097561,152,159,125,125,0.06341463414634146,0.08176100628930817,0.9365853658536585,0.9182389937106918,0.6479433962264151,Take,Swing_including_bunts,146,145.48889459841135,140,0.014471190355534822,13,11.623428277836211,13,0.12150681410859039,0.6558463355604781,0.44442791474353355,0.5362796782916218,0.34631135517193723,-0.21141842081694462,0.11513379273204191,-0.4388996445919907,0.016062802958101474,-0.6462063070904815,0.22336946545659236,Take,,비교 자료 부족,True,False,,W per selected current decision; not PA sum,0.01467220154594904
region,3-0,CENTER,가운데(존 안),ALL,7483,7421,0.99171455298677,3732,7421,915,651,0.1325671522116798,0.13327044872658672,0.8674328477883202,0.8667295512734132,0.468999460989085,Take,Swing_including_bunts,6432,6413.133662681218,3492,0.0010670840056010952,989,893.4711903483417,886,0.0043633327792698415,0.4622907967991663,0.5189778063850585,0.46746091479222324,0.4228791785915065,0.056687009585892296,0.022742677623289465,0.012097715507093869,0.10127630366469073,-0.027211667525166426,0.140585686696951,Swing_including_bunts,Swing_including_bunts,차이 불명확,True,True,,W per selected current decision; not PA sum,0.5355711422845691
region_pitch,3-0,CENTER,가운데(존 안),FB,7113,7052,0.9914241529593701,3648,7052,889,650,0.13313651061436807,0.13386273397617698,0.866863489385632,0.866137266023823,0.46658238797504253,Take,Swing_including_bunts,6108,6092.598631086681,3400,0.0011272461003290516,944,857.5382235912855,848,0.004517468398499623,0.45982601784476856,0.5204265066153515,0.4665745513670448,0.4244012191958892,0.06060048877058296,0.02364819025637818,0.014235500064328208,0.10696547747683771,-0.026640626763615775,0.1478416043047817,Swing_including_bunts,Swing_including_bunts,차이 불명확,True,True,,W per selected current decision; not PA sum,0.5090896077870026
region_pitch,3-0,CENTER,가운데(존 안),NFB,370,369,0.9972972972972973,346,369,209,213,0.12162162162162163,0.12195121951219512,0.8783783783783784,0.8780487804878049,0.5151924119241192,Take,Swing_including_bunts,324,321.90193782242966,303,0.015664221500515184,45,37.16972063819699,45,0.06768228212245074,0.50939546126099,0.4912915353172385,0.4844003046956351,0.393791291485527,-0.018103925943751382,0.07845525733371538,-0.17241474005542076,0.136206888167918,-0.3103303222207578,0.27412247033325504,Take,,비교 자료 부족,True,False,,W per selected current decision; not PA sum,0.026481534497566562
count,3-1,ALL,ALL,ALL,29874,29308,0.9810537591216443,4846,29308,1043,702,0.5456249581575953,0.5540807970519994,0.45437504184240474,0.4459192029480006,0.4668555684454756,Take,Swing_including_bunts,13069,7863.785624022643,4495,0.0011359734830117185,16239,10782.170775799923,4697,0.0010937198120773229,0.4832168224464093,0.37925850276968276,0.4938356396787245,0.37168015493353174,-0.1039583196767266,0.006723772567791347,-0.11713996473847348,-0.09077667461497972,-0.12875701854264573,-0.07915962081080746,Take,Take,관찰상 방향 뚜렷,True,True,,W per selected current decision; not PA sum,
region,3-1,HIGH,상(높음),ALL,3184,2897,0.9098618090452262,2131,2897,766,569,0.25345477386934673,0.27718329306178807,0.7465452261306533,0.7228167069382119,0.5716648256817397,Take,Swing_including_bunts,2094,1876.9014170993178,1678,0.003732162920121275,803,543.6073130955548,733,0.008469012677410015,0.6496263198829023,0.33662301812182255,0.5980440178106101,0.3306459182733771,-0.31300330176107977,0.016491548556514544,-0.34534452058147214,-0.2806620829406874,-0.37388605145725806,-0.25212055206490147,Take,Take,관찰상 방향 뚜렷,True,True,,W per selected current decision; not PA sum,0.10658097342170449
region_pitch,3-1,HIGH,상(높음),FB,2773,2523,0.9098449332852506,1929,2523,717,555,0.27623512441399206,0.30202140309155767,0.723764875586008,0.6979785969084423,0.567569163694015,Take,Swing_including_bunts,1761,1567.346151547189,1464,0.00448053069085569,762,513.1111987253558,698,0.00882182700398566,0.6518260737491763,0.3375964263129866,0.6007532781360858,0.32966343912787527,-0.3142296474361897,0.018514715219111386,-0.35054061759677574,-0.27791867727560365,-0.3825937074975536,-0.24586558737482578,Take,Take,관찰상 방향 뚜렷,True,True,,W per selected current decision; not PA sum,0.09282319073441789
region_pitch,3-1,HIGH,상(높음),NFB,411,374,0.9099756690997567,356,374,240,235,0.09975669099756691,0.10962566844919786,0.9002433090024331,0.8903743315508021,0.5992941176470589,Take,Swing_including_bunts,333,309.61374636971976,320,0.008997877176430802,41,36.82323271413181,40,0.04856786664616113,0.6347868038277975,0.3300564168750131,0.5797673766309973,0.3372737120811343,-0.3047303869527844,0.025230732726797656,-0.3543508841359384,-0.25510988976963045,-0.3986804149809739,-0.21078035892459496,Take,,비교 자료 부족,True,False,,W per selected current decision; not PA sum,0.013757782687286604
region,3-1,LOW,하(낮음),ALL,4292,4100,0.9552656104380243,2715,4100,822,592,0.30405405405405406,0.31658536585365854,0.6959459459459459,0.6834146341463414,0.5587587804878049,Take,Swing_including_bunts,2802,2524.688654472128,2094,0.0021700126600820153,1298,880.5592427202976,1112,0.004756096668593882,0.6345345554211596,0.3507183387749909,0.5885413424221277,0.33222739580372346,-0.2838162166461687,0.014591293023895667,-0.31242738510874957,-0.2552050481835878,-0.33766382995195465,-0.22996860334038274,Take,Take,관찰상 방향 뚜렷,True,True,,W per selected current decision; not PA sum,0.14367008100689563
region_pitch,3-1,LOW,하(낮음),FB,2427,2315,0.953852492789452,1812,2315,675,540,0.22785331685208077,0.23887688984881209,0.7721466831479192,0.7611231101511879,0.5667291576673865,Take,Swing_including_bunts,1762,1555.5068668387585,1457,0.0029832512299562087,553,401.5331375871387,514,0.00999994348458925,0.6290667163528882,0.32579478374260257,0.5951132832888236,0.332118072808108,-0.3032719326102856,0.016908412450474322,-0.3364339753321571,-0.27010988988841417,-0.3657124911685741,-0.2408313740519971,Take,Take,관찰상 방향 뚜렷,True,True,,W per selected current decision; not PA sum,0.081241213094999
region_pitch,3-1,LOW,하(낮음),NFB,1865,1785,0.9571045576407506,1434,1785,600,472,0.4032171581769437,0.4173669467787115,0.5967828418230563,0.5826330532212884,0.5484218487394958,Take,Swing_including_bunts,1040,974.8494605606078,915,0.004646888936718524,745,489.5315139397443,668,0.007877926879597633,0.6416258985265086,0.38304216504948885,0.5800180689731634,0.3323691788484572,-0.25858373347701985,0.025572734805664743,-0.30874774244090963,-0.20841972451313007,-0.35307075281968214,-0.16409671413435756,Take,Take,관찰상 방향 뚜렷,True,True,,W per selected current decision; not PA sum,0.062428867911896634
region,3-1,INSIDE,좌(몸쪽),ALL,3770,3575,0.9482758620689655,2468,3575,817,582,0.3907161803713528,0.4103496503496504,0.6092838196286472,0.5896503496503496,0.5228606993006992,Take,Swing_including_bunts,2108,1901.2685121057611,1671,0.0027235868658695237,1467,1028.045539344069,1236,0.004502906626208284,0.6242017026099617,0.3271131536637975,0.5832570770826353,0.3432665928104017,-0.2970885489461642,0.019028381767275504,-0.3344017984449826,-0.25977529944734584,-0.36732022115293483,-0.2268568767393936,Take,Take,관찰상 방향 뚜렷,True,True,,W per selected current decision; not PA sum,0.12619669277632725
region_pitch,3-1,INSIDE,좌(몸쪽),FB,2970,2828,0.9521885521885521,2080,2828,742,561,0.4080808080808081,0.42751060820367753,0.591919191919192,0.5724893917963225,0.5156623055162659,Take,Swing_including_bunts,1619,1447.1737233090844,1335,0.002862990358163768,1209,855.4833216128567,1046,0.005584782132740623,0.6163299284679545,0.3242870702666075,0.5850699235717715,0.3441913281135677,-0.292042858201347,0.021955068287986088,-0.3350990677965267,-0.24898664860616732,-0.3730989896501256,-0.2109867267525684,Take,Take,관찰상 방향 뚜렷,True,True,,W per selected current decision; not PA sum,0.09941755372564771
region_pitch,3-1,INSIDE,좌(몸쪽),NFB,800,747,0.93375,677,747,414,350,0.32625,0.3453815261044177,0.6737500000000001,0.6546184738955823,0.5501124497991967,Take,Swing_including_bunts,489,454.1628508584567,459,0.007284632037851281,258,176.33963113509148,250,0.018357970178604525,0.6540027431368641,0.33781216818488596,0.5763939848854767,0.3397657207389783,-0.3161905749519782,0.036859159244805796,-0.3885627765355534,-0.24381837336840304,-0.45276882292734616,-0.17961232697661028,Take,,비교 자료 부족,True,False,,W per selected current decision; not PA sum,0.02677913905067952
region,3-1,OUTSIDE,우(바깥쪽),ALL,5740,5442,0.9480836236933798,3226,5442,861,623,0.24442508710801394,0.2559720690922455,0.7555749128919861,0.7440279309077544,0.5621844909959574,Take,Swing_including_bunts,4049,3674.458050252841,2715,0.0018123429574860115,1393,986.3715512492224,1212,0.004630219055263289,0.6158202170354525,0.3476812081317465,0.5847570206234044,0.3456865628245765,-0.268139008903706,0.012116969278756131,-0.29189674867798204,-0.24438126912942998,-0.3128458681764092,-0.22343214963100283,Take,Take,관찰상 방향 뚜렷,True,True,,W per selected current decision; not PA sum,0.19214032268862555
region_pitch,3-1,OUTSIDE,우(바깥쪽),FB,4217,3984,0.9447474507944036,2659,3984,786,602,0.23191842542091534,0.2442269076305221,0.7680815745790847,0.7557730923694779,0.5665193273092369,Take,Swing_including_bunts,3011,2709.173227660318,2213,0.0019517989291799169,973,726.5172518777288,882,0.005532338058182167,0.6158601989477536,0.34708495224117414,0.5896907967133658,0.3449752713598172,-0.26877524670657943,0.013632825168492796,-0.2955072658210318,-0.24204322759212704,-0.3190871618044454,-0.21846333160871345,Take,Take,관찰상 방향 뚜렷,True,True,,W per selected current decision; not PA sum,0.14115953672089443
region_pitch,3-1,OUTSIDE,우(바깥쪽),NFB,1523,1458,0.9573210768220617,1254,1458,554,452,0.27905449770190416,0.2880658436213992,0.7209455022980958,0.7119341563786008,0.5503395061728394,Take,Swing_including_bunts,1038,965.3753914380881,928,0.0038906238069358005,420,274.6352443446531,401,0.014076327691663656,0.6157109660487534,0.34931048348705535,0.5712754266985713,0.3476301740698446,-0.2664004825616981,0.025553445828715323,-0.31653274169137574,-0.21626822343202054,-0.36085081878521125,-0.171950146338185,Take,Take,관찰상 방향 뚜렷,True,True,,W per selected current decision; not PA sum,0.05098078596773114
region,3-1,CENTER,가운데(존 안),ALL,15691,15648,0.9972595755528647,4657,15648,966,690,0.7463514116372443,0.7460378323108384,0.2536485883627557,0.2539621676891616,0.39994612730061346,Take,Swing_including_bunts,3974,3100.2320142262565,2666,0.001718060123042599,11674,11383.309638391076,4423,0.0007901912354829809,0.36434663614598073,0.40465305514447103,0.4183684835091218,0.39613615806601243,0.040306418998490315,0.01019892876980544,0.020311688160491337,0.06030114983648929,0.0026894575733315412,0.07792338042364909,Swing_including_bunts,Swing_including_bunts,관찰상 방향 뚜렷,True,True,,W per selected current decision; not PA sum,0.5252393385552655
region_pitch,3-1,CENTER,가운데(존 안),FB,12552,12513,0.9968929254302104,4463,12513,926,684,0.7733428935627789,0.7729561256293455,0.22665710643722115,0.22704387437065454,0.3982796291856469,Take,Swing_including_bunts,2841,2258.9598724010348,2106,0.0021518746083701874,9672,9481.063061063749,4166,0.0009307697002927733,0.36554144214290574,0.4009184965991209,0.41500645415381887,0.3947928326512419,0.03537705445621511,0.011958780718940779,0.01193191523546749,0.05882219367696273,-0.008732315019188856,0.07948642393161909,Swing_including_bunts,Swing_including_bunts,차이 불명확,True,True,,W per selected current decision; not PA sum,0.4201646917051617
region_pitch,3-1,CENTER,가운데(존 안),NFB,3139,3135,0.9987257088244664,2231,3135,677,549,0.6384198789423383,0.6385964912280702,0.3615801210576617,0.36140350877192984,0.40659776714513557,Take,Swing_including_bunts,1133,1006.7038145108278,995,0.0040179685103400595,2002,1950.425605482884,1603,0.0025670780773142574,0.3595777023534696,0.4195591256637588,0.4317876456535895,0.4014978904153022,0.05998142331028923,0.01953248107908654,0.02167767414678718,0.09828517247379129,-0.01212216132532834,0.1320850079459068,Swing_including_bunts,Swing_including_bunts,차이 불명확,True,True,,W per selected current decision; not PA sum,0.10507464685010377
count,3-2,ALL,ALL,ALL,71702,68737,0.9586482943293074,4858,49853,1040,706,0.7047920560095953,0.6989394358205915,0.29520794399040473,0.3010605641794085,0.37416181968954126,Take,Swing_including_bunts,20694,10544.858125522482,4786,0.001028673172657624,48043,37305.59369485497,4851,0.0008116274864888743,0.3293107394364601,0.2772535057173873,0.39598858547590193,0.28434214044641165,-0.05205723371907278,0.003760410087889336,-0.05942933917977147,-0.04468512825837409,-0.06592639764108232,-0.03818806979706324,Take,Take,관찰상 방향 뚜렷,True,True,,W per selected current decision; not PA sum,
region,3-2,HIGH,상(높음),ALL,7447,7263,0.9752920639183564,3619,6967,874,655,0.4498455753994897,0.4586259121575107,0.5501544246005103,0.5413740878424893,0.4667195373812474,Take,Swing_including_bunts,3932,2559.1996719705003,2632,0.002433678710666922,3331,2369.169522359346,2245,0.0037123006766554066,0.6269779037323481,0.2080208186629854,0.5506943027497097,0.23471193581854388,-0.4189570850693627,0.009243862138205999,-0.4370807850011514,-0.400833385137574,-0.45305911582845115,-0.3848550543102742,Take,Take,관찰상 방향 뚜렷,True,True,,W per selected current decision; not PA sum,0.1038604223034225
region_pitch,3-2,HIGH,상(높음),FB,6079,5924,0.9745023852607336,3258,5722,823,643,0.4944892252015134,0.5043889264010804,0.5055107747984866,0.49561107359891965,0.4512152261985145,Take,Swing_including_bunts,2936,2054.760239523121,2148,0.0030149090502111634,2988,2127.939415426586,2077,0.004034746022571624,0.6230295053290585,0.20757815900440077,0.5481178504437829,0.2414386787016565,-0.41545134632465774,0.010015005918428185,-0.435087694433225,-0.3958149982160905,-0.4524023753107054,-0.3785003173386101,Take,Take,관찰상 방향 뚜렷,True,True,,W per selected current decision; not PA sum,0.0847814565841957
region_pitch,3-2,HIGH,상(높음),NFB,1368,1339,0.9788011695906432,1118,1329,516,471,0.25146198830409355,0.2561613144137416,0.7485380116959064,0.7438386855862584,0.5353136669156087,Take,Swing_including_bunts,996,624.9991558772376,876,0.006746111841151398,343,263.24630668570666,322,0.02008596487593811,0.644446396742869,0.20997923226825457,0.5620930357297773,0.20495149904516138,-0.4344671644746143,0.023463403242183503,-0.4805044742005232,-0.3884298547487054,-0.5212231132490808,-0.3477112157001478,Take,Take,관찰상 방향 뚜렷,True,True,,W per selected current decision; not PA sum,0.0190789657192268
region,3-2,LOW,하(낮음),ALL,12942,12736,0.9840828310925669,4441,12247,930,673,0.459588935249575,0.46568781407035176,0.540411064750425,0.5343121859296482,0.4355172738693467,Take,Swing_including_bunts,6805,4677.49096171872,3652,0.0019142291889381374,5931,4142.711129484472,3306,0.002263192663769701,0.6106035485004697,0.17311231908431463,0.5636538165875306,0.21297561351305128,-0.43749122941615504,0.006550697838749749,-0.45033386219900967,-0.4246485966333004,-0.46165325133198404,-0.41332920750032603,Take,Take,관찰상 방향 뚜렷,True,True,,W per selected current decision; not PA sum,0.18049705726479037
region_pitch,3-2,LOW,하(낮음),FB,4557,4483,0.9837612464340575,2858,4414,770,614,0.3109501865262234,0.3151907204996654,0.6890498134737766,0.6848092795003347,0.49800423823332585,Take,Swing_including_bunts,3070,2058.4791463161287,2289,0.0028131329045055237,1413,1051.3509234257133,1187,0.005482257063628704,0.5901597827208349,0.2232758737429411,0.5448495342567539,0.24199481903347128,-0.3668839089778938,0.01315984455581854,-0.39268766200001476,-0.34108015595577285,-0.4154456456504212,-0.3183221723053664,Take,Take,관찰상 방향 뚜렷,True,True,,W per selected current decision; not PA sum,0.0635547125603191
region_pitch,3-2,LOW,하(낮음),NFB,8385,8253,0.984257602862254,3851,7988,855,641,0.5403697078115682,0.5474372955288986,0.45963029218843177,0.45256270447110136,0.40157457894099113,Take,Swing_including_bunts,3735,2636.779815979513,2563,0.00277448277474067,4518,3094.1863534931013,2821,0.0025987828663298733,0.6217085287488767,0.14586365610907864,0.5738682353066475,0.1972124851539039,-0.4758448726397981,0.007131255165389339,-0.48982627138326296,-0.4618634738963332,-0.5021515723688394,-0.44953817291075665,Take,Take,관찰상 방향 뚜렷,True,True,,W per selected current decision; not PA sum,0.11694234470447129
region,3-2,INSIDE,좌(몸쪽),ALL,9636,9470,0.9827729348277293,4081,8915,911,660,0.4940846824408468,0.5006335797254488,0.5059153175591532,0.49936642027455125,0.45310570221752905,Take,Swing_including_bunts,4729,3231.3770978951384,3009,0.001995377379754383,4741,3467.37081234058,2910,0.002704330624425359,0.5807374173298206,0.2332205397467209,0.5493786457273206,0.23648047351160575,-0.34751687758309985,0.00892186844407292,-0.36500860744388763,-0.33002514772231206,-0.3804272659278294,-0.3146064892383703,Take,Take,관찰상 방향 뚜렷,True,True,,W per selected current decision; not PA sum,0.13438955677665895
region_pitch,3-2,INSIDE,좌(몸쪽),FB,6046,5957,0.9852795236520013,3350,5711,840,630,0.511081706913662,0.5163672989759946,0.48891829308633805,0.48363270102400535,0.4518190364277321,Take,Swing_including_bunts,2881,1974.3457128391697,2174,0.0028106937928065894,3076,2312.7617624630775,2177,0.004097826985686393,0.5644423405511899,0.26141151816602975,0.5373851428599672,0.2549518518816449,-0.30303082238516027,0.011937847766699386,-0.3264370332655338,-0.27962461150478674,-0.347074948481405,-0.2589866962889155,Take,Take,관찰상 방향 뚜렷,True,True,,W per selected current decision; not PA sum,0.08432121837605645
region_pitch,3-2,INSIDE,좌(몸쪽),NFB,3590,3513,0.9785515320334262,2425,3405,759,572,0.46545961002785513,0.4739538855678907,0.5345403899721448,0.5260461144321094,0.45528750355821235,Take,Swing_including_bunts,1848,1259.9021048892519,1533,0.004938013462497536,1665,1155.3566542050917,1344,0.005496346444743697,0.608369006390539,0.18541705029502076,0.569716048682295,0.20515852618728947,-0.42295195609551817,0.012460650566444029,-0.447386583154694,-0.39851732903634235,-0.46894405910558395,-0.3769598530854524,Take,Take,관찰상 방향 뚜렷,True,True,,W per selected current decision; not PA sum,0.05006833840060249
region,3-2,OUTSIDE,우(바깥쪽),ALL,13988,13757,0.9834858450100086,4506,13130,960,672,0.4536030883614527,0.4603474594751763,0.5463969116385473,0.5396525405248237,0.44879632187250124,Take,Swing_including_bunts,7424,5052.350644495714,3760,0.0017013023217067398,6333,4624.3329735432235,3418,0.0019545053773069704,0.5582965864767854,0.22142731364900745,0.5489274984380713,0.23437536430074488,-0.33686927282777784,0.006704928017588391,-0.3500142219170097,-0.323724323738546,-0.3615998742397222,-0.3121386714158335,Take,Take,관찰상 방향 뚜렷,True,True,,W per selected current decision; not PA sum,0.1950852138015676
region_pitch,3-2,OUTSIDE,우(바깥쪽),FB,7851,7706,0.9815310151573048,3762,7475,877,651,0.4235129282893899,0.43070334804048793,0.5764870717106101,0.5692966519595121,0.4665051907604464,Take,Swing_including_bunts,4387,3028.0057018125317,2878,0.0020245697792929482,3319,2569.9018929999775,2300,0.002919004286173274,0.5522220494865796,0.24727566441840573,0.5412955999197983,0.2526909089994495,-0.304946385068174,0.009165534300032542,-0.32291628523529337,-0.28697648490105465,-0.33875815593772296,-0.27113461419862506,Take,Take,관찰상 방향 뚜렷,True,True,,W per selected current decision; not PA sum,0.10949485370003625
region_pitch,3-2,OUTSIDE,우(바깥쪽),NFB,6137,6051,0.9859866384226821,3376,5915,825,618,0.4920971158546521,0.49809948768798545,0.5079028841453479,0.5019005123120146,0.42624392662369853,Take,Swing_including_bunts,3037,2048.7912675704983,2221,0.0034260783925450537,3014,2060.864296765513,2188,0.003944234355967831,0.5660325610341354,0.18850921894912587,0.5586467861561034,0.21105036224352824,-0.3775233420850094,0.009741056688180703,-0.396622311721392,-0.35842437244862674,-0.41346220950052454,-0.3415844746694942,Take,Take,관찰상 방향 뚜렷,True,True,,W per selected current decision; not PA sum,0.08559036010153134
region,3-2,CENTER,가운데(존 안),ALL,35498,32995,0.9294889852949462,4825,26461,995,703,0.908868105245366,0.9046219124109713,0.09113189475463401,0.09537808758902866,0.3122056069101378,Take,Swing_including_bunts,3147,2737.7860291117595,2311,0.0018859782241718204,29848,29776.14142821558,4809,0.0006442114329032847,0.06858961375577718,0.3383907396436713,0.2411752739374792,0.3356376197279933,0.2698011258878942,0.005385915519013075,0.2592422761922307,0.28035997558355763,0.24993666237616416,0.28966558939962417,Swing_including_bunts,Swing_including_bunts,관찰상 방향 뚜렷,True,True,,W per selected current decision; not PA sum,0.4950768458341469
region_pitch,3-2,CENTER,가운데(존 안),FB,24105,22478,0.9325036299522921,4737,18945,939,698,0.9069487658162207,0.9026158910935137,0.09305123418377925,0.0973841089064863,0.31365664205000443,Take,Swing_including_bunts,2189,1895.4114882909378,1749,0.0024337182688960093,20289,20237.021442276702,4691,0.0008960703642260977,0.06640103421100643,0.3409004896384323,0.22474542492348454,0.338281391306898,0.2744994554274259,0.006103792957154519,0.2625331828928076,0.28646572796204417,0.2519869827225219,0.29701192813232985,Swing_including_bunts,Swing_including_bunts,관찰상 방향 뚜렷,True,True,,W per selected current decision; not PA sum,0.3361830911271652
region_pitch,3-2,CENTER,가운데(존 안),NFB,11393,10517,0.923110681997718,4115,9680,883,665,0.9129289914860002,0.908909384805553,0.08707100851399985,0.09109061519444706,0.309104307311971,Take,Swing_including_bunts,958,846.7084969515182,866,0.005764696323498488,9559,9539.229218735865,3976,0.0010622266231864188,0.07326726812559337,0.3330266471855333,0.27629081507435954,0.32998708273544597,0.25975937905993995,0.010254519010173279,0.23965497630903826,0.27986378181084165,0.22193347844968586,0.29758527967019405,Swing_including_bunts,Swing_including_bunts,관찰상 방향 뚜렷,True,True,,W per selected current decision; not PA sum,0.15889375470698167
