stage,level,state,rows_all,rows,support_rate,PA,games,pitchers,batters,unit,interval_scope,N0,ESS0,arm_games0,max_game_weight_share0,IPW_unnormalized_Q0,Hajek_ratio_Q0,gcomp_Q0,N1,ESS1,arm_games1,max_game_weight_share1,IPW_unnormalized_Q1,Hajek_ratio_Q1,gcomp_Q1,Q0,Q0_SE,Q0_low95,Q0_high95,Q1,Q1_SE,Q1_low95,Q1_high95,delta,delta_SE,delta_low95,delta_high95,V_observed,V_observed_SE,V_observed_low95,V_observed_high95,V_candidate,V_candidate_SE,V_candidate_low95,V_candidate_high95,V_conservative,V_conservative_SE,V_conservative_low95,V_conservative_high95,candidate_gain,candidate_gain_SE,candidate_gain_low95,candidate_gain_high95,conservative_gain,conservative_gain_SE,conservative_gain_low95,conservative_gain_high95,status,actual_action1_rate,candidate_expected_action1_share,candidate_share_minus_actual,candidate_expected_disagreement,candidate_stochastic_row_fraction,conservative_change_region_share,conservative_expected_action1_share,conservative_expected_disagreement
evaluation_nuisance,overall,ALL,716385,682953,0.9533323562051131,181940,2430,863,598,"Raw W per selected current decision, not accumulated PA improvement",Individual95 fixed-score game-cluster normal; outside main multiplicity family,349918.0,202654.15207219557,2430.0,0.0007297869833146042,0.29229936495240477,0.29099658651692595,0.3051315863715468,333035.0,207922.84934945597,2430.0,0.0006684241245002336,0.2594541412501835,0.264288590381175,0.26384937802797737,0.29121820265940646,0.001502825335194396,0.2882727191273711,0.2941636861914418,0.26362199142175297,0.0014239425072242297,0.2608311153915378,0.2664128674519681,-0.02759621123765348,0.0013056708988309082,-0.0301552791750241,-0.02503714330028286,0.3051969886653986,0.0013618787102494413,0.30252775544199784,0.3078662218887994,0.331607753407053,0.0014515053347986858,0.32876285522747983,0.3344526515866262,0.3051969886653986,0.0013618787102494413,0.30252775544199784,0.3078662218887994,0.0264107647416544,0.00048765264963055046,0.025454983111412994,0.027366546371895808,0.0,0.0,0.0,0.0,DESCRIPTIVE_ONLY,0.4876397058069882,0.43267545497274335,-0.05496425083424483,0.318007242079616,0.0,0.0,0.4876397058069882,0.0
evaluation_nuisance,count,0-0,182967,170438,0.9315231708450158,170438,2430,863,598,"Raw W per selected current decision, not accumulated PA improvement",Individual95 fixed-score game-cluster normal; outside main multiplicity family,114212.0,105933.88756837728,2430.0,0.0006636127325462385,0.3028740064914621,0.3081525155640378,0.3067141920798986,56226.0,39230.20694786638,2430.0,0.0009101559695337566,0.29906090502594257,0.29644999097878433,0.2950478968901623,0.30814452059342934,0.001570922398601179,0.30506556926966377,0.3112234719171949,0.2964790705303058,0.0025631692880113085,0.29145535103952447,0.30150279002108715,-0.011665450063123485,0.002924342911075442,-0.017397056847276368,-0.005933843278970602,0.3143576784519884,0.0013468596352121805,0.31171788207474177,0.31699747482923507,0.33180114503733155,0.0018722931066782664,0.32813151797973955,0.33547077209492354,0.3143576784519884,0.0013468596352121805,0.31171788207474177,0.31699747482923507,0.017443466585343164,0.00120190690218677,0.01508777234428699,0.019799160826399338,0.0,0.0,0.0,0.0,DESCRIPTIVE_ONLY,0.3298912214412279,0.4970253112568793,0.16713408981565142,0.37833112334103897,0.0,0.0,0.3298912214412279,0.0
evaluation_nuisance,count,0-1,92936,89499,0.9630175604717225,89499,2430,853,597,"Raw W per selected current decision, not accumulated PA improvement",Individual95 fixed-score game-cluster normal; outside main multiplicity family,44538.0,27043.256949620947,2430.0,0.0009240981903805731,0.27260858803645555,0.2584938251654505,0.262820207796148,44961.0,27811.958631752634,2430.0,0.00103689289234565,0.22942986075096455,0.23597154861543118,0.23558046302844696,0.26164938630862145,0.003056032850414276,0.2556596719862382,0.2676391006310047,0.23691372119075638,0.0026184071767369633,0.23178173742749072,0.24204570495402203,-0.024735665117865097,0.004026486859799095,-0.0326274343472951,-0.016843895888435094,0.268107755393915,0.0016726928182527185,0.26482933771294087,0.27138617307488916,0.28240584151090703,0.002077471283122982,0.27833407261706977,0.2864776104047443,0.268107755393915,0.0016726928182527185,0.26482933771294087,0.27138617307488916,0.014298086116992011,0.0012033442573634744,0.011939574711556504,0.01665659752242752,0.0,0.0,0.0,0.0,DESCRIPTIVE_ONLY,0.5023631548955855,0.3608196739628376,-0.14154348093274788,0.30988055732466285,0.0,0.0,0.5023631548955855,0.0
evaluation_nuisance,count,0-2,48752,46460,0.9529865441417787,37744,2430,818,592,"Raw W per selected current decision, not accumulated PA improvement",Individual95 fixed-score game-cluster normal; outside main multiplicity family,22125.0,11087.99647621884,2430.0,0.0015293793961963452,0.16053058395263858,0.16592661652153157,0.1946617129238822,24335.0,15312.630540176513,2428.0,0.0012261646921645972,0.15284831926420744,0.1577498615820759,0.17243594816176278,0.16711508751522502,0.002869916956351935,0.1614901536421544,0.17274002138829564,0.15842861637202976,0.0030685485180057836,0.15241437179192466,0.16444286095213487,-0.008686471143195273,0.003798619925122954,-0.016131629387392498,-0.0012413128989980475,0.20320452001721911,0.0026028732320681884,0.1981029822260421,0.20830605780839612,0.22887216352308673,0.0029062234638929556,0.22317607020283128,0.23456825684334218,0.20320452001721911,0.0026028732320681884,0.1981029822260421,0.20830605780839612,0.025667643505867598,0.0012385084480203976,0.02324021155319902,0.028095075458536175,0.0,0.0,0.0,0.0,DESCRIPTIVE_ONLY,0.5237839001291433,0.35337925096857514,-0.1704046491605682,0.2718682737839001,0.0,0.0,0.5237839001291433,0.0
evaluation_nuisance,count,1-0,70041,67219,0.9597093131166031,67219,2430,856,596,"Raw W per selected current decision, not accumulated PA improvement",Individual95 fixed-score game-cluster normal; outside main multiplicity family,37558.0,29121.592269388082,2430.0,0.001014615267727952,0.3619964704902669,0.34958276635438407,0.35321541636041576,29661.0,19063.700147292224,2429.0,0.00114885221856418,0.3135763923353735,0.32043821464490935,0.31735506867289776,0.35235987120715484,0.0030511443777242824,0.34637973811518336,0.3583400042991263,0.3211657904900164,0.003598796661192827,0.3141122786463955,0.32821930233363733,-0.031194080717138358,0.004661015573327176,-0.040329503372239936,-0.022058658062036784,0.35603698359094893,0.002055611682041964,0.3520080587279469,0.360065908453951,0.3726214266876316,0.002488529377673016,0.36774399873292263,0.37749885464234056,0.35603698359094893,0.002055611682041964,0.3520080587279469,0.360065908453951,0.016584443096682586,0.001473044558761279,0.013697328813887785,0.019471557379477387,0.0,0.0,0.0,0.0,DESCRIPTIVE_ONLY,0.44125916779481994,0.32664871539296925,-0.1146104524018507,0.33252503012541096,0.0,0.0,0.44125916779481994,0.0
evaluation_nuisance,count,1-1,72441,70483,0.9729711075219835,70483,2430,853,597,"Raw W per selected current decision, not accumulated PA improvement",Individual95 fixed-score game-cluster normal; outside main multiplicity family,31514.0,18280.340702126232,2430.0,0.0010743332397647333,0.3005157160922271,0.2855544744552707,0.29689685681942035,38969.0,25465.019270412104,2430.0,0.0010130231641543072,0.2570616804162667,0.2633939407910755,0.2619275660493575,0.28893351982877735,0.003691924696241442,0.2816974803905101,0.2961695592670446,0.2636916671870005,0.002878803336779822,0.25804931632833833,0.26933401804566265,-0.025241852641776842,0.0046362588081238386,-0.03432875292870616,-0.016154952354847523,0.2995321708780841,0.00198503767653171,0.2956415685241269,0.3034227732320413,0.31837883233360353,0.0022618356339044426,0.3139457159522015,0.32281194871500557,0.2995321708780841,0.00198503767653171,0.2956415685241269,0.3034227732320413,0.018846661455519467,0.0011196116999338149,0.016652262846979522,0.02104106006405941,0.0,0.0,0.0,0.0,DESCRIPTIVE_ONLY,0.552885092859271,0.531518238440475,-0.021366854418796044,0.2716399699218251,0.0,0.0,0.552885092859271,0.0
evaluation_nuisance,count,1-2,69595,66567,0.956491127236152,52754,2430,833,598,"Raw W per selected current decision, not accumulated PA improvement",Individual95 fixed-score game-cluster normal; outside main multiplicity family,28186.0,13897.470673227886,2430.0,0.001249415378284656,0.18211628668187882,0.19075629616059608,0.21865189635072682,38381.0,25409.31158300286,2430.0,0.0010476259866540152,0.17018133933537252,0.17558953489565643,0.18247235449695978,0.19107202172063753,0.0025783766415164566,0.18601849636468593,0.19612554707658914,0.17446645523246132,0.0026866205400163643,0.16920077573390369,0.17973213473101896,-0.016605566488176224,0.0034351391464972738,-0.02333831549719454,-0.009872817479157909,0.22436056905073085,0.002218513807967095,0.22001236188791054,0.22870877621355115,0.25902690088621994,0.0024904727347125747,0.2541456640217043,0.26390813775073557,0.22436056905073085,0.002218513807967095,0.22001236188791054,0.22870877621355115,0.03466633183548913,0.0011350402505006197,0.0324416938235046,0.03689096984747366,0.0,0.0,0.0,0.0,DESCRIPTIVE_ONLY,0.5765769825889705,0.4017155647693301,-0.17486141781964037,0.27851638199107664,0.0,0.0,0.5765769825889705,0.0
evaluation_nuisance,count,2-0,23702,22792,0.9616066154754873,22792,2430,832,584,"Raw W per selected current decision, not accumulated PA improvement",Individual95 fixed-score game-cluster normal; outside main multiplicity family,12729.0,9883.078666884317,2412.0,0.0016128020842387876,0.431231431018618,0.4155178765744561,0.4199016662228903,10063.0,6718.6707604410785,2384.0,0.0017637067389398443,0.3579416499465046,0.3663626409504083,0.3551437075807055,0.4193229690615054,0.004881336044090036,0.4097557262186517,0.4288902119043591,0.36480120452891734,0.005918407408942578,0.3532013391615549,0.3764010698962798,-0.05452176453258814,0.007869744649477773,-0.06994618061309137,-0.039097348452084915,0.4195327307827308,0.0032653063548868737,0.4131328479286627,0.42593261363679885,0.4368022186029682,0.003930593278765531,0.4290983973387126,0.4445060398672238,0.4195327307827308,0.0032653063548868737,0.4131328479286627,0.42593261363679885,0.01726948782023737,0.002465371348199654,0.012437448769249093,0.02210152687122565,0.0,0.0,0.0,0.0,DESCRIPTIVE_ONLY,0.4415145665145665,0.3595998595998596,-0.08191470691470693,0.3305984555984556,0.0,0.0,0.4415145665145665,0.0
evaluation_nuisance,count,2-1,37395,36565,0.9778045193207648,36565,2430,840,588,"Raw W per selected current decision, not accumulated PA improvement",Individual95 fixed-score game-cluster normal; outside main multiplicity family,15247.0,8766.191872218424,2423.0,0.001627843602409019,0.3728316132856748,0.3524590580022324,0.371708777687711,21318.0,14748.013944999588,2430.0,0.0011800199867774374,0.2890916791637992,0.29773480112169587,0.2952092463941467,0.35618789943112317,0.0051995140280342205,0.3459970391990653,0.366378759663181,0.29677781431510064,0.0038311335376300815,0.28926893056138214,0.30428669806881914,-0.05941008511602258,0.0063398142016121714,-0.071835892619858,-0.046984277612187174,0.3541166142485983,0.0026493064937152247,0.34892406893690836,0.35930915956028825,0.3840046545138057,0.0036658018023083246,0.3768198150068194,0.39118949402079206,0.3541166142485983,0.0026493064937152247,0.34892406893690836,0.35930915956028825,0.029888040265207298,0.0025632279700568235,0.024864205759730213,0.03491187477068439,0.0,0.0,0.0,0.0,DESCRIPTIVE_ONLY,0.583016545877205,0.32566662108573774,-0.25734992479146723,0.35979762067550936,0.0,0.0,0.583016545877205,0.0
evaluation_nuisance,count,2-2,59473,56727,0.9538277873993241,43102,2430,828,593,"Raw W per selected current decision, not accumulated PA improvement",Individual95 fixed-score game-cluster normal; outside main multiplicity family,20641.0,10011.861153867827,2430.0,0.001407701562775174,0.2174607307748626,0.22987659233794697,0.2742836940722467,36086.0,25989.956031539477,2430.0,0.0010430435805900639,0.207569579571362,0.21202695917605396,0.21920666026700503,0.2308869978987349,0.002987395734996763,0.2250318098505727,0.2367421859468971,0.2106214251401594,0.0031000485923447915,0.20454544154883952,0.2166974087314793,-0.0202655727585755,0.0039387553316044275,-0.027985391352435295,-0.012545754164715706,0.26996907997955116,0.0025781457359447127,0.26491600719020403,0.2750221527688983,0.3150984491525185,0.0028389222115608854,0.30953426386294836,0.32066263444208865,0.26996907997955116,0.0025781457359447127,0.26491600719020403,0.2750221527688983,0.04512936917296733,0.001299007454546162,0.042583361346407805,0.047675376999526856,0.0,0.0,0.0,0.0,DESCRIPTIVE_ONLY,0.6361344685952016,0.4787490965501437,-0.15738537204505793,0.2734147760325771,0.0,0.0,0.6361344685952016,0.0
evaluation_nuisance,count,3-0,7320,6452,0.8814207650273224,6452,2248,750,552,"Raw W per selected current decision, not accumulated PA improvement",Individual95 fixed-score game-cluster normal; outside main multiplicity family,5749.0,5726.10922728509,2178.0,0.001584078911841008,0.5515114599211546,0.5412062064446317,0.5131752466614066,703.0,620.4349041374035,597.0,0.006558764677638382,0.39781203580346175,0.4703944336077272,0.3569949189419623,0.5407031670666016,0.00522746936156148,0.5304575153876545,0.5509488187455487,0.4361554277145035,0.019080889447890336,0.3987575716036481,0.4735532838253589,-0.10454773935209803,0.019815094166021716,-0.14338461026777033,-0.06571086843642573,0.5350413825170489,0.005104068227552325,0.5250375926164111,0.5450451724176867,0.5637666940574032,0.01576391155183151,0.5328699951603385,0.5946633929544679,0.5350413825170489,0.005104068227552325,0.5250375926164111,0.5450451724176867,0.028725311540354216,0.0139493233643994,0.0013851401374283014,0.056065482943280134,0.0,0.0,0.0,0.0,DESCRIPTIVE_ONLY,0.10895846249225047,0.3907315561066336,0.2817730936143832,0.3806571605703658,0.0,0.0,0.10895846249225047,0.0
evaluation_nuisance,count,3-1,15561,15177,0.9753229226913438,15176,2414,808,582,"Raw W per selected current decision, not accumulated PA improvement",Individual95 fixed-score game-cluster normal; outside main multiplicity family,6892.0,4196.1379305418495,2256.0,0.0022364999746952064,0.5246226366445179,0.4897550517027746,0.498840467610591,8285.0,5389.450798438608,2340.0,0.002015931004385667,0.3653030222324641,0.37792749803125064,0.3617288619594322,0.4957358696069005,0.007004326805309941,0.48200764133254453,0.5094640978812565,0.37534302168871164,0.006629334307537086,0.36234976520446316,0.3883362781729601,-0.12039284791818894,0.009722174488428553,-0.13944795976692304,-0.10133773606945486,0.47157936351057517,0.0037473110601653078,0.46423476879378256,0.4789239582273678,0.5137482183455173,0.004663962966327142,0.5046070189062876,0.5228894177847471,0.47157936351057517,0.0037473110601653078,0.46423476879378256,0.4789239582273678,0.04216885483494209,0.003171307058360889,0.03595320721663709,0.048384502453247095,0.0,0.0,0.0,0.0,DESCRIPTIVE_ONLY,0.545891809975621,0.3730645055017461,-0.17282730447387495,0.3285893127759109,0.0,0.0,0.545891809975621,0.0
evaluation_nuisance,count,3-2,36202,34574,0.955030108833766,25198,2430,818,585,"Raw W per selected current decision, not accumulated PA improvement",Individual95 fixed-score game-cluster normal; outside main multiplicity family,10527.0,5382.204064578042,2388.0,0.0018502342810409807,0.32377385359141025,0.33926499724028925,0.4257983180096163,24047.0,18824.65387799647,2429.0,0.0011907631290818655,0.2732921943476207,0.27815597811375375,0.28218906518476605,0.33918166043335746,0.004126039770136166,0.33109477108511065,0.34726854978160426,0.27573484648600305,0.004049770767571643,0.2677974416359195,0.2836722513360866,-0.06344681394735442,0.005661941380674422,-0.07454401513605327,-0.05234961275865557,0.3762079597385318,0.003234033034173287,0.36986937146673937,0.3825465480103243,0.4620949613359594,0.003168854992782554,0.4558841196778757,0.4683058029940431,0.3762079597385318,0.003234033034173287,0.36986937146673937,0.3825465480103243,0.08588700159742753,0.0014760758576445373,0.08299394607799516,0.08878005711685989,0.0,0.0,0.0,0.0,DESCRIPTIVE_ONLY,0.6955226470758373,0.5920055533059525,-0.10351709376988483,0.25033261988777694,0.0,0.0,0.6955226470758373,0.0
evaluation_nuisance,cell,0-0|BOUNDARY|FB,29225,29034,0.993464499572284,29034,2430,783,593,"Raw W per selected current decision, not accumulated PA improvement",Individual95 fixed-score game-cluster normal; outside main multiplicity family,18450.0,18079.43868412922,2429.0,0.0010159578746483538,0.27014256655178315,0.28877639696239754,0.28869539612198647,10584.0,9728.227383741481,2404.0,0.0013603208078698384,0.33775472636066445,0.3031693722555632,0.3015632804649012,0.28878926589448056,0.0034549901734950692,0.28201760958749045,0.2955609222014707,0.30418309558765194,0.005740207759124905,0.29293249511598973,0.31543369605931415,0.015393829693171367,0.006707067851907917,0.002248218261565427,0.028539441124777305,0.2946865743610939,0.002969910381709546,0.2888656569756316,0.3005074917465562,0.30418309558765194,0.005740207759124905,0.29293249511598973,0.31543369605931415,0.2946865743610939,0.002969910381709546,0.2888656569756316,0.3005074917465562,0.009496521226558087,0.00465791995224415,0.00036716587728902704,0.01862587657582715,0.0,0.0,0.0,0.0,DESCRIPTIVE_ONLY,0.36453812771233723,1.0,0.6354618722876628,0.6354618722876627,0.0,0.0,0.36453812771233723,0.0
evaluation_nuisance,cell,0-0|BOUNDARY|NFB,17618,17503,0.9934725848563969,17503,2428,816,589,"Raw W per selected current decision, not accumulated PA improvement",Individual95 fixed-score game-cluster normal; outside main multiplicity family,11128.0,10879.567363243614,2404.0,0.001125105962476569,0.27342423500642454,0.2900497749168583,0.29175558113593586,6375.0,5800.090299236541,2216.0,0.0018308091064000406,0.32693385378695095,0.28968495095180496,0.2891001946525915,0.29080497335112376,0.004435430547441337,0.28211168922220997,0.29949825748003756,0.28950091046246584,0.0076084326824897314,0.2745886564259885,0.3044131644989432,-0.0013040628886579716,0.008797140902868195,-0.018546142225203805,0.01593801644788786,0.29122019082443007,0.0037838978253067197,0.2838038873656495,0.29863649428321065,0.29080497335112376,0.004435430547441337,0.28211168922220997,0.29949825748003756,0.29122019082443007,0.0037838978253067197,0.2838038873656495,0.29863649428321065,-0.00041521747330630475,0.002842414958850987,-0.005986248421772138,0.0051558134751595285,0.0,0.0,0.0,0.0,DESCRIPTIVE_ONLY,0.3642232760098269,0.0,-0.3642232760098269,0.3642232760098269,0.0,0.0,0.3642232760098269,0.0
evaluation_nuisance,cell,0-0|INNER|FB,35798,35548,0.9930163696295883,35548,2430,786,595,"Raw W per selected current decision, not accumulated PA improvement",Individual95 fixed-score game-cluster normal; outside main multiplicity family,17130.0,16340.781450217759,2427.0,0.0012727977043903622,0.2717536452195742,0.2691234648910934,0.27139694136904113,18418.0,17745.620948293825,2426.0,0.0012339831951594057,0.33014805282404325,0.3340088120084752,0.33195169416287573,0.27062915899117246,0.0037183718872678623,0.2633412840110012,0.2779170339713437,0.3339720602685792,0.004130746664941693,0.3258759455760345,0.34206817496112385,0.06334290127740672,0.005540946256233661,0.0524828461749167,0.07420295637989674,0.30349147631371665,0.0027608415725739414,0.2980803262644508,0.3089026263629825,0.3339720602685792,0.004130746664941693,0.3258759455760345,0.34206817496112385,0.30349147631371665,0.0027608415725739414,0.2980803262644508,0.3089026263629825,0.030480583954862535,0.0027219801529049176,0.025145600888536068,0.035815567021189,0.0,0.0,0.0,0.0,DESCRIPTIVE_ONLY,0.5181163497243164,1.0,0.4818836502756836,0.4818836502756836,0.0,0.0,0.5181163497243164,0.0
evaluation_nuisance,cell,0-0|INNER|NFB,20252,20130,0.9939759036144579,20130,2430,805,591,"Raw W per selected current decision, not accumulated PA improvement",Individual95 fixed-score game-cluster normal; outside main multiplicity family,10904.0,10509.663200505967,2393.0,0.0012681022699693417,0.26170635825361827,0.26954048383297874,0.2711806620329827,9226.0,8703.682561995422,2369.0,0.0015471993378954594,0.34940990249922255,0.33785887715749224,0.3351860673745464,0.27074834662930386,0.004807169438403322,0.2613264676624517,0.280170225596156,0.3369843054494242,0.006126954477194469,0.3249756953392066,0.3489929155596418,0.0662359588201203,0.007665499087555973,0.05121185668498595,0.08126006095525465,0.3023445106805762,0.00381855515511654,0.294860280103568,0.3098287412575844,0.3369843054494242,0.006126954477194469,0.3249756953392066,0.3489929155596418,0.3023445106805762,0.00381855515511654,0.294860280103568,0.3098287412575844,0.03463979476884795,0.004403767447706873,0.026008569175052607,0.0432710203626433,0.0,0.0,0.0,0.0,DESCRIPTIVE_ONLY,0.45832091405861897,1.0,0.541679085941381,0.541679085941381,0.0,0.0,0.45832091405861897,0.0
evaluation_nuisance,cell,0-0|MISSING|UNCLASSIFIED,73,0,0.0,0,0,0,0,"Raw W per selected current decision, not accumulated PA improvement",Individual95 fixed-score game-cluster normal; outside main multiplicity family,,,,,,,,,,,,,,,,,,,,,,,,,,,,,,,,,,,,,,,,,,,,,,,NO_COMMON_SUPPORT,,,,,,,,
evaluation_nuisance,cell,0-0|OUT|FB,44989,38051,0.8457845251061371,38051,2430,792,594,"Raw W per selected current decision, not accumulated PA improvement",Individual95 fixed-score game-cluster normal; outside main multiplicity family,32174.0,31873.82277278527,2430.0,0.001047138305494508,0.3460816886393943,0.34547732960492966,0.3425223943591114,5877.0,4681.431242315371,2187.0,0.0019468914279133582,0.23192232770531193,0.2575453974200007,0.2630087415637792,0.34468760989907027,0.00286257655801187,0.3390770629423784,0.35029815685576216,0.25781277623166293,0.006131484252087325,0.24579528792579727,0.2698302645375286,-0.08687483366740732,0.006775826578724444,-0.10015520972719648,-0.07359445760761817,0.33412485874221437,0.002593031041397386,0.3290426112902811,0.3392071061941476,0.34468760989907027,0.00286257655801187,0.3390770629423784,0.35029815685576216,0.33412485874221437,0.002593031041397386,0.3290426112902811,0.3392071061941476,0.010562751156855885,0.0011225907868786533,0.008362513645197245,0.012762988668514524,0.0,0.0,0.0,0.0,DESCRIPTIVE_ONLY,0.15445060576594571,0.0,-0.15445060576594571,0.15445060576594571,0.0,0.0,0.15445060576594571,0.0
evaluation_nuisance,cell,0-0|OUT|NFB,35012,30172,0.8617616817091283,30172,2430,843,589,"Raw W per selected current decision, not accumulated PA improvement",Individual95 fixed-score game-cluster normal; outside main multiplicity family,24426.0,23973.883104678964,2429.0,0.0011212410411888653,0.36109553060723687,0.3595664603211035,0.35288905527696374,5746.0,4205.834153620832,2171.0,0.0020668138122962748,0.2601102927286822,0.2649697766004239,0.26237586081626507,0.3598923174009752,0.0035534438507082568,0.3529276954325017,0.36685693936944874,0.27067965578723546,0.007408418716671109,0.25615942192016766,0.28519988965430326,-0.0892126616137398,0.008142799043078902,-0.10517225447152165,-0.07325306875595794,0.34259717618984487,0.00311797139286641,0.3364860645550005,0.3487082878246892,0.3598923174009752,0.0035534438507082568,0.3529276954325017,0.36685693936944874,0.34259717618984487,0.00311797139286641,0.3364860645550005,0.3487082878246892,0.017295141211130346,0.0014723660431142517,0.014409356794566664,0.020180925627694028,0.0,0.0,0.0,0.0,DESCRIPTIVE_ONLY,0.19044146891157365,0.0,-0.19044146891157365,0.19044146891157365,0.0,0.0,0.19044146891157365,0.0
evaluation_nuisance,cell,0-1|BOUNDARY|FB,11994,11913,0.9932466233116558,11913,2398,749,578,"Raw W per selected current decision, not accumulated PA improvement",Individual95 fixed-score game-cluster normal; outside main multiplicity family,4383.0,4028.8485627555447,2017.0,0.0020670492894139117,0.25837257555190385,0.23870735769479842,0.2412843165866615,7530.0,7382.847695196707,2308.0,0.0013998098131562942,0.23368048226602875,0.24823058966291467,0.25007165727332553,0.23930606938888216,0.007743578431341438,0.2241289345519918,0.25448320422577253,0.24841560211265384,0.005328661649465403,0.23797161719390186,0.2588595870314058,0.009109532723771713,0.00931075110591717,-0.009139204112842414,0.02735826956038584,0.2461893729539159,0.004408081719160632,0.23754969154345168,0.25482905436438014,0.23930606938888216,0.007743578431341438,0.2241289345519918,0.25448320422577253,0.2461893729539159,0.004408081719160632,0.23754969154345168,0.25482905436438014,-0.006883303565033733,0.006369740857656003,-0.01936776623689277,0.005601159106825306,0.0,0.0,0.0,0.0,DESCRIPTIVE_ONLY,0.6320825988416016,0.0,-0.6320825988416016,0.6320825988416016,0.0,0.0,0.6320825988416016,0.0
evaluation_nuisance,cell,0-1|BOUNDARY|NFB,9893,9825,0.9931264530476094,9825,2387,762,577,"Raw W per selected current decision, not accumulated PA improvement",Individual95 fixed-score game-cluster normal; outside main multiplicity family,3253.0,2937.3385955623735,1778.0,0.0026094822921636945,0.28513043568830826,0.24829969617775494,0.2507332093174107,6572.0,6462.031940685045,2244.0,0.0017504028042263234,0.23822961849055907,0.25338920781237007,0.25253041500303014,0.24880213353407524,0.009941610596910976,0.22931693481580798,0.26828733225234247,0.25194877507557895,0.005688783126884223,0.2407989650310267,0.2630985851201312,0.003146641541503639,0.011522184718313977,-0.01943642552960954,0.02572970861261682,0.25363480916030534,0.004915443579029284,0.2440007167773693,0.2632689015432414,0.25194877507557895,0.005688783126884223,0.2407989650310267,0.2630985851201312,0.25363480916030534,0.004915443579029284,0.2440007167773693,0.2632689015432414,-0.001686034084726458,0.003311531375446882,-0.008176516314276733,0.004804448144823817,0.0,0.0,0.0,0.0,DESCRIPTIVE_ONLY,0.6689058524173028,1.0,0.3310941475826972,0.3310941475826972,0.0,0.0,0.6689058524173028,0.0
evaluation_nuisance,cell,0-1|INNER|FB,13136,13047,0.9932247259439708,13047,2416,747,583,"Raw W per selected current decision, not accumulated PA improvement",Individual95 fixed-score game-cluster normal; outside main multiplicity family,2527.0,2265.1789208099726,1558.0,0.002825219445425445,0.231618259038119,0.19465935755652858,0.2110509829768472,10520.0,10477.971196369703,2398.0,0.001364987929357542,0.26851068068753936,0.28019706291721513,0.27935902612719643,0.19587305376521183,0.01030652653752484,0.17567263294595684,0.21607347458446682,0.27985088255582663,0.004806009059966642,0.2704312778889188,0.28927048722273446,0.08397782879061484,0.011435405691684577,0.06156484548630873,0.10639081209492096,0.26359530926649805,0.0043087586884498555,0.2551502974190623,0.2720403211139338,0.27985088255582663,0.004806009059966642,0.2704312778889188,0.28927048722273446,0.26359530926649805,0.0043087586884498555,0.2551502974190623,0.2720403211139338,0.016255573289328612,0.0018501178877390104,0.012629408862206834,0.01988173771645039,0.0,0.0,0.0,0.0,DESCRIPTIVE_ONLY,0.8063156281137426,1.0,0.19368437188625742,0.19368437188625737,0.0,0.0,0.8063156281137426,0.0
evaluation_nuisance,cell,0-1|INNER|NFB,9520,9421,0.9896008403361345,9421,2378,746,581,"Raw W per selected current decision, not accumulated PA improvement",Individual95 fixed-score game-cluster normal; outside main multiplicity family,1753.0,1558.3323911761008,1214.0,0.0036429629815257383,0.2525907587885092,0.21652283604769754,0.22135827606860756,7668.0,7631.417883086588,2330.0,0.0014847520375391196,0.28676156938832625,0.2961234051127813,0.29280738715601184,0.21769621085241705,0.014117902965419484,0.19002562950296364,0.24536679220187047,0.29530023364967106,0.006040244816693189,0.2834615713511477,0.30713889594819443,0.07760402279725401,0.015313813680229172,0.047589499518048056,0.10761854607645996,0.2810838552170683,0.005518728859801485,0.2702673454114156,0.291900365022721,0.29530023364967106,0.006040244816693189,0.2834615713511477,0.30713889594819443,0.2810838552170683,0.005518728859801485,0.2702673454114156,0.291900365022721,0.014216378432602789,0.0022544395057589096,0.009797758195991046,0.01863499866921453,0.0,0.0,0.0,0.0,DESCRIPTIVE_ONLY,0.8139263347839932,1.0,0.18607366521600677,0.1860736652160068,0.0,0.0,0.8139263347839932,0.0
evaluation_nuisance,cell,0-1|MISSING|UNCLASSIFIED,35,0,0.0,0,0,0,0,"Raw W per selected current decision, not accumulated PA improvement",Individual95 fixed-score game-cluster normal; outside main multiplicity family,,,,,,,,,,,,,,,,,,,,,,,,,,,,,,,,,,,,,,,,,,,,,,,NO_COMMON_SUPPORT,,,,,,,,
evaluation_nuisance,cell,0-1|OUT|FB,21738,20477,0.9419909835311436,20477,2429,770,587,"Raw W per selected current decision, not accumulated PA improvement",Individual95 fixed-score game-cluster normal; outside main multiplicity family,15326.0,14943.168349363445,2422.0,0.0010337282855232858,0.28971835596481454,0.3014639563247411,0.2960975798862691,5151.0,4062.8493065230373,2126.0,0.0022797491493250083,0.19821403071240387,0.20660452886731331,0.20795176897970913,0.29917754166986493,0.003893217868061897,0.2915469748644958,0.30680810847523404,0.20589549273648708,0.006356799323840186,0.19343639500481175,0.2183545904681624,-0.09328204893337787,0.007575628685236225,-0.10813000831668938,-0.07843408955006635,0.2799230356009181,0.003351903859370448,0.2733534247569112,0.28649264644492495,0.29917754166986493,0.003893217868061897,0.2915469748644958,0.30680810847523404,0.2799230356009181,0.003351903859370448,0.2733534247569112,0.28649264644492495,0.019254506068946877,0.0018526682497095562,0.015623343024215287,0.022885669113678467,0.0,0.0,0.0,0.0,DESCRIPTIVE_ONLY,0.25155052009571716,0.0,-0.25155052009571716,0.25155052009571716,0.0,0.0,0.25155052009571716,0.0
evaluation_nuisance,cell,0-1|OUT|NFB,26620,24816,0.9322314049586777,24816,2430,829,592,"Raw W per selected current decision, not accumulated PA improvement",Individual95 fixed-score game-cluster normal; outside main multiplicity family,17296.0,16478.449429390574,2428.0,0.00134457300875893,0.2895169752651065,0.29916680225459713,0.2934430728334372,7520.0,5278.871613270585,2294.0,0.002185205527801597,0.20735143525991254,0.2034284094033507,0.19996924961336454,0.29776329799097784,0.0037669963249575026,0.29038012086416637,0.3051464751177893,0.20629470418606663,0.005971866652971717,0.1945900606257663,0.21799934774636695,-0.09146859380491122,0.007050519468910106,-0.1052873580362735,-0.07764982957354895,0.2720566166989039,0.00307488703873414,0.266029948846456,0.27808328455135184,0.29776329799097784,0.0037669963249575026,0.29038012086416637,0.3051464751177893,0.2720566166989039,0.00307488703873414,0.266029948846456,0.27808328455135184,0.0257066812920739,0.0020069236846151687,0.021773183150507747,0.02964017943364005,0.0,0.0,0.0,0.0,DESCRIPTIVE_ONLY,0.30303030303030304,0.0,-0.30303030303030304,0.30303030303030304,0.0,0.0,0.30303030303030304,0.0
evaluation_nuisance,cell,0-2|BOUNDARY|FB,4721,4685,0.9923744969286168,4506,1995,653,553,"Raw W per selected current decision, not accumulated PA improvement",Individual95 fixed-score game-cluster normal; outside main multiplicity family,1083.0,966.9238950502573,865.0,0.0038147826853905495,0.11853344552954008,0.10287905147230444,0.15525946934809853,3602.0,3576.903347172961,1791.0,0.002473929889757769,0.20340395209277184,0.2144014685392007,0.21553393190297074,0.09916751892923731,0.012605498377126833,0.07446119610289062,0.123873841755584,0.21451922156166087,0.007578667535762916,0.19966530614076264,0.2293731369825591,0.11535170263242356,0.014515500146034964,0.08690184512860914,0.143801560136238,0.19012550693703306,0.006732114393661298,0.1769308051856532,0.2033202086884129,0.21451922156166087,0.007578667535762916,0.19966530614076264,0.2293731369825591,0.19012550693703306,0.006732114393661298,0.1769308051856532,0.2033202086884129,0.024393714624627773,0.0030372676384556926,0.018440779441845596,0.03034664980740995,0.0,0.0,0.0,0.0,DESCRIPTIVE_ONLY,0.7688367129135539,1.0,0.23116328708644607,0.2311632870864461,0.0,0.0,0.7688367129135539,0.0
evaluation_nuisance,cell,0-2|BOUNDARY|NFB,4184,4111,0.9825525812619503,3989,1961,668,546,"Raw W per selected current decision, not accumulated PA improvement",Individual95 fixed-score game-cluster normal; outside main multiplicity family,607.0,529.401166650216,527.0,0.006618909317146373,0.10082915320463526,0.09220539981307069,0.16141964614011248,3504.0,3489.8875616724154,1839.0,0.002260054884352726,0.22065987278994587,0.22320915898960839,0.22269424960042486,0.08607270984757015,0.014951372616389064,0.0567685580000092,0.1153768616951311,0.22236356141300906,0.007963605812671871,0.20675518083309838,0.23797194199291974,0.1362908515654389,0.01696192464486256,0.10304609015302596,0.16953561297785186,0.20648479688640234,0.007231035842176137,0.19231222706481885,0.22065736670798583,0.22236356141300906,0.007963605812671871,0.20675518083309838,0.23797194199291974,0.20648479688640234,0.007231035842176137,0.19231222706481885,0.22065736670798583,0.015878764526606727,0.0023071314584470993,0.011356869960451045,0.02040065909276241,0.0,0.0,0.0,0.0,DESCRIPTIVE_ONLY,0.8523473607394795,1.0,0.14765263926052052,0.14765263926052055,0.0,0.0,0.8523473607394795,0.0
evaluation_nuisance,cell,0-2|INNER|FB,4545,4378,0.9632563256325632,4166,1979,647,555,"Raw W per selected current decision, not accumulated PA improvement",Individual95 fixed-score game-cluster normal; outside main multiplicity family,460.0,412.87410281563876,418.0,0.007055683064244699,0.004710525482457767,0.005020037164611906,0.128416780163733,3918.0,3910.5933357032222,1890.0,0.0020838180335000863,0.26013972550685355,0.2587848487312276,0.2531212846129147,0.019342795446604746,0.006051382867757393,0.007482302969137549,0.03120328792407194,0.258563579964354,0.00831370659962639,0.24226901445105328,0.27485814547765464,0.23922078451774922,0.010370283523701057,0.21889540230182603,0.2595461667336724,0.23250045682960255,0.007484133308929821,0.21783182508860352,0.24716908857060158,0.258563579964354,0.00831370659962639,0.24226901445105328,0.27485814547765464,0.23250045682960255,0.007484133308929821,0.21783182508860352,0.24716908857060158,0.026063123134751422,0.0016022187032341765,0.02292283218105597,0.029203414088446875,0.0,0.0,0.0,0.0,DESCRIPTIVE_ONLY,0.8949291914116034,1.0,0.10507080858839657,0.10507080858839653,0.0,0.0,0.8949291914116034,0.0
evaluation_nuisance,cell,0-2|INNER|NFB,3624,3244,0.8951434878587197,3133,1701,627,524,"Raw W per selected current decision, not accumulated PA improvement",Individual95 fixed-score game-cluster normal; outside main multiplicity family,207.0,187.8792795207138,197.0,0.014853194028413164,0.004950163885604845,0.006996655906991854,0.14512571230853338,3037.0,3032.6564463177774,1656.0,0.003655056140925106,0.28346309731889063,0.2741005956858125,0.2697684349288068,0.05121103261828896,0.00781743861923698,0.03588913447323195,0.06653293076334596,0.27353246883534305,0.010118321767323656,0.253700922587401,0.2933640150832851,0.22232143621705408,0.012764944477918353,0.19730260477568068,0.24734026765842748,0.25760696670776817,0.009270544002813718,0.2394370343451595,0.27577689907037684,0.27353246883534305,0.010118321767323656,0.253700922587401,0.2933640150832851,0.25760696670776817,0.009270544002813718,0.2394370343451595,0.27577689907037684,0.015925502127574848,0.0015330213511400355,0.012920835491809446,0.01893016876334025,0.0,0.0,0.0,0.0,DESCRIPTIVE_ONLY,0.936189889025894,1.0,0.06381011097410605,0.06381011097410604,0.0,0.0,0.936189889025894,0.0
evaluation_nuisance,cell,0-2|MISSING|UNCLASSIFIED,19,0,0.0,0,0,0,0,"Raw W per selected current decision, not accumulated PA improvement",Individual95 fixed-score game-cluster normal; outside main multiplicity family,,,,,,,,,,,,,,,,,,,,,,,,,,,,,,,,,,,,,,,,,,,,,,,NO_COMMON_SUPPORT,,,,,,,,
evaluation_nuisance,cell,0-2|OUT|FB,12536,11923,0.9511008296107212,11515,2401,742,581,"Raw W per selected current decision, not accumulated PA improvement",Individual95 fixed-score game-cluster normal; outside main multiplicity family,8189.0,7787.654812200366,2325.0,0.0014704784810363977,0.22049574697816482,0.23352228110264478,0.22755446232182372,3734.0,2947.7348342925225,1827.0,0.0028600670779280303,0.12329475378003313,0.13678053596286,0.15527337507544287,0.23099314123005632,0.004898148880895691,0.2213929458325856,0.24059333662752705,0.13857532024239827,0.006037069888972158,0.12674288068786163,0.1504077597969349,-0.09241782098765804,0.007439832218107559,-0.1069996241861696,-0.07783601778914648,0.20800570326260168,0.004235117140382197,0.1997050261971443,0.21630638032805904,0.23099314123005632,0.004898148880895691,0.2213929458325856,0.24059333662752705,0.20800570326260168,0.004235117140382197,0.1997050261971443,0.21630638032805904,0.022987437967454644,0.002560943635418887,0.017968080675596552,0.028006795259312735,0.0,0.0,0.0,0.0,DESCRIPTIVE_ONLY,0.3131762140400906,0.0,-0.3131762140400906,0.3131762140400906,0.0,0.0,0.3131762140400906,0.0
evaluation_nuisance,cell,0-2|OUT|NFB,19123,18119,0.9474977775453642,17383,2426,792,588,"Raw W per selected current decision, not accumulated PA improvement",Individual95 fixed-score game-cluster normal; outside main multiplicity family,11579.0,10534.611966768905,2401.0,0.0012651090249637235,0.21098080942003844,0.21976714728261276,0.21562272060913487,6540.0,4366.674205742872,2234.0,0.002146517045809322,0.09452857801921481,0.09512978526395935,0.12426090747578997,0.217494324103184,0.004224517784177959,0.20921442139414625,0.22577422681222176,0.09768034314384524,0.0037764000012448845,0.09027873515018825,0.10508195113750224,-0.11981398095933875,0.005429547277568758,-0.130455698075731,-0.10917226384294648,0.185863954964402,0.003308553177433004,0.17937930989569775,0.19234860003310625,0.217494324103184,0.004224517784177959,0.20921442139414625,0.22577422681222176,0.185863954964402,0.003308553177433004,0.17937930989569775,0.19234860003310625,0.031630369138781984,0.0024381305734563455,0.026851721025201558,0.03640901725236241,0.0,0.0,0.0,0.0,DESCRIPTIVE_ONLY,0.3609470721342237,0.0,-0.3609470721342237,0.3609470721342237,0.0,0.0,0.3609470721342237,0.0
evaluation_nuisance,cell,1-0|BOUNDARY|FB,11239,11167,0.9935937360975176,11167,2395,754,579,"Raw W per selected current decision, not accumulated PA improvement",Individual95 fixed-score game-cluster normal; outside main multiplicity family,5755.0,5512.752546494554,2200.0,0.0017412898260744526,0.32171096471268795,0.32834522191189136,0.3280107881292791,5412.0,5158.445751525668,2117.0,0.0019007843642140207,0.3194799850419302,0.3223503123391932,0.32146354592278886,0.32805676768760267,0.006872769494191334,0.31458638700494207,0.34152714837026327,0.3216027546411779,0.007269610959786706,0.30735457897837826,0.3358509303039775,-0.006454013046424804,0.009984608152539615,-0.02602348542514745,0.013115459332297845,0.32684400465657737,0.004956550052701298,0.3171293450657127,0.336558664247442,0.32805676768760267,0.006872769494191334,0.31458638700494207,0.34152714837026327,0.32684400465657737,0.004956550052701298,0.3171293450657127,0.336558664247442,0.0012127630310252604,0.004932088480242075,-0.008453952758814094,0.010879478820864616,0.0,0.0,0.0,0.0,DESCRIPTIVE_ONLY,0.48464224948509,0.0,-0.48464224948509,0.48464224948509,0.0,0.0,0.48464224948509,0.0
evaluation_nuisance,cell,1-0|BOUNDARY|NFB,6945,6910,0.9949604031677466,6910,2281,734,570,"Raw W per selected current decision, not accumulated PA improvement",Individual95 fixed-score game-cluster normal; outside main multiplicity family,3502.0,3338.66582968523,1827.0,0.0023473054917428895,0.3190213565059181,0.31978108999035904,0.32431808579770594,3408.0,3234.0317147928695,1816.0,0.0025455179936349757,0.3193078332454285,0.3161972964936948,0.31525575859739113,0.32137796828257914,0.008585106796481844,0.3045514681580447,0.3382044684071136,0.3152532157062307,0.009551333402586244,0.2965329462328273,0.33397348517963416,-0.006124752576348394,0.01289647771593309,-0.03140138442700063,0.019151879274303837,0.31889623733719247,0.006211060586197545,0.30672278228244904,0.3310696923919359,0.32137796828257914,0.008585106796481844,0.3045514681580447,0.3382044684071136,0.31889623733719247,0.006211060586197545,0.30672278228244904,0.3310696923919359,0.002481730945386613,0.006494636405345431,-0.010247522501773108,0.015210984392546333,0.0,0.0,0.0,0.0,DESCRIPTIVE_ONLY,0.49319826338639655,0.0,-0.49319826338639655,0.49319826338639655,0.0,0.0,0.49319826338639655,0.0
evaluation_nuisance,cell,1-0|INNER|FB,14222,14130,0.9935311489242019,14130,2416,766,585,"Raw W per selected current decision, not accumulated PA improvement",Individual95 fixed-score game-cluster normal; outside main multiplicity family,4335.0,3956.0864647619633,1990.0,0.00216360069801458,0.34639640637361835,0.2971002618640959,0.30432461888242757,9795.0,9686.190532066968,2376.0,0.0018296922583064922,0.3476666382849709,0.37059747871323967,0.36585864061246803,0.2979498666873366,0.009247729697064503,0.27982464954232866,0.3160750838323445,0.36971486028169354,0.005527236446474597,0.3588816759125662,0.38054804465082087,0.07176499359435694,0.010857164056660902,0.05048534306905878,0.0930446441196551,0.3497278131634819,0.0046811392197302635,0.34055294888619264,0.35890267744077115,0.36971486028169354,0.005527236446474597,0.3588816759125662,0.38054804465082087,0.3497278131634819,0.0046811392197302635,0.34055294888619264,0.35890267744077115,0.019987047118211566,0.0028410993793409087,0.014418594658204286,0.025555499578218847,0.0,0.0,0.0,0.0,DESCRIPTIVE_ONLY,0.6932059447983014,1.0,0.30679405520169856,0.3067940552016985,0.0,0.0,0.6932059447983014,0.0
evaluation_nuisance,cell,1-0|INNER|NFB,7888,7827,0.9922667342799188,7827,2306,727,566,"Raw W per selected current decision, not accumulated PA improvement",Individual95 fixed-score game-cluster normal; outside main multiplicity family,2989.0,2768.146570717084,1731.0,0.0028929734290922917,0.343796094945421,0.30982880404881413,0.31743331087922777,4838.0,4738.168894262531,2049.0,0.0023324953921228858,0.3357988582190482,0.3571163326862547,0.3513883184648175,0.31125922166988723,0.010358748353548247,0.2909564479720191,0.3315619953677554,0.3557107533364141,0.007797620538580229,0.34042769791568706,0.37099380875714116,0.04445153166652683,0.012713044770585994,0.019534421782333014,0.06936864155072064,0.3422056982240961,0.006265657041573837,0.32992523608313157,0.3544861603650606,0.3557107533364141,0.007797620538580229,0.34042769791568706,0.37099380875714116,0.3422056982240961,0.006265657041573837,0.32992523608313157,0.3544861603650606,0.013505055112317999,0.004409835483952033,0.004861936386025256,0.022148173838610744,0.0,0.0,0.0,0.0,DESCRIPTIVE_ONLY,0.618116775265108,1.0,0.381883224734892,0.38188322473489206,0.0,0.0,0.618116775265108,0.0
evaluation_nuisance,cell,1-0|MISSING|UNCLASSIFIED,27,0,0.0,0,0,0,0,"Raw W per selected current decision, not accumulated PA improvement",Individual95 fixed-score game-cluster normal; outside main multiplicity family,,,,,,,,,,,,,,,,,,,,,,,,,,,,,,,,,,,,,,,,,,,,,,,NO_COMMON_SUPPORT,,,,,,,,
evaluation_nuisance,cell,1-0|OUT|FB,16138,14677,0.9094683356054034,14677,2421,768,582,"Raw W per selected current decision, not accumulated PA improvement",Individual95 fixed-score game-cluster normal; outside main multiplicity family,11685.0,11515.253715799743,2399.0,0.001388800847050532,0.39836586802200674,0.4074022695839649,0.40334585265117945,2992.0,2358.6075115102885,1675.0,0.0027604017272640975,0.2629415992652237,0.2745890270817912,0.27919905255943117,0.40577780960856613,0.0044576121848296235,0.3970410502692532,0.4145145689478791,0.2723086587838963,0.009177363059112693,0.2543213577149871,0.29029595985280554,-0.1334691508246698,0.01021601933702101,-0.15349218079059573,-0.11344612085874388,0.3836382094433467,0.004069088522586633,0.3756629424891716,0.3916134763975218,0.40577780960856613,0.0044576121848296235,0.3970410502692532,0.4145145689478791,0.3836382094433467,0.004069088522586633,0.3756629424891716,0.3916134763975218,0.022139600165219386,0.0021368672620084932,0.017951417291940025,0.026327783038498746,0.0,0.0,0.0,0.0,DESCRIPTIVE_ONLY,0.2038563739183757,0.0,-0.2038563739183757,0.2038563739183757,0.0,0.0,0.2038563739183757,0.0
evaluation_nuisance,cell,1-0|OUT|NFB,13582,12508,0.9209247533500221,12508,2403,789,579,"Raw W per selected current decision, not accumulated PA improvement",Individual95 fixed-score game-cluster normal; outside main multiplicity family,9292.0,9011.036204461165,2357.0,0.0013449835407055816,0.408040272731591,0.41629635474181076,0.41048034537953293,3216.0,2280.128573669365,1743.0,0.0032060996039180653,0.31213785425643603,0.2988505503316485,0.28352943692058574,0.4156770100053134,0.0051463740590798205,0.4055903021985457,0.42576371781208106,0.3049098466760984,0.011116253374800404,0.28312239041846776,0.326697302933729,-0.1107671633292149,0.012238564749439736,-0.13475430946057823,-0.08678001719785154,0.386013271506236,0.0044693775284643964,0.37725345251713316,0.3947730904953388,0.4156770100053134,0.0051463740590798205,0.4055903021985457,0.42576371781208106,0.386013271506236,0.0044693775284643964,0.37725345251713316,0.3947730904953388,0.0296637384990773,0.0027033280376860787,0.024365312906815248,0.03496216409133935,0.0,0.0,0.0,0.0,DESCRIPTIVE_ONLY,0.2571154461144867,0.0,-0.2571154461144867,0.2571154461144867,0.0,0.0,0.2571154461144867,0.0
evaluation_nuisance,cell,1-1|BOUNDARY|FB,9631,9574,0.9940816114629841,9574,2381,738,573,"Raw W per selected current decision, not accumulated PA improvement",Individual95 fixed-score game-cluster normal; outside main multiplicity family,3292.0,3015.244117419045,1795.0,0.0022621825266830277,0.2886559353984549,0.2595285042719682,0.2715924092206142,6282.0,6175.549686677665,2231.0,0.0013916261477455007,0.251307863399569,0.26864436937425956,0.270052549604164,0.2586237396610722,0.009194722165284592,0.24060241536926227,0.27664506395288213,0.2681905614002352,0.005824134589805434,0.2567754673631026,0.27960565543736776,0.00956682173916294,0.01079506530600575,-0.011591117471366182,0.030724760949692065,0.2706093586797576,0.00499646796206692,0.26081646142419823,0.280402255935317,0.2681905614002352,0.005824134589805434,0.2567754673631026,0.27960565543736776,0.2706093586797576,0.00499646796206692,0.26081646142419823,0.280402255935317,-0.0024187972795225187,0.003335498945858578,-0.008956255083876647,0.004118660524831608,0.0,0.0,0.0,0.0,DESCRIPTIVE_ONLY,0.6561520785460623,1.0,0.3438479214539377,0.3438479214539377,0.0,0.0,0.6561520785460623,0.0
evaluation_nuisance,cell,1-1|BOUNDARY|NFB,8215,8160,0.9933049300060864,8160,2328,751,576,"Raw W per selected current decision, not accumulated PA improvement",Individual95 fixed-score game-cluster normal; outside main multiplicity family,2363.0,2125.9644639862067,1490.0,0.0037145326061504926,0.3051603856205187,0.25572510050521174,0.2715177542327247,5797.0,5718.830101471246,2172.0,0.001745054094519067,0.25482004576694534,0.2708869006614357,0.2695016270492822,0.2533406275606144,0.012025360948961743,0.22977135319955494,0.2769099019216738,0.26974941607732733,0.006046706775336089,0.2578980885725943,0.2816007435820604,0.016408788516712892,0.013592992523925632,-0.01023298727230355,0.04305056430572933,0.2702087009803921,0.005304659913783588,0.25981175859914296,0.2806056433616413,0.26974941607732733,0.006046706775336089,0.2578980885725943,0.2816007435820604,0.2702087009803921,0.005304659913783588,0.25981175859914296,0.2806056433616413,-0.0004592849030648413,0.003273266715624396,-0.006874769777482368,0.005956199971352685,0.0,0.0,0.0,0.0,DESCRIPTIVE_ONLY,0.7104166666666667,1.0,0.2895833333333333,0.28958333333333336,0.0,0.0,0.7104166666666667,0.0
evaluation_nuisance,cell,1-1|INNER|FB,11319,11199,0.9893983567452955,11199,2407,741,580,"Raw W per selected current decision, not accumulated PA improvement",Individual95 fixed-score game-cluster normal; outside main multiplicity family,1722.0,1544.5662568204536,1235.0,0.003680087496611451,0.23014094237764576,0.2109003518061361,0.23876264409713657,9477.0,9450.0557035004,2382.0,0.0012770871453639649,0.31255362064226977,0.3198967457489693,0.31491640496130996,0.21296180089797434,0.012383470903391487,0.18869064392372734,0.23723295787222135,0.31934084509733807,0.005469431954832556,0.30862095544997376,0.3300607347447024,0.10637904419936375,0.013587019979076282,0.07974897438314808,0.1330091140155794,0.30387597106884545,0.005017823749146652,0.29404121723974824,0.31371072489794266,0.31934084509733807,0.005469431954832556,0.30862095544997376,0.3300607347447024,0.30387597106884545,0.005017823749146652,0.29404121723974824,0.31371072489794266,0.015464874028492658,0.0018847333128663099,0.011770864614811829,0.019158883442173487,0.0,0.0,0.0,0.0,DESCRIPTIVE_ONLY,0.8462362710956335,1.0,0.15376372890436651,0.15376372890436646,0.0,0.0,0.8462362710956335,0.0
evaluation_nuisance,cell,1-1|INNER|NFB,8595,8530,0.9924374636416521,8530,2331,756,576,"Raw W per selected current decision, not accumulated PA improvement",Individual95 fixed-score game-cluster normal; outside main multiplicity family,1443.0,1281.7807928597902,1056.0,0.0037729526313215436,0.26318475113816764,0.2283408066941484,0.24701417223014727,7087.0,7060.0847380354535,2274.0,0.0014355355887839868,0.29869229010138937,0.3070523284996068,0.3045138800103732,0.2287674899586792,0.014819843335466387,0.19972113076463915,0.25781384915271927,0.3059734195790621,0.006299344487721872,0.2936269312569163,0.3183199079012079,0.07720592962038289,0.016154087957718586,0.04554449902016228,0.1088673602206035,0.2937454865181712,0.005742492554213027,0.28249040793042424,0.3050005651059181,0.3059734195790621,0.006299344487721872,0.2936269312569163,0.3183199079012079,0.2937454865181712,0.005742492554213027,0.28249040793042424,0.3050005651059181,0.012227933060890974,0.00224925469180066,0.007819474872903943,0.016636391248878005,0.0,0.0,0.0,0.0,DESCRIPTIVE_ONLY,0.8308323563892145,1.0,0.1691676436107855,0.16916764361078546,0.0,0.0,0.8308323563892145,0.0
evaluation_nuisance,cell,1-1|MISSING|UNCLASSIFIED,25,0,0.0,0,0,0,0,"Raw W per selected current decision, not accumulated PA improvement",Individual95 fixed-score game-cluster normal; outside main multiplicity family,,,,,,,,,,,,,,,,,,,,,,,,,,,,,,,,,,,,,,,,,,,,,,,NO_COMMON_SUPPORT,,,,,,,,
evaluation_nuisance,cell,1-1|OUT|FB,15695,15046,0.9586492513539344,15046,2419,766,581,"Raw W per selected current decision, not accumulated PA improvement",Individual95 fixed-score game-cluster normal; outside main multiplicity family,10776.0,10444.989470224282,2387.0,0.0013449950805461159,0.33600679712652903,0.3517905045709449,0.34235593591662433,4270.0,3374.151563994173,1987.0,0.0026187752462828776,0.23804529030510652,0.24144237397841053,0.24004908342013684,0.3493811612320237,0.004719432792846656,0.34013124293058694,0.3586310795334604,0.2396905992692838,0.007966473503174277,0.22407659811926958,0.25530460041929803,-0.1096905619627399,0.009148731268726841,-0.12762174575367993,-0.09175937817179985,0.32207550179449684,0.004106216639774688,0.31402746506781937,0.3301235385211743,0.3493811612320237,0.004719432792846656,0.34013124293058694,0.3586310795334604,0.32207550179449684,0.004106216639774688,0.31402746506781937,0.3301235385211743,0.027305659437526796,0.0024686356061827093,0.022467222558455482,0.032144096316598106,0.0,0.0,0.0,0.0,DESCRIPTIVE_ONLY,0.2837963578359697,0.0,-0.2837963578359697,0.2837963578359697,0.0,0.0,0.2837963578359697,0.0
evaluation_nuisance,cell,1-1|OUT|NFB,18961,17974,0.9479457834502399,17974,2429,816,587,"Raw W per selected current decision, not accumulated PA improvement",Individual95 fixed-score game-cluster normal; outside main multiplicity family,11918.0,11211.257550681343,2409.0,0.001220906857272107,0.3365792775508304,0.34835049860783623,0.3437381443539274,6056.0,4366.24579582116,2230.0,0.002045508919194712,0.22273076071357054,0.22139609496742257,0.2192496676552179,0.34652515990770105,0.0044210051746152714,0.3378601489899899,0.3551901708254122,0.22389740505421063,0.006585285761380391,0.21099048213400065,0.2368043279744206,-0.12262775485349041,0.007869792557713032,-0.13805226483240932,-0.10720324487457152,0.309419439189941,0.003603055946298231,0.3023575793009136,0.31648129907896844,0.34652515990770105,0.0044210051746152714,0.3378601489899899,0.3551901708254122,0.309419439189941,0.003603055946298231,0.3023575793009136,0.31648129907896844,0.03710572071776003,0.00258259586432372,0.03204392583706345,0.042167515598456606,0.0,0.0,0.0,0.0,DESCRIPTIVE_ONLY,0.3369311227328363,0.0,-0.3369311227328363,0.3369311227328363,0.0,0.0,0.3369311227328363,0.0
evaluation_nuisance,cell,1-2|BOUNDARY|FB,7459,7399,0.9919560262769809,7056,2275,706,568,"Raw W per selected current decision, not accumulated PA improvement",Individual95 fixed-score game-cluster normal; outside main multiplicity family,1549.0,1380.9712260459287,1110.0,0.0037029574823734582,0.1148807520670807,0.1009959446400145,0.15697938994120214,5850.0,5814.646621640379,2155.0,0.0017437476978979518,0.21693482810048426,0.22695109345621303,0.2274044917450418,0.09621316571519552,0.009228223156918312,0.07812618068633712,0.11430015074405392,0.22667466362608835,0.0059270122816576926,0.2150579330181127,0.23829139423406398,0.1304614979108928,0.010965409997778874,0.10896968923953076,0.1519533065822548,0.20325111501554263,0.005313253758481476,0.19283732900819686,0.2136649010228884,0.22667466362608835,0.0059270122816576926,0.2150579330181127,0.23829139423406398,0.20325111501554263,0.005313253758481476,0.19283732900819686,0.2136649010228884,0.023423548610545672,0.0021789641044490525,0.019152857442219957,0.027694239778871386,0.0,0.0,0.0,0.0,DESCRIPTIVE_ONLY,0.7906473847817272,1.0,0.20935261521827275,0.20935261521827275,0.0,0.0,0.7906473847817272,0.0
evaluation_nuisance,cell,1-2|BOUNDARY|NFB,6998,6823,0.9749928551014576,6592,2248,712,574,"Raw W per selected current decision, not accumulated PA improvement",Individual95 fixed-score game-cluster normal; outside main multiplicity family,963.0,838.0525500900801,798.0,0.004745112066260527,0.12682623566258688,0.11565588071574558,0.17440821330056108,5860.0,5837.445338320198,2169.0,0.0015737944853457678,0.2229146737666479,0.22547169632463956,0.22393960887726772,0.10995798845615345,0.01266978070041778,0.08512567459131395,0.13479030232099296,0.22468421972565883,0.006258485504598741,0.2124178135388793,0.23695062591243835,0.11472623126950537,0.014121306036562873,0.0870489800231741,0.14240348251583665,0.21246958815770187,0.005742947796620851,0.20121361731123133,0.2237255590041724,0.22468421972565883,0.006258485504598741,0.2124178135388793,0.23695062591243835,0.21246958815770187,0.005742947796620851,0.20121361731123133,0.2237255590041724,0.012214631567956933,0.0019535803664797826,0.008385684408752,0.016043578727161865,0.0,0.0,0.0,0.0,DESCRIPTIVE_ONLY,0.8588597391176902,1.0,0.1411402608823098,0.14114026088230983,0.0,0.0,0.8588597391176902,0.0
evaluation_nuisance,cell,1-2|INNER|FB,7647,7142,0.9339610304694651,6799,2253,702,570,"Raw W per selected current decision, not accumulated PA improvement",Individual95 fixed-score game-cluster normal; outside main multiplicity family,615.0,546.5709298939689,536.0,0.006721486091138134,0.012967034544744236,0.015577758990768303,0.13463109098225604,6527.0,6517.579581718862,2213.0,0.0015451577037035656,0.27748136138623486,0.27362416829077124,0.26756698245001287,0.04071053680592638,0.0059494138051589375,0.029049900018689467,0.05237117359316329,0.2733068329207822,0.006595148707093992,0.260380578982192,0.2862330868593723,0.2325962961148558,0.008912079998761825,0.21512894028994287,0.25006365193976876,0.25124726967236066,0.00603053248581685,0.23942764319256082,0.2630668961521605,0.2733068329207822,0.006595148707093992,0.260380578982192,0.2862330868593723,0.25124726967236066,0.00603053248581685,0.23942764319256082,0.2630668961521605,0.022059563248421527,0.001161901380373226,0.019782278389302632,0.024336848107540422,0.0,0.0,0.0,0.0,DESCRIPTIVE_ONLY,0.9138896667600112,1.0,0.08611033323998885,0.0861103332399888,0.0,0.0,0.9138896667600112,0.0
evaluation_nuisance,cell,1-2|INNER|NFB,6253,5377,0.8599072445226291,5170,2132,717,566,"Raw W per selected current decision, not accumulated PA improvement",Individual95 fixed-score game-cluster normal; outside main multiplicity family,323.0,293.24646101004976,299.0,0.007931710019247027,0.01166478997511009,0.01778755104498264,0.15313993007126353,5054.0,5047.572186430355,2093.0,0.0016282262563146203,0.2827966008807616,0.2733355306959052,0.2691492009033859,0.06590504918792259,0.007479656508036373,0.051245191815440676,0.0805649065604045,0.27313733402491264,0.007775613547349752,0.2578974115144054,0.2883772565354199,0.20723228483699,0.010616019831204488,0.1864252683086662,0.22803930136531378,0.25805969871675655,0.0071640528395606915,0.2440184131678757,0.2721009842656374,0.27313733402491264,0.007775613547349752,0.2578974115144054,0.2883772565354199,0.25805969871675655,0.0071640528395606915,0.2440184131678757,0.2721009842656374,0.015077635308156019,0.0011947693382772478,0.012735930435299862,0.017419340181012176,0.0,0.0,0.0,0.0,DESCRIPTIVE_ONLY,0.9399293286219081,1.0,0.060070671378091856,0.06007067137809187,0.0,0.0,0.9399293286219081,0.0
evaluation_nuisance,cell,1-2|MISSING|UNCLASSIFIED,26,0,0.0,0,0,0,0,"Raw W per selected current decision, not accumulated PA improvement",Individual95 fixed-score game-cluster normal; outside main multiplicity family,,,,,,,,,,,,,,,,,,,,,,,,,,,,,,,,,,,,,,,,,,,,,,,NO_COMMON_SUPPORT,,,,,,,,
evaluation_nuisance,cell,1-2|OUT|FB,16332,15768,0.9654665686994857,15219,2422,767,586,"Raw W per selected current decision, not accumulated PA improvement",Individual95 fixed-score game-cluster normal; outside main multiplicity family,10401.0,9790.993262211976,2395.0,0.0012948225296665998,0.2478529199882064,0.26220739663247916,0.25506397857193464,5367.0,4225.002647985247,2097.0,0.0027643317269962155,0.1527741635740796,0.1649897074022907,0.17118812007536696,0.2599585386800603,0.004288109203197179,0.2515539990800191,0.26836307828010153,0.1640329823058474,0.0059332151872684615,0.15240409422627516,0.17566187038541964,-0.09592555637421292,0.007179665329984,-0.10999744184203245,-0.0818536709063934,0.23268309233891427,0.0036320692791900772,0.22556436736234736,0.23980181731548117,0.2599585386800603,0.004288109203197179,0.2515539990800191,0.26836307828010153,0.23268309233891427,0.0036320692791900772,0.22556436736234736,0.23980181731548117,0.027275446341146068,0.0025612396997615867,0.022255508773839177,0.032295383908452956,0.0,0.0,0.0,0.0,DESCRIPTIVE_ONLY,0.3403729071537291,0.0,-0.3403729071537291,0.3403729071537291,0.0,0.0,0.3403729071537291,0.0
evaluation_nuisance,cell,1-2|OUT|NFB,24880,24058,0.9669614147909967,23046,2430,810,592,"Raw W per selected current decision, not accumulated PA improvement",Individual95 fixed-score game-cluster normal; outside main multiplicity family,14335.0,12667.866151647366,2423.0,0.0011769928936376478,0.2637010468988984,0.272539769293897,0.265886838845433,9723.0,6553.7978278966675,2369.0,0.002149667931254602,0.0952324127575023,0.09836308997708218,0.11965493876232751,0.27071304182625466,0.004021552483444925,0.262830943796765,0.2785951398557443,0.09961066370150763,0.0031575659719293783,0.09342194811771684,0.10579937928529842,-0.17110237812474705,0.004928948600813017,-0.18076293986398964,-0.16144181638550445,0.21325683764236425,0.0029016801051531577,0.20756964914160766,0.21894402614312083,0.27071304182625466,0.004021552483444925,0.262830943796765,0.2785951398557443,0.21325683764236425,0.0029016801051531577,0.20756964914160766,0.21894402614312083,0.05745620418389038,0.0024540177676489368,0.05264641774187708,0.062265990625903676,0.0,0.0,0.0,0.0,DESCRIPTIVE_ONLY,0.40414830825505027,0.0,-0.40414830825505027,0.40414830825505027,0.0,0.0,0.40414830825505027,0.0
evaluation_nuisance,cell,2-0|BOUNDARY|FB,4603,4573,0.9934825114056051,4573,2026,685,550,"Raw W per selected current decision, not accumulated PA improvement",Individual95 fixed-score game-cluster normal; outside main multiplicity family,2388.0,2280.0746680865745,1510.0,0.0025971086867270926,0.3723916638001371,0.3753804897875072,0.38288496133800065,2185.0,2083.5740467231285,1408.0,0.002594134479426159,0.3869038392471483,0.3850003876566984,0.3684555962002467,0.37491216259683674,0.009480569984826458,0.3563305868736654,0.39349373832000806,0.38333686025841635,0.011845942365350713,0.36011923985939176,0.40655448065744093,0.008424697661579598,0.01503160740056805,-0.021036711473279516,0.03788610679643871,0.38189940957795754,0.007420243248971699,0.36735600005344654,0.39644281910246854,0.37491216259683674,0.009480569984826458,0.3563305868736654,0.39349373832000806,0.38189940957795754,0.007420243248971699,0.36735600005344654,0.39644281910246854,-0.006987246981120812,0.007335581115892238,-0.021364721773941737,0.007390227811700113,0.0,0.0,0.0,0.0,DESCRIPTIVE_ONLY,0.47780450470150887,0.0,-0.47780450470150887,0.47780450470150887,0.0,0.0,0.47780450470150887,0.0
evaluation_nuisance,cell,2-0|BOUNDARY|NFB,1729,1724,0.9971081550028918,1724,1213,494,440,"Raw W per selected current decision, not accumulated PA improvement",Individual95 fixed-score game-cluster normal; outside main multiplicity family,964.0,930.2498743492137,792.0,0.004552098084432332,0.3646030824825339,0.37684990033103405,0.3962157169895224,760.0,716.889265787627,639.0,0.005112845786262479,0.40442510925734537,0.38692090320093525,0.3581934364990839,0.3790779289021582,0.01581186410710672,0.34808724472378744,0.41006861308052894,0.3861382711705829,0.02156187203511486,0.34387777854249646,0.42839876379866937,0.007060342268424677,0.027073722842105498,-0.04600317942952148,0.06012386396637083,0.3809124129930394,0.012212422637745383,0.3569765044590768,0.404848321527002,0.3790779289021582,0.01581186410710672,0.34808724472378744,0.41006861308052894,0.3809124129930394,0.012212422637745383,0.3569765044590768,0.404848321527002,-0.0018344840908812205,0.011350396830455682,-0.024080853088811933,0.020411884907049493,0.0,0.0,0.0,0.0,DESCRIPTIVE_ONLY,0.4408352668213457,0.0,-0.4408352668213457,0.4408352668213457,0.0,0.0,0.4408352668213457,0.0
evaluation_nuisance,cell,2-0|INNER|FB,6195,6156,0.9937046004842615,6156,2226,709,553,"Raw W per selected current decision, not accumulated PA improvement",Individual95 fixed-score game-cluster normal; outside main multiplicity family,1943.0,1773.2656938464422,1315.0,0.003331716102518711,0.3799845521673248,0.3274927378351298,0.3526677830049592,4213.0,4163.894243424623,2007.0,0.0019889866120762234,0.36135914581848433,0.38335168436110734,0.3789561597955757,0.3259815924613124,0.012976703875890491,0.30054772022652576,0.3514154646960991,0.3824828158364061,0.008125494656588739,0.3665571389529195,0.39840849271989265,0.0565012233750937,0.015598163806327496,0.025929384089735615,0.08707306266045178,0.36731156595191683,0.006646784849619126,0.35428410703367685,0.3803390248701568,0.3824828158364061,0.008125494656588739,0.3665571389529195,0.39840849271989265,0.36731156595191683,0.006646784849619126,0.35428410703367685,0.3803390248701568,0.0151712498844893,0.004271727316047511,0.006798818193260231,0.023543681575718373,0.0,0.0,0.0,0.0,DESCRIPTIVE_ONLY,0.6843729694606887,1.0,0.3156270305393113,0.31562703053931124,0.0,0.0,0.6843729694606887,0.0
evaluation_nuisance,cell,2-0|INNER|NFB,2045,2040,0.9975550122249389,2040,1327,520,473,"Raw W per selected current decision, not accumulated PA improvement",Individual95 fixed-score game-cluster normal; outside main multiplicity family,891.0,841.1312195032946,739.0,0.00466816042996558,0.3985703041584583,0.3806761741697917,0.3820097559370124,1149.0,1116.0151026256403,888.0,0.004007765244167495,0.39407469974575865,0.4096231466208089,0.389227022891078,0.3826487911339886,0.018193903512974573,0.3469893955103617,0.4183081867576155,0.40743581292415554,0.01724185739566959,0.37364239340206756,0.4412292324462435,0.024787021790166938,0.024986876069452574,-0.02418635539212584,0.07376039897245971,0.39659411764705876,0.012574432913921222,0.3719486820097581,0.4212395532843594,0.40743581292415554,0.01724185739566959,0.37364239340206756,0.4412292324462435,0.39659411764705876,0.012574432913921222,0.3719486820097581,0.4212395532843594,0.01084169527709671,0.010493656185833155,-0.009725492913282221,0.03140888346747564,0.0,0.0,0.0,0.0,DESCRIPTIVE_ONLY,0.5632352941176471,1.0,0.43676470588235294,0.43676470588235294,0.0,0.0,0.5632352941176471,0.0
evaluation_nuisance,cell,2-0|MISSING|UNCLASSIFIED,8,0,0.0,0,0,0,0,"Raw W per selected current decision, not accumulated PA improvement",Individual95 fixed-score game-cluster normal; outside main multiplicity family,,,,,,,,,,,,,,,,,,,,,,,,,,,,,,,,,,,,,,,,,,,,,,,NO_COMMON_SUPPORT,,,,,,,,
evaluation_nuisance,cell,2-0|OUT|FB,6167,5583,0.905302416085617,5583,2168,725,547,"Raw W per selected current decision, not accumulated PA improvement",Individual95 fixed-score game-cluster normal; outside main multiplicity family,4480.0,4418.115578989487,2022.0,0.0017695667670918713,0.5150256186671431,0.5238038131409902,0.5039267580583038,1103.0,901.4642697396785,891.0,0.004220451942161265,0.31482652352717966,0.3277960810453236,0.3227361576682614,0.5222092364861924,0.006058323923468089,0.5103351397895176,0.5340833331828673,0.3238494706133283,0.01504847274754455,0.2943550060058085,0.3533439352208481,-0.1983597658728641,0.016333456065366132,-0.230372751504049,-0.1663467802416792,0.4891941608454235,0.0057316335227754105,0.47796036556820126,0.5004279561226458,0.5222092364861924,0.006058323923468089,0.5103351397895176,0.5340833331828673,0.4891941608454235,0.0057316335227754105,0.47796036556820126,0.5004279561226458,0.033015075640768804,0.003401581065575348,0.026348099261747745,0.03968205201978987,0.0,0.0,0.0,0.0,DESCRIPTIVE_ONLY,0.19756403367365216,0.0,-0.19756403367365216,0.19756403367365216,0.0,0.0,0.19756403367365216,0.0
evaluation_nuisance,cell,2-0|OUT|NFB,2955,2716,0.9191201353637902,2716,1555,616,480,"Raw W per selected current decision, not accumulated PA improvement",Individual95 fixed-score game-cluster normal; outside main multiplicity family,2063.0,2007.8714557652659,1324.0,0.003282319108731046,0.5410337372512735,0.5480313843118509,0.5053917848799546,653.0,479.0664561328351,559.0,0.0083274091845091,0.333413170232578,0.33013017750008744,0.3178384545545006,0.5472625395653863,0.008936410142868327,0.529747497534286,0.5647775815964866,0.3321289930319791,0.020077498341026307,0.2927778193839049,0.37148016668005335,-0.21513354653340713,0.022098944905618454,-0.2584466826447542,-0.17182041042206006,0.4998078055964653,0.008302796587721505,0.4835346233135691,0.5160809878793615,0.5472625395653863,0.008936410142868327,0.529747497534286,0.5647775815964866,0.4998078055964653,0.008302796587721505,0.4835346233135691,0.5160809878793615,0.04745473396892091,0.005352667348576859,0.03696369874448676,0.057945769193355055,0.0,0.0,0.0,0.0,DESCRIPTIVE_ONLY,0.24042709867452136,0.0,-0.24042709867452136,0.24042709867452136,0.0,0.0,0.24042709867452136,0.0
evaluation_nuisance,cell,2-1|BOUNDARY|FB,6014,5971,0.9928500166278683,5971,2198,721,559,"Raw W per selected current decision, not accumulated PA improvement",Individual95 fixed-score game-cluster normal; outside main multiplicity family,2019.0,1837.2661820153373,1371.0,0.0031523164492949954,0.3599599699109511,0.3262589726336719,0.3401195758706385,3952.0,3888.4970737434674,1949.0,0.0020777840163480176,0.2920059972581795,0.31033584984409474,0.30741019278628834,0.3232008517022152,0.011930262904151208,0.2998179660839846,0.3465837373204458,0.30996857053848026,0.007745874483844777,0.2947869355213767,0.3251502055555838,-0.013232281163734939,0.01435600620847476,-0.041369536294178874,0.014904973966708998,0.3192868866186568,0.006359011467773874,0.3068234531645428,0.3317503200727708,0.3232008517022152,0.011930262904151208,0.2998179660839846,0.3465837373204458,0.3192868866186568,0.006359011467773874,0.3068234531645428,0.3317503200727708,0.003913965083558354,0.010270348061196213,-0.016215547225076992,0.024043477392193698,0.0,0.0,0.0,0.0,DESCRIPTIVE_ONLY,0.66186568414001,0.0,-0.66186568414001,0.66186568414001,0.0,0.0,0.66186568414001,0.0
evaluation_nuisance,cell,2-1|BOUNDARY|NFB,3804,3779,0.9934279705573081,3779,1877,653,527,"Raw W per selected current decision, not accumulated PA improvement",Individual95 fixed-score game-cluster normal; outside main multiplicity family,1179.0,1067.126392916991,922.0,0.0038576781350455115,0.3736844324424478,0.32161019053308876,0.3432502020152576,2600.0,2561.97244936152,1547.0,0.002169363200748135,0.2774423568032314,0.2930542438594086,0.29396622414806806,0.31780536868837606,0.016738826086906355,0.2849978724145601,0.350612864962192,0.2917258892833896,0.008805913590493491,0.27446661579505055,0.30898516277172866,-0.026079479404986543,0.01873382324155341,-0.06279709825117062,0.010638139441197538,0.30418338184704946,0.0077169220863949305,0.28905849248621374,0.3193082712078852,0.31780536868837606,0.016738826086906355,0.2849978724145601,0.350612864962192,0.30418338184704946,0.0077169220863949305,0.28905849248621374,0.3193082712078852,0.013621986841326653,0.014238483138650193,-0.01428492730490855,0.04152890098756186,0.0,0.0,0.0,0.0,DESCRIPTIVE_ONLY,0.6880127017729558,0.0,-0.6880127017729558,0.6880127017729558,0.0,0.0,0.6880127017729558,0.0
evaluation_nuisance,cell,2-1|INNER|FB,7691,7587,0.9864777012092055,7587,2290,721,569,"Raw W per selected current decision, not accumulated PA improvement",Individual95 fixed-score game-cluster normal; outside main multiplicity family,1059.0,938.9939289521203,853.0,0.004632736980643009,0.2559104915054745,0.23667670361782586,0.2950835147688612,6528.0,6510.859243927336,2241.0,0.001688341074677802,0.3294959720963398,0.3344264371382917,0.33227470398748077,0.23575439242795662,0.015491091113019974,0.20539241176520898,0.26611637309070424,0.333909844695332,0.006432772963327492,0.32130184136648715,0.3465178480241769,0.09815545226737538,0.016675469032135848,0.06547213353907613,0.13083877099567462,0.321008435481745,0.00593225781908645,0.3093814238093294,0.3326354471541606,0.333909844695332,0.006432772963327492,0.32130184136648715,0.3465178480241769,0.321008435481745,0.00593225781908645,0.3093814238093294,0.3326354471541606,0.012901409213586889,0.0020997536165682533,0.008785967748705388,0.01701685067846839,0.0,0.0,0.0,0.0,DESCRIPTIVE_ONLY,0.8604191379992092,1.0,0.13958086200079078,0.13958086200079084,0.0,0.0,0.8604191379992092,0.0
evaluation_nuisance,cell,2-1|INNER|NFB,4352,4321,0.9928768382352942,4321,1985,651,527,"Raw W per selected current decision, not accumulated PA improvement",Individual95 fixed-score game-cluster normal; outside main multiplicity family,814.0,729.4926022042007,686.0,0.004304397134060599,0.33607528948360904,0.2835905965114773,0.3156488453333298,3507.0,3491.9602649127896,1815.0,0.002240067571195762,0.3326419739135862,0.34557017216696756,0.3376411616202154,0.2810918515961798,0.021650682772448495,0.23865729312147893,0.3235264100708806,0.3441361083065956,0.009303797366740495,0.3259010005483256,0.36237121606486555,0.06304425671041577,0.023351859048338464,0.017275454003616617,0.10881305941721493,0.33307706549409855,0.008569824790723546,0.3162805175504619,0.3498736134377352,0.3441361083065956,0.009303797366740495,0.3259010005483256,0.36237121606486555,0.33307706549409855,0.008569824790723546,0.3162805175504619,0.3498736134377352,0.011059042812496988,0.0035470247259647013,0.00410700209733312,0.018011083527660857,0.0,0.0,0.0,0.0,DESCRIPTIVE_ONLY,0.8116176810923398,1.0,0.18838231890766022,0.18838231890766027,0.0,0.0,0.8116176810923398,0.0
evaluation_nuisance,cell,2-1|MISSING|UNCLASSIFIED,16,0,0.0,0,0,0,0,"Raw W per selected current decision, not accumulated PA improvement",Individual95 fixed-score game-cluster normal; outside main multiplicity family,,,,,,,,,,,,,,,,,,,,,,,,,,,,,,,,,,,,,,,,,,,,,,,NO_COMMON_SUPPORT,,,,,,,,
evaluation_nuisance,cell,2-1|OUT|FB,8381,8069,0.9627729387901205,8069,2331,737,568,"Raw W per selected current decision, not accumulated PA improvement",Individual95 fixed-score game-cluster normal; outside main multiplicity family,5734.0,5540.306903551278,2163.0,0.0017684285822308027,0.4419135886612813,0.4603111001046797,0.4415679094018751,2335.0,1874.9786394216958,1496.0,0.0028589240735084564,0.2588165518153177,0.26642164466755175,0.2646702524068356,0.45729719776067274,0.006002814291618836,0.4455318979432175,0.46906249757812796,0.26261775429898676,0.010231885999536535,0.24256362624597555,0.28267188235199797,-0.19467944346168606,0.011900326391626326,-0.21800365459354515,-0.17135523232982697,0.40627240054529673,0.0052570325907845,0.39596880600180584,0.4165759950887876,0.45729719776067274,0.006002814291618836,0.4455318979432175,0.46906249757812796,0.40627240054529673,0.0052570325907845,0.39596880600180584,0.4165759950887876,0.05102479721537598,0.0034689653846689556,0.04422574999780869,0.057823844432943264,0.0,0.0,0.0,0.0,DESCRIPTIVE_ONLY,0.28937910521749904,0.0,-0.28937910521749904,0.28937910521749904,0.0,0.0,0.28937910521749904,0.0
evaluation_nuisance,cell,2-1|OUT|NFB,7137,6838,0.9581056466302368,6838,2252,732,557,"Raw W per selected current decision, not accumulated PA improvement",Individual95 fixed-score game-cluster normal; outside main multiplicity family,4442.0,4175.979126809158,1988.0,0.002014078419488444,0.4550363435849391,0.4693774281410896,0.45302810865918564,2396.0,1793.1718386584812,1526.0,0.0033763489225659355,0.256360354849807,0.25649660821723314,0.25334038710657686,0.46797224540550636,0.006765646141881736,0.45471182263527576,0.48123266817573696,0.2572356734439388,0.010203374055658718,0.23723742777405732,0.2772339191138202,-0.2107365719615676,0.012255691629574232,-0.2347572861611621,-0.18671585776197308,0.4006104124012869,0.005540059012118137,0.3897520962653088,0.411468728537265,0.46797224540550636,0.006765646141881736,0.45471182263527576,0.48123266817573696,0.4006104124012869,0.005540059012118137,0.3897520962653088,0.411468728537265,0.06736183300421945,0.004381882051015217,0.058773501999727126,0.07595016400871178,0.0,0.0,0.0,0.0,DESCRIPTIVE_ONLY,0.350394852295993,0.0,-0.350394852295993,0.350394852295993,0.0,0.0,0.350394852295993,0.0
evaluation_nuisance,cell,2-2|BOUNDARY|FB,7374,7308,0.9910496338486574,6937,2274,710,567,"Raw W per selected current decision, not accumulated PA improvement",Individual95 fixed-score game-cluster normal; outside main multiplicity family,1493.0,1320.0171027728477,1088.0,0.004445825280896457,0.14384520820012914,0.12407602455292292,0.19596577329100678,5815.0,5779.567739050595,2177.0,0.0018524091120679356,0.23885684602861318,0.24898691404332113,0.24931844490243638,0.11626499221401947,0.010354724487112237,0.0959701051494445,0.13655987927859442,0.24901188613126907,0.006336568372576678,0.2365924403354432,0.26143133192709495,0.1327468939172496,0.012091914373571554,0.10904717724090714,0.15644661059359205,0.22723029556650245,0.0056368224570475245,0.21618232656344274,0.23827826456956216,0.24901188613126907,0.006336568372576678,0.2365924403354432,0.26143133192709495,0.22723029556650245,0.0056368224570475245,0.21618232656344274,0.23827826456956216,0.021781590564766584,0.0022278405828482645,0.017415103259087263,0.026148077870445905,0.0,0.0,0.0,0.0,DESCRIPTIVE_ONLY,0.7957033388067871,1.0,0.20429666119321288,0.2042966611932129,0.0,0.0,0.7957033388067871,0.0
evaluation_nuisance,cell,2-2|BOUNDARY|NFB,6528,6378,0.9770220588235294,6103,2232,700,568,"Raw W per selected current decision, not accumulated PA improvement",Individual95 fixed-score game-cluster normal; outside main multiplicity family,879.0,769.8997642614816,740.0,0.005116628022430399,0.16176722389551876,0.14448252225359676,0.22007844551966643,5499.0,5479.620367175648,2145.0,0.0016145610327276078,0.23316123341722805,0.23586736407706502,0.23960993645350692,0.13648069565407814,0.013695640188983369,0.1096377341384514,0.16332365716970487,0.23507479134021728,0.006384758918977597,0.2225608938090503,0.24758868887138424,0.09859409568613918,0.015013657625462628,0.06916786746401729,0.12802032390826107,0.2264873000940734,0.005907662555617433,0.21490849425224737,0.2380661059358994,0.23507479134021728,0.006384758918977597,0.2225608938090503,0.24758868887138424,0.2264873000940734,0.005907662555617433,0.21490849425224737,0.2380661059358994,0.008587491246143929,0.0019400795952436414,0.004785005112325347,0.012389977379962511,0.0,0.0,0.0,0.0,DESCRIPTIVE_ONLY,0.8621825023518345,1.0,0.13781749764816553,0.13781749764816556,0.0,0.0,0.8621825023518345,0.0
evaluation_nuisance,cell,2-2|INNER|FB,8729,7999,0.9163707182953373,7475,2293,714,567,"Raw W per selected current decision, not accumulated PA improvement",Individual95 fixed-score game-cluster normal; outside main multiplicity family,632.0,567.6870203939096,556.0,0.006009132197816912,0.004647947683792436,0.005794625648880015,0.16507589196078082,7367.0,7357.312553710319,2270.0,0.0014747434288969756,0.2961161737053989,0.2908191048673664,0.2879054931540898,0.043284101315822006,0.005478301346892672,0.0325468279794551,0.05402137465218891,0.29063696415204127,0.006350811010643279,0.27818960329856,0.3030843250055225,0.24735286283621924,0.008330393386013032,0.23102559182258303,0.26368013384985545,0.2684624328041005,0.005834498152596871,0.25702702655714516,0.2798978390510558,0.29063696415204127,0.006350811010643279,0.27818960329856,0.3030843250055225,0.2684624328041005,0.005834498152596871,0.25702702655714516,0.2798978390510558,0.022174531347940743,0.0010827809623468671,0.020052319658595264,0.024296743037286222,0.0,0.0,0.0,0.0,DESCRIPTIVE_ONLY,0.9209901237654707,1.0,0.07900987623452926,0.07900987623452932,0.0,0.0,0.9209901237654707,0.0
evaluation_nuisance,cell,2-2|INNER|NFB,6502,5473,0.8417410027683789,5234,2120,692,553,"Raw W per selected current decision, not accumulated PA improvement",Individual95 fixed-score game-cluster normal; outside main multiplicity family,287.0,261.0216157436721,271.0,0.013647938147273176,0.002104667538813436,0.003443642628443434,0.19391977319019782,5186.0,5180.016662874065,2096.0,0.0019386388433226078,0.3118465943782858,0.29987686113316525,0.2981763830585658,0.08038976518798595,0.007319450315342831,0.06604390618328367,0.09473562419268823,0.29956389316405174,0.008241794558159057,0.2834102726620818,0.3157175136660217,0.2191741279760659,0.010858928709309656,0.19789101879513096,0.24045723715700082,0.2843080577379865,0.00759646694417047,0.2694192561176634,0.29919685935830964,0.29956389316405174,0.008241794558159057,0.2834102726620818,0.3157175136660217,0.2843080577379865,0.00759646694417047,0.2694192561176634,0.29919685935830964,0.015255835426065316,0.0011566906530772884,0.012988763404779717,0.017522907447350914,0.0,0.0,0.0,0.0,DESCRIPTIVE_ONLY,0.947560752786406,1.0,0.052439247213594053,0.052439247213594005,0.0,0.0,0.947560752786406,0.0
evaluation_nuisance,cell,2-2|MISSING|UNCLASSIFIED,24,0,0.0,0,0,0,0,"Raw W per selected current decision, not accumulated PA improvement",Individual95 fixed-score game-cluster normal; outside main multiplicity family,,,,,,,,,,,,,,,,,,,,,,,,,,,,,,,,,,,,,,,,,,,,,,,NO_COMMON_SUPPORT,,,,,,,,
evaluation_nuisance,cell,2-2|OUT|FB,12815,12495,0.9750292625829107,12002,2409,760,573,"Raw W per selected current decision, not accumulated PA improvement",Individual95 fixed-score game-cluster normal; outside main multiplicity family,7816.0,7300.07979774534,2324.0,0.001497015900167116,0.33492646705589607,0.35597244282825274,0.3432181314305063,4679.0,3829.4526823918327,2038.0,0.0027286665932980928,0.18161614896653722,0.19406742245103328,0.20066775896611366,0.35306367275824496,0.004984928131274849,0.34329339315542573,0.3628339523610642,0.19186255760368393,0.006496382934011113,0.1791298810232415,0.20459523418412634,-0.16120111515456098,0.007806275664755097,-0.17650113431087244,-0.14590109599824952,0.3022981192476991,0.004251023922101169,0.2939662654629626,0.3106299730324356,0.35306367275824496,0.004984928131274849,0.34329339315542573,0.3628339523610642,0.3022981192476991,0.004251023922101169,0.2939662654629626,0.3106299730324356,0.05076555351054585,0.003159918454743608,0.044572227145164914,0.05695887987592678,0.0,0.0,0.0,0.0,DESCRIPTIVE_ONLY,0.37446978791516605,0.0,-0.37446978791516605,0.37446978791516605,0.0,0.0,0.37446978791516605,0.0
evaluation_nuisance,cell,2-2|OUT|NFB,17501,17074,0.9756013942060454,16313,2426,791,581,"Raw W per selected current decision, not accumulated PA improvement",Individual95 fixed-score game-cluster normal; outside main multiplicity family,9534.0,8357.34964159654,2350.0,0.0021722581732784166,0.35254297495065395,0.36409259566943897,0.35452954118617847,7540.0,5363.707811066574,2267.0,0.0020863455298864276,0.1287025826984736,0.13166794824699957,0.15476548052115707,0.3619336410569517,0.00484359506322813,0.35244036917732857,0.3714269129365748,0.1327863874964003,0.004261282073170853,0.12443442810501924,0.14113834688778132,-0.2291472535605514,0.006367424563811491,-0.24162717637989758,-0.21666733074120523,0.27695542930771927,0.0035563320849498043,0.2699851465041534,0.28392571211128514,0.3619336410569517,0.00484359506322813,0.35244036917732857,0.3714269129365748,0.27695542930771927,0.0035563320849498043,0.2699851465041534,0.28392571211128514,0.08497821174923237,0.0033590046977337376,0.0783946835177734,0.09156173998069134,0.0,0.0,0.0,0.0,DESCRIPTIVE_ONLY,0.4416071219397915,0.0,-0.4416071219397915,0.4416071219397915,0.0,0.0,0.4416071219397915,0.0
evaluation_nuisance,cell,3-0|BOUNDARY|FB,1942,1859,0.9572605561277034,1859,1290,572,465,"Raw W per selected current decision, not accumulated PA improvement",Individual95 fixed-score game-cluster normal; outside main multiplicity family,1666.0,1662.0128007932115,1200.0,0.003233476835037545,0.506483901105791,0.5008203814689591,0.493338619220038,193.0,175.27137406854226,184.0,0.013157205441469281,0.3860157285855309,0.4211471392170024,0.34608942924192265,0.5014631340670844,0.010412104206247025,0.48105578481956224,0.5218704833146066,0.41020224247415626,0.035287938445540214,0.3410391540322311,0.4793653309160814,-0.09126089159292822,0.03684314936746926,-0.16347213743019762,-0.019049645755658803,0.49200161377084445,0.009874225592191446,0.47264848723492553,0.5113547403067633,0.5014631340670844,0.010412104206247025,0.48105578481956224,0.5218704833146066,0.49200161377084445,0.009874225592191446,0.47264848723492553,0.5113547403067633,0.009461520296239975,0.0040488239822058375,0.001525971111374494,0.017397069481105455,0.0,0.0,0.0,0.0,DESCRIPTIVE_ONLY,0.10381925766541152,0.0,-0.10381925766541152,0.10381925766541152,0.0,0.0,0.10381925766541152,0.0
evaluation_nuisance,cell,3-0|BOUNDARY|NFB,105,105,1.0,105,101,76,90,"Raw W per selected current decision, not accumulated PA improvement",Individual95 fixed-score game-cluster normal; outside main multiplicity family,92.0,91.1908531840455,89.0,0.030236287895386085,0.5227117239760319,0.4879004030594038,0.4877231291879065,13.0,12.057005580336748,13.0,0.12863297970490392,0.17212208125576328,0.2603961067821029,0.33365725945721253,0.4892541755954224,0.04709454822421441,0.3969505572077774,0.5815577939830674,0.29244507541667236,0.06908692084221003,0.1570371987631711,0.4278529520701736,-0.19680910017875003,0.08402819711810311,-0.36150134021606445,-0.03211686014143561,0.46541904761904757,0.04128408094277124,0.38450373583637953,0.5463343594017156,0.4892541755954224,0.04709454822421441,0.3969505572077774,0.5815577939830674,0.46541904761904757,0.04128408094277124,0.38450373583637953,0.5463343594017156,0.02383512797637476,0.016904765277320967,-0.009297603134277587,0.0569678590870271,0.0,0.0,0.0,0.0,DESCRIPTIVE_ONLY,0.12380952380952381,0.0,-0.12380952380952381,0.12380952380952381,0.0,0.0,0.12380952380952381,0.0
evaluation_nuisance,cell,3-0|INNER|FB,2549,2521,0.9890153001176932,2521,1574,622,511,"Raw W per selected current decision, not accumulated PA improvement",Individual95 fixed-score game-cluster normal; outside main multiplicity family,2137.0,2130.8142274592274,1424.0,0.002421440890932656,0.46162632434404477,0.470304458723822,0.466739151571355,384.0,346.75881352500465,351.0,0.00930836273347445,0.5936668640733277,0.5254691325385162,0.3966529753145155,0.4718722620841917,0.009304789994425213,0.4536352088114096,0.4901093153569738,0.5308987897099957,0.03900142270602705,0.45445740586036,0.6073401735596314,0.05902652762580396,0.040126957245749495,-0.019620863385043597,0.13767391863665152,0.47974057913526374,0.009389227142109166,0.4613380320940638,0.49814312617646367,0.5308987897099957,0.03900142270602705,0.45445740586036,0.6073401735596314,0.47974057913526374,0.009389227142109166,0.4613380320940638,0.49814312617646367,0.051158210574731924,0.03528144398470583,-0.017992148957858833,0.12030857010732268,0.0,0.0,0.0,0.0,DESCRIPTIVE_ONLY,0.15232050773502578,1.0,0.8476794922649742,0.8476794922649742,0.0,0.0,0.15232050773502578,0.0
evaluation_nuisance,cell,3-0|INNER|NFB,132,131,0.9924242424242424,131,126,96,104,"Raw W per selected current decision, not accumulated PA improvement",Individual95 fixed-score game-cluster normal; outside main multiplicity family,104.0,102.75612355375647,101.0,0.019130805270704553,0.5743813018279502,0.5386324997567425,0.4738070387132122,27.0,24.690258116367144,27.0,0.06666510561262048,0.3252932586531807,0.3887857628718476,0.36266047558600695,0.5450001754166417,0.050692020382730234,0.44564564116292016,0.6443547096703632,0.3779325629615586,0.07330410597681017,0.23425915532810337,0.5216059705950138,-0.16706761245508317,0.08918523520940429,-0.3418674614182491,0.007732236508082746,0.5063587786259541,0.04272934662593473,0.422610798156194,0.5901067590957143,0.5450001754166417,0.050692020382730234,0.44564564116292016,0.6443547096703632,0.5063587786259541,0.04272934662593473,0.422610798156194,0.5901067590957143,0.03864139679068763,0.02413768842899759,-0.008667603200196834,0.0859503967815721,0.0,0.0,0.0,0.0,DESCRIPTIVE_ONLY,0.20610687022900764,0.0,-0.20610687022900764,0.20610687022900764,0.0,0.0,0.20610687022900764,0.0
evaluation_nuisance,cell,3-0|MISSING|UNCLASSIFIED,1,0,0.0,0,0,0,0,"Raw W per selected current decision, not accumulated PA improvement",Individual95 fixed-score game-cluster normal; outside main multiplicity family,,,,,,,,,,,,,,,,,,,,,,,,,,,,,,,,,,,,,,,,,,,,,,,NO_COMMON_SUPPORT,,,,,,,,
evaluation_nuisance,cell,3-0|OUT|FB,2402,1692,0.704412989175687,1692,1195,590,446,"Raw W per selected current decision, not accumulated PA improvement",Individual95 fixed-score game-cluster normal; outside main multiplicity family,1617.0,1612.0918600939833,1163.0,0.0030700970248244866,0.7220760606413846,0.6729154037545715,0.6063716217454704,75.0,64.77407469119656,74.0,0.03571535326692886,0.15447674058491134,0.4037983298030351,0.31503816765530657,0.6781324553276348,0.005274399394602808,0.6677948224741335,0.6884700881811361,0.3439502918085702,0.021135201174171038,0.3025260587011863,0.38537452491595403,-0.33418216351906466,0.02173888243371706,-0.37678959015330055,-0.29157473688482877,0.6621985815602836,0.005365745773905451,0.6516819130932309,0.6727152500273362,0.6781324553276348,0.005274399394602808,0.6677948224741335,0.6884700881811361,0.6621985815602836,0.005365745773905451,0.6516819130932309,0.6727152500273362,0.01593387376735113,0.002738211151919612,0.010567078527522759,0.021300669007179505,0.0,0.0,0.0,0.0,DESCRIPTIVE_ONLY,0.044326241134751775,0.0,-0.044326241134751775,0.044326241134751775,0.0,0.0,0.044326241134751775,0.0
evaluation_nuisance,cell,3-0|OUT|NFB,189,144,0.7619047619047619,144,136,109,113,"Raw W per selected current decision, not accumulated PA improvement",Individual95 fixed-score game-cluster normal; outside main multiplicity family,133.0,132.4596403188106,125.0,0.01712802226524491,0.7024793570980452,0.6630965188661306,0.5415302957532017,11.0,9.043822447470175,11.0,0.19835966264834615,0.21100674131584846,0.38937333167606053,0.30834516018999947,0.6711115912312403,0.019539024216936044,0.6328158074729897,0.7094073749894909,0.3537028443667073,0.07082538279585537,0.21488764489556803,0.4925180438378466,-0.317408746864533,0.07385243717299175,-0.46215686389410393,-0.17266062983496214,0.6415833333333332,0.020544128296969544,0.6013175817775027,0.6818490848891636,0.6711115912312403,0.019539024216936044,0.6328158074729897,0.7094073749894909,0.6415833333333332,0.020544128296969544,0.6013175817775027,0.6818490848891636,0.02952825789790698,0.01069388399915847,0.00856863040470722,0.05048788539110674,0.0,0.0,0.0,0.0,DESCRIPTIVE_ONLY,0.0763888888888889,0.0,-0.0763888888888889,0.0763888888888889,0.0,0.0,0.0763888888888889,0.0
evaluation_nuisance,cell,3-1|BOUNDARY|FB,3279,3259,0.9939005794449527,3259,1743,665,517,"Raw W per selected current decision, not accumulated PA improvement",Individual95 fixed-score game-cluster normal; outside main multiplicity family,1305.0,1210.1070530428292,975.0,0.003718522899233028,0.47813177609838553,0.4486285363889288,0.4598020367057381,1954.0,1908.267771859316,1319.0,0.0038320901673502745,0.35284170850994695,0.3719210670399181,0.3628408436934209,0.4463140504947535,0.012857861448859533,0.4211131051367828,0.47151499585272416,0.3703317741122741,0.011073240539512242,0.3486286214626812,0.39203492676186696,-0.07598227638247948,0.017129492168168853,-0.10955546410555135,-0.04240908865940761,0.4063669837373427,0.00828032205128945,0.39013785073642254,0.42259611673826286,0.4463140504947535,0.012857861448859533,0.4211131051367828,0.47151499585272416,0.4063669837373427,0.00828032205128945,0.39013785073642254,0.42259611673826286,0.03994706675741079,0.01110920386897859,0.018173427277299734,0.06172070623752185,0.0,0.0,0.0,0.0,DESCRIPTIVE_ONLY,0.5995704203743479,0.0,-0.5995704203743479,0.5995704203743479,0.0,0.0,0.5995704203743479,0.0
evaluation_nuisance,cell,3-1|BOUNDARY|NFB,876,871,0.9942922374429224,871,726,380,370,"Raw W per selected current decision, not accumulated PA improvement",Individual95 fixed-score game-cluster normal; outside main multiplicity family,374.0,346.33031847558175,345.0,0.011604801489847001,0.4967185478458274,0.46474851951739626,0.4734850624700581,497.0,482.35856615819756,451.0,0.00588908418286494,0.360862135583225,0.37183832860305,0.3572850339988341,0.4615674769147035,0.0242641330579765,0.41401065000498183,0.5091243038244252,0.37138086956806254,0.021914804609012864,0.32842864180616493,0.41433309732996015,-0.09018660734664098,0.03275899893032811,-0.15439306541967024,-0.02598014927361174,0.41183008036739377,0.015747067469779136,0.3809663952645044,0.44269376547028316,0.4615674769147035,0.0242641330579765,0.41401065000498183,0.5091243038244252,0.41183008036739377,0.015747067469779136,0.3809663952645044,0.44269376547028316,0.04973739654730977,0.02008698227091604,0.010367634738219757,0.08910715835639979,0.0,0.0,0.0,0.0,DESCRIPTIVE_ONLY,0.5706084959816303,0.0,-0.5706084959816303,0.5706084959816303,0.0,0.0,0.5706084959816303,0.0
evaluation_nuisance,cell,3-1|INNER|FB,4578,4549,0.9936653560506772,4549,2022,694,550,"Raw W per selected current decision, not accumulated PA improvement",Individual95 fixed-score game-cluster normal; outside main multiplicity family,822.0,737.3225015752813,697.0,0.00521150058262663,0.4390378357442762,0.3745747918007692,0.4207504018616664,3727.0,3712.7633797808207,1882.0,0.0022429107860361406,0.3946624352761108,0.40783716489105953,0.3982994138511496,0.37041905671302344,0.01905047355839496,0.3330808146501367,0.40775729877591016,0.4066713852944165,0.008906095584300071,0.38921575870631714,0.42412701188251584,0.03625232858139304,0.02107998108978666,-0.005063675149374204,0.07756833231216029,0.40083798637063084,0.007970579624956597,0.38521593736980714,0.41646003537145454,0.4066713852944165,0.008906095584300071,0.38921575870631714,0.42412701188251584,0.40083798637063084,0.007970579624956597,0.38521593736980714,0.41646003537145454,0.005833398923785611,0.003132192940080304,-0.0003055864314024069,0.01197238427897363,0.0,0.0,0.0,0.0,DESCRIPTIVE_ONLY,0.8193009452626951,1.0,0.18069905473730485,0.1806990547373049,0.0,0.0,0.8193009452626951,0.0
evaluation_nuisance,cell,3-1|INNER|NFB,1116,1113,0.9973118279569892,1113,858,414,386,"Raw W per selected current decision, not accumulated PA improvement",Individual95 fixed-score game-cluster normal; outside main multiplicity family,360.0,331.49135340346487,329.0,0.011065816792398313,0.4070387545610053,0.3535543873610803,0.4370054334722883,753.0,741.8840570599461,620.0,0.005238192984205338,0.42275564876212157,0.44248053473213156,0.39969302769329007,0.34322391754126985,0.028489550973742502,0.28738542369701653,0.3990624113855232,0.4406736696430036,0.02012308384704408,0.4012331500449175,0.4801141892410897,0.09744975210173372,0.03422113014501693,0.03037756950724259,0.16452193469622484,0.41523090745732255,0.016530398641766527,0.38283192146937034,0.44762989344527476,0.4406736696430036,0.02012308384704408,0.4012331500449175,0.4801141892410897,0.41523090745732255,0.016530398641766527,0.38283192146937034,0.44762989344527476,0.02544276218568106,0.00989560522278645,0.006047732343793164,0.04483779202756896,0.0,0.0,0.0,0.0,DESCRIPTIVE_ONLY,0.6765498652291105,1.0,0.32345013477088946,0.32345013477088946,0.0,0.0,0.6765498652291105,0.0
evaluation_nuisance,cell,3-1|MISSING|UNCLASSIFIED,6,0,0.0,0,0,0,0,"Raw W per selected current decision, not accumulated PA improvement",Individual95 fixed-score game-cluster normal; outside main multiplicity family,,,,,,,,,,,,,,,,,,,,,,,,,,,,,,,,,,,,,,,,,,,,,,,NO_COMMON_SUPPORT,,,,,,,,
evaluation_nuisance,cell,3-1|OUT|FB,4182,3929,0.9395026303204208,3929,1896,683,539,"Raw W per selected current decision, not accumulated PA improvement",Individual95 fixed-score game-cluster normal; outside main multiplicity family,3006.0,2948.9099811859264,1676.0,0.002385152278230681,0.6497859245951272,0.6716832933494185,0.6143254482181496,923.0,737.0525624016301,768.0,0.005721764972178097,0.33041588950906436,0.333759815708492,0.3234843379615555,0.6674001615263696,0.002940272525805476,0.6616373332710582,0.673162989781681,0.3272901612325119,0.01704471405372952,0.29388313556041834,0.3606971869046055,-0.34011000029385774,0.017214655138170363,-0.373850104370949,-0.30636989621676647,0.5949735301603462,0.004672623464057749,0.5858153564574762,0.6041317038632161,0.6674001615263696,0.002940272525805476,0.6616373332710582,0.673162989781681,0.5949735301603462,0.004672623464057749,0.5858153564574762,0.6041317038632161,0.07242663136602351,0.003987992566390295,0.06461030956528507,0.08024295316676194,0.0,0.0,0.0,0.0,DESCRIPTIVE_ONLY,0.2349198269279715,0.0,-0.2349198269279715,0.2349198269279715,0.0,0.0,0.2349198269279715,0.0
evaluation_nuisance,cell,3-1|OUT|NFB,1524,1456,0.9553805774278216,1456,1053,479,416,"Raw W per selected current decision, not accumulated PA improvement",Individual95 fixed-score game-cluster normal; outside main multiplicity family,1025.0,982.7202183827533,803.0,0.004052700673825648,0.6649026761772858,0.6727004368112425,0.581000094998647,431.0,307.65817218256075,390.0,0.01284438779215329,0.354348513235452,0.3744478053195723,0.32182213356181116,0.6716763641625944,0.005758929864251156,0.6603890690391699,0.6829636592860188,0.3707802757173003,0.02601763578296328,0.3197866466198117,0.42177390481478894,-0.300896088445294,0.027000444835616068,-0.35381598788966195,-0.247976189000926,0.5844031593406592,0.008217520792959608,0.5682971145442494,0.6005092041370691,0.6716763641625944,0.005758929864251156,0.6603890690391699,0.6829636592860188,0.5844031593406592,0.008217520792959608,0.5682971145442494,0.6005092041370691,0.08727320482193503,0.0075356609501195096,0.07250358075999591,0.10204282888387414,0.0,0.0,0.0,0.0,DESCRIPTIVE_ONLY,0.2960164835164835,0.0,-0.2960164835164835,0.2960164835164835,0.0,0.0,0.2960164835164835,0.0
evaluation_nuisance,cell,3-2|BOUNDARY|FB,6001,5955,0.9923346108981836,5517,2164,701,558,"Raw W per selected current decision, not accumulated PA improvement",Individual95 fixed-score game-cluster normal; outside main multiplicity family,1211.0,1072.1725387210563,943.0,0.0046636393141315765,0.2294223554215502,0.19196127649642217,0.3106078195700846,4744.0,4718.6355588354045,2003.0,0.0020345069100887654,0.2989283524510549,0.3128070053664387,0.306101214656294,0.16963330438021137,0.011611645456327566,0.1468748974845612,0.19239171127586155,0.31161988740367585,0.007201200228971497,0.29750579430943014,0.32573398049792157,0.14198658302346448,0.013581774468136909,0.1153667942197705,0.16860637182715846,0.29278958858102433,0.006368560704589148,0.2803074389666726,0.30527173819537606,0.31161988740367585,0.007201200228971497,0.29750579430943014,0.32573398049792157,0.29278958858102433,0.006368560704589148,0.2803074389666726,0.30527173819537606,0.018830298822651508,0.002314903894822074,0.014293170561128747,0.023367427084174268,0.0,0.0,0.0,0.0,DESCRIPTIVE_ONLY,0.7966414777497901,1.0,0.2033585222502099,0.2033585222502099,0.0,0.0,0.7966414777497901,0.0
evaluation_nuisance,cell,3-2|BOUNDARY|NFB,3418,3377,0.9880046811000586,3205,1758,600,514,"Raw W per selected current decision, not accumulated PA improvement",Individual95 fixed-score game-cluster normal; outside main multiplicity family,573.0,495.65955310828895,498.0,0.00880915045991849,0.20755045151538934,0.17314712987004294,0.34182386543805277,2804.0,2791.340147319299,1583.0,0.0024681739274518707,0.26157593980973065,0.26827461292347626,0.27522347498604377,0.1414320628281718,0.01832287408220688,0.10551988953378394,0.17734423612255967,0.2676880904121535,0.009021872926563401,0.2500055444029923,0.28537063642131477,0.12625602758398166,0.020086546979793816,0.08688711892981399,0.16562493623814933,0.25729049452176483,0.008171208955509563,0.24127521925881495,0.2733057697847147,0.2676880904121535,0.009021872926563401,0.2500055444029923,0.28537063642131477,0.25729049452176483,0.008171208955509563,0.24127521925881495,0.2733057697847147,0.010397595890388604,0.0026908423536176856,0.005123641789222949,0.01567154999155426,0.0,0.0,0.0,0.0,DESCRIPTIVE_ONLY,0.8303227716908499,1.0,0.1696772283091501,0.16967722830915014,0.0,0.0,0.8303227716908499,0.0
evaluation_nuisance,cell,3-2|INNER|FB,8333,7491,0.8989559582383295,6629,2280,718,555,"Raw W per selected current decision, not accumulated PA improvement",Individual95 fixed-score game-cluster normal; outside main multiplicity family,502.0,456.2727703250117,449.0,0.0070152915511310565,0.005762736696047282,0.008080196511920457,0.2792115181060584,6989.0,6981.060509473112,2245.0,0.0017111836924292403,0.37009735397274773,0.3603682566448867,0.34988831024040223,0.08841202100671254,0.009131336104604558,0.07051493111095734,0.10630911090246774,0.36039790100586,0.007205363407517341,0.34627564823160323,0.37452015378011677,0.2719858799991474,0.01158865620610065,0.24927253120597356,0.29469922879232124,0.33720117474302497,0.006626461226679198,0.32421354939378266,0.35018880009226727,0.36039790100586,0.007205363407517341,0.34627564823160323,0.37452015378011677,0.33720117474302497,0.006626461226679198,0.32421354939378266,0.35018880009226727,0.023196726262835036,0.0012379539759200416,0.02077038105551359,0.02562307147015648,0.0,0.0,0.0,0.0,DESCRIPTIVE_ONLY,0.9329862501668669,1.0,0.06701374983313313,0.06701374983313309,0.0,0.0,0.9329862501668669,0.0
evaluation_nuisance,cell,3-2|INNER|NFB,4052,3645,0.8995557749259625,3424,1794,591,521,"Raw W per selected current decision, not accumulated PA improvement",Individual95 fixed-score game-cluster normal; outside main multiplicity family,252.0,229.41165569374596,240.0,0.011190227631541908,0.009509012299699944,0.012605843170273384,0.3203829410605686,3393.0,3388.322896548026,1727.0,0.0024401514150746255,0.3581717632955998,0.34860473600671427,0.3396515534000204,0.09044398579759821,0.015408207740412497,0.060244453560078445,0.12064351803511798,0.3484032536376823,0.009898125020741182,0.32900328508255483,0.3678032221928098,0.25795926784008416,0.01812186037275228,0.2224410741766261,0.2934774615035422,0.32630644718792867,0.009132296667015937,0.3084074746244423,0.34420541975141505,0.3484032536376823,0.009898125020741182,0.32900328508255483,0.3678032221928098,0.32630644718792867,0.009132296667015937,0.3084074746244423,0.34420541975141505,0.02209680644975371,0.0016945003142436249,0.0187756468620444,0.02541796603746302,0.0,0.0,0.0,0.0,DESCRIPTIVE_ONLY,0.9308641975308642,1.0,0.06913580246913575,0.0691358024691358,0.0,0.0,0.9308641975308642,0.0
evaluation_nuisance,cell,3-2|MISSING|UNCLASSIFIED,12,0,0.0,0,0,0,0,"Raw W per selected current decision, not accumulated PA improvement",Individual95 fixed-score game-cluster normal; outside main multiplicity family,,,,,,,,,,,,,,,,,,,,,,,,,,,,,,,,,,,,,,,,,,,,,,,NO_COMMON_SUPPORT,,,,,,,,
evaluation_nuisance,cell,3-2|OUT|FB,7944,7796,0.9813695871097684,7361,2282,729,558,"Raw W per selected current decision, not accumulated PA improvement",Individual95 fixed-score game-cluster normal; outside main multiplicity family,4557.0,4202.777382229583,2021.0,0.0017588868500965963,0.6260386726306626,0.6567594213857176,0.6016521642356394,3239.0,2677.863462939311,1702.0,0.003129325626866872,0.22459295763297635,0.23575016887313874,0.24307679865216034,0.6521775632011634,0.0027022887863819766,0.6468811745040283,0.6574739518982985,0.23175386752211738,0.008098036550390396,0.21588200753786324,0.24762572750637152,-0.4204236956790459,0.008563382267720895,-0.4372076165096278,-0.40363977484846403,0.49215264238070794,0.004390308788755265,0.483547795273738,0.500757489487678,0.6521775632011634,0.0027022887863819766,0.6468811745040283,0.6574739518982985,0.49215264238070794,0.004390308788755265,0.483547795273738,0.500757489487678,0.1600249208204553,0.00424982295295427,0.15169542089199328,0.16835442074891732,0.0,0.0,0.0,0.0,DESCRIPTIVE_ONLY,0.4154694715238584,0.0,-0.4154694715238584,0.4154694715238584,0.0,0.0,0.4154694715238584,0.0
evaluation_nuisance,cell,3-2|OUT|NFB,6442,6310,0.9795094691089724,6061,2199,721,555,"Raw W per selected current decision, not accumulated PA improvement",Individual95 fixed-score game-cluster normal; outside main multiplicity family,3432.0,2985.4734521832297,1799.0,0.002680370551567394,0.6606375135523729,0.6609714351588238,0.5970986866974672,2878.0,2161.094156274932,1618.0,0.0038434208215608247,0.15158193126182998,0.15627094661027505,0.1981097250310352,0.6597060639870378,0.003318836181640547,0.6532012646004339,0.6662108633736417,0.15802754111722045,0.006935087464976526,0.14443501945623127,0.17162006277820963,-0.5016785228698172,0.007647950039567386,-0.5166682295029309,-0.4866888162367034,0.4504594294770205,0.0048943691401428175,0.4408666422352963,0.4600522167187447,0.6597060639870378,0.003318836181640547,0.6532012646004339,0.6662108633736417,0.4504594294770205,0.0048943691401428175,0.4408666422352963,0.4600522167187447,0.20924663451001718,0.00473668937311632,0.1999628939327556,0.21853037508727877,0.0,0.0,0.0,0.0,DESCRIPTIVE_ONLY,0.4561014263074485,0.0,-0.4561014263074485,0.4561014263074485,0.0,0.0,0.4561014263074485,0.0
evaluation_nuisance,known_marginal,pitcher_known,652506,622340,0.9537690074880537,165494,2430,674,598,"Raw W per selected current decision, not accumulated PA improvement",Individual95 fixed-score game-cluster normal; outside main multiplicity family,318093.0,183839.2334274506,2430.0,0.0007185137599084905,0.28816341134718254,0.28682569530323987,0.3038234125513958,304247.0,189806.16236435634,2430.0,0.0006902748733740798,0.25695256118336646,0.26107382112385863,0.262791897096001,0.2872336350386167,0.00155428776742435,0.28418728699285384,0.2902799830843796,0.26053920785358053,0.0014817297111964164,0.25763507098481264,0.2634433447223484,-0.02669442718503609,0.00137729611448915,-0.02939387796548178,-0.0239949764045904,0.30116655204550563,0.0014010230627215256,0.29842059730106146,0.3039125067899498,0.3274416225628561,0.00149922809940788,0.32450318948340623,0.33038005564230594,0.30116655204550563,0.0014010230627215256,0.29842059730106146,0.3039125067899498,0.02627507051735041,0.0005078924221152762,0.025279619661983655,0.027270521372717165,0.0,0.0,0.0,0.0,DESCRIPTIVE_ONLY,0.4888758556416107,0.4332278175916702,-0.05564803804994051,0.31880001285470966,0.0,0.0,0.4888758556416107,0.0
evaluation_nuisance,known_marginal,pitcher_unseen,63879,60613,0.9488720862881385,16457,1444,189,577,"Raw W per selected current decision, not accumulated PA improvement",Individual95 fixed-score game-cluster normal; outside main multiplicity family,31825.0,18863.025271606257,1442.0,0.0047652757532242115,0.33476499718763464,0.3339108960188968,0.3185631752259635,28788.0,18118.015331414932,1442.0,0.0034410198892226313,0.2851389504294506,0.2982711484250242,0.2747069941038383,0.3321294892336122,0.005115318774589837,0.3221036486659745,0.34215532980124985,0.2952742694118941,0.004708783048953688,0.28604522422493217,0.30450331459885605,-0.03685521982171808,0.004533409939938345,-0.04574054003115312,-0.027969899612283036,0.3465792321779156,0.004595869328278272,0.3375714938168379,0.3555869705389933,0.3743832284631885,0.004904393953155972,0.3647707929490068,0.3839956639773702,0.3465792321779156,0.004595869328278272,0.3375714938168379,0.3555869705389933,0.02780399628527285,0.0017133917910528982,0.024445810083402596,0.031162182487143107,0.0,0.0,0.0,0.0,DESCRIPTIVE_ONLY,0.474947618497682,0.4270041080296306,-0.0479435104680514,0.30986752016894065,0.0,0.0,0.474947618497682,0.0
evaluation_nuisance,known_marginal,batter_known,669079,639667,0.9560410654048326,170399,2430,863,508,"Raw W per selected current decision, not accumulated PA improvement",Individual95 fixed-score game-cluster normal; outside main multiplicity family,328211.0,190535.44525441213,2430.0,0.000687898888366889,0.294430590236128,0.29340400646091336,0.30581839469128447,311456.0,194705.23040785504,2430.0,0.0007038578178082063,0.26137071336289547,0.2666567303859092,0.26432339440014635,0.2934503892310627,0.0015432325563426493,0.29042570900086145,0.29647506946126395,0.2657706603333502,0.001467331865203797,0.26289474272418273,0.2686465779425176,-0.027679728897712596,0.0013342529439351256,-0.03029481661409198,-0.02506464118133321,0.3074590216472008,0.0014041351532245365,0.30470696731745406,0.3102110759769475,0.3339527219547825,0.001498223390479345,0.3310162580686475,0.3368891858409175,0.3074590216472008,0.0014041351532245365,0.30470696731745406,0.3102110759769475,0.026493700307581688,0.000505486791033204,0.025502964402495883,0.027484436212667492,0.0,0.0,0.0,0.0,DESCRIPTIVE_ONLY,0.4869033418950798,0.43230305768470156,-0.054600284210378214,0.3172369373439618,0.0,0.0,0.4869033418950798,0.0
evaluation_nuisance,known_marginal,batter_unseen,47306,43286,0.9150213503572485,11548,1882,790,90,"Raw W per selected current decision, not accumulated PA improvement",Individual95 fixed-score game-cluster normal; outside main multiplicity family,21707.0,12181.97576349853,1858.0,0.0025333519901693854,0.260804782788117,0.2559592905841509,0.294982147350578,21579.0,13223.048706541575,1877.0,0.002163690847984948,0.2311316366615827,0.23013464717729393,0.2568445120034834,0.25823164608842203,0.005470038621386423,0.24751056739646152,0.26895272478038257,0.23186963276827163,0.005194690783010347,0.22168822592274917,0.2420510396137941,-0.02636201332015045,0.005063089333385406,-0.036285486064094756,-0.016438540576206147,0.2717693711592663,0.004859993539786495,0.26224395885618745,0.28129478346234515,0.29695453998884724,0.005183145713534015,0.2867957610636974,0.30711331891399707,0.2717693711592663,0.004859993539786495,0.26224395885618745,0.28129478346234515,0.025185168829581026,0.001829470144471036,0.021599473235626505,0.028770864423535547,0.0,0.0,0.0,0.0,DESCRIPTIVE_ONLY,0.4985214619045419,0.4381786258836575,-0.06034283602088436,0.32939056507877834,0.0,0.0,0.4985214619045419,0.0
evaluation_nuisance,known_joint,pitcher_known_batter_known,609475,582947,0.956474014520694,155026,2430,674,508,"Raw W per selected current decision, not accumulated PA improvement",Individual95 fixed-score game-cluster normal; outside main multiplicity family,298343.0,172799.04357768063,2430.0,0.0007548203442676594,0.29022866088289645,0.2892128085623986,0.30450590795053295,284604.0,177799.6501811364,2430.0,0.0007118241419916045,0.2590491618809244,0.2635726578972432,0.2632609129686936,0.2894470026192227,0.0015987754547590386,0.28631346030852833,0.29258054492991703,0.26281031217024065,0.0015242688178142482,0.25982280018456727,0.265797824155914,-0.026636690448982033,0.0014078714781417547,-0.02939606784100104,-0.023877313056963025,0.3034960536721177,0.0014446217849989288,0.30066464700223783,0.30632746034199754,0.32984002979331084,0.0015486495529391281,0.32680473244487607,0.3328753271417456,0.3034960536721177,0.0014446217849989288,0.30066464700223783,0.30632746034199754,0.026343976121193147,0.0005265781864942187,0.025311901840620064,0.02737605040176623,0.0,0.0,0.0,0.0,DESCRIPTIVE_ONLY,0.4882159098511529,0.43288154840834586,-0.05533436144280701,0.3179414252067512,0.0,0.0,0.4882159098511529,0.0
evaluation_nuisance,known_joint,pitcher_known_batter_unseen,43031,39393,0.9154562989472705,10474,1868,636,90,"Raw W per selected current decision, not accumulated PA improvement",Individual95 fixed-score game-cluster normal; outside main multiplicity family,19750.0,11093.299406168175,1843.0,0.0027761579286469484,0.25760135663959977,0.2521295366134858,0.2937236830197329,19643.0,12012.123216792963,1864.0,0.0021610563898997476,0.22592656451291,0.22489587333409458,0.2558512884615096,0.2544796942112733,0.005709257161533584,0.2432897557961901,0.2656696326263565,0.2269308650494265,0.005403451864618847,0.21634029400257776,0.23752143609627524,-0.027548829161846807,0.0052943507606360955,-0.03792556597421579,-0.01717209234947782,0.26669403193460767,0.0050436848327345355,0.25680859131307704,0.2765794725561383,0.29194942090845255,0.005362027409204982,0.2814400403022942,0.3024588015146109,0.26669403193460767,0.0050436848327345355,0.25680859131307704,0.2765794725561383,0.02525538897384489,0.0018900620241169357,0.02155093547802882,0.02895984246966096,0.0,0.0,0.0,0.0,DESCRIPTIVE_ONLY,0.49864189069123954,0.43835199147056586,-0.06028989922067368,0.33150559744116975,0.0,0.0,0.49864189069123954,0.0
evaluation_nuisance,known_joint,pitcher_unseen_batter_known,59604,56720,0.9516139856385477,15384,1443,189,496,"Raw W per selected current decision, not accumulated PA improvement",Individual95 fixed-score game-cluster normal; outside main multiplicity family,29868.0,17785.32763493602,1439.0,0.004417596940258636,0.3376164525541506,0.33648615906065527,0.31930764377557386,26852.0,16906.567820631455,1441.0,0.003555409694046521,0.2852307534150932,0.2993520130248988,0.2752431821826061,0.3345957033215477,0.005299612906830954,0.3242086528921554,0.34498275375094,0.29619601436438275,0.004845237962761377,0.28669952246084424,0.30569250626792127,-0.03839968895716496,0.004657770572659353,-0.04752875152782779,-0.029270626386502126,0.34818892806770096,0.0047500195634388055,0.33887906079750024,0.3574987953379017,0.37622143770678196,0.005074448845450005,0.3662757007283091,0.3861671746852548,0.34818892806770096,0.0047500195634388055,0.33887906079750024,0.3574987953379017,0.028032509639080938,0.0017719849228137001,0.0245594830092181,0.03150553626894378,0.0,0.0,0.0,0.0,DESCRIPTIVE_ONLY,0.4734132581100141,0.42635754583921015,-0.04705571227080396,0.30999647390691115,0.0,0.0,0.4734132581100141,0.0
evaluation_nuisance,known_joint,pitcher_unseen_batter_unseen,4275,3893,0.9106432748538011,1074,539,154,81,"Raw W per selected current decision, not accumulated PA improvement",Individual95 fixed-score game-cluster normal; outside main multiplicity family,1957.0,1089.2448147339512,474.0,0.010959848285025742,0.2932200322791361,0.2959176001060577,0.3077164616030774,1936.0,1211.5033705034887,525.0,0.012000412192393593,0.2838014047460074,0.28329298523893875,0.2668948729048373,0.296197389807025,0.01773612249857305,0.26143522848443124,0.3309595511296187,0.2818446845916638,0.01890510228982475,0.24479136497956158,0.318898004203766,-0.014352705215361194,0.018589980040406448,-0.05078839656787628,0.02208298613715389,0.32312638068327765,0.01657349405251356,0.2906429292423623,0.355609832124193,0.3476009966890759,0.01764341728113298,0.3130205342538437,0.3821814591243081,0.32312638068327765,0.01657349405251356,0.2906429292423623,0.355609832124193,0.024474616005798238,0.006558909882590519,0.01161938885807699,0.03732984315351949,0.0,0.0,0.0,0.0,DESCRIPTIVE_ONLY,0.49730285127151297,0.4364243513999486,-0.06087849987156435,0.3079886976624711,0.0,0.0,0.49730285127151297,0.0
evaluation_nuisance,known_combined,both_known,609475,582947,0.956474014520694,155026,2430,674,508,"Raw W per selected current decision, not accumulated PA improvement",Individual95 fixed-score game-cluster normal; outside main multiplicity family,298343.0,172799.04357768063,2430.0,0.0007548203442676594,0.29022866088289645,0.2892128085623986,0.30450590795053295,284604.0,177799.6501811364,2430.0,0.0007118241419916045,0.2590491618809244,0.2635726578972432,0.2632609129686936,0.2894470026192227,0.0015987754547590386,0.28631346030852833,0.29258054492991703,0.26281031217024065,0.0015242688178142482,0.25982280018456727,0.265797824155914,-0.026636690448982033,0.0014078714781417547,-0.02939606784100104,-0.023877313056963025,0.3034960536721177,0.0014446217849989288,0.30066464700223783,0.30632746034199754,0.32984002979331084,0.0015486495529391281,0.32680473244487607,0.3328753271417456,0.3034960536721177,0.0014446217849989288,0.30066464700223783,0.30632746034199754,0.026343976121193147,0.0005265781864942187,0.025311901840620064,0.02737605040176623,0.0,0.0,0.0,0.0,DESCRIPTIVE_ONLY,0.4882159098511529,0.43288154840834586,-0.05533436144280701,0.3179414252067512,0.0,0.0,0.4882159098511529,0.0
evaluation_nuisance,known_combined,at_least_one_unseen,106910,100006,0.9354223178374333,26931,2152,825,586,"Raw W per selected current decision, not accumulated PA improvement",Individual95 fixed-score game-cluster normal; outside main multiplicity family,51575.0,29855.116218396677,2137.0,0.0031094924005854,0.3043697479814996,0.301326641384958,0.30877874112720904,48431.0,30123.74468038304,2148.0,0.0022886188854409004,0.26181481469349194,0.26849487544656125,0.26727961162310465,0.3015427406853751,0.003991883030502406,0.2937187937150938,0.30936668765565645,0.26835336738550886,0.0036749351010998566,0.26115062694183105,0.27555610782918666,-0.03318937329986629,0.0034988600496143577,-0.04004701298405646,-0.026331733615676128,0.315111943283403,0.0035873380833602664,0.30808088983964793,0.322142996727158,0.34191202692524364,0.0038121905936812734,0.334440270659426,0.3493837831910613,0.315111943283403,0.0035873380833602664,0.30808088983964793,0.322142996727158,0.02680008364184064,0.001279991609714962,0.024291346186285864,0.029308821097395413,0.0,0.0,0.0,0.0,DESCRIPTIVE_ONLY,0.4842809431434114,0.4314741115533068,-0.05280683159010463,0.3183908965462072,0.0,0.0,0.4842809431434114,0.0
fixed_development_prediction,overall,ALL,716385,630906,0.880680081241232,168376,2430,863,512,"Raw W per selected current decision, not accumulated PA improvement",Individual95 fixed-score game-cluster normal; outside main multiplicity family,322646.0,187173.86262001505,2430.0,0.0007572128055418133,0.29089483246771725,0.2929717394027071,0.2945891275197215,308260.0,188986.88609963146,2430.0,0.0007004879255439653,0.2676002547796269,0.266407461226533,0.2580134246915378,0.29300750814933907,0.0015206605412151004,0.2900270682558463,0.29598794804283185,0.26628424827945824,0.0015215192280130419,0.26330212539076747,0.269266371168149,-0.026723259869880767,0.001358600146190775,-0.02938606722580554,-0.024060452513955995,0.307565959112768,0.0014151619463401296,0.3047922926656498,0.31033962555988626,0.3338923722858394,0.0014963908918096801,0.33095950003109864,0.33682524454058016,0.307565959112768,0.0014151619463401296,0.3047922926656498,0.31033962555988626,0.026326413173071425,0.0005049189029548687,0.025336790308166407,0.027316036037976443,0.0,0.0,0.0,0.0,DESCRIPTIVE_ONLY,0.48859893549910766,0.4338522695932516,-0.05474666590585603,0.31784449664450803,0.0,0.0,0.48859893549910766,0.0
fixed_development_prediction,count,0-0,182967,157376,0.8601332480720567,157376,2430,863,511,"Raw W per selected current decision, not accumulated PA improvement",Individual95 fixed-score game-cluster normal; outside main multiplicity family,105441.0,97133.47480363885,2430.0,0.0007107250502748198,0.3078028078021812,0.31065312011817253,0.3003909523021144,51935.0,35728.25370326453,2430.0,0.000987599743614836,0.30297387366812834,0.3003917531492442,0.28782430187887786,0.3113156273599797,0.001648869945074946,0.30808390165244226,0.31454735306751713,0.30039999740511836,0.0027360099456587438,0.2950375164502838,0.3057624783599529,-0.010915629954861335,0.0031099889914261024,-0.01701109637037254,-0.004820163539350129,0.31738720008133386,0.0013989219581607912,0.31464536342615645,0.3201290367365113,0.33507730885281606,0.0019309992227606108,0.3312926199220304,0.3388619977836017,0.31738720008133386,0.0013989219581607912,0.31464536342615645,0.3201290367365113,0.01769010877148217,0.0012354895092801992,0.015268593830015914,0.020111623712948425,0.0,0.0,0.0,0.0,DESCRIPTIVE_ONLY,0.3300058458723058,0.496829249694998,0.16682340382269217,0.37784668564457097,0.0,0.0,0.3300058458723058,0.0
fixed_development_prediction,count,0-1,92936,82311,0.8856740122234656,82311,2430,850,511,"Raw W per selected current decision, not accumulated PA improvement",Individual95 fixed-score game-cluster normal; outside main multiplicity family,40930.0,24807.636989275892,2430.0,0.00098867517915668,0.2715865434855375,0.25951964219963275,0.2560988331893828,41381.0,25012.216738718773,2430.0,0.0010742954853529274,0.2386760260524907,0.23921409048812772,0.23206690852750228,0.2636845290801112,0.003161857138044195,0.25748740296528366,0.26988165519493873,0.24030333907063073,0.0028855790676527372,0.2346477080234887,0.24595897011777276,-0.023381190009480506,0.0042991538062477986,-0.03180737663372448,-0.014955003385236533,0.27060680832452527,0.0017582505011127436,0.2671607006665448,0.27405291598250575,0.2848622719266385,0.0021611401093385696,0.28062651514678993,0.28909802870648704,0.27060680832452527,0.0017582505011127436,0.2671607006665448,0.27405291598250575,0.01425546360211321,0.0012317830805911058,0.011841213127388844,0.016669714076837577,0.0,0.0,0.0,0.0,DESCRIPTIVE_ONLY,0.5027396095297105,0.36116679423163367,-0.14157281529807686,0.30952120615713574,0.0,0.0,0.5027396095297105,0.0
fixed_development_prediction,count,0-2,48752,42426,0.8702412208729898,34430,2430,815,509,"Raw W per selected current decision, not accumulated PA improvement",Individual95 fixed-score game-cluster normal; outside main multiplicity family,20078.0,10055.277641282397,2430.0,0.001467448459997998,0.155128547808018,0.1657868946357989,0.18013786124941047,22348.0,13776.343868774322,2427.0,0.001327800462337204,0.1602216301050625,0.15812828699458517,0.1596634013588276,0.16712652565838623,0.002822212361606803,0.16159509107291317,0.1726579602438593,0.158873912940983,0.0033460956923554368,0.15231568589514172,0.16543213998682427,-0.00825261271740324,0.003962555543202354,-0.016019078868819404,-0.0004861465659870782,0.20464189412152922,0.002723305852298043,0.1993043127321379,0.20997947551092055,0.2294987718993908,0.002983717460748454,0.22365079313628053,0.23534675066250108,0.20464189412152922,0.002723305852298043,0.1993043127321379,0.20997947551092055,0.024856877777861594,0.00124747629815615,0.02241186916190819,0.027301886393815,0.0,0.0,0.0,0.0,DESCRIPTIVE_ONLY,0.5267524631122424,0.356620939989629,-0.17013152312261343,0.27195587611370386,0.0,0.0,0.5267524631122424,0.0
fixed_development_prediction,count,1-0,70041,62209,0.8881797804143288,62209,2430,855,511,"Raw W per selected current decision, not accumulated PA improvement",Individual95 fixed-score game-cluster normal; outside main multiplicity family,34775.0,27005.638280918887,2430.0,0.0010033127467855717,0.3627764829824332,0.35255401167432776,0.34700665931763314,27434.0,17345.630770755637,2429.0,0.0012126173926460342,0.32278096228276865,0.3218999159400266,0.3097274747511838,0.3566996870321403,0.0031661690587890716,0.35049410970794864,0.3629052643563319,0.32274615487458175,0.0038451135942296918,0.3152098707134262,0.3302824390357373,-0.03395353215755855,0.004944659292709125,-0.043644886287089735,-0.02426217802802737,0.3585051198379655,0.002136097711159157,0.35431844525663514,0.3626917944192959,0.3750100128525083,0.0025864169234335868,0.3699407288335736,0.380079296871443,0.3585051198379655,0.002136097711159157,0.35431844525663514,0.3626917944192959,0.016504893014542745,0.0015361392438701688,0.013494115421318623,0.019515670607766867,0.0,0.0,0.0,0.0,DESCRIPTIVE_ONLY,0.4409972833512836,0.3275410310405247,-0.1134562523107589,0.33319937629603436,0.0,0.0,0.4409972833512836,0.0
fixed_development_prediction,count,1-1,72441,65175,0.8996976850126309,65175,2430,850,511,"Raw W per selected current decision, not accumulated PA improvement",Individual95 fixed-score game-cluster normal; outside main multiplicity family,29188.0,16684.49762538347,2430.0,0.001161677633086935,0.2980915718284939,0.2874836808220906,0.2897800053072193,35987.0,22651.3244885025,2430.0,0.0011470497403710987,0.26637942816302906,0.26426685394156024,0.25019066229990083,0.29254834060317075,0.003800621792707497,0.285099258770606,0.2999974224357355,0.2656157004132336,0.003108970728062291,0.25952222975724226,0.271709171069225,-0.026932640189937213,0.004848997434205722,-0.036436500522107555,-0.01742877985776687,0.30154008438818564,0.0020552880483589754,0.29751179383554643,0.30556837494082484,0.3196616687418192,0.0023326678976351165,0.3150897236745616,0.32423361380907684,0.30154008438818564,0.0020552880483589754,0.29751179383554643,0.30556837494082484,0.01812158435363355,0.0011514194689902601,0.015864843663314407,0.02037832504395269,0.0,0.0,0.0,0.0,DESCRIPTIVE_ONLY,0.5521595703874185,0.5321672420406598,-0.01999232834675868,0.27202148062907555,0.0,0.0,0.5521595703874185,0.0
fixed_development_prediction,count,1-2,69595,61290,0.8806667145628277,48551,2430,828,511,"Raw W per selected current decision, not accumulated PA improvement",Individual95 fixed-score game-cluster normal; outside main multiplicity family,25853.0,12738.818753256664,2430.0,0.0014341478291690845,0.17700365567974588,0.1902836520135503,0.1976662167745663,35437.0,23047.883142823037,2430.0,0.0010686035850091297,0.17538232200614626,0.17584146420777685,0.1803763318958436,0.18900672560524506,0.002542692300110279,0.1840231402732616,0.19399031093722852,0.17492082269633738,0.0028954452952020117,0.1692458541985355,0.18059579119413927,-0.014085902908907702,0.003557030101913382,-0.021057553800582766,-0.007114252017232637,0.22548414096916297,0.00231813924264027,0.2209406715424391,0.23002761039588684,0.2599947544869867,0.0025895391086644577,0.25491935109744646,0.265070157876527,0.22548414096916297,0.00231813924264027,0.2209406715424391,0.23002761039588684,0.03451061351782375,0.0011542453074223971,0.03224833428595149,0.036772892749696015,0.0,0.0,0.0,0.0,DESCRIPTIVE_ONLY,0.5781856746614455,0.40370370370370373,-0.17448197095774182,0.2778267254038179,0.0,0.0,0.5781856746614455,0.0
fixed_development_prediction,count,2-0,23702,21101,0.8902624251118049,21101,2429,829,505,"Raw W per selected current decision, not accumulated PA improvement",Individual95 fixed-score game-cluster normal; outside main multiplicity family,11744.0,9291.102561441738,2404.0,0.0018423060672277311,0.41718952039860135,0.4184251966656036,0.42282125852643926,9357.0,6105.416316117124,2371.0,0.0016403981452402863,0.38321677498765777,0.3713050201124751,0.35912487026876544,0.42092387822061395,0.004828443535267523,0.41146030279010437,0.4303874536511235,0.37136463743518183,0.006610793270095773,0.35840772071655436,0.3843215541538093,-0.049559240785432064,0.008381179179356595,-0.06598605012494796,-0.033132431445916176,0.42078721387611956,0.0033886740970731216,0.41414553469051246,0.42742889306172666,0.4386002233785817,0.004117857921813982,0.43052937015837334,0.44667107659879,0.42078721387611956,0.0033886740970731216,0.41414553469051246,0.42742889306172666,0.017813009502462042,0.0026102847235534936,0.012696945454902103,0.02292907355002198,0.0,0.0,0.0,0.0,DESCRIPTIVE_ONLY,0.44343869958769727,0.36135728164541964,-0.08208141794227763,0.33154826785460406,0.0,0.0,0.44343869958769727,0.0
fixed_development_prediction,count,2-1,37395,33904,0.9066452734322771,33904,2430,838,510,"Raw W per selected current decision, not accumulated PA improvement",Individual95 fixed-score game-cluster normal; outside main multiplicity family,14103.0,7857.798142167488,2423.0,0.0017629087030257475,0.3708856126911233,0.35087228224481815,0.3639412157932813,19801.0,13120.027237580727,2430.0,0.0014453694881858858,0.29985954166157297,0.2983042588086084,0.29032470522066384,0.35814572592704,0.005436290729785583,0.3474907918871713,0.36880065996690875,0.2983406000198757,0.004191738479790128,0.2901249435668764,0.30655625647287504,-0.05980512590716426,0.006755704082446571,-0.07304606259896974,-0.04656418921535877,0.3562554860783388,0.002757857801566771,0.3508501841127851,0.36166078804389246,0.38580477942479613,0.003730382901415117,0.37849336328947847,0.3931161955601138,0.3562554860783388,0.002757857801566771,0.3508501841127851,0.36166078804389246,0.0295492933464573,0.0026142357958406992,0.024425485339514125,0.03467310135340047,0.0,0.0,0.0,0.0,DESCRIPTIVE_ONLY,0.5840313827277017,0.32689358187824447,-0.25713780084945725,0.36072439830108544,0.0,0.0,0.5840313827277017,0.0
fixed_development_prediction,count,2-2,59473,52747,0.8869066635279875,40025,2430,826,511,"Raw W per selected current decision, not accumulated PA improvement",Individual95 fixed-score game-cluster normal; outside main multiplicity family,19067.0,9214.67980947727,2429.0,0.0014619368918969125,0.21235182852943663,0.23100104818806738,0.251643668618171,33680.0,23469.49145256949,2430.0,0.0011177067458314194,0.21453021640184294,0.21434160641862365,0.20491401694094755,0.22948320333770073,0.002857199390396343,0.2238831954358741,0.23508321123952736,0.21322375454439432,0.0033258767213629687,0.20670515595350275,0.2197423531352859,-0.0162594487933064,0.0040110504107517785,-0.024120963138554476,-0.008397934448058324,0.2724573151079682,0.0027092145841372617,0.2671473520966685,0.27776727811926794,0.31720481911733167,0.00296407906465412,0.3113953309032804,0.3230143073313829,0.2724573151079682,0.0027092145841372617,0.2671473520966685,0.27776727811926794,0.04474750400936337,0.0013243612454656546,0.04215180366573008,0.047343204352996666,0.0,0.0,0.0,0.0,DESCRIPTIVE_ONLY,0.6385197262403549,0.4816766830341062,-0.1568430432062487,0.2724515138301704,0.0,0.0,0.6385197262403549,0.0
fixed_development_prediction,count,3-0,7320,5930,0.8101092896174863,5930,2214,742,474,"Raw W per selected current decision, not accumulated PA improvement",Individual95 fixed-score game-cluster normal; outside main multiplicity family,5265.0,5250.340242986778,2136.0,0.0017442949018614028,0.5417499360397239,0.5391318855733841,0.5187211830529566,665.0,591.4777746220565,568.0,0.006920457154242443,0.44376469231656346,0.4662253161708947,0.41251326514599945,0.5378762214352271,0.005370765196313184,0.527349715081032,0.5484027277894221,0.44415213098260736,0.02128279046183317,0.4024386281869018,0.48586563377831293,-0.0937240904526197,0.021947268576620785,-0.13673994642182408,-0.05070823448341532,0.5324330522765598,0.005337601541455924,0.5219715454914807,0.5428945590616389,0.558635675501191,0.017097238182724756,0.5251257044279474,0.5921456465744346,0.5324330522765598,0.005337601541455924,0.5219715454914807,0.5428945590616389,0.02620262322463121,0.015227838697236252,-0.0036433921843371728,0.056048638633599594,0.0,0.0,0.0,0.0,DESCRIPTIVE_ONLY,0.112141652613828,0.39662731871838114,0.28448566610455317,0.38701517706576727,0.0,0.0,0.112141652613828,0.0
fixed_development_prediction,count,3-1,15561,14152,0.9094531199794358,14151,2411,805,498,"Raw W per selected current decision, not accumulated PA improvement",Individual95 fixed-score game-cluster normal; outside main multiplicity family,6463.0,3909.019106746048,2217.0,0.0025902416330077006,0.5285711722176144,0.49181473945660265,0.49775975661763444,7689.0,4973.9258025399695,2312.0,0.0021484087436095087,0.3676612639748084,0.3785195098169699,0.3717108127093473,0.50087004482046,0.007297286768804548,0.48656762556874245,0.5151724640721776,0.3760639741986507,0.007060559239335579,0.3622255323788414,0.38990241601845993,-0.12480607062180935,0.010255489845755413,-0.14490646136330618,-0.10470567988031251,0.4722359383832673,0.0038934986042429404,0.4646048213450941,0.4798670554214404,0.5153408674770581,0.004797470275452812,0.5059379985202691,0.5247437364338471,0.4722359383832673,0.0038934986042429404,0.4646048213450941,0.4798670554214404,0.043104929093790705,0.003240630798774387,0.03675340944100164,0.04945644874657977,0.0,0.0,0.0,0.0,DESCRIPTIVE_ONLY,0.5433154324477105,0.37266817410966646,-0.17064725833804406,0.3269502543810062,0.0,0.0,0.5433154324477105,0.0
fixed_development_prediction,count,3-2,36202,32285,0.8918015579249765,23487,2430,818,507,"Raw W per selected current decision, not accumulated PA improvement",Individual95 fixed-score game-cluster normal; outside main multiplicity family,9739.0,4908.80593681701,2372.0,0.0019281737135338041,0.3108063227406044,0.33985021488212436,0.3908426340330805,22546.0,17102.215162425862,2428.0,0.0013786074419637924,0.2822683873055552,0.27919178459263083,0.2801439030292175,0.335263792244082,0.003557309945734295,0.3282915928685966,0.34223599161956736,0.27692653977012016,0.0043410123103943005,0.2684183119853023,0.285434767554938,-0.058337252473961806,0.005511791289788172,-0.0691401648922482,-0.04753434005567542,0.3777528263899644,0.0033523608878745057,0.37118231978654964,0.3843233329933791,0.463586519948141,0.0032999574922952125,0.45711872211272925,0.4700543177835527,0.3777528263899644,0.0033523608878745057,0.37118231978654964,0.3843233329933791,0.08583369355817659,0.0015582433473777092,0.08277959271816715,0.08888779439818603,0.0,0.0,0.0,0.0,DESCRIPTIVE_ONLY,0.6983428836921171,0.5925042589437819,-0.10583862474833516,0.2492488771875484,0.0,0.0,0.6983428836921171,0.0
fixed_development_prediction,cell,0-0|BOUNDARY|FB,29225,26849,0.918699743370402,26849,2430,780,507,"Raw W per selected current decision, not accumulated PA improvement",Individual95 fixed-score game-cluster normal; outside main multiplicity family,17036.0,16690.527469522312,2427.0,0.001102344171179354,0.2743940333005693,0.29068660816114017,0.2837301003882794,9813.0,9042.546315543657,2388.0,0.0013912421215162933,0.3380364994594065,0.30634996491640065,0.29223181053073527,0.29093424076451097,0.0036327343842698576,0.2838142122059418,0.29805426932308016,0.3085847707131131,0.005933771119671372,0.29695479302605327,0.3202147484001729,0.017650529948602087,0.006942236470989629,0.004043996493301973,0.031257063403902205,0.2976742522998994,0.0031112476735233726,0.29157631891280955,0.30377218568698927,0.3085847707131131,0.005933771119671372,0.29695479302605327,0.3202147484001729,0.2976742522998994,0.0031112476735233726,0.29157631891280955,0.30377218568698927,0.010910518413213617,0.0047902846539954295,0.0015217330156876638,0.02029930381073957,0.0,0.0,0.0,0.0,DESCRIPTIVE_ONLY,0.36548847256881073,1.0,0.6345115274311892,0.6345115274311892,0.0,0.0,0.36548847256881073,0.0
fixed_development_prediction,cell,0-0|BOUNDARY|NFB,17618,16223,0.9208196163015098,16223,2427,811,501,"Raw W per selected current decision, not accumulated PA improvement",Individual95 fixed-score game-cluster normal; outside main multiplicity family,10325.0,10097.850830553582,2394.0,0.0011699412868022452,0.27927234248713845,0.29545517252783804,0.28576969043905126,5898.0,5398.382794683346,2170.0,0.0017004387641501553,0.3281944214826082,0.2939222687742363,0.2810595323247775,0.29607369334929934,0.004613784279374205,0.2870308423292888,0.30511654436930985,0.2944035382482451,0.007905948536671904,0.27890816385274103,0.3098989126437492,-0.0016701551010542038,0.009086598790519852,-0.019479561472438324,0.01613925127032992,0.2955924304999076,0.003979237254958878,0.28779326879424816,0.303391592205567,0.29607369334929934,0.004613784279374205,0.2870308423292888,0.30511654436930985,0.2955924304999076,0.003979237254958878,0.28779326879424816,0.303391592205567,0.0004812628493917947,0.002951116246189977,-0.005302818707331599,0.0062653444061151874,0.0,0.0,0.0,0.0,DESCRIPTIVE_ONLY,0.36355791160697776,0.0,-0.36355791160697776,0.36355791160697776,0.0,0.0,0.36355791160697776,0.0
fixed_development_prediction,cell,0-0|INNER|FB,35798,32791,0.9160008939046874,32791,2430,784,509,"Raw W per selected current decision, not accumulated PA improvement",Individual95 fixed-score game-cluster normal; outside main multiplicity family,15810.0,15064.902654461273,2421.0,0.0012391922502421355,0.2854632862441971,0.2719871340963422,0.2629471334927799,16981.0,16394.09554167618,2423.0,0.0011968857581361359,0.32318336693517125,0.33680408842492676,0.3226812910499278,0.2746751401346027,0.004061402461331045,0.26671493758367154,0.28263534268553386,0.33575422005802485,0.004134202920898081,0.3276513312282843,0.3438571088877654,0.06107907992342216,0.005806759157723415,0.049698041107386126,0.07246011873945819,0.3062643408252264,0.0028458625029091156,0.3006865528145715,0.3118421288358813,0.33575422005802485,0.004134202920898081,0.3276513312282843,0.3438571088877654,0.3062643408252264,0.0028458625029091156,0.3006865528145715,0.3118421288358813,0.029489879232798444,0.00273242970318299,0.024134415424272315,0.03484534304132457,0.0,0.0,0.0,0.0,DESCRIPTIVE_ONLY,0.5178555091336038,1.0,0.4821444908663962,0.48214449086639627,0.0,0.0,0.5178555091336038,0.0
fixed_development_prediction,cell,0-0|INNER|NFB,20252,18549,0.9159095397985384,18549,2429,800,505,"Raw W per selected current decision, not accumulated PA improvement",Individual95 fixed-score game-cluster normal; outside main multiplicity family,10013.0,9663.3978717598,2376.0,0.0014120085283354873,0.26161476201531136,0.2717198228941716,0.264875440591221,8536.0,8051.466772161776,2346.0,0.001496829578965423,0.3568840902409111,0.3418367841437437,0.33571801552890107,0.27286526180808207,0.004972814832923121,0.26311872383376617,0.282611799782398,0.34094306644755934,0.006496772262569444,0.3282096267971644,0.35367650609795426,0.06807780463947723,0.008120332791377421,0.05216224482589788,0.08399336445305658,0.30533144643916116,0.0039779127446939394,0.29753488072591816,0.31312801215240416,0.34094306644755934,0.006496772262569444,0.3282096267971644,0.35367650609795426,0.30533144643916116,0.0039779127446939394,0.29753488072591816,0.31312801215240416,0.0356116200083982,0.004668913714295254,0.026460717281454375,0.04476252273534203,0.0,0.0,0.0,0.0,DESCRIPTIVE_ONLY,0.4601865329667367,1.0,0.5398134670332633,0.5398134670332633,0.0,0.0,0.4601865329667367,0.0
fixed_development_prediction,cell,0-0|MISSING|UNCLASSIFIED,73,0,0.0,0,0,0,0,"Raw W per selected current decision, not accumulated PA improvement",Individual95 fixed-score game-cluster normal; outside main multiplicity family,,,,,,,,,,,,,,,,,,,,,,,,,,,,,,,,,,,,,,,,,,,,,,,NO_COMMON_SUPPORT,,,,,,,,
fixed_development_prediction,cell,0-0|OUT|FB,44989,35115,0.7805241281202072,35115,2430,790,508,"Raw W per selected current decision, not accumulated PA improvement",Individual95 fixed-score game-cluster normal; outside main multiplicity family,29703.0,29444.88840814635,2430.0,0.0010681494356466837,0.3484185870516037,0.3489325567543473,0.3395121850146389,5412.0,4371.609875806474,2134.0,0.0022800727699723374,0.24664008323339126,0.2652307369752968,0.24925721190874134,0.3483537971454925,0.0029644680264239234,0.3425435465803811,0.35416404771060395,0.26248579214637996,0.0068032997191470905,0.2491515697208202,0.2758200145719397,-0.08586800499911261,0.007448334938123827,-0.10046647322262668,-0.07126953677559854,0.3378076035882101,0.0027050461518186956,0.3325058105541268,0.3431093966222934,0.3483537971454925,0.0029644680264239234,0.3425435465803811,0.35416404771060395,0.3378076035882101,0.0027050461518186956,0.3325058105541268,0.3431093966222934,0.010546193557282375,0.0011579302891244982,0.008276691893990308,0.012815695220574443,0.0,0.0,0.0,0.0,DESCRIPTIVE_ONLY,0.15412217001281503,0.0,-0.15412217001281503,0.15412217001281503,0.0,0.0,0.15412217001281503,0.0
fixed_development_prediction,cell,0-0|OUT|NFB,35012,27849,0.795413001256712,27849,2429,840,507,"Raw W per selected current decision, not accumulated PA improvement",Individual95 fixed-score game-cluster normal; outside main multiplicity family,22554.0,22156.880005953586,2428.0,0.001182645173304108,0.36248685928570834,0.3616257534124295,0.3433865121728807,5295.0,3850.576196312219,2115.0,0.0025727624416695895,0.26580706563636075,0.269141607744499,0.2632027712882504,0.36189512606256163,0.0036596913134652456,0.3547222628936357,0.3690679892314876,0.27517651337827737,0.007763774618014966,0.25995979474288183,0.2903932320136729,-0.08671861268428425,0.00849213397934381,-0.10336288943568693,-0.07007433593288158,0.34446676720887637,0.003221927199209686,0.33815190593761535,0.3507816284801374,0.36189512606256163,0.0036596913134652456,0.3547222628936357,0.3690679892314876,0.34446676720887637,0.003221927199209686,0.33815190593761535,0.3507816284801374,0.017428358853685214,0.0015094622622849384,0.014469867183584383,0.020386850523786047,0.0,0.0,0.0,0.0,DESCRIPTIVE_ONLY,0.1901325002693095,0.0,-0.1901325002693095,0.1901325002693095,0.0,0.0,0.1901325002693095,0.0
fixed_development_prediction,cell,0-1|BOUNDARY|FB,11994,10969,0.9145406036351509,10969,2384,744,501,"Raw W per selected current decision, not accumulated PA improvement",Individual95 fixed-score game-cluster normal; outside main multiplicity family,4054.0,3746.0309136248293,1946.0,0.0022556816222594925,0.25618382116426386,0.2424233650924718,0.24289627827499558,6915.0,6766.237919565327,2265.0,0.0014715502941710626,0.24559915433515095,0.2555117519506007,0.24086611134980926,0.2433761177511865,0.007880266230874481,0.22793107975008534,0.2588211557522877,0.25516375682021314,0.005744598594418755,0.24390455046951295,0.2664229631709133,0.01178763906902662,0.009669267282019695,-0.007163776560623475,0.030739054698676715,0.25215124441608167,0.004633636041866241,0.24306948465655712,0.26123300417560624,0.2433761177511865,0.007880266230874481,0.22793107975008534,0.2588211557522877,0.25215124441608167,0.004633636041866241,0.24306948465655712,0.26123300417560624,-0.008775126664895152,0.006462611775808147,-0.02144161299154356,0.003891359661753255,0.0,0.0,0.0,0.0,DESCRIPTIVE_ONLY,0.6304129820402954,0.0,-0.6304129820402954,0.6304129820402954,0.0,0.0,0.6304129820402954,0.0
fixed_development_prediction,cell,0-1|BOUNDARY|NFB,9893,9044,0.914181744667947,9044,2368,752,493,"Raw W per selected current decision, not accumulated PA improvement",Individual95 fixed-score game-cluster normal; outside main multiplicity family,2995.0,2703.529171425004,1702.0,0.0022918768631987807,0.28976752375357984,0.24555773920838764,0.2341505943450232,6049.0,5958.226188190458,2205.0,0.0016104047957133806,0.23884253623840163,0.25731907080509925,0.24374055167875713,0.24917922267158593,0.010611538986792969,0.22838098843692906,0.2699774569062428,0.25496466501862813,0.0059210785723577365,0.24335956426717514,0.2665697657700811,0.005785442347042143,0.012179462254665627,-0.018085865023167485,0.02965674971725177,0.254859133126935,0.005161036044542884,0.24474368835671786,0.26497457789715206,0.25496466501862813,0.0059210785723577365,0.24335956426717514,0.2665697657700811,0.254859133126935,0.005161036044542884,0.24474368835671786,0.26497457789715206,0.00010553189169310041,0.0034241369564393777,-0.0066056532210606745,0.006816717004446875,0.0,0.0,0.0,0.0,DESCRIPTIVE_ONLY,0.6688412206988058,1.0,0.3311587793011942,0.33115877930119414,0.0,0.0,0.6688412206988058,0.0
fixed_development_prediction,cell,0-1|INNER|FB,13136,11995,0.9131394640682094,11995,2404,743,502,"Raw W per selected current decision, not accumulated PA improvement",Individual95 fixed-score game-cluster normal; outside main multiplicity family,2320.0,2082.713215888477,1478.0,0.0029263003442365192,0.23988767384064882,0.19936996820061548,0.2065266863946691,9675.0,9635.669792279155,2369.0,0.0014595017127430091,0.27225493542168405,0.2839183124640341,0.2750043186269188,0.20362023020176734,0.011087597976720045,0.1818889374923369,0.22535152291119778,0.2832973858392779,0.005058995746633758,0.2733819363779344,0.29321283530062137,0.07967715563751056,0.012207355624584644,0.055751178266852205,0.10360313300816891,0.26662584410170903,0.004537079035802155,0.2577333325965251,0.275518355606893,0.2832973858392779,0.005058995746633758,0.2733819363779344,0.29321283530062137,0.26662584410170903,0.004537079035802155,0.2577333325965251,0.275518355606893,0.016671541737568858,0.0019090740461729571,0.012929825363249707,0.02041325811188801,0.0,0.0,0.0,0.0,DESCRIPTIVE_ONLY,0.8065860775323052,1.0,0.19341392246769484,0.19341392246769487,0.0,0.0,0.8065860775323052,0.0
fixed_development_prediction,cell,0-1|INNER|NFB,9520,8689,0.9127100840336134,8689,2352,742,496,"Raw W per selected current decision, not accumulated PA improvement",Individual95 fixed-score game-cluster normal; outside main multiplicity family,1597.0,1421.103652755523,1138.0,0.00395199986029653,0.2377657676532771,0.21275856895021036,0.20984190762599875,7092.0,7056.622434665906,2294.0,0.0014705971730107111,0.29399395292488556,0.3015003833527717,0.28944058515580073,0.2158723170697984,0.0136174131082262,0.18918267781507142,0.24256195632452537,0.300474707331269,0.006431994389518832,0.28786822997904843,0.3130811846834896,0.08460239026147065,0.015014402207068296,0.0551747026862181,0.1140300778367232,0.2852823109678905,0.0058102585051047016,0.2738944135570177,0.29667020837876323,0.300474707331269,0.006431994389518832,0.28786822997904843,0.3130811846834896,0.2852823109678905,0.0058102585051047016,0.2738944135570177,0.29667020837876323,0.015192396363378605,0.0023292111477311544,0.01062722640143634,0.01975756632532087,0.0,0.0,0.0,0.0,DESCRIPTIVE_ONLY,0.8162043963632178,1.0,0.18379560363678216,0.18379560363678213,0.0,0.0,0.8162043963632178,0.0
fixed_development_prediction,cell,0-1|MISSING|UNCLASSIFIED,35,0,0.0,0,0,0,0,"Raw W per selected current decision, not accumulated PA improvement",Individual95 fixed-score game-cluster normal; outside main multiplicity family,,,,,,,,,,,,,,,,,,,,,,,,,,,,,,,,,,,,,,,,,,,,,,,NO_COMMON_SUPPORT,,,,,,,,
fixed_development_prediction,cell,0-1|OUT|FB,21738,18778,0.8638329193118042,18778,2427,764,503,"Raw W per selected current decision, not accumulated PA improvement",Individual95 fixed-score game-cluster normal; outside main multiplicity family,14015.0,13709.058487440541,2419.0,0.0010859331664026912,0.28673466605748565,0.30382838640338644,0.28143290931327053,4763.0,3790.6358436809132,2072.0,0.002363507719137049,0.22082904918222115,0.21083899673758888,0.20652816496339627,0.30095265577539815,0.004030686020213711,0.2930526563427902,0.3088526552080061,0.20925061574817155,0.007411368658334958,0.1947246001016861,0.223776631394657,-0.09170204002722657,0.008562295453040207,-0.10848383074017644,-0.0749202493142767,0.28249792310150174,0.0035433953308755995,0.27555299586999815,0.2894428503330053,0.30095265577539815,0.004030686020213711,0.2930526563427902,0.3088526552080061,0.28249792310150174,0.0035433953308755995,0.27555299586999815,0.2894428503330053,0.01845473267389637,0.0019166322405467292,0.014698202510816473,0.02221126283697627,0.0,0.0,0.0,0.0,DESCRIPTIVE_ONLY,0.2536478858238364,0.0,-0.2536478858238364,0.2536478858238364,0.0,0.0,0.2536478858238364,0.0
fixed_development_prediction,cell,0-1|OUT|NFB,26620,22836,0.8578512396694215,22836,2430,824,508,"Raw W per selected current decision, not accumulated PA improvement",Individual95 fixed-score game-cluster normal; outside main multiplicity family,15949.0,15223.314039684508,2426.0,0.0012631563394191558,0.28884739882529864,0.29969029227408855,0.293939949958203,6887.0,4801.914261117851,2262.0,0.0021400797025713496,0.21127404387252613,0.20491087353047582,0.19983348462940975,0.29828076516107643,0.003938338676489181,0.2905617631962365,0.30599976712591637,0.20741511322432088,0.006425023239848557,0.19482229907438486,0.2200079273742569,-0.09086565193675554,0.007509631185663233,-0.1055842585978343,-0.07614704527567678,0.2724375109476265,0.003224333860552785,0.26611793270681006,0.278757089188443,0.29828076516107643,0.003938338676489181,0.2905617631962365,0.30599976712591637,0.2724375109476265,0.003224333860552785,0.26611793270681006,0.278757089188443,0.025843254213449893,0.002081310246510761,0.02176396108963462,0.029922547337265164,0.0,0.0,0.0,0.0,DESCRIPTIVE_ONLY,0.3015852163251007,0.0,-0.3015852163251007,0.3015852163251007,0.0,0.0,0.3015852163251007,0.0
fixed_development_prediction,cell,0-2|BOUNDARY|FB,4721,4306,0.9120948951493327,4145,1920,643,477,"Raw W per selected current decision, not accumulated PA improvement",Individual95 fixed-score game-cluster normal; outside main multiplicity family,1000.0,896.4197317183427,803.0,0.004122755076517301,0.11060241732463334,0.09944573698852716,0.1275735913080785,3306.0,3279.7884307508402,1707.0,0.0027165866303388193,0.2061630050034094,0.21474422947054841,0.19882008433895482,0.10074022506290709,0.01237658166772213,0.07648257074245304,0.12499787938336113,0.21460302138330503,0.007981450406229735,0.19895966604270218,0.23024637672390788,0.11386279632039795,0.01464633497879937,0.08515650725644197,0.14256908538435392,0.19053135160241524,0.006989491604909855,0.17683219978654688,0.2042305034182836,0.21460302138330503,0.007981450406229735,0.19895966604270218,0.23024637672390788,0.19053135160241524,0.006989491604909855,0.17683219978654688,0.2042305034182836,0.0240716697808898,0.003274039665167196,0.017654669953206522,0.03048866960857308,0.0,0.0,0.0,0.0,DESCRIPTIVE_ONLY,0.7677659080352995,1.0,0.23223409196470046,0.2322340919647004,0.0,0.0,0.7677659080352995,0.0
fixed_development_prediction,cell,0-2|BOUNDARY|NFB,4184,3793,0.9065487571701721,3676,1900,657,472,"Raw W per selected current decision, not accumulated PA improvement",Individual95 fixed-score game-cluster normal; outside main multiplicity family,552.0,484.2818221803921,478.0,0.008650707906223186,0.09429627865961682,0.0955058515176043,0.13219579436813278,3241.0,3225.7510757554614,1780.0,0.0024395954242193746,0.22626524681916693,0.22492480871786558,0.20970011680155717,0.0988858381552293,0.014060113143146171,0.07132852277610456,0.12644315353435406,0.2240757162630662,0.008533392435077133,0.20735057442436847,0.2408008581017639,0.12518987810783688,0.016432284020386056,0.09298319324414718,0.1573965629715266,0.20826838913788556,0.007617305044569906,0.1933387455912733,0.22319803268449784,0.2240757162630662,0.008533392435077133,0.20735057442436847,0.2408008581017639,0.20826838913788556,0.007617305044569906,0.1933387455912733,0.22319803268449784,0.015807327125180622,0.002446548102282263,0.01101218095826257,0.020602473292098675,0.0,0.0,0.0,0.0,DESCRIPTIVE_ONLY,0.854468758238861,1.0,0.14553124176113896,0.14553124176113894,0.0,0.0,0.854468758238861,0.0
fixed_development_prediction,cell,0-2|INNER|FB,4545,4035,0.8877887788778878,3845,1911,636,479,"Raw W per selected current decision, not accumulated PA improvement",Individual95 fixed-score game-cluster normal; outside main multiplicity family,426.0,382.1545662867944,394.0,0.007858009241678336,0.005969087957773329,0.0061252336779102625,0.08488407284440797,3609.0,3602.1291517980785,1813.0,0.0021700271008849056,0.2585795546120193,0.25783155583326217,0.2502376096756708,0.01354372918370842,0.0052080114012743985,0.0033362144061366214,0.023751243961280217,0.2577081858386081,0.008671317327756603,0.24071271617768708,0.27470365549952913,0.24416445665489966,0.010196063092008028,0.22418054021046582,0.2641483730993335,0.23166864931846343,0.007817655999909023,0.21634632511511828,0.24699097352180857,0.2577081858386081,0.008671317327756603,0.24071271617768708,0.27470365549952913,0.23166864931846343,0.007817655999909023,0.21634632511511828,0.24699097352180857,0.026039536520144627,0.0016567021139250978,0.022792460043740064,0.02928661299654919,0.0,0.0,0.0,0.0,DESCRIPTIVE_ONLY,0.8944237918215613,1.0,0.10557620817843871,0.10557620817843866,0.0,0.0,0.8944237918215613,0.0
fixed_development_prediction,cell,0-2|INNER|NFB,3624,2996,0.826710816777042,2901,1635,614,455,"Raw W per selected current decision, not accumulated PA improvement",Individual95 fixed-score game-cluster normal; outside main multiplicity family,182.0,164.52727694966575,175.0,0.017081250937859862,0.004218442753870005,0.006427214363162629,0.1054368452209933,2814.0,2809.795601773041,1588.0,0.0038995976162741596,0.28790266962005384,0.27702797865200285,0.2567774087151887,0.04498322125824961,0.005813628245049441,0.033588719278447914,0.05637772323805131,0.2772472158509341,0.010515953076456834,0.25663632655796553,0.29785810514390265,0.23226399459268451,0.012031690733815175,0.2086823140812825,0.25584567510408657,0.26131475300400536,0.009600485451604527,0.24249814728475974,0.280131358723251,0.2772472158509341,0.010515953076456834,0.25663632655796553,0.29785810514390265,0.26131475300400536,0.009600485451604527,0.24249814728475974,0.280131358723251,0.01593246284692878,0.0015610098474702749,0.012872939766374677,0.018991985927482878,0.0,0.0,0.0,0.0,DESCRIPTIVE_ONLY,0.9392523364485982,1.0,0.06074766355140182,0.06074766355140187,0.0,0.0,0.9392523364485982,0.0
fixed_development_prediction,cell,0-2|MISSING|UNCLASSIFIED,19,0,0.0,0,0,0,0,"Raw W per selected current decision, not accumulated PA improvement",Individual95 fixed-score game-cluster normal; outside main multiplicity family,,,,,,,,,,,,,,,,,,,,,,,,,,,,,,,,,,,,,,,,,,,,,,,NO_COMMON_SUPPORT,,,,,,,,
fixed_development_prediction,cell,0-2|OUT|FB,12536,10905,0.8698947032546267,10525,2384,738,499,"Raw W per selected current decision, not accumulated PA improvement",Individual95 fixed-score game-cluster normal; outside main multiplicity family,7460.0,7151.564083442639,2290.0,0.0015053763740590295,0.21683800711458137,0.23667157811148457,0.21300650346579603,3445.0,2714.042187467525,1753.0,0.002830537881767423,0.13435059161094004,0.13638410101009352,0.14865906868424325,0.23315412947998918,0.00499343903667566,0.2233671688091085,0.24294109015086984,0.13458221430036313,0.006827192411477934,0.12120116305834122,0.14796326554238504,-0.09857191517962607,0.008126075854739295,-0.11449873119055562,-0.08264509916869653,0.21006620816139385,0.004456431329460635,0.20133176325607505,0.21880065306671265,0.23315412947998918,0.00499343903667566,0.2233671688091085,0.24294109015086984,0.21006620816139385,0.004456431329460635,0.20133176325607505,0.21880065306671265,0.02308792131859532,0.002571985748244827,0.01804692188328516,0.02812892075390548,0.0,0.0,0.0,0.0,DESCRIPTIVE_ONLY,0.3159101329665291,0.0,-0.3159101329665291,0.3159101329665291,0.0,0.0,0.3159101329665291,0.0
fixed_development_prediction,cell,0-2|OUT|NFB,19123,16391,0.8571353867071067,15718,2423,785,503,"Raw W per selected current decision, not accumulated PA improvement",Individual95 fixed-score game-cluster normal; outside main multiplicity family,10458.0,9615.184580967842,2388.0,0.0013009877350128487,0.2041499471272317,0.21906904505843844,0.2202761531726427,5933.0,3973.2894794274093,2173.0,0.002377020810952984,0.102530827621812,0.09807670281469928,0.10507147973302809,0.21656299946396013,0.004249735887522774,0.20823367018060812,0.22489232874731213,0.09933991782552504,0.004250300772589169,0.0910094813877875,0.10767035426326257,-0.11722308163843509,0.005778172888998059,-0.12854809239731704,-0.10589807087955314,0.18688871941919344,0.003467859351080254,0.1800918399876257,0.19368559885076117,0.21656299946396013,0.004249735887522774,0.20823367018060812,0.22489232874731213,0.18688871941919344,0.003467859351080254,0.1800918399876257,0.19368559885076117,0.02967428004476665,0.002480953448640349,0.024811700638111125,0.034536859451422174,0.0,0.0,0.0,0.0,DESCRIPTIVE_ONLY,0.3619669330730279,0.0,-0.3619669330730279,0.3619669330730279,0.0,0.0,0.3619669330730279,0.0
fixed_development_prediction,cell,1-0|BOUNDARY|FB,11239,10345,0.9204555565441765,10345,2381,751,497,"Raw W per selected current decision, not accumulated PA improvement",Individual95 fixed-score game-cluster normal; outside main multiplicity family,5345.0,5116.304341157259,2147.0,0.001776527848630009,0.3246941492566238,0.3296705121050221,0.320408286826466,5000.0,4764.139775166556,2061.0,0.0020258419155233876,0.32494797598716857,0.325835004908016,0.31419664951783033,0.3299843712357669,0.007172028105107953,0.3159274544536463,0.3440412880178875,0.3250005284659865,0.007541356859142338,0.3102197406275034,0.33978131630446956,-0.004983842769780345,0.0103556116228633,-0.02528046858847679,0.015312783048916097,0.3295001449975834,0.005165048189800593,0.3193768365671604,0.33962345342800637,0.3299843712357669,0.007172028105107953,0.3159274544536463,0.3440412880178875,0.3295001449975834,0.005165048189800593,0.3193768365671604,0.33962345342800637,0.0004842262381835132,0.005081864228077272,-0.00947604462317038,0.010444497099537407,0.0,0.0,0.0,0.0,DESCRIPTIVE_ONLY,0.4833252779120348,0.0,-0.4833252779120348,0.4833252779120348,0.0,0.0,0.4833252779120348,0.0
fixed_development_prediction,cell,1-0|BOUNDARY|NFB,6945,6426,0.9252699784017279,6426,2241,725,484,"Raw W per selected current decision, not accumulated PA improvement",Individual95 fixed-score game-cluster normal; outside main multiplicity family,3259.0,3115.063380577305,1768.0,0.0020527480333874613,0.3218411470603107,0.32301126773991096,0.3273814710677657,3167.0,3015.0171642701384,1752.0,0.0024468473520449672,0.31644031191476685,0.3149555969722684,0.30251130129623494,0.32469366487194895,0.008953859160244,0.3071444233952267,0.3422429063486712,0.31361663889936336,0.009761513146855218,0.2944844246969129,0.33274885310181385,-0.011077025972585575,0.013271079906270628,-0.0370878646248292,0.014933812679658046,0.3204779022720199,0.006450876350915476,0.3078344169555044,0.3331213875885354,0.32469366487194895,0.008953859160244,0.3071444233952267,0.3422429063486712,0.3204779022720199,0.006450876350915476,0.3078344169555044,0.3331213875885354,0.0042157625999290575,0.00674484412209772,-0.00900388896071915,0.017435414160577263,0.0,0.0,0.0,0.0,DESCRIPTIVE_ONLY,0.4928415810768752,0.0,-0.4928415810768752,0.4928415810768752,0.0,0.0,0.4928415810768752,0.0
fixed_development_prediction,cell,1-0|INNER|FB,14222,13069,0.9189284207565743,13069,2408,765,504,"Raw W per selected current decision, not accumulated PA improvement",Individual95 fixed-score game-cluster normal; outside main multiplicity family,4046.0,3702.7654860015587,1929.0,0.0022432567488284393,0.3521802842741099,0.30064369348703046,0.2923906840967368,9023.0,8919.960103531774,2350.0,0.0018208172123862368,0.34922146830541145,0.37213471817978944,0.34783508225394844,0.3045298480610023,0.009713294953150788,0.2854921397816121,0.3235675563403925,0.3701328613617059,0.0057574793838058086,0.35884840912771465,0.3814173135956972,0.06560301330070366,0.011379877689890083,0.043298862880048236,0.08790716372135908,0.35159377152039173,0.004919882465164784,0.3419509790804986,0.36123656396028486,0.3701328613617059,0.0057574793838058086,0.35884840912771465,0.3814173135956972,0.35159377152039173,0.004919882465164784,0.3419509790804986,0.36123656396028486,0.01853908984131417,0.0029898688297424567,0.012679054616520037,0.0243991250661083,0.0,0.0,0.0,0.0,DESCRIPTIVE_ONLY,0.690412426352437,1.0,0.30958757364756295,0.30958757364756295,0.0,0.0,0.690412426352437,0.0
fixed_development_prediction,cell,1-0|INNER|NFB,7888,7307,0.9263438133874239,7307,2276,721,484,"Raw W per selected current decision, not accumulated PA improvement",Individual95 fixed-score game-cluster normal; outside main multiplicity family,2789.0,2593.2535596732837,1662.0,0.0031221638086415,0.3409107919505105,0.3155825520814479,0.2936738212393655,4518.0,4418.445779247577,2004.0,0.002532916279763778,0.3451623083896157,0.3608640862263582,0.3451034354113676,0.3205607735668911,0.0105064119765283,0.2999685844861554,0.34115296264762685,0.35911302184010574,0.00823365196787847,0.3429753605218266,0.3752506831583849,0.03855224827321465,0.013132293907090819,0.01281342518092186,0.06429107136550744,0.34606131107157523,0.006475434810362106,0.33336969205902856,0.3587529300841219,0.35911302184010574,0.00823365196787847,0.3429753605218266,0.3752506831583849,0.34606131107157523,0.006475434810362106,0.33336969205902856,0.3587529300841219,0.013051710768530525,0.004641700791294988,0.003954144390581281,0.022149277146479768,0.0,0.0,0.0,0.0,DESCRIPTIVE_ONLY,0.6183112084302723,1.0,0.3816887915697277,0.3816887915697277,0.0,0.0,0.6183112084302723,0.0
fixed_development_prediction,cell,1-0|MISSING|UNCLASSIFIED,27,0,0.0,0,0,0,0,"Raw W per selected current decision, not accumulated PA improvement",Individual95 fixed-score game-cluster normal; outside main multiplicity family,,,,,,,,,,,,,,,,,,,,,,,,,,,,,,,,,,,,,,,,,,,,,,,NO_COMMON_SUPPORT,,,,,,,,
fixed_development_prediction,cell,1-0|OUT|FB,16138,13528,0.8382699219234105,13528,2414,765,500,"Raw W per selected current decision, not accumulated PA improvement",Individual95 fixed-score game-cluster normal; outside main multiplicity family,10764.0,10623.581975010751,2387.0,0.0013702679472123744,0.39774428827396274,0.4105355254124575,0.4001207588284481,2764.0,2185.824356673463,1606.0,0.002749560129295192,0.2813221418174766,0.2760925554263271,0.28273273761900175,0.408912372847147,0.004625862211180646,0.3998458495157881,0.41797889617850587,0.27204339050845844,0.010215374775934215,0.25202162385904847,0.2920651571578684,-0.13686898233868852,0.011286032652056573,-0.15898919986506246,-0.11474876481231458,0.3859647397989355,0.004245769233420712,0.37764318501476263,0.3942862945831083,0.408912372847147,0.004625862211180646,0.3998458495157881,0.41797889617850587,0.3859647397989355,0.004245769233420712,0.37764318501476263,0.3942862945831083,0.022947633048211444,0.002210212558821202,0.01861569603474377,0.027279570061679116,0.0,0.0,0.0,0.0,DESCRIPTIVE_ONLY,0.2043169722057954,0.0,-0.2043169722057954,0.2043169722057954,0.0,0.0,0.2043169722057954,0.0
fixed_development_prediction,cell,1-0|OUT|NFB,13582,11534,0.8492121926078634,11534,2399,782,496,"Raw W per selected current decision, not accumulated PA improvement",Individual95 fixed-score game-cluster normal; outside main multiplicity family,8572.0,8349.402611446216,2345.0,0.0013466346269352825,0.4045852281128807,0.4199514977552309,0.4151723705134249,2962.0,2154.470077172397,1674.0,0.003369773063790635,0.3288578407754496,0.30178923863491963,0.2758105209265877,0.4192609921139713,0.005261634308249407,0.4089483783699821,0.42957360585796045,0.30854658899988735,0.011908289518938433,0.28520677042529224,0.33188640757448246,-0.110714403114084,0.012968881799176546,-0.13613294436022705,-0.08529586186794096,0.38921406277093806,0.004680137008418518,0.38004116279172473,0.3983869627501514,0.4192609921139713,0.005261634308249407,0.4089483783699821,0.42957360585796045,0.38921406277093806,0.004680137008418518,0.38004116279172473,0.3983869627501514,0.030046929343033227,0.0027620253599294946,0.024633459113185138,0.035460399572881315,0.0,0.0,0.0,0.0,DESCRIPTIVE_ONLY,0.2568059649731229,0.0,-0.2568059649731229,0.2568059649731229,0.0,0.0,0.2568059649731229,0.0
fixed_development_prediction,cell,1-1|BOUNDARY|FB,9631,8892,0.9232686117744783,8892,2363,731,493,"Raw W per selected current decision, not accumulated PA improvement",Individual95 fixed-score game-cluster normal; outside main multiplicity family,3081.0,2842.545637049745,1745.0,0.0024074918540879548,0.2892687803132305,0.2636341955690156,0.26093097071470767,5811.0,5702.645406493879,2184.0,0.0014843634856696966,0.25843848214778,0.2725881589075911,0.2621596728462996,0.26442098855184243,0.009361562355661168,0.2460726634957206,0.28276931360796426,0.27161959148203907,0.0061583013862098,0.25954954255912477,0.28368964040495337,0.00719860293019669,0.0111002083794785,-0.01455740571447088,0.02895461157486426,0.27483378317588847,0.005196490145354762,0.2646488496449758,0.2850187167068011,0.27161959148203907,0.0061583013862098,0.25954954255912477,0.28368964040495337,0.27483378317588847,0.005196490145354762,0.2646488496449758,0.2850187167068011,-0.003214191693849375,0.003533172108512347,-0.010139081777715017,0.0037106983900162672,0.0,0.0,0.0,0.0,DESCRIPTIVE_ONLY,0.6535087719298246,1.0,0.3464912280701754,0.34649122807017546,0.0,0.0,0.6535087719298246,0.0
fixed_development_prediction,cell,1-1|BOUNDARY|NFB,8215,7516,0.9149117468046257,7516,2300,740,490,"Raw W per selected current decision, not accumulated PA improvement",Individual95 fixed-score game-cluster normal; outside main multiplicity family,2178.0,1973.046708628817,1416.0,0.003418734638362585,0.2815406850318627,0.2565293162420134,0.26041953327467066,5338.0,5256.838715210784,2117.0,0.001939445321239361,0.2645156187981268,0.2732734656292844,0.2590851549941554,0.25789389700556364,0.011416217035831486,0.23551852277564134,0.28026927123548595,0.27147263495387974,0.006527661335591824,0.25867865383284516,0.2842666160749143,0.013578737948316065,0.01327456184634763,-0.012438925181074808,0.03959640107770694,0.2722668972857903,0.00556690493434417,0.2613559641091174,0.2831778304624632,0.27147263495387974,0.006527661335591824,0.25867865383284516,0.2842666160749143,0.2722668972857903,0.00556690493434417,0.2613559641091174,0.2831778304624632,-0.0007942623319105944,0.0035097396645092874,-0.0076732256694604884,0.0060847010056393,0.0,0.0,0.0,0.0,DESCRIPTIVE_ONLY,0.7102182011708356,1.0,0.28978179882916444,0.28978179882916444,0.0,0.0,0.7102182011708356,0.0
fixed_development_prediction,cell,1-1|INNER|FB,11319,10388,0.9177489177489178,10388,2400,737,496,"Raw W per selected current decision, not accumulated PA improvement",Individual95 fixed-score game-cluster normal; outside main multiplicity family,1606.0,1435.553370155407,1171.0,0.003540171524818117,0.2377570817182127,0.21596215464331697,0.23777901148502648,8782.0,8755.730888123522,2360.0,0.0013539304236473888,0.3137214938484368,0.32050584243935437,0.293196896309466,0.2189055062107581,0.01331053731226381,0.19281733246384447,0.24499367995767174,0.31933204920785807,0.005719262544306189,0.30812250060288904,0.3305415978128271,0.1004265429971,0.01447385758973216,0.07205830340386325,0.12879478259033672,0.30426684636118595,0.00524756749902351,0.29398180305665694,0.31455188966571496,0.31933204920785807,0.005719262544306189,0.30812250060288904,0.3305415978128271,0.30426684636118595,0.00524756749902351,0.29398180305665694,0.31455188966571496,0.015065202846672104,0.0019463493660335565,0.011250428187913967,0.018879977505430242,0.0,0.0,0.0,0.0,DESCRIPTIVE_ONLY,0.8453985367731999,1.0,0.15460146322680013,0.15460146322680016,0.0,0.0,0.8453985367731999,0.0
fixed_development_prediction,cell,1-1|INNER|NFB,8595,7888,0.9177428737638161,7888,2318,750,489,"Raw W per selected current decision, not accumulated PA improvement",Individual95 fixed-score game-cluster normal; outside main multiplicity family,1348.0,1196.6874554020408,1010.0,0.00450812848912359,0.2741925579974239,0.23082372286271988,0.22671462242975396,6540.0,6515.021082753582,2250.0,0.001402159019134837,0.29860451738787247,0.3085455106335176,0.3080949424510425,0.23695286668782292,0.01572060587005345,0.2061410453673692,0.26776468800827663,0.30766945658484157,0.006533467710323347,0.29486409517845247,0.3204748179912307,0.07071658989701866,0.017123610923724913,0.037154929201241194,0.10427825059279613,0.29515365111561864,0.00598539101502319,0.28342250029278354,0.30688480193845374,0.30766945658484157,0.006533467710323347,0.29486409517845247,0.3204748179912307,0.29515365111561864,0.00598539101502319,0.28342250029278354,0.30688480193845374,0.012515805469222931,0.002357932664719035,0.007894342368403064,0.0171372685700428,0.0,0.0,0.0,0.0,DESCRIPTIVE_ONLY,0.829107505070994,1.0,0.17089249492900604,0.17089249492900607,0.0,0.0,0.829107505070994,0.0
fixed_development_prediction,cell,1-1|MISSING|UNCLASSIFIED,25,0,0.0,0,0,0,0,"Raw W per selected current decision, not accumulated PA improvement",Individual95 fixed-score game-cluster normal; outside main multiplicity family,,,,,,,,,,,,,,,,,,,,,,,,,,,,,,,,,,,,,,,,,,,,,,,NO_COMMON_SUPPORT,,,,,,,,
fixed_development_prediction,cell,1-1|OUT|FB,15695,13918,0.8867792290538388,13918,2414,765,501,"Raw W per selected current decision, not accumulated PA improvement",Individual95 fixed-score game-cluster normal; outside main multiplicity family,9949.0,9692.161602252287,2374.0,0.0014151822385612036,0.3301953795808047,0.3541679798151793,0.33599570632508663,3969.0,3145.7763134651796,1932.0,0.002814796485504703,0.2606111154918554,0.24298790669618808,0.22078982058087335,0.35089358462917436,0.004780750385287809,0.34152348605493427,0.36026368320341445,0.24288451758325352,0.008951961572301322,0.22533899531055637,0.26043003985595065,-0.10800906704592085,0.010013225558160763,-0.12763462850899193,-0.08838350558284978,0.32477755424629967,0.004272285000881024,0.3164040295128822,0.33315107897971713,0.35089358462917436,0.004780750385287809,0.34152348605493427,0.36026368320341445,0.32477755424629967,0.004272285000881024,0.3164040295128822,0.33315107897971713,0.02611603038287463,0.0024941990191964442,0.021227490134974474,0.031004570630774785,0.0,0.0,0.0,0.0,DESCRIPTIVE_ONLY,0.2851702830866504,0.0,-0.2851702830866504,0.2851702830866504,0.0,0.0,0.2851702830866504,0.0
fixed_development_prediction,cell,1-1|OUT|NFB,18961,16573,0.8740572754601551,16573,2429,811,503,"Raw W per selected current decision, not accumulated PA improvement",Individual95 fixed-score game-cluster normal; outside main multiplicity family,11026.0,10431.394915104027,2401.0,0.0012260230190323182,0.3325631844143637,0.3490072554179831,0.3423724665748812,5547.0,3898.7372328446795,2177.0,0.002178587714387391,0.2313176877880829,0.22209692641107184,0.20990970806429224,0.3469778927710798,0.004524183439066539,0.33811065617105684,0.3558451293711028,0.2251426311606024,0.007077512001146273,0.2112709625382057,0.2390142997829991,-0.1218352616104774,0.008372416909248571,-0.13824489721615876,-0.10542562600479605,0.31096029686840043,0.0037533860391332978,0.30360379541162374,0.3183167983251771,0.3469778927710798,0.004524183439066539,0.33811065617105684,0.3558451293711028,0.31096029686840043,0.0037533860391332978,0.30360379541162374,0.3183167983251771,0.03601759590267942,0.0026366795716635614,0.030849798903446343,0.04118539290191249,0.0,0.0,0.0,0.0,DESCRIPTIVE_ONLY,0.33470101973088756,0.0,-0.33470101973088756,0.33470101973088756,0.0,0.0,0.33470101973088756,0.0
fixed_development_prediction,cell,1-2|BOUNDARY|FB,7459,6805,0.912320686419091,6502,2220,702,491,"Raw W per selected current decision, not accumulated PA improvement",Individual95 fixed-score game-cluster normal; outside main multiplicity family,1426.0,1268.2128061020292,1059.0,0.004827305891390458,0.1102261219494671,0.10026012331250314,0.12542032477148723,5379.0,5344.759519250498,2088.0,0.0017056297819550462,0.22246302234484966,0.23039213630496977,0.2254937034093701,0.10117498634739522,0.009105851460538847,0.08332784543616764,0.1190221272586228,0.23021713733946098,0.006264146293060848,0.21793963621117163,0.24249463846775032,0.12904215099206576,0.011007725704435565,0.10746740505967625,0.15061689692445526,0.20615400440852316,0.005570709027616038,0.19523561534604358,0.21707239347100274,0.23021713733946098,0.006264146293060848,0.21793963621117163,0.24249463846775032,0.20615400440852316,0.005570709027616038,0.19523561534604358,0.21707239347100274,0.02406313293093782,0.002297000541679149,0.019561094596777694,0.028565171265097947,0.0,0.0,0.0,0.0,DESCRIPTIVE_ONLY,0.7904481998530493,1.0,0.20955180014695074,0.20955180014695077,0.0,0.0,0.7904481998530493,0.0
fixed_development_prediction,cell,1-2|BOUNDARY|NFB,6998,6247,0.8926836238925407,6051,2220,698,485,"Raw W per selected current decision, not accumulated PA improvement",Individual95 fixed-score game-cluster normal; outside main multiplicity family,875.0,758.6104652532463,739.0,0.005271432080893079,0.11740925319405673,0.11126041718012773,0.13937218341723323,5372.0,5350.342583752205,2132.0,0.0016479472332614211,0.22425138004797615,0.22534093261564736,0.2228299230533596,0.11030373112305737,0.012424060464225424,0.08595302007142756,0.1346544421746872,0.22453799156729437,0.006620906408878438,0.2115612534608822,0.23751472967370654,0.11423426044423697,0.014080525653116098,0.0866369372807371,0.14183158360773684,0.21153913878661756,0.0060019857100099714,0.19977546295927395,0.22330281461396118,0.22453799156729437,0.006620906408878438,0.2115612534608822,0.23751472967370654,0.21153913878661756,0.0060019857100099714,0.19977546295927395,0.22330281461396118,0.012998852780676775,0.002026742352937134,0.009026510762978026,0.016971194798375524,0.0,0.0,0.0,0.0,DESCRIPTIVE_ONLY,0.8599327677285097,1.0,0.14006723227149032,0.14006723227149032,0.0,0.0,0.8599327677285097,0.0
fixed_development_prediction,cell,1-2|INNER|FB,7647,6686,0.8743298025369426,6356,2234,701,489,"Raw W per selected current decision, not accumulated PA improvement",Individual95 fixed-score game-cluster normal; outside main multiplicity family,567.0,505.94750926973757,500.0,0.00641550461020595,0.012140493440975899,0.015014144311123585,0.07852442231773346,6119.0,6109.70849957663,2186.0,0.001656386493927199,0.2789512240707141,0.27425302894302317,0.26219362733514856,0.033263211467176604,0.004692311701474227,0.02406644952805126,0.04245997340630195,0.27406115556677396,0.006808716206309652,0.26071631702145287,0.28740599411209505,0.24079794409959737,0.008196708858465135,0.22473268994524528,0.25686319825394943,0.25266467244989527,0.006222989603547662,0.24046783695077467,0.26486150794901586,0.27406115556677396,0.006808716206309652,0.26071631702145287,0.28740599411209505,0.25266467244989527,0.006222989603547662,0.24046783695077467,0.26486150794901586,0.021396483116878685,0.0011864144864945192,0.019071153452612843,0.023721812781144526,0.0,0.0,0.0,0.0,DESCRIPTIVE_ONLY,0.9151959317977865,1.0,0.08480406820221353,0.08480406820221358,0.0,0.0,0.9151959317977865,0.0
fixed_development_prediction,cell,1-2|INNER|NFB,6253,5005,0.8004158004158004,4817,2078,697,482,"Raw W per selected current decision, not accumulated PA improvement",Individual95 fixed-score game-cluster normal; outside main multiplicity family,299.0,273.21268340667245,281.0,0.010223823204935013,0.008622528013905593,0.013233829859537912,0.09807045422835532,4706.0,4699.693853658507,2035.0,0.0019256161064228668,0.2843200582813337,0.27440022128957037,0.2750489006746095,0.04447733075601988,0.006590954084076575,0.031559298127472615,0.05739536338456715,0.2740733294405118,0.008159731632247013,0.25808054931779545,0.2900661095632282,0.22959599868449196,0.010329144358575114,0.20935124775056965,0.24984074961841427,0.2588471528471528,0.0075118308075866475,0.24412423500632457,0.27357007068798106,0.2740733294405118,0.008159731632247013,0.25808054931779545,0.2900661095632282,0.2588471528471528,0.0075118308075866475,0.24412423500632457,0.27357007068798106,0.015226176593359,0.0012234044046007125,0.012828348021813936,0.017624005164904064,0.0,0.0,0.0,0.0,DESCRIPTIVE_ONLY,0.9402597402597402,1.0,0.05974025974025976,0.05974025974025974,0.0,0.0,0.9402597402597402,0.0
fixed_development_prediction,cell,1-2|MISSING|UNCLASSIFIED,26,0,0.0,0,0,0,0,"Raw W per selected current decision, not accumulated PA improvement",Individual95 fixed-score game-cluster normal; outside main multiplicity family,,,,,,,,,,,,,,,,,,,,,,,,,,,,,,,,,,,,,,,,,,,,,,,NO_COMMON_SUPPORT,,,,,,,,
fixed_development_prediction,cell,1-2|OUT|FB,16332,14464,0.8856233161890766,13961,2419,762,500,"Raw W per selected current decision, not accumulated PA improvement",Individual95 fixed-score game-cluster normal; outside main multiplicity family,9535.0,9021.363692348315,2373.0,0.0013712497010411541,0.24482352942472405,0.26497103858956644,0.25630304073231164,4929.0,3892.332229335839,2054.0,0.0027373192965889147,0.16391819850474487,0.16548200657235104,0.16365635265957726,0.26285658263601,0.004357408778935898,0.25431621836337703,0.271396946908643,0.16335095321385537,0.006617801961925458,0.15038029971166297,0.17632160671604777,-0.0995056294221546,0.007777955191657967,-0.11475014147117055,-0.08426111737313866,0.23467042311946903,0.0038175088610555006,0.22718824324113773,0.24215260299780034,0.26285658263601,0.004357408778935898,0.25431621836337703,0.271396946908643,0.23467042311946903,0.0038175088610555006,0.22718824324113773,0.24215260299780034,0.028186159516540965,0.002604648425757858,0.023081142409666616,0.03329117662341531,0.0,0.0,0.0,0.0,DESCRIPTIVE_ONLY,0.3407771017699115,0.0,-0.3407771017699115,0.3407771017699115,0.0,0.0,0.3407771017699115,0.0
fixed_development_prediction,cell,1-2|OUT|NFB,24880,22083,0.88758038585209,21151,2430,808,506,"Raw W per selected current decision, not accumulated PA improvement",Individual95 fixed-score game-cluster normal; outside main multiplicity family,13151.0,11734.948045935336,2416.0,0.0012724319159387956,0.25809695560327206,0.27261048489011264,0.25665874174950426,8932.0,6005.372700033957,2342.0,0.0017583820768986385,0.09851110259171286,0.09875446141555481,0.11918626888438179,0.26987703384390876,0.0041272437700010135,0.2617877846992895,0.27796628298852805,0.09893414313671975,0.003394486553009924,0.09228107174681478,0.10558721452662471,-0.17094289070718902,0.005140589423876763,-0.18101826083729497,-0.16086752057708306,0.2135779106099715,0.0030413688733438356,0.20761693715451643,0.21953888406542657,0.26987703384390876,0.0041272437700010135,0.2617877846992895,0.27796628298852805,0.2135779106099715,0.0030413688733438356,0.20761693715451643,0.21953888406542657,0.05629912323393728,0.002467600787140494,0.051462714562919225,0.06113553190495533,0.0,0.0,0.0,0.0,DESCRIPTIVE_ONLY,0.4044740297966762,0.0,-0.4044740297966762,0.4044740297966762,0.0,0.0,0.4044740297966762,0.0
fixed_development_prediction,cell,2-0|BOUNDARY|FB,4603,4235,0.9200521399087551,4235,1977,683,474,"Raw W per selected current decision, not accumulated PA improvement",Individual95 fixed-score game-cluster normal; outside main multiplicity family,2200.0,2113.437273178535,1438.0,0.0030325447176991994,0.36004419424050677,0.3805766976891505,0.3845395788525095,2035.0,1939.261349933959,1353.0,0.0028169534349843216,0.4086931120760336,0.3851172020506766,0.3560222250314209,0.38105931208922716,0.009446223740066064,0.3625450537687904,0.3995735704096639,0.3855149723003994,0.012997192927859664,0.36004094226167577,0.410989002339123,0.004455660211172223,0.015856348142292972,-0.02662221107405059,0.035533531496395036,0.3838897284533648,0.007788561342598153,0.36862442873049145,0.3991550281762381,0.38105931208922716,0.009446223740066064,0.3625450537687904,0.3995735704096639,0.3838897284533648,0.007788561342598153,0.36862442873049145,0.3991550281762381,-0.002830416364137613,0.007365224981374539,-0.017265992065666397,0.01160515933739117,0.0,0.0,0.0,0.0,DESCRIPTIVE_ONLY,0.4805194805194805,0.0,-0.4805194805194805,0.4805194805194805,0.0,0.0,0.4805194805194805,0.0
fixed_development_prediction,cell,2-0|BOUNDARY|NFB,1729,1616,0.9346443030653557,1616,1151,486,383,"Raw W per selected current decision, not accumulated PA improvement",Individual95 fixed-score game-cluster normal; outside main multiplicity family,903.0,870.9195194211745,746.0,0.005161345119399214,0.3691653920879348,0.38073626231639696,0.39900655278793384,713.0,673.7503258543816,602.0,0.00585952274971858,0.41309557105603767,0.3958824353899504,0.3563522859192451,0.38339164025915123,0.016200413295815577,0.35163941366468887,0.4151438668536136,0.39577707077370305,0.022362941491029357,0.35194651086290907,0.43960763068449704,0.01238543051455187,0.027946882232610104,-0.04238945214154626,0.06716031317065,0.38834467821782176,0.012717033726834746,0.3634197501230445,0.413269606312599,0.38339164025915123,0.016200413295815577,0.35163941366468887,0.4151438668536136,0.38834467821782176,0.012717033726834746,0.3634197501230445,0.413269606312599,-0.004953037958670566,0.011804835396815812,-0.02809009017985315,0.018184014262512017,0.0,0.0,0.0,0.0,DESCRIPTIVE_ONLY,0.4412128712871287,0.0,-0.4412128712871287,0.4412128712871287,0.0,0.0,0.4412128712871287,0.0
fixed_development_prediction,cell,2-0|INNER|FB,6195,5717,0.9228410008071025,5717,2178,704,480,"Raw W per selected current decision, not accumulated PA improvement",Individual95 fixed-score game-cluster normal; outside main multiplicity family,1799.0,1649.3826525970774,1251.0,0.004224160668964984,0.3650533768099974,0.331908353102326,0.3583912963586281,3918.0,3863.292710522429,1949.0,0.0021392231715587715,0.37585547516755724,0.3885238423213199,0.39248445827176764,0.3308207567225771,0.012823835580700984,0.3056865008407399,0.3559550126044143,0.3884347855351022,0.008708023682374862,0.37136737274112563,0.40550219832907874,0.057614028812525135,0.015686468965979618,0.026869114594599827,0.08835894303045044,0.37127322022039533,0.006944423656482232,0.3576623999603022,0.38488404048048847,0.3884347855351022,0.008708023682374862,0.37136737274112563,0.40550219832907874,0.37127322022039533,0.006944423656482232,0.3576623999603022,0.38488404048048847,0.01716156531470692,0.00455230053524187,0.008239220218830445,0.026083910410583395,0.0,0.0,0.0,0.0,DESCRIPTIVE_ONLY,0.6853244708763337,1.0,0.31467552912366625,0.31467552912366625,0.0,0.0,0.6853244708763337,0.0
fixed_development_prediction,cell,2-0|INNER|NFB,2045,1908,0.9330073349633252,1908,1270,506,411,"Raw W per selected current decision, not accumulated PA improvement",Individual95 fixed-score game-cluster normal; outside main multiplicity family,833.0,794.1725715959019,699.0,0.004190814924920701,0.3551804865159947,0.3795084160040357,0.35678652847606274,1075.0,1039.777705928448,847.0,0.004054763688054826,0.4236496748736106,0.4048145664300348,0.38034450219285054,0.3809199479033101,0.016199621785310706,0.3491692726409307,0.4126706231656895,0.40377589992483565,0.019480533859880408,0.365594755159857,0.4419570446898143,0.022855952021525662,0.025449062137028772,-0.027023293207372664,0.07273519725042399,0.39457127882599585,0.012927313783069449,0.3692342093943315,0.4199083482576602,0.40377589992483565,0.019480533859880408,0.365594755159857,0.4419570446898143,0.39457127882599585,0.012927313783069449,0.3692342093943315,0.4199083482576602,0.009204621098839887,0.011988259679181388,-0.01429193610966933,0.0327011783073491,0.0,0.0,0.0,0.0,DESCRIPTIVE_ONLY,0.5634171907756813,1.0,0.4365828092243187,0.43658280922431864,0.0,0.0,0.5634171907756813,0.0
fixed_development_prediction,cell,2-0|MISSING|UNCLASSIFIED,8,0,0.0,0,0,0,0,"Raw W per selected current decision, not accumulated PA improvement",Individual95 fixed-score game-cluster normal; outside main multiplicity family,,,,,,,,,,,,,,,,,,,,,,,,,,,,,,,,,,,,,,,,,,,,,,,NO_COMMON_SUPPORT,,,,,,,,
fixed_development_prediction,cell,2-0|OUT|FB,6167,5105,0.827793092265283,5105,2109,712,474,"Raw W per selected current decision, not accumulated PA improvement",Individual95 fixed-score game-cluster normal; outside main multiplicity family,4088.0,4040.5464266013146,1957.0,0.001777650905075814,0.5051527819089536,0.5225214058826114,0.512907437903375,1017.0,826.8959950315464,835.0,0.004334143156023602,0.35481279415807065,0.3350103009128768,0.3284491078135773,0.5212007132609635,0.006213468077091158,0.5090225396107755,0.5333788869111515,0.33158344842176957,0.0173303425056123,0.29761660127102585,0.3655502955725133,-0.18961726483919406,0.018472256030356113,-0.22582222137189487,-0.15341230830649324,0.48790479921645447,0.005996172432318195,0.47615251720401885,0.4996570812288901,0.5212007132609635,0.006213468077091158,0.5090225396107755,0.5333788869111515,0.48790479921645447,0.005996172432318195,0.47615251720401885,0.4996570812288901,0.03329591404450917,0.00354380113761607,0.026350191446409602,0.04024163664260874,0.0,0.0,0.0,0.0,DESCRIPTIVE_ONLY,0.19921645445641528,0.0,-0.19921645445641528,0.19921645445641528,0.0,0.0,0.19921645445641528,0.0
fixed_development_prediction,cell,2-0|OUT|NFB,2955,2520,0.8527918781725888,2520,1495,606,416,"Raw W per selected current decision, not accumulated PA improvement",Individual95 fixed-score game-cluster normal; outside main multiplicity family,1921.0,1879.1592121886972,1276.0,0.0030276031064185483,0.5310548248284747,0.5448115489786136,0.5160981993291198,599.0,444.9623634842509,519.0,0.011100379909365757,0.3648693457052709,0.3452380511815967,0.33651222895860533,0.5435478210304764,0.009181735607021655,0.525551949925145,0.5615436921358078,0.34925157551721314,0.022516384564092475,0.3051202727095383,0.393382878324888,-0.19429624551326333,0.024347044058044505,-0.24201557499704046,-0.1465769160294862,0.4998126984126983,0.008668951886808612,0.4828218649308429,0.5168035318945537,0.5435478210304764,0.009181735607021655,0.525551949925145,0.5615436921358078,0.4998126984126983,0.008668951886808612,0.4828218649308429,0.5168035318945537,0.043735122617778066,0.005448724316149154,0.03305581919643809,0.054414426039118044,0.0,0.0,0.0,0.0,DESCRIPTIVE_ONLY,0.2376984126984127,0.0,-0.2376984126984127,0.2376984126984127,0.0,0.0,0.2376984126984127,0.0
fixed_development_prediction,cell,2-1|BOUNDARY|FB,6014,5539,0.9210176255404057,5539,2155,718,476,"Raw W per selected current decision, not accumulated PA improvement",Individual95 fixed-score game-cluster normal; outside main multiplicity family,1871.0,1716.727613500438,1301.0,0.0034477129684993683,0.3645786279222785,0.3274846318140152,0.33344798973432327,3668.0,3611.41236567218,1888.0,0.002010966555880133,0.2977679389036676,0.3158178273279094,0.29159927242578326,0.3264423834208754,0.012337606471812203,0.3022611190806952,0.3506236477610556,0.3144282042085501,0.00815161440816534,0.29845133355268827,0.33040507486441195,-0.012014179212325329,0.014898988040669772,-0.04121565917813106,0.017187300753480406,0.3239308539447553,0.006659634920765719,0.3108782093498692,0.3369834985396414,0.3264423834208754,0.012337606471812203,0.3022611190806952,0.3506236477610556,0.3239308539447553,0.006659634920765719,0.3108782093498692,0.3369834985396414,0.0025115294761200706,0.010666394140795761,-0.018394218884748674,0.023417277836988812,0.0,0.0,0.0,0.0,DESCRIPTIVE_ONLY,0.6622133959198411,0.0,-0.6622133959198411,0.6622133959198411,0.0,0.0,0.6622133959198411,0.0
fixed_development_prediction,cell,2-1|BOUNDARY|NFB,3804,3505,0.9213985278654049,3505,1812,643,450,"Raw W per selected current decision, not accumulated PA improvement",Individual95 fixed-score game-cluster normal; outside main multiplicity family,1090.0,988.640068137269,864.0,0.004055315777461376,0.3726240743632783,0.32915605838793016,0.33487171095848756,2415.0,2379.9341329608715,1488.0,0.00235761916756021,0.2854677645990083,0.2995334810012833,0.28614179293583236,0.32896766572301517,0.016715912174793165,0.296205079891686,0.36173025155434435,0.297274161581562,0.009308765450279083,0.27902931655848423,0.3155190066046398,-0.031693504141453235,0.01898453355929418,-0.06890250618096182,0.0055154978980553465,0.3116915834522111,0.008102457769051316,0.29581105803861374,0.32757210886580845,0.32896766572301517,0.016715912174793165,0.296205079891686,0.36173025155434435,0.3116915834522111,0.008102457769051316,0.29581105803861374,0.32757210886580845,0.017276082270804075,0.014220170154473272,-0.010594939085994907,0.04514710362760306,0.0,0.0,0.0,0.0,DESCRIPTIVE_ONLY,0.6890156918687589,0.0,-0.6890156918687589,0.6890156918687589,0.0,0.0,0.6890156918687589,0.0
fixed_development_prediction,cell,2-1|INNER|FB,7691,7051,0.9167858535951112,7051,2262,715,490,"Raw W per selected current decision, not accumulated PA improvement",Individual95 fixed-score game-cluster normal; outside main multiplicity family,983.0,869.6466340519867,801.0,0.004363725800530365,0.26762215912215603,0.23751901799385144,0.2717297056006349,6068.0,6053.065801636988,2205.0,0.0018155440362246237,0.3298368944134017,0.3357145211381889,0.32391327759838096,0.23894463940991117,0.01651478378089337,0.20657625798689394,0.2713130208329284,0.33503065144826066,0.006617163181084441,0.32206124993351065,0.3480000529630107,0.09608601203834946,0.017759008404611965,0.06127899516416589,0.13089302891253302,0.3225933910083676,0.006122324044399559,0.31059385637966086,0.3345929256370743,0.33503065144826066,0.006617163181084441,0.32206124993351065,0.3480000529630107,0.3225933910083676,0.006122324044399559,0.31059385637966086,0.3345929256370743,0.012437260439893018,0.0021666936558945517,0.008190618908808277,0.016683901970977758,0.0,0.0,0.0,0.0,DESCRIPTIVE_ONLY,0.8605871507587576,1.0,0.13941284924124242,0.13941284924124236,0.0,0.0,0.8605871507587576,0.0
fixed_development_prediction,cell,2-1|INNER|NFB,4352,4032,0.9264705882352942,4032,1933,642,459,"Raw W per selected current decision, not accumulated PA improvement",Individual95 fixed-score game-cluster normal; outside main multiplicity family,773.0,689.1291492774933,655.0,0.004863311567506629,0.3409886111921491,0.28296132744665436,0.2999059895144488,3259.0,3245.3089154591207,1757.0,0.0024079782531441583,0.3342138160221308,0.34822948321182023,0.33804206071040643,0.2822779963633076,0.022395097076396777,0.23838441266329163,0.32617158006332353,0.34682414688551017,0.009630951030201364,0.3279478297294466,0.36570046404157375,0.06454615052220265,0.02414333382573804,0.01722608575702847,0.11186621528737684,0.33547941468253967,0.008877088250088051,0.31808064142478343,0.3528781879402959,0.34682414688551017,0.009630951030201364,0.3279478297294466,0.36570046404157375,0.33547941468253967,0.008877088250088051,0.31808064142478343,0.3528781879402959,0.011344732202970508,0.0037213339796645824,0.004051051628382819,0.0186384127775582,0.0,0.0,0.0,0.0,DESCRIPTIVE_ONLY,0.8082837301587301,1.0,0.19171626984126988,0.19171626984126985,0.0,0.0,0.8082837301587301,0.0
fixed_development_prediction,cell,2-1|MISSING|UNCLASSIFIED,16,0,0.0,0,0,0,0,"Raw W per selected current decision, not accumulated PA improvement",Individual95 fixed-score game-cluster normal; outside main multiplicity family,,,,,,,,,,,,,,,,,,,,,,,,,,,,,,,,,,,,,,,,,,,,,,,NO_COMMON_SUPPORT,,,,,,,,
fixed_development_prediction,cell,2-1|OUT|FB,8381,7408,0.8839040687268822,7408,2293,728,489,"Raw W per selected current decision, not accumulated PA improvement",Individual95 fixed-score game-cluster normal; outside main multiplicity family,5258.0,5117.718528217333,2107.0,0.0017797053595545954,0.42620714702844625,0.45964982401962684,0.4510527304851403,2150.0,1738.2183908075324,1420.0,0.0033043412092758784,0.2889028753989121,0.26556961916162486,0.26899543759281574,0.4569824618161037,0.0059246921857318965,0.44537027851258326,0.4685946451196241,0.2615666888531792,0.011886218828480885,0.2382701280369948,0.2848632496693636,-0.1954157729629246,0.013240424630670374,-0.22136652837905557,-0.1694650175467936,0.4063203293736501,0.005479002611252039,0.39558168158439516,0.417058977162905,0.4569824618161037,0.0059246921857318965,0.44537027851258326,0.4685946451196241,0.4063203293736501,0.005479002611252039,0.39558168158439516,0.417058977162905,0.05066213244245365,0.0034770571211311546,0.04384722571284806,0.057477039172059236,0.0,0.0,0.0,0.0,DESCRIPTIVE_ONLY,0.2902267818574514,0.0,-0.2902267818574514,0.2902267818574514,0.0,0.0,0.2902267818574514,0.0
fixed_development_prediction,cell,2-1|OUT|NFB,7137,6369,0.8923917612442203,6369,2222,721,475,"Raw W per selected current decision, not accumulated PA improvement",Individual95 fixed-score game-cluster normal; outside main multiplicity family,4128.0,3903.2444459401518,1936.0,0.0021818392806895303,0.4443154251046092,0.4692111957287182,0.44776000735770793,2241.0,1682.1703627516354,1467.0,0.0036500615883354633,0.2674068491634106,0.255654513787151,0.2489334496430771,0.46680908317681447,0.006823925082145005,0.4534344357826107,0.4801837305710182,0.25639720976462876,0.010715647269759427,0.23539492704486534,0.2773994924843922,-0.21041187341218578,0.012769889696877942,-0.23544039730461566,-0.1853833495197559,0.4010792903124509,0.005729593891860254,0.3898494926383641,0.41230908798653765,0.46680908317681447,0.006823925082145005,0.4534344357826107,0.4801837305710182,0.4010792903124509,0.005729593891860254,0.3898494926383641,0.41230908798653765,0.06572979286436356,0.004389438448624459,0.057126651592704254,0.07433293413602286,0.0,0.0,0.0,0.0,DESCRIPTIVE_ONLY,0.3518605746585021,0.0,-0.3518605746585021,0.3518605746585021,0.0,0.0,0.3518605746585021,0.0
fixed_development_prediction,cell,2-2|BOUNDARY|FB,7374,6802,0.9224301600216979,6456,2237,706,490,"Raw W per selected current decision, not accumulated PA improvement",Individual95 fixed-score game-cluster normal; outside main multiplicity family,1385.0,1224.7058549546607,1024.0,0.004439038090651598,0.1408188534256947,0.12684912183359062,0.16708697478393222,5417.0,5380.717503651846,2125.0,0.001761971349598102,0.24122315037287334,0.248155972908989,0.24034308238789648,0.12744773924424516,0.010130132937442311,0.10759304352825529,0.14730243496023504,0.2477813486616677,0.0066708749658625196,0.2347066739832073,0.2608560233401281,0.12033360941742255,0.01205053516133895,0.09671499450676464,0.14395222432808047,0.22772478682740369,0.0058746191102696564,0.21621074494838444,0.23923882870642293,0.2477813486616677,0.0066708749658625196,0.2347066739832073,0.2608560233401281,0.22772478682740369,0.0058746191102696564,0.21621074494838444,0.23923882870642293,0.020056561834264006,0.0023626844494346864,0.015425785406539175,0.024687338261988837,0.0,0.0,0.0,0.0,DESCRIPTIVE_ONLY,0.796383416642164,1.0,0.20361658335783595,0.20361658335783592,0.0,0.0,0.796383416642164,0.0
fixed_development_prediction,cell,2-2|BOUNDARY|NFB,6528,5908,0.9050245098039216,5653,2191,696,490,"Raw W per selected current decision, not accumulated PA improvement",Individual95 fixed-score game-cluster normal; outside main multiplicity family,826.0,716.4389934861874,703.0,0.005444821325397469,0.15409692897912827,0.1445125522197035,0.1803047501792939,5082.0,5062.691216179192,2096.0,0.0016391753803950322,0.23844071427505992,0.23989901977724187,0.23888763116437872,0.14466157166689061,0.013171007855529854,0.11884687062995797,0.17047627270382326,0.23893139855102824,0.006639966195969783,0.22591730394836404,0.2519454931536924,0.09426982688413767,0.014696207179784513,0.06546579010242107,0.12307386366585427,0.22992366283006097,0.0060997517914804095,0.2179683690041257,0.24187895665599624,0.23893139855102824,0.006639966195969783,0.22591730394836404,0.2519454931536924,0.22992366283006097,0.0060997517914804095,0.2179683690041257,0.24187895665599624,0.009007735720967329,0.0020442448055817473,0.00500108952644402,0.013014381915490637,0.0,0.0,0.0,0.0,DESCRIPTIVE_ONLY,0.8601895734597157,1.0,0.1398104265402843,0.13981042654028436,0.0,0.0,0.8601895734597157,0.0
fixed_development_prediction,cell,2-2|INNER|FB,8729,7490,0.8580593424218124,6998,2258,708,491,"Raw W per selected current decision, not accumulated PA improvement",Individual95 fixed-score game-cluster normal; outside main multiplicity family,572.0,516.8849699711096,514.0,0.005786018611572261,0.004729856691697612,0.005989508491561156,0.0979638488011442,6918.0,6908.416074359957,2229.0,0.0014798545350627444,0.29865293452638325,0.29251824677835864,0.27832480049426034,0.03253557201295678,0.003740302376614358,0.02520471406350307,0.039866429962410486,0.29249602020897275,0.006683474030308783,0.27939665181795875,0.30559538859998675,0.259960448196016,0.007667491836687627,0.24493244034435338,0.27498845604767863,0.27081441922563415,0.006132968612852397,0.25879402162612886,0.28283481682513945,0.29249602020897275,0.006683474030308783,0.27939665181795875,0.30559538859998675,0.27081441922563415,0.006132968612852397,0.25879402162612886,0.28283481682513945,0.021681600983338552,0.0010808832242364494,0.01956310879234158,0.023800093174335523,0.0,0.0,0.0,0.0,DESCRIPTIVE_ONLY,0.9236315086782376,1.0,0.07636849132176238,0.07636849132176235,0.0,0.0,0.9236315086782376,0.0
fixed_development_prediction,cell,2-2|INNER|NFB,6502,5207,0.800830513688096,4991,2091,687,478,"Raw W per selected current decision, not accumulated PA improvement",Individual95 fixed-score game-cluster normal; outside main multiplicity family,266.0,238.40900372286723,256.0,0.013205928472531466,0.002344110582574479,0.003959437488935937,0.12900635693947765,4941.0,4934.587496796214,2054.0,0.002236080620212965,0.3228926447478333,0.3094424959925262,0.2907219861895997,0.059254738886712406,0.005040056155469243,0.04937641034193328,0.06913306743149153,0.3097815224571437,0.00865628117971541,0.2928155231048496,0.3267475218094378,0.2505267835704313,0.009896285710369322,0.23113041999738904,0.26992314714347354,0.2938048780487805,0.007952073674943284,0.2782191000434826,0.30939065605407845,0.3097815224571437,0.00865628117971541,0.2928155231048496,0.3267475218094378,0.2938048780487805,0.007952073674943284,0.2782191000434826,0.30939065605407845,0.01597664440836318,0.001180403043989866,0.013663096954901595,0.01829019186182477,0.0,0.0,0.0,0.0,DESCRIPTIVE_ONLY,0.9489149222200883,1.0,0.05108507777991167,0.051085077779911656,0.0,0.0,0.9489149222200883,0.0
fixed_development_prediction,cell,2-2|MISSING|UNCLASSIFIED,24,0,0.0,0,0,0,0,"Raw W per selected current decision, not accumulated PA improvement",Individual95 fixed-score game-cluster normal; outside main multiplicity family,,,,,,,,,,,,,,,,,,,,,,,,,,,,,,,,,,,,,,,,,,,,,,,NO_COMMON_SUPPORT,,,,,,,,
fixed_development_prediction,cell,2-2|OUT|FB,12815,11561,0.9021459227467811,11098,2403,754,498,"Raw W per selected current decision, not accumulated PA improvement",Individual95 fixed-score game-cluster normal; outside main multiplicity family,7211.0,6776.3708709389775,2300.0,0.0016870116024360424,0.3282686608266076,0.3563524031008969,0.3514740741979283,4350.0,3540.6458685178277,1970.0,0.002713190473961171,0.19392011183517155,0.19731519304921716,0.17552101281636048,0.3543476734401837,0.005067288927786366,0.34441596964246385,0.36427937723790355,0.19362777896674493,0.007105049514669828,0.17970213780961827,0.2075534201238716,-0.1607198944734387,0.008363296998864626,-0.1771116553832253,-0.14432813356365212,0.3035427731165124,0.0044037787203761265,0.2949115254286913,0.3121740208043335,0.3543476734401837,0.005067288927786366,0.34441596964246385,0.36427937723790355,0.3035427731165124,0.0044037787203761265,0.2949115254286913,0.3121740208043335,0.0508049003236713,0.0032389256032869652,0.04445672279262418,0.05715307785471842,0.0,0.0,0.0,0.0,DESCRIPTIVE_ONLY,0.37626502897673214,0.0,-0.37626502897673214,0.37626502897673214,0.0,0.0,0.37626502897673214,0.0
fixed_development_prediction,cell,2-2|OUT|NFB,17501,15779,0.9016056225358551,15071,2421,789,499,"Raw W per selected current decision, not accumulated PA improvement",Individual95 fixed-score game-cluster normal; outside main multiplicity family,8807.0,7770.766257742043,2334.0,0.0021087431503871374,0.34792578767927235,0.3662311785727551,0.3550798797234558,6972.0,4758.076574164755,2233.0,0.002378928459675464,0.13348088104719402,0.13274162719639665,0.13529357458022304,0.3634036457509497,0.004974188960965439,0.3536544145351607,0.37315287696673866,0.1335661076926889,0.004616210000799987,0.1245185023460473,0.1426137130393305,-0.2298375380582607,0.00665577966090581,-0.2428826264826703,-0.2167924496338511,0.27862557830027257,0.0037425895925267618,0.2712902374900057,0.28596091911053945,0.3634036457509497,0.004974188960965439,0.3536544145351607,0.37315287696673866,0.27862557830027257,0.0037425895925267618,0.2712902374900057,0.28596091911053945,0.08477806745067712,0.003425168755951787,0.07806486004803975,0.09149127485331449,0.0,0.0,0.0,0.0,DESCRIPTIVE_ONLY,0.44185309588693833,0.0,-0.44185309588693833,0.44185309588693833,0.0,0.0,0.44185309588693833,0.0
fixed_development_prediction,cell,3-0|BOUNDARY|FB,1942,1693,0.8717816683831102,1693,1203,560,413,"Raw W per selected current decision, not accumulated PA improvement",Individual95 fixed-score game-cluster normal; outside main multiplicity family,1512.0,1509.0784888933824,1113.0,0.0034567861443029727,0.5010427697141896,0.502011026312262,0.5022456588793005,181.0,163.62719867060753,173.0,0.017203359550779507,0.4452145319663751,0.42766868922706375,0.39194885379892835,0.5030342698754536,0.01070063858455184,0.48206140363815236,0.5240071361127548,0.4207010598227359,0.042459770764116715,0.33748143833324046,0.5039206813122314,-0.08233321005271765,0.04379597151912532,-0.16817173689814524,0.00350531679270992,0.49376077968103954,0.01033562434297259,0.4735033282110778,0.5140182311510013,0.5030342698754536,0.01070063858455184,0.48206140363815236,0.5240071361127548,0.49376077968103954,0.01033562434297259,0.4735033282110778,0.5140182311510013,0.00927349019441401,0.004310314384469941,0.000825429238807995,0.017721551150020026,0.0,0.0,0.0,0.0,DESCRIPTIVE_ONLY,0.10691080921441229,0.0,-0.10691080921441229,0.10691080921441229,0.0,0.0,0.10691080921441229,0.0
fixed_development_prediction,cell,3-0|BOUNDARY|NFB,105,100,0.9523809523809523,100,97,75,86,"Raw W per selected current decision, not accumulated PA improvement",Individual95 fixed-score game-cluster normal; outside main multiplicity family,87.0,86.71538537405137,85.0,0.024244673478693197,0.49342886075317205,0.49103101494745105,0.4999453056400188,13.0,12.602328349539581,13.0,0.09801424610725244,0.24142020746263873,0.27854223037575665,0.3894887165725836,0.4911148184566103,0.04646237887113149,0.4000502292331378,0.5821794076800828,0.3090989373480834,0.09463269970548055,0.1236222541655474,0.49457562053061943,-0.18201588110852682,0.10579599201401933,-0.38937221516469184,0.025340452947638203,0.46407,0.042877025604262035,0.38003257405144464,0.5481074259485553,0.4911148184566103,0.04646237887113149,0.4000502292331378,0.5821794076800828,0.46407,0.042877025604262035,0.38003257405144464,0.5481074259485553,0.027044818456610303,0.016533913345687556,-0.005361056224443446,0.05945069313766405,0.0,0.0,0.0,0.0,DESCRIPTIVE_ONLY,0.13,0.0,-0.13,0.13,0.0,0.0,0.13,0.0
fixed_development_prediction,cell,3-0|INNER|FB,2549,2352,0.9227147901137701,2352,1517,611,439,"Raw W per selected current decision, not accumulated PA improvement",Individual95 fixed-score game-cluster normal; outside main multiplicity family,1991.0,1985.7534646814806,1367.0,0.0030959233753721773,0.45439316191396406,0.4675193977366935,0.4589927237113389,361.0,324.841303918321,331.0,0.009776822343101163,0.6390219986901517,0.5200875393688854,0.4590402497157647,0.46928454677465886,0.009542169443317533,0.4505822383313779,0.48798685521793983,0.5216244968644405,0.041931724327020796,0.4394398273738177,0.6038091663550632,0.05233995008978158,0.042995842927313975,-0.031930353532694994,0.13661025371225816,0.4767993197278912,0.009760707840527051,0.45766868389684046,0.4959299555589419,0.5216244968644405,0.041931724327020796,0.4394398273738177,0.6038091663550632,0.4767993197278912,0.009760707840527051,0.45766868389684046,0.4959299555589419,0.04482517713654937,0.03799596791037776,-0.029645551525530632,0.11929590579862936,0.0,0.0,0.0,0.0,DESCRIPTIVE_ONLY,0.15348639455782312,1.0,0.8465136054421769,0.8465136054421769,0.0,0.0,0.15348639455782312,0.0
fixed_development_prediction,cell,3-0|INNER|NFB,132,123,0.9318181818181818,123,119,90,97,"Raw W per selected current decision, not accumulated PA improvement",Individual95 fixed-score game-cluster normal; outside main multiplicity family,96.0,95.40314443820036,94.0,0.019538711654943204,0.4914696349647615,0.5264793977390185,0.48855789937504995,27.0,24.53088453680917,27.0,0.06587604565186171,0.5699691747385414,0.38652674462360964,0.4164954124549933,0.5274255233488218,0.04760747856355931,0.43411657996948283,0.6207344667281607,0.35591743964240447,0.12631435107424566,0.10834586080633474,0.6034890184784742,-0.1715080837064172,0.1355577843427809,-0.4371964588423154,0.09418029142948095,0.49664227642276415,0.04487732843582125,0.4086843289661793,0.5846002238793491,0.5274255233488218,0.04760747856355931,0.43411657996948283,0.6207344667281607,0.49664227642276415,0.04487732843582125,0.4086843289661793,0.5846002238793491,0.030783246926057467,0.023582965666150892,-0.015438516428242913,0.07700501028035785,0.0,0.0,0.0,0.0,DESCRIPTIVE_ONLY,0.21951219512195122,0.0,-0.21951219512195122,0.21951219512195122,0.0,0.0,0.21951219512195122,0.0
fixed_development_prediction,cell,3-0|MISSING|UNCLASSIFIED,1,0,0.0,0,0,0,0,"Raw W per selected current decision, not accumulated PA improvement",Individual95 fixed-score game-cluster normal; outside main multiplicity family,,,,,,,,,,,,,,,,,,,,,,,,,,,,,,,,,,,,,,,,,,,,,,,NO_COMMON_SUPPORT,,,,,,,,
fixed_development_prediction,cell,3-0|OUT|FB,2402,1521,0.6332223147377186,1521,1110,567,394,"Raw W per selected current decision, not accumulated PA improvement",Individual95 fixed-score game-cluster normal; outside main multiplicity family,1450.0,1446.5199445576893,1077.0,0.0033432636744913564,0.7147944068642202,0.6714898280024918,0.6288686650723054,71.0,63.14787268202458,70.0,0.04543245674248499,0.1661802903352474,0.4046818122580476,0.3692801456890312,0.6744852400007055,0.005723212700213349,0.6632679492324252,0.6857025307689859,0.37971522740771735,0.021693114566899523,0.3371975041440931,0.4222329506713416,-0.2947700125929883,0.022315752623066357,-0.3385080840221036,-0.251031941163873,0.659343195266272,0.00581044931084179,0.6479549238830266,0.6707314666495175,0.6744852400007055,0.005723212700213349,0.6632679492324252,0.6857025307689859,0.659343195266272,0.00581044931084179,0.6479549238830266,0.6707314666495175,0.01514204473443345,0.00284014923869953,0.00957545451586352,0.02070863495300338,0.0,0.0,0.0,0.0,DESCRIPTIVE_ONLY,0.04667981591058514,0.0,-0.04667981591058514,0.04667981591058514,0.0,0.0,0.04667981591058514,0.0
fixed_development_prediction,cell,3-0|OUT|NFB,189,141,0.746031746031746,141,133,106,110,"Raw W per selected current decision, not accumulated PA improvement",Individual95 fixed-score game-cluster normal; outside main multiplicity family,129.0,128.26871515881317,121.0,0.018675223716936806,0.6991705727044988,0.6629728202498871,0.5643080644694868,12.0,9.360258717716713,12.0,0.18450686224948692,0.1970796529070623,0.27965954137352367,0.3625438051097406,0.6690414818377071,0.020191559041716513,0.6294667533242286,0.7086162103511855,0.30127536258045196,0.0865549608872348,0.13163075655819875,0.47091996860270513,-0.36776611925725516,0.08862988885454516,-0.5414775093659516,-0.19405472914855873,0.6354893617021274,0.021455450129474786,0.5934374521762616,0.6775412712279932,0.6690414818377071,0.020191559041716513,0.6294667533242286,0.7086162103511855,0.6354893617021274,0.021455450129474786,0.5934374521762616,0.6775412712279932,0.03355212013557945,0.012231004405833605,0.009579792005394865,0.05752444826576403,0.0,0.0,0.0,0.0,DESCRIPTIVE_ONLY,0.0851063829787234,0.0,-0.0851063829787234,0.0851063829787234,0.0,0.0,0.0851063829787234,0.0
fixed_development_prediction,cell,3-1|BOUNDARY|FB,3279,3034,0.925282098200671,3034,1670,656,450,"Raw W per selected current decision, not accumulated PA improvement",Individual95 fixed-score game-cluster normal; outside main multiplicity family,1223.0,1136.9799139653842,926.0,0.0038567109872200776,0.4821969294184535,0.4481487947615428,0.46169772389378655,1811.0,1767.3618597086795,1248.0,0.003885537417965642,0.3537035831530617,0.3714295249341375,0.3559113701533804,0.4472446823689457,0.013278709143550454,0.4212188906864041,0.4732704740514873,0.36959959958337874,0.011641647457832468,0.34678238984531484,0.39241680932144263,-0.07764508278556695,0.017899651919198692,-0.11272775588299963,-0.04256240968813426,0.40711338167435723,0.008619849680175238,0.3902187867490647,0.4240079765996498,0.4472446823689457,0.013278709143550454,0.4212188906864041,0.4732704740514873,0.40711338167435723,0.008619849680175238,0.3902187867490647,0.4240079765996498,0.04013130069458846,0.011509615624263787,0.01757286859513195,0.06268973279404497,0.0,0.0,0.0,0.0,DESCRIPTIVE_ONLY,0.5969017798286091,0.0,-0.5969017798286091,0.5969017798286091,0.0,0.0,0.5969017798286091,0.0
fixed_development_prediction,cell,3-1|BOUNDARY|NFB,876,814,0.9292237442922374,814,691,374,338,"Raw W per selected current decision, not accumulated PA improvement",Individual95 fixed-score game-cluster normal; outside main multiplicity family,358.0,337.37689038535706,331.0,0.01018075199780713,0.4630141533367367,0.47113163925193857,0.457739316890196,456.0,439.85142897334043,420.0,0.00705643616815623,0.37911168400811557,0.3671222774587975,0.37674381636241877,0.46848715955838394,0.022646676789109917,0.4241004886822093,0.5128738304345586,0.36612619040159067,0.024562494371738908,0.3179845860625146,0.4142677947406667,-0.10236096915679319,0.03343866417456193,-0.16789954663006432,-0.036822391683522054,0.41543488943488943,0.016342343002743065,0.38340448572651287,0.447465293143266,0.46848715955838394,0.022646676789109917,0.4241004886822093,0.5128738304345586,0.41543488943488943,0.016342343002743065,0.38340448572651287,0.447465293143266,0.05305227012349446,0.01860611587770679,0.01658495311101031,0.08951958713597861,0.0,0.0,0.0,0.0,DESCRIPTIVE_ONLY,0.5601965601965602,0.0,-0.5601965601965602,0.5601965601965602,0.0,0.0,0.5601965601965602,0.0
fixed_development_prediction,cell,3-1|INNER|FB,4578,4235,0.9250764525993884,4235,1977,686,477,"Raw W per selected current decision, not accumulated PA improvement",Individual95 fixed-score game-cluster normal; outside main multiplicity family,769.0,692.8150262995032,655.0,0.006234165178238439,0.4531981365613053,0.38107815026730607,0.39356812025284493,3466.0,3452.389136767754,1832.0,0.0023468287239908864,0.39519767233563646,0.4081837316377468,0.406773001096403,0.3818144602651249,0.019981747336852387,0.34265095513671506,0.4209779653935347,0.4074048818614251,0.00929699036586361,0.3891831155797166,0.4256266481431336,0.025590421596300227,0.022077174983857036,-0.0176800462524482,0.06886088944504865,0.400783707201889,0.008315367432433886,0.38448588651610127,0.4170815278876767,0.4074048818614251,0.00929699036586361,0.3891831155797166,0.4256266481431336,0.400783707201889,0.008315367432433886,0.38448588651610127,0.4170815278876767,0.006621174659536084,0.0032716634901959547,0.0002088320492174018,0.013033517269854767,0.0,0.0,0.0,0.0,DESCRIPTIVE_ONLY,0.8184179456906729,1.0,0.18158205430932706,0.18158205430932703,0.0,0.0,0.8184179456906729,0.0
fixed_development_prediction,cell,3-1|INNER|NFB,1116,1039,0.9310035842293907,1039,808,405,349,"Raw W per selected current decision, not accumulated PA improvement",Individual95 fixed-score game-cluster normal; outside main multiplicity family,337.0,310.18433980355536,311.0,0.010168508197588827,0.4187465274018064,0.356520398109745,0.42075926325069146,702.0,692.2983409233839,584.0,0.00583858118337423,0.4189379429080369,0.44528214131420235,0.4154274260222416,0.34940987055122485,0.031113090412812933,0.2884293338943731,0.4103904072080766,0.44220645070121867,0.020577515930336472,0.40187526058645995,0.4825376408159774,0.09279658014999383,0.03665863570053088,0.020946974454579062,0.16464618584540858,0.41646390760346486,0.017205267653994657,0.3827422026572634,0.4501856125496663,0.44220645070121867,0.020577515930336472,0.40187526058645995,0.4825376408159774,0.41646390760346486,0.017205267653994657,0.3827422026572634,0.4501856125496663,0.025742543097753805,0.01009041140289989,0.005965700158877745,0.04551938603662986,0.0,0.0,0.0,0.0,DESCRIPTIVE_ONLY,0.6756496631376323,1.0,0.3243503368623677,0.32435033686236764,0.0,0.0,0.6756496631376323,0.0
fixed_development_prediction,cell,3-1|MISSING|UNCLASSIFIED,6,0,0.0,0,0,0,0,"Raw W per selected current decision, not accumulated PA improvement",Individual95 fixed-score game-cluster normal; outside main multiplicity family,,,,,,,,,,,,,,,,,,,,,,,,,,,,,,,,,,,,,,,,,,,,,,,NO_COMMON_SUPPORT,,,,,,,,
fixed_development_prediction,cell,3-1|OUT|FB,4182,3654,0.8737446197991392,3654,1840,682,459,"Raw W per selected current decision, not accumulated PA improvement",Individual95 fixed-score game-cluster normal; outside main multiplicity family,2802.0,2748.091258954688,1619.0,0.0026418112688543203,0.6511415072501457,0.671339391674251,0.637254031442386,852.0,672.6583852377449,717.0,0.00572927451569041,0.33417097047482863,0.33761228105857854,0.34126707057233024,0.6684949625187172,0.003113240632276424,0.6623931230042487,0.6745968020331857,0.33082057184460506,0.018630127079535732,0.2943061937413107,0.36733494994789945,-0.3376743906741121,0.018787388181647716,-0.37449699487371507,-0.3008517864745091,0.594974822112753,0.004853378884757074,0.5854623742953019,0.6044872699302041,0.6684949625187172,0.003113240632276424,0.6623931230042487,0.6745968020331857,0.594974822112753,0.004853378884757074,0.5854623742953019,0.6044872699302041,0.07352014040596404,0.004214773412349593,0.06525933631476186,0.08178094449716622,0.0,0.0,0.0,0.0,DESCRIPTIVE_ONLY,0.23316912972085385,0.0,-0.23316912972085385,0.23316912972085385,0.0,0.0,0.23316912972085385,0.0
fixed_development_prediction,cell,3-1|OUT|NFB,1524,1376,0.9028871391076115,1376,1012,467,371,"Raw W per selected current decision, not accumulated PA improvement",Individual95 fixed-score game-cluster normal; outside main multiplicity family,974.0,938.9271480914693,774.0,0.004482239766163648,0.6590242781630455,0.6745693687260617,0.6093381415200944,402.0,292.9695469166144,361.0,0.012357062039816463,0.3571288041893888,0.3718027357500409,0.3434914438565758,0.6739260700162252,0.005606941774674369,0.6629366660744503,0.684915473958,0.36993816297569065,0.028338060578695656,0.3143965848497329,0.42547974110164843,-0.3039879070405346,0.029159475737180335,-0.3611394292934776,-0.2468363847875916,0.5855188953488372,0.008407760136369147,0.5690399882909021,0.6019978024067723,0.6739260700162252,0.005606941774674369,0.6629366660744503,0.684915473958,0.5855188953488372,0.008407760136369147,0.5690399882909021,0.6019978024067723,0.08840717466738807,0.0077366093694791775,0.07324369894075375,0.10357065039402238,0.0,0.0,0.0,0.0,DESCRIPTIVE_ONLY,0.2921511627906977,0.0,-0.2921511627906977,0.2921511627906977,0.0,0.0,0.2921511627906977,0.0
fixed_development_prediction,cell,3-2|BOUNDARY|FB,6001,5514,0.9188468588568572,5104,2107,695,479,"Raw W per selected current decision, not accumulated PA improvement",Individual95 fixed-score game-cluster normal; outside main multiplicity family,1095.0,965.1631837131181,875.0,0.005402172319456229,0.21412408934048646,0.19138826042652435,0.2654185541355294,4419.0,4393.188224003802,1946.0,0.0019571583625005383,0.3052860051350761,0.31378848343879356,0.3114770846934365,0.1854338448581703,0.0109240099035479,0.16402317888045756,0.20684451083588304,0.3127934534559462,0.007606758078163653,0.29788448158363634,0.3277024253282561,0.12735960859777593,0.013217097907652641,0.10145457271863705,0.1532646444769148,0.29533822996010156,0.006649083327010038,0.28230626610895615,0.308370193811247,0.3127934534559462,0.007606758078163653,0.29788448158363634,0.3277024253282561,0.29533822996010156,0.006649083327010038,0.28230626610895615,0.308370193811247,0.017455223495844687,0.002450975362801413,0.012651400057758926,0.022259046933930448,0.0,0.0,0.0,0.0,DESCRIPTIVE_ONLY,0.8014145810663765,1.0,0.19858541893362347,0.1985854189336235,0.0,0.0,0.8014145810663765,0.0
fixed_development_prediction,cell,3-2|BOUNDARY|NFB,3418,3121,0.9131070801638385,2966,1687,591,441,"Raw W per selected current decision, not accumulated PA improvement",Individual95 fixed-score game-cluster normal; outside main multiplicity family,531.0,462.40670109648073,467.0,0.007953938006641525,0.2057554452618861,0.17370484523054006,0.28549569621666293,2590.0,2578.767239752163,1513.0,0.0024114557021407044,0.2630247157008013,0.2695007673370971,0.28504113991882996,0.154600419788693,0.0171254279142471,0.12103519785693179,0.1881656417204542,0.2689040988095663,0.009421979511605273,0.2504373583037457,0.2873708393153869,0.11430367902087331,0.019277946187352218,0.07651959879776171,0.1520877592439849,0.2581871195129766,0.008464055355161352,0.241597875853707,0.27477636317224624,0.2689040988095663,0.009421979511605273,0.2504373583037457,0.2873708393153869,0.2581871195129766,0.008464055355161352,0.241597875853707,0.27477636317224624,0.010716979296589694,0.002833710985081622,0.005163007823234198,0.01627095076994519,0.0,0.0,0.0,0.0,DESCRIPTIVE_ONLY,0.8298622236462673,1.0,0.17013777635373273,0.17013777635373278,0.0,0.0,0.8298622236462673,0.0
fixed_development_prediction,cell,3-2|INNER|FB,8333,7087,0.8504740189607585,6245,2235,715,490,"Raw W per selected current decision, not accumulated PA improvement",Individual95 fixed-score game-cluster normal; outside main multiplicity family,465.0,420.2922983873878,414.0,0.007295309359841525,0.006481212551305933,0.009411925744995882,0.16761620936934019,6622.0,6613.8193390872675,2194.0,0.002126403922170825,0.37631276518902856,0.36517362224931277,0.34573794233022126,0.06048554717375708,0.005876784005650906,0.04896726217776027,0.07200383216975388,0.36559512854364584,0.007550952236236168,0.35079553411164077,0.3803947229756509,0.3051095813698888,0.009519239196020947,0.2864522153854657,0.3237669473543119,0.34232665443770277,0.006930523571170753,0.3287430778442022,0.35591023103120334,0.36559512854364584,0.007550952236236168,0.35079553411164077,0.3803947229756509,0.34232665443770277,0.006930523571170753,0.3287430778442022,0.35591023103120334,0.023268474105943043,0.001273174669616945,0.02077309760746515,0.025763850604420938,0.0,0.0,0.0,0.0,DESCRIPTIVE_ONLY,0.9343869056018062,1.0,0.06561309439819385,0.06561309439819388,0.0,0.0,0.9343869056018062,0.0
fixed_development_prediction,cell,3-2|INNER|NFB,4052,3407,0.8408193484698914,3200,1739,584,455,"Raw W per selected current decision, not accumulated PA improvement",Individual95 fixed-score game-cluster normal; outside main multiplicity family,224.0,202.99228834236442,217.0,0.011642555978610757,0.005958534533871089,0.008374405869479814,0.22996595007250523,3183.0,3178.679256263099,1678.0,0.0025329095871622774,0.3576581145646565,0.34664724805605407,0.34560140934756567,0.07565818854450791,0.011111383616734116,0.05388027683730064,0.09743610025171517,0.3461556927196944,0.01017823692246799,0.3262067149255413,0.36610467051384743,0.2704975041751865,0.015002118422986694,0.24109389237432774,0.29990111597604524,0.32531405928969764,0.00936993615431445,0.30694932188980156,0.3436787966895937,0.3461556927196944,0.01017823692246799,0.3262067149255413,0.36610467051384743,0.32531405928969764,0.00936993615431445,0.30694932188980156,0.3436787966895937,0.020841633429996727,0.001722628161139639,0.017465344275408575,0.02421792258458488,0.0,0.0,0.0,0.0,DESCRIPTIVE_ONLY,0.9342530085118873,1.0,0.0657469914881127,0.06574699148811271,0.0,0.0,0.9342530085118873,0.0
fixed_development_prediction,cell,3-2|MISSING|UNCLASSIFIED,12,0,0.0,0,0,0,0,"Raw W per selected current decision, not accumulated PA improvement",Individual95 fixed-score game-cluster normal; outside main multiplicity family,,,,,,,,,,,,,,,,,,,,,,,,,,,,,,,,,,,,,,,,,,,,,,,NO_COMMON_SUPPORT,,,,,,,,
fixed_development_prediction,cell,3-2|OUT|FB,7944,7229,0.9099949647532729,6818,2244,726,482,"Raw W per selected current decision, not accumulated PA improvement",Individual95 fixed-score game-cluster normal; outside main multiplicity family,4201.0,3936.261280386696,1970.0,0.001896593973831158,0.5862594854858479,0.6571828520005596,0.6301014266100754,3028.0,2480.0838566698717,1639.0,0.002673846210291419,0.252867999534296,0.23700818538587923,0.2342610098903109,0.6529852858973332,0.0025979204619463706,0.6478934553572187,0.6580771164374477,0.23148802690327014,0.009318737423738352,0.2132236371713574,0.24975241663518288,-0.421497258994063,0.009692541382166082,-0.44049429102177257,-0.4025002269663534,0.49155194356065834,0.004543423756711311,0.4826469966310005,0.5004568904903162,0.6529852858973332,0.0025979204619463706,0.6478934553572187,0.6580771164374477,0.49155194356065834,0.004543423756711311,0.4826469966310005,0.5004568904903162,0.16143334233667467,0.004447509035490754,0.15271638480619631,0.17015029986715302,0.0,0.0,0.0,0.0,DESCRIPTIVE_ONLY,0.41886844653479044,0.0,-0.41886844653479044,0.41886844653479044,0.0,0.0,0.41886844653479044,0.0
fixed_development_prediction,cell,3-2|OUT|NFB,6442,5927,0.9200558832660665,5687,2171,715,476,"Raw W per selected current decision, not accumulated PA improvement",Individual95 fixed-score game-cluster normal; outside main multiplicity family,3223.0,2807.5548513605972,1755.0,0.002731185407059543,0.6592266332561882,0.6614821227684126,0.6305738457399552,2704.0,2003.5052991680411,1565.0,0.0044548398382098925,0.15106043230858493,0.15710293372714138,0.1883189180316378,0.6600543696555338,0.0033176449882723618,0.6535519049650301,0.6665568343460374,0.15738627875299963,0.0070651118582861425,0.14353891396401194,0.1712336435419873,-0.5026680909025342,0.007800956029231151,-0.5179576837648078,-0.4873784980402605,0.45108992745064946,0.005011120783186439,0.4412683111934239,0.460911543707875,0.6600543696555338,0.0033176449882723618,0.6535519049650301,0.6665568343460374,0.45108992745064946,0.005011120783186439,0.4412683111934239,0.460911543707875,0.20896444220488425,0.005107631920825744,0.19895366759377867,0.21897521681598983,0.0,0.0,0.0,0.0,DESCRIPTIVE_ONLY,0.45621731061245147,0.0,-0.45621731061245147,0.45621731061245147,0.0,0.0,0.45621731061245147,0.0
fixed_development_prediction,known_marginal,pitcher_known,652506,574901,0.8810662277434996,153203,2430,674,512,"Raw W per selected current decision, not accumulated PA improvement",Individual95 fixed-score game-cluster normal; outside main multiplicity family,293096.0,169989.88163159462,2430.0,0.000820697405215906,0.2859575270496614,0.28879794911139145,0.29387158094288923,281805.0,172476.66233107433,2430.0,0.0007444262110301142,0.265755825332221,0.2631775375664413,0.2575220531206435,0.28903278430318463,0.0015648754326264718,0.2859656848149452,0.29209988379142404,0.26321805157330364,0.0015836050307873589,0.26011424274722394,0.2663218603993833,-0.025814732729881006,0.0014312899417551588,-0.02862000946715555,-0.023009455992606464,0.3035376977949247,0.001456059780321438,0.30068387306615735,0.306391522523692,0.3297160353342016,0.0015449854469388644,0.3266879195015629,0.33274415116684025,0.3035376977949247,0.001456059780321438,0.30068387306615735,0.306391522523692,0.026178337539276855,0.0005263081843249816,0.025146792453231225,0.027209882625322486,0.0,0.0,0.0,0.0,DESCRIPTIVE_ONLY,0.49018004839094037,0.4346991916869165,-0.05548085670402386,0.3186148571667122,0.0,0.0,0.49018004839094037,0.0
fixed_development_prediction,known_marginal,pitcher_unseen,63879,56005,0.876735703439315,15183,1442,189,496,"Raw W per selected current decision, not accumulated PA improvement",Individual95 fixed-score game-cluster normal; outside main multiplicity family,29550.0,17184.590479304436,1436.0,0.004199383689882274,0.3415771255155828,0.33451833709617323,0.30195486708882147,26455.0,16540.275199006457,1441.0,0.003776193926192786,0.2865336416869224,0.3016548718948371,0.26305743875240123,0.3338087350733281,0.005382540795518729,0.3232591489687938,0.34435832117786236,0.2977592871610761,0.004934199712389316,0.28808843343226515,0.307430140889887,-0.03604944791225211,0.004792256309325999,-0.04544209768321591,-0.026656798141288317,0.3489167574323721,0.004785021702143313,0.33953828723092866,0.35829522763381555,0.37676319256677077,0.005059892139681283,0.36684598620733816,0.3866803989262034,0.3489167574323721,0.004785021702143313,0.33953828723092866,0.35829522763381555,0.027846435134398665,0.0017524289215437635,0.024411737562706523,0.03128113270609081,0.0,0.0,0.0,0.0,DESCRIPTIVE_ONLY,0.47236853852334615,0.4251584679939291,-0.04721007052941706,0.30993661280242835,0.0,0.0,0.47236853852334615,0.0
fixed_development_prediction,known_marginal,batter_known,669079,630906,0.9429469464741832,168376,2430,863,512,"Raw W per selected current decision, not accumulated PA improvement",Individual95 fixed-score game-cluster normal; outside main multiplicity family,322646.0,187173.86262001505,2430.0,0.0007572128055418133,0.29089483246771725,0.2929717394027071,0.2945891275197215,308260.0,188986.88609963146,2430.0,0.0007004879255439653,0.2676002547796269,0.266407461226533,0.2580134246915378,0.29300750814933907,0.0015206605412151004,0.2900270682558463,0.29598794804283185,0.26628424827945824,0.0015215192280130419,0.26330212539076747,0.269266371168149,-0.026723259869880767,0.001358600146190775,-0.02938606722580554,-0.024060452513955995,0.307565959112768,0.0014151619463401296,0.3047922926656498,0.31033962555988626,0.3338923722858394,0.0014963908918096801,0.33095950003109864,0.33682524454058016,0.307565959112768,0.0014151619463401296,0.3047922926656498,0.31033962555988626,0.026326413173071425,0.0005049189029548687,0.025336790308166407,0.027316036037976443,0.0,0.0,0.0,0.0,DESCRIPTIVE_ONLY,0.48859893549910766,0.4338522695932516,-0.05474666590585603,0.31784449664450803,0.0,0.0,0.48859893549910766,0.0
fixed_development_prediction,known_marginal,batter_unseen,47306,0,0.0,0,0,0,0,"Raw W per selected current decision, not accumulated PA improvement",Individual95 fixed-score game-cluster normal; outside main multiplicity family,,,,,,,,,,,,,,,,,,,,,,,,,,,,,,,,,,,,,,,,,,,,,,,NO_COMMON_SUPPORT,,,,,,,,
fixed_development_prediction,known_joint,pitcher_known_batter_known,609475,574901,0.9432724886172525,153203,2430,674,512,"Raw W per selected current decision, not accumulated PA improvement",Individual95 fixed-score game-cluster normal; outside main multiplicity family,293096.0,169989.88163159462,2430.0,0.000820697405215906,0.2859575270496614,0.28879794911139145,0.29387158094288923,281805.0,172476.66233107433,2430.0,0.0007444262110301142,0.265755825332221,0.2631775375664413,0.2575220531206435,0.28903278430318463,0.0015648754326264718,0.2859656848149452,0.29209988379142404,0.26321805157330364,0.0015836050307873589,0.26011424274722394,0.2663218603993833,-0.025814732729881006,0.0014312899417551588,-0.02862000946715555,-0.023009455992606464,0.3035376977949247,0.001456059780321438,0.30068387306615735,0.306391522523692,0.3297160353342016,0.0015449854469388644,0.3266879195015629,0.33274415116684025,0.3035376977949247,0.001456059780321438,0.30068387306615735,0.306391522523692,0.026178337539276855,0.0005263081843249816,0.025146792453231225,0.027209882625322486,0.0,0.0,0.0,0.0,DESCRIPTIVE_ONLY,0.49018004839094037,0.4346991916869165,-0.05548085670402386,0.3186148571667122,0.0,0.0,0.49018004839094037,0.0
fixed_development_prediction,known_joint,pitcher_known_batter_unseen,43031,0,0.0,0,0,0,0,"Raw W per selected current decision, not accumulated PA improvement",Individual95 fixed-score game-cluster normal; outside main multiplicity family,,,,,,,,,,,,,,,,,,,,,,,,,,,,,,,,,,,,,,,,,,,,,,,NO_COMMON_SUPPORT,,,,,,,,
fixed_development_prediction,known_joint,pitcher_unseen_batter_known,59604,56005,0.9396181464331252,15183,1442,189,496,"Raw W per selected current decision, not accumulated PA improvement",Individual95 fixed-score game-cluster normal; outside main multiplicity family,29550.0,17184.590479304436,1436.0,0.004199383689882274,0.3415771255155828,0.33451833709617323,0.30195486708882147,26455.0,16540.275199006457,1441.0,0.003776193926192786,0.2865336416869224,0.3016548718948371,0.26305743875240123,0.3338087350733281,0.005382540795518729,0.3232591489687938,0.34435832117786236,0.2977592871610761,0.004934199712389316,0.28808843343226515,0.307430140889887,-0.03604944791225211,0.004792256309325999,-0.04544209768321591,-0.026656798141288317,0.3489167574323721,0.004785021702143313,0.33953828723092866,0.35829522763381555,0.37676319256677077,0.005059892139681283,0.36684598620733816,0.3866803989262034,0.3489167574323721,0.004785021702143313,0.33953828723092866,0.35829522763381555,0.027846435134398665,0.0017524289215437635,0.024411737562706523,0.03128113270609081,0.0,0.0,0.0,0.0,DESCRIPTIVE_ONLY,0.47236853852334615,0.4251584679939291,-0.04721007052941706,0.30993661280242835,0.0,0.0,0.47236853852334615,0.0
fixed_development_prediction,known_joint,pitcher_unseen_batter_unseen,4275,0,0.0,0,0,0,0,"Raw W per selected current decision, not accumulated PA improvement",Individual95 fixed-score game-cluster normal; outside main multiplicity family,,,,,,,,,,,,,,,,,,,,,,,,,,,,,,,,,,,,,,,,,,,,,,,NO_COMMON_SUPPORT,,,,,,,,
fixed_development_prediction,known_combined,both_known,609475,574901,0.9432724886172525,153203,2430,674,512,"Raw W per selected current decision, not accumulated PA improvement",Individual95 fixed-score game-cluster normal; outside main multiplicity family,293096.0,169989.88163159462,2430.0,0.000820697405215906,0.2859575270496614,0.28879794911139145,0.29387158094288923,281805.0,172476.66233107433,2430.0,0.0007444262110301142,0.265755825332221,0.2631775375664413,0.2575220531206435,0.28903278430318463,0.0015648754326264718,0.2859656848149452,0.29209988379142404,0.26321805157330364,0.0015836050307873589,0.26011424274722394,0.2663218603993833,-0.025814732729881006,0.0014312899417551588,-0.02862000946715555,-0.023009455992606464,0.3035376977949247,0.001456059780321438,0.30068387306615735,0.306391522523692,0.3297160353342016,0.0015449854469388644,0.3266879195015629,0.33274415116684025,0.3035376977949247,0.001456059780321438,0.30068387306615735,0.306391522523692,0.026178337539276855,0.0005263081843249816,0.025146792453231225,0.027209882625322486,0.0,0.0,0.0,0.0,DESCRIPTIVE_ONLY,0.49018004839094037,0.4346991916869165,-0.05548085670402386,0.3186148571667122,0.0,0.0,0.49018004839094037,0.0
fixed_development_prediction,known_combined,at_least_one_unseen,106910,56005,0.5238518379945749,15183,1442,189,496,"Raw W per selected current decision, not accumulated PA improvement",Individual95 fixed-score game-cluster normal; outside main multiplicity family,29550.0,17184.590479304436,1436.0,0.004199383689882274,0.3415771255155828,0.33451833709617323,0.30195486708882147,26455.0,16540.275199006457,1441.0,0.003776193926192786,0.2865336416869224,0.3016548718948371,0.26305743875240123,0.3338087350733281,0.005382540795518729,0.3232591489687938,0.34435832117786236,0.2977592871610761,0.004934199712389316,0.28808843343226515,0.307430140889887,-0.03604944791225211,0.004792256309325999,-0.04544209768321591,-0.026656798141288317,0.3489167574323721,0.004785021702143313,0.33953828723092866,0.35829522763381555,0.37676319256677077,0.005059892139681283,0.36684598620733816,0.3866803989262034,0.3489167574323721,0.004785021702143313,0.33953828723092866,0.35829522763381555,0.027846435134398665,0.0017524289215437635,0.024411737562706523,0.03128113270609081,0.0,0.0,0.0,0.0,DESCRIPTIVE_ONLY,0.47236853852334615,0.4251584679939291,-0.04721007052941706,0.30993661280242835,0.0,0.0,0.47236853852334615,0.0
