n_all,n,coverage,games,PA,pitchers,batters,action1_rate_all,action1_rate,rows0,ESS0,games0,max_game_share0,max_weight0,weight_p99_0,Q0,gcomp0,naive0,rows1,ESS1,games1,max_game_share1,max_weight1,weight_p99_1,Q1,gcomp1,naive1,delta,SE,nominal95_low,nominal95_high,adjusted95_low,adjusted95_high,family,support_gate,support_reasons,naive_delta,gcomp_delta,gcomp_aipw_flip,p_min,p01,p50,p99,p_max,year,model,count,region,population,fold,interval_role
54185,52544,0.9697148657377503,722,52544,637,624,0.599944634123835,0.601001065773447,20965,18840.693737821643,722,0.0023281901119814926,13.908996744544917,5.560542406587257,0.3036515114212661,0.31686163065395645,0.30480925351776766,31579,30184.68879032058,722,0.002151234710662288,5.515360223319369,2.8476634764641444,0.3119114694976586,0.3110851395881773,0.3101264131226447,0.008259958076392421,0.0046997927067895925,-0.0009669554128614744,0.017486871565646316,-0.0009669554128614744,0.017486871565646316,1,True,,0.005317159604877053,-0.005776491065779155,True,0.1573008658706922,0.3139796714367513,0.6123451073536027,0.8769223086870248,0.9469732367415861,2026,pitch,0-0,ALL,own,0,"descriptive nominal only, no subgroup significance claim"
54421,52568,0.9659506440528473,722,52568,632,626,0.6007974862644935,0.601563688936235,20945,18853.334781742687,722,0.002562101521587224,12.921902679409145,5.356101897262637,0.3137607266954885,0.310753849677592,0.3175222726187634,31623,30239.94728276545,722,0.0021723073055150924,6.193049972674294,2.762363159174352,0.30945050906372046,0.312576425821968,0.30710302627834174,-0.004310217631768035,0.004764890375818481,-0.013664934749384924,0.005044499485848853,-0.013664934749384924,0.005044499485848853,1,True,,-0.010419246340421684,0.0018225761443759758,True,0.15282816766643612,0.32170552269296027,0.6179214921591567,0.8807887101846168,0.9495296459896715,2026,pitch,0-0,ALL,own,1,"descriptive nominal only, no subgroup significance claim"
54447,52659,0.9671607251088215,721,52659,633,633,0.5960842654324389,0.5966691353804667,21239,19078.282642745038,721,0.0028243642554513265,12.555560954556832,5.416471805015184,0.30979284254843364,0.31188592620151917,0.3137656669334714,31420,29959.59654453851,721,0.0024413631398130043,5.869990777524157,2.8796481065120996,0.3129316678804655,0.3103737577320649,0.3102049649904519,0.0031388253320318903,0.004542423890205492,-0.005779153132575582,0.012056803796639363,-0.005779153132575582,0.012056803796639363,1,True,,-0.0035607019430194953,-0.0015121684694542892,True,0.14264628827180534,0.30810428467988293,0.6107178143854459,0.8721919225944028,0.9445303239505926,2026,pitch,0-0,ALL,own,2,"descriptive nominal only, no subgroup significance claim"
54185,48090,0.8875149949247947,722,48090,548,623,0.599944634123835,0.5994177583697234,19264,17318.332818681556,722,0.0023980251871185895,13.908996744544917,5.573809564292569,0.30361941433520273,0.3170383313943017,0.3047325581395349,28826,27576.993104687463,722,0.002156734042942096,5.515360223319369,2.8213349942179704,0.31137486030552985,0.3113822937027557,0.3095651842087005,0.00775544597032708,0.004896561842624355,-0.0018577764280580033,0.017368668368712162,-0.0018577764280580033,0.017368668368712162,1,True,,0.004832626069165569,-0.00565603769154599,True,0.1573008658706922,0.3166983400692277,0.6126984838952096,0.8775971739203108,0.9469732367415861,2026,pitch,0-0,ALL,common,0,"descriptive nominal only, no subgroup significance claim"
54421,47916,0.8804689366237298,722,47916,540,626,0.6007974862644935,0.598923115452041,19218,17287.353777211123,722,0.002543136524913755,12.921902679409145,5.359838284700922,0.3139390255892506,0.3107153240263804,0.31759683629930274,28698,27459.989869107132,722,0.0023132446364561897,6.193049972674294,2.741262596696965,0.3088725336656056,0.3125691572568943,0.3060880897623527,-0.0050664919236450045,0.005029624760037195,-0.014940951381660895,0.004807967534370885,-0.014940951381660895,0.004807967534370885,1,True,,-0.011508746536950054,0.0018538332305139127,True,0.15282816766643612,0.32477742452973063,0.61757371754758,0.8821131009246919,0.9495296459896715,2026,pitch,0-0,ALL,common,1,"descriptive nominal only, no subgroup significance claim"
54447,47488,0.8721876320091098,721,47488,539,631,0.5960842654324389,0.5924022911051213,19356,17410.99369317338,721,0.0026009728222724095,12.555560954556832,5.402531157054352,0.3092941195776065,0.3118241009938182,0.31393676379417235,28132,26823.095274823954,721,0.0023177199840149166,5.869990777524157,2.8789244955308426,0.31296761743320034,0.3102272512930742,0.3102349992890658,0.003673497855593887,0.004858382631988711,-0.0058647911135005955,0.01321178682468837,-0.0058647911135005955,0.01321178682468837,1,True,,-0.003701764505106564,-0.0015968497007439741,True,0.14264628827180534,0.30873170810078,0.6097001696828546,0.8695515040543185,0.9445303239505926,2026,pitch,0-0,ALL,common,2,"descriptive nominal only, no subgroup significance claim"
27113,26340,0.9714896912920001,722,26340,635,619,0.49603511230774905,0.4957858769931663,13281,12213.245594653128,722,0.0028734841530748396,9.821579753021126,4.194259556227851,0.2632051868760112,0.2691500949244298,0.2623883743693999,13059,11990.577323790305,722,0.002808835247192745,10.125062975865314,4.181873145642225,0.2610427135025416,0.2660282207390411,0.2593634275212497,-0.0021624733734696036,0.00640984670588963,-0.014746666916555266,0.010421720169616058,-0.014746666916555266,0.010421720169616058,1,True,,-0.0030249468481501895,-0.003121874185388729,False,0.09876481779754435,0.21542066042827035,0.4888354204241779,0.8134111059101208,0.9102212667371771,2026,pitch,0-1,ALL,own,0,"descriptive nominal only, no subgroup significance claim"
27254,26408,0.9689586849636751,722,26408,627,619,0.4970279591986497,0.49715995152983944,13279,12170.677864253714,722,0.0026927727320334195,9.948814231826017,4.252415082197687,0.2700438008257419,0.2662795979335345,0.27030544468709994,13129,12054.256831281862,722,0.0028188336289073678,8.237024184779244,4.1557232057507685,0.2618756642854714,0.2644291561053773,0.2616671490593343,-0.008168136540270541,0.006314585780123142,-0.02056530814945605,0.0042290350689149665,-0.02056530814945605,0.0042290350689149665,1,True,,-0.008638295627765635,-0.00185044182815719,False,0.09994843995114233,0.21824881602761997,0.49276728303831574,0.8151163591626441,0.9183966011773308,2026,pitch,0-1,ALL,own,1,"descriptive nominal only, no subgroup significance claim"
27385,26566,0.9700931166697097,721,26566,632,623,0.49421215994157386,0.4925468644131597,13481,12424.767588305298,721,0.0027835177761943845,8.038511793559486,4.051165053974841,0.26066744330715275,0.26921725051411355,0.2626391959053483,13085,12004.432014847125,721,0.002445621568577175,8.545076986528247,4.232233370100959,0.26311758056624013,0.2638315350273246,0.26071585785250284,0.002450137259087354,0.006162556924797143,-0.009648590484212793,0.014548865002387501,-0.009648590484212793,0.014548865002387501,1,True,,-0.001923338052845447,-0.005385715486788956,True,0.09997200394818456,0.21133704282756674,0.4843371593087542,0.8077773756940584,0.9125194665579096,2026,pitch,0-1,ALL,own,2,"descriptive nominal only, no subgroup significance claim"
27113,23952,0.8834138605097186,722,23952,547,618,0.49603511230774905,0.49707748830995324,12046,11073.415133626482,722,0.0024897457115489728,9.821579753021126,4.203347681446463,0.2639875834227021,0.26925478945497044,0.2629151585588577,11906,10951.420156753538,722,0.0027005224027310203,10.125062975865314,4.113738815023519,0.259297195744284,0.2661628395410603,0.2579010582899378,-0.004690387678418069,0.006911229398412716,-0.018258925642106877,0.00887815028527074,-0.018258925642106877,0.00887815028527074,1,True,,-0.005014100268919908,-0.0030919499139101525,False,0.09876481779754435,0.2188278135133621,0.4899448753460559,0.8156792225923015,0.9102212667371771,2026,pitch,0-1,ALL,common,0,"descriptive nominal only, no subgroup significance claim"
27254,23947,0.8786600132090703,722,23947,536,619,0.4970279591986497,0.49860107737921244,12007,10996.150523279171,722,0.002884589462807983,9.948814231826017,4.2622522611950915,0.27065881043419737,0.2660579497899932,0.27054326642791704,11940,10977.318467852274,722,0.0031021660995946667,8.237024184779244,4.061182793884959,0.2606416481469192,0.2643118489228302,0.25970268006700165,-0.010017162287278216,0.006628566018372012,-0.02303075863610647,0.0029964340615500386,-0.02303075863610647,0.0029964340615500386,1,True,,-0.010840586360915394,-0.0017461008671629807,False,0.09994843995114233,0.22267560491228372,0.49256948056418276,0.8166220608809444,0.9183966011773308,2026,pitch,0-1,ALL,common,1,"descriptive nominal only, no subgroup significance claim"
27385,23794,0.8688698192441118,721,23794,538,621,0.49421215994157386,0.49306547869210726,12062,11131.094824357742,721,0.0029463335629454817,8.038511793559486,4.003009509594117,0.2595884844448634,0.2690436033236892,0.2619194163488642,11732,10768.157001835028,721,0.0024648581943415696,8.545076986528247,4.198591827954134,0.26450666487237745,0.2636555183928536,0.2613709512444596,0.004918180427514093,0.006571379485316269,-0.007983174036382648,0.017819534891410832,-0.007983174036382648,0.017819534891410832,1,True,,-0.0005484651044045941,-0.0053880849308355905,True,0.09997200394818456,0.2136707889456239,0.4839590901786547,0.8052848696445712,0.9125194665579096,2026,pitch,0-1,ALL,common,2,"descriptive nominal only, no subgroup significance claim"
14253,13867,0.9729179821791903,722,11199,627,601,0.4262962183399986,0.42503785966683494,7973,7454.386490237729,721,0.0035047476911986633,7.23321492220108,3.385527316835899,0.19020075358936145,0.20395646384247038,0.18966662485889876,5894,5246.222060601857,720,0.0040572919454183575,10.89641750882326,5.607448046156812,0.19455571304477345,0.21160797278734347,0.19633033593484897,0.004354959455412029,0.007704102858948965,-0.010770194998558264,0.019480113909382323,-0.010770194998558264,0.019480113909382323,1,True,,0.006663711075950207,0.007651508944873098,False,0.07703053620131471,0.16317821579343242,0.4000261184413758,0.7501464062617181,0.8697014308618481,2026,pitch,0-2,ALL,own,0,"descriptive nominal only, no subgroup significance claim"
14544,14094,0.969059405940594,722,11340,617,597,0.43028052805280526,0.4290478217681283,8047,7528.181666614363,722,0.0035117538573615483,6.907298549197616,3.4154569358899987,0.19818251658568153,0.2029582067334251,0.19637007580464771,6047,5328.774899454352,722,0.004558643690749794,12.409429866721183,5.700516031823397,0.20319559777506835,0.20901774033569318,0.20373871341160904,0.0050130811893868135,0.007642718269506449,-0.009991559375632331,0.020017721754405957,-0.009991559375632331,0.020017721754405957,1,True,,0.007368637606961326,0.006059533602268075,False,0.06461205220884997,0.15626750707873202,0.40615868668111654,0.7619423235519764,0.8671731761429455,2026,pitch,0-2,ALL,own,1,"descriptive nominal only, no subgroup significance claim"
14248,13824,0.970241437394722,721,11230,621,606,0.4191465468837732,0.4171730324074074,8057,7564.1493508049425,721,0.0036855324441107014,8.957480878883684,3.300238621825194,0.19350292268581876,0.20118849790986162,0.19446456497455628,5767,5101.225859603132,720,0.004396797018203904,12.338174988327138,5.594611328724021,0.19445419615473708,0.21037105300239856,0.19362268076989766,0.0009512734689183021,0.0075866802098005295,-0.013943384617648798,0.0158459315554854,-0.013943384617648798,0.0158459315554854,1,True,,-0.0008418842046586106,0.009182555092536931,False,0.07880100695184765,0.1597856542584415,0.3995701069024181,0.7489256045588495,0.8883614697568158,2026,pitch,0-2,ALL,own,2,"descriptive nominal only, no subgroup significance claim"
14253,12647,0.8873219673051287,722,10215,541,598,0.4262962183399986,0.43227642919269393,7180,6709.705331005492,721,0.003777280400591531,7.23321492220108,3.3898975058786562,0.18907787828129013,0.20406924386101863,0.1881090529247911,5467,4865.586544210837,720,0.004378827558557808,10.89641750882326,5.596714008369663,0.19127374289655003,0.21178043955309098,0.1937252606548381,0.002195864615259893,0.008150432213256668,-0.01380555026057162,0.018197279491091407,-0.01380555026057162,0.018197279491091407,1,True,,0.005616207730047007,0.007711195692072348,False,0.07703053620131471,0.16323571949554783,0.40059818050385443,0.7521153687901606,0.8697014308618481,2026,pitch,0-2,ALL,common,0,"descriptive nominal only, no subgroup significance claim"
14544,12961,0.8911578657865786,722,10407,527,595,0.43028052805280526,0.43353136332073144,7342,6871.210525765423,722,0.003854782512757744,6.907298549197616,3.395494688420076,0.19721911019402788,0.202910053214056,0.1953395532552438,5619,4962.43810590284,720,0.0048366291731053185,12.409429866721183,5.614016375863983,0.2006197110578797,0.2091931106863348,0.20100177967609892,0.0034006008638518127,0.00801485015807837,-0.012334631230765086,0.019135832958468713,-0.012334631230765086,0.019135832958468713,1,True,,0.005662226420855121,0.006283057472278808,False,0.06461205220884997,0.16029006842030832,0.40539382039162625,0.7620431766023831,0.8671731761429455,2026,pitch,0-2,ALL,common,1,"descriptive nominal only, no subgroup significance claim"
14248,12534,0.8797024143739473,721,10151,529,604,0.4191465468837732,0.4217328865485878,7248,6804.829952528346,721,0.0036192552989525594,8.957480878883684,3.276780478414426,0.19434494102399633,0.20114932999004886,0.19533954194260483,5286,4677.002661981713,720,0.00478139720583394,12.338174988327138,5.625782692221224,0.19270220652055767,0.21030686540638446,0.19211804767309873,-0.0016427345034386739,0.007995277505663376,-0.017339577056554287,0.01405410804967694,-0.017339577056554287,0.01405410804967694,1,True,,-0.0032214942695061033,0.0091575354163356,True,0.07880100695184765,0.16146241770530376,0.4000150346681076,0.7445180405110948,0.8883614697568158,2026,pitch,0-2,ALL,common,2,"descriptive nominal only, no subgroup significance claim"
20790,20142,0.9688311688311688,722,20142,633,615,0.6054834054834055,0.6068414258762784,7919,7130.226124481487,721,0.003292992931688284,10.376433030798005,5.484158380838913,0.34830045163689866,0.36660859901496234,0.35142606389695663,12223,11688.215248363342,722,0.0027139901052693673,4.402072387363665,2.843084330516899,0.35550489257978174,0.34657342598108776,0.35299001881698433,0.007204440942883086,0.007710056579117784,-0.00793240220979461,0.022341284095560784,-0.00793240220979461,0.022341284095560784,1,True,,0.0015639549200276992,-0.020035173033874587,True,0.16567472100890204,0.31953433780961576,0.6181568261054509,0.8792476883858381,0.9495006717216626,2026,pitch,1-0,ALL,own,0,"descriptive nominal only, no subgroup significance claim"
20782,19998,0.9622750457126359,722,19998,630,611,0.608747954961024,0.6096609660966097,7806,7076.468783868284,722,0.0031200551047917717,12.741044724898254,5.232441244264576,0.36398686429572447,0.35732734042836695,0.36906161926723036,12192,11652.976060145564,722,0.0029360032845136136,5.528314971768698,2.7832530682535066,0.3400292083293171,0.35412913947190544,0.3357379429133858,-0.02395765596640742,0.007746196122011563,-0.03916545042622263,-0.008749861506592209,-0.03916545042622263,-0.008749861506592209,1,True,,-0.033323676353844534,-0.0031982009564615055,False,0.16881703193957487,0.3228803677381682,0.6208371425058836,0.8842768908991526,0.9470142166280472,2026,pitch,1-0,ALL,own,1,"descriptive nominal only, no subgroup significance claim"
20866,20136,0.965014856704687,721,20136,630,622,0.596904054442634,0.5970401271354787,8114,7368.712770324463,721,0.0029462771572873023,10.525809656246865,5.345428105239838,0.3569390696994219,0.3592102563402564,0.36452501848656643,12022,11497.637631546288,721,0.003073607810590694,4.600567456153003,2.777594347608516,0.35566641609141575,0.34476969779357797,0.35344368657461317,-0.0012726536080062047,0.007552000240792756,-0.016099225750980183,0.013553918534967775,-0.016099225750980183,0.013553918534967775,1,True,,-0.011081331911953263,-0.014440558546678417,False,0.1463421291530533,0.3155708507959897,0.6214388928217317,0.8766740917773423,0.9469742492234905,2026,pitch,1-0,ALL,own,2,"descriptive nominal only, no subgroup significance claim"
20790,18423,0.8861471861471861,722,18423,545,610,0.6054834054834055,0.6050588937740867,7276,6557.710639427486,721,0.0032207254297032433,10.376433030798005,5.481225124083822,0.3491448201046177,0.36686138273842345,0.35246687740516763,11147,10665.7562441073,722,0.002727257423531251,4.402072387363665,2.8335253647432124,0.3523374695722544,0.34700868579101957,0.34979671660536465,0.003192649467636739,0.008014559584523228,-0.012542012155637524,0.018927311090911003,-0.012542012155637524,0.018927311090911003,1,True,,-0.0026701607998029786,-0.01985269694740388,True,0.16567472100890204,0.3209842806842023,0.6184059027954844,0.8798357150049397,0.9495006717216626,2026,pitch,1-0,ALL,common,0,"descriptive nominal only, no subgroup significance claim"
20782,18186,0.8750842074872486,722,18186,538,610,0.608747954961024,0.6054107555262289,7176,6503.173869649865,722,0.0033865053071775305,12.741044724898254,5.2259372902258,0.3652648565304309,0.35724675711256776,0.37010841694537344,11010,10533.599958876157,722,0.0029303688522180293,5.528314971768698,2.7293211037076635,0.33973979604467963,0.3540680798922332,0.335013714804723,-0.02552506048575129,0.008046682227369885,-0.04132278719829302,-0.009727333773209553,-0.04132278719829302,-0.009727333773209553,1,True,,-0.03509470214065047,-0.003178677220334547,False,0.16881703193957487,0.3246583888125149,0.6207835091171899,0.8857210653110414,0.9470142166280472,2026,pitch,1-0,ALL,common,1,"descriptive nominal only, no subgroup significance claim"
20866,18125,0.8686379756541742,721,18125,536,617,0.596904054442634,0.5912275862068965,7409,6721.4091155157785,721,0.00310414620458091,10.525809656246865,5.3747127757788995,0.35311239256757027,0.35905183165276316,0.361549466864624,10716,10246.563632929612,721,0.003343277652480626,4.600567456153003,2.772030822654412,0.35720155314579016,0.34458403436490675,0.3548723404255319,0.004089160578219875,0.00789224816287854,-0.011405408148765377,0.019583729305205126,-0.011405408148765377,0.019583729305205126,1,True,,-0.006677126439092129,-0.01446779728785641,True,0.1463421291530533,0.31544313144191727,0.620482659640441,0.8734070278341607,0.9469742492234905,2026,pitch,1-0,ALL,common,2,"descriptive nominal only, no subgroup significance claim"
21165,20573,0.9720292936451689,722,20573,635,615,0.5010630758327428,0.5006075924755747,10274,9418.034556964778,722,0.0028257903977824605,7.882753045633988,4.376456776460995,0.28961401761413424,0.30803854366700983,0.2915467198754137,10299,9479.361428620325,722,0.002661842896690793,7.9774938335269425,4.1058804529668365,0.2908592212327132,0.29350169633414563,0.28744946111272934,0.0012452036185788557,0.007041605910627938,-0.012579297293752907,0.015069704530910617,-0.012579297293752907,0.015069704530910617,1,True,,-0.004097258762684353,-0.0145368473328642,True,0.10268706349501855,0.22014241476568225,0.5007347227841635,0.821142156338829,0.9149339528869066,2026,pitch,1-1,ALL,own,0,"descriptive nominal only, no subgroup significance claim"
21067,20390,0.9678644325248018,722,20390,628,615,0.5133621303460388,0.5128003923491907,9934,9118.58062960695,722,0.003022671258120636,10.37981967796905,4.191166953859784,0.3039293070250683,0.3014237096931006,0.30470545600966376,10456,9622.036061879811,722,0.0032800153147764747,8.104293877678174,4.1175905197602285,0.29159992712343646,0.29401209611498963,0.28661581866870695,-0.012329379901631897,0.007468172162562962,-0.026991341133937717,0.0023325813306739208,-0.026991341133937717,0.0023325813306739208,1,True,,-0.01808963734095681,-0.007411613578110987,False,0.09611975947747767,0.22040782867661501,0.495706888878463,0.8187450242196054,0.9297460140287487,2026,pitch,1-1,ALL,own,1,"descriptive nominal only, no subgroup significance claim"
21334,20648,0.9678447548514109,721,20648,630,616,0.49395331395893877,0.49312282061216584,10466,9674.49837958236,721,0.002943424620745276,8.206078660265588,4.063502253699039,0.3061223750103411,0.29867207463464596,0.3075120389833747,10182,9387.67701240292,721,0.00284018995158137,6.7656285429718395,4.102854760021811,0.29430117570225617,0.2911750371810248,0.29136800235710075,-0.011821199308084934,0.007082427714672268,-0.025725876494372163,0.0020834778782022976,-0.025725876494372163,0.0020834778782022976,1,True,,-0.01614403662627395,-0.00749703745362118,False,0.11364422422096715,0.2150185460556951,0.49584719019650014,0.8127445407975501,0.9187775758860617,2026,pitch,1-1,ALL,own,2,"descriptive nominal only, no subgroup significance claim"
21165,18757,0.886227261989133,722,18757,546,612,0.5010630758327428,0.5004531641520499,9370,8594.571067885618,722,0.0029244886681461957,7.716501225969565,4.377295409950421,0.28958627752984617,0.3081965935656551,0.2923065101387407,9387,8665.546338448932,722,0.0029321709962028836,7.9774938335269425,4.020034841839456,0.2877975346914618,0.29367145532165,0.2845581122829445,-0.0017887428383843759,0.007225882803051092,-0.015975027142141173,0.012397541465372423,-0.015975027142141173,0.012397541465372423,1,True,,-0.00774839785579623,-0.014525138244005087,False,0.10268706349501855,0.2241422871841952,0.5014642919248484,0.8223725734217271,0.9149339528869066,2026,pitch,1-1,ALL,common,0,"descriptive nominal only, no subgroup significance claim"
21067,18450,0.8757772820050316,722,18450,537,614,0.5133621303460388,0.5126287262872629,8992,8242.340432418747,722,0.0033227182487735427,10.37981967796905,4.233168148789308,0.3034703771481496,0.3011571729574482,0.30446875,9458,8722.96739758033,722,0.0033778623641491944,8.104293877678174,4.044319480344564,0.2923268487419733,0.29380065302592046,0.28690864876295197,-0.011143528406176299,0.0076173182483752055,-0.026098302134033746,0.0038112453216811483,-0.026098302134033746,0.0038112453216811483,1,True,,-0.017560101237048042,-0.00735651993152775,False,0.09611975947747767,0.2233037018293923,0.49613443083334197,0.821907910312025,0.9297460140287487,2026,pitch,1-1,ALL,common,1,"descriptive nominal only, no subgroup significance claim"
21334,18508,0.8675353895190775,721,18508,537,610,0.49395331395893877,0.4917873352063972,9406,8701.804002113002,721,0.003096274065959426,7.176053316794715,4.040063108537464,0.3064805100053384,0.298456408603328,0.3084364235594302,9102,8384.550268665298,721,0.003169485775059191,6.7656285429718395,4.128980851953239,0.2956644324109806,0.2909643163072988,0.2923680509778071,-0.010816077594357803,0.007627440420813673,-0.02579075874632218,0.004158603557606576,-0.02579075874632218,0.004158603557606576,1,True,,-0.01606837258162308,-0.007492092296029207,False,0.11364422422096715,0.215465969756576,0.49559053253796004,0.810429815986404,0.9187775758860617,2026,pitch,1-1,ALL,common,2,"descriptive nominal only, no subgroup significance claim"
20671,20072,0.9710222050215277,722,15687,633,612,0.4352474481157177,0.43508369868473495,11339,10562.526277920415,722,0.002846239619124517,6.944206018737597,3.5759962296514107,0.21693410750071662,0.2296401079992093,0.21343240144633566,8733,7776.543104375077,722,0.003113162204176946,11.364907026078084,5.425561033827153,0.22138900889683333,0.2305526257176397,0.2211439367914806,0.004454901396116626,0.006794990501990983,-0.008885429429878591,0.017795232222111844,-0.008885429429878591,0.017795232222111844,1,True,,0.007711535345144932,0.0009125177184304001,False,0.08799016109022142,0.17365267896056438,0.41385452117573124,0.7600846537735484,0.8787289543485594,2026,pitch,1-2,ALL,own,0,"descriptive nominal only, no subgroup significance claim"
20606,19986,0.9699116762108124,722,15563,625,608,0.43521304474424927,0.4347543280296207,11297,10556.518151863911,722,0.0031604849709333614,7.9502382119998245,3.4355523671020047,0.2240025503720992,0.22537590957838857,0.2258928033991325,8689,7768.140738036849,722,0.003930806983029829,8.866719861486109,5.416612917246312,0.22395740604493775,0.22993669493436136,0.22250166877661412,-4.514432716143755e-05,0.006465692902542408,-0.012738978455984982,0.012648689801662108,-0.012738978455984982,0.012648689801662108,1,True,,-0.003391134622518388,0.004560785355972791,True,0.07650638753200877,0.16774021272090395,0.4148099794033838,0.7725391895386735,0.9000692631118344,2026,pitch,1-2,ALL,own,1,"descriptive nominal only, no subgroup significance claim"
20675,20080,0.9712212817412333,721,15642,627,613,0.4330350665054414,0.43187250996015936,11408,10707.00417461,721,0.0029580792795588693,6.894514057815756,3.3946890904041624,0.2226408401110248,0.22449073182141932,0.22215813464235626,8672,7722.561159594405,721,0.003706388254785869,11.268051422797582,5.3817816120270985,0.22370282045095424,0.23005414049201672,0.22285920202952028,0.0010619803399294294,0.006440913817842316,-0.011583235542226381,0.013707196222085239,-0.011583235542226381,0.013707196222085239,1,True,,0.0007010673871640227,0.005563408670597403,False,0.07572771719740601,0.1614735241838294,0.4060183296591307,0.7532735608960964,0.8652964853518714,2026,pitch,1-2,ALL,own,2,"descriptive nominal only, no subgroup significance claim"
20671,18441,0.8921193943205457,722,14416,545,608,0.4352474481157177,0.4385337020768939,10354,9649.108367401435,722,0.002830481945641584,6.944206018737597,3.572207650127263,0.2170028817956243,0.2297874857886178,0.21367510141008303,8087,7209.387315106521,722,0.0032078373720680863,11.364907026078084,5.375163235553422,0.21910891892997722,0.23071490045434145,0.21939990107580065,0.0021060371343528937,0.007158822366870401,-0.011948590119445728,0.016160664388151516,-0.011948590119445728,0.016160664388151516,1,True,,0.0057247996657176226,0.0009274146657236582,False,0.08799016109022142,0.17586926635376218,0.414201021012259,0.7613074729678868,0.8787289543485594,2026,pitch,1-2,ALL,common,0,"descriptive nominal only, no subgroup significance claim"
20606,18295,0.8878481995535281,722,14216,534,607,0.43521304474424927,0.439518994260727,10254,9576.340367945879,722,0.003476870484324087,7.9502382119998245,3.476573757265844,0.2232823339607431,0.22514513094881622,0.22499941486249267,8041,7209.716062467795,721,0.004260528260255599,8.866719861486109,5.298177334787748,0.2225089484090667,0.22973438823307404,0.22057057579902994,-0.0007733855516763762,0.0067048944986378345,-0.013936834527655937,0.012390063424303184,-0.013936834527655937,0.012390063424303184,1,True,,-0.004428839063462725,0.004589257284257825,True,0.07650638753200877,0.17114043574630414,0.41506287471063436,0.7759145323958512,0.9000692631118344,2026,pitch,1-2,ALL,common,1,"descriptive nominal only, no subgroup significance claim"
20675,18191,0.8798548972188633,721,14144,536,608,0.4330350665054414,0.43488538288164474,10280,9654.830365738739,720,0.002959474846657149,6.894514057815756,3.327576263515031,0.22166697556478873,0.22438011889889384,0.22144406614785989,7911,7039.9909532966985,721,0.0036223686149522223,11.268051422797582,5.406598133234227,0.2240742422889775,0.22994812336748727,0.2227875110605486,0.0024072667241887414,0.006866351976845326,-0.011073196689178747,0.01588773013755623,-0.011073196689178747,0.01588773013755623,1,True,,0.0013434449126887016,0.005568004468593429,False,0.07572771719740601,0.16147656636654362,0.40533600657934793,0.7477951172406482,0.8652964853518714,2026,pitch,1-2,ALL,common,2,"descriptive nominal only, no subgroup significance claim"
7078,6822,0.9638315908448715,721,6822,619,580,0.7196948290477536,0.7231017296980358,1889,1667.059220970414,655,0.004840814573554274,14.050992224722076,7.819240286373058,0.4280751125375526,0.4304922496316619,0.4349772366331392,4933,4840.138832580077,719,0.0033791338678084604,2.7561335543328047,2.002018717356886,0.4246877084294223,0.41062707688500827,0.42301621731198047,-0.0033874041081303754,0.013274987106983846,-0.029449711809816093,0.02267490359355534,-0.029449711809816093,0.02267490359355534,1,True,,-0.011961019321158728,-0.019865172746653614,False,0.2607665710629491,0.45825363102198524,0.735956391330017,0.9248070764284728,0.9482552291887683,2026,pitch,2-0,ALL,own,0,"descriptive nominal only, no subgroup significance claim"
7002,6693,0.9558697514995715,722,6693,612,564,0.7175092830619823,0.7207530255490812,1869,1638.397699738323,639,0.005575751390324887,12.527163704300422,7.857485029379163,0.43905708386836995,0.4272211581604688,0.4410615302300695,4824,4733.809127469424,720,0.0037266915405226625,2.847495798682173,1.9788198910496257,0.41897613777559156,0.41255897515873596,0.4157962271973466,-0.0200809460927784,0.012917761975267816,-0.04544186723476394,0.005279975049207148,-0.04544186723476394,0.005279975049207148,1,True,,-0.025265303032722897,-0.014662183001732831,False,0.2725654165511785,0.4506179106137865,0.7397126233294423,0.9216997114789551,0.9484209262571528,2026,pitch,2-0,ALL,own,1,"descriptive nominal only, no subgroup significance claim"
7117,6857,0.9634677532668259,721,6857,610,572,0.7078825347758887,0.707598074959895,2005,1782.4996928075136,647,0.005211525505266559,11.664320279098568,7.507429800578589,0.4643504988208991,0.4151485270254743,0.46564339152119694,4852,4756.556132657904,720,0.0034657776448118256,2.9352906733660418,1.982912934753555,0.4146919089350057,0.4120045728659297,0.4132343363561417,-0.04965858988589344,0.014243485714561271,-0.07762231628696589,-0.021694863484820977,-0.07762231628696589,-0.021694863484820977,1,True,,-0.05240905516505523,-0.003143954159544604,False,0.23945814280503108,0.44683519811711325,0.7422580818652944,0.9241367975101432,0.9495634507753136,2026,pitch,2-0,ALL,own,2,"descriptive nominal only, no subgroup significance claim"
7078,6253,0.8834416501836677,721,6253,534,578,0.7196948290477536,0.724772109387494,1721,1520.169033578691,640,0.004668056429390169,14.050992224722076,7.8164077349893235,0.42903248794429116,0.43076139311792483,0.43589773387565367,4532,4447.516118042124,718,0.003463813216812239,2.7561335543328047,1.9894495378825658,0.42393795463468753,0.4111312935106598,0.42168512797881724,-0.0050945333096036405,0.013998216862951825,-0.03257673214091134,0.02238766552170406,-0.03257673214091134,0.02238766552170406,1,True,,-0.014212605896836428,-0.019630099607265028,False,0.2607665710629491,0.45814072826533503,0.7355280867002658,0.9261072447024512,0.9482552291887683,2026,pitch,2-0,ALL,common,0,"descriptive nominal only, no subgroup significance claim"
7002,6086,0.8691802342187946,722,6086,523,559,0.7175092830619823,0.7168912257640486,1723,1518.128257118881,616,0.0060252320339377104,12.527163704300422,7.7407370899727015,0.436630190165072,0.4272823271449467,0.44036506094022054,4363,4281.137411167884,717,0.004115972680718624,2.847495798682173,1.9883863461816984,0.4208595831685203,0.4126387085639854,0.4174292917717166,-0.01577060699655166,0.013690412535909807,-0.04264844182500001,0.011107227831896684,-0.04264844182500001,0.011107227831896684,1,True,,-0.022935769168503928,-0.014643618580961304,False,0.2725654165511785,0.4535940973511565,0.7385709830354508,0.9221827478036307,0.9484209262571528,2026,pitch,2-0,ALL,common,1,"descriptive nominal only, no subgroup significance claim"
7117,6205,0.8718561191513278,721,6205,519,565,0.7078825347758887,0.7004029008863819,1859,1654.2124133026782,631,0.004702960982791075,11.664320279098568,7.477266622407922,0.45850719741412693,0.41482028541057897,0.4588450779989241,4346,4261.235185804075,717,0.0033657236014711664,2.9352906733660418,1.968552013154692,0.41240641264826544,0.41175599710605254,0.4107560975609756,-0.04610078476586142,0.01494208203163835,-0.0754360403464499,-0.016765529185272944,-0.0754360403464499,-0.016765529185272944,1,True,,-0.048088980437948514,-0.00306428830452643,False,0.23945814280503108,0.4478037507710897,0.7408228124436084,0.9240982261818795,0.9495634507753136,2026,pitch,2-0,ALL,common,2,"descriptive nominal only, no subgroup significance claim"
10942,10623,0.9708462803874978,722,10623,629,590,0.6091208188630963,0.6100913113056575,4142,3754.0244890377094,712,0.003795836514941901,9.316665097662945,5.366697016409076,0.3436417393349189,0.35638709620751446,0.3465345243843554,6481,6196.451785363502,722,0.0034482870436449496,5.160573472212709,2.7983384744842037,0.3556235948381349,0.36146831351667613,0.3543968523376022,0.01198185550321595,0.009956476886124513,-0.0075652940451693875,0.031529005051601285,-0.0075652940451693875,0.031529005051601285,1,True,,0.007862327953246817,0.0050812173091616675,False,0.16276385832035994,0.31572527470333545,0.6187845987362904,0.8766397575500778,0.939134847910065,2026,pitch,2-1,ALL,own,0,"descriptive nominal only, no subgroup significance claim"
10928,10536,0.9641288433382138,722,10536,619,585,0.6016654465592972,0.6018413059984814,4195,3793.705686010071,713,0.004441838349640789,9.664177628142461,5.427682253292097,0.35561342444414995,0.3481905617622722,0.3631122765196662,6341,6074.219254812817,722,0.003489731627651552,4.669366471257236,2.716885302673135,0.36022022837896384,0.3599494887174672,0.3573907900961993,0.00460680393481385,0.010189083754880554,-0.015397013298492492,0.024610621168120194,-0.015397013298492492,0.024610621168120194,1,True,,-0.005721486423466926,0.011758926955194982,False,0.18250065911084395,0.3234426170888726,0.6250965889213496,0.8826157127946096,0.9486810238925472,2026,pitch,2-1,ALL,own,1,"descriptive nominal only, no subgroup significance claim"
11017,10654,0.9670509213034402,721,10654,620,592,0.6029772170282292,0.6015581002440398,4245,3812.4731731877364,717,0.0037714412490440245,12.74982276618996,5.199942618455807,0.35320308722602783,0.34984541048003287,0.35436560659599525,6409,6119.108839217446,720,0.003637908953951681,5.496672439476046,2.8231899187023286,0.36642100179282344,0.3567958805668456,0.3621869246372289,0.013217914566795608,0.009650996236173045,-0.0057295413898754526,0.03216537052346667,-0.0057295413898754526,0.03216537052346667,1,True,,0.00782131804123365,0.00695047008681271,False,0.14538522609836943,0.3135614887755303,0.6194693625068007,0.8788285812673046,0.9361142629666886,2026,pitch,2-1,ALL,own,2,"descriptive nominal only, no subgroup significance claim"
10942,9694,0.8859440687260098,722,9694,541,588,0.6091208188630963,0.6062512894573964,3817,3460.129309454298,709,0.004097502778634925,9.316665097662945,5.373443480131028,0.34156729709520683,0.3566216299472276,0.34504820539690856,5877,5621.606212457085,722,0.003620282586600946,5.160573472212709,2.7510882783238206,0.3545261211321451,0.3617596053215122,0.35337740343712776,0.01295882403693828,0.010368122237744404,-0.007396492229558502,0.03331414030343506,-0.007396492229558502,0.03331414030343506,1,True,,0.008329198040219199,0.005137975374284565,False,0.16276385832035994,0.32430499195835394,0.618780233837921,0.8767769011382632,0.939134847910065,2026,pitch,2-1,ALL,common,0,"descriptive nominal only, no subgroup significance claim"
10928,9565,0.8752745241581259,722,9565,531,575,0.6016654465592972,0.5969681129116571,3855,3485.359417724241,708,0.004822788761422282,9.664177628142461,5.463733383985945,0.3578032714745388,0.3480560820290214,0.3660469520103761,5710,5470.646191339766,721,0.0032533137268673513,4.669366471257236,2.7153771815754157,0.36188349809805387,0.3598662709356803,0.3585516637478108,0.004080226623515021,0.010646119521687028,-0.01682087049954603,0.02498132374657607,-0.01682087049954603,0.02498132374657607,1,True,,-0.007495288262565347,0.011810188906658914,False,0.18250065911084395,0.326467708098208,0.6244733966793407,0.8838134608034875,0.9486810238925472,2026,pitch,2-1,ALL,common,1,"descriptive nominal only, no subgroup significance claim"
11017,9629,0.8740128891712807,721,9629,529,587,0.6029772170282292,0.5973621352165334,3877,3491.072450467767,713,0.00413797938332339,12.74982276618996,5.182760385900172,0.35784865517566666,0.3495757712154661,0.3591771988651018,5752,5491.131245504655,719,0.003842464956238533,5.496672439476046,2.8171419503649915,0.3674542412555112,0.3565687743446147,0.3625392906815021,0.009605586079844502,0.010258005038877374,-0.010533588562970465,0.02974476072265947,-0.010533588562970465,0.02974476072265947,1,True,,0.003362091816400292,0.006993003129148578,False,0.14538522609836943,0.3132593704054041,0.6181772239343016,0.8786658556671604,0.9361142629666886,2026,pitch,2-1,ALL,common,2,"descriptive nominal only, no subgroup significance claim"
17370,16872,0.9713298791018998,722,12586,632,601,0.479447322970639,0.4772403982930299,8820,8141.7957664106325,722,0.00345079334205421,7.525519117233934,4.072484699125499,0.26268090123954624,0.27037186148803677,0.26124206349206347,8052,7346.020802814264,722,0.0037540687719144696,9.88073815198422,4.417102613868159,0.27000306859505674,0.2812855702810545,0.2672913561847988,0.0073221673555105594,0.0076024283148751585,-0.007603373566383511,0.022247708277404632,-0.007603373566383511,0.022247708277404632,1,True,,0.006049292692735353,0.010913708793017729,False,0.10120701354677464,0.20615364163556718,0.47174753193646757,0.799727028797108,0.9100436121627321,2026,pitch,2-2,ALL,own,0,"descriptive nominal only, no subgroup significance claim"
17604,17064,0.9693251533742331,722,12757,622,596,0.4832424448988866,0.4820675105485232,8838,8162.826056075745,722,0.0031722658395340994,8.681573118697402,3.9244015533492784,0.26934934003523775,0.26698448432944494,0.26993380855397153,8226,7448.968389298202,722,0.003039221625310914,8.23638791182601,4.597469049311646,0.2726030432682873,0.27972183190802086,0.27173206904935565,0.003253703233049604,0.007422663118212523,-0.011318911927759592,0.0178263183938588,-0.011318911927759592,0.0178263183938588,1,True,,0.0017982604953841186,0.01273734757857592,False,0.0928242773326922,0.20401519032232623,0.4696172986788463,0.8022364101260331,0.9126832475895228,2026,pitch,2-2,ALL,own,1,"descriptive nominal only, no subgroup significance claim"
17524,17004,0.9703264094955489,721,12767,620,603,0.48008445560374347,0.47706422018348627,8892,8255.43002389262,721,0.00345198413088517,7.956509380707149,3.8366434983642543,0.2643762213794464,0.26899254257593674,0.26245186684660365,8112,7363.016436850461,721,0.00342778285624308,8.65747986064925,4.53099921568488,0.28496322284116166,0.2759964662699027,0.27959023668639055,0.020587001461715222,0.007246840519228873,0.006359538492819053,0.03481446443061139,0.006359538492819053,0.03481446443061139,1,True,,0.017138369839786893,0.007003923693965963,False,0.0880694226630307,0.19546620978377724,0.4659238135091874,0.7933120388925426,0.8906168558176966,2026,pitch,2-2,ALL,own,2,"descriptive nominal only, no subgroup significance claim"
17370,15485,0.8914795624640184,722,11576,543,598,0.479447322970639,0.48014207297384565,8050,7427.373049306007,722,0.0037713849559826386,7.525519117233934,4.097545145449235,0.2600834897391774,0.270434122775458,0.25864111801242234,7435,6779.734263133536,722,0.004071637619423456,9.88073815198422,4.429354537341109,0.2686644940591625,0.2814981650270761,0.2659355749831876,0.008581004319985165,0.007941748250321356,-0.007010709747166617,0.024172718387136947,-0.007010709747166617,0.024172718387136947,1,True,,0.007294456970765251,0.011064042251618111,False,0.10120701354677464,0.2071449117295826,0.47237798326622105,0.8017026568500709,0.9100436121627321,2026,pitch,2-2,ALL,common,0,"descriptive nominal only, no subgroup significance claim"
17604,15598,0.886048625312429,722,11644,531,593,0.4832424448988866,0.48486985510962943,8035,7411.358501863719,722,0.00305054905221037,8.681573118697402,4.008430177699592,0.27084153333562977,0.26679775853075127,0.27186596141879277,7563,6852.234178869632,722,0.003206926345255668,8.23638791182601,4.505611478586759,0.2686184146387375,0.2795948966732755,0.2680769535898453,-0.0022231186968923416,0.007682544582733432,-0.01730594865656509,0.012859711262780406,-0.01730594865656509,0.012859711262780406,1,True,,-0.003789007828947477,0.0127971381425242,True,0.0928242773326922,0.20713916724371653,0.4709729741663916,0.8033668319694052,0.9126832475895228,2026,pitch,2-2,ALL,common,1,"descriptive nominal only, no subgroup significance claim"
17524,15447,0.8814768317735677,721,11586,529,601,0.48008445560374347,0.4780216223214864,8063,7489.076534430941,721,0.003341410887920706,7.183170840920501,3.8377037861679844,0.26548289514121853,0.2687807911670164,0.2639216172640456,7384,6698.137105248559,721,0.0037507782482446485,8.65747986064925,4.516127592859544,0.2837408692790851,0.27579266962617005,0.27768323401950157,0.01825797413786657,0.007759724355347576,0.0030235846654324498,0.03349236361030069,0.0030235846654324498,0.03349236361030069,1,True,,0.013761616755455952,0.007011878459153631,False,0.0880694226630307,0.19482592063350748,0.46451273558307066,0.7929530179349741,0.8906168558176966,2026,pitch,2-2,ALL,common,2,"descriptive nominal only, no subgroup significance claim"
2293,2054,0.8957697339729612,665,2054,523,464,0.948102921936328,0.9537487828627069,95,79.98846669938196,89,0.02879585741969152,16.02103366922588,14.604593009300087,0.4517094982376625,0.3869703101150814,0.6135263157894737,1959,1951.8911007826518,661,0.005180798453110182,1.6067803937760758,1.378189111195234,0.5628567724924937,0.5148051726259358,0.5582235834609495,0.11114727425483122,0.0179733691554043,0.07585578939812646,0.14643875911153598,0.07585578939812646,0.14643875911153598,1,False,armESS<200;armGames<100,-0.05530273232852423,0.12783486251085446,False,0.5914729302435205,0.7139453848223226,0.8834321475326217,0.9474532149222066,0.9498933744278392,2026,pitch,3-0,ALL,own,0,"descriptive nominal only, no subgroup significance claim"
2296,2030,0.8841463414634146,675,2030,509,464,0.9355400696864111,0.9359605911330049,130,107.77765382980762,112,0.026977401019198086,18.010166891555645,16.729929941158844,0.47377740871070756,0.38310570971989594,0.5947846153846154,1900,1892.8473540109374,671,0.004788303290745632,1.8587932975219257,1.3729305375889103,0.5505760292689128,0.5166037324508888,0.5474852631578947,0.0767986205582054,0.019697151756557802,0.038123462097763995,0.1154737790186468,0.038123462097763995,0.1154737790186468,1,False,armESS<200,-0.04729935222672066,0.13349802273099282,False,0.5379834333022198,0.7141046614855552,0.8915139853823238,0.9469436381802748,0.9499705981799081,2026,pitch,3-0,ALL,own,1,"descriptive nominal only, no subgroup significance claim"
2230,1981,0.888340807174888,673,1981,504,477,0.9403587443946189,0.9419485108531045,115,95.10376812047325,99,0.036555282932173895,15.89008190769639,15.5450179116269,0.4689635322665806,0.3828951785487023,0.612304347826087,1866,1858.977121119744,664,0.005377495606793472,1.5586250871700367,1.3817773931796746,0.5529386554924081,0.5171342892485735,0.5505064308681672,0.08397512322582751,0.018079672311773147,0.04847567925232265,0.11947456719933236,0.04847567925232265,0.11947456719933236,1,False,armESS<200;armGames<100,-0.06179791695791981,0.1342391106998712,False,0.5742847153627194,0.707101053997692,0.8900009151365252,0.9476853550655717,0.9499483876517053,2026,pitch,3-0,ALL,own,2,"descriptive nominal only, no subgroup significance claim"
2293,1883,0.8211949411251636,654,1883,463,458,0.948102921936328,0.9532660647902284,88,74.916538937164,83,0.03128900003080093,14.514181903347373,12.90460910151706,0.4560328794187452,0.38716151589920317,0.6166931818181817,1795,1788.581911702711,651,0.005655691013313519,1.6067803937760758,1.3772581383989522,0.5601299194044379,0.5152207468313497,0.5558167130919219,0.10409703998569271,0.01878498692421268,0.06721077402918837,0.14098330594219705,0.06721077402918837,0.14098330594219705,1,False,armESS<200;armGames<100,-0.060876468726259736,0.1280592309321465,False,0.5914729302435205,0.7118617472712702,0.8834704659089888,0.9473154051361182,0.9498933744278392,2026,pitch,3-0,ALL,common,0,"descriptive nominal only, no subgroup significance claim"
2296,1821,0.7931184668989547,655,1821,444,458,0.9355400696864111,0.9357495881383855,117,96.97763081964155,103,0.029467948370908433,18.010166891555645,16.81725944247946,0.4808615973712491,0.38316485963452157,0.6071965811965813,1704,1697.5680481284937,646,0.005334016281335164,1.8587932975219257,1.3597412520217078,0.5504457068907106,0.5166428655985906,0.5473650234741785,0.06958410951946147,0.021006458598714455,0.02833587113518745,0.11083234790373547,0.02833587113518745,0.11083234790373547,1,False,armESS<200,-0.059831557722402784,0.13347800596406906,False,0.5379834333022198,0.7189448595998211,0.8902818647848891,0.9468628158257304,0.9499705981799081,2026,pitch,3-0,ALL,common,1,"descriptive nominal only, no subgroup significance claim"
2230,1784,0.8,655,1784,439,466,0.9403587443946189,0.9445067264573991,99,82.66868974674705,84,0.042525635212359206,15.89008190769639,15.589707024564357,0.45855290626003653,0.38247944321212296,0.6046363636363637,1685,1678.5594368045236,645,0.005793799678256951,1.5586250871700367,1.3853776351454576,0.5536170208988133,0.5169546854590238,0.5511382789317507,0.09506411463877681,0.019054318994736478,0.05764909351793975,0.13247913575961387,0.05764909351793975,0.13247913575961387,1,False,armESS<200;armGames<100,-0.053498084704613036,0.13447524224690083,False,0.5742847153627194,0.7124619123340185,0.889046601873096,0.9474692118936886,0.9499483876517053,2026,pitch,3-0,ALL,common,2,"descriptive nominal only, no subgroup significance claim"
4755,4573,0.9617245005257623,720,4573,603,542,0.7821240799158781,0.7815438443035206,999,878.4312484065457,523,0.007416137837721136,11.751129509908179,8.944868740155268,0.47463541209843607,0.43141652327556634,0.48549249249249243,3574,3527.011146661639,717,0.004201178622273951,2.362574989140895,1.7956657783661392,0.47845967905988934,0.4646950984792795,0.47674566312255173,0.0038242669614531495,0.01481501870635404,-0.025261597849058674,0.03291013177196497,-0.025261597849058674,0.03291013177196497,1,True,,-0.0087468293699407,0.033278575203713134,False,0.3227061022009769,0.5175683999092671,0.7843711734325459,0.9364250617469977,0.9494381970486518,2026,pitch,3-1,ALL,own,0,"descriptive nominal only, no subgroup significance claim"
4601,4380,0.9519669637035427,718,4380,593,525,0.769397956965877,0.7710045662100456,1003,858.9930731500274,509,0.008722443108062783,19.671107837184387,10.245327997832343,0.46805289810560846,0.43570244672896863,0.47123629112662013,3377,3332.15347693563,712,0.0038547739492613468,2.7163871053026556,1.783850941433595,0.47846798222107695,0.4649560580929273,0.4757666567959727,0.010415084115468431,0.01617683035145192,-0.021344532459570104,0.04217470069050697,-0.021344532459570104,0.04217470069050697,1,True,,0.004530365669352554,0.029253611363958654,False,0.3183711263817512,0.5244891564224192,0.7978891648544397,0.9338312856650924,0.949285810908193,2026,pitch,3-1,ALL,own,1,"descriptive nominal only, no subgroup significance claim"
4653,4440,0.9542230818826564,719,4440,594,537,0.7734794756071351,0.7756756756756756,996,875.403682468697,510,0.007959224269042534,18.02444047697427,8.908355618330514,0.47430805457828157,0.4300513989164804,0.4855873493975903,3444,3398.6816727619134,709,0.0044976832867865526,2.2398691689000154,1.761578223121274,0.4766756699643635,0.4639080896251182,0.4759822880371661,0.0023676153860820444,0.01465492039513024,-0.026404000963052798,0.031139231735216887,-0.026404000963052798,0.031139231735216887,1,True,,-0.009605061360424216,0.03385669070863778,False,0.35838816467796214,0.5262481733395082,0.7918243881203175,0.9368880835216731,0.9499574208410132,2026,pitch,3-1,ALL,own,2,"descriptive nominal only, no subgroup significance claim"
4755,4170,0.8769716088328076,719,4170,522,536,0.7821240799158781,0.7796163069544364,919,809.8040836248655,502,0.008044705781231225,11.751129509908179,8.938480661322886,0.4823128219523851,0.43146371982699544,0.49132644178454843,3251,3210.178180458674,715,0.004302046223063482,2.362574989140895,1.7729823551684827,0.4759645011074018,0.4649879119651172,0.4744758535835127,-0.006348320844983311,0.015455827595422921,-0.03669233704869109,0.023995695358724468,-0.03669233704869109,0.023995695358724468,1,True,,-0.016850588201035743,0.033524192138121744,True,0.3227061022009769,0.5196677338208875,0.7836380846231196,0.9354666043227717,0.9494381970486518,2026,pitch,3-1,ALL,common,0,"descriptive nominal only, no subgroup significance claim"
4601,3980,0.8650293414475114,715,3980,509,515,0.769397956965877,0.7675879396984925,925,792.2385655902477,487,0.009405957337767293,19.671107837184387,10.24363019237434,0.46734040658287623,0.4356340959054336,0.4696259459459459,3055,3014.5959985805607,706,0.00425819027742929,2.7163871053026556,1.782159979597957,0.47965337790922846,0.46497618932133267,0.4770752864157119,0.012312971326352173,0.01746575466272446,-0.021977405720015677,0.046603348372720024,-0.021977405720015677,0.046603348372720024,1,True,,0.007449340469765975,0.02934209341589905,False,0.3183711263817512,0.5252459927524888,0.7974249887252585,0.9338312856650924,0.949285810908193,2026,pitch,3-1,ALL,common,1,"descriptive nominal only, no subgroup significance claim"
4653,4014,0.8626692456479691,716,4014,509,527,0.7734794756071351,0.7742899850523169,906,793.9473875381274,488,0.00874512456777841,18.02444047697427,9.185897574432477,0.47387757087216126,0.4298926015995854,0.4848222958057395,3108,3065.967490851424,699,0.004974280024803401,2.2398691689000154,1.7776095997543453,0.4744165539872839,0.4637595638630356,0.4736200128700129,0.000538983115122596,0.015472744481853406,-0.029838460774169708,0.0309164270044149,-0.029838460774169708,0.0309164270044149,1,True,,-0.011202282935726615,0.03386696226345015,False,0.35838816467796214,0.5236686695824955,0.7906382749720807,0.9359922432140666,0.9499574208410132,2026,pitch,3-1,ALL,common,2,"descriptive nominal only, no subgroup significance claim"
10525,10211,0.970166270783848,722,7377,618,571,0.6278384798099762,0.626481245715405,3814,3412.677803847619,708,0.004562713566297707,12.050215012530003,5.881222180031761,0.37734207405929354,0.36576203209515845,0.37456528578919773,6397,6179.274845362443,722,0.003693289172271731,4.333470447216895,2.526343808787478,0.3668650401643501,0.37835707613484476,0.3644688135063311,-0.010477033894943427,0.009070113221376675,-0.028284021405366677,0.007329953615479822,-0.028284021405366677,0.007329953615479822,1,True,,-0.010096472282866642,0.01259504403968631,True,0.17629042928612285,0.35343980534334146,0.651618382062647,0.890908094677543,0.9470612725441134,2026,pitch,3-2,ALL,own,0,"descriptive nominal only, no subgroup significance claim"
10716,10385,0.9691116088092572,722,7447,609,563,0.631765584173199,0.6295618680789601,3847,3411.7884538053913,708,0.004371322064551109,11.573175468729273,6.173878752098545,0.36183377478062223,0.36974129257612076,0.3627538341564855,6538,6295.853389601018,719,0.003937669722158157,4.424698664993268,2.5730098214529686,0.3805759161050758,0.37333251226689657,0.37792627714897525,0.018742141324453572,0.009808116458691826,-0.000513738179792899,0.037998020828700046,-0.000513738179792899,0.037998020828700046,1,True,,0.015172442992489765,0.0035912196907758043,False,0.19453022261614666,0.3419607298111124,0.6565680168158472,0.8965455328484497,0.9492478584689961,2026,pitch,3-2,ALL,own,1,"descriptive nominal only, no subgroup significance claim"
10638,10314,0.9695431472081218,721,7407,605,578,0.6331077270163564,0.632732208648439,3788,3392.1105061190096,714,0.005342801299991288,12.703627624855182,5.966746469198817,0.3713724346706404,0.36329347797707184,0.37513780359028503,6526,6263.36021517472,721,0.004272636701507966,4.998606411436096,2.664916331493258,0.3810537821599586,0.3720874843160571,0.37664403922770456,0.009681347489318164,0.009716528558396683,-0.009394765733264662,0.028757460711900988,-0.009394765733264662,0.028757460711900988,1,True,,0.0015062356374195285,0.00879400633898525,False,0.17363630195878632,0.3430102390806499,0.646022686749643,0.8854524062624494,0.9369278824908149,2026,pitch,3-2,ALL,own,2,"descriptive nominal only, no subgroup significance claim"
10525,9327,0.8861757719714964,722,6734,533,567,0.6278384798099762,0.6293556341803367,3457,3093.384290423136,704,0.004898205868357192,12.050215012530003,5.931499725112602,0.3789622995972379,0.3657414554308393,0.3751356667630894,5870,5676.171212839395,720,0.0040290061132988485,4.333470447216895,2.508190153923964,0.3632833781700078,0.3784599232341098,0.36167870528109025,-0.01567892142723009,0.009392707183866714,-0.034119244654726794,0.002761401800266617,-0.034119244654726794,0.002761401800266617,1,True,,-0.013456961481999152,0.012718467803270517,True,0.17629042928612285,0.35862274465522426,0.651618382062647,0.891855576123856,0.9470612725441134,2026,pitch,3-2,ALL,common,0,"descriptive nominal only, no subgroup significance claim"
10716,9484,0.8850317282568122,722,6801,521,559,0.631765584173199,0.6305356389708984,3504,3117.4119810457337,700,0.0042229185973739715,10.879665195674429,6.1521864728192055,0.36480952195887995,0.36954376560582636,0.36507562785388126,5980,5758.989059003505,718,0.0043050792410193415,4.424698664993268,2.554825027509386,0.3826955645568178,0.3732007533976707,0.37992658862876244,0.017886042597937808,0.010091015186814054,-0.00192524057056662,0.03769732576644223,-0.00192524057056662,0.03769732576644223,1,True,,0.014850960774881183,0.0036569877918443683,False,0.19453022261614666,0.3462496892411857,0.6571979413769204,0.8961835426052913,0.9492478584689961,2026,pitch,3-2,ALL,common,1,"descriptive nominal only, no subgroup significance claim"
10638,9418,0.8853167888700884,721,6725,519,570,0.6331077270163564,0.6321936716925037,3464,3099.9194557763326,707,0.004950932772742663,12.703627624855182,5.96741072223777,0.3690797326588418,0.363027255019308,0.37439549653579673,5954,5710.204554762864,721,0.004511960386419861,4.998606411436096,2.6691621156386036,0.3798733555751305,0.3717585538980825,0.37511135371179033,0.010793622916288737,0.010111930007765656,-0.009058767839077926,0.030646013671655398,-0.009058767839077926,0.030646013671655398,1,True,,0.000715857175993595,0.008731298878774496,False,0.17363630195878632,0.34302687283557237,0.6453357489332341,0.8860807751913807,0.9369278824908149,2026,pitch,3-2,ALL,common,2,"descriptive nominal only, no subgroup significance claim"
54185,48269,0.8908184922026391,722,48269,557,623,0.3091076866291409,0.3382502227102281,31942,29593.620300051596,722,0.0023592741028922184,8.365332192618105,3.0925878603696195,0.30607330128927057,0.31550943829940103,0.30695845595141186,16327,13134.11591607347,722,0.002745863176593679,17.06310152253857,8.302463498103679,0.3134880483205586,0.3115430420646598,0.3090469161511606,0.00741474703128803,0.00548584750867345,-0.003355396150696156,0.018184890213272215,-0.003355396150696156,0.018184890213272215,1,True,,0.0020884601997487318,-0.00396639623474121,True,0.050056173477534695,0.07290965471329683,0.3051122026190363,0.7316906280679889,0.8804590209959099,2026,pitch_ff,0-0,ALL,own,0,"descriptive nominal only, no subgroup significance claim"
54421,48096,0.8837764833428272,722,48096,547,626,0.3102478822513368,0.3382609780439122,31827,29285.283003801163,722,0.0023781614571060667,6.439221265216981,3.255276088609262,0.3112901102173998,0.31207201796857564,0.31152298363025105,16269,12857.800370211478,722,0.0031252984204084653,17.29817355595388,8.433696675758126,0.31647980631220635,0.31132972734598074,0.30936019423443356,0.005189696094806565,0.0053010434445131495,-0.005217628720740687,0.015597020910353816,-0.005217628720740687,0.015597020910353816,1,True,,-0.002162789395817488,-0.0007422906225948989,True,0.05023403061945949,0.07472843244322717,0.31296363159048834,0.7413081039226251,0.8899152828936875,2026,pitch_ff,0-0,ALL,own,1,"descriptive nominal only, no subgroup significance claim"
54447,47725,0.8765404889158264,721,47725,548,631,0.30635296710562565,0.33881613410162387,31555,28957.54312173696,721,0.0026414758128834757,7.593958628694441,3.163710575965937,0.31168078679461464,0.3113371067972824,0.3143618760893677,16170,12607.335511060905,721,0.003193591265235466,19.7592754378058,8.93435419895684,0.30929430028623256,0.31138450907682486,0.30681725417439704,-0.002386486508382075,0.005742438443555386,-0.013660410653678933,0.008887437636914785,-0.013660410653678933,0.008887437636914785,1,True,,-0.007544621914970684,4.7402279542474446e-05,True,0.05013291688152031,0.07244657389661935,0.30578970422428253,0.7375577784185188,0.8988182937570027,2026,pitch_ff,0-0,ALL,own,2,"descriptive nominal only, no subgroup significance claim"
54185,48090,0.8875149949247947,722,48090,548,623,0.3091076866291409,0.33807444375129964,31832,29492.562711916777,722,0.0022110820920396967,8.365332192618105,3.0865638075496036,0.3059108227916549,0.31546334997669945,0.30680456773058556,16258,13077.51249925702,722,0.002755458096877008,17.06310152253857,8.304219469852764,0.3135898505185363,0.3115321886812155,0.30924412596875384,0.0076790277268814055,0.0054868538656573495,-0.0030930911951851745,0.018451146648947987,-0.0030930911951851745,0.018451146648947987,1,True,,0.0024395582381682712,-0.0039311612954839315,True,0.050056173477534695,0.07285137670639495,0.3049106632397971,0.7315230266492627,0.8804590209959099,2026,pitch_ff,0-0,ALL,common,0,"descriptive nominal only, no subgroup significance claim"
54421,47916,0.8804689366237298,722,47916,540,626,0.3102478822513368,0.3380707905501294,31717,29185.35297856046,722,0.002387815658386278,6.439221265216981,3.2555178846987824,0.31120610830121714,0.3120417537599615,0.3113593656398776,16199,12802.67912943577,722,0.0031347942098174848,17.29817355595388,8.440499056315371,0.31657729948536917,0.311328042786157,0.30942076671399465,0.005371191184151926,0.0053232738753382774,-0.0050797777397314165,0.01582216010803527,-0.0050797777397314165,0.01582216010803527,1,True,,-0.0019385989258829395,-0.0007137109738045155,True,0.05023403061945949,0.07468606736949464,0.31230961971505344,0.741421776914671,0.8899152828936875,2026,pitch_ff,0-0,ALL,common,1,"descriptive nominal only, no subgroup significance claim"
54447,47488,0.8721876320091098,721,47488,539,631,0.30635296710562565,0.3389277291105121,31393,28807.475773725026,721,0.0026552998821475294,7.593958628694441,3.1654604529929093,0.3114713894810316,0.3112516749575392,0.3141865384002803,16095,12554.57784603488,721,0.003111584272033117,19.7592754378058,8.93307897574395,0.3095795050379799,0.3113775508979219,0.3069793724759242,-0.0018918844430517107,0.005764016074370268,-0.013208171179682083,0.009424402293578663,-0.013208171179682083,0.009424402293578663,1,True,,-0.007207165924356107,0.00012587594038271366,True,0.05013291688152031,0.07236457325710387,0.3057946597529999,0.7376731746049027,0.8988182937570027,2026,pitch_ff,0-0,ALL,common,2,"descriptive nominal only, no subgroup significance claim"
27113,24045,0.8868439493969682,722,24045,556,618,0.268579648139269,0.29507174048658763,16950,15838.303252217818,722,0.00276404575965258,6.579175669196015,2.9011436250312514,0.262025303376024,0.2681689322324503,0.2622756342182891,7095,5390.1976293982425,719,0.0037745910300625786,19.937889180817155,10.939024766828421,0.2596168391920899,0.26761909085531005,0.2566053558844256,-0.002408464183934125,0.007863022957083134,-0.017845620057683923,0.013028691689815675,-0.017845620057683923,0.013028691689815675,1,True,,-0.0056702783338634655,-0.0005498413771402588,False,0.050058489980441226,0.06210817554159917,0.259428028025603,0.6974361887815095,0.8845775531500442,2026,pitch_ff,0-1,ALL,own,0,"descriptive nominal only, no subgroup significance claim"
27254,24031,0.8817421295956557,722,24031,543,619,0.27386805606516473,0.29907203195872,16844,15692.107624496977,722,0.0024606220071769274,6.47401228358837,2.9574284738376013,0.26562677436265103,0.26545170624619113,0.26686048444549987,7187,5284.747238119725,721,0.0042226503568638446,19.831722966241458,11.899800964464749,0.26775295223880713,0.26477702808301307,0.2613598163350494,0.002126177876156069,0.008203043462605341,-0.01397852654382927,0.018230882296141407,-0.01397852654382927,0.018230882296141407,1,True,,-0.0055006681104504684,-0.0006746781631780663,True,0.05000763940702212,0.062472339344737345,0.26069326827416345,0.6985559004675681,0.8753719758322919,2026,pitch_ff,0-1,ALL,own,1,"descriptive nominal only, no subgroup significance claim"
27385,23901,0.8727770677378127,721,23901,547,621,0.26269855760452804,0.2901552236308104,16966,15711.294455520134,721,0.0026334364462311704,7.745874539328457,2.988090151387963,0.2635982152950447,0.267095655981767,0.264245255216315,6935,5002.461845753756,720,0.004348213057210636,19.8227422318432,12.668421100473317,0.262170316793326,0.2654749597279818,0.25667599134823355,-0.0014278985017187067,0.008462561858357715,-0.018042143722419277,0.015186346718981865,-0.018042143722419277,0.015186346718981865,1,True,,-0.007569263868081433,-0.0016206962537851921,False,0.05007877303455707,0.060595838101124025,0.2587679486260649,0.7030927114957582,0.870899019223374,2026,pitch_ff,0-1,ALL,own,2,"descriptive nominal only, no subgroup significance claim"
27113,23952,0.8834138605097186,722,23952,547,618,0.268579648139269,0.2946309285237141,16895,15786.490068032494,722,0.002773241720143125,6.579175669196015,2.903794301972524,0.2617476974537124,0.26809773566248957,0.2619177271382066,7057,5361.16931151726,719,0.0037910418686576673,19.937889180817155,10.95614889705832,0.26000884907237326,0.26760478149573885,0.25684370128949974,-0.001738848381339143,0.007864472322704994,-0.01717884973616471,0.013701152973486423,-0.01717884973616471,0.013701152973486423,1,True,,-0.005074025848706865,-0.0004929541667507142,False,0.050058489980441226,0.062028655962981495,0.2593315390001665,0.6973999973992351,0.8845775531500442,2026,pitch_ff,0-1,ALL,common,0,"descriptive nominal only, no subgroup significance claim"
27254,23947,0.8786600132090703,722,23947,536,619,0.27386805606516473,0.29886833423810916,16790,15642.15300407255,722,0.0024696999879976022,6.47401228358837,2.956226367301729,0.2655649879475706,0.2654207489991642,0.26672888624181057,7157,5262.456877616389,721,0.004235696973551123,19.831722966241458,11.909160020442053,0.26793705922820277,0.2647761509729086,0.2614063154953193,0.002372071280632109,0.008230633621834193,-0.013786799786318653,0.01853094234758287,-0.013786799786318653,0.01853094234758287,1,True,,-0.005322570746491284,-0.000644598026255605,True,0.05000763940702212,0.06244248492618439,0.2602778250840543,0.6984610423557644,0.8753719758322919,2026,pitch_ff,0-1,ALL,common,1,"descriptive nominal only, no subgroup significance claim"
27385,23794,0.8688698192441118,721,23794,538,621,0.26269855760452804,0.29019920988484493,16889,15639.5644950088,721,0.002645236456078499,7.745874539328457,2.992399247272387,0.26334470531411674,0.26703592059391196,0.26406317721593936,6905,4979.908130821872,720,0.004366505267474579,19.8227422318432,12.668523348143022,0.26132777698344073,0.2654876135958998,0.25574409847936275,-0.002016928330676018,0.008491699458666494,-0.018688378360602855,0.014654521699250817,-0.018688378360602855,0.014654521699250817,1,True,,-0.008319078736576613,-0.0015483069980121722,False,0.05007877303455707,0.06055977939998181,0.25877931685953637,0.7033315326189422,0.870899019223374,2026,pitch_ff,0-1,ALL,common,2,"descriptive nominal only, no subgroup significance claim"
14253,12693,0.8905493580298884,722,10254,549,598,0.3218269837928857,0.3494051839596628,8258,7452.772588327524,721,0.003238547003886833,7.545694038511371,3.608797766632069,0.19086151234370108,0.20611534805108078,0.18982211189149914,4435,3238.7325578369914,717,0.0046201381593615285,19.65473474485779,10.823418480750261,0.19778854764318604,0.21092632715513823,0.19182615558060878,0.006927035299484976,0.010131320605543724,-0.012963377872185239,0.026817448471155192,-0.012963377872185239,0.026817448471155192,1,True,,0.0020040436891096414,0.00481097910405745,False,0.05032851540527237,0.07235402657653468,0.31920989795613375,0.7604085607663699,0.8913496531703317,2026,pitch_ff,0-2,ALL,own,0,"descriptive nominal only, no subgroup significance claim"
14544,13013,0.8947332233223322,722,10444,534,595,0.32535753575357534,0.349727195881042,8462,7631.749242674297,722,0.0038300481853783264,7.002724575055216,3.6388739745304517,0.19652301200150124,0.20407017374845737,0.19854679744741197,4551,3304.601224659805,716,0.005742183198251819,18.976210722559465,11.128286638904955,0.19693054649351288,0.21014552638233047,0.196179301252472,0.00040753449201164516,0.009244125921445554,-0.017741085134919104,0.018556154118942392,-0.017741085134919104,0.018556154118942392,1,True,,-0.0023674961949399775,0.006075352633873099,False,0.050541320703094146,0.07381858264139701,0.32484113285988053,0.7607821819697795,0.8714376372573024,2026,pitch_ff,0-2,ALL,own,1,"descriptive nominal only, no subgroup significance claim"
14248,12608,0.8848961257720381,721,10201,538,604,0.3128158338012353,0.3397842639593909,8324,7426.603306705438,721,0.0036481541944174156,8.799088779779964,3.648861763052105,0.19670508109915144,0.20394364534281503,0.19780886592984143,4284,3103.140767117073,716,0.005471749454924273,17.68744920852728,11.016428295001397,0.1973430346909059,0.20888880403661123,0.1920263772175537,0.0006379535917544336,0.009441386813588066,-0.0178979836775871,0.019173890861095968,-0.0178979836775871,0.019173890861095968,1,True,,-0.005782488712287731,0.004945158693796192,False,0.050735574940174936,0.07321474704319984,0.3276577194828493,0.7664026915454583,0.8903799024178929,2026,pitch_ff,0-2,ALL,own,2,"descriptive nominal only, no subgroup significance claim"
14253,12647,0.8873219673051287,722,10215,541,598,0.3218269837928857,0.34901557681663636,8233,7432.442528135552,721,0.0032494389249646633,7.545694038511371,3.5735852934380654,0.1908474172444767,0.20606056414774843,0.18971079800801655,4414,3223.110794393208,716,0.004637001452165847,19.65473474485779,10.848869292491342,0.19830636582933475,0.21092580607989062,0.19207748074309014,0.0074589485848580135,0.010151282073265983,-0.012470654131390573,0.0273885513011066,-0.012470654131390573,0.0273885513011066,1,True,,0.002366682735073594,0.004865241932142189,False,0.05032851540527237,0.07235026595123821,0.3190191023864513,0.7601614245446712,0.8913496531703317,2026,pitch_ff,0-2,ALL,common,0,"descriptive nominal only, no subgroup significance claim"
14544,12961,0.8911578657865786,722,10407,527,595,0.32535753575357534,0.34935575958645165,8433,7603.918770118852,722,0.003844112700261435,7.002724575055216,3.643177858716661,0.19652422090607058,0.20401989015016148,0.19856966678524843,4528,3287.0629361640554,716,0.00576486506948086,18.976210722559465,11.152537019154552,0.197076451899636,0.21012222474179107,0.19635026501766784,0.0005522309935653967,0.009276103238053385,-0.017659168409488814,0.01876363039661961,-0.017659168409488814,0.01876363039661961,1,True,,-0.002219401767580592,0.0061023345916295935,False,0.050541320703094146,0.07379857500167865,0.32442737778939906,0.760916480929882,0.8714376372573024,2026,pitch_ff,0-2,ALL,common,1,"descriptive nominal only, no subgroup significance claim"
14248,12534,0.8797024143739473,721,10151,529,604,0.3128158338012353,0.33907770863251957,8284,7389.942225204885,721,0.0036649912479974874,8.799088779779964,3.6501175020270944,0.1956723567249833,0.20385453677883872,0.1966900048285852,4250,3081.626248540323,716,0.005518290918862632,17.68744920852728,11.05886813619392,0.19309295318234185,0.20886689230094416,0.1887004705882353,-0.0025794035426414974,0.00931919069930748,-0.0208754375484495,0.015716630463166504,-0.0208754375484495,0.015716630463166504,1,True,,-0.0079895342403499,0.005012355522105438,True,0.050735574940174936,0.07311998959035307,0.3275613781470871,0.7664406052112406,0.8903799024178929,2026,pitch_ff,0-2,ALL,common,2,"descriptive nominal only, no subgroup significance claim"
20790,18487,0.8892255892255893,722,18487,554,610,0.297017797017797,0.32357873100016227,12505,11723.267084873494,722,0.003096484466344277,5.846492954010619,2.839607371174623,0.3510995907737093,0.3584349967096984,0.35176561375449816,5982,4714.523958156826,719,0.004740643889763528,19.611515846150898,9.063380543853233,0.35041097774904123,0.3468593385178434,0.34853460381143436,-0.0006886130246680138,0.008840452399170659,-0.018044716704554545,0.016667490655218515,-0.018044716704554545,0.016667490655218515,1,True,,-0.0032310099430638006,-0.01157565819185502,False,0.05005613452322617,0.06732410231646126,0.2831881012892191,0.7087557703281745,0.8571674122673943,2026,pitch_ff,1-0,ALL,own,0,"descriptive nominal only, no subgroup significance claim"
20782,18266,0.8789336926186122,722,18266,545,611,0.2926089885477817,0.319883937369977,12423,11568.642183506605,722,0.0026918887934969525,6.153452843859213,3.003493181955142,0.3521850598314938,0.35768531223512745,0.3522230540127183,5843,4539.219771110455,718,0.004129406928968408,16.885968455414087,9.33849276226526,0.3473216701547549,0.34925895364186177,0.3425238747218894,-0.004863389676738852,0.009046936256938845,-0.022624874787555746,0.012898095434078043,-0.022624874787555746,0.012898095434078043,1,True,,-0.009699179290828919,-0.008426358593265681,False,0.05006822442658137,0.0670252283477536,0.2907034287362523,0.7197435859275549,0.854988337886547,2026,pitch_ff,1-0,ALL,own,1,"descriptive nominal only, no subgroup significance claim"
20866,18227,0.8735263107447522,721,18227,545,617,0.28500910572222754,0.3155757941515334,12475,11577.046254264364,721,0.002775998231992172,5.626157838145996,3.0059056257365095,0.3574599481586363,0.35248982936922874,0.3616129859719439,5752,4387.5596396535775,720,0.0036708019244478234,19.99009215245903,9.966366940585488,0.3566482301623698,0.3452610411055692,0.3479893949930459,-0.0008117179962664714,0.008902992536383048,-0.01829064502490036,0.016667209032367417,-0.01829064502490036,0.016667209032367417,1,True,,-0.013623590978898037,-0.007228788263659525,False,0.0500247818956146,0.06702492726202158,0.2866288487137962,0.7212682279415132,0.8592460794799641,2026,pitch_ff,1-0,ALL,own,2,"descriptive nominal only, no subgroup significance claim"
20790,18423,0.8861471861471861,722,18423,545,610,0.297017797017797,0.3231829777994898,12469,11690.284463556742,722,0.0031059206822651496,5.846492954010619,2.833549818028872,0.351071586747902,0.3584192266909934,0.35165129521212607,5954,4691.242913227866,719,0.004758908282525175,19.611515846150898,9.097579648093243,0.35094728003248765,0.34685455929449654,0.34917584816929786,-0.00012430671541435503,0.00886035279875119,-0.017519480047259336,0.017270866616430628,-0.017519480047259336,0.017270866616430628,1,True,,-0.002475447042828205,-0.011564667396496864,False,0.05005613452322617,0.06731607519012704,0.28311008609067956,0.7091210097898494,0.8571674122673943,2026,pitch_ff,1-0,ALL,common,0,"descriptive nominal only, no subgroup significance claim"
20782,18186,0.8750842074872486,722,18186,538,610,0.2926089885477817,0.3190916089299461,12383,11531.508337486264,722,0.00270199837343905,6.153452843859213,3.004672663535085,0.3519470368855876,0.3576507545366757,0.3518855689251393,5803,4507.982008030053,718,0.004149560666615274,16.885968455414087,9.342853872669327,0.34733078766991116,0.3492739826907186,0.34240909874202996,-0.004616249215676432,0.00908159292913405,-0.022445774373389144,0.013213275942036282,-0.022445774373389144,0.013213275942036282,1,True,,-0.00947647018310932,-0.008376771845957143,False,0.05006822442658137,0.0670154021391411,0.2900750148447039,0.720084427396182,0.854988337886547,2026,pitch_ff,1-0,ALL,common,1,"descriptive nominal only, no subgroup significance claim"
20866,18125,0.8686379756541742,721,18125,536,617,0.28500910572222754,0.3153655172413793,12409,11515.994170713106,721,0.002790909599363031,5.626157838145996,3.006979134807145,0.35755965470813256,0.35238708887674136,0.3617459102264485,5716,4360.928990299246,720,0.003692857033630841,19.99009215245903,9.966422291065212,0.3573060912118809,0.34526123156634675,0.3486051434569629,-0.0002535634962515587,0.008974404584615538,-0.017872691246712414,0.017365564254209296,-0.017872691246712414,0.017365564254209296,1,True,,-0.013140766769485557,-0.007125857310394612,False,0.0500247818956146,0.06690997965802854,0.28648100158301165,0.7214151524414928,0.8592460794799641,2026,pitch_ff,1-0,ALL,common,2,"descriptive nominal only, no subgroup significance claim"
21165,18816,0.8890148830616584,722,18816,555,612,0.2660996928892039,0.29092261904761907,13342,12462.588834126404,722,0.002621521124456807,7.0857358867443,2.928818088695062,0.2896695257265188,0.3040600089407825,0.29125363513716085,5474,4136.23616868897,718,0.004307104237171409,19.642740565362427,10.980905879151763,0.28950888943603764,0.29365921825734265,0.2820031055900621,-0.00016063629048118002,0.00912038863234061,-0.018066327487756564,0.017745054906794205,-0.018066327487756564,0.017745054906794205,1,True,,-0.009250529547098763,-0.010400790683439853,False,0.050035440009274616,0.06222623294023764,0.25670470805124385,0.6899813586469757,0.882231208632968,2026,pitch_ff,1-1,ALL,own,0,"descriptive nominal only, no subgroup significance claim"
21067,18525,0.8793373522570845,722,18525,544,614,0.2733659277543077,0.29916329284750337,12983,12141.116231382344,722,0.0026600769810034923,5.515720390434079,2.8448829185047155,0.30059625334061885,0.2993170756465569,0.30063644766232767,5542,4146.399597394539,720,0.0042152634899468,19.867594045983015,11.295166770242364,0.2867756799993143,0.2931407379327453,0.28421472392638036,-0.01382057334130452,0.00897851722117543,-0.03144773411839172,0.003806587435782679,-0.03144773411839172,0.003806587435782679,1,True,,-0.016421723735947302,-0.006176337713811597,False,0.05008125143665307,0.061579882029421336,0.25908318162043564,0.6850282209919893,0.8385719612187034,2026,pitch_ff,1-1,ALL,own,1,"descriptive nominal only, no subgroup significance claim"
21334,18601,0.8718946282928659,721,18601,546,610,0.25813255835755133,0.2857373259502177,13286,12331.009137720563,721,0.003078412476321899,6.952087022580434,2.901241503667054,0.3030002190663844,0.2969979138510177,0.3050998795724823,5315,3966.4054266383696,719,0.004085280513595505,19.30116494836069,11.33715960217872,0.29756459278322034,0.28988990642375184,0.2885904045155221,-0.005435626283164073,0.009295855156389228,-0.02368584645163875,0.012814593885310603,-0.02368584645163875,0.012814593885310603,1,True,,-0.01650947505696021,-0.007108007427265861,False,0.05001772196175968,0.05970533692875534,0.25648586252707134,0.6907350743485065,0.8602780861300607,2026,pitch_ff,1-1,ALL,own,2,"descriptive nominal only, no subgroup significance claim"
21165,18757,0.886227261989133,722,18757,546,612,0.2660996928892039,0.2902916244602015,13312,12435.022028916466,722,0.002627660684431416,7.0857358867443,2.927788258780274,0.28960132281530315,0.30402396466780107,0.2911096754807692,5445,4113.871657955109,718,0.004323961389503621,19.642740565362427,10.987855103423218,0.2894874113970742,0.2936476164102169,0.28187456382001835,-0.00011391141822895416,0.009102839129782245,-0.017985148384863158,0.017757325548405253,-0.017985148384863158,0.017757325548405253,1,True,,-0.009235111660750861,-0.010376348257584156,False,0.050035440009274616,0.06221317833491279,0.2564737946118752,0.6903380924017454,0.882231208632968,2026,pitch_ff,1-1,ALL,common,0,"descriptive nominal only, no subgroup significance claim"
21067,18450,0.8757772820050316,722,18450,537,614,0.2733659277543077,0.29880758807588076,12937,12098.93652403322,722,0.0026711450386432845,5.515720390434079,2.8492818262174464,0.3000569824575798,0.2992829310167881,0.3001670402720878,5513,4124.610424184172,720,0.00423061427069915,19.867594045983015,11.299280204951799,0.28696002448079994,0.2931648457724338,0.2844375113368402,-0.01309695797677984,0.009002212156504253,-0.030770638064835088,0.004576722111275407,-0.030770638064835088,0.004576722111275407,1,True,,-0.015729528935247594,-0.00611808524435431,False,0.05008125143665307,0.061443484452619566,0.2586493122263882,0.6850789377747813,0.8385719612187034,2026,pitch_ff,1-1,ALL,common,1,"descriptive nominal only, no subgroup significance claim"
21334,18508,0.8675353895190775,721,18508,537,610,0.25813255835755133,0.2857683164037173,13219,12267.58003075345,721,0.0030938840551915877,6.952087022580434,2.9082708227984657,0.3030981294338123,0.2969147754223496,0.3052782358726076,5289,3947.973916315939,719,0.004105470076914,19.30116494836069,11.343527275018042,0.2978861043547344,0.2899072977188434,0.2886772546795235,-0.0052120250790778895,0.009329515654635653,-0.023528329700638687,0.01310427954248291,-0.023528329700638687,0.01310427954248291,1,True,,-0.01660098119308412,-0.0070074777035062374,False,0.05001772196175968,0.059506962962072696,0.2564753951112103,0.6914875458351598,0.8602780861300607,2026,pitch_ff,1-1,ALL,common,2,"descriptive nominal only, no subgroup significance claim"
20671,18499,0.8949252576072759,722,14459,554,608,0.3033234966861787,0.3269365911670901,12451,11326.621116050195,722,0.003111120993539132,8.157277002697548,3.412087908844621,0.21704962581166604,0.22726412486218664,0.2167348004176371,6048,4487.314625666587,720,0.004447870074683674,19.219660435972724,11.23932407360737,0.2133453154547737,0.2385069159747851,0.2159383267195767,-0.0037043103568923388,0.008493606628504744,-0.020379465722734157,0.01297084500894948,-0.020379465722734157,0.01297084500894948,1,True,,-0.000796473698060407,0.01124279111259846,True,0.05011865128462457,0.07015371016461222,0.30172249154904013,0.735081380411306,0.9037802898517939,2026,pitch_ff,1-2,ALL,own,0,"descriptive nominal only, no subgroup significance claim"
20606,18363,0.891148209259439,722,14273,541,607,0.3106376783461128,0.3337689919947721,12234,11175.71730370473,722,0.003693847427583219,6.9917463273791505,3.3572668820874876,0.2240544483380692,0.2246374457010601,0.22263364394310936,6129,4463.761976104511,721,0.00529363986586857,18.115101121450124,11.504781630740647,0.22678541239982394,0.23412156247281798,0.2244356338717572,0.0027309640617546945,0.009205701101665034,-0.015342217666086837,0.020804145789596225,-0.015342217666086837,0.020804145789596225,1,True,,0.0018019899286478291,0.009484116771757894,False,0.050150584492552795,0.06714188426788498,0.3045561971259117,0.7247298066426449,0.8859544190326034,2026,pitch_ff,1-2,ALL,own,1,"descriptive nominal only, no subgroup significance claim"
20675,18283,0.884304715840387,721,14210,545,608,0.300459492140266,0.32625936662473337,12318,11066.665489040162,720,0.0034266271981068883,8.133915933391874,3.5789142208288527,0.21926675671752294,0.22443442025991958,0.22036824159766197,5965,4256.58339376155,719,0.003759131281239415,19.858001558555753,12.089471509599191,0.23685744887881613,0.23413759395495873,0.22663671416596815,0.01759069216129322,0.009019173664589335,-0.00011632912370708806,0.035297713446293524,-0.00011632912370708806,0.035297713446293524,1,True,,0.006268472568306177,0.009703173695039147,False,0.050060752643827644,0.06876512982133999,0.30301822009021423,0.7473843029083633,0.8770579868062398,2026,pitch_ff,1-2,ALL,own,2,"descriptive nominal only, no subgroup significance claim"
20671,18441,0.8921193943205457,722,14416,545,608,0.3033234966861787,0.32655495905861937,12419,11299.11392930202,722,0.0031200440240355632,8.157277002697548,3.4089282774804337,0.2165408795110946,0.2272009353733648,0.2162075851517836,6022,4466.740845065635,720,0.00446503459056219,19.219660435972724,11.239639097980698,0.2135222364144639,0.23849491531692252,0.21614031883095317,-0.003018643096630688,0.008512005727692808,-0.019729920671914473,0.013692634478653098,-0.019729920671914473,0.013692634478653098,1,True,,-6.726632083042805e-05,0.011293979943557714,True,0.05011865128462457,0.07008701047235508,0.3016673569716733,0.7350561134557877,0.9037802898517939,2026,pitch_ff,1-2,ALL,common,0,"descriptive nominal only, no subgroup significance claim"
20606,18295,0.8878481995535281,722,14216,534,607,0.3106376783461128,0.33347909264826453,12194,11137.593452658075,722,0.003707692531050513,6.9917463273791505,3.3599270450277205,0.22388790235448483,0.22459324378941653,0.22246137444644906,6101,4442.296737262064,720,0.005313173468969909,18.115101121450124,11.514914643931641,0.22632309875385448,0.23412070419046013,0.22423504343550235,0.0024351963993696564,0.009183112993147642,-0.015593639005946892,0.020464031804686204,-0.015593639005946892,0.020464031804686204,1,True,,0.0017736689890532897,0.009527460401043603,False,0.050150584492552795,0.06705558552575408,0.30410471833985,0.7249462123375905,0.8859544190326034,2026,pitch_ff,1-2,ALL,common,1,"descriptive nominal only, no subgroup significance claim"
20675,18191,0.8798548972188633,721,14144,536,608,0.300459492140266,0.3257654884283437,12265,11016.816648183702,720,0.003441098785770902,8.133915933391874,3.584369430331489,0.21864649347055232,0.2243705924051332,0.21975328169588262,5926,4227.582805395891,719,0.003782967217502088,19.858001558555753,12.09886045220989,0.23748349219006687,0.23415314365739037,0.22673692203847454,0.018836998719514605,0.009054672699444466,0.0010602834482187802,0.036613713990810426,0.0010602834482187802,0.036613713990810426,1,True,,0.0069836403425919125,0.00978255125225716,False,0.050060752643827644,0.06873318434924272,0.3028872456771906,0.74749250214364,0.8770579868062398,2026,pitch_ff,1-2,ALL,common,2,"descriptive nominal only, no subgroup significance claim"
7078,6290,0.8886691155693699,721,6290,542,578,0.35476123198643683,0.3872813990461049,3854,3512.681076515705,716,0.0044887809435738635,7.851898585860634,3.3695513099149386,0.42518685015915086,0.4214627742712307,0.4278746756616502,2436,1984.5580487127245,685,0.004412396744974884,10.934332795562538,7.345115009477551,0.42696933108935375,0.4105111777595808,0.42150041050903114,0.001782480930202911,0.014615545681995287,-0.02691169750646084,0.030476659366866662,-0.02691169750646084,0.030476659366866662,1,True,,-0.006374265152619074,-0.010951596511649897,True,0.05229961544755799,0.08511527088818817,0.3490949527299031,0.7691616504733509,0.8726422674637243,2026,pitch_ff,2-0,ALL,own,0,"descriptive nominal only, no subgroup significance claim"
7002,6133,0.8758926021136818,722,6133,529,559,0.34475864038846044,0.3745312245230719,3836,3483.956903005823,713,0.003823918867734507,5.9056453710047165,3.5488568969941814,0.42880567136756315,0.42129022011668205,0.4259285714285714,2297,1862.455416276037,659,0.006687681087660409,10.533098493657373,7.394159487516051,0.4166540698104324,0.4100541320624817,0.42101306051371357,-0.012151601557130756,0.013482188287199512,-0.03862063811529812,0.014317435001036601,-0.03862063811529812,0.014317435001036601,1,True,,-0.0049155109148578124,-0.011236088054200344,False,0.05042201196306139,0.08487490055503712,0.3679233850828837,0.7934253474111357,0.8872745890458494,2026,pitch_ff,2-0,ALL,own,1,"descriptive nominal only, no subgroup significance claim"
7117,6252,0.8784600252915554,721,6252,526,565,0.33581565266263874,0.36676263595649394,3959,3568.2869156976312,713,0.003921830069921495,5.92956006203269,3.553765278680411,0.4243020596914661,0.4168549235616915,0.42670472341500376,2293,1808.711956574892,664,0.005558064887463889,12.496536967664898,7.624030627548574,0.42995405644834045,0.40583670199588573,0.4223384212821631,0.005651996756874338,0.014233534645181437,-0.022292193065363963,0.03359618657911264,-0.022292193065363963,0.03359618657911264,1,True,,-0.0043663021328406715,-0.011018221565805786,True,0.05126566684141755,0.08689895364730209,0.3585743465730187,0.7856078410097194,0.8920981970131169,2026,pitch_ff,2-0,ALL,own,2,"descriptive nominal only, no subgroup significance claim"
7078,6253,0.8834416501836677,721,6253,534,578,0.35476123198643683,0.38605469374700147,3839,3498.915823687877,716,0.004506197423922616,7.851898585860634,3.3707942276959186,0.42583117324625736,0.42149010877988624,0.42840088564730394,2414,1964.7795814949789,684,0.004449777681387216,10.934332795562538,7.353144388464708,0.42675298932771677,0.41055054466252294,0.4211375310687655,0.0009218160814594666,0.014685896696506242,-0.027910479987450096,0.02975411215036903,-0.027910479987450096,0.02975411215036903,1,True,,-0.007263354578538439,-0.010939564117363298,True,0.05229961544755799,0.0851053504800215,0.3489378568368744,0.7691886856259377,0.8726422674637243,2026,pitch_ff,2-0,ALL,common,0,"descriptive nominal only, no subgroup significance claim"
7002,6086,0.8691802342187946,722,6086,523,559,0.34475864038846044,0.3739730529083142,3810,3463.3449895853964,713,0.003858677772368093,5.9056453710047165,3.475767885948166,0.4292328882888895,0.4213570354311108,0.42608267716535425,2276,1845.7223333224965,659,0.006730184783256786,10.533098493657373,7.396467599491269,0.41639286464212083,0.4101289330216016,0.42030667838312824,-0.012840023646768551,0.013549666669786155,-0.03944153779221806,0.013761490498680959,-0.03944153779221806,0.013761490498680959,1,True,,-0.005775998782226011,-0.011228102409509222,False,0.05042201196306139,0.08486564958715373,0.366131959355124,0.7945041970052673,0.8872745890458494,2026,pitch_ff,2-0,ALL,common,1,"descriptive nominal only, no subgroup significance claim"
7117,6205,0.8718561191513278,721,6205,519,565,0.33581565266263874,0.36663980660757456,3930,3542.9359954443726,713,0.003953362700499797,5.92956006203269,3.5564091139081753,0.42421777468580035,0.41673917845300207,0.426544020356234,2275,1794.4741172430415,663,0.005598668521375092,12.496536967664898,7.633054883393805,0.4300672191905906,0.40585769023319734,0.4227784615384615,0.005849444504790151,0.014307128323296078,-0.022239229155245135,0.03393811816482544,-0.022239229155245135,0.03393811816482544,1,True,,-0.0037655588177725186,-0.010881488219804725,True,0.05126566684141755,0.08689001842463774,0.3581994846328167,0.785512967022483,0.8920981970131169,2026,pitch_ff,2-0,ALL,common,2,"descriptive nominal only, no subgroup significance claim"
10942,9729,0.8891427526960336,722,9729,550,588,0.3015902028879547,0.3280912735121801,6537,6059.880795425103,721,0.0033122822803459255,7.549474900250804,3.00255945535003,0.3468193759387909,0.3581026077086037,0.3467613584212942,3192,2508.0227881843703,698,0.005396391345524128,16.35119247759655,8.620712459058725,0.3595319865795755,0.3657451641115546,0.3564508145363408,0.012712610640784664,0.012011785866483302,-0.010869644142786999,0.03629486542435632,-0.010869644142786999,0.03629486542435632,1,True,,0.009689456115046624,0.007642556402950917,False,0.0504118680539798,0.07011332147331786,0.29393969228467737,0.7267605972591309,0.867540456361173,2026,pitch_ff,2-1,ALL,own,0,"descriptive nominal only, no subgroup significance claim"
10928,9603,0.8787518301610542,722,9603,538,575,0.29996339677891654,0.32666874934916174,6466,5972.456700389367,722,0.0034798729103371895,5.695230675283119,3.149262075110232,0.3609050252525265,0.35260372115267036,0.3604880915558305,3137,2417.724556585893,704,0.004705983475803164,14.467771586528952,9.553509754323047,0.36862748056815015,0.3622163886261955,0.36359483583041113,0.0077224553156236215,0.01328019464431703,-0.01835001526941829,0.03379492590066553,-0.01835001526941829,0.03379492590066553,1,True,,0.0031067442745806306,0.009612667473525127,False,0.05025108132210599,0.0676613019793014,0.2940591089615895,0.7378575408027489,0.8812552292116674,2026,pitch_ff,2-1,ALL,own,1,"descriptive nominal only, no subgroup significance claim"
11017,9682,0.8788236361986022,721,9682,537,587,0.29363710629027867,0.3222474695310886,6562,6024.877023972561,720,0.00359585821529437,6.9817675698324315,3.130693524410042,0.35509230771325,0.3511618600975546,0.3610687290460225,3120,2374.78876881481,699,0.005162184632804926,17.774376268803362,8.979351232464706,0.36785794725293763,0.3613326582157064,0.360801282051282,0.012765639539687648,0.011508019024825563,-0.00982764288271629,0.03535892196209159,-0.00982764288271629,0.03535892196209159,1,True,,-0.0002674469947405167,0.010170798118151803,False,0.050132319658674006,0.06663271851487369,0.2939283363575812,0.7477994608952916,0.8655673762096043,2026,pitch_ff,2-1,ALL,own,2,"descriptive nominal only, no subgroup significance claim"
10942,9694,0.8859440687260098,722,9694,541,588,0.3015902028879547,0.32752217866721683,6519,6043.293934987892,721,0.003322506505155545,7.549474900250804,3.003029185035038,0.34676477768865493,0.35806265949221605,0.34666743365546865,3175,2493.2653264893283,697,0.00542411059913736,16.35119247759655,8.641175839824891,0.360330212338707,0.3657265564670358,0.3571411023622047,0.01356543465005201,0.012044746504677652,-0.010081530425258799,0.03721239972536282,-0.010081530425258799,0.03721239972536282,1,True,,0.01047366870673605,0.007663896974819728,False,0.0504118680539798,0.07005038083168995,0.2935005835575192,0.7271525306425658,0.867540456361173,2026,pitch_ff,2-1,ALL,common,0,"descriptive nominal only, no subgroup significance claim"
10928,9565,0.8752745241581259,722,9565,531,575,0.29996339677891654,0.32535284892838473,6453,5961.104727333947,722,0.0034887112993348774,5.695230675283119,3.150267878565023,0.3609599996976699,0.35257887598366944,0.3605126297845963,3112,2398.3055324563675,704,0.004733081569524364,14.467771586528952,9.554973181779841,0.36859735865220455,0.36223032426291724,0.3637702442159383,0.007637358954534647,0.01324422068627726,-0.018364485409435964,0.033639203318505256,-0.018364485409435964,0.033639203318505256,1,True,,0.003257614431341982,0.009651448279247798,False,0.05025108132210599,0.06758256685254715,0.29348620992592983,0.7380345789263372,0.8812552292116674,2026,pitch_ff,2-1,ALL,common,1,"descriptive nominal only, no subgroup significance claim"
11017,9629,0.8740128891712807,721,9629,529,587,0.29363710629027867,0.3221518330044657,6527,5993.684757922499,720,0.003615664865052825,6.9817675698324315,3.1260911058208998,0.35550948162203266,0.3510715050021415,0.36130059751800214,3102,2360.6939371249928,699,0.005192106784552431,17.774376268803362,8.984926690777444,0.36809210745092213,0.3613311964464641,0.3609435847840103,0.012582625828889462,0.011574950213051455,-0.010142060203049053,0.03530731186082798,-0.010142060203049053,0.03530731186082798,1,True,,-0.0003570127339918572,0.010259691444322594,False,0.050132319658674006,0.06657649714459206,0.2939230150075269,0.7478922339477225,0.8655673762096043,2026,pitch_ff,2-1,ALL,common,2,"descriptive nominal only, no subgroup significance claim"
17370,15536,0.8944156591824985,722,11610,551,598,0.30023028209556707,0.3242147270854789,10499,9573.523440493966,722,0.003276787511959375,8.354116966194827,3.287618418812925,0.2599157420180531,0.2724941787600613,0.2604528050290504,5037,3816.8571012621437,720,0.00418682934703068,19.24902581220942,10.155579662432892,0.27507020548043853,0.2846065654411886,0.26583740321620014,0.015154463462385435,0.00984325803704929,-0.004170408085470048,0.03447933501024092,-0.004170408085470048,0.03447933501024092,1,True,,0.005384598187149758,0.012112386681127296,False,0.05013342715251115,0.07054855911901611,0.2999851123678739,0.7248419655072327,0.9005494280944589,2026,pitch_ff,2-2,ALL,own,0,"descriptive nominal only, no subgroup significance claim"
17604,15657,0.8894001363326517,722,11688,538,594,0.30822540331742787,0.334546848055183,10419,9516.874310201078,722,0.0029819403499969374,5.879534703060221,3.420951105420459,0.27001079096920555,0.26929248349606305,0.27092609655437183,5238,3893.3868776131744,720,0.004379900014729835,19.222973049813188,10.47722834508489,0.26898799148299946,0.28204861730356456,0.26830565101183657,-0.0010227994862061038,0.00941760090645427,-0.01951199555535156,0.01746639658293935,-0.01951199555535156,0.01746639658293935,1,True,,-0.0026204455425352657,0.012756133807501513,True,0.050111528261655866,0.0676514052155539,0.3027377366124198,0.7395313205348222,0.8973140622047191,2026,pitch_ff,2-2,ALL,own,1,"descriptive nominal only, no subgroup significance claim"
17524,15509,0.8850148367952523,721,11633,538,601,0.2997032640949555,0.3252949900058031,10464,9470.788337777129,721,0.0036253728291730718,7.6638722104028,3.4100642149619413,0.2651525770741423,0.26979171766129695,0.26662891819571866,5045,3630.0100713077013,717,0.00475038300999425,19.171175421741214,11.91079344582067,0.2935487522001074,0.27880910696059885,0.2775978196233895,0.02839617512596517,0.01074406917887301,0.007302728130399141,0.0494896221215312,0.007302728130399141,0.0494896221215312,1,True,,0.010968901427670819,0.009017389299301903,False,0.05013062869253012,0.06502581645106431,0.29557531098573303,0.7433642145234974,0.8695176573217624,2026,pitch_ff,2-2,ALL,own,2,"descriptive nominal only, no subgroup significance claim"
17370,15485,0.8914795624640184,722,11576,543,598,0.30023028209556707,0.3233451727478205,10478,9553.754949200977,722,0.0032836130360318636,8.354116966194827,3.2904997554942774,0.2598801798653106,0.27243935939711805,0.2604861614811987,5007,3793.8814820031885,720,0.0042061299341195225,19.24902581220942,10.16309894029135,0.27499825977318376,0.2846027964070849,0.2656117435590174,0.01511807990787319,0.009855370779517219,-0.004230572098790134,0.034466731914536516,-0.004230572098790134,0.034466731914536516,1,True,,0.005125582077818713,0.01216343700996686,False,0.05013342715251115,0.07052073498690759,0.2996066758525306,0.7250011981271824,0.9005494280944589,2026,pitch_ff,2-2,ALL,common,0,"descriptive nominal only, no subgroup significance claim"
17604,15598,0.886048625312429,722,11644,531,593,0.30822540331742787,0.3336325169893576,10394,9493.509078546085,722,0.0029899600732901117,5.879534703060221,3.422539023176079,0.26999043873651596,0.26924390125774966,0.27082451414277464,5204,3868.409829703247,720,0.004399686794384541,19.222973049813188,10.513605168634877,0.2689046660507337,0.2820536337977697,0.26843946963873944,-0.001085772685782285,0.009440987067162596,-0.019620881861135548,0.01744933648957098,-0.019620881861135548,0.01744933648957098,1,True,,-0.0023850445040352053,0.012809732540020047,True,0.050111528261655866,0.06763929319622675,0.30212091930821466,0.7402918917151464,0.8973140622047191,2026,pitch_ff,2-2,ALL,common,1,"descriptive nominal only, no subgroup significance claim"
17524,15447,0.8814768317735677,721,11586,529,601,0.2997032640949555,0.32485272221143263,10429,9437.95996039989,721,0.0036381232123868803,7.6638722104028,3.4103658151317635,0.26542608504266285,0.2697502615935114,0.26688953878607724,5018,3608.7646176097037,717,0.0047739957051525644,19.171175421741214,11.913010797215229,0.2942396270487327,0.2788300644176543,0.27800358708648865,0.028813542006069885,0.010766779545029569,0.007675508560361182,0.049951575451778585,0.007675508560361182,0.049951575451778585,1,True,,0.011114048300411405,0.00907980282414289,False,0.05013062869253012,0.06499511080367618,0.2954343405727587,0.7435307681608044,0.8695176573217624,2026,pitch_ff,2-2,ALL,common,2,"descriptive nominal only, no subgroup significance claim"
2293,2014,0.8783253379851723,668,2014,482,463,0.6384648931530745,0.6911618669314796,622,469.1478742606042,386,0.010392791844621201,16.379677839317825,10.908809309667927,0.5605032016381195,0.4726769691040198,0.5755691318327975,1392,1343.9289599235162,602,0.006377428912778778,3.8375527672153646,2.2706408074284425,0.5458215891061301,0.5050154945842514,0.5477866379310344,-0.014681612531989532,0.020196622705036527,-0.05433822583481765,0.024975000770838585,-0.05433822583481765,0.024975000770838585,1,True,,-0.027782493901763017,0.03233852548023164,True,0.21923963652947992,0.320479192421883,0.7387138725635914,0.9366317942451945,0.9488664479711264,2026,pitch_ff,3-0,ALL,own,0,"descriptive nominal only, no subgroup significance claim"
2296,1974,0.8597560975609756,668,1974,466,467,0.6258710801393729,0.6793313069908815,633,461.34524692498724,390,0.01453882593003691,19.74381237726426,12.341732119130226,0.5454237004149187,0.4803670562189125,0.5359447077409162,1341,1299.9878811799713,583,0.005672606152417764,2.954485916015803,2.1636579753904055,0.5522521512314721,0.5021076075008968,0.5588829231916479,0.006828450816553417,0.02056121254214181,-0.03354404446294894,0.04720094609605577,-0.03354404446294894,0.04720094609605577,1,True,,0.022938215450731714,0.021740551281984266,False,0.2643552562333999,0.3661216335756208,0.7699554260091603,0.9421455240306307,0.9495923560089793,2026,pitch_ff,3-0,ALL,own,1,"descriptive nominal only, no subgroup significance claim"
2230,1924,0.862780269058296,665,1924,457,477,0.6278026905829597,0.6871101871101871,602,424.17709292287344,377,0.013325115358410827,18.48496182204791,11.936825624912876,0.5618414387588154,0.47700525416543854,0.5506943521594684,1322,1270.7108810747475,594,0.006957300696998881,3.416921404705555,2.3652722484856317,0.551571977247178,0.503860847056531,0.5542745839636913,-0.010269461511637355,0.02111235270485041,-0.051724475834792394,0.031185552811517688,-0.051724475834792394,0.031185552811517688,1,True,,0.0035802318042229553,0.02685559289109246,True,0.23379858869968273,0.330650900315141,0.7583884662228066,0.9397571653981387,0.9498926580274859,2026,pitch_ff,3-0,ALL,own,2,"descriptive nominal only, no subgroup significance claim"
2293,1883,0.8211949411251636,654,1883,463,458,0.6384648931530745,0.6946362187997875,575,445.0656311668403,367,0.010013661057967329,13.186959957600527,9.809713403909106,0.570706128518067,0.4736347504835492,0.5839791304347827,1308,1262.5073764629878,587,0.006753442072229583,3.8375527672153646,2.286957702246495,0.5460246814047696,0.505900804589185,0.5475321100917431,-0.0246814471132975,0.020490731803567485,-0.06491711967453727,0.015554225447942271,-0.06491711967453727,0.015554225447942271,1,True,,-0.03644702034303959,0.032266054105635766,True,0.21923963652947992,0.31782755066715285,0.7337760001190251,0.9354427695518871,0.9488664479711264,2026,pitch_ff,3-0,ALL,common,0,"descriptive nominal only, no subgroup significance claim"
2296,1821,0.7931184668989547,655,1821,444,458,0.6258710801393729,0.6776496430532675,587,428.2413975015026,373,0.016058869525757098,19.74381237726426,12.045642835778194,0.531324376697326,0.4809726015875146,0.5297904599659284,1234,1196.1235204130937,565,0.0061245969865916,2.954485916015803,2.164120587243049,0.5539825103313075,0.5029511231004293,0.561397893030794,0.022658133633981514,0.021056115077761527,-0.018687610109200673,0.0640038773771637,-0.018687610109200673,0.0640038773771637,1,True,,0.031607433064865575,0.02197852151291474,False,0.2643552562333999,0.3549845836859517,0.7640981452092895,0.9380781096196453,0.9495923560089793,2026,pitch_ff,3-0,ALL,common,1,"descriptive nominal only, no subgroup significance claim"
2230,1784,0.8,655,1784,439,466,0.6278026905829597,0.6905829596412556,552,389.08280308704866,363,0.014939644161852712,18.48496182204791,11.672768644542042,0.5573485049700878,0.4772266996804888,0.5506721014492754,1232,1183.1888443460687,572,0.007437154277427719,3.416921404705555,2.3730802690003965,0.5535743587617076,0.5044218921716849,0.5556461038961038,-0.003774146208380177,0.020688531380911673,-0.04439810336946978,0.03684981095270942,-0.04439810336946978,0.03684981095270942,1,True,,0.0049740024468284405,0.027195192491196063,True,0.23379858869968273,0.32901524777664143,0.754859530621665,0.9393630963625929,0.9489263037016648,2026,pitch_ff,3-0,ALL,common,2,"descriptive nominal only, no subgroup significance claim"
4755,4218,0.8870662460567823,719,4218,529,536,0.41514195583596214,0.45092460881934565,2316,2076.6474443362595,680,0.004952887098128212,5.6225147408658716,3.9210667658486114,0.4857945579742757,0.45193969119525845,0.4854516407599309,1902,1635.262971728858,650,0.005936812297498649,7.474050112012025,5.548885979639424,0.4776087322868547,0.46385558220131645,0.469767087276551,-0.008185825687420984,0.014541348758051045,-0.03673446985505755,0.02036281848021558,-0.03673446985505755,0.02036281848021558,1,True,,-0.015684553483379937,0.011915891006058,True,0.07353549912558793,0.12159792125803091,0.44190944182404257,0.8259107151100429,0.90832590449371,2026,pitch_ff,3-1,ALL,own,0,"descriptive nominal only, no subgroup significance claim"
4601,4041,0.8782873288415561,717,4041,515,517,0.4014344707672245,0.43999010146003464,2263,1983.2838693167494,664,0.005198064666348253,6.885592480822564,4.582236951650145,0.46753493463957335,0.4594604004357388,0.4643557224922669,1778,1536.8276706671872,644,0.008064918286185512,7.6056838508004025,4.8900194993528805,0.4891508468666334,0.4552769964526087,0.49088695163104606,0.021615912227060094,0.015009317846713654,-0.007851622217271516,0.051083446671391704,-0.007851622217271516,0.051083446671391704,1,True,,0.026531229138779144,-0.004183403983130107,True,0.0765032793576356,0.12726403332424158,0.46910988114094626,0.8452374429818118,0.9064449056784851,2026,pitch_ff,3-1,ALL,own,1,"descriptive nominal only, no subgroup significance claim"
4653,4069,0.8744895766172361,717,4069,516,527,0.41005802707930367,0.4534283607766036,2224,1938.2739147722684,665,0.0053640171514947555,8.103061498890643,4.3536365531764165,0.4644473542242987,0.4546065943537044,0.47210836330935246,1845,1546.5117835113672,635,0.0061913494332341,9.725025379527155,5.659853645305425,0.48510881908607983,0.4569179046395577,0.4830661246612466,0.02066146486178114,0.014791915246431949,-0.008379246813020602,0.04970217653658288,-0.008379246813020602,0.04970217653658288,1,True,,0.010957761351894135,0.002311310285853352,False,0.0676775614363232,0.1242500405390479,0.45421650462694557,0.8416527227830268,0.923158165811448,2026,pitch_ff,3-1,ALL,own,2,"descriptive nominal only, no subgroup significance claim"
4755,4170,0.8769716088328076,719,4170,522,536,0.41514195583596214,0.4503597122302158,2292,2054.9074659709695,680,0.0050117074267498705,5.6225147408658716,3.9281789433890144,0.48521375808787565,0.4521568745229904,0.485175392670157,1878,1613.8762621501228,649,0.005998817695791174,7.474050112012025,5.579821975828673,0.4778377641157439,0.46405937507233674,0.46966347177848766,-0.007375993972131669,0.014622120954969682,-0.0360832160507197,0.021331228106456365,-0.0360832160507197,0.021331228106456365,1,True,,-0.015511920891669362,0.011902500549346329,True,0.07353549912558793,0.12152198949254336,0.440471155284071,0.8256481824720405,0.90832590449371,2026,pitch_ff,3-1,ALL,common,0,"descriptive nominal only, no subgroup significance claim"
4601,3980,0.8650293414475114,715,3980,509,515,0.4014344707672245,0.4376884422110553,2238,1961.0491341100158,664,0.005265753112449787,6.885592480822564,4.582554702397998,0.46616116851230016,0.4596152533416966,0.4629191242180518,1742,1505.113918719647,638,0.00819667345167313,7.6056838508004025,4.9405619728882,0.48941901313128017,0.4555253730823444,0.4913065442020666,0.02325784461898,0.015118889317257776,-0.006424950383145753,0.05294063962110575,-0.006424950383145753,0.05294063962110575,1,True,,0.028387419984014783,-0.004089880259352197,True,0.0765032793576356,0.12713452177816428,0.4677866154397494,0.8443284879988939,0.9064449056784851,2026,pitch_ff,3-1,ALL,common,1,"descriptive nominal only, no subgroup significance claim"
4653,4014,0.8626692456479691,716,4014,509,527,0.41005802707930367,0.45191828599900347,2200,1917.184147672411,661,0.005430296730485041,8.103061498890643,4.360708863399866,0.46320904502923643,0.45452739340698256,0.4707327272727272,1814,1520.3187791187631,631,0.006283704971181494,9.725025379527155,5.660050759698748,0.48482126308680484,0.45707963646288136,0.4827166482910694,0.02161221805756846,0.014901061359621322,-0.007642847575660229,0.05086728369079715,-0.007642847575660229,0.05086728369079715,1,True,,0.011983921018342225,0.002552243055898795,False,0.0676775614363232,0.12384276648328311,0.4528434725666307,0.8376394446334823,0.923158165811448,2026,pitch_ff,3-1,ALL,common,2,"descriptive nominal only, no subgroup significance claim"
10525,9362,0.8895011876484561,722,6758,541,567,0.352874109263658,0.3825037385174108,5781,5153.591973035338,720,0.0042759643597589415,9.543444608873527,3.73270130874992,0.37072569821530577,0.36726907157823246,0.36908735512887036,3581,2932.726926796409,702,0.004671052663876633,15.49740844345655,6.774126761216204,0.36809312572449177,0.38673184188600784,0.3622460206646188,-0.002632572490814011,0.009432951338731144,-0.021151905444600518,0.015886760462972497,-0.021151905444600518,0.015886760462972497,1,True,,-0.006841334464251558,0.01946277030777538,True,0.05322723122576318,0.09057616984369256,0.3719462517639812,0.7884383095275301,0.8960004171586563,2026,pitch_ff,3-2,ALL,own,0,"descriptive nominal only, no subgroup significance claim"
10716,9526,0.8889511011571481,722,6827,528,559,0.35638297872340424,0.38631114843585973,5846,5198.423527933712,718,0.004207680841577025,8.375056049236703,3.8848245606016483,0.36669121116737485,0.37017040873480034,0.3660817653096134,3680,2960.046760540897,698,0.0057400680116714295,12.01002679347192,7.4335784299345615,0.3867336212915181,0.3758071007078641,0.3889839673913043,0.02004241012414316,0.01030766416623013,-0.0001942112486866196,0.04027903149697294,-0.0001942112486866196,0.04027903149697294,1,True,,0.022902202081690914,0.005636691973063768,False,0.05116682276604192,0.08624507369653267,0.373756169934086,0.7893414575387977,0.882732692952036,2026,pitch_ff,3-2,ALL,own,1,"descriptive nominal only, no subgroup significance claim"
10638,9453,0.8886068809926678,721,6754,526,570,0.3531678887008836,0.38474558341267323,5816,5166.457449653345,720,0.004025361603181709,7.92908841420993,3.9236212429267114,0.3639724835330976,0.36495706049360527,0.3693409559834938,3637,2799.677190601146,704,0.005130262425619362,17.905214791740125,7.93966535743166,0.3972575773149268,0.3761808386886709,0.3839323618366786,0.03328509378182915,0.011872445758808962,0.00997634537823424,0.05659384218542406,0.00997634537823424,0.05659384218542406,1,True,,0.014591405853184802,0.011223778195065648,False,0.05126609204478037,0.08258614329649099,0.3677124355377253,0.7965023923835345,0.9150867419302936,2026,pitch_ff,3-2,ALL,own,2,"descriptive nominal only, no subgroup significance claim"
10525,9327,0.8861757719714964,722,6734,533,567,0.352874109263658,0.38190200493191806,5765,5138.918075682953,720,0.004288336143503581,9.543444608873527,3.735272982455946,0.37077413655083147,0.3672478704986492,0.3691958369470945,3562,2916.888851794139,701,0.004690938327190714,15.49740844345655,6.777642053366036,0.3685486561219066,0.38672743520543595,0.36257271195957325,-0.0022254804289248906,0.009448368230726133,-0.020775080745036853,0.016324119887187072,-0.020775080745036853,0.016324119887187072,1,True,,-0.006623124987521267,0.019479564706786745,True,0.05322723122576318,0.09040631168621785,0.3717336847309185,0.7892820437307776,0.8960004171586563,2026,pitch_ff,3-2,ALL,common,0,"descriptive nominal only, no subgroup significance claim"
10716,9484,0.8850317282568122,722,6801,521,559,0.35638297872340424,0.3848587094053142,5834,5186.859485956558,718,0.004215985398338114,8.375056049236703,3.8867030746779783,0.3660667799578397,0.3701383013053346,0.3653659581762084,3650,2935.0984941839806,698,0.005636883475077944,12.01002679347192,7.434871221911112,0.3868897600926936,0.3758381253115414,0.38894273972602744,0.020822980134853952,0.01028631854429962,0.0006282657607397969,0.04101769450896811,0.0006282657607397969,0.04101769450896811,1,True,,0.023576781549819015,0.005699824006206833,False,0.05116682276604192,0.0860517301119255,0.37314017684902534,0.7896064251310463,0.882732692952036,2026,pitch_ff,3-2,ALL,common,1,"descriptive nominal only, no subgroup significance claim"
10638,9418,0.8853167888700884,721,6725,519,570,0.3531678887008836,0.38458271395200677,5796,5148.331365831266,720,0.004039338198934164,7.92908841420993,3.92442264910095,0.3641379286785304,0.36490210734462036,0.36927726017943413,3622,2787.6966444132668,703,0.005149636803468604,17.905214791740125,7.9484557385184536,0.3971574559917814,0.37615915162335395,0.38376256212037546,0.03301952731325106,0.011870307374185169,0.009714977123756147,0.05632407750274597,0.009714977123756147,0.05632407750274597,1,True,,0.01448530194094133,0.011257044278733586,False,0.05126609204478037,0.08247866145014104,0.3676129815940236,0.7966874800685543,0.9150867419302936,2026,pitch_ff,3-2,ALL,common,2,"descriptive nominal only, no subgroup significance claim"
