n_all,n,coverage,games,PA,pitchers,batters,action1_rate_all,action1_rate,rows0,ESS0,games0,max_game_share0,max_weight0,weight_p99_0,Q0,gcomp0,naive0,rows1,ESS1,games1,max_game_share1,max_weight1,weight_p99_1,Q1,gcomp1,naive1,delta,SE,nominal95_low,nominal95_high,adjusted95_low,adjusted95_high,family,support_gate,support_reasons,naive_delta,gcomp_delta,gcomp_aipw_flip,p_min,p01,p50,p99,p_max,year,model,count,region,population,fold,interval_role
61135,59141,0.9673836591150732,810,59141,651,638,0.602748016684387,0.6020189039752456,23537,21215.58629246113,810,0.002170881807917135,8.864848390966564,5.45356317885222,0.320114444986163,0.31826794222251925,0.31962722521986664,35604,34122.799262548586,810,0.00184152875821654,5.459711559414634,2.7197664842888956,0.3165939407629678,0.3138572927950385,0.31579488259746097,-0.003520504223195177,0.004567430254347458,-0.012485916047626115,0.005444907601235761,-0.012485916047626115,0.005444907601235761,1,True,,-0.003832342622405671,-0.004410649427480762,False,0.14979923588470762,0.3296855518093924,0.619968312344682,0.8506476655944517,0.9189192951400913,2023,pitch,0-0,ALL,own,0,"descriptive nominal only, no subgroup significance claim"
60948,59265,0.972386296515062,810,59265,659,636,0.6025464330248737,0.6031890660592255,23517,21305.090618101978,810,0.002076598922307485,11.315375666822556,5.265763873219774,0.31482233825228584,0.32143230379803944,0.3146583747927031,35748,34175.35923261572,810,0.0021649598509891235,4.772632829309123,2.8340778710006567,0.3157385608718996,0.3154683165849058,0.3143782589235761,0.0009162226196138459,0.004452464636449785,-0.007823523118482938,0.00965596835771063,-0.007823523118482938,0.00965596835771063,1,True,,-0.0002801158691269623,-0.005963987213133626,True,0.13787648150349616,0.3140210181739685,0.6075643165663087,0.8489951601103554,0.9245878393723379,2023,pitch,0-0,ALL,own,1,"descriptive nominal only, no subgroup significance claim"
60811,59435,0.9773725148410649,810,59435,664,634,0.5992172468796764,0.5990409691259359,23831,21647.953165557345,810,0.0022676753006945593,11.443489394626239,5.147051725672793,0.3193794645604468,0.3203241262234281,0.3187362678863665,35604,34052.82421339362,810,0.0019805749264048297,6.6213383317761885,2.8151459449615133,0.31474156521949676,0.3185702248573101,0.31367351982923264,-0.004637899340950073,0.004481140273928239,-0.013433932506551133,0.004158133824650988,-0.013433932506551133,0.004158133824650988,1,True,,-0.005062748057133859,-0.0017539013661179714,False,0.12360413997280899,0.32437292846544297,0.6088206653717522,0.8498251028927066,0.9214635860208502,2023,pitch,0-0,ALL,own,2,"descriptive nominal only, no subgroup significance claim"
61135,51695,0.8455876339249203,810,51695,536,635,0.602748016684387,0.5978527904052616,20789,18761.180996040104,810,0.0023892956495547156,8.864848390966564,5.450462905614998,0.32156277895431057,0.3184472361383277,0.32039342921737457,30906,29643.03789424251,810,0.002015983638462847,5.459711559414634,2.6967339574696574,0.31804992915843056,0.31358426380121934,0.31749818805409946,-0.0035128497958799355,0.00493490101712623,-0.01319957022017698,0.00617387062841711,-0.01319957022017698,0.00617387062841711,1,True,,-0.0028952411632751085,-0.004862972337108362,False,0.14979923588470762,0.33485605485060754,0.6205034370078848,0.850431576749333,0.9159798640315957,2023,pitch,0-0,ALL,common,0,"descriptive nominal only, no subgroup significance claim"
60948,51249,0.8408643433746801,810,51249,539,635,0.6025464330248737,0.6006361099728775,20467,18500.275529491002,810,0.002210429142039476,11.315375666822556,5.349360387961388,0.3134221899439856,0.3212076310635923,0.31354326476767475,30782,29433.310111990446,810,0.0021712062628784865,4.772632829309123,2.8115563939796244,0.31601622064098117,0.31538527679010314,0.3143360405431746,0.0025940306969955526,0.004743608115863661,-0.006717200766681522,0.011905262160672626,-0.006717200766681522,0.011905262160672626,1,True,,0.0007927757754998543,-0.00582235427348915,True,0.13787648150349616,0.3196480716578624,0.606773377405614,0.8513298408254021,0.9245878393723379,2023,pitch,0-0,ALL,common,1,"descriptive nominal only, no subgroup significance claim"
60811,52273,0.8595977701402707,810,52273,556,632,0.5992172468796764,0.5949534176343427,21173,19238.882213342087,810,0.0022843940671103853,11.443489394626239,5.183030762229826,0.3188992442997728,0.3206834557383393,0.3177054267227129,31100,29754.73786441196,810,0.0022660146619553584,6.6213383317761885,2.8107778098094105,0.3138487023768976,0.31877634020163986,0.3127190675241157,-0.005050541922875192,0.004730961961926316,-0.014336950242742784,0.0042358663969924,-0.014336950242742784,0.0042358663969924,1,True,,-0.00498635919859719,-0.001907115536699422,False,0.12360413997280899,0.326933553246777,0.6086691568241,0.8500144133849458,0.918004936809099,2023,pitch,0-0,ALL,common,2,"descriptive nominal only, no subgroup significance claim"
31064,30108,0.9692248261653361,810,30108,649,633,0.5093033736801442,0.5078052344891724,14819,13652.764114362773,810,0.0023390513523892406,7.317499756553148,4.083147026525126,0.27338438330711207,0.2708180614443145,0.271502125649504,15289,14079.393937805846,810,0.002303767753047154,7.566658842256541,4.000565172200653,0.26432987701732663,0.26870039689435893,0.26427117535483025,-0.009054506289785377,0.00590644202872958,-0.020648265199247576,0.0025392526196768225,-0.020648265199247576,0.0025392526196768225,1,True,,-0.007230950294673744,-0.0021176645499555447,False,0.1039044825408314,0.224457297941148,0.5023977395408146,0.7855118074297636,0.8633413005440205,2023,pitch,0-1,ALL,own,0,"descriptive nominal only, no subgroup significance claim"
30991,30227,0.9753476815849763,810,30227,658,629,0.5050498531831822,0.5039865021338539,14993,13875.160541456842,810,0.0023850249826749674,6.805824576649361,4.0162911219996005,0.26927473814476566,0.2737482057167266,0.26797798972854003,15234,13964.135257603088,810,0.0024560459557553304,10.028575426025744,4.15353177640162,0.2667664096447614,0.2696024617296638,0.26645306551135617,-0.002508328500004294,0.00578930889570447,-0.013872166706275372,0.008855509706266784,-0.013872166706275372,0.008855509706266784,1,True,,-0.001524924217183865,-0.0041457439870628,False,0.08542857257520141,0.21286166867971631,0.4944981357656241,0.7854359209899638,0.8844888592700522,2023,pitch,0-1,ALL,own,1,"descriptive nominal only, no subgroup significance claim"
30846,30207,0.9792841859560397,810,30207,663,630,0.49909226479932567,0.4978316284304962,15169,13991.29427674517,810,0.002548779586572558,7.854786372243501,4.06543892898551,0.2695749119483463,0.27371273973940685,0.2683385852725954,15038,13855.08162713548,810,0.002190724222963176,10.026679239596591,4.037330714893354,0.268770758978466,0.2700376151340974,0.269464356962362,-0.0008041529698803674,0.005996687654295666,-0.01257505507661049,0.010966749136849755,-0.01257505507661049,0.010966749136849755,1,True,,0.0011257716897665748,-0.0036751246053094433,False,0.07829265178324464,0.22518877396234854,0.4975685304442219,0.7905378335198227,0.8888207780671007,2023,pitch,0-1,ALL,own,2,"descriptive nominal only, no subgroup significance claim"
31064,26020,0.8376255472572753,810,26020,534,628,0.5093033736801442,0.5086856264411991,12784,11794.079685123095,809,0.0027044860517673962,6.0343704941985665,4.057713165961904,0.27269572126454517,0.2709919979214961,0.2707866864831039,13236,12213.136496673205,810,0.0026676889789835206,7.566658842256541,3.949424694538601,0.2641234367303305,0.2685165208184874,0.2647174372922333,-0.008572284534214634,0.006374870240952324,-0.02108552148688536,0.003940952418456094,-0.02108552148688536,0.003940952418456094,1,True,,-0.006069249190870596,-0.002475477103008661,False,0.1039044825408314,0.22937112996324968,0.5038305300040582,0.7850039781650019,0.8623919282298553,2023,pitch,0-1,ALL,common,0,"descriptive nominal only, no subgroup significance claim"
30991,25958,0.8375980123261592,810,25958,538,627,0.5050498531831822,0.5083981816780954,12761,11797.243186042324,809,0.0027142071569514706,6.805824576649361,4.045352640349495,0.2691747971614565,0.2735206808872211,0.2687187524488676,13197,12118.851645140916,810,0.002357884862057144,10.028575426025744,4.089285214478012,0.2642196747368832,0.2695574400147025,0.26384852618019244,-0.004955122424573271,0.006258793552827285,-0.017240512370436077,0.007330267521289536,-0.017240512370436077,0.007330267521289536,1,True,,-0.004870226268675171,-0.003963240872518592,False,0.08542857257520141,0.22004357482384088,0.49464444863664925,0.7884470479217717,0.8844888592700522,2023,pitch,0-1,ALL,common,1,"descriptive nominal only, no subgroup significance claim"
30846,26221,0.8500615963171886,810,26221,555,628,0.49909226479932567,0.5000572060562145,13109,12095.61602953121,810,0.0029482280575893398,7.854786372243501,4.0763046828841905,0.26928933117210757,0.27395895803675463,0.26781135098024256,13112,12083.239016273903,810,0.0024732006480804843,10.026679239596591,4.027389545577518,0.26756745910434393,0.27012232323611207,0.26902120195241,-0.0017218720677636332,0.006337564044596771,-0.014161880663282708,0.010718136527755443,-0.014161880663282708,0.010718136527755443,1,True,,0.00120985097216747,-0.0038366348006425577,False,0.08486714586661949,0.22808788569088587,0.49768839866864356,0.7911719381238023,0.8794022240251405,2023,pitch,0-1,ALL,common,2,"descriptive nominal only, no subgroup significance claim"
16230,15724,0.9688231669747381,810,12722,638,618,0.4500308071472582,0.4459425082676164,8712,8167.468622489868,810,0.002821807496572949,5.731618229679728,3.4259907898965962,0.19952573055019418,0.2087470381711311,0.1982905188246097,7012,6301.557001491295,809,0.0031927220410715826,9.799779626123795,4.985990292599469,0.20197109141012104,0.21954402136987222,0.20107401597261837,0.002445360859926849,0.006962729534155684,-0.011221785482683757,0.016112507202537457,-0.011221785482683757,0.016112507202537457,1,True,,0.0027834971480086568,0.010796983198741117,False,0.07715114206241486,0.17664472538469286,0.4327649809644714,0.7421780757006408,0.8417518690765093,2023,pitch,0-2,ALL,own,0,"descriptive nominal only, no subgroup significance claim"
16272,15868,0.9751720747295969,810,12914,648,608,0.44604228121927236,0.4434081169649609,8832,8285.572314195268,810,0.0033941535367714923,5.413341846033551,3.3966716129842554,0.20270791751449302,0.20684892518728287,0.20214130434782607,7036,6322.234841038848,810,0.003768576665595252,12.070791120610513,5.041899897386019,0.21153246838377238,0.2170373816984377,0.21008328595793063,0.008824550869279375,0.0071075531605431005,-0.005126869863998684,0.022775971602557434,-0.005126869863998684,0.022775971602557434,1,True,,0.007941981610104565,0.010188456511154825,False,0.07526835097348615,0.16735283885966037,0.42510711994812256,0.7312571502296435,0.8184403685912022,2023,pitch,0-2,ALL,own,1,"descriptive nominal only, no subgroup significance claim"
16231,15870,0.9777586100671555,810,12810,657,613,0.4460600086254698,0.4434152488972905,8833,8275.399496069622,810,0.002678141541936087,6.854421262586962,3.4125628770649716,0.20027367134213026,0.2101620948521475,0.1985092267632741,7037,6291.862864205696,810,0.0034844853021268034,9.849775201154491,5.164519797125461,0.2141989736815976,0.21671531074722275,0.215350717635356,0.013925302339467331,0.00751982202548286,-0.0008353612176190371,0.0286859658965537,-0.0008353612176190371,0.0286859658965537,1,True,,0.016841490872081893,0.006553215895075237,False,0.06366797538839569,0.18284814132042856,0.4288817720243654,0.7392403903356148,0.8541087625503506,2023,pitch,0-2,ALL,own,2,"descriptive nominal only, no subgroup significance claim"
16230,13671,0.8423290203327172,810,11080,526,610,0.4500308071472582,0.4574647063126326,7417,6970.6357203277,804,0.0033209600173327095,5.731618229679728,3.378731483715945,0.19826298161677663,0.20900475621301334,0.1974429014426318,6254,5627.310070355462,808,0.0035777340206695997,9.799779626123795,4.966156656350126,0.20106556471223858,0.2192058090227898,0.2004275663575312,0.0028025830954619213,0.007451694410527194,-0.011824352721805664,0.017429518912729508,-0.011824352721805664,0.017429518912729508,1,True,,0.0029846649148994042,0.010201052809776456,False,0.07715114206241486,0.18053603410931748,0.4335040994016407,0.7410223092727861,0.8417518690765093,2023,pitch,0-2,ALL,common,0,"descriptive nominal only, no subgroup significance claim"
16272,13717,0.8429818092428711,810,11161,534,607,0.44604228121927236,0.4565138149741197,7455,6983.161412215551,809,0.0040167090374761,5.413341846033551,3.4480622166488417,0.20237843990401475,0.20664408897692407,0.20206264252179745,6262,5634.104490630438,807,0.0036480454815231694,12.070791120610513,5.039763933003884,0.21129231494693398,0.2168739381778651,0.20983056531459598,0.00891387504291924,0.007705479467373968,-0.006211215627912282,0.024038965713750762,-0.006211215627912282,0.024038965713750762,1,True,,0.007767922792798532,0.010229849200941027,False,0.07526835097348615,0.1722364824737635,0.4256211646720411,0.7345701011604481,0.8184403685912022,2023,pitch,0-2,ALL,common,1,"descriptive nominal only, no subgroup significance claim"
16231,13883,0.855338549688867,810,11228,550,607,0.4460600086254698,0.4532881941943384,7590,7110.295951078284,809,0.003100439164545813,6.854421262586962,3.416651101958348,0.20127841748583564,0.2103682003704006,0.19857878787878788,6293,5624.620543032611,809,0.003884905170913866,9.849775201154491,5.173476450872162,0.2158808743824241,0.2166376891066692,0.21802526616875892,0.014602456896588435,0.008148829968398049,-0.0013928867617879516,0.030597800554964822,-0.0013928867617879516,0.030597800554964822,1,True,,0.019446478289971036,0.006269488736268591,False,0.06366797538839569,0.18201668534330648,0.42895975322079255,0.7408992568762327,0.8541087625503506,2023,pitch,0-2,ALL,common,2,"descriptive nominal only, no subgroup significance claim"
23445,22652,0.9661761569631051,810,22652,649,621,0.600469183194711,0.599682147271764,9068,8237.143763819573,810,0.002930888654047789,9.203803436053501,5.186778106024085,0.358347432063954,0.35703073314198,0.35677988531098365,13584,12994.002444383785,810,0.0028241872101622692,5.660168462361082,2.797338891054385,0.3625674266230729,0.35545339022266,0.3602039163722026,0.004219994559118911,0.007018760617013037,-0.009557135232567206,0.01799712435080503,-0.009557135232567206,0.01799712435080503,1,True,,0.0034240310612189684,-0.0015773429193199906,True,0.16771162307099394,0.31883375042582435,0.6089841082237979,0.8462109162558441,0.9139732502764315,2023,pitch,1-0,ALL,own,0,"descriptive nominal only, no subgroup significance claim"
23363,22636,0.9688824209219706,810,22636,658,624,0.5977400162650345,0.5984272839724333,9090,8266.669270659504,810,0.002975579018783838,9.89223394754001,5.040048379246299,0.35389817637471205,0.35640724143990865,0.3557106710671067,13546,12889.857973403918,810,0.002405436126830161,4.927109576015468,2.953548929736354,0.3569890333928118,0.3586028087178722,0.35492182194005606,0.0030908570180998287,0.0070882637243054585,-0.01082270046820977,0.01700441450440943,-0.01082270046820977,0.01700441450440943,1,True,,-0.0007888491270506282,0.0021955672779635504,False,0.15954224676986498,0.306757055661417,0.5992855047788939,0.8480808352333215,0.9301513560067834,2023,pitch,1-0,ALL,own,1,"descriptive nominal only, no subgroup significance claim"
23206,22647,0.9759114022235629,810,22647,662,625,0.584159269154529,0.5832560604053517,9438,8552.34760985234,809,0.003036129580553133,8.030641410275049,5.176824924680969,0.3566847786252639,0.3575881446760264,0.35754492477219746,13209,12612.51301036504,810,0.0025613799758671925,6.637978709421404,2.846375880012002,0.35755329143709863,0.3619005810583728,0.3554604436369142,0.0008685128118346733,0.007416320870068612,-0.013688988259801606,0.015426013883470951,-0.013688988259801606,0.015426013883470951,1,True,,-0.002084481135283256,0.004312436382346407,False,0.15064826866357403,0.3115662056576101,0.6034826624442893,0.8490727460775799,0.9131909192448281,2023,pitch,1-0,ALL,own,2,"descriptive nominal only, no subgroup significance claim"
23445,19755,0.8426103646833013,810,19755,535,617,0.600469183194711,0.5924576056694508,8051,7328.490802437982,809,0.002968569678214024,9.203803436053501,5.119889867882142,0.36042785492571394,0.3572717837311932,0.35930505527263695,11704,11191.795204421429,809,0.002751140052919327,5.660168462361082,2.7949380235741508,0.3661607643587791,0.3553407726405262,0.3647789644565961,0.005732909433065148,0.007512249237296092,-0.00901288949315161,0.020478708359281908,-0.00901288949315161,0.020478708359281908,1,True,,0.005473909183959125,-0.001931011090667012,True,0.16771162307099394,0.3230090337195716,0.6095996073589532,0.8462084130681737,0.911408168952194,2023,pitch,1-0,ALL,common,0,"descriptive nominal only, no subgroup significance claim"
23363,19505,0.8348670975474041,810,19505,538,622,0.5977400162650345,0.5921558574724429,7955,7232.583470998257,810,0.0034079451958524236,9.89223394754001,5.098224471845456,0.3540845645208411,0.3562606590118708,0.3553757385292269,11550,10997.112398166191,810,0.0025153982254759923,4.927109576015468,2.905528479493716,0.3563090494101092,0.3586271687036986,0.3542821645021645,0.002224484889268165,0.007861306106806312,-0.013206477993711163,0.017655447772247493,-0.013206477993711163,0.017655447772247493,1,True,,-0.001093574027062394,0.0023665096918277784,False,0.15954224676986498,0.310787009865318,0.5973594108687565,0.8491516355852705,0.9301513560067834,2023,pitch,1-0,ALL,common,1,"descriptive nominal only, no subgroup significance claim"
23206,19936,0.8590881668534,810,19936,555,623,0.584159269154529,0.5779494382022472,8414,7627.652895645213,809,0.0034075196866636165,8.030641410275049,5.182728503052435,0.3521514110412855,0.35795380649304664,0.35418861421440456,11522,11001.286160891292,810,0.0029317199440440896,6.637978709421404,2.8353147676915227,0.3580483671125815,0.36228861136027585,0.3556063183475091,0.005896956071295975,0.007701497038744469,-0.00922031748778198,0.02101422963037393,-0.00922031748778198,0.02101422963037393,1,True,,0.001417704133104547,0.004334804867229203,False,0.15064826866357403,0.31636683820789474,0.6026774913930038,0.8490796414019396,0.9131909192448281,2023,pitch,1-0,ALL,common,2,"descriptive nominal only, no subgroup significance claim"
24373,23592,0.9679563451360111,810,23592,651,628,0.5100726213432897,0.507332994235334,11623,10742.964437835428,810,0.0026431930209665625,7.169946459266514,4.0143617205261295,0.3031011916560111,0.29603243682738756,0.30059287619375374,11969,11058.785294015912,810,0.002400300024316216,6.973385154252034,3.9683300024020673,0.29913738372539084,0.3042666604643249,0.2976318823627705,-0.003963807930620277,0.007199862884648212,-0.018096423481534396,0.010168807620293844,-0.018096423481534396,0.010168807620293844,1,True,,-0.0029609938309832495,0.008234223636937321,True,0.1013666693769052,0.2313597097532653,0.5058939280612292,0.7824466618601201,0.8845707947898582,2023,pitch,1-1,ALL,own,0,"descriptive nominal only, no subgroup significance claim"
24183,23556,0.9740726956953232,810,23556,658,623,0.5030806765082909,0.5016556291390728,11739,10832.863611399493,810,0.002578194303488388,8.97873219760186,4.128857029383834,0.2892635509569242,0.3018605579336898,0.28988005792656957,11817,10879.937082884386,810,0.003014042513165057,7.372624954705423,4.067083895103874,0.3062530308416091,0.30264378977060924,0.30435355843276635,0.016989479884684907,0.006560699757162722,0.004111478053475491,0.029867481715894324,0.004111478053475491,0.029867481715894324,1,True,,0.01447350050619678,0.000783231836919418,False,0.10356150227861009,0.22128991982594007,0.4967961399501104,0.7920273324436805,0.8965122485904182,2023,pitch,1-1,ALL,own,1,"descriptive nominal only, no subgroup significance claim"
23860,23359,0.979002514668902,810,23359,664,630,0.5049036043587595,0.5032749689627124,11603,10696.332525589616,810,0.002455378071357834,7.980225926950125,4.083431078059111,0.3008958414181507,0.29834577585440986,0.29964672929414804,11756,10835.725494451915,810,0.002645764009745533,8.270189522420836,4.03138236229177,0.30275164058633774,0.3064236692478073,0.3014960871044573,0.0018557991681870658,0.007211385632028026,-0.012299434391072249,0.01601103272744638,-0.012299434391072249,0.01601103272744638,1,True,,0.00184935781030926,0.008077893393397428,False,0.10287225430686837,0.22441245748365432,0.4959970398587064,0.7900009817270589,0.900928565413822,2023,pitch,1-1,ALL,own,2,"descriptive nominal only, no subgroup significance claim"
24373,20378,0.836089115004308,809,20378,536,625,0.5100726213432897,0.5042693100402394,10102,9342.365542891166,808,0.0029427806445652418,7.169946459266514,4.033398779147756,0.304695417748564,0.29618336927588035,0.30099039794100174,10276,9505.466675025773,809,0.00267222996780829,6.098636202442729,3.8892624790126913,0.3010036778457343,0.30407208775716144,0.29918353444920204,-0.003691739902829699,0.007829047103777848,-0.019059410064251384,0.011675930258591986,-0.019059410064251384,0.011675930258591986,1,True,,-0.001806863491799704,0.007888718481281087,True,0.1255814413756745,0.23505651719856327,0.506901721686412,0.7829266896580529,0.877957940077212,2023,pitch,1-1,ALL,common,0,"descriptive nominal only, no subgroup significance claim"
24183,20259,0.8377372534425009,810,20259,539,621,0.5030806765082909,0.5005676489461474,10118,9319.843459922875,810,0.0026488728516230035,8.97873219760186,4.192174909545949,0.28936459220904187,0.30177059663799694,0.28998003558015417,10141,9348.488759536642,810,0.003115146930217699,7.372624954705423,4.040886963871418,0.30295534913401134,0.3026060044845385,0.3017220195247017,0.013590756924969484,0.007118128007237655,-0.00038142118178059736,0.027562935031719565,-0.00038142118178059736,0.027562935031719565,1,True,,0.011741983944547507,0.0008354078465415693,False,0.10356150227861009,0.2249897457801465,0.4951592255875889,0.7936669661855597,0.8965122485904182,2023,pitch,1-1,ALL,common,1,"descriptive nominal only, no subgroup significance claim"
23860,20352,0.852975691533948,810,20352,556,626,0.5049036043587595,0.5020145440251572,10135,9349.922281483136,810,0.002600835998644707,7.980225926950125,4.104812169509342,0.3022535638623027,0.29859047360108654,0.3016318697582634,10217,9424.115461206064,810,0.002896675994645285,6.8246894797150945,4.020530404443535,0.2991282059876786,0.3065853639734898,0.29804512087696977,-0.0031253578746241444,0.0077533268249270985,-0.01834436815479536,0.012093652405547071,-0.01834436815479536,0.012093652405547071,1,True,,-0.003586748881293622,0.007994890372403252,True,0.10287225430686837,0.22832175121829987,0.4954675894986501,0.7903119695163627,0.900928565413822,2023,pitch,1-1,ALL,common,2,"descriptive nominal only, no subgroup significance claim"
23327,22632,0.9702061988253955,810,17825,648,626,0.4559523299181206,0.4528101802757158,12384,11606.013204147781,810,0.002512408027898928,5.46139299582001,3.4794757626640536,0.2211674931187697,0.2267467092011842,0.22109205426356587,10248,9254.72309076605,810,0.002988079709610358,9.619443246388151,4.844393892406798,0.2264094673792715,0.2351074921991354,0.22804156908665105,0.005241974260501803,0.005855123044450888,-0.006251050581257438,0.016734999102261044,-0.006251050581257438,0.016734999102261044,1,True,,0.006949514823085173,0.008360782997951205,False,0.07699151747171765,0.18351302615633616,0.44014026763440905,0.7373747817055035,0.8494179471181399,2023,pitch,1-2,ALL,own,0,"descriptive nominal only, no subgroup significance claim"
23284,22729,0.9761638893660883,810,17893,655,620,0.4503951211132108,0.4484579171982929,12536,11724.619520491122,810,0.0025957127131993113,7.948660951398157,3.5337109325507097,0.2225165612841394,0.22730862134953583,0.2207432992980217,10193,9139.173826121216,810,0.0030585931578798204,10.249622996365412,5.152928863766841,0.22812487861227904,0.23706700304123263,0.22840449327970175,0.005608317328139648,0.006115538211045314,-0.006395876613930329,0.017612511270209626,-0.006395876613930329,0.017612511270209626,1,True,,0.007661193981680053,0.009758381691696794,False,0.09133574081355819,0.17725301285387335,0.4311859870288168,0.744272078528533,0.8741926462690421,2023,pitch,1-2,ALL,own,1,"descriptive nominal only, no subgroup significance claim"
22958,22470,0.9787437930133287,810,17655,658,624,0.44929871940064464,0.447485536270583,12415,11615.70403996503,810,0.002677719691367207,6.36864953086585,3.522953030962566,0.22517406716787927,0.227412515989354,0.2220841723721305,10055,9012.97497715123,810,0.003127177568544086,13.945655077059326,5.031541934146049,0.23331662075290108,0.2359953227141233,0.23390402784684233,0.008142553585021759,0.00599857487742961,-0.003632052953228538,0.019917160123272055,-0.003632052953228538,0.019917160123272055,1,True,,0.011819855474711843,0.008582806724769299,False,0.06600085914048802,0.1814963172209692,0.4310571849500419,0.7398387475353841,0.8505526648448991,2023,pitch,1-2,ALL,own,2,"descriptive nominal only, no subgroup significance claim"
23327,19803,0.8489304239722211,809,15574,534,621,0.4559523299181206,0.455638034641216,10780,10114.702482222274,808,0.002884191296662087,5.46139299582001,3.4681418649698275,0.2214461027350292,0.22690809188593075,0.2211039888682746,9023,8148.342742322194,809,0.0030828336414395227,9.619443246388151,4.804095925552656,0.22699093800951886,0.23484920003567675,0.2292289704089549,0.0055448352744896425,0.006424403238334667,-0.007065653414875375,0.01815532396385466,-0.007065653414875375,0.01815532396385466,1,True,,0.00812498154068031,0.007941108149745996,False,0.09350989477084158,0.1863954197293236,0.44116432572874137,0.7356630111377294,0.8255303071717167,2023,pitch,1-2,ALL,common,0,"descriptive nominal only, no subgroup significance claim"
23284,19724,0.8471053083662601,810,15513,536,619,0.4503951211132108,0.45239302372743867,10801,10091.27379497061,809,0.002643886987867336,7.948660951398157,3.5571625532429687,0.22222907222151703,0.22715278556338842,0.220898342746042,8923,8012.539148933339,810,0.0031300290859141884,10.249622996365412,5.000763888890063,0.22738931708269755,0.23703722977507213,0.22701356046172813,0.0051602448611805405,0.0066173719838194135,-0.007828998920686166,0.018149488643047246,-0.007828998920686166,0.018149488643047246,1,True,,0.006115217715686128,0.009884444211683718,False,0.09133574081355819,0.18020396712045536,0.42953080002307836,0.7460110501663482,0.8741926462690421,2023,pitch,1-2,ALL,common,1,"descriptive nominal only, no subgroup significance claim"
22958,19708,0.8584371460928653,810,15506,552,620,0.44929871940064464,0.4532677085447534,10775,10077.610625683215,810,0.0030565891557336414,6.36864953086585,3.54756523900404,0.22440733193485046,0.22756262397241292,0.2220824129930394,8933,8008.931089711113,810,0.0031884435708583975,13.945655077059326,5.023777749687588,0.23448122233314012,0.235910134393624,0.23497234971454156,0.010073890398289638,0.006248783578567917,-0.002191850962572496,0.02233963175915177,-0.002191850962572496,0.02233963175915177,1,True,,0.012889936721502154,0.008347510421211068,False,0.06600085914048802,0.1843291508683488,0.43073053095038794,0.7414534322810529,0.8505526648448991,2023,pitch,1-2,ALL,common,2,"descriptive nominal only, no subgroup significance claim"
7854,7589,0.9662592309651133,810,7589,635,582,0.7175961293608353,0.7166952167611016,2150,1888.142285418354,725,0.00670626872928293,12.445330414951005,7.908943764920627,0.4501680840487489,0.41187979905367883,0.4495246511627907,5439,5335.448260549444,809,0.0032359150661265858,2.95683990628212,1.9738179313375366,0.42040071166480214,0.41008143817281173,0.41854090825519397,-0.029767372383946777,0.012925641995343658,-0.055139123484713455,-0.0043956212831801,-0.055139123484713455,-0.0043956212831801,1,True,,-0.030983742907596756,-0.0017983608808671003,False,0.30110717614142096,0.4627616968927144,0.7403079010805591,0.9094191655581342,0.9427517014852447,2023,pitch,2-0,ALL,own,0,"descriptive nominal only, no subgroup significance claim"
7950,7682,0.9662893081761006,810,7682,644,589,0.7171069182389938,0.7181723509502733,2165,1898.2718858224812,733,0.005385690188456306,15.402060234660306,7.573061499791205,0.43148655367315186,0.41976947663640335,0.42964110854503457,5517,5397.1690357805255,810,0.002729389650607036,3.213403880439824,2.0494557953951418,0.4152461050287045,0.4123568647096384,0.41340710531085734,-0.0162404486444474,0.01241437829379525,-0.04060863989207751,0.008127742603182716,-0.04060863989207751,0.008127742603182716,1,True,,-0.01623400323417723,-0.007412611926764956,False,0.27806873694327516,0.4478791025189463,0.7273486241680667,0.9093928566399204,0.9460839208507115,2023,pitch,2-0,ALL,own,1,"descriptive nominal only, no subgroup significance claim"
7890,7721,0.9785804816223067,810,7721,650,590,0.7133079847908745,0.713120062168113,2215,1931.0066678040512,734,0.0052299842174368845,10.969335805085045,8.415648776609396,0.43053913043055725,0.4195605018903736,0.4319553047404063,5506,5393.404390784975,810,0.0029554891088307885,2.8680557649972727,2.0402416208563707,0.41637579543053327,0.4146180036559718,0.41557519070105337,-0.014163335000023964,0.01300412699253519,-0.03968914435295369,0.01136247435290576,-0.03968914435295369,0.01136247435290576,1,True,,-0.01638011403935291,-0.004942498234401793,False,0.28138264057943607,0.4506096347704228,0.7318966370990075,0.9083830721705105,0.9499057703562646,2023,pitch,2-0,ALL,own,2,"descriptive nominal only, no subgroup significance claim"
7854,6683,0.8509039979628215,810,6683,525,579,0.7175961293608353,0.7085141403561275,1948,1711.3375061623208,689,0.007371070426050852,12.445330414951005,7.91044145647155,0.4551266688152229,0.4120267061322355,0.45186601642710467,4735,4643.7637466850865,806,0.0035985916649055104,2.95683990628212,1.9774297488795292,0.42204168213338883,0.4098315842105089,0.42078268215417103,-0.033084986681834044,0.013876342322388944,-0.060322868074457775,-0.005847105289210314,-0.060322868074457775,-0.005847105289210314,1,True,,-0.031083334272933638,-0.002195121921726606,False,0.30110717614142096,0.463239134367404,0.7403079010805591,0.9101066723908425,0.9427517014852447,2023,pitch,2-0,ALL,common,0,"descriptive nominal only, no subgroup significance claim"
7950,6645,0.8358490566037736,809,6645,528,583,0.7171069182389938,0.709255079006772,1932,1693.502835159127,703,0.005423465669744545,15.402060234660306,7.634159494015876,0.4293746406184228,0.41971829246010617,0.4262163561076604,4713,4608.292472644976,803,0.003026575008702707,3.213403880439824,2.0550583391723714,0.4133071015409317,0.41259407718007035,0.4112565245066836,-0.01606753907749107,0.013348544196523714,-0.04226945377134306,0.010134375616360911,-0.04226945377134306,0.010134375616360911,1,True,,-0.014959831600976803,-0.007124215280035817,False,0.27806873694327516,0.4517052876058572,0.7257140993994727,0.9094568356655645,0.9460839208507115,2023,pitch,2-0,ALL,common,1,"descriptive nominal only, no subgroup significance claim"
7890,6782,0.8595690747782002,809,6782,546,581,0.7133079847908745,0.7053966381598349,1998,1738.3391358742272,710,0.0057945525092124375,10.969335805085045,8.609309759596334,0.4347881183189896,0.4200777458971304,0.43523623623623614,4784,4686.313396017675,806,0.0031729985073488446,2.8680557649972727,2.038962234133871,0.41269669214820687,0.41512122177475674,0.41201233277591975,-0.022091426170782774,0.014132342566476226,-0.04983186204899165,0.005649009707426097,-0.04983186204899165,0.005649009707426097,1,True,,-0.023223903460316386,-0.004956524122373629,False,0.28138264057943607,0.4513290788380282,0.7316594903070207,0.9099718574126109,0.9499057703562646,2023,pitch,2-0,ALL,common,2,"descriptive nominal only, no subgroup significance claim"
12607,12188,0.9667644959149678,810,12188,643,611,0.5934004917902752,0.5923859533967837,4968,4495.710641239301,803,0.0036239241980297217,8.173620641405572,5.330721225512951,0.3600179903703568,0.3528351890529726,0.3615569645732689,7220,6886.593796906096,810,0.003075681279277399,4.14623262983742,2.8815526298829206,0.35362813306412616,0.35339736432496843,0.3533254847645429,-0.006389857306230597,0.009703742506750091,-0.02543733980001192,0.012657625187550725,-0.02543733980001192,0.012657625187550725,1,True,,-0.008231479808726017,0.0005621752719958129,True,0.1522988166568986,0.31292459605901013,0.6092862954759932,0.8464263026642507,0.9057936358180775,2023,pitch,2-1,ALL,own,0,"descriptive nominal only, no subgroup significance claim"
12498,12138,0.971195391262602,810,12138,653,606,0.5916146583453352,0.590871642774757,4966,4512.643828862672,807,0.0036789052508256004,10.353938308135556,4.932514686076114,0.3527208853643214,0.3562763547315333,0.35440193314538865,7172,6828.633768369303,810,0.0029711819389897777,5.708962430497616,2.9430890939475898,0.35459573343512846,0.3539452431924639,0.3520786391522588,0.0018748480708070288,0.009133465744715533,-0.016053237794930265,0.019802933936544323,-0.016053237794930265,0.019802933936544323,1,True,,-0.00232329399312986,-0.002331111539069397,True,0.14989850250087064,0.30144854781247665,0.5971792800730851,0.8499952529244186,0.9238277613769873,2023,pitch,2-1,ALL,own,1,"descriptive nominal only, no subgroup significance claim"
12274,12031,0.9802020531204172,810,12031,659,610,0.5875020368258107,0.586651151192752,4973,4507.10184293281,808,0.0033801946478670113,10.040300353606797,5.100934994259958,0.3543722948026939,0.3562925917732749,0.3566702191835914,7058,6730.0420013240455,810,0.0028770985793856395,4.143966973514511,2.9418745259154426,0.35264160122208243,0.3572530903755665,0.35096585434967414,-0.0017306935806114165,0.00953752819612318,-0.020451913895683883,0.016990526734461053,-0.020451913895683883,0.016990526734461053,1,True,,-0.00570436483391723,0.0009604986022916373,True,0.14830172224788288,0.3093197834988187,0.5994456987422951,0.8467354193515519,0.9145090961788412,2023,pitch,2-1,ALL,own,2,"descriptive nominal only, no subgroup significance claim"
12607,10629,0.8431030379947648,810,10629,529,609,0.5934004917902752,0.5890488286762631,4368,3958.8657621954826,797,0.0040430535445368935,8.173620641405572,5.170706946417086,0.3667615806543538,0.3529894025826939,0.36794093406593403,6261,5981.168595768433,810,0.00353410224700117,4.016461691095285,2.838751164990708,0.3549892739516304,0.353149136085803,0.35512106692221684,-0.01177230670272346,0.010522978259691647,-0.03242786759013275,0.008883254184685824,-0.03242786759013275,0.008883254184685824,1,True,,-0.01281986714371719,0.00015973350310910517,True,0.1522988166568986,0.31540973552843776,0.6105835497077081,0.8472612285361301,0.9057936358180775,2023,pitch,2-1,ALL,common,0,"descriptive nominal only, no subgroup significance claim"
12498,10511,0.8410145623299728,809,10511,533,600,0.5916146583453352,0.5861478451146418,4350,3949.0518368943026,801,0.003986300331273258,10.353938308135556,4.932989942409264,0.3526405094881332,0.35629208520330885,0.3541574712643678,6161,5873.76744811547,809,0.0034620269883819774,4.3597876792880905,2.9117339986651407,0.35156573244154377,0.353955868042943,0.34867245577016714,-0.0010747770465894175,0.009892316190226244,-0.020492446953126513,0.018342892859947675,-0.020492446953126513,0.018342892859947675,1,True,,-0.005485015494200662,-0.002336217160365861,False,0.14989850250087064,0.3062028092581524,0.5971591438062813,0.8518396410365486,0.9238277613769873,2023,pitch,2-1,ALL,common,1,"descriptive nominal only, no subgroup significance claim"
12274,10586,0.8624735212644614,810,10586,554,607,0.5875020368258107,0.5787832986963914,4459,4039.0943998197395,803,0.0035183463782654197,10.040300353606797,5.152255982287413,0.35309779523609036,0.3566998700618466,0.35426037228078044,6127,5840.14075979274,808,0.003259533472819271,4.143966973514511,2.9583957062362014,0.351329580183424,0.35769030586410616,0.3490150155051412,-0.001768215052666428,0.010097929743109479,-0.021589447929725603,0.01805301782439275,-0.021589447929725603,0.01805301782439275,1,True,,-0.005245356775639254,0.0009904358022595483,True,0.14830172224788288,0.3121461249819075,0.5985600117651331,0.84655559128326,0.9145090961788412,2023,pitch,2-1,ALL,common,2,"descriptive nominal only, no subgroup significance claim"
19965,19366,0.9699974956173303,810,14509,647,621,0.4899574254946156,0.4860580398636786,9953,9236.78301663984,810,0.0028857794014085824,7.306228112142067,3.8396389261968222,0.2708976473099796,0.2749060864050187,0.2661658796342812,9413,8624.626014712838,810,0.0030691440806525838,7.083894101879928,4.239099583486691,0.27183865233672055,0.27844396410165156,0.2690604483161585,0.0009410050267409663,0.006914583255340889,-0.012631634953790515,0.014513645007272449,-0.012631634953790515,0.014513645007272449,1,True,,0.0028945686818773186,0.003537877696632885,False,0.10199991001353698,0.21488795348628018,0.4822770449668272,0.7679847608154045,0.8631304710650738,2023,pitch,2-2,ALL,own,0,"descriptive nominal only, no subgroup significance claim"
19956,19450,0.9746442172780116,810,14651,652,606,0.48326317899378635,0.48154241645244217,10084,9355.12819820669,809,0.0027365766398039096,7.439584042980482,3.919959480043525,0.2723965884846975,0.273048831573212,0.2707038873462912,9366,8595.448629763197,810,0.003068496285479177,6.594715183382651,4.2699090749678374,0.27392687273497773,0.2767538474008765,0.2728558616271621,0.0015302842502802065,0.006745491834928726,-0.01171044607086894,0.014771014571429352,-0.01171044607086894,0.014771014571429352,1,True,,0.002151974280870883,0.0037050158276644707,False,0.09060327834105814,0.2094006415413854,0.47784020275454575,0.775792789297941,0.8803013002373615,2023,pitch,2-2,ALL,own,1,"descriptive nominal only, no subgroup significance claim"
19528,19184,0.9823842687423188,810,14426,653,618,0.4860712822613683,0.48472685571309426,9885,9218.80720721094,810,0.003197147253214959,6.345998451951083,3.6653276642005097,0.273585415478313,0.27360835251014315,0.2714592817400101,9299,8468.293219805604,810,0.0030323468601705923,16.445102800750124,4.299863811084946,0.27947746118373545,0.27785364405543334,0.27648628884826326,0.00589204570542245,0.00666380082664708,-0.0071883332823044,0.0189724246931493,-0.0071883332823044,0.0189724246931493,1,True,,0.0050270071082531564,0.004245291545290186,False,0.06080837633647302,0.20534522992450463,0.468160341519588,0.7685978083878674,0.8629352212795622,2023,pitch,2-2,ALL,own,2,"descriptive nominal only, no subgroup significance claim"
19965,16945,0.8487352867518156,810,12682,532,614,0.4899574254946156,0.48704632634995576,8692,8076.662117135647,809,0.0029388454748172097,7.306228112142067,3.820759038760984,0.2736696163963252,0.2750035155706449,0.2683705706396686,8253,7568.182091784348,809,0.0031845687737490033,7.083894101879928,4.191616127633116,0.273716262635074,0.2781996960721312,0.2711115957833515,4.6646238748774874e-05,0.007392120266031851,-0.01446335145144385,0.0145566439289414,-0.01446335145144385,0.0145566439289414,1,True,,0.0027410251436828514,0.00319618050148629,False,0.10199991001353698,0.2162484193523667,0.48374198758324904,0.768114029562682,0.8631304710650738,2023,pitch,2-2,ALL,common,0,"descriptive nominal only, no subgroup significance claim"
19956,16947,0.8492182802164763,810,12751,535,602,0.48326317899378635,0.4834483979465392,8754,8112.838201217208,809,0.0028996488648870104,7.439584042980482,3.980161102794032,0.27501335529230436,0.27277670532337633,0.27310783641763764,8193,7518.275575996203,807,0.0029691061486558047,6.594715183382651,4.245892517122393,0.2709984849366268,0.27661866195225443,0.2690222140851947,-0.0040148703556775606,0.007377792084635725,-0.018496743249265105,0.010467002537909983,-0.018496743249265105,0.010467002537909983,1,True,,-0.0040856223324429175,0.003841956628878096,True,0.09060327834105814,0.21281607770834365,0.47719432015087215,0.7764995033343665,0.878738629785452,2023,pitch,2-2,ALL,common,1,"descriptive nominal only, no subgroup significance claim"
19528,16883,0.8645534616960262,810,12654,551,616,0.4860712822613683,0.487768761476041,8648,8072.726313686785,809,0.003551374142769695,6.345998451951083,3.666805730796857,0.2744869817492958,0.2738674945608632,0.27222918593894546,8235,7506.564316775852,810,0.0034209664030667984,16.445102800750124,4.229882923412419,0.2800956805747439,0.2779341842711158,0.2768792956891317,0.005608698825448117,0.007126023618828458,-0.008378977582441847,0.01959637523333808,-0.008378977582441847,0.01959637523333808,1,True,,0.00465010975018626,0.004066689710252647,False,0.06080837633647302,0.20724188967529186,0.46766124351916627,0.7665701802755324,0.8629352212795622,2023,pitch,2-2,ALL,common,2,"descriptive nominal only, no subgroup significance claim"
2380,2140,0.8991596638655462,743,2140,550,500,0.9428571428571428,0.9434579439252336,121,107.3773942007349,106,0.040202861421617234,14.826203307397712,14.243758550986518,0.43445800327543044,0.38761730543990913,0.4966033057851239,2019,2011.2092827600811,735,0.00466949557463638,1.614906181366673,1.3820323403065462,0.5624493711591315,0.5127419169416959,0.5587875185735511,0.12799136788370116,0.01789484537832408,0.09286081141666655,0.16312192435073578,0.09286081141666655,0.16312192435073578,1,False,armESS<200,0.06218421278842723,0.12512461150178678,False,0.6192310188284211,0.711954872052985,0.8882452035628832,0.9476535088100501,0.9499426174105933,2023,pitch,3-0,ALL,own,0,"descriptive nominal only, no subgroup significance claim"
2454,2251,0.917277913610432,760,2251,555,484,0.9388753056234719,0.9409151488227454,133,112.88277589200949,117,0.03841049502088874,16.959829788303185,15.531941235699362,0.4614679052729619,0.3768471378396066,0.5720601503759397,2118,2108.2940976999657,743,0.004302834578414966,1.5977601809646267,1.4257409631693196,0.5530170545473426,0.5148830831259472,0.5502946175637393,0.09154914927438078,0.019690759412653944,0.05289432950503789,0.13020396904372367,0.05289432950503789,0.13020396904372367,1,False,armESS<200,-0.021765532812200394,0.1380359452863406,False,0.582548261698816,0.6906615966294548,0.8797225393805351,0.9479660210371549,0.949940058260484,2023,pitch,3-0,ALL,own,1,"descriptive nominal only, no subgroup significance claim"
2485,2303,0.9267605633802817,752,2303,561,492,0.9436619718309859,0.9409465914025185,136,113.81557192901882,120,0.027039156437929382,18.287788602522234,16.787503960615577,0.44303278341526336,0.38266847210999444,0.5642647058823529,2167,2157.203004357352,743,0.004022143253244476,1.9025187375579722,1.405326606397851,0.5377291927904349,0.5231618516032615,0.5362704199353945,0.09469640937517139,0.01675071309399607,0.06181261863701686,0.1275802001133259,0.06181261863701686,0.1275802001133259,1,False,armESS<200,-0.027994285946958408,0.140493379493267,False,0.5256190019361261,0.6949761798656898,0.8801866133450214,0.9472698308697705,0.9499380099043288,2023,pitch,3-0,ALL,own,2,"descriptive nominal only, no subgroup significance claim"
2380,1861,0.7819327731092437,707,1861,460,484,0.9428571428571428,0.9430413756045137,106,93.41399769970847,93,0.03713242039366967,14.826203307397712,14.466284412678558,0.4290886634956924,0.3877655099479349,0.48632075471698105,1755,1748.3188611646701,699,0.004965051139741089,1.614906181366673,1.3817820572238075,0.5619222151445731,0.5127120536659063,0.5581561253561252,0.13283355164888064,0.019168262093499387,0.09519993123514717,0.1704671720626141,0.09519993123514717,0.1704671720626141,1,False,armESS<200;armGames<100,0.07183537063914419,0.12494654371797143,False,0.6192310188284211,0.7114606827608947,0.8865174665660888,0.94761991626576,0.9496041385069435,2023,pitch,3-0,ALL,common,0,"descriptive nominal only, no subgroup significance claim"
2454,1885,0.7681336593317033,722,1885,459,457,0.9388753056234719,0.9379310344827586,117,100.90233425002077,105,0.023796906843239332,16.959829788303185,15.729646293490061,0.46670403156347806,0.3764098081527403,0.5789059829059828,1768,1760.1207446692326,704,0.004569921734183363,1.5977601809646267,1.4132987662330372,0.5488874497654017,0.515336920713232,0.5466617647058822,0.0821834182019237,0.02238130327989569,0.038243108059730566,0.12612372834411684,0.038243108059730566,0.12612372834411684,1,False,armESS<200,-0.032244218200100594,0.13892711256049173,False,0.582548261698816,0.6924438819831148,0.8762934590492251,0.9479948913548856,0.949940058260484,2023,pitch,3-0,ALL,common,1,"descriptive nominal only, no subgroup significance claim"
2485,1986,0.7991951710261569,722,1986,473,485,0.9436619718309859,0.9395770392749244,120,101.49615803430953,107,0.03069866147587104,18.287788602522234,16.910380344986955,0.4445532258954855,0.3830600254344317,0.5741416666666666,1866,1857.7407800241376,711,0.0042979367994836525,1.9025187375579722,1.3935986484632954,0.5374244490429637,0.5235330874873728,0.5360021436227224,0.09287122314747813,0.018484696569169776,0.056580963819137596,0.12916148247581866,0.056580963819137596,0.12916148247581866,1,False,armESS<200,-0.03813952304394419,0.14047306205294113,False,0.5256190019361261,0.6980977890881408,0.8787861240386899,0.947023047514508,0.9499380099043288,2023,pitch,3-0,ALL,common,2,"descriptive nominal only, no subgroup significance claim"
5284,5099,0.964988644965935,802,5098,621,567,0.7751703255109765,0.7756422828005491,1144,998.395064496734,572,0.007137732588519984,12.690976770663886,9.31163386780529,0.4738380207237975,0.4463758143597756,0.4818496503496503,3955,3901.919663342925,793,0.0037130142666756973,2.410867016839916,1.757581882411798,0.47263543742621617,0.4574455129918718,0.4716849557522123,-0.0012025832975813438,0.014814281231735222,-0.03028198073589786,0.02787681414073517,-0.03028198073589786,0.02787681414073517,1,True,,-0.010164694597438018,0.011069698632096225,True,0.3580302800508259,0.5320768804987397,0.7843057880682988,0.9265227711146038,0.948793575980984,2023,pitch,3-1,ALL,own,0,"descriptive nominal only, no subgroup significance claim"
5176,5001,0.9661901081916537,805,5001,622,548,0.777047913446677,0.7776444711057788,1112,948.3993012589951,577,0.006036237362168845,18.348636482952294,8.923726448089301,0.4759276180463692,0.4439387477519062,0.478990107913669,3889,3831.72722541906,800,0.0036175058316723434,2.87242631712907,1.8144715832788239,0.4695211034836003,0.45766139094658614,0.46794805862689637,-0.006406514562768851,0.014496308510460744,-0.03486159312630427,0.022048564000766567,-0.03486159312630427,0.022048564000766567,1,True,,-0.01104204928677266,0.013722643194679918,True,0.29708458611482014,0.5026040798139952,0.7775390470364104,0.9275588970359715,0.9490178594616462,2023,pitch,3-1,ALL,own,1,"descriptive nominal only, no subgroup significance claim"
5095,4981,0.9776251226692836,808,4981,631,568,0.7695780176643768,0.7689219032322827,1151,1002.5662179418323,596,0.006895751512830182,12.636969705550843,9.59367061723399,0.5038837077393606,0.43722998992680917,0.5034022589052997,3830,3778.8719878731176,797,0.003659751062203113,2.2589159574920883,1.7665697379189618,0.469044179439208,0.46136582857891967,0.46695796344647517,-0.03483952830015271,0.014803972457174026,-0.06389836339128481,-0.005780693209020613,-0.06389836339128481,-0.005780693209020613,1,True,,-0.036444295458824494,0.024135838652110497,True,0.3669065181705305,0.5242473477821333,0.7833000880018645,0.9255317209154832,0.9491462680564136,2023,pitch,3-1,ALL,own,2,"descriptive nominal only, no subgroup significance claim"
5284,4505,0.8525738077214232,798,4504,514,560,0.7751703255109765,0.772031076581576,1027,895.9631100255971,533,0.007902619709204056,12.690976770663886,9.212464273223283,0.4786932742830922,0.44650883341522946,0.48599026290165526,3478,3431.8024813863767,783,0.0036512122327536254,2.410867016839916,1.7565583811871306,0.47256513867407746,0.4571247138357834,0.47214577343300734,-0.00612813560901486,0.01590859555651913,-0.03735583266256196,0.025099561444532244,-0.03735583266256196,0.025099561444532244,1,True,,-0.013844489468647914,0.010615880420553947,True,0.3580302800508259,0.5354728075311856,0.7858243096127762,0.9266935424285568,0.948793575980984,2023,pitch,3-1,ALL,common,0,"descriptive nominal only, no subgroup significance claim"
5176,4364,0.8431221020092736,801,4364,520,540,0.777047913446677,0.7763519706691109,976,836.9411851234939,540,0.006874742311201096,18.348636482952294,8.886270523473414,0.47553699514617154,0.4438436802933714,0.47673975409836056,3388,3338.9148969247603,790,0.0038754468438889694,2.419872686712048,1.8144737093570735,0.4653629049185957,0.4577629435251193,0.4638707201889019,-0.010174090227575884,0.015808672598049772,-0.041205467034789306,0.020857286579637542,-0.041205467034789306,0.020857286579637542,1,True,,-0.01286903390945865,0.013919263231747914,True,0.29708458611482014,0.5019385939197516,0.7775542034069899,0.9283920447508899,0.9490178594616462,2023,pitch,3-1,ALL,common,1,"descriptive nominal only, no subgroup significance claim"
5095,4382,0.8600588812561335,803,4382,529,560,0.7695780176643768,0.7647193062528526,1031,899.850184672667,561,0.006960833916003005,12.636969705550843,9.552007216108095,0.5002954346040135,0.43777230300146386,0.49816973811833165,3351,3305.9270783994643,783,0.0039925119380043944,2.2589159574920883,1.767403431011795,0.46702619332171186,0.4619462553479123,0.4649286780065651,-0.033269241282301604,0.01580478772928061,-0.06429287512754334,-0.002245607437059871,-0.06429287512754334,-0.002245607437059871,1,True,,-0.03324106011176653,0.024173952346448424,True,0.36832940037854195,0.5292279424076752,0.7826003231883554,0.9261356155633316,0.9491462680564136,2023,pitch,3-1,ALL,common,2,"descriptive nominal only, no subgroup significance claim"
12241,11814,0.9651172289845601,810,8473,633,598,0.6263377175067396,0.6234128999492128,4449,3995.1365882160253,798,0.004468583801826589,9.726080722943506,5.627516569948382,0.36507486272601225,0.3687254599659414,0.36102247696111484,7365,7073.071375366582,810,0.0030594916227306896,4.181505476559295,2.6575962693033888,0.3796756756546791,0.3796718217349301,0.3801152749490834,0.014600812928666752,0.008929866535447101,-0.0029276279164415914,0.032129253773775096,-0.0029276279164415914,0.032129253773775096,1,True,,0.01909279798796859,0.010946361768988666,False,0.1605582365046741,0.3346887714838672,0.6261377584141129,0.8580286180328554,0.9063723893802377,2023,pitch,3-2,ALL,own,0,"descriptive nominal only, no subgroup significance claim"
11926,11566,0.9698138520878752,810,8398,643,585,0.6065738722119738,0.6055680442676812,4562,4079.7310023240693,802,0.004417519326713173,10.35342087002958,5.925943089438926,0.3716802351805955,0.36586751902671977,0.3670648838228847,7004,6731.311605133483,808,0.003390504542915679,4.430501990028423,2.6568474408588587,0.37698540228218813,0.3819526399194676,0.37402441462021696,0.0053051671015926245,0.008669423562244817,-0.01171205006159629,0.022322384264781538,-0.01171205006159629,0.022322384264781538,1,True,,0.006959530797332247,0.01608512089274783,False,0.16708520536521526,0.3227193858889244,0.6292624733336105,0.8685078195843818,0.9241286691338149,2023,pitch,3-2,ALL,own,1,"descriptive nominal only, no subgroup significance claim"
12023,11787,0.9803709556683025,810,8478,643,594,0.6135739831988688,0.6115211673878002,4579,4126.086006580797,802,0.0040634605835896875,10.677741418647104,5.448643479894867,0.3788261953088567,0.36214241673990927,0.37652325835335226,7208,6922.735070635926,808,0.0038485475650140793,4.132310177802525,2.7032977843365256,0.38664548774303287,0.37930932299535924,0.3862472253052164,0.007819292434176135,0.008959266527758938,-0.009766857675011245,0.025405442543363514,-0.009766857675011245,0.025405442543363514,1,True,,0.009723966951864116,0.017166906255449976,False,0.16270705758617726,0.32856889348530405,0.6226834193972371,0.8569567683459697,0.9218525162321751,2023,pitch,3-2,ALL,own,2,"descriptive nominal only, no subgroup significance claim"
12241,10416,0.8509108732946654,809,7473,526,595,0.6263377175067396,0.6226958525345622,3930,3528.29544254546,784,0.003918574577776502,9.726080722943506,5.6904844705225885,0.36558168256327284,0.3689023752515413,0.36093587786259534,6486,6230.17397452966,806,0.0032723050082457193,4.181505476559295,2.647325999389915,0.3798942049552017,0.37941100022089547,0.3798131359851989,0.014312522391928865,0.009583527468743715,-0.004499024807922664,0.033124069591780395,-0.004499024807922664,0.033124069591780395,1,True,,0.018877258122603546,0.010508624969354174,False,0.1605582365046741,0.33469456874108827,0.6264881892180636,0.8582432526182242,0.9063723893802377,2023,pitch,3-2,ALL,common,0,"descriptive nominal only, no subgroup significance claim"
11926,10248,0.8592990105651518,809,7412,531,581,0.6065738722119738,0.6075331772053083,4022,3592.2085524872923,794,0.005008905433654559,10.35342087002958,6.026434930814556,0.3717461390495277,0.36574186031732797,0.36823172550969663,6226,5983.420323713849,802,0.0038158765497901467,4.430501990028423,2.6568474408588587,0.3751570730675996,0.38194955682162607,0.37187905557340184,0.0034109340180719146,0.00929797790238081,-0.014840106712418274,0.0216619747485621,-0.014840106712418274,0.0216619747485621,1,True,,0.003647330063705212,0.016207696504298097,False,0.16708520536521526,0.3268115054679683,0.6293877658480764,0.8706163484232456,0.9241286691338149,2023,pitch,3-2,ALL,common,1,"descriptive nominal only, no subgroup significance claim"
12023,10445,0.8687515595109374,810,7511,545,590,0.6135739831988688,0.6111057922450933,4062,3669.1951399711347,795,0.004394099033192174,8.83607708881198,5.386163391042691,0.37725799015268097,0.3624843053300559,0.3744741506646972,6383,6132.023461406578,803,0.0038877264250871423,4.132310177802525,2.6955563213111917,0.38444367734325985,0.3794033519584735,0.38399733667554437,0.0071856871905789065,0.009489545230360415,-0.011441347329710753,0.025812721710868566,-0.011441347329710753,0.025812721710868566,1,True,,0.009523186010847173,0.016919046628417644,False,0.16270705758617726,0.33130002567116,0.6226379221935725,0.8565875597781999,0.9218525162321751,2023,pitch,3-2,ALL,common,2,"descriptive nominal only, no subgroup significance claim"
61135,52185,0.8536026825877158,810,52185,549,635,0.32933671383004826,0.3739005461339465,32673,29161.221661088042,810,0.0024173083208228483,7.3449204911557615,3.706216604506052,0.31888540188423325,0.3146890131928668,0.31818369907875005,19512,14860.922749963836,810,0.0026220881200660303,18.79381200665754,8.590809849196363,0.32165493330818784,0.316747401442313,0.3201021935219352,0.002769531423954575,0.005196547530530805,-0.0074307751121097405,0.01296983796001889,-0.0074307751121097405,0.01296983796001889,1,True,,0.001918494443185148,0.002058388249446208,False,0.05003577625933437,0.06716588245038616,0.35783499826993237,0.7721752499997867,0.9029552098529854,2023,pitch_ff,0-0,ALL,own,0,"descriptive nominal only, no subgroup significance claim"
60948,51565,0.8460490910284176,810,51565,550,635,0.33586007744306623,0.3867545815960438,31622,28288.25598381768,810,0.002028306536247396,8.486826421939064,3.6592674874376696,0.3123461841623243,0.3173242753937819,0.3123217380304851,19943,15514.075044141853,810,0.0026106628168537835,17.837484760929037,8.271312178111215,0.3214075965617084,0.31831176656001636,0.3178385398385399,0.0090614123993841,0.005211401041443492,-0.0011680501029358928,0.019290874901704093,-0.0011680501029358928,0.019290874901704093,1,True,,0.005516801808054805,0.0009874911662344776,False,0.05001058040221055,0.07224168337191278,0.36381260061527254,0.7732653045709849,0.9039515021826559,2023,pitch_ff,0-0,ALL,own,1,"descriptive nominal only, no subgroup significance claim"
60811,52561,0.8643337554060943,810,52561,565,632,0.32956208580684415,0.3736420539944065,32922,29339.149514531124,810,0.0019819031960214392,9.557109954711951,3.6921736139150685,0.31546092189705904,0.3180349808591162,0.3151019986635077,19639,14938.544405295823,810,0.0032620683540222255,19.862245841603812,8.646160897165528,0.31491928353363474,0.3224882626219386,0.3146697387850705,-0.0005416383634243214,0.005119643271176868,-0.010590989478657718,0.009507712751809077,-0.010590989478657718,0.009507712751809077,1,True,,-0.00043225987843720226,0.004453281762822392,True,0.05002675514766266,0.06706551328538596,0.355296550182706,0.7709586517486414,0.9062732779357958,2023,pitch_ff,0-0,ALL,own,2,"descriptive nominal only, no subgroup significance claim"
61135,51695,0.8455876339249203,810,51695,536,635,0.32933671383004826,0.37388528871264143,32367,28931.79563830464,810,0.002443613350904718,7.3449204911557615,3.6777528045953773,0.31869917051591545,0.31469384202496264,0.31808310933975964,19328,14711.344438740627,810,0.0026426493290888837,18.79381200665754,8.623662991441678,0.321288786714387,0.316783173036293,0.31963276076158936,0.002589616198471565,0.005227735338040569,-0.007671908905289536,0.012851141302232666,-0.007671908905289536,0.012851141302232666,1,True,,0.001549651421829723,0.002089331011330353,False,0.05003577625933437,0.06711075287331017,0.35738775137088985,0.7706720804117043,0.9029552098529854,2023,pitch_ff,0-0,ALL,common,0,"descriptive nominal only, no subgroup significance claim"
60948,51249,0.8408643433746801,810,51249,539,635,0.33586007744306623,0.38582216238365624,31476,28173.487191592856,810,0.0020409948788362347,8.486826421939064,3.648499730477091,0.3120911681389207,0.31725811725911,0.3120094357605795,19773,15380.601495626683,810,0.0026274703417146104,17.837484760929037,8.28854854401262,0.3208633898434036,0.31826396695684533,0.3172190866332878,0.00877222170448293,0.0052413498661743095,-0.0015160273654291796,0.01906047077439504,-0.0015160273654291796,0.01906047077439504,1,True,,0.005209650872708305,0.001005849697735317,False,0.05001058040221055,0.0721882793463299,0.3627913078406591,0.7729577153484222,0.9039515021826559,2023,pitch_ff,0-0,ALL,common,1,"descriptive nominal only, no subgroup significance claim"
60811,52273,0.8595977701402707,810,52273,556,632,0.32956208580684415,0.3728693589424751,32782,29249.61188774283,810,0.001988104491220324,9.557109954711951,3.664540049301204,0.31515024420216436,0.3180220146764893,0.31480437435177844,19491,14822.135603712251,810,0.0032825667727556717,19.862245841603812,8.651564724440286,0.31489167908900245,0.3224442433772128,0.31462844389718336,-0.0002585651131620153,0.0051288505053498365,-0.010325989114357066,0.009808858888033036,-0.010325989114357066,0.009808858888033036,1,True,,-0.00017593045459507461,0.004422228700723507,True,0.05002675514766266,0.06701812961314034,0.3547423493954717,0.7685928996462184,0.9062732779357958,2023,pitch_ff,0-0,ALL,common,2,"descriptive nominal only, no subgroup significance claim"
31064,26258,0.8452871491115117,810,26258,547,628,0.28167653875869175,0.3232157818569579,17771,16269.908420944126,809,0.002285231278935016,6.271531941769132,3.2335997732328265,0.2707218659228892,0.26869143817781777,0.2700786674919813,8487,5939.883683145521,807,0.003610719590128437,19.9654650306303,12.441228147414927,0.25991229178363384,0.27179844025626027,0.2632555673382821,-0.010809574139255356,0.007918691424857465,-0.02635317870045513,0.004734030421944419,-0.02635317870045513,0.004734030421944419,1,True,,-0.006823100153699191,0.0031070020784425,True,0.050000116445584455,0.056334818028751274,0.2917530832152887,0.7224631415033483,0.8746955316116101,2023,pitch_ff,0-1,ALL,own,0,"descriptive nominal only, no subgroup significance claim"
30991,26103,0.8422767900358169,810,26103,549,627,0.288309509212352,0.3325288281040493,17423,15869.86290568675,810,0.0023087651346741086,6.644958845595905,3.309822129919744,0.26771078763039163,0.2712768290581459,0.2672399701543936,8680,6161.392987453239,809,0.004171675112008131,19.688830676358183,11.818290895551051,0.2642736820810942,0.2717512096369916,0.2651869815668203,-0.003437105549297487,0.007513725525946595,-0.018185802283468923,0.01131159118487395,-0.018185802283468923,0.01131159118487395,1,True,,-0.002052988587573301,0.0004743805788457456,True,0.05002276021475527,0.05986463433783318,0.3014261642404055,0.728594548870914,0.881037365652814,2023,pitch_ff,0-1,ALL,own,1,"descriptive nominal only, no subgroup significance claim"
30846,26366,0.8547623678921092,810,26366,564,628,0.28010114763664656,0.3209057119016916,17905,16312.036152866536,810,0.002355363659153351,6.249733993629214,3.2849362500530472,0.2674298544973565,0.27293260843057465,0.2671299636972913,8461,5881.398753802753,809,0.00465696497771481,19.99001711020998,12.810001670108328,0.2729812066318701,0.27053356055184663,0.27219383051648743,0.0055513521345136145,0.007916741007622453,-0.009988423951423794,0.021091128220451023,-0.009988423951423794,0.021091128220451023,1,True,,0.005063866819196128,-0.0023990478787280223,True,0.050023594403934925,0.05796594007764958,0.29392496976529714,0.7300084245394118,0.8661551174260925,2023,pitch_ff,0-1,ALL,own,2,"descriptive nominal only, no subgroup significance claim"
31064,26020,0.8376255472572753,810,26020,534,628,0.28167653875869175,0.3224058416602613,17631,16140.711258526757,809,0.0023029933836528323,6.271531941769132,3.2342073669093794,0.2705412318009892,0.2687043946970647,0.27002926663263566,8389,5867.390855991014,807,0.0036462628494519467,19.9654650306303,12.454712199552139,0.2593844682837448,0.2718542777329254,0.2628025986410776,-0.011156763517244466,0.007965883304923305,-0.026793001050596732,0.0044794740161078,-0.026793001050596732,0.0044794740161078,1,True,,-0.007226667991558078,0.0031498830358607233,True,0.050000116445584455,0.056286821779546185,0.2917769241419243,0.7198882905469519,0.8746955316116101,2023,pitch_ff,0-1,ALL,common,0,"descriptive nominal only, no subgroup significance claim"
30991,25958,0.8375980123261592,810,25958,538,627,0.288309509212352,0.3314199861314431,17355,15806.925019208207,810,0.002319333432481524,6.644958845595905,3.309091486122514,0.2673428257769941,0.27123586089973406,0.2669340247767214,8603,6107.305866840686,809,0.004197972757735667,19.688830676358183,11.819033019352066,0.2638388424546036,0.27173357612607535,0.26484819249099145,-0.0035039833223904906,0.007485586624253674,-0.01819744618808105,0.011189479543300067,-0.01819744618808105,0.011189479543300067,1,True,,-0.0020858322857299494,0.0004977152263412887,True,0.05002276021475527,0.05983557768687508,0.30054181899456445,0.7278845179699592,0.881037365652814,2023,pitch_ff,0-1,ALL,common,1,"descriptive nominal only, no subgroup significance claim"
30846,26221,0.8500615963171886,810,26221,555,628,0.28010114763664656,0.3198199916097784,17835,16268.677852000188,810,0.002367463451921539,6.200127933409024,3.263588787361385,0.26694823166319215,0.2729263275377863,0.266782562377348,8386,5828.554835249593,809,0.004687043987373007,19.99001711020998,12.949167148880726,0.27244860590794273,0.27048801017704516,0.27189100882423084,0.005500374244750616,0.007850873523904043,-0.009910110514447328,0.02091085900394856,-0.009910110514447328,0.02091085900394856,1,True,,0.005108446446882853,-0.002438317360741127,True,0.050023594403934925,0.05795807615455652,0.29335976000581365,0.7278375549222916,0.8661551174260925,2023,pitch_ff,0-1,ALL,common,2,"descriptive nominal only, no subgroup significance claim"
16230,13806,0.8506469500924214,810,11184,539,610,0.3149106592729513,0.35441112559756627,8913,7946.504677755622,807,0.00288764670328588,8.399040603754166,3.724359838288148,0.1940178761002335,0.20752271140007036,0.19503062941770447,4893,3363.9788786365066,798,0.00632854191895982,19.07488522890361,12.069566428527445,0.20740000371659031,0.22546992148296033,0.2058767627222563,0.013382127616356784,0.010080860747941388,-0.006405600518957185,0.03316985575167075,-0.006405600518957185,0.03316985575167075,1,True,,0.010846133304551836,0.017947210082889964,False,0.05008416413764408,0.06209547798216719,0.3349099552679562,0.7612097332340028,0.8809387825136809,2023,pitch_ff,0-2,ALL,own,0,"descriptive nominal only, no subgroup significance claim"
16272,13815,0.849004424778761,810,11235,544,607,0.3213495575221239,0.36359030039811796,8792,7783.8644022155995,809,0.003040166928773366,9.3191500068235,3.8062637157694406,0.19969996470720014,0.20516344521568344,0.20257233848953593,5023,3512.1730045786976,799,0.005070873882459873,19.682127615674133,11.250589468239468,0.21351789859464307,0.22441364469358824,0.2106199482381047,0.013817933887442952,0.009135163877086211,-0.004113485243432009,0.03174935301831791,-0.004113485243432009,0.03174935301831791,1,True,,0.008047609748568774,0.019250199477904795,False,0.05016683691218968,0.06569940558637764,0.34589988034177044,0.7609806611500326,0.8926940762550449,2023,pitch_ff,0-2,ALL,own,1,"descriptive nominal only, no subgroup significance claim"
16231,13963,0.8602673895631816,810,11292,558,607,0.31587702544513585,0.3563704075055504,8987,7934.305889269682,809,0.0032128067451802,8.256278102308347,3.9689278877705907,0.20216122880036536,0.20856998335204674,0.20237520863469455,4976,3408.6136706613565,804,0.0069098171396190155,19.662929743042582,12.28307166333368,0.21861598136319063,0.22367336697494256,0.2173494774919614,0.01645475256282527,0.010651111958259823,-0.004452322045052488,0.03736182717070302,-0.004452322045052488,0.03736182717070302,1,True,,0.014974268857266854,0.015103383622895816,False,0.05015945456597393,0.06399356129022929,0.34053020858192484,0.7662137689564865,0.8816040514154164,2023,pitch_ff,0-2,ALL,own,2,"descriptive nominal only, no subgroup significance claim"
16230,13671,0.8423290203327172,810,11080,526,610,0.3149106592729513,0.35205910321117695,8858,7903.501150728541,807,0.002907031589561023,8.399040603754166,3.717256500155273,0.19384841070857844,0.2075769657767378,0.194862271393091,4813,3302.3753748420936,798,0.006429377444872133,19.07488522890361,12.075706591717635,0.20860582790289384,0.22556639987643773,0.2060706420112196,0.014757417194315394,0.010207025687491347,-0.005277960183106471,0.03479279457173726,-0.005277960183106471,0.03479279457173726,1,True,,0.0112083706181286,0.01798943409969994,False,0.05008416413764408,0.06207927376529929,0.3349575264529646,0.7563797966804677,0.8809387825136809,2023,pitch_ff,0-2,ALL,common,0,"descriptive nominal only, no subgroup significance claim"
16272,13717,0.8429818092428711,810,11161,534,607,0.3213495575221239,0.362032514398192,8751,7749.196786748545,809,0.003057938614191352,9.3191500068235,3.8011116267606733,0.19944512454717725,0.20508793630452143,0.20228191063878412,4966,3473.62695021272,799,0.005109178875801846,19.682127615674133,11.3017602073608,0.2140804188772914,0.22435167923508237,0.21147140555779298,0.014635294330114151,0.009158440038440786,-0.0033418135930608182,0.032612402253289124,-0.0033418135930608182,0.032612402253289124,1,True,,0.009189494919008862,0.019263742930560934,False,0.05016683691218968,0.06557581684597939,0.34473383370199273,0.7607601769342387,0.8926940762550449,2023,pitch_ff,0-2,ALL,common,1,"descriptive nominal only, no subgroup significance claim"
16231,13883,0.855338549688867,810,11228,550,607,0.31587702544513585,0.35489447525750917,8956,7910.897478726301,809,0.003227211365847931,8.256278102308347,3.969718134398632,0.20139632720036585,0.20859781397041763,0.20171482804823582,4927,3374.609625285159,804,0.006957078121596782,19.662929743042582,12.30935653682983,0.2187038136464076,0.22367064848845541,0.21771625735741834,0.01730748644604175,0.010680742819715969,-0.0036577505991089478,0.03827272349119244,-0.0036577505991089478,0.03827272349119244,1,True,,0.016001429309182524,0.015072834518037787,False,0.05015945456597393,0.0639471439338799,0.33937682585945605,0.7650372400200006,0.8788800489023725,2023,pitch_ff,0-2,ALL,common,2,"descriptive nominal only, no subgroup significance claim"
23445,19942,0.8505864789933888,810,19942,548,617,0.3148219236510983,0.35728612977635144,12817,11639.588987709118,810,0.0026431111030831675,5.963345445232739,3.361936179041028,0.3578838207215038,0.35412041867413013,0.3564630568775845,7125,5238.466939438172,808,0.004531001349108157,19.65017714042318,9.778912122162012,0.37681802355116323,0.3598120402327347,0.3734199298245614,0.018934202829659366,0.008248704645788977,0.002742815101909494,0.03512559055740924,0.002742815101909494,0.03512559055740924,1,True,,0.016956872946976898,0.005691621558604587,False,0.050032811040954875,0.06234444180544098,0.3347018962956825,0.7512739343644071,0.8697063451478853,2023,pitch_ff,1-0,ALL,own,0,"descriptive nominal only, no subgroup significance claim"
23363,19650,0.8410734922741087,810,19650,549,622,0.31738218550699826,0.3663613231552163,12451,11264.363463213473,810,0.002512308717173398,6.509958540650003,3.444658544856218,0.35175433847524523,0.3531913506926356,0.3530087543169223,7199,5470.270110413369,807,0.004004382177527545,18.01943176741815,9.001725684156037,0.36628596614448133,0.36624444401709283,0.35938269204056117,0.014531627669236115,0.008814465186389479,-0.0027702917925600933,0.03183354713103232,-0.0027702917925600933,0.03183354713103232,1,True,,0.006373937723638867,0.013053093324457254,False,0.05010810674090529,0.06672787133582932,0.34219285834660446,0.7619828499470636,0.8747168667961696,2023,pitch_ff,1-0,ALL,own,1,"descriptive nominal only, no subgroup significance claim"
23206,20043,0.8636990433508576,810,20043,564,623,0.3114280789451004,0.3510951454373098,13006,11779.902041257325,810,0.0029979679904219344,7.964445151663832,3.327153177602595,0.35130153655308227,0.355806760010723,0.35229363370751965,7037,5196.989928204871,804,0.004467447194637396,18.525022872772144,9.443057233464192,0.3610313785335061,0.370027191393249,0.36054611340059683,0.00972984198042375,0.009000348279647607,-0.007936947526333072,0.02739663148718057,-0.007936947526333072,0.02739663148718057,1,True,,0.008252479693077186,0.014220431382526044,False,0.05002183500394504,0.06251440411953077,0.33290206041775167,0.7536585169787644,0.8960443939555859,2023,pitch_ff,1-0,ALL,own,2,"descriptive nominal only, no subgroup significance claim"
23445,19755,0.8426103646833013,810,19755,535,617,0.3148219236510983,0.3568716780561883,12705,11540.475215427798,810,0.0026686115342738374,5.963345445232739,3.357167079595868,0.35833339278953025,0.35409990088485915,0.3569092483274301,7050,5180.846644224583,807,0.004573772067750661,19.65017714042318,9.820157554600621,0.3756449699896348,0.35985292363982035,0.37271007092198577,0.017311577200104556,0.00832483477665193,0.0009707535888434857,0.033652400811365626,0.0009707535888434857,0.033652400811365626,1,True,,0.015800822594555675,0.005753022754961201,False,0.050032811040954875,0.06220495160611891,0.33422762979499715,0.7499089657609564,0.8697063451478853,2023,pitch_ff,1-0,ALL,common,0,"descriptive nominal only, no subgroup significance claim"
23363,19505,0.8348670975474041,810,19505,538,622,0.31738218550699826,0.36508587541655985,12384,11215.230448382907,810,0.0025308630136362358,6.509958540650003,3.4336883171390222,0.35111302060944505,0.35309615718052784,0.3524148094315246,7121,5410.707613049925,806,0.004036076224762997,18.01943176741815,9.087108968945856,0.3658382263429846,0.3661716442028475,0.358751298974863,0.014725205733539483,0.008845319420714069,-0.0026372775249308266,0.03208768899200979,-0.0026372775249308266,0.03208768899200979,1,True,,0.0063364895433384305,0.013075487022319643,False,0.05010810674090529,0.06666017062957151,0.3407128870599121,0.7598615699997612,0.8747168667961696,2023,pitch_ff,1-0,ALL,common,1,"descriptive nominal only, no subgroup significance claim"
23206,19936,0.8590881668534,810,19936,555,623,0.3114280789451004,0.35042134831460675,12950,11755.519910906483,810,0.003015448835446405,7.964445151663832,3.3122290586775964,0.3516318401088422,0.355780194110154,0.3522072586872586,6986,5158.6180964900395,804,0.0044927935539735364,18.525022872772144,9.462274110637857,0.36089777051920857,0.36998900935356954,0.36019968508445455,0.0092659304103664,0.009049477937527972,-0.008497295733878564,0.027029156554611362,-0.008497295733878564,0.027029156554611362,1,True,,0.00799242639719594,0.014208815243415551,False,0.05002183500394504,0.06248702265918757,0.3323352237216277,0.7493816062533772,0.8744419754348999,2023,pitch_ff,1-0,ALL,common,2,"descriptive nominal only, no subgroup significance claim"
24373,20575,0.8441718294834448,809,20575,549,625,0.27665859762852335,0.3168408262454435,14056,12883.838405888182,809,0.0025239874572241944,6.20818865740786,3.1683566840836277,0.3021917030687409,0.2974613918732413,0.29961048662492884,6519,4598.095152338389,807,0.003987442640989409,19.936707843640885,12.291393610631257,0.30422094976036806,0.30715080041822773,0.3026565424144807,0.0020292466916271732,0.00922467459226419,-0.01607790665682529,0.02013640004007964,-0.01607790665682529,0.02013640004007964,1,True,,0.0030460557895518603,0.009689408544986455,False,0.050037351937710285,0.05599539410187285,0.28903263413921637,0.7197657509739209,0.8533086169105281,2023,pitch_ff,1-1,ALL,own,0,"descriptive nominal only, no subgroup significance claim"
24183,20373,0.842451308770624,810,20373,550,621,0.2792043997849729,0.32174937417169786,13818,12545.743943145248,810,0.002571432537626868,6.76034327348978,3.270735882373892,0.29192370725539,0.30051358569912895,0.2923553336228108,6555,4702.976030443746,808,0.003748936494620566,19.902263728425115,11.550586357813149,0.30597566379251784,0.30676744923581106,0.3043932875667429,0.014051956537127798,0.008957380051619505,-0.0035304906068154215,0.03163440368107102,-0.0035304906068154215,0.03163440368107102,1,True,,0.01203795394393209,0.006253863536682114,False,0.0501275144263266,0.05976592278216626,0.30051095169782216,0.727212133706703,0.8784732795627991,2023,pitch_ff,1-1,ALL,own,1,"descriptive nominal only, no subgroup significance claim"
23860,20455,0.857292539815591,810,20455,565,627,0.2819362950544845,0.320850647763383,13892,12733.660978356827,810,0.002485839303296067,6.705600637066428,3.1940604164178916,0.2997158695171525,0.30009536288112804,0.29864123236395046,6563,4611.365015011227,805,0.005183625066580178,19.923696937849023,12.640381780232504,0.31497209191595166,0.31021578943229067,0.30237559043120527,0.015256222398799108,0.010362367525183677,-0.005084075573118976,0.03559652037071719,-0.005084075573118976,0.03559652037071719,1,True,,0.003734358067254806,0.010120426551162631,False,0.050001137458851576,0.05663887430900825,0.2840581976034763,0.7138759265998906,0.8877754018621514,2023,pitch_ff,1-1,ALL,own,2,"descriptive nominal only, no subgroup significance claim"
24373,20378,0.836089115004308,809,20378,536,625,0.27665859762852335,0.3160761605653155,13937,12785.055498545624,809,0.002547518835208551,6.20818865740786,3.146524390008598,0.3016696554191109,0.29745023587864017,0.2991797373896821,6441,4538.37456510007,807,0.004032255687783802,19.936707843640885,12.296901298176843,0.30330527964871046,0.3071941335747266,0.3020256171401956,0.0016356242295995672,0.009216630363763438,-0.01645573906820382,0.019726987527402956,-0.01645573906820382,0.019726987527402956,1,True,,0.0028458797505134803,0.009743897696086412,False,0.050037351937710285,0.05594109729397731,0.28888880234737035,0.7181441086838245,0.8533086169105281,2023,pitch_ff,1-1,ALL,common,0,"descriptive nominal only, no subgroup significance claim"
24183,20259,0.8377372534425009,810,20259,539,621,0.2792043997849729,0.3208450565180907,13759,12498.843897016837,810,0.0025859872138511604,6.76034327348978,3.2614151483149585,0.2912709542125699,0.30045012877383936,0.29188284032269785,6500,4665.001383353332,808,0.003769694215124368,19.902263728425115,11.574413683877783,0.3055936372680426,0.3067264946123666,0.3042715384615384,0.014322683055472673,0.00894072885720552,-0.003227079448098002,0.031872445559043346,-0.003227079448098002,0.031872445559043346,1,True,,0.012388698138840581,0.006276365838527254,False,0.0501275144263266,0.059703059255167064,0.2996237134909145,0.7252909420446728,0.8784732795627991,2023,pitch_ff,1-1,ALL,common,1,"descriptive nominal only, no subgroup significance claim"
23860,20352,0.852975691533948,810,20352,556,626,0.2819362950544845,0.32011595911949686,13837,12715.465893182274,810,0.002499899421143392,6.282035591464077,3.145225907092252,0.29928099756286686,0.3000733158691532,0.29862412372624125,6515,4577.268660097447,805,0.0052141267565675555,19.923696937849023,12.646635344032303,0.3147026047031566,0.3101717137826393,0.30239508825786643,0.015421607140289761,0.010430102636776064,-0.005051648126339394,0.035894862406918915,-0.005051648126339394,0.035894862406918915,1,True,,0.003770964531625176,0.010098397913486101,False,0.050001137458851576,0.05663072109413095,0.28358421837546355,0.7104741162393563,0.85384349636529,2023,pitch_ff,1-1,ALL,common,2,"descriptive nominal only, no subgroup significance claim"
23327,20002,0.8574613109272516,809,15713,546,621,0.3003386633514811,0.3369163083691631,13263,11911.222751233128,809,0.0028025891896641055,7.437278244331239,3.5315169490548506,0.22517984076239936,0.22675882525912464,0.22465286888335972,6739,4538.507056811674,807,0.004128219337146296,19.432521252459544,13.707593519947423,0.2206296824951642,0.23886695899355792,0.22648568036800712,-0.004550158267235115,0.008284062539887012,-0.020810980181072095,0.011710663646601865,-0.020810980181072095,0.011710663646601865,1,True,,0.0018328114846473953,0.012108133734433285,True,0.05004220018912799,0.05845753254030487,0.31565060273383927,0.7412962704198955,0.8731358189240792,2023,pitch_ff,1-2,ALL,own,0,"descriptive nominal only, no subgroup significance claim"
23284,19828,0.8515718948634255,810,15595,547,620,0.30630475863253737,0.3457736534194069,12972,11621.450064446488,810,0.0027488020285137867,7.3420299206900195,3.60627125995419,0.22110584085657345,0.22857160954617708,0.22120420906567992,6856,4751.238980175167,807,0.0038625159431217785,19.67441570788619,12.60618226826502,0.22972308539867217,0.23970981659771246,0.22803456826137689,0.008617244542098734,0.008274276565627372,-0.00762433832377598,0.024858827407973447,-0.00762433832377598,0.024858827407973447,1,True,,0.006830359195696967,0.01113820705153537,False,0.05001986037110786,0.06259585823862872,0.3280210617795848,0.7460929426707107,0.9052115230073146,2023,pitch_ff,1-2,ALL,own,1,"descriptive nominal only, no subgroup significance claim"
22958,19816,0.8631413886227023,810,15588,561,621,0.302857391758864,0.34164311667339525,13046,11713.834452046043,810,0.002575362227767983,9.725709878973085,3.5307040143761603,0.22541190912380715,0.2291389548885662,0.2253253104399816,6770,4691.885228976563,806,0.004403919016434188,19.90877257053427,12.677386194618554,0.240430269522815,0.23833332603123364,0.23418035450516989,0.015018360399007785,0.008306684381773762,-0.0012868357903120468,0.03132355658832762,-0.0012868357903120468,0.03132355658832762,1,True,,0.008855044065188278,0.00919437114266744,False,0.050037972208489455,0.059800214569917715,0.3152399289287573,0.7469996672370548,0.8971797418960653,2023,pitch_ff,1-2,ALL,own,2,"descriptive nominal only, no subgroup significance claim"
23327,19803,0.8489304239722211,809,15574,534,621,0.3003386633514811,0.335050244912387,13168,11839.35282423588,809,0.0028261845788786527,7.437278244331239,3.49434462601293,0.22481137853160815,0.22675961187349505,0.2243954283110571,6635,4459.2809122513545,807,0.003980304151779399,19.432521252459544,13.779352654749102,0.2197436401759254,0.23891319700552727,0.2256209495101733,-0.005067738355682693,0.008358121795184675,-0.0214739314995977,0.011338454788232314,-0.0214739314995977,0.011338454788232314,1,True,,0.001225521199116203,0.012153585132032213,True,0.05004220018912799,0.0583823943728443,0.31555791911992687,0.7403570517146508,0.8731358189240792,2023,pitch_ff,1-2,ALL,common,0,"descriptive nominal only, no subgroup significance claim"
23284,19724,0.8471053083662601,810,15513,536,619,0.30630475863253737,0.34561954978706144,12907,11572.010191044848,810,0.002767160171448903,7.3420299206900195,3.5982143998695153,0.2216259047925971,0.22850795002142527,0.2214867901138917,6817,4725.064953586898,807,0.0038765821298846715,19.67441570788619,12.633039633518004,0.22939861294375777,0.23967430418267913,0.2277886166935602,0.007772708151160651,0.0083201724712167,-0.008558963817721572,0.024104380120042873,-0.008558963817721572,0.024104380120042873,1,True,,0.006301826579668518,0.01116635416125386,False,0.05001986037110786,0.06255842639849019,0.3273780433159277,0.7447058192652214,0.9052115230073146,2023,pitch_ff,1-2,ALL,common,1,"descriptive nominal only, no subgroup significance claim"
22958,19708,0.8584371460928653,810,15506,552,620,0.302857391758864,0.3408260604830526,12991,11709.57557256768,810,0.0025915188852604484,6.332472927546932,3.483064721118765,0.2251157154438548,0.22911193296051133,0.2251744284504657,6717,4654.576549695175,806,0.00442844558501871,19.90877257053427,12.685131909589028,0.23968324678085018,0.23829594013489366,0.2332447521214828,0.014567531336995313,0.008324028197158995,-0.001771709038853148,0.030906771712843777,-0.001771709038853148,0.030906771712843777,1,True,,0.008070323671017093,0.009184007174382336,False,0.050037972208489455,0.05975932150900247,0.31459736539579963,0.7422266434602306,0.8757805463100419,2023,pitch_ff,1-2,ALL,common,2,"descriptive nominal only, no subgroup significance claim"
7854,6732,0.8571428571428571,810,6732,535,579,0.39113827349121466,0.43790849673202614,3784,3278.486030307445,782,0.004280025611156638,9.04125964926475,4.255677725794107,0.4414452799504127,0.4120794563813568,0.4368150105708245,2948,2438.1817412709192,770,0.0037371048438633305,9.762377110447654,6.140691964419445,0.4233162755516809,0.40904651431340566,0.42135651289009496,-0.018129004398731767,0.012909856507492807,-0.04346977015510316,0.00721176135763962,-0.04346977015510316,0.00721176135763962,1,True,,-0.015458497680729544,-0.0030329420679511276,False,0.05129752419362992,0.09111527705330114,0.44413625692254133,0.8297044652065008,0.9002665357640622,2023,pitch_ff,2-0,ALL,own,0,"descriptive nominal only, no subgroup significance claim"
7950,6695,0.8421383647798742,810,6695,538,583,0.389811320754717,0.4467513069454817,3704,3210.4529867336682,788,0.0045906233232587725,7.489260096116022,4.368952693162207,0.40998662754142695,0.4191398811057936,0.41228050755939527,2991,2483.972611955077,769,0.004755797011119969,11.005505048700952,5.828817276679447,0.41681028321170277,0.4093345146911117,0.42147141424272816,0.0068236556702757425,0.012495170851806375,-0.017703123342154833,0.03135043468270632,-0.017703123342154833,0.03135043468270632,1,True,,0.009190906683332889,-0.009805366414681882,True,0.056284438134462426,0.0944888876149088,0.45312196228301643,0.8356230029534851,0.9161144458048419,2023,pitch_ff,2-0,ALL,own,1,"descriptive nominal only, no subgroup significance claim"
7890,6814,0.8636248415716097,809,6814,553,581,0.38605830164765526,0.4360140886410332,3843,3296.89903961798,790,0.005729476897365099,8.025259680001191,4.308335990636189,0.4235689222351434,0.4176132436463018,0.42305048139474366,2971,2288.9250683336727,768,0.0076913685298586765,19.815199168877115,6.721692508584657,0.40475189595608174,0.4155382667111144,0.41511645910467854,-0.01881702627906169,0.012884987063410203,-0.04410902268678851,0.006474970128665131,-0.04410902268678851,0.006474970128665131,1,True,,-0.007934022290065124,-0.0020749769351874336,False,0.05046631080906101,0.09242246340364951,0.44281177656482784,0.8321982178825597,0.9158984443208616,2023,pitch_ff,2-0,ALL,own,2,"descriptive nominal only, no subgroup significance claim"
7854,6683,0.8509039979628215,810,6683,525,579,0.39113827349121466,0.43767768966033216,3758,3264.075523063374,781,0.0043153723537256985,9.04125964926475,4.253717093145228,0.44189083662451994,0.4120518004396488,0.4367714209686002,2925,2418.105398375718,769,0.0037619375211992547,9.762377110447654,6.166268800436829,0.42313903213819726,0.4090528941362179,0.4209415384615384,-0.018751804486322698,0.012924760519509517,-0.04412182533759978,0.006618216364954382,-0.04412182533759978,0.006618216364954382,1,True,,-0.0158298825070618,-0.0029989063034308594,False,0.05129752419362992,0.09101922431590649,0.44323639280117766,0.8282441888252505,0.9002665357640622,2023,pitch_ff,2-0,ALL,common,0,"descriptive nominal only, no subgroup significance claim"
7950,6645,0.8358490566037736,809,6645,528,583,0.389811320754717,0.4454477050413845,3685,3199.7731965443345,787,0.004624668061827759,7.489260096116022,4.319075355592594,0.4085702448643566,0.4190830980052604,0.4113457259158751,2960,2458.200088991504,765,0.0047933163115875315,11.005505048700952,5.835702988431201,0.41643546488307787,0.409287735649353,0.4209097972972972,0.00786522001872127,0.012533580885798073,-0.01673699969477372,0.03246743973221626,-0.01673699969477372,0.03246743973221626,1,True,,0.009564071381422123,-0.009795362355907389,True,0.056284438134462426,0.09422307653439524,0.4518299752991633,0.8349432884601865,0.9161144458048419,2023,pitch_ff,2-0,ALL,common,1,"descriptive nominal only, no subgroup significance claim"
7890,6782,0.8595690747782002,809,6782,546,581,0.38605830164765526,0.435564730168092,3828,3300.882311604777,790,0.005767221016422076,7.964472426314315,4.282590037307148,0.42112942465009645,0.4175914831686867,0.4214472309299895,2954,2274.4731780809,768,0.007730534736744628,19.815199168877115,6.733021096961346,0.404918811531192,0.4155052679845446,0.41549390656736623,-0.016210613118904427,0.012923756240680508,-0.04157870971108821,0.009157483473279358,-0.04157870971108821,0.009157483473279358,1,True,,-0.005953324362623247,-0.002086215184142093,False,0.05046631080906101,0.09233938934920752,0.4423999809372307,0.8317083045346966,0.9158984443208616,2023,pitch_ff,2-0,ALL,common,2,"descriptive nominal only, no subgroup significance claim"
12607,10721,0.8504005711112874,810,10721,541,609,0.3123661457920203,0.3540714485589031,6925,6261.692547173798,807,0.003272431211815597,8.114482468739535,3.4016933088148957,0.36070995293232955,0.3502327764084285,0.36053155234657036,3796,2760.6924222905004,787,0.005336936708098168,17.832731183244647,9.818605202089024,0.3605811221811583,0.3599897917771425,0.36150263435194935,-0.0001288307511712857,0.011594429192376068,-0.02288754337298157,0.022629881870639,-0.02288754337298157,0.022629881870639,1,True,,0.000971082005378987,0.00975701536871404,True,0.050002783328119534,0.06135240432043574,0.332420116126689,0.761236045095428,0.8767635516063497,2023,pitch_ff,2-1,ALL,own,0,"descriptive nominal only, no subgroup significance claim"
12498,10569,0.8456553048487758,810,10569,543,600,0.31901104176668266,0.36512442047497395,6710,6054.507209116745,807,0.0030607071592535975,6.252926280491849,3.5188545432259586,0.3486012858036551,0.35213548042286635,0.34927153502235464,3859,2871.5061618284894,789,0.004236863317521497,17.597955367842268,9.659794631229994,0.35854262122992075,0.36219831515724105,0.3559201865768334,0.009941335426265678,0.011307576439706151,-0.012254313740287785,0.03213698459281914,-0.012254313740287785,0.03213698459281914,1,True,,0.006648651554478746,0.010062834734374693,False,0.05003170239288605,0.06442364688994069,0.34004673741168107,0.7637943377736949,0.8777376425799206,2023,pitch_ff,2-1,ALL,own,1,"descriptive nominal only, no subgroup significance claim"
12274,10629,0.865976861658791,810,10629,562,607,0.3104122535440769,0.3509267099444915,6899,6216.441958280694,809,0.0033946622587611264,8.702182420409352,3.4927653091065585,0.34375853164637565,0.3540933045365886,0.3477218437454704,3730,2733.8186697136,786,0.005765181054646648,17.730060218926027,9.47091987834697,0.35768094656633603,0.36533635771221723,0.3578973190348525,0.013922414919960385,0.010815077588389182,-0.0073065079302113405,0.03515133777013211,-0.0073065079302113405,0.03515133777013211,1,True,,0.010175475289382119,0.011243053175628626,False,0.050449904852838186,0.06332791655302883,0.337331797208603,0.7586823470615967,0.8952366394700667,2023,pitch_ff,2-1,ALL,own,2,"descriptive nominal only, no subgroup significance claim"
12607,10629,0.8431030379947648,810,10629,529,609,0.3123661457920203,0.35374917678050616,6869,6214.266517150148,807,0.003301671636536197,8.114482468739535,3.3889337620942936,0.36010123751435114,0.35024749676050787,0.36020104818750903,3760,2732.025789917747,786,0.0053806921161737445,17.832731183244647,9.830367393545888,0.359932573325954,0.3600342748210526,0.36073351063829784,-0.0001686641883970892,0.011703270875576162,-0.023141022221130566,0.02280369384433639,-0.023141022221130566,0.02280369384433639,1,True,,0.0005324624507888065,0.009786778060544732,True,0.050002783328119534,0.06113621173578907,0.33193784993753556,0.7609851802074852,0.8767635516063497,2023,pitch_ff,2-1,ALL,common,0,"descriptive nominal only, no subgroup significance claim"
12498,10511,0.8410145623299728,809,10511,533,600,0.31901104176668266,0.3640947578727048,6684,6035.326874955794,805,0.0030772869402042055,6.252926280491849,3.501705009856115,0.3474277868751811,0.3520870336209103,0.3481005385996409,3827,2849.2257017990723,789,0.004259194718553474,17.597955367842268,9.685215319057525,0.3585604102170821,0.36216376198524436,0.3559059315390646,0.011132623341901043,0.01136404144785835,-0.011173902389326373,0.03343914907312846,-0.011173902389326373,0.03343914907312846,1,True,,0.007805392939423672,0.010076728364334042,False,0.05003170239288605,0.06433897198389088,0.3389180265700859,0.7623116480769597,0.8777376425799206,2023,pitch_ff,2-1,ALL,common,1,"descriptive nominal only, no subgroup significance claim"
12274,10586,0.8624735212644614,810,10586,554,607,0.3104122535440769,0.3502739467220858,6878,6200.305711735298,809,0.003407336699997846,8.702182420409352,3.4907185617137024,0.3433710558422916,0.3540921467395513,0.3477022390229718,3708,2717.7427217311993,786,0.005793068850327259,17.730060218926027,9.488405636274592,0.3574543722710456,0.36530367685754966,0.3577578209277238,0.014083316428754008,0.010819346253445416,-0.007153985386839963,0.03532061824434798,-0.007153985386839963,0.03532061824434798,1,True,,0.010055581904751976,0.011211530117998358,False,0.050449904852838186,0.06327270762096265,0.3367743578242878,0.7558235843501564,0.8952366394700667,2023,pitch_ff,2-1,ALL,common,2,"descriptive nominal only, no subgroup significance claim"
19965,17104,0.8566992236413724,810,12792,544,614,0.30082644628099175,0.3379911131898971,11323,10212.022404984386,810,0.002848188196161595,6.02970807283728,3.46418808151333,0.2711821382655508,0.27661366077972277,0.2689501898790074,5781,4076.094997773173,804,0.003698909490664319,19.973830959956306,11.234922558096255,0.2734174216141804,0.2770811727823559,0.2727182148417229,0.002235283348629616,0.009314363607637433,-0.016047887050190713,0.020518453747449945,-0.016047887050190713,0.020518453747449945,1,True,,0.0037680249627154994,0.0004675120026331192,False,0.05001225145409345,0.05786517509005905,0.3163193267960234,0.74757213436748,0.8599391421690199,2023,pitch_ff,2-2,ALL,own,0,"descriptive nominal only, no subgroup significance claim"
19956,17030,0.8533774303467628,810,12813,545,602,0.3040689516937262,0.3453904873752202,11148,9954.23428621437,810,0.002971826960208501,8.453482632901538,3.602887106506833,0.27408544481363517,0.2738712150779513,0.27268729817007537,5882,4105.366236371204,806,0.0043399406151664035,19.542008131441513,11.990943673026011,0.27183219123414676,0.2774947168332906,0.26932811968718123,-0.0022532535794884505,0.009274139016322175,-0.020457467101787797,0.015950959942810896,-0.020457467101787797,0.015950959942810896,1,True,,-0.003359178482894132,0.0036235017553392646,True,0.050056447034663575,0.0630761433448532,0.32552674502757284,0.7520578356792232,0.8817055593031053,2023,pitch_ff,2-2,ALL,own,1,"descriptive nominal only, no subgroup significance claim"
19528,16950,0.8679844326095862,810,12703,560,616,0.3020790659565752,0.3402949852507375,11182,10102.249560135138,810,0.002865003426915664,6.91174135580568,3.40310327578189,0.27723767876405736,0.27464767836188253,0.2780098372384189,5768,4103.7668599624385,803,0.005907406849806813,19.573428674248667,11.350090185192661,0.27802828768196625,0.2804702920051195,0.2692439320388349,0.0007906089179088619,0.008789083794378578,-0.016461489392959328,0.01804270722877705,-0.016461489392959328,0.01804270722877705,1,True,,-0.008765905199583979,0.005822613643236996,False,0.05021634125963537,0.05913665153526189,0.31237163506569465,0.7318849059568312,0.8637318868348189,2023,pitch_ff,2-2,ALL,own,2,"descriptive nominal only, no subgroup significance claim"
19965,16945,0.8487352867518156,810,12682,532,614,0.30082644628099175,0.336323399232812,11246,10146.055515840051,810,0.0028677777793996305,6.02970807283728,3.4513070446476743,0.27061072321075585,0.276664445123078,0.2685687355504179,5699,4012.96821563289,804,0.00375282934574827,19.973830959956306,11.426210462834508,0.2731651869600241,0.2771461961362479,0.2719489384102474,0.002554463749268287,0.009384813482838662,-0.01586699275552106,0.02097592025405763,-0.01586699275552106,0.02097592025405763,1,True,,0.0033802028598295397,0.00048175101316993985,False,0.05001225145409345,0.05783028985269147,0.31636892736755795,0.7454910343517455,0.8599391421690199,2023,pitch_ff,2-2,ALL,common,0,"descriptive nominal only, no subgroup significance claim"
19956,16947,0.8492182802164763,810,12751,535,602,0.3040689516937262,0.3446037646781141,11107,9919.263910237334,810,0.00298555975956148,8.453482632901538,3.603999071836797,0.2738775148190413,0.2738188005939367,0.2723964166741694,5840,4076.8724165752674,806,0.004364510685527274,19.542008131441513,12.017766628840285,0.2714657436954427,0.27745034363040577,0.26872910958904106,-0.002411771123598638,0.0092631407906419,-0.02059439622153883,0.015770853974341553,-0.02059439622153883,0.015770853974341553,1,True,,-0.0036673070851283573,0.003631543036469065,True,0.050056447034663575,0.06302905487951954,0.3246572895574177,0.752150268036122,0.8817055593031053,2023,pitch_ff,2-2,ALL,common,1,"descriptive nominal only, no subgroup significance claim"
19528,16883,0.8645534616960262,810,12654,551,616,0.3020790659565752,0.3399869691405556,11143,10092.253209745577,810,0.0028791945222806535,6.91174135580568,3.380969013214473,0.27656574195293143,0.2746312635720036,0.27762370995243646,5740,4082.728807983364,803,0.005930219752128103,19.573428674248667,11.352000191899513,0.27756738131773473,0.28041380902455715,0.2684282229965157,0.0010016393648032396,0.008823475391115136,-0.016317966233724026,0.018321244963330503,-0.016317966233724026,0.018321244963330503,1,True,,-0.009195486955920762,0.0057825454525535225,False,0.05021634125963537,0.05911974124398179,0.31203666004992614,0.7304516037212511,0.8637318868348189,2023,pitch_ff,2-2,ALL,common,2,"descriptive nominal only, no subgroup significance claim"
2380,1993,0.8373949579831933,723,1993,476,496,0.6588235294117647,0.7270446562970396,544,380.53883541970396,366,0.017471108031000448,16.685431103242365,12.237991511549906,0.5155731800539471,0.47949176060883175,0.5303988970588234,1449,1399.6606106816294,646,0.005159256846801247,3.972798700014411,2.1541115713734613,0.5572163822798517,0.49957118462040095,0.5642891649413388,0.041643202225904466,0.021441767860294846,-0.00045245788041818613,0.08373886233222712,-0.00045245788041818613,0.08373886233222712,1,True,,0.03389026788251548,0.020079424011569202,False,0.20759173149768315,0.3421935863718209,0.793498052756719,0.9463622961088805,0.949890618975369,2023,pitch_ff,3-0,ALL,own,0,"descriptive nominal only, no subgroup significance claim"
2454,1991,0.8113284433577832,735,1991,478,463,0.6438467807660961,0.7307885484681065,536,361.777285467447,362,0.013574615481388485,18.771664341842353,12.802956576659613,0.5540167219512597,0.47070936351394116,0.5599701492537312,1455,1412.9664027518338,657,0.005668205807745429,2.6796294675031085,2.182533199769851,0.542600268134939,0.505630707591368,0.5458556701030927,-0.011416453816320716,0.020798320679050197,-0.052247742078667433,0.029414834446026005,-0.052247742078667433,0.029414834446026005,1,True,,-0.01411447915063857,0.03492134407742681,True,0.2640436880640875,0.36533332674527486,0.8046812903364752,0.9438034411333492,0.9498641326131249,2023,pitch_ff,3-0,ALL,own,1,"descriptive nominal only, no subgroup significance claim"
2485,2105,0.8470824949698189,735,2105,491,488,0.6567404426559356,0.7344418052256532,559,396.7888701148186,385,0.014312843675368779,16.541869524813592,11.42178876609431,0.5393732573877315,0.48043342373425646,0.553942754919499,1546,1484.4264703564054,662,0.005659084141047681,4.592748969067504,2.2858803182432195,0.5339372265455944,0.511674850627499,0.53462936610608,-0.005436030842136961,0.019227404891284668,-0.043183295333721484,0.03231123364944757,-0.043183295333721484,0.03231123364944757,1,True,,-0.01931338881341893,0.031241426893242497,True,0.1731500037866991,0.3199229927472552,0.7818548916663121,0.9425286357194045,0.949650856850326,2023,pitch_ff,3-0,ALL,own,2,"descriptive nominal only, no subgroup significance claim"
2380,1861,0.7819327731092437,707,1861,460,484,0.6588235294117647,0.7286405158516926,505,353.7296574229931,345,0.01900742285466757,16.685431103242365,12.210671445848726,0.5053788316226902,0.4795212036956793,0.5269504950495049,1356,1309.1571549806579,627,0.005494168509427274,3.972798700014411,2.203046094537769,0.5572950577338867,0.4999192557231567,0.5641622418879055,0.051916226111196645,0.021852308146800347,0.009012938064049306,0.09481951415834398,0.009012938064049306,0.09481951415834398,1,True,,0.03721174683840067,0.02039805202747741,False,0.20759173149768315,0.3419480146141002,0.7880643126656748,0.9464200825545181,0.949890618975369,2023,pitch_ff,3-0,ALL,common,0,"descriptive nominal only, no subgroup significance claim"
2454,1885,0.7681336593317033,722,1885,459,457,0.6438467807660961,0.7342175066312997,501,349.38413398971835,339,0.014764330379008499,18.771664341842353,11.609113117481563,0.5544835275499971,0.47053658926323233,0.5620179640718561,1384,1343.2353745501518,637,0.005946037673643141,2.6796294675031085,2.1910793416406977,0.5406325753258976,0.5055005687748234,0.5438287572254334,-0.013850952224099588,0.0216120853558067,-0.056281087836743966,0.028579183388544795,-0.056281087836743966,0.028579183388544795,1,True,,-0.018189206846422667,0.03496397951159108,True,0.2640436880640875,0.3643671427618593,0.803625149122852,0.9438356463876232,0.9498641326131249,2023,pitch_ff,3-0,ALL,common,1,"descriptive nominal only, no subgroup significance claim"
2485,1986,0.7991951710261569,722,1986,473,485,0.6567404426559356,0.7361530715005036,524,370.92622574929317,369,0.015279024348069681,16.541869524813592,11.52959494126312,0.5353707403730266,0.4805790946795823,0.5499751908396946,1462,1403.4745441447442,646,0.00597692806431426,4.592748969067504,2.287210519483953,0.5325197721575459,0.511520221209224,0.5341244870041039,-0.0028509682154805676,0.01999131932492592,-0.04209911924151669,0.03639718281055556,-0.04209911924151669,0.03639718281055556,1,True,,-0.01585070383559073,0.030941126529641705,True,0.1731500037866991,0.31599830487945657,0.7816112318842983,0.9433045605843308,0.949650856850326,2023,pitch_ff,3-0,ALL,common,2,"descriptive nominal only, no subgroup significance claim"
5284,4538,0.8588190764572293,798,4537,526,561,0.44530658591975775,0.49779638607315996,2279,1909.75291764165,728,0.005389146288955927,7.709851653956646,5.36760653772936,0.47879994572751067,0.4560445291511738,0.471670908293111,2259,1952.0169826869326,726,0.005411656395192512,9.549068085725738,4.562017189048549,0.47725276614223655,0.45356079229187446,0.480260734838424,-0.001547179585274102,0.014535874504748698,-0.030080300804554847,0.02698594163400664,-0.030080300804554847,0.02698594163400664,1,True,,0.00858982654531304,-0.002483736859299368,False,0.06160335866730476,0.12113103665905504,0.524516120860385,0.868812292886265,0.9383196399374553,2023,pitch_ff,3-1,ALL,own,0,"descriptive nominal only, no subgroup significance claim"
5176,4397,0.8494976816074189,802,4397,530,540,0.4528593508500773,0.5146690925631112,2134,1740.1063726737214,728,0.005216155839956141,9.336843667110529,5.605619414744557,0.471155101629339,0.45095945494772166,0.4731335520149953,2263,2008.6286250347941,741,0.004699142627763577,6.666115402301944,4.179594589544271,0.4616008150649984,0.45881509609213067,0.4637017233760495,-0.009554286564340576,0.013739965433242147,-0.03652487726475616,0.01741630413607501,-0.03652487726475616,0.01741630413607501,1,True,,-0.009431828638945816,0.007855641144409009,True,0.07649144956610303,0.1305695009663335,0.5382515579254978,0.8758901515804818,0.9393443323360158,2023,pitch_ff,3-1,ALL,own,1,"descriptive nominal only, no subgroup significance claim"
5095,4416,0.8667320902845927,803,4416,536,560,0.4433758586849853,0.5009057971014492,2204,1833.3888345301839,738,0.005561209635881064,10.423896389050725,5.435171706855873,0.4660003270964541,0.45670074846605774,0.4640943738656987,2212,1881.0039806650086,716,0.004821437512388251,8.568909104138077,4.904126466955903,0.4818941083672191,0.4555468811431608,0.4806478300180831,0.015893781270765097,0.013629394609450353,-0.010859716159164978,0.04264727870069517,-0.010859716159164978,0.04264727870069517,1,True,,0.016553456152384405,-0.001153867322896962,True,0.05750831248296632,0.1158444525293532,0.5257438694064749,0.8795838460361981,0.9307937667102029,2023,pitch_ff,3-1,ALL,own,2,"descriptive nominal only, no subgroup significance claim"
5284,4505,0.8525738077214232,798,4504,514,560,0.44530658591975775,0.4972253052164262,2265,1897.7819009850314,726,0.005431488825680663,7.709851653956646,5.370050656815984,0.47823598922810795,0.45604470142427017,0.47134834437086087,2240,1934.702860106415,725,0.005450868012321063,9.549068085725738,4.569371984236477,0.4764540633382707,0.4535726462604326,0.4792995535714285,-0.0017819258898373025,0.014564069055296228,-0.03037039145927964,0.026806539679605036,-0.03037039145927964,0.026806539679605036,1,True,,0.007951209200567633,-0.002472055163837583,False,0.06160335866730476,0.12109567886812907,0.5234088756425874,0.8679238446804793,0.9383196399374553,2023,pitch_ff,3-1,ALL,common,0,"descriptive nominal only, no subgroup significance claim"
5176,4364,0.8431221020092736,801,4364,520,540,0.4528593508500773,0.5139780018331805,2121,1734.8829212748415,726,0.005269247841692039,9.336843667110529,5.52063755279369,0.4680745485405097,0.4508236392800585,0.4708877887788778,2243,1990.5469730530388,739,0.004733258211879245,6.666115402301944,4.184126226864674,0.4609199345544051,0.458773622584909,0.46283504235399014,-0.0071546139861045875,0.013802165535738868,-0.03424735038371235,0.019938122411503174,-0.03424735038371235,0.019938122411503174,1,True,,-0.00805274642488768,0.007949983304850528,True,0.07649144956610303,0.13030512635620736,0.53594545160255,0.875607580042003,0.9393443323360158,2023,pitch_ff,3-1,ALL,common,1,"descriptive nominal only, no subgroup significance claim"
5095,4382,0.8600588812561335,803,4382,529,560,0.4433758586849853,0.501369237790963,2185,1816.0464610417696,738,0.005613932336592211,10.423896389050725,5.442779550542821,0.46605964040865067,0.4567151310607464,0.46437528604118994,2197,1868.4253787885027,715,0.004847274772841181,8.568909104138077,4.907441368334619,0.4824086340475915,0.45552669591451334,0.4810782885753299,0.016348993638940778,0.013691505053269156,-0.010526422016023738,0.043224409293905294,-0.010526422016023738,0.043224409293905294,1,True,,0.016703002534139977,-0.001188435146233069,True,0.05750831248296632,0.11574787200530974,0.5247710786462253,0.8764010921028748,0.9307937667102029,2023,pitch_ff,3-1,ALL,common,2,"descriptive nominal only, no subgroup significance claim"
12241,10511,0.8586716771505596,809,7537,537,595,0.3672085613920431,0.41156883265150795,6185,5346.974753019691,808,0.0036508398329885014,9.21581217631741,4.269994423536533,0.36893003636795696,0.3718120316224176,0.369922554567502,4326,3302.482972651182,787,0.004929806958073186,18.248944665900602,7.8624506697700625,0.38446551942597174,0.3815226960276647,0.37795191863153027,0.01553548305801482,0.010431472797055736,-0.004940499666069227,0.036011465782098864,-0.004940499666069227,0.036011465782098864,1,True,,0.008029364064028266,0.009710664405247094,False,0.05048350304289031,0.07087324528646169,0.4035165503930478,0.8058772809508226,0.8929619162865642,2023,pitch_ff,3-2,ALL,own,0,"descriptive nominal only, no subgroup significance claim"
11926,10299,0.8635753815193694,809,7448,541,582,0.3688579574039913,0.41295271385571414,6046,5260.6256143982455,808,0.0039736832678877254,7.074585141522626,4.223337499195053,0.3675218884464795,0.3730378548553983,0.3648733046642408,4253,3340.9956347138286,785,0.005021553449927075,14.917086150972787,7.112033705396787,0.3881258585984918,0.3803643137457673,0.37923677404185274,0.020603970152012308,0.0097397938653193,0.0014856869716442372,0.03972225333238038,0.0014856869716442372,0.03972225333238038,1,True,,0.01436346937761196,0.007326458890368981,False,0.05363403093876431,0.0824757641182116,0.41689182864170526,0.8190891946760035,0.9108116363015788,2023,pitch_ff,3-2,ALL,own,1,"descriptive nominal only, no subgroup significance claim"
12023,10507,0.873908342343841,810,7551,554,590,0.36388588538634287,0.4075378319215761,6225,5442.415930582424,808,0.0038503270429462487,8.35105921804877,4.223831495472603,0.3763408245565723,0.3682860914841041,0.3792371084337349,4282,3222.072726618658,782,0.004264894742070943,15.763196451185072,8.477237777101804,0.384665984718819,0.38124333777113384,0.38259364782811767,0.008325160162246685,0.010831155935342366,-0.012935322885643261,0.029585643210136632,-0.012935322885643261,0.029585643210136632,1,True,,0.0033565393943827404,0.012957246287029767,False,0.05272426179805244,0.07622032167254152,0.39754286179527526,0.8052161803740472,0.9262730090961098,2023,pitch_ff,3-2,ALL,own,2,"descriptive nominal only, no subgroup significance claim"
12241,10416,0.8509108732946654,809,7473,526,595,0.3672085613920431,0.4109062980030722,6136,5304.880686080349,808,0.003683109706539404,9.21581217631741,4.258763150708436,0.36860378089724544,0.37181144801492927,0.36941378748370274,4280,3265.530115038207,786,0.004698963700332052,18.248944665900602,7.885235532546625,0.3841085569488429,0.3815520526534779,0.37738855140186917,0.015504776051597424,0.010442833380013707,-0.004993506409533206,0.03600305851272805,-0.004993506409533206,0.03600305851272805,1,True,,0.007974763918166428,0.009740604638548644,False,0.05048350304289031,0.07083965122201302,0.40290867688051735,0.8039560589902742,0.8929619162865642,2023,pitch_ff,3-2,ALL,common,0,"descriptive nominal only, no subgroup significance claim"
11926,10248,0.8592990105651518,809,7412,531,581,0.3688579574039913,0.41247072599531615,6021,5241.056459305569,807,0.003994285790510107,7.074585141522626,4.218663123541605,0.3674929978106949,0.37300176393795653,0.36488058462049494,4227,3320.669530660759,784,0.0050439066095910945,14.917086150972787,7.12507787390109,0.38766738579636656,0.38037185202181684,0.37837733617222613,0.020174387985671692,0.00977488172896207,0.0009872306871659443,0.03936154528417744,0.0009872306871659443,0.03936154528417744,1,True,,0.01349675155173119,0.0073700880838603045,False,0.05363403093876431,0.08230872141416797,0.41632827889831664,0.8176305085262439,0.9108116363015788,2023,pitch_ff,3-2,ALL,common,1,"descriptive nominal only, no subgroup significance claim"
12023,10445,0.8687515595109374,810,7511,545,590,0.36388588538634287,0.4067975107707037,6196,5420.331352566421,808,0.0038720676856037386,8.35105921804877,4.183573251646883,0.3756330103036153,0.3682447947590931,0.37878938024531955,4249,3195.749379130273,781,0.004295347775454678,15.763196451185072,8.507155769504564,0.3847335952281186,0.38118169317087097,0.38248764415156505,0.009100584924503304,0.010862316615131195,-0.012221063442062313,0.03042223329106892,-0.012221063442062313,0.03042223329106892,1,True,,0.0036982639062455025,0.012936898411777864,False,0.05272426179805244,0.07617467325705164,0.3970833983966176,0.8041667309155656,0.9262730090961098,2023,pitch_ff,3-2,ALL,common,2,"descriptive nominal only, no subgroup significance claim"
