level,count,region,pitch_group,n_all,n,coverage,games,PA,pitchers,batters,action1_rate_all,action1_rate,action0_rate_all,action0_rate,observed_Y,action0,action1,rows0,ESS0,games0,max_game_share0,rows1,ESS1,games1,max_game_share1,Q0,Q1,gcomp0,gcomp1,delta,SE,nominal95_low,nominal95_high,family95_low,family95_high,arithmetic_direction,point_direction,evidence,large_point_difference,support_gate,recommendation,unit
overall,ALL,ALL,ALL,719433,665651,0.92524390735482,2427,180540,755,638,0.468400810082384,0.480466490698579,0.531599189917616,0.519533509301421,0.311052261620579,Take,Swing_including_bunts,345828,190174.464829123,2427,0.000774931246542404,319823,193574.739222433,2427,0.000883453282053583,0.29817093909542,0.270772667903161,0.310473295423262,0.269161782112378,-0.0273982711922588,0.00140173006100356,-0.0301469829862118,-0.0246495593983058,-0.0326263455391525,-0.0221701968453651,Take,Take,관찰상 방향 뚜렷,TRUE,TRUE,,W per selected current decision; not PA sum
count,0-0,ALL,ALL,184235,165697,0.899378511140663,2427,165697,755,637,0.287160420115613,0.309468487661213,0.712839579884387,0.690531512338787,0.317846557270198,Take,Swing_including_bunts,114419,106765.01519909,2427,0.0008511322111019,51278,35763.0685755744,2427,0.00104717874216633,0.311416907505104,0.301606077657306,0.307524121628906,0.29551797031325,-0.00981082984779837,0.00308082238200634,-0.0158521448285389,-0.00376951486705783,-0.0213014648215334,0.00167980512593663,Take,Take,차이 불명확,FALSE,TRUE,,W per selected current decision; not PA sum
region,0-0,HIGH,ALL,17495,13908,0.794969991426122,2386,13908,703,606,0.157473563875393,0.190322116767328,0.842526436124607,0.809677883232672,0.342084555651424,Take,Swing_including_bunts,11261,11096.3285588006,2364,0.00142214888341977,2647,2085.11185154317,1421,0.0035466433268222,0.350831656578081,0.298059236505642,0.356548072337186,0.2667492026572,-0.0527724200724387,0.0119956690114387,-0.0762954369078378,-0.0292494032370396,-0.0975142038649602,-0.00803063627991724,Take,Take,관찰상 방향 뚜렷,TRUE,TRUE,,W per selected current decision; not PA sum
region_pitch,0-0,HIGH,FB,12812,10307,0.804480174836091,2343,10307,677,602,0.19356852950359,0.231687202871835,0.80643147049641,0.768312797128165,0.339277578344814,Take,Swing_including_bunts,7919,7824.69296764524,2282,0.00154940353105354,2388,1889.3265065195,1349,0.00342784047868994,0.350223043993662,0.302961239888116,0.353518375334709,0.26507317602062,-0.0472618041055465,0.0152969451110452,-0.0772587681352316,-0.0172648400758613,-0.104318415060818,0.00979480684972492,Take,Take,차이 불명확,TRUE,TRUE,,W per selected current decision; not PA sum
region_pitch,0-0,HIGH,NFB,4658,3601,0.773078574495492,1733,3601,593,514,0.0573207385143839,0.0719244654262705,0.942679261485616,0.928075534573729,0.350118855873369,Take,Swing_including_bunts,3342,3275.797406941,1689,0.00274841602105474,259,209.399810244596,230,0.0164513280205682,0.352573664328038,0.284028425935478,0.365219854343441,0.271546427467871,-0.0685452383925604,0.0146266378371182,-0.0972329692280599,-0.039857507557061,-0.123132196209978,-0.0139582805751432,Take,Take,관찰상 방향 뚜렷,TRUE,TRUE,,W per selected current decision; not PA sum
region,0-0,LOW,ALL,36983,28010,0.757375010139794,2427,28010,735,625,0.127896601141065,0.1581935023206,0.872103398858935,0.8418064976794,0.339606533380935,Take,Swing_including_bunts,23579,23374.7425597505,2424,0.00133967206487066,4431,3443.77189088739,1928,0.00288392413129111,0.350212059818556,0.277835299113856,0.350245875397868,0.251707729121516,-0.0723767607047004,0.00876405802272493,-0.0895625729521066,-0.0551909484572943,-0.10506432887349,-0.0396891925359106,Take,Take,관찰상 방향 뚜렷,TRUE,TRUE,,W per selected current decision; not PA sum
region_pitch,0-0,LOW,FB,18962,14114,0.744330766796751,2401,14114,697,621,0.0716169180466196,0.0915403145812668,0.92838308195338,0.908459685418733,0.339487742666856,Take,Swing_including_bunts,12822,12723.3638990262,2392,0.0015810146994727,1292,1025.23878280699,932,0.00568308465090141,0.345176308455904,0.266638137039012,0.344651998156305,0.251643552005171,-0.0785381714168917,0.00994869726819639,-0.0980470983859823,-0.0590292444478012,-0.115644740516085,-0.0414316023176983,Take,Take,관찰상 방향 뚜렷,TRUE,TRUE,,W per selected current decision; not PA sum
region_pitch,0-0,LOW,NFB,17993,13896,0.77230033902073,2411,13896,698,589,0.186906019007392,0.225892343120322,0.813093980992608,0.774107656879678,0.339727187679908,Take,Swing_including_bunts,10757,10652.7376181418,2388,0.00163742058184904,3139,2418.84464388485,1668,0.00309353459801361,0.355326811886236,0.289208121906339,0.355927509205252,0.251772913046393,-0.0661186899798971,0.0146354682019385,-0.0948180940161016,-0.0374192859436926,-0.120705587460889,-0.0115317924989047,Take,Take,관찰상 방향 뚜렷,TRUE,TRUE,,W per selected current decision; not PA sum
region,0-0,INSIDE,ALL,23318,19017,0.815550218715156,2424,19017,719,613,0.209709237498928,0.246516274911921,0.790290762501072,0.753483725088079,0.330038965136457,Take,Swing_including_bunts,14329,14064.9296329807,2416,0.00125999397009819,4688,3455.9047489014,2033,0.00273465975617773,0.342194092502865,0.278047671371615,0.333185454333311,0.271096543148295,-0.0641464211312504,0.0118342937244483,-0.0873528028320408,-0.0409400394304601,-0.108285222651749,-0.0200076196107519,Take,Take,관찰상 방향 뚜렷,TRUE,TRUE,,W per selected current decision; not PA sum
region_pitch,0-0,INSIDE,FB,16630,13836,0.831990378833434,2391,13836,693,604,0.22711966325917,0.264093668690373,0.77288033674083,0.735906331309627,0.326339476727378,Take,Swing_including_bunts,10182,10020.2638726437,2350,0.00134450837442717,3654,2756.91625035495,1827,0.00302677251390614,0.336841980169625,0.275418683552276,0.330598051956507,0.271379710407903,-0.0614232966173487,0.0134677167093647,-0.0878329107935636,-0.0350136824411338,-0.111655401347978,-0.0111911918867191,Take,Take,관찰상 방향 뚜렷,TRUE,TRUE,,W per selected current decision; not PA sum
region_pitch,0-0,INSIDE,NFB,6671,5181,0.776645180632589,2081,5181,641,552,0.166241942737221,0.199575371549894,0.833758057262779,0.800424628450106,0.339918548542752,Take,Swing_including_bunts,4147,4050.75704053702,1924,0.00206222730403458,1034,709.637250557176,807,0.00614029021275915,0.356487052596033,0.285068454129453,0.340095182047161,0.270340337357148,-0.0714185984665802,0.0226734397412808,-0.115883597961946,-0.0269535989712148,-0.156005986297029,0.0131687893638689,Take,Take,차이 불명확,TRUE,TRUE,,W per selected current decision; not PA sum
region,0-0,OUTSIDE,ALL,50430,40676,0.806583382907,2427,40676,741,632,0.137041443585168,0.162208673419215,0.862958556414833,0.837791326580785,0.331380592978661,Take,Swing_including_bunts,34078,33471.9261636588,2427,0.000969612218568884,6598,4950.12549561309,2226,0.0019765639092579,0.338153843961896,0.275254063157362,0.333266069108683,0.271586701007123,-0.0628997808045339,0.00624089577267445,-0.0751378174225829,-0.050661744186485,-0.0861766355988135,-0.0396229260102544,Take,Take,관찰상 방향 뚜렷,TRUE,TRUE,,W per selected current decision; not PA sum
region_pitch,0-0,OUTSIDE,FB,31779,25628,0.806444507379087,2427,25628,723,630,0.123635104943516,0.147338848134853,0.876364895056484,0.852661151865148,0.328582253784923,Take,Swing_including_bunts,21852,21527.7288146772,2427,0.00109030055716648,3776,2942.44789472038,1807,0.00255857984141022,0.331603466619579,0.274920171267883,0.32839354531902,0.271990025001201,-0.0566832953516959,0.00747254694668643,-0.071336528876929,-0.0420300618264629,-0.0845538762037326,-0.0288127144996593,Take,Take,관찰상 방향 뚜렷,TRUE,TRUE,,W per selected current decision; not PA sum
region_pitch,0-0,OUTSIDE,NFB,18593,15048,0.809336847200559,2405,15048,703,599,0.159737535631689,0.187533227006911,0.840262464368311,0.812466772993089,0.336146398192451,Take,Swing_including_bunts,12226,11956.0655917995,2384,0.00143036673280585,2822,2021.15100704731,1616,0.00335117107390705,0.349309683311237,0.275822708913845,0.341564383813727,0.270899806581269,-0.0734869743973922,0.0109227324985979,-0.0949059206146902,-0.0520680281800943,-0.114226386959335,-0.0327475618354494,Take,Take,관찰상 방향 뚜렷,TRUE,TRUE,,W per selected current decision; not PA sum
region,0-0,CENTER,ALL,79056,77515,0.98050748836268,2427,77515,743,636,0.445861161708156,0.445204154034703,0.554138838291844,0.554795845965297,0.300596323292266,Take,Swing_including_bunts,43005,40599.3669436321,2427,0.000867916831008941,34510,31019.6851580388,2427,0.00103071151900701,0.276806308673349,0.32545834357759,0.274232334740569,0.325254628419666,0.0486520349042406,0.0039766586341641,0.0408540367073366,0.0564500331011446,0.0338201727861221,0.063483897022359,Swing_including_bunts,Swing_including_bunts,관찰상 방향 뚜렷,TRUE,TRUE,,W per selected current decision; not PA sum
region_pitch,0-0,CENTER,FB,53302,52067,0.976830137705902,2427,52067,732,635,0.468762898202694,0.468281253000941,0.531237101797306,0.531718746999059,0.303281925211746,Take,Swing_including_bunts,27685,26059.1842771378,2427,0.000964971006251216,24382,22209.419182024,2426,0.00108844165646402,0.277173717093986,0.328938147380775,0.274304999986131,0.32680247643482,0.0517644302867892,0.00472881376208006,0.0424914992704345,0.0610373613031439,0.0341272327916677,0.0694016277819107,Swing_including_bunts,Swing_including_bunts,관찰상 방향 뚜렷,TRUE,TRUE,,W per selected current decision; not PA sum
region_pitch,0-0,CENTER,NFB,25676,25448,0.991120112167004,2426,25448,713,620,0.398270758685153,0.397988054071047,0.601729241314847,0.602011945928953,0.295101540396102,Take,Swing_including_bunts,15320,14780.8618169154,2418,0.00141090691022256,10128,9157.70633238407,2373,0.00189543842426667,0.276054585385182,0.318338611393511,0.274083660528817,0.32208770753767,0.042284026008329,0.0071695037316645,0.0282250398535248,0.0563430121631332,0.0155436975431611,0.0690243544734968,Swing_including_bunts,Swing_including_bunts,관찰상 방향 뚜렷,TRUE,TRUE,,W per selected current decision; not PA sum
count,0-1,ALL,ALL,91882,85989,0.935863390000218,2427,85989,750,637,0.470505648549226,0.487550733233321,0.529494351450774,0.51244926676668,0.270440975008431,Take,Swing_including_bunts,44065,25479.0639207957,2427,0.00104126516619805,41924,24929.0199296014,2427,0.00104459759675558,0.259503375132916,0.234668400439532,0.262111315238428,0.234121352078209,-0.0248349746933838,0.00395061868595092,-0.0325819100538981,-0.0170880393328695,-0.0395697148412776,-0.01010023454549,Take,Take,관찰상 방향 뚜렷,TRUE,TRUE,,W per selected current decision; not PA sum
region,0-1,HIGH,ALL,9444,8600,0.910631088521813,2292,8600,666,587,0.293307920372723,0.31546511627907,0.706692079627277,0.68453488372093,0.267617558139535,Take,Swing_including_bunts,5887,4976.9568423012,2148,0.00257079711226463,2713,1855.56122507547,1449,0.00453639832311999,0.296325001110482,0.199961553947423,0.303714748977566,0.211023022690765,-0.0963634471630593,0.0117768947593921,-0.119457937746608,-0.0732689565795102,-0.140292053104117,-0.0524348412220019,Take,Take,관찰상 방향 뚜렷,TRUE,TRUE,,W per selected current decision; not PA sum
region_pitch,0-1,HIGH,FB,7562,6904,0.9129859825443,2177,6904,634,573,0.3274266067178,0.351825028968714,0.6725733932822,0.648174971031286,0.261030996523754,Take,Swing_including_bunts,4475,3973.53131712853,1948,0.00284475709744568,2429,1672.97267211555,1364,0.00427153696132003,0.292219244678389,0.195692725305252,0.30164961519634,0.209540738351995,-0.0965265193731376,0.0131323985924417,-0.12227987239336,-0.0707731663529152,-0.145515451322959,-0.0475375874233166,Take,Take,관찰상 방향 뚜렷,TRUE,TRUE,,W per selected current decision; not PA sum
region_pitch,0-1,HIGH,NFB,1872,1696,0.905982905982906,1138,1696,479,466,0.15491452991453,0.167452830188679,0.84508547008547,0.832547169811321,0.29442983490566,Take,Swing_including_bunts,1412,1116.90583400305,1016,0.0050779127392879,284,218.215231575714,258,0.0188667240715516,0.313038528473199,0.217338908278524,0.31212140205869,0.217057038654722,-0.0956996201946746,0.0258780855742603,-0.146473785275012,-0.044925455114337,-0.192386003892167,0.000986763502817442,Take,Take,차이 불명확,TRUE,TRUE,,W per selected current decision; not PA sum
region,0-1,LOW,ALL,23138,19984,0.863687440573948,2425,19984,715,622,0.243322672659694,0.271767413931145,0.756677327340306,0.728232586068855,0.278438751000801,Take,Swing_including_bunts,14553,13132.9671561534,2414,0.00120082712094988,5431,3435.88744787781,2082,0.00236470043031729,0.303326522194033,0.195126481250111,0.300328518384467,0.1886354385064,-0.108200040943922,0.00818616545434909,-0.124252645810347,-0.0921474360774962,-0.138732264637724,-0.0776678172501199,Take,Take,관찰상 방향 뚜렷,TRUE,TRUE,,W per selected current decision; not PA sum
region_pitch,0-1,LOW,FB,7672,6340,0.826381647549531,2172,6340,637,586,0.131517205422315,0.152996845425868,0.868482794577685,0.847003154574133,0.282421924290221,Take,Swing_including_bunts,5370,4875.52193120635,2096,0.00198848889188833,970,615.078869876663,722,0.00807851353807408,0.290569878493313,0.216726668746248,0.295619471722402,0.189573227424231,-0.0738432097470655,0.0153438686481969,-0.103933415256775,-0.0437530042373555,-0.131082006832883,-0.0166044126612474,Take,Take,관찰상 방향 뚜렷,TRUE,TRUE,,W per selected current decision; not PA sum
region_pitch,0-1,LOW,NFB,15451,13644,0.883049640799948,2412,13644,693,614,0.298880331370138,0.326956904133685,0.701119668629862,0.673043095866315,0.276587877455292,Take,Swing_including_bunts,9183,8259.55030305012,2355,0.00158631029989281,4461,2826.24407033915,1972,0.00279902036808519,0.3092541915771,0.185089454811713,0.302516685772145,0.188199673207438,-0.124164736765387,0.00975062338109938,-0.14328520615098,-0.105044267379794,-0.16053227421816,-0.0877971993126134,Take,Take,관찰상 방향 뚜렷,TRUE,TRUE,,W per selected current decision; not PA sum
region,0-1,INSIDE,ALL,15925,14499,0.910455259026688,2421,14499,698,604,0.333626373626374,0.358852334643769,0.666373626373626,0.641147665356232,0.278924132698807,Take,Swing_including_bunts,9296,7888.28454056807,2373,0.00163300038656415,5203,3387.48627301147,2115,0.00216207564833892,0.298862580498699,0.206877943481814,0.286034823393299,0.215224864714005,-0.0919846370168847,0.00976304014952103,-0.111129419283934,-0.0728398547498352,-0.128398277065325,-0.0555709969684445,Take,Take,관찰상 방향 뚜렷,TRUE,TRUE,,W per selected current decision; not PA sum
region_pitch,0-1,INSIDE,FB,11399,10537,0.924379331520309,2376,10537,670,586,0.342661636985701,0.365094429154408,0.6573383630143,0.634905570845592,0.27897807725159,Take,Swing_including_bunts,6690,5913.55342345248,2240,0.00211661835707535,3847,2589.29136110965,1867,0.00288546175883239,0.298664459294189,0.207686254456923,0.282397111581939,0.2184222238079,-0.090978204837266,0.0116231094835939,-0.1137706963868,-0.0681857132877324,-0.134330690457664,-0.0476257192168684,Take,Take,관찰상 방향 뚜렷,TRUE,TRUE,,W per selected current decision; not PA sum
region_pitch,0-1,INSIDE,NFB,4509,3962,0.878687070303837,1888,3962,599,548,0.310933688179197,0.342251388187784,0.689066311820803,0.657748611812216,0.278780666330136,Take,Swing_including_bunts,2606,2068.49687462089,1538,0.00301961676705637,1356,802.252600078397,1004,0.00606331343218034,0.299389486892421,0.204728227998545,0.295709373962783,0.206721438976406,-0.0946612588938769,0.0181439259939067,-0.1302455246862,-0.0590769931015539,-0.162362864014428,-0.026959653773326,Take,Take,관찰상 방향 뚜렷,TRUE,TRUE,,W per selected current decision; not PA sum
region,0-1,OUTSIDE,ALL,26782,23889,0.891979687850049,2426,23889,729,631,0.261668284668807,0.283268449914186,0.738331715331193,0.716731550085814,0.271304282305664,Take,Swing_including_bunts,17122,14454.0359298923,2424,0.00133953620732455,6767,4272.72983087588,2257,0.00196537452273774,0.285992194066184,0.20951779887738,0.284115661800843,0.207702349055896,-0.0764743951888039,0.00709079839927552,-0.0903790446949669,-0.062569745682641,-0.102921173846508,-0.0500276165310999,Take,Take,관찰상 방향 뚜렷,TRUE,TRUE,,W per selected current decision; not PA sum
region_pitch,0-1,OUTSIDE,FB,12880,11468,0.890372670807454,2387,11468,698,616,0.221972049689441,0.24110568538542,0.778027950310559,0.75889431461458,0.266974886641088,Take,Swing_including_bunts,8703,7510.30245809936,2334,0.00179525548622829,2765,1881.73481702856,1592,0.0040834819908587,0.274624665958644,0.212577831005683,0.277446067315773,0.210543361717712,-0.0620468349529605,0.00962859491339992,-0.0809281121735545,-0.0431655577323666,-0.097959815686914,-0.026133854219007,Take,Take,관찰상 방향 뚜렷,TRUE,TRUE,,W per selected current decision; not PA sum
region_pitch,0-1,OUTSIDE,NFB,13883,12421,0.894691349132032,2401,12421,695,615,0.298638622776057,0.322196280492714,0.701361377223943,0.677803719507286,0.275301505514854,Take,Swing_including_bunts,8419,6984.24500917378,2337,0.00152983431140343,4002,2401.99277433387,1921,0.0030047630961951,0.296487549700775,0.20669254741233,0.290273532306824,0.205079312810368,-0.0897950022884459,0.0102604046741333,-0.109915172805733,-0.0696748317711586,-0.128064175102007,-0.0515258294748844,Take,Take,관찰상 방향 뚜렷,TRUE,TRUE,,W per selected current decision; not PA sum
region,0-1,CENTER,ALL,31750,30900,0.973228346456693,2427,30900,735,635,0.775433070866142,0.775598705501618,0.224566929133858,0.224401294498382,0.26698860841424,Take,Swing_including_bunts,6934,5598.88597298684,2266,0.00182344640048314,23966,23592.9365935091,2427,0.001287433445925,0.199151039300627,0.28269412958544,0.218997905819767,0.276515736770477,0.0835430902848133,0.00734956558018496,0.0691310161253835,0.097955164444243,0.0561311966973502,0.110954983872276,Swing_including_bunts,Swing_including_bunts,관찰상 방향 뚜렷,TRUE,TRUE,,W per selected current decision; not PA sum
region_pitch,0-1,CENTER,FB,18719,18133,0.968694908916074,2425,18133,710,625,0.788663924354934,0.789113770473722,0.211336075645067,0.210886229526278,0.26720283461093,Take,Swing_including_bunts,3824,2966.95283855681,1870,0.00295094450343109,14309,14057.589752146,2418,0.00132215440368899,0.204335129269229,0.280885237632508,0.219542078408158,0.274393359478738,0.0765501083632789,0.00946766730222183,0.0579845512588105,0.0951156654677474,0.0412382230194081,0.11186199370715,Swing_including_bunts,Swing_including_bunts,관찰상 방향 뚜렷,TRUE,TRUE,,W per selected current decision; not PA sum
region_pitch,0-1,CENTER,NFB,13009,12767,0.981397494042586,2405,12767,699,617,0.756245676070413,0.756403227069789,0.243754323929587,0.243596772930211,0.266684342445367,Take,Swing_including_bunts,3110,2653.81048511964,1739,0.00267162418738314,9657,9537.1096731316,2355,0.0016552025350407,0.19178806417721,0.28526330306257,0.218225016218037,0.279530154208489,0.0934752388853602,0.0114339208216593,0.0710538772742982,0.115896600496422,0.0508292052473526,0.136121272523368,Swing_including_bunts,Swing_including_bunts,관찰상 방향 뚜렷,TRUE,TRUE,,W per selected current decision; not PA sum
count,0-2,ALL,ALL,45901,42293,0.921396048016383,2427,34609,730,632,0.506655628417682,0.515120705554111,0.493344371582318,0.484879294445889,0.198387771025938,Take,Swing_including_bunts,20507,9950.62548726209,2425,0.00154268664182401,21786,13503.5914067021,2427,0.00142387545966413,0.16636680050687,0.160070052801309,0.192662312536049,0.170265155801106,-0.00629674770556101,0.00416702472837095,-0.0144680428323607,0.00187454742123865,-0.0218386239136453,0.00924512850252326,Take,Take,차이 불명확,FALSE,TRUE,,W per selected current decision; not PA sum
region,0-2,HIGH,ALL,8956,8404,0.938365341670389,2287,8111,650,592,0.358083966056275,0.373869585911471,0.641916033943725,0.626130414088529,0.20275,Take,Swing_including_bunts,5262,3947.36391460159,2096,0.00237637822801073,3142,2189.54207747116,1603,0.00522539133994209,0.215363730883023,0.161454410267311,0.219501979016653,0.169870239430964,-0.0539093206157115,0.010856142503262,-0.075198240640839,-0.032620400590584,-0.0944036028812878,-0.0134150383501352,Take,Take,관찰상 방향 뚜렷,TRUE,TRUE,,W per selected current decision; not PA sum
region_pitch,0-2,HIGH,FB,8307,7798,0.938726375346094,2256,7560,635,584,0.361983869026123,0.378173890741216,0.638016130973877,0.621826109258784,0.202628622723775,Take,Swing_including_bunts,4849,3859.52728456308,2024,0.00268164178749113,2949,2069.42681055944,1553,0.00541991307136574,0.221597759828031,0.16135985245871,0.218981772730017,0.172136426388099,-0.0602379073693203,0.0114135125567413,-0.0826199943274194,-0.0378558204112213,-0.102812177530072,-0.017663637208569,Take,Take,관찰상 방향 뚜렷,TRUE,TRUE,,W per selected current decision; not PA sum
region_pitch,0-2,HIGH,NFB,643,606,0.942457231726283,513,603,294,322,0.307931570762053,0.318481848184819,0.692068429237947,0.681518151815182,0.204311881188119,Take,Swing_including_bunts,413,259.863077980653,371,0.0131824817062129,193,170.506560842707,181,0.0164675413920969,0.13514432871607,0.162671178900097,0.226195986645679,0.140708975583202,0.0275268501840275,0.0340098902972085,-0.0392892562103333,0.0943429565783884,-0.10005202103593,0.155105721403985,Swing_including_bunts,,비교 자료 부족,TRUE,FALSE,,W per selected current decision; not PA sum
region,0-2,LOW,ALL,13943,12481,0.895144516961916,2404,12194,677,620,0.306748906261206,0.331143337873568,0.693251093738794,0.668856662126432,0.185594263280186,Take,Swing_including_bunts,8348,6606.52128412137,2334,0.00218806334743878,4133,2497.34655405937,1887,0.0030485002528478,0.222315532551496,0.0837707931475116,0.219895363970253,0.115374781670974,-0.138544739403985,0.00682678133759536,-0.151931727776866,-0.125157751031103,-0.164007162894776,-0.113082315913194,Take,Take,관찰상 방향 뚜렷,TRUE,TRUE,,W per selected current decision; not PA sum
region_pitch,0-2,LOW,FB,2256,1901,0.842641843971631,1209,1892,444,485,0.17508865248227,0.202524986849027,0.824911347517731,0.797475013150973,0.189792740662809,Take,Swing_including_bunts,1516,1175.28901215231,1061,0.00590836264961456,385,221.950508770263,340,0.0180641979259635,0.190597621244101,0.11227710442556,0.22266727916504,0.14529109372145,-0.0783205168185413,0.0169452829543992,-0.111565971075351,-0.0450750625617317,-0.141619734152166,-0.0150212994849163,Take,Take,관찰상 방향 뚜렷,TRUE,TRUE,,W per selected current decision; not PA sum
region_pitch,0-2,LOW,NFB,11681,10580,0.905744371201096,2372,10370,659,618,0.332163342179608,0.354253308128544,0.667836657820392,0.645746691871456,0.18483988657845,Take,Swing_including_bunts,6832,5431.28522210796,2252,0.00266505342721628,3748,2296.77839453648,1806,0.00337113589455966,0.228014563685273,0.078648817935832,0.219397310020793,0.109999459439599,-0.149365745749441,0.00746420254417048,-0.164002785862901,-0.134728705635981,-0.177206194932379,-0.121525296566503,Take,Take,관찰상 방향 뚜렷,TRUE,TRUE,,W per selected current decision; not PA sum
region,0-2,INSIDE,ALL,6886,6361,0.923758350275922,2201,6140,642,584,0.36276503049666,0.38547398207829,0.63723496950334,0.614526017921711,0.203005502279516,Take,Swing_including_bunts,3909,2565.14713574053,1923,0.00410930860031428,2452,1561.07436829912,1458,0.00561499897090352,0.215328567887518,0.135578356449365,0.214117700173127,0.154739939180472,-0.0797502114381533,0.0110488456801696,-0.101417471514632,-0.0580829513616748,-0.120965915125947,-0.0385345077503596,Take,Take,관찰상 방향 뚜렷,TRUE,TRUE,,W per selected current decision; not PA sum
region_pitch,0-2,INSIDE,FB,3778,3573,0.945738485971413,1803,3509,569,530,0.375330862890418,0.392947103274559,0.624669137109582,0.607052896725441,0.209223341729639,Take,Swing_including_bunts,2169,1549.56521931519,1401,0.00563115973982675,1404,950.9998457089,999,0.00839304545441926,0.208934419481153,0.172142899324393,0.208921398181175,0.180463439128985,-0.0367915201567605,0.015675927456082,-0.0675364238485989,-0.00604661646492201,-0.0952895664724197,0.0217065261588988,Take,Take,차이 불명확,TRUE,TRUE,,W per selected current decision; not PA sum
region_pitch,0-2,INSIDE,NFB,3107,2788,0.897328612809784,1604,2737,529,528,0.347602188606373,0.375896700143472,0.652397811393627,0.624103299856528,0.195036944045911,Take,Swing_including_bunts,1740,1043.74887112098,1233,0.00548939367589394,1048,618.259646892247,809,0.00957406624335442,0.223523077305001,0.0887185602899411,0.220777092933976,0.121773631678307,-0.13480451701506,0.0156863505100726,-0.165572430450782,-0.104036603579339,-0.193356476820834,-0.0762525572092869,Take,Take,관찰상 방향 뚜렷,TRUE,TRUE,,W per selected current decision; not PA sum
region,0-2,OUTSIDE,ALL,15953,14393,0.902212749952987,2413,13702,705,620,0.330909546793707,0.353088306815813,0.669090453206294,0.646911693184187,0.188406586535121,Take,Swing_including_bunts,9311,6375.89807080332,2350,0.00248982888135059,5082,3114.88325881237,2078,0.00271075082633812,0.19197804735198,0.130352467689352,0.207799630279185,0.141602997603147,-0.0616255796626278,0.00679209764660776,-0.0749445299488906,-0.048306629376365,-0.0869584940633985,-0.0362926652618572,Take,Take,관찰상 방향 뚜렷,TRUE,TRUE,,W per selected current decision; not PA sum
region_pitch,0-2,OUTSIDE,FB,7428,6702,0.902261712439418,2206,6512,632,595,0.288368336025848,0.308564607579827,0.711631663974152,0.691435392420173,0.198966129513578,Take,Swing_including_bunts,4634,3416.73578241007,1992,0.00281889740404128,2068,1353.38463111929,1301,0.00543464943642052,0.189160567346039,0.166696969182216,0.205844209318433,0.169360350834889,-0.0224635981638239,0.0108350742147322,-0.0437116167096716,-0.0012155796179761,-0.0628817113298201,0.0179545150021723,Take,Take,차이 불명확,TRUE,TRUE,,W per selected current decision; not PA sum
region_pitch,0-2,OUTSIDE,NFB,8513,7691,0.903441794901915,2287,7501,664,595,0.368025372959004,0.391886620725523,0.631974627040996,0.608113379274477,0.179204914835522,Take,Swing_including_bunts,4677,3024.74649595383,2019,0.00382728420044341,3014,1762.94021561901,1667,0.0033411959805104,0.194433222361708,0.0986815732666284,0.209503600020305,0.117415014069258,-0.0957516490950793,0.00889646962607486,-0.113197646171718,-0.0783056520184404,-0.128936194351109,-0.0625671038390498,Take,Take,관찰상 방향 뚜렷,TRUE,TRUE,,W per selected current decision; not PA sum
region,0-2,CENTER,ALL,11475,10364,0.90318082788671,2363,9316,680,617,0.891764705882353,0.889617908143574,0.108235294117647,0.110382091856426,0.216873697414126,Take,Swing_including_bunts,1144,970.737958871741,906,0.00394027903602451,9220,9188.70112765592,2337,0.00172716235656128,0.0424984532220204,0.238067822656031,0.143828989755075,0.232151275925052,0.195569369434011,0.0082582082735181,0.179375280342217,0.211763458525804,0.164767203828417,0.226371535039605,Swing_including_bunts,Swing_including_bunts,관찰상 방향 뚜렷,TRUE,TRUE,,W per selected current decision; not PA sum
region_pitch,0-2,CENTER,FB,6499,5969,0.918448992152639,2149,5620,636,599,0.88290506231728,0.878706651030323,0.11709493768272,0.121293348969677,0.2260010051935,Take,Swing_including_bunts,724,610.167638428014,621,0.00548648309865215,5245,5225.63549828658,2078,0.00224694050360727,0.0422610780330658,0.251345120820034,0.140221929399406,0.239822925035639,0.209084042786968,0.0106374838875619,0.188223202834727,0.229944882739208,0.169401223965502,0.248766861608434,Swing_including_bunts,Swing_including_bunts,관찰상 방향 뚜렷,TRUE,TRUE,,W per selected current decision; not PA sum
region_pitch,0-2,CENTER,NFB,4974,4395,0.883594692400483,1951,4191,601,584,0.903297145154805,0.904436860068259,0.096702854845195,0.0955631399317406,0.204477588168373,Take,Swing_including_bunts,420,366.407738882713,378,0.00802064533465223,3975,3963.40655665583,1877,0.00231466474046168,0.0428208405946871,0.220035469358892,0.148727861942329,0.221732146564166,0.177214628764204,0.0122951936853391,0.153101525117476,0.201327732410933,0.131339701040995,0.223089556487413,Swing_including_bunts,Swing_including_bunts,관찰상 방향 뚜렷,TRUE,TRUE,,W per selected current decision; not PA sum
count,1-0,ALL,ALL,72408,68052,0.939840901557839,2427,68052,753,629,0.423792951055132,0.442455769117734,0.576207048944868,0.557544230882266,0.362957591253747,Take,Swing_including_bunts,37942,27626.4406337832,2427,0.00113464833727836,30110,18679.2174517385,2427,0.00109223476627218,0.364252205402482,0.323114553309778,0.362267656811317,0.319784845856409,-0.0411376520927048,0.0049324424574518,-0.050809887234816,-0.0314654169505937,-0.0595343295962684,-0.0227409745891413,Take,Take,관찰상 방향 뚜렷,TRUE,TRUE,,W per selected current decision; not PA sum
region,1-0,HIGH,ALL,5865,5145,0.877237851662404,2035,5145,633,547,0.236317135549872,0.264139941690962,0.763682864450128,0.735860058309038,0.404232458697765,Take,Swing_including_bunts,3786,3583.0671696453,1813,0.00200331915457227,1359,983.45874521255,935,0.00572372131964069,0.431447693828735,0.31213495666139,0.417710149821748,0.292881301030699,-0.119312737167346,0.017187742396138,-0.153020151178438,-0.0856053231562534,-0.18343732928442,-0.0551881450502717,Take,Take,관찰상 방향 뚜렷,TRUE,TRUE,,W per selected current decision; not PA sum
region_pitch,1-0,HIGH,FB,4301,3828,0.89002557544757,1802,3828,609,529,0.28760753313183,0.317136886102403,0.71239246686817,0.682863113897597,0.399918234064786,Take,Swing_including_bunts,2614,2474.89578821166,1494,0.00265973228416552,1214,881.517011206317,863,0.00623940145846692,0.43740606151057,0.306362340798332,0.413439773533349,0.290070413050905,-0.131043720712238,0.0214494625653613,-0.173112166663241,-0.0889752747612346,-0.211087028998964,-0.0510004124255113,Take,Take,관찰상 방향 뚜렷,TRUE,TRUE,,W per selected current decision; not PA sum
region_pitch,1-0,HIGH,NFB,1556,1317,0.846401028277635,976,1317,443,417,0.0938303341902314,0.110098709187547,0.906169665809769,0.889901290812453,0.416772209567198,Take,Swing_including_bunts,1172,1109.72048652615,901,0.00386315814384485,145,109.86006174962,137,0.0333535042757072,0.414129067035977,0.328913676117565,0.430122450833131,0.301051444680395,-0.0852153909184115,0.0257750179645416,-0.1357962875921,-0.0346344942447227,-0.181569161057985,0.0111383792211616,Take,,비교 자료 부족,TRUE,FALSE,,W per selected current decision; not PA sum
region,1-0,LOW,ALL,14826,12535,0.845474167003912,2401,12535,697,602,0.192836908134359,0.222257678500199,0.807163091865641,0.777742321499801,0.395413562026326,Take,Swing_including_bunts,9749,9406.8057526763,2366,0.00156139090223643,2786,1910.73303214891,1553,0.00379636358518706,0.41664000962097,0.301595449386084,0.411824849202444,0.278712149290787,-0.115044560234886,0.0126505223354047,-0.139851638961788,-0.0902374815079848,-0.162228374208219,-0.0678607462615534,Take,Take,관찰상 방향 뚜렷,TRUE,TRUE,,W per selected current decision; not PA sum
region_pitch,1-0,LOW,FB,7394,6123,0.828103868001082,2156,6123,647,582,0.126724371111712,0.149763187979749,0.873275628888288,0.850236812020252,0.388420055528336,Take,Swing_including_bunts,5206,5013.25224732441,2089,0.0021066612460114,917,627.565450995912,718,0.0110842380792506,0.397668594723306,0.295568157899628,0.404219832096763,0.275153299388871,-0.102100436823678,0.0152188157811805,-0.131945530101524,-0.0722553435458316,-0.158873459127463,-0.0453274145198932,Take,Take,관찰상 방향 뚜렷,TRUE,TRUE,,W per selected current decision; not PA sum
region_pitch,1-0,LOW,NFB,7420,6412,0.864150943396226,2199,6412,642,539,0.258625336927224,0.291484716157205,0.741374663072776,0.708515283842795,0.402091859014348,Take,Swing_including_bunts,4543,4393.55805791778,2014,0.00235407638831842,1869,1284.12998928702,1223,0.00541494855770409,0.434756349829704,0.307351080354825,0.419087094950741,0.282110595633494,-0.127405269474878,0.0193318682720434,-0.165315910960802,-0.0894946279889547,-0.199519389273345,-0.0552911496764117,Take,Take,관찰상 방향 뚜렷,TRUE,TRUE,,W per selected current decision; not PA sum
region,1-0,INSIDE,ALL,9134,8140,0.891175826582001,2307,8140,683,580,0.308189183271294,0.339434889434889,0.691810816728706,0.660565110565111,0.376305773955774,Take,Swing_including_bunts,5377,5030.27951729487,2130,0.00186256050583123,2763,1904.60529001062,1582,0.00324564951686105,0.405490533577305,0.291450231419624,0.392135898329582,0.298142867725097,-0.114040302157682,0.0154387376513971,-0.144315562544468,-0.0837650417708956,-0.171627218715508,-0.0564533855998557,Take,Take,관찰상 방향 뚜렷,TRUE,TRUE,,W per selected current decision; not PA sum
region_pitch,1-0,INSIDE,FB,6580,5927,0.900759878419453,2160,5927,641,562,0.335258358662614,0.366289859962882,0.664741641337386,0.633710140037118,0.365094820313818,Take,Swing_including_bunts,3756,3511.51394215114,1860,0.00230009157528118,2171,1528.49418719504,1379,0.00415554042992557,0.395853517820054,0.282027423891075,0.388525381801231,0.297302779831106,-0.113826093928979,0.0182531536951037,-0.14962168507721,-0.0780305027807486,-0.181918342407563,-0.0457338454503949,Take,Take,관찰상 방향 뚜렷,TRUE,TRUE,,W per selected current decision; not PA sum
region_pitch,1-0,INSIDE,NFB,2549,2213,0.868183601412319,1417,2213,549,466,0.237740290309925,0.267510167193855,0.762259709690075,0.732489832806146,0.406331676457298,Take,Swing_including_bunts,1621,1521.07481811169,1151,0.0035423168426422,592,380.677807000777,515,0.0117572527543023,0.431301013646547,0.316687005130293,0.401805817653367,0.300392845559569,-0.114614008516254,0.0286945418766083,-0.170902390473057,-0.0583256265594513,-0.221754113938185,-0.00747390309432312,Take,Take,관찰상 방향 뚜렷,TRUE,TRUE,,W per selected current decision; not PA sum
region,1-0,OUTSIDE,ALL,19311,17031,0.881932577287556,2424,17031,725,612,0.21485163896225,0.237508073513006,0.785148361037751,0.762491926486994,0.380346603252892,Take,Swing_including_bunts,12986,12234.1433292706,2412,0.00124628031030664,4045,2733.81767023585,1930,0.00287322420130881,0.39484252014595,0.300559568389588,0.395280928297884,0.2980258109516,-0.0942829517563614,0.0095023616167279,-0.112916546280145,-0.0756493572325777,-0.129724260138819,-0.0588416433739036,Take,Take,관찰상 방향 뚜렷,TRUE,TRUE,,W per selected current decision; not PA sum
region_pitch,1-0,OUTSIDE,FB,11685,10315,0.88275566966196,2366,10315,694,605,0.19323919554985,0.21308773630635,0.80676080445015,0.78691226369365,0.377822491517208,Take,Swing_including_bunts,8117,7639.72426671045,2313,0.00152563548057476,2198,1571.74812151502,1400,0.0039394368822261,0.387639921685573,0.295734477480832,0.388807140635133,0.295237219901599,-0.0919054442047411,0.011101002158615,-0.113674149364318,-0.0701367390451638,-0.133310820785704,-0.0505000676237782,Take,Take,관찰상 방향 뚜렷,TRUE,TRUE,,W per selected current decision; not PA sum
region_pitch,1-0,OUTSIDE,NFB,7607,6716,0.882871039831734,2229,6716,648,533,0.247798080715131,0.275014889815366,0.752201919284869,0.724985110184634,0.384223347230494,Take,Swing_including_bunts,4869,4597.19284875413,2059,0.00262810107376033,1847,1186.16686005636,1234,0.00507965241597075,0.405904879157086,0.307970350510468,0.405223918134286,0.30230876459674,-0.097934528646618,0.0164122938532832,-0.130119517888998,-0.0657495394042378,-0.159156295853902,-0.0367127614393341,Take,Take,관찰상 방향 뚜렷,TRUE,TRUE,,W per selected current decision; not PA sum
region,1-0,CENTER,ALL,31841,31367,0.98511353286643,2427,31367,741,627,0.639678402060237,0.640450154621099,0.360321597939763,0.359549845378901,0.340040679695221,Take,Swing_including_bunts,11278,9363.84708091191,2408,0.00165820919645697,20089,19168.1182312518,2426,0.00108780578046089,0.317363200875259,0.351828616271616,0.321711372840686,0.347203186773452,0.0344654153963566,0.00719392437918385,0.0203585446542742,0.0485722861384391,0.00763402143069025,0.061296809362023,Swing_including_bunts,Swing_including_bunts,관찰상 방향 뚜렷,TRUE,TRUE,,W per selected current decision; not PA sum
region_pitch,1-0,CENTER,FB,21253,20868,0.981884910365596,2426,20868,724,623,0.667764550886934,0.669110599961664,0.332235449113066,0.330889400038336,0.338964491086832,Take,Swing_including_bunts,6905,5699.66170201714,2282,0.00201260652957358,13963,13396.2456326963,2421,0.00127527843367423,0.315572209590395,0.349572669167983,0.31916310717932,0.345043165913995,0.0340004595775881,0.00891883874578269,0.0165111276604989,0.0514897914946773,0.000735580094119948,0.0672653390610563,Swing_including_bunts,Swing_including_bunts,관찰상 방향 뚜렷,TRUE,TRUE,,W per selected current decision; not PA sum
region_pitch,1-0,CENTER,NFB,10567,10499,0.993564871770607,2368,10499,674,571,0.583136178669443,0.583484141346795,0.416863821330557,0.416515858653205,0.342179731402991,Take,Swing_including_bunts,4373,3972.61299514633,1972,0.00223800197171056,6126,5868.00909793525,2197,0.00182402354138074,0.320923007155147,0.35631257704489,0.326776351202566,0.351496482829758,0.0353895698897428,0.0111142902385485,0.0135948166658172,0.0571843231136684,-0.0060653144788081,0.0768444542582937,Swing_including_bunts,Swing_including_bunts,차이 불명확,TRUE,TRUE,,W per selected current decision; not PA sum
count,1-1,ALL,ALL,73985,70410,0.951679394471853,2427,70410,751,635,0.534716496587146,0.544595938076978,0.465283503412854,0.455404061923022,0.305046357051555,Take,Swing_including_bunts,32065,17329.7167020186,2427,0.00112145924976551,38345,23884.274501147,2427,0.0011632029225085,0.294699999393932,0.268313017111299,0.29967768012922,0.265594764052132,-0.0263869822826331,0.00452336037423979,-0.0352570310565539,-0.0175169335087123,-0.0432578941594801,-0.00951607040578609,Take,Take,관찰상 방향 뚜렷,TRUE,TRUE,,W per selected current decision; not PA sum
region,1-1,HIGH,ALL,6800,6355,0.934558823529412,2178,6355,657,563,0.326764705882353,0.343194335169158,0.673235294117647,0.656805664830842,0.317248308418568,Take,Swing_including_bunts,4174,3355.31498659594,1960,0.00234675700304273,2181,1562.59672977657,1272,0.00409096160885003,0.345403194771801,0.233070472377627,0.352414410822276,0.24107072125684,-0.112332722394174,0.0133879015275383,-0.138587123954603,-0.086078320833745,-0.162274739988606,-0.0623907047997414,Take,Take,관찰상 방향 뚜렷,TRUE,TRUE,,W per selected current decision; not PA sum
region_pitch,1-1,HIGH,FB,5065,4775,0.942744323790721,1981,4775,617,547,0.3822309970385,0.398534031413613,0.617769002961501,0.601465968586387,0.311416753926702,Take,Swing_including_bunts,2872,2431.49032951699,1647,0.0024194089159584,1903,1366.75223275336,1183,0.00453304887690612,0.349335122783725,0.231055239047526,0.349361549207085,0.24113514991943,-0.118279883736199,0.015978555954394,-0.149616433616877,-0.0869433338555209,-0.177896179035325,-0.0586635884370734,Take,Take,관찰상 방향 뚜렷,TRUE,TRUE,,W per selected current decision; not PA sum
region_pitch,1-1,HIGH,NFB,1726,1580,0.915411355735805,1104,1580,471,448,0.163383545770568,0.175949367088608,0.836616454229432,0.824050632911392,0.334872151898734,Take,Swing_including_bunts,1302,989.299327030165,962,0.00577576878161644,278,215.913249983906,251,0.0214098067338686,0.333520311064878,0.239160813612584,0.361640622349199,0.240876008051861,-0.094359497452294,0.0252837926335807,-0.14396925809158,-0.044749736813008,-0.188835013290214,0.000116018385626096,Take,Take,차이 불명확,TRUE,TRUE,,W per selected current decision; not PA sum
region,1-1,LOW,ALL,16608,14987,0.902396435452794,2413,14987,708,608,0.284019749518304,0.306932674984987,0.715980250481696,0.693067325015013,0.327961833589111,Take,Swing_including_bunts,10387,9063.39278950002,2375,0.0018725696005313,4600,2883.29884605424,1961,0.00390736608213279,0.360836303480386,0.241125942112644,0.349065096421761,0.219089574435601,-0.119710361367742,0.010056565821511,-0.139430763988003,-0.0999899587474807,-0.157218968336797,-0.0822017543986871,Take,Take,관찰상 방향 뚜렷,TRUE,TRUE,,W per selected current decision; not PA sum
region_pitch,1-1,LOW,FB,5800,5143,0.886724137931035,2039,5143,633,561,0.166551724137931,0.181800505541513,0.833448275862069,0.818199494458487,0.335796616760646,Take,Swing_including_bunts,4208,3671.35693659226,1911,0.00254643947211082,935,605.665115787195,718,0.0113611854689494,0.347927156560864,0.22976413502877,0.343413911421324,0.2211944241772,-0.118163021532094,0.0142760638220319,-0.146160219783065,-0.0901658232811217,-0.171424436573357,-0.0649016064908302,Take,Take,관찰상 방향 뚜렷,TRUE,TRUE,,W per selected current decision; not PA sum
region_pitch,1-1,LOW,NFB,10794,9844,0.911988141560126,2364,9844,679,586,0.347044654437651,0.372308004876067,0.652955345562349,0.627691995123933,0.323868549370175,Take,Swing_including_bunts,6179,5392.03666150719,2190,0.00215188540707777,3665,2278.09599882327,1803,0.00331364656090888,0.367580690173509,0.247061920762823,0.352017559288203,0.217989895217697,-0.120518769410686,0.0134206496774141,-0.146836239519648,-0.0942012993017234,-0.170576213418035,-0.0704613254033366,Take,Take,관찰상 방향 뚜렷,TRUE,TRUE,,W per selected current decision; not PA sum
region,1-1,INSIDE,ALL,12305,11494,0.934091832588379,2390,11494,692,600,0.373750507923608,0.392552636157995,0.626249492076392,0.607447363842005,0.312894640682095,Take,Swing_including_bunts,6982,5556.38326583301,2268,0.00219062916586796,4512,2950.60697878334,2004,0.00255285647288891,0.340526954597236,0.250769525082579,0.332456720547347,0.24474210657846,-0.089757429514657,0.0118445243580277,-0.112984038114292,-0.0665308209150216,-0.133935354302265,-0.0455795047270493,Take,Take,관찰상 방향 뚜렷,TRUE,TRUE,,W per selected current decision; not PA sum
region_pitch,1-1,INSIDE,FB,8597,8163,0.949517273467489,2300,8163,661,586,0.387228102826567,0.401445546980277,0.612771897173433,0.598554453019723,0.309584588999142,Take,Swing_including_bunts,4886,4028.49234738376,2066,0.00222746634820253,3277,2273.37582805358,1733,0.00318116358008565,0.334459431813761,0.246465183210099,0.329467065293701,0.249391006035639,-0.0879942486036621,0.0134091000590542,-0.114289445408351,-0.0616990517989734,-0.138010806845775,-0.0379776903615492,Take,Take,관찰상 방향 뚜렷,TRUE,TRUE,,W per selected current decision; not PA sum
region_pitch,1-1,INSIDE,NFB,3703,3331,0.899540912773427,1760,3331,589,526,0.342155009451796,0.370759531672171,0.657844990548204,0.629240468327829,0.321006304413089,Take,Swing_including_bunts,2096,1582.33046980078,1364,0.00424746651993464,1235,706.688140769118,961,0.00723396818062393,0.355396119557161,0.261317811694725,0.339783215844708,0.233349441832453,-0.0940783078624361,0.0242956389648935,-0.14172967364611,-0.0464269420787617,-0.184747214328609,-0.0034094013962629,Take,Take,관찰상 방향 뚜렷,TRUE,TRUE,,W per selected current decision; not PA sum
region,1-1,OUTSIDE,ALL,19212,17808,0.926920674578388,2426,17808,727,617,0.299812617114304,0.31631850853549,0.700187382885696,0.68368149146451,0.314285826594789,Take,Swing_including_bunts,12175,9740.62414662465,2407,0.00136482713394716,5633,3615.13321831511,2160,0.00240763604407348,0.326997679543275,0.244873212856608,0.333052459951469,0.239258683679529,-0.0821244666866677,0.0082941711988088,-0.0983888613245593,-0.0658600720487759,-0.113059503546045,-0.0511894298272906,Take,Take,관찰상 방향 뚜렷,TRUE,TRUE,,W per selected current decision; not PA sum
region_pitch,1-1,OUTSIDE,FB,9268,8626,0.930729391454467,2328,8626,680,600,0.271148036253776,0.284488754926965,0.728851963746224,0.715511245073035,0.31506573150939,Take,Swing_including_bunts,6172,5003.79490932644,2198,0.00187830041565345,2454,1738.64712246643,1477,0.00405983795025702,0.320280279203233,0.250900151537935,0.325781882137115,0.243099640627367,-0.0693801276652974,0.0109292468757483,-0.0908122054916999,-0.0479480498388949,-0.110145925693794,-0.0286143296368012,Take,Take,관찰상 방향 뚜렷,TRUE,TRUE,,W per selected current decision; not PA sum
region_pitch,1-1,OUTSIDE,NFB,9926,9182,0.925045335482571,2352,9182,682,582,0.326516220028209,0.346220866913526,0.673483779971791,0.653779133086474,0.313553147462426,Take,Swing_including_bunts,6003,4750.30612022978,2185,0.00244912392904595,3179,1905.88181124542,1738,0.00346624891649188,0.333308319418379,0.239211224938384,0.339882780603464,0.235650309182463,-0.0940970944799959,0.0123094203741679,-0.118235542165006,-0.069958646794986,-0.140010153048618,-0.0481840359113742,Take,Take,관찰상 방향 뚜렷,TRUE,TRUE,,W per selected current decision; not PA sum
region,1-1,CENTER,ALL,29477,28570,0.969230247311463,2426,28570,735,628,0.810767717203243,0.809275463773189,0.189232282796757,0.190724536226811,0.292395239761988,Take,Swing_including_bunts,5449,4397.2849734155,2139,0.00214298744373098,23121,22873.2070053231,2425,0.000997090161584933,0.23054776994969,0.304945704917189,0.250007283259463,0.30186213909082,0.074397934967499,0.00805193627729605,0.0586085491356865,0.0901873207993116,0.0443663694792822,0.104429500455716,Swing_including_bunts,Swing_including_bunts,관찰상 방향 뚜렷,TRUE,TRUE,,W per selected current decision; not PA sum
region_pitch,1-1,CENTER,FB,17181,16478,0.959082707642163,2419,16478,712,622,0.829695593970083,0.827163490714893,0.170304406029917,0.172836509285107,0.295059958732856,Take,Swing_including_bunts,2848,2220.75626971773,1657,0.00297449500270971,13630,13475.7191937896,2409,0.00123252519117752,0.23953038188148,0.305271640209747,0.251953935230215,0.300667336562364,0.0657412583282675,0.0108013634387558,0.0445603726980335,0.0869221439585015,0.0254548870171047,0.10602762963943,Swing_including_bunts,Swing_including_bunts,관찰상 방향 뚜렷,TRUE,TRUE,,W per selected current decision; not PA sum
region_pitch,1-1,CENTER,NFB,12272,12092,0.985332464146023,2398,12092,701,609,0.784224250325945,0.784899106847503,0.215775749674055,0.215100893152497,0.2887639761826,Take,Swing_including_bunts,2601,2202.30449969504,1568,0.00300778649381912,9491,9401.68323199731,2360,0.00143725576279651,0.218306992624843,0.304501546651328,0.247354543334384,0.30349031938059,0.0861945540264848,0.0122884911427485,0.0620973862071112,0.110291721845858,0.0403609520601867,0.132028155992783,Swing_including_bunts,Swing_including_bunts,관찰상 방향 뚜렷,TRUE,TRUE,,W per selected current decision; not PA sum
count,1-2,ALL,ALL,68323,63197,0.924974020461631,2427,50350,735,632,0.575911479296869,0.572210706204408,0.424088520703131,0.427789293795592,0.224414006994003,Take,Swing_including_bunts,27035,12608.448467516,2427,0.00130871120681194,36162,23922.8532734229,2427,0.00133910247933013,0.190277083759869,0.176309417638014,0.221000055984051,0.184004295749473,-0.0139676661218556,0.0036262981472256,-0.0210786276136371,-0.0068567046300741,-0.0274927782993921,-0.000442553944319125,Take,Take,관찰상 방향 뚜렷,TRUE,TRUE,,W per selected current decision; not PA sum
region,1-2,HIGH,ALL,9911,9502,0.958732721218848,2319,9118,663,587,0.408636868126324,0.419595874552726,0.591363131873676,0.580404125447274,0.237263944432751,Take,Swing_including_bunts,5515,3620.59208337152,2120,0.00284874196817843,3987,2840.5870709096,1749,0.0036953518248575,0.266122364578105,0.167066287688089,0.259992302457859,0.180306494735319,-0.0990560768900156,0.0104406145793018,-0.119529995988724,-0.0785821577913076,-0.137999531377133,-0.0601126224028978,Take,Take,관찰상 방향 뚜렷,TRUE,TRUE,,W per selected current decision; not PA sum
region_pitch,1-2,HIGH,FB,8744,8402,0.960887465690759,2270,8106,648,574,0.421546203110705,0.432635086884075,0.578453796889296,0.567364913115925,0.237735301118781,Take,Swing_including_bunts,4767,3445.98876747437,2015,0.00280064675666177,3635,2610.08323049986,1675,0.00393679701728764,0.270422543650304,0.169046470339851,0.258616446434039,0.184686557653105,-0.101376073310453,0.011057623853372,-0.123060184782593,-0.0796919618383133,-0.142622400303052,-0.0601297463178547,Take,Take,관찰상 방향 뚜렷,TRUE,TRUE,,W per selected current decision; not PA sum
region_pitch,1-2,HIGH,NFB,1160,1100,0.948275862068965,827,1092,395,414,0.311206896551724,0.32,0.688793103448276,0.68,0.233663636363636,Take,Swing_including_bunts,748,412.641021755091,618,0.0112538173299087,352,260.049895792993,311,0.0205453427654491,0.233276814973909,0.151941292560726,0.270501340923438,0.146850777794194,-0.0813355224131824,0.0325975549726356,-0.145319311291463,-0.0173517335349024,-0.20327783003203,0.0406067852056652,Take,Take,차이 불명확,TRUE,TRUE,,W per selected current decision; not PA sum
region,1-2,LOW,ALL,19783,18401,0.930142041146439,2421,17851,705,621,0.354091897083354,0.370903755230694,0.645908102916646,0.629096244769306,0.213400793435139,Take,Swing_including_bunts,11576,8311.10941080454,2399,0.00158619280611738,6825,4224.48322613953,2206,0.00241075948630898,0.268950123054496,0.092424774021258,0.263698270137904,0.122409394762317,-0.176525349033238,0.0059507759156443,-0.188194491787978,-0.164856206278499,-0.198720219573828,-0.154330478492649,Take,Take,관찰상 방향 뚜렷,TRUE,TRUE,,W per selected current decision; not PA sum
region_pitch,1-2,LOW,FB,3699,3333,0.901054339010543,1706,3302,568,540,0.209516085428494,0.224122412241224,0.790483914571506,0.775877587758776,0.243809480948095,Take,Swing_including_bunts,2586,1942.42859542222,1540,0.00346326224411696,747,445.537617418938,588,0.011230691786693,0.261710549723792,0.145854795961968,0.261680750439034,0.161246164578324,-0.115855753761824,0.0155570433321969,-0.146368658981567,-0.0853428485420806,-0.173916983429687,-0.0577945240939599,Take,Take,관찰상 방향 뚜렷,TRUE,TRUE,,W per selected current decision; not PA sum
region_pitch,1-2,LOW,NFB,16070,15068,0.937647790914748,2410,14697,687,617,0.386994399502178,0.403371383063446,0.613005600497822,0.596628616936554,0.206674475710114,Take,Swing_including_bunts,8990,6376.92605880617,2341,0.00169363385966357,6078,3804.09344250199,2141,0.00266620129759517,0.270551496688106,0.0806062006785193,0.26414453992529,0.113818808500255,-0.189945296009587,0.00633377457583488,-0.202365506352898,-0.177525085666276,-0.213568819377445,-0.16632177264173,Take,Take,관찰상 방향 뚜렷,TRUE,TRUE,,W per selected current decision; not PA sum
region,1-2,INSIDE,ALL,11315,10671,0.943084401237296,2375,10229,681,593,0.404065399911622,0.417674069909099,0.595934600088378,0.582325930090901,0.239781463780339,Take,Swing_including_bunts,6214,3842.33323040516,2219,0.00290162372611567,4457,2800.7449197271,1965,0.00278278025872659,0.254384156926506,0.159617573180535,0.252637760838204,0.164183625040661,-0.094766583745971,0.00925515970817633,-0.112915616502012,-0.0766175509899299,-0.129286988425476,-0.0602461790664659,Take,Take,관찰상 방향 뚜렷,TRUE,TRUE,,W per selected current decision; not PA sum
region_pitch,1-2,INSIDE,FB,6257,6013,0.961003675883011,2166,5869,630,555,0.406105162218315,0.415100615333444,0.593894837781685,0.584899384666556,0.246384001330451,Take,Swing_including_bunts,3517,2422.17138874802,1826,0.00295245139129172,2496,1715.81809747319,1483,0.00404939625950313,0.245168917610328,0.19510978699822,0.245443727634599,0.19298360240643,-0.050059130612108,0.0124139668713748,-0.0744036685101049,-0.0257145927141112,-0.0963684365141244,-0.00374982471009169,Take,Take,관찰상 방향 뚜렷,TRUE,TRUE,,W per selected current decision; not PA sum
region_pitch,1-2,INSIDE,NFB,5050,4658,0.922376237623762,2002,4569,605,550,0.401386138613861,0.42099613568055,0.598613861386139,0.57900386431945,0.231258265349936,Take,Swing_including_bunts,2697,1495.13928696114,1577,0.00546825743081839,1961,1117.61507887603,1296,0.00529957257820313,0.266280085223667,0.113800767322711,0.261924519458486,0.127005809690646,-0.152479317900956,0.0136549636246466,-0.179258752989882,-0.125699882812029,-0.203425240929655,-0.101533394872256,Take,Take,관찰상 방향 뚜렷,TRUE,TRUE,,W per selected current decision; not PA sum
region,1-2,OUTSIDE,ALL,21357,20032,0.937959451233788,2426,18977,716,622,0.39598258182329,0.40904552715655,0.60401741817671,0.590954472843451,0.219139426916933,Take,Swing_including_bunts,11838,7597.14686640621,2408,0.00166567278698981,8194,5355.73755522386,2306,0.00196624434335264,0.226702401745158,0.144909011704601,0.249133265854551,0.151106398474526,-0.0817933900405565,0.00580506853229351,-0.0931767969230656,-0.0704099831580475,-0.10344474069552,-0.0601420393855929,Take,Take,관찰상 방향 뚜렷,TRUE,TRUE,,W per selected current decision; not PA sum
region_pitch,1-2,OUTSIDE,FB,9500,8934,0.940421052631579,2333,8681,673,600,0.355473684210526,0.367136780837251,0.644526315789474,0.632863219162749,0.230340832773674,Take,Swing_including_bunts,5654,3867.16047327102,2143,0.00237461034791082,3280,2286.87977332773,1720,0.00333156653657595,0.218137435503007,0.183794081920095,0.242630619295303,0.182690333237772,-0.0343433535829117,0.00938074618447315,-0.0527388258651708,-0.0159478813006526,-0.069333165533322,0.000646458367498513,Take,Take,차이 불명확,TRUE,TRUE,,W per selected current decision; not PA sum
region_pitch,1-2,OUTSIDE,NFB,11837,11098,0.937568640702881,2391,10812,688,609,0.428233505111092,0.44278248333033,0.571766494888908,0.55721751666967,0.210122184177329,Take,Swing_including_bunts,6184,3797.9099166949,2209,0.00266747004553982,4914,3076.1935782068,2035,0.0029169245402251,0.233597284463429,0.113606144764142,0.254367960787001,0.125681017939759,-0.119991139699288,0.00745927458857582,-0.134618456873382,-0.105363822525193,-0.147812861111598,-0.0921694182869771,Take,Take,관찰상 방향 뚜렷,TRUE,TRUE,,W per selected current decision; not PA sum
region,1-2,CENTER,ALL,20330,17677,0.86950319724545,2423,15629,706,623,0.910526315789474,0.905640097301578,0.0894736842105263,0.0943599026984216,0.232456412287153,Take,Swing_including_bunts,1668,1427.52320915874,1184,0.0038621610442408,16009,15968.307741528,2418,0.00127762657286494,0.0493063032650007,0.25159178901091,0.150536567745908,0.249673189792923,0.202285485745909,0.0062971521138848,0.189937123508186,0.214633847983632,0.178798750497048,0.22577222099477,Swing_including_bunts,Swing_including_bunts,관찰상 방향 뚜렷,TRUE,TRUE,,W per selected current decision; not PA sum
region_pitch,1-2,CENTER,FB,11299,10125,0.89609699973449,2372,9458,670,607,0.896805026993539,0.890666666666667,0.103194973006461,0.109333333333333,0.225943012345679,Take,Swing_including_bunts,1107,946.949903479096,868,0.00516924572887392,9018,8992.32631197572,2339,0.00159940174460754,0.0448937710301015,0.248135751291245,0.143619756428701,0.244126223043323,0.203241980261144,0.00760112924039247,0.188336431685682,0.218147528836606,0.174890813328333,0.231593147193955,Swing_including_bunts,Swing_including_bunts,관찰상 방향 뚜렷,TRUE,TRUE,,W per selected current decision; not PA sum
region_pitch,1-2,CENTER,NFB,9022,7552,0.837064952338728,2276,7198,668,592,0.927621369984482,0.925715042372881,0.0723786300155176,0.0742849576271186,0.241188956567797,Take,Swing_including_bunts,561,502.323626697935,493,0.0087642116071736,6991,6976.82753287108,2244,0.00156974317992177,0.055222204864359,0.256225314158103,0.159809967452835,0.257110032793414,0.201003109293744,0.0101493197391428,0.181100219330375,0.220905999257113,0.163145034605654,0.238861183981834,Swing_including_bunts,Swing_including_bunts,관찰상 방향 뚜렷,TRUE,TRUE,,W per selected current decision; not PA sum
count,2-0,ALL,ALL,24943,23655,0.948362265966403,2427,23655,735,615,0.442208234775288,0.459184104840414,0.557791765224712,0.540815895159586,0.431022320862397,Take,Swing_including_bunts,12793,8884.18668102991,2407,0.00206528016839747,10862,6860.26691983164,2407,0.0019793519383825,0.428291496728534,0.391625380592304,0.427880625184195,0.373938951939916,-0.0366661161362306,0.00839691849798887,-0.0531319889532546,-0.0202002433192065,-0.0679843530875469,-0.00534787918491426,Take,Take,관찰상 방향 뚜렷,TRUE,TRUE,,W per selected current decision; not PA sum
region,2-0,HIGH,ALL,2147,1915,0.891942244993014,1259,1915,538,464,0.231020027945971,0.255874673629243,0.768979972054029,0.744125326370757,0.483481462140992,Take,Swing_including_bunts,1425,1357.72293157679,1012,0.00361456934127123,490,334.953890462813,422,0.0147951432232505,0.518893968647996,0.364373303547568,0.495996790150831,0.346056883987915,-0.154520665100429,0.0289346521697145,-0.211286156368426,-0.0977551738324315,-0.262593001545384,-0.0464483286554731,Take,Take,관찰상 방향 뚜렷,TRUE,TRUE,,W per selected current decision; not PA sum
region_pitch,2-0,HIGH,FB,1817,1622,0.892680242157402,1120,1622,515,448,0.255916345624656,0.283600493218249,0.744083654375344,0.716399506781751,0.47627990135635,Take,Swing_including_bunts,1162,1103.65551012174,872,0.00412492491880542,460,312.653525726471,399,0.0155532743268165,0.515708304080937,0.366888926222489,0.495647877837984,0.34615183238984,-0.148819377858448,0.0333215848098707,-0.21419920066331,-0.0834395550535854,-0.273322923303016,-0.0243158324138796,Take,Take,관찰상 방향 뚜렷,TRUE,TRUE,,W per selected current decision; not PA sum
region_pitch,2-0,HIGH,NFB,329,293,0.890577507598784,272,293,187,197,0.0911854103343465,0.102389078498294,0.908814589665653,0.897610921501707,0.523348122866894,Take,Swing_including_bunts,263,254.088274623581,243,0.0103004832587576,30,26.0334746804242,30,0.068903399696969,0.536529285807623,0.350447228534863,0.497928311555056,0.345531265189543,-0.18608205727276,0.0406364199578498,-0.266085265635949,-0.10607884890957,-0.339514116374272,-0.0326499981712475,Take,,비교 자료 부족,TRUE,FALSE,,W per selected current decision; not PA sum
region,2-0,LOW,ALL,4257,3633,0.853417899929528,1843,3633,603,509,0.182053089029833,0.208367740159648,0.817946910970167,0.791632259840352,0.485075419763281,Take,Swing_including_bunts,2876,2780.64082311258,1641,0.00284656826348093,757,553.954044337296,634,0.00672134722297515,0.505847446761866,0.398434783560746,0.488833874245086,0.334076829043627,-0.107412663201119,0.0230319304159516,-0.152584098795677,-0.062241227606562,-0.193357337835724,-0.0214679885665151,Take,Take,관찰상 방향 뚜렷,TRUE,TRUE,,W per selected current decision; not PA sum
region_pitch,2-0,LOW,FB,2849,2415,0.847665847665848,1457,2415,550,484,0.135837135837136,0.15776397515528,0.864162864162864,0.842236024844721,0.485193788819876,Take,Swing_including_bunts,2034,1961.9861095774,1316,0.00343860244227642,381,273.908899925781,346,0.0128638900589897,0.501523090359766,0.376029513738578,0.488503687663663,0.335664244607952,-0.125493576621188,0.0257619681684115,-0.176028114882446,-0.0749590383599292,-0.221677044026487,-0.0293101092158887,Take,Take,관찰상 방향 뚜렷,TRUE,TRUE,,W per selected current decision; not PA sum
region_pitch,2-0,LOW,NFB,1403,1218,0.868139700641483,923,1218,392,360,0.27583749109052,0.308702791461412,0.72416250890948,0.691297208538588,0.484840722495895,Take,Swing_including_bunts,842,818.6954804716,690,0.00497721617539316,376,280.045607873033,340,0.0115671976387873,0.514421601697064,0.442859025449528,0.48948855453584,0.330929367148843,-0.0715625762475357,0.0453805092317363,-0.160623653103831,0.0174985006087598,-0.241244106100047,0.0981189536049761,Take,Take,차이 불명확,TRUE,TRUE,,W per selected current decision; not PA sum
region,2-0,INSIDE,ALL,2950,2658,0.901016949152542,1588,2658,580,506,0.310169491525424,0.337095560571859,0.689830508474576,0.662904439428142,0.470413468773514,Take,Swing_including_bunts,1762,1636.46801620943,1239,0.00326014794830344,896,616.003503030349,727,0.0085106447266256,0.502930012704666,0.390498096158372,0.47254319565515,0.3526420680192,-0.112431916546294,0.0297829950075097,-0.170850067573278,-0.0540137655193095,-0.223604593010566,-0.00125924008202109,Take,Take,관찰상 방향 뚜렷,TRUE,TRUE,,W per selected current decision; not PA sum
region_pitch,2-0,INSIDE,FB,2403,2191,0.911776945484811,1414,2191,546,484,0.328755722014149,0.3555454130534,0.671244277985851,0.6444545869466,0.463858512094934,Take,Swing_including_bunts,1412,1313.19741606305,1056,0.00350705459099309,779,534.236471002492,645,0.00984088527935137,0.497266376503328,0.383977568479577,0.472692712006402,0.353334682917287,-0.113288808023751,0.0336581718553049,-0.179314168617867,-0.047263447429635,-0.238962890448863,0.0123852744013605,Take,Take,차이 불명확,TRUE,TRUE,,W per selected current decision; not PA sum
region_pitch,2-0,INSIDE,NFB,546,467,0.855311355311355,414,467,252,261,0.227106227106227,0.250535331905782,0.772893772893773,0.749464668094218,0.501167023554604,Take,Swing_including_bunts,350,324.39330352511,318,0.00931331542520152,117,81.7976864417499,114,0.0291759802830141,0.529501804818439,0.421090122163171,0.471841717441885,0.349392562148302,-0.108411682655268,0.0608896932219958,-0.228104048472046,0.0112806831615095,-0.337223238580714,0.120399873270178,Take,,비교 자료 부족,TRUE,FALSE,,W per selected current decision; not PA sum
region,2-0,OUTSIDE,ALL,6121,5477,0.894788433262539,2124,5477,655,543,0.207972553504329,0.228409713346723,0.792027446495671,0.771590286653277,0.457017162680299,Take,Swing_including_bunts,4226,3986.70255639781,1961,0.00222738118989057,1251,912.326514169722,977,0.00548486581388171,0.474662741013096,0.353426712947427,0.473345043606613,0.354072188611692,-0.121236028065669,0.016052712099261,-0.152716713226517,-0.0897553429048203,-0.181121417460489,-0.0613506386708481,Take,Take,관찰상 방향 뚜렷,TRUE,TRUE,,W per selected current decision; not PA sum
region_pitch,2-0,OUTSIDE,FB,4693,4200,0.894949925420839,1938,4200,630,531,0.198380566801619,0.218095238095238,0.801619433198381,0.781904761904762,0.456110714285714,Take,Swing_including_bunts,3284,3090.22181472459,1745,0.0028691830700092,916,677.959068689925,752,0.00658232934017527,0.470503373785931,0.361149616398421,0.472518125953819,0.35538599420932,-0.10935375738751,0.0180989656664968,-0.144849257931591,-0.0738582568434286,-0.176884160018531,-0.0418233547564889,Take,Take,관찰상 방향 뚜렷,TRUE,TRUE,,W per selected current decision; not PA sum
region_pitch,2-0,OUTSIDE,NFB,1423,1277,0.897399859451862,956,1277,416,382,0.240337315530569,0.262333594361785,0.759662684469431,0.737666405638215,0.459998433829287,Take,Swing_including_bunts,942,896.512911111052,755,0.00665440898255853,335,235.182395841478,306,0.0143437913434246,0.488342727194843,0.328026404024816,0.476064741446655,0.349751136528657,-0.160316323170028,0.0331880308331095,-0.225446211976112,-0.0951864343639438,-0.284391813585136,-0.0362408327549191,Take,Take,관찰상 방향 뚜렷,TRUE,TRUE,,W per selected current decision; not PA sum
region,2-0,CENTER,ALL,11917,11772,0.987832508181589,2406,11772,706,599,0.653184526306957,0.654604145429834,0.346815473693044,0.345395854570167,0.398332568807339,Take,Swing_including_bunts,4066,3268.91745616488,1953,0.00334475887161214,7706,7335.87062536888,2331,0.00182742469287239,0.368407563144643,0.408271741177488,0.38024270732275,0.397033179590396,0.0398641780328452,0.0116278912487758,0.0170624546412518,0.0626659014244387,-0.00350529512255994,0.0832336511882504,Swing_including_bunts,Swing_including_bunts,차이 불명확,TRUE,TRUE,,W per selected current decision; not PA sum
region_pitch,2-0,CENTER,FB,9506,9378,0.986534820113613,2351,9378,688,593,0.674942141805176,0.67658349328215,0.325057858194824,0.32341650671785,0.395799850714438,Take,Swing_including_bunts,3033,2441.18295988325,1710,0.00323596891862666,6345,6050.80517286101,2241,0.00166542936164241,0.365390860364493,0.405562954868965,0.377841845639793,0.397734689189176,0.0401720945044714,0.0133714501854211,0.0139510287103025,0.0663931602986402,-0.0097022757264682,0.0900464647354109,Swing_including_bunts,Swing_including_bunts,차이 불명확,TRUE,TRUE,,W per selected current decision; not PA sum
region_pitch,2-0,CENTER,NFB,2403,2394,0.99625468164794,1440,2394,486,461,0.567207657095298,0.568504594820384,0.432792342904703,0.431495405179616,0.408253968253968,Take,Swing_including_bunts,1033,944.673442561242,803,0.00546504676010821,1361,1310.92137333982,993,0.00360475290725677,0.380224872531544,0.418882851453734,0.389647586546964,0.394285160786154,0.0386579789221896,0.0218482346636494,-0.0041998219687345,0.0815157798131138,-0.0429158535291128,0.120231811373492,Swing_including_bunts,Swing_including_bunts,차이 불명확,TRUE,TRUE,,W per selected current decision; not PA sum
count,2-1,ALL,ALL,38596,36910,0.956316716758213,2427,36910,748,622,0.583195149756452,0.588783527499323,0.416804850243549,0.411216472500677,0.364057220265511,Take,Swing_including_bunts,15178,8106.33980210941,2420,0.00149177446955274,21732,13962.1489404978,2426,0.00128930978925682,0.360514263281193,0.312073196296242,0.375609419735686,0.308677464337468,-0.0484410669849505,0.00675652345875824,-0.0616902197525757,-0.0351919142173253,-0.0736410737135139,-0.0232410602563871,Take,Take,관찰상 방향 뚜렷,TRUE,TRUE,,W per selected current decision; not PA sum
region,2-1,HIGH,ALL,3451,3247,0.940886699507389,1689,3247,606,529,0.349174152419589,0.365260240221743,0.650825847580411,0.634739759778257,0.403359716661534,Take,Swing_including_bunts,2061,1587.65998017819,1344,0.00378766850354493,1186,824.605556555065,871,0.00625759535623632,0.450348711954698,0.278347841967929,0.442257045317066,0.27791640374556,-0.172000869986768,0.0198488187684069,-0.210931754593738,-0.133069985379798,-0.246081281521854,-0.0979204584516824,Take,Take,관찰상 방향 뚜렷,TRUE,TRUE,,W per selected current decision; not PA sum
region_pitch,2-1,HIGH,FB,2624,2475,0.943216463414634,1469,2475,555,514,0.402439024390244,0.419393939393939,0.597560975609756,0.580606060606061,0.391429090909091,Take,Swing_including_bunts,1437,1112.80266386185,1063,0.00448834737617701,1038,718.613528671994,780,0.0069447638005932,0.449973168215759,0.274678310986036,0.436427148989316,0.275292134944777,-0.175294857229723,0.0229845523758682,-0.220380924983399,-0.130208789476047,-0.261106923396381,-0.0894827910630647,Take,Take,관찰상 방향 뚜렷,TRUE,TRUE,,W per selected current decision; not PA sum
region_pitch,2-1,HIGH,NFB,825,772,0.935757575757576,636,772,352,339,0.179393939393939,0.191709844559585,0.820606060606061,0.808290155440415,0.441608808290155,Take,Swing_including_bunts,624,483.035017117443,544,0.0078350878212504,148,118.111703749692,138,0.0274901244501222,0.451552689615154,0.290112206190968,0.460947451290098,0.28632970074289,-0.161440483424186,0.0381082930492886,-0.23627399970018,-0.0866069671481926,-0.304191474009204,-0.0186894928391689,Take,,비교 자료 부족,TRUE,FALSE,,W per selected current decision; not PA sum
region,2-1,LOW,ALL,7256,6671,0.919377067254686,2219,6671,660,551,0.291482910694598,0.312546844551042,0.708517089305403,0.687453155448958,0.415101783840504,Take,Swing_including_bunts,4586,3833.31713404515,2008,0.00197605053029126,2085,1276.1795943656,1332,0.00554891563585348,0.45689340224236,0.291333707169338,0.441194995255004,0.261506914467894,-0.165559695073022,0.0152873045222496,-0.195538620732617,-0.135580769413428,-0.222585413487988,-0.108533976658057,Take,Take,관찰상 방향 뚜렷,TRUE,TRUE,,W per selected current decision; not PA sum
region_pitch,2-1,LOW,FB,3355,3034,0.904321907600596,1660,3034,578,521,0.196125186289121,0.212590639419908,0.803874813710879,0.787409360580092,0.419135135135135,Take,Swing_including_bunts,2389,1960.52015861577,1456,0.00333506423779834,645,445.280948012806,531,0.00942043728813459,0.440073685907082,0.279187667216787,0.428589807930558,0.257506479174121,-0.160886018690295,0.0190133203695838,-0.198178649266404,-0.123593388114187,-0.231850892114641,-0.0899211452659494,Take,Take,관찰상 방향 뚜렷,TRUE,TRUE,,W per selected current decision; not PA sum
region_pitch,2-1,LOW,NFB,3896,3637,0.933521560574949,1802,3637,569,480,0.373459958932238,0.395930712125378,0.626540041067762,0.604069287874622,0.41173714599945,Take,Swing_including_bunts,2197,1877.6778911962,1400,0.00303211496836714,1440,843.869759464698,1043,0.00789845254921745,0.470924477128595,0.301465982455574,0.451710293122028,0.264844093648898,-0.169458494673021,0.0234309895217445,-0.215413273878811,-0.123503715467231,-0.256896299328359,-0.0820206900176826,Take,Take,관찰상 방향 뚜렷,TRUE,TRUE,,W per selected current decision; not PA sum
region,2-1,INSIDE,ALL,5274,4969,0.942169131588927,2089,4969,646,549,0.41998483124763,0.439122559871201,0.58001516875237,0.560877440128799,0.379708190782854,Take,Swing_including_bunts,2787,2169.4901099485,1647,0.00318610802193287,2182,1433.4179208583,1401,0.00404599190525751,0.433808687834773,0.280229148757244,0.420801127034456,0.28228501070696,-0.153579539077529,0.0177990877838695,-0.188485343968309,-0.118673734186749,-0.219981815727192,-0.0871772624278648,Take,Take,관찰상 방향 뚜렷,TRUE,TRUE,,W per selected current decision; not PA sum
region_pitch,2-1,INSIDE,FB,3785,3605,0.952443857331572,1834,3605,611,536,0.441743725231176,0.456588072122053,0.558256274768824,0.543411927877947,0.372046047156727,Take,Swing_including_bunts,1959,1519.09288195747,1326,0.00462644168717296,1646,1149.96823720652,1152,0.00544640813217009,0.421962248866388,0.271099067703453,0.413543725014742,0.282402958335827,-0.150863181162935,0.0193533513037828,-0.188820116099484,-0.112906246226386,-0.223081790615736,-0.0786445717101337,Take,Take,관찰상 방향 뚜렷,TRUE,TRUE,,W per selected current decision; not PA sum
region_pitch,2-1,INSIDE,NFB,1485,1364,0.918518518518519,1018,1364,439,399,0.363636363636364,0.392961876832845,0.636363636363636,0.607038123167155,0.399958944281525,Take,Swing_including_bunts,828,651.674594609508,694,0.00720644042046777,536,303.636414540095,479,0.0127387056117786,0.46511837440444,0.304359604914808,0.439982163897409,0.2819732796204,-0.160758769489633,0.0413903793965186,-0.24197908335728,-0.0795384556219858,-0.315462421017849,-0.00605511796141633,Take,Take,관찰상 방향 뚜렷,TRUE,TRUE,,W per selected current decision; not PA sum
region,2-1,OUTSIDE,ALL,9418,8912,0.946273094075175,2359,8912,693,584,0.333404119770652,0.34762118491921,0.666595880229348,0.65237881508079,0.386910457809695,Take,Swing_including_bunts,5814,4454.12776994973,2196,0.00191643815951835,3098,1945.96094844849,1746,0.00339521114859712,0.420805383214949,0.28087979687132,0.422172707638662,0.280755664204454,-0.13992558634363,0.0119689377974502,-0.163396320814869,-0.11645485187239,-0.184568464962565,-0.0952827077246944,Take,Take,관찰상 방향 뚜렷,TRUE,TRUE,,W per selected current decision; not PA sum
region_pitch,2-1,OUTSIDE,FB,5755,5444,0.945960034752389,2138,5444,643,575,0.311381407471764,0.32365907421014,0.688618592528236,0.67634092578986,0.382340742101396,Take,Swing_including_bunts,3682,2795.44843532,1851,0.00252050652139796,1762,1223.70337269243,1256,0.00593561839623283,0.418338582201917,0.27584108343091,0.412502644224689,0.279407808118423,-0.142497498771007,0.0144262740460556,-0.17078849977498,-0.114206497767034,-0.196314767178629,-0.0886802303633853,Take,Take,관찰상 방향 뚜렷,TRUE,TRUE,,W per selected current decision; not PA sum
region_pitch,2-1,OUTSIDE,NFB,3657,3468,0.948318293683347,1813,3468,589,482,0.368061252392672,0.385236447520185,0.631938747607328,0.614763552479815,0.394083910034602,Take,Swing_including_bunts,2132,1658.699133812,1389,0.00399981865454872,1336,746.760214366863,1015,0.00686556015950345,0.424677720214646,0.288789472756438,0.43735258803822,0.282871502881604,-0.135888247458208,0.0214120229048518,-0.177883092233927,-0.0938934026824886,-0.215790838810195,-0.0559856561062199,Take,Take,관찰상 방향 뚜렷,TRUE,TRUE,,W per selected current decision; not PA sum
region,2-1,CENTER,ALL,17515,16860,0.962603482729089,2424,16860,725,609,0.829060805024265,0.825860023724792,0.170939194975735,0.174139976275208,0.334835765124555,Take,Swing_including_bunts,2936,2387.71705167008,1686,0.00266745637087839,13924,13803.830597368,2418,0.00120864141890873,0.275276760945073,0.344140580764272,0.319142484413806,0.341875601523925,0.0688638198191989,0.0109877525961007,0.047317457466185,0.0904101821722129,0.0278823939489162,0.109845245689482,Swing_including_bunts,Swing_including_bunts,관찰상 방향 뚜렷,TRUE,TRUE,,W per selected current decision; not PA sum
region_pitch,2-1,CENTER,FB,11742,11151,0.949667858967808,2397,11151,703,602,0.855135411343894,0.851313783517173,0.144864588656106,0.148686216482827,0.331049322930679,Take,Swing_including_bunts,1658,1325.28182091828,1190,0.00391065922291517,9493,9417.98370513623,2367,0.00169324158098745,0.272394310865961,0.33902131538401,0.315637284207257,0.340112897146155,0.0666270045180491,0.0131347867309,0.0408702844141912,0.0923837246219071,0.0176368583682068,0.115617150667891,Swing_including_bunts,Swing_including_bunts,관찰상 방향 뚜렷,TRUE,TRUE,,W per selected current decision; not PA sum
region_pitch,2-1,CENTER,NFB,5762,5709,0.990801804928844,2155,5709,624,531,0.775772301284276,0.776142932212296,0.224227698715724,0.223857067787704,0.342231564196882,Take,Swing_including_bunts,1278,1096.03528247653,967,0.00445259567010632,4431,4393.135523267,2003,0.00214523546799787,0.280906853926711,0.354139692387199,0.325988952710046,0.345318571661692,0.0732328384604883,0.0196241028063085,0.0347486791166314,0.111716997804345,2.6057085173517e-05,0.146439619835803,Swing_including_bunts,Swing_including_bunts,관찰상 방향 뚜렷,TRUE,TRUE,,W per selected current decision; not PA sum
count,2-2,ALL,ALL,58821,54346,0.923921728634331,2427,41761,739,623,0.645738766766971,0.635318146689729,0.354261233233029,0.364681853310271,0.274800702903618,Take,Swing_including_bunts,19819,9577.39804134691,2425,0.00165633175019182,34527,24941.8013361471,2427,0.00127488071782197,0.241040538738132,0.211501530124518,0.285119843981363,0.222595564726521,-0.0295390086136133,0.00410870772062219,-0.0375959474521043,-0.0214820697751223,-0.0448633781414309,-0.0142146390857957,Take,Take,관찰상 방향 뚜렷,TRUE,TRUE,,W per selected current decision; not PA sum
region,2-2,HIGH,ALL,6380,6159,0.965360501567398,2126,5859,639,561,0.465047021943574,0.47540185094983,0.534952978056426,0.524598149050171,0.301907290144504,Take,Swing_including_bunts,3231,1990.63296290756,1735,0.00437096924018879,2928,2235.05334909593,1533,0.00382499399455777,0.363889673359593,0.198324101508695,0.345034203013787,0.20585150951273,-0.165565571850898,0.0131351663231727,-0.191324696601704,-0.139806447100092,-0.214566840119807,-0.116564303581989,Take,Take,관찰상 방향 뚜렷,TRUE,TRUE,,W per selected current decision; not PA sum
region_pitch,2-2,HIGH,FB,5170,5017,0.970406189555126,1991,4819,612,546,0.495164410058027,0.5040861072354,0.504835589941973,0.4959138927646,0.300168028702412,Take,Swing_including_bunts,2488,1722.53334981091,1510,0.00407237508636851,2529,1927.63255144206,1423,0.00425579046654013,0.366453325496119,0.203634022211805,0.342355802669372,0.212373694498781,-0.162819303284313,0.0140607706619767,-0.190394679192626,-0.135243927376,-0.2152798096551,-0.110358796913526,Take,Take,관찰상 방향 뚜렷,TRUE,TRUE,,W per selected current decision; not PA sum
region_pitch,2-2,HIGH,NFB,1201,1142,0.950874271440466,851,1131,411,411,0.336386344712739,0.34938704028021,0.663613655287261,0.65061295971979,0.309548161120841,Take,Swing_including_bunts,743,412.523586522077,617,0.0108052109033304,399,361.358285636056,350,0.010341051907754,0.352627114017255,0.174996717824364,0.35680087072651,0.177198442897125,-0.177630396192891,0.0349725348964575,-0.246273046910397,-0.108987745475384,-0.308440448620921,-0.0468203437648602,Take,Take,관찰상 방향 뚜렷,TRUE,TRUE,,W per selected current decision; not PA sum
region,2-2,LOW,ALL,14237,13639,0.957996768982229,2402,13151,701,591,0.386176863103182,0.398049710389325,0.613823136896818,0.601950289610675,0.281568150157636,Take,Swing_including_bunts,8210,6057.96897571334,2317,0.00171671610974899,5429,3517.07797654867,2058,0.00284640109621159,0.361752802323376,0.11502933059054,0.353342498604167,0.158797640667287,-0.246723471732836,0.00736872197715937,-0.26117318558206,-0.232273757883612,-0.274207252498813,-0.21923969096686,Take,Take,관찰상 방향 뚜렷,TRUE,TRUE,,W per selected current decision; not PA sum
region_pitch,2-2,LOW,FB,3779,3571,0.944958983858164,1751,3535,580,531,0.252447737496692,0.265191823018762,0.747552262503308,0.734808176981238,0.315659479137497,Take,Swing_including_bunts,2624,1940.97773559427,1533,0.00336816558845853,947,563.153824427104,728,0.0102246053167278,0.35070628640045,0.166841905231883,0.343600936674644,0.191763751948887,-0.183864381168566,0.0152256410639373,-0.213726742963842,-0.154002019373291,-0.240685576755618,-0.127043185581515,Take,Take,관찰상 방향 뚜렷,TRUE,TRUE,,W per selected current decision; not PA sum
region_pitch,2-2,LOW,NFB,10448,10068,0.963629402756508,2353,9787,676,577,0.434341500765697,0.445172824791418,0.565658499234303,0.554827175208582,0.269476360746921,Take,Swing_including_bunts,5586,4117.03446206509,2149,0.00224543038383561,4482,2999.42380566964,1940,0.00330192102901121,0.365670870297231,0.0966520258582951,0.356797714898399,0.147104952607435,-0.269018844438936,0.00846106774690427,-0.28561077080363,-0.252426918074241,-0.300577863933196,-0.237459824944675,Take,Take,관찰상 방향 뚜렷,TRUE,TRUE,,W per selected current decision; not PA sum
region,2-2,INSIDE,ALL,9484,9136,0.963306621678617,2339,8690,677,578,0.449704765921552,0.460704903677758,0.550295234078448,0.539295096322242,0.304344352014011,Take,Swing_including_bunts,4927,3094.37424089957,2071,0.00280069029633448,4209,2942.67390434301,1909,0.00285206661976593,0.336204329028691,0.188032965560915,0.334178693408253,0.197750451009212,-0.148171363467777,0.0101754861888043,-0.168125279821234,-0.12821744711432,-0.186125368728858,-0.110217358206695,Take,Take,관찰상 방향 뚜렷,TRUE,TRUE,,W per selected current decision; not PA sum
region_pitch,2-2,INSIDE,FB,5660,5509,0.973321554770318,2089,5359,628,554,0.451060070671378,0.459248502450536,0.548939929328622,0.540751497549465,0.305687420584498,Take,Swing_including_bunts,2979,2011.89065876472,1664,0.0031491776978001,2530,1820.72999786068,1473,0.00422127359787662,0.323760424895082,0.210900669023071,0.325178037672598,0.220676128650841,-0.112859755872011,0.0132518972613628,-0.138848061893907,-0.0868714498501149,-0.162298028145683,-0.0634214835983387,Take,Take,관찰상 방향 뚜렷,TRUE,TRUE,,W per selected current decision; not PA sum
region_pitch,2-2,INSIDE,NFB,3816,3627,0.950471698113208,1808,3530,579,516,0.447327044025157,0.462917011304108,0.552672955974843,0.537082988695892,0.302304383788255,Take,Swing_including_bunts,1948,1120.94980078604,1317,0.00593337187242259,1679,1123.13457917788,1152,0.0052141532916752,0.355105202442547,0.153299527906374,0.347849664582149,0.162928957177469,-0.201805674536173,0.0163394543457311,-0.233851881523933,-0.169759467548413,-0.262779463511592,-0.140831885560754,Take,Take,관찰상 방향 뚜렷,TRUE,TRUE,,W per selected current decision; not PA sum
region,2-2,OUTSIDE,ALL,16034,15451,0.963639765498316,2418,14560,714,602,0.454471747536485,0.463076823506569,0.545528252463515,0.536923176493431,0.277705585399003,Take,Swing_including_bunts,8296,5510.11375162549,2332,0.00177423876289781,7155,4912.86231370465,2257,0.00251915961774248,0.308362063519317,0.16978994406926,0.33416208555168,0.187968503747218,-0.138572119450057,0.00699401968936141,-0.152287014117818,-0.124857224782297,-0.164658071948984,-0.11248616695113,Take,Take,관찰상 방향 뚜렷,TRUE,TRUE,,W per selected current decision; not PA sum
region_pitch,2-2,OUTSIDE,FB,7878,7593,0.963823305407464,2254,7326,674,581,0.42980451891343,0.438561833267483,0.57019548108657,0.561438166732517,0.28533688924009,Take,Swing_including_bunts,4263,2951.6556811276,1984,0.00294588765676635,3330,2403.48727828036,1735,0.00355777630637045,0.288714928977275,0.202105895684843,0.323048299155381,0.214538723236137,-0.086609033292432,0.0099291378217618,-0.10608024611887,-0.0671378204659943,-0.123646396974438,-0.049571669610426,Take,Take,관찰상 방향 뚜렷,TRUE,TRUE,,W per selected current decision; not PA sum
region_pitch,2-2,OUTSIDE,NFB,8145,7858,0.964763658686311,2281,7653,665,573,0.478575813382443,0.486765080173072,0.521424186617557,0.513234919826928,0.27033163654874,Take,Swing_including_bunts,4033,2579.00288896487,1933,0.00281832181044876,3825,2514.66607244727,1850,0.00371169149314162,0.327346626076931,0.138563802478891,0.344901075130084,0.162294327547247,-0.18878282359804,0.00972190132887706,-0.207847520689645,-0.169718126506435,-0.225046450680964,-0.152519196515115,Take,Take,관찰상 방향 뚜렷,TRUE,TRUE,,W per selected current decision; not PA sum
region,2-2,CENTER,ALL,22107,18910,0.855385172117429,2424,16211,714,613,0.920794318541638,0.914436805922792,0.0792056814583616,0.0855631940772078,0.26188720253834,Take,Swing_including_bunts,1618,1387.08839469401,1174,0.00469847418621714,17292,17250.2221102619,2421,0.00123804802388172,0.0782854689091419,0.280065325493626,0.197156227641311,0.279624811728455,0.201779856584484,0.00670861749463372,0.188624636518968,0.214935076649999,0.176758478632637,0.22680123453633,Swing_including_bunts,Swing_including_bunts,관찰상 방향 뚜렷,TRUE,TRUE,,W per selected current decision; not PA sum
region_pitch,2-2,CENTER,FB,12844,11137,0.867097477421364,2367,10104,683,600,0.916926191217689,0.910209212534794,0.0830738087823109,0.0897907874652061,0.264148603753255,Take,Swing_including_bunts,1000,848.32080688756,825,0.00479664300872153,10137,10110.0344071165,2348,0.00165844992855819,0.0775595133010659,0.284500207642051,0.188537654285759,0.282659088752339,0.206940694340985,0.00800905648184192,0.191235197761718,0.222646190920252,0.177067915794675,0.236813472887295,Swing_including_bunts,Swing_including_bunts,관찰상 방향 뚜렷,TRUE,TRUE,,W per selected current decision; not PA sum
region_pitch,2-2,CENTER,NFB,9256,7773,0.839779602420052,2273,7319,659,580,0.926101987899741,0.920494017753763,0.0738980121002593,0.079505982246237,0.258647111797247,Take,Swing_including_bunts,618,548.688847719741,535,0.00823362137648683,7155,7140.35212727485,2240,0.00169447657932212,0.0793256036842792,0.273711114444222,0.209504748348989,0.275277359880392,0.194385510759943,0.0112541328732625,0.172316058678327,0.216454962841559,0.15240627134398,0.236364750175905,Swing_including_bunts,Swing_including_bunts,관찰상 방향 뚜렷,TRUE,TRUE,,W per selected current decision; not PA sum
count,3-0,ALL,ALL,7735,6630,0.857142857142857,2259,6630,675,551,0.104718810601164,0.120060331825038,0.895281189398837,0.879939668174962,0.526825942684766,Take,Swing_including_bunts,5834,5807.53873435339,2188,0.00153938164047023,796,694.845019507106,660,0.00731830241126341,0.528348936561671,0.472036738551159,0.505919235461464,0.381412333801795,-0.0563121980105118,0.0198532773725776,-0.0952447756284419,-0.0173796203925816,-0.130368010077406,0.0177436140563829,Take,Take,차이 불명확,TRUE,TRUE,,W per selected current decision; not PA sum
region,3-0,HIGH,ALL,748,506,0.676470588235294,455,506,278,279,0.0481283422459893,0.0652173913043478,0.951871657754011,0.934782608695652,0.661189723320158,Take,Swing_including_bunts,473,471.765610878578,427,0.00621207429468428,33,29.505796919182,32,0.0565334073740879,0.665644861369504,0.51683828993859,0.58908017816169,0.343309180013633,-0.148806571430914,0.0744570554387255,-0.295129798114314,-0.00248334474751508,-0.428372754894413,0.130759612032584,Take,,비교 자료 부족,TRUE,FALSE,,W per selected current decision; not PA sum
region_pitch,3-0,HIGH,FB,723,488,0.674965421853389,441,488,272,274,0.049792531120332,0.0676229508196721,0.950207468879668,0.932377049180328,0.659639344262295,Take,Swing_including_bunts,455,453.947972915743,412,0.00647128167786573,33,29.505796919182,32,0.0565334073740879,0.66310614995884,0.5238323790719,0.591127776484594,0.343902605256268,-0.13927377088694,0.0770822826259788,-0.290768985874493,0.0122214441006122,-0.42877287762427,0.15022533585039,Take,,비교 자료 부족,TRUE,FALSE,,W per selected current decision; not PA sum
region_pitch,3-0,HIGH,NFB,25,18,0.72,18,18,16,16,0,0,1,1,0.703222222222222,Take,Swing_including_bunts,18,17.8782108766522,18,0.0682214531971648,0,0,0,,0.734472148503069,0.327220762324408,0.533567512518511,0.327220762324408,-0.407251386178661,0.0162198465793673,-0.441472271161876,-0.373030501195445,-0.483869838659571,-0.330632933697751,Take,,비교 자료 부족,TRUE,FALSE,,W per selected current decision; not PA sum
region,3-0,LOW,ALL,1041,643,0.617675312199808,563,643,335,311,0.0355427473583093,0.0528771384136859,0.964457252641691,0.947122861586314,0.601590979782271,Take,Swing_including_bunts,609,608.172500509564,537,0.00513829042911909,34,29.7573500719169,34,0.0632445828001484,0.61358621778678,0.386566971295892,0.570880240113712,0.341315902501886,-0.227019246490888,0.0464961554624075,-0.31834671879369,-0.135691774188086,-0.401323715113847,-0.0527147778679297,Take,,비교 자료 부족,TRUE,FALSE,,W per selected current decision; not PA sum
region_pitch,3-0,LOW,FB,979,606,0.61899897854954,534,606,321,303,0.0316649642492339,0.0478547854785479,0.968335035750766,0.952145214521452,0.601727722772277,Take,Swing_including_bunts,577,576.258435606448,512,0.00542933749921024,29,25.4249159549102,29,0.0714837631910945,0.611760993668541,0.395140639892255,0.573485346508006,0.343108616516356,-0.216620353776286,0.0483802133987433,-0.311659641274395,-0.121581066278177,-0.398053395207266,-0.0351873123453054,Take,,비교 자료 부족,TRUE,FALSE,,W per selected current decision; not PA sum
region_pitch,3-0,LOW,NFB,61,37,0.60655737704918,37,37,34,32,0.0983606557377049,0.135135135135135,0.901639344262295,0.864864864864865,0.599351351351351,Take,Swing_including_bunts,32,31.9290652983433,32,0.0345544603809028,5,4.71459403117452,5,0.288220802834973,0.643480429020639,0.246144182933831,0.52821282187203,0.311954154048679,-0.397336246086808,0.155711066236791,-0.713132925407912,-0.0815395667657031,-1.0430145823508,0.24834209017718,Take,,비교 자료 부족,TRUE,FALSE,,W per selected current decision; not PA sum
region,3-0,INSIDE,ALL,761,541,0.710906701708279,482,541,324,288,0.0709592641261498,0.0942698706099815,0.92904073587385,0.905730129390018,0.604099815157117,Take,Swing_including_bunts,490,487.884974929503,441,0.0059056903464372,51,43.4580331851583,50,0.0427333742532359,0.60942164468822,0.519726339208316,0.548235221153569,0.354427921723821,-0.0896953054799038,0.0708685335994039,-0.22894546571299,0.0495548547531823,-0.355664524320348,0.17627391336054,Take,,비교 자료 부족,TRUE,FALSE,,W per selected current decision; not PA sum
region_pitch,3-0,INSIDE,FB,728,517,0.710164835164835,465,517,318,281,0.0728021978021978,0.0967117988394584,0.927197802197802,0.903288201160542,0.603282398452611,Take,Swing_including_bunts,467,465.107679019788,424,0.00620860823218137,50,42.6087436924652,49,0.0433452523029975,0.608525501352321,0.522910531228486,0.550005377838576,0.355145402970455,-0.0856149701238354,0.0739594723782766,-0.230951972949643,0.0597220327019719,-0.36326355363169,0.192033613384019,Take,,비교 자료 부족,TRUE,FALSE,,W per selected current decision; not PA sum
region_pitch,3-0,INSIDE,NFB,32,24,0.75,23,24,22,22,0.03125,0.0416666666666667,0.96875,0.958333333333333,0.621708333333333,Take,Swing_including_bunts,23,22.8218229098195,22,0.0841399752309424,1,1,1,1,0.628726065715705,0.451133536107163,0.510103095897372,0.338972179869235,-0.177592529608542,0.129191365860983,-0.445519023873371,0.0903339646562866,-0.753798856948145,0.39861379773106,Take,,비교 자료 부족,TRUE,FALSE,,W per selected current decision; not PA sum
region,3-0,OUTSIDE,ALL,1780,1227,0.689325842696629,967,1227,479,394,0.05,0.0709046454767726,0.95,0.929095354523227,0.582047269763651,Take,Swing_including_bunts,1140,1135.6361257109,907,0.00443554399343979,87,75.4785513002679,85,0.0386536137805662,0.588385280350627,0.406985025586855,0.557290116655022,0.356001635976793,-0.181400254763773,0.0368870011897781,-0.253788146161489,-0.109012363366056,-0.31929844225506,-0.0435020672724855,Take,,비교 자료 부족,TRUE,FALSE,,W per selected current decision; not PA sum
region_pitch,3-0,OUTSIDE,FB,1700,1175,0.691176470588235,930,1175,471,392,0.05,0.0714893617021277,0.95,0.928510638297872,0.580654468085106,Take,Swing_including_bunts,1091,1087.13366667628,869,0.00464653301800108,84,72.8839233747515,82,0.0397883892952874,0.58716752743594,0.404484051825038,0.559696456064889,0.356778609403853,-0.182683475610902,0.0381273173227684,-0.257509130170874,-0.10785782105093,-0.325240368299547,-0.0401265829222568,Take,,비교 자료 부족,TRUE,FALSE,,W per selected current decision; not PA sum
region_pitch,3-0,OUTSIDE,NFB,77,52,0.675324675324675,51,52,42,45,0.051948051948052,0.0576923076923077,0.948051948051948,0.942307692307692,0.613519230769231,Take,Swing_including_bunts,49,48.6820374755789,48,0.0440350637564761,3,2.71305782942335,3,0.46559192115945,0.615901812557508,0.463497413474065,0.502916101143623,0.338445024884577,-0.152404399083443,0.131150096575052,-0.415827120612158,0.111018322445272,-0.679658281534636,0.37484948336775,Take,,비교 자료 부족,TRUE,FALSE,,W per selected current decision; not PA sum
region,3-0,CENTER,ALL,4042,3954,0.978228599703117,1918,3954,633,513,0.149678377041069,0.151745068285281,0.850321622958931,0.848254931714719,0.477181082448154,Take,Swing_including_bunts,3354,3337.52088760166,1773,0.00258163296316249,600,530.477623031234,515,0.0101563569650817,0.47519072393352,0.4851234225856,0.46893910285205,0.400752785372236,0.00993269865208017,0.0277636405698102,-0.0445174155479773,0.0643828128521377,-0.093660371520419,0.113525768824579,Swing_including_bunts,Swing_including_bunts,차이 불명확,FALSE,TRUE,,W per selected current decision; not PA sum
region_pitch,3-0,CENTER,FB,3894,3812,0.97894196199281,1885,3812,630,512,0.147406266050334,0.149527806925498,0.852593733949666,0.850472193074502,0.476296432318993,Take,Swing_including_bunts,3242,3230.0176797131,1746,0.00268456484791636,570,507.633339415354,493,0.0104871699766131,0.474038051358654,0.486007935649307,0.468720384905438,0.401525962489249,0.0119698842906521,0.0285281939096655,-0.0439802927820236,0.0679200613633278,-0.0944795460669446,0.118419314648249,Swing_including_bunts,Swing_including_bunts,차이 불명확,TRUE,TRUE,,W per selected current decision; not PA sum
region_pitch,3-0,CENTER,NFB,145,142,0.979310344827586,138,142,101,104,0.206896551724138,0.211267605633803,0.793103448275862,0.788732394366197,0.500929577464789,Take,Swing_including_bunts,112,110.421096615495,108,0.0204212120503316,30,26.5430205202113,30,0.0713261942852746,0.5061343003799,0.46137860710074,0.474810601531517,0.37999679121692,-0.0447556932791606,0.111138567959576,-0.264524566453659,0.175013179895338,-0.470144514309168,0.380633127750847,Take,,비교 자료 부족,TRUE,FALSE,,W per selected current decision; not PA sum
count,3-1,ALL,ALL,16251,15687,0.965294443418867,2425,15687,725,596,0.572580148913913,0.580863135080003,0.427419851086087,0.419136864919997,0.475497418244406,Take,Swing_including_bunts,6575,3595.01854465642,2251,0.00245483208202718,9112,6004.06705693777,2373,0.00179736364275367,0.489991231793139,0.395789416441746,0.494327696845865,0.382326866737438,-0.0942018153513927,0.00978715572560802,-0.113393871083163,-0.0750097596196224,-0.130705307689381,-0.0576983230134042,Take,Take,관찰상 방향 뚜렷,TRUE,TRUE,,W per selected current decision; not PA sum
region,3-1,HIGH,ALL,1383,1277,0.923355025307303,963,1277,460,419,0.301518438177874,0.322631166797181,0.698481561822126,0.677368833202819,0.584817541111981,Take,Swing_including_bunts,865,729.433478395463,711,0.00597381715608682,412,302.554698994878,369,0.0125581617195159,0.677409681464637,0.375861174813319,0.587596049879964,0.353778078691789,-0.301548506651318,0.0243467315756071,-0.349327336519883,-0.253769676782753,-0.392567671339698,-0.210529341962938,Take,Take,관찰상 방향 뚜렷,TRUE,TRUE,,W per selected current decision; not PA sum
region_pitch,3-1,HIGH,FB,1200,1112,0.926666666666667,871,1112,438,406,0.328333333333333,0.350719424460432,0.671666666666667,0.649280575539568,0.578656474820144,Take,Swing_including_bunts,722,612.321173842835,610,0.00599922071813961,390,285.835572940306,350,0.0130796892706386,0.676954767554199,0.37546248684724,0.592152239894736,0.355109064835713,-0.301492280706958,0.027347476999056,-0.355167022471771,-0.247817538942145,-0.40377151425348,-0.199213047160437,Take,Take,관찰상 방향 뚜렷,TRUE,TRUE,,W per selected current decision; not PA sum
region_pitch,3-1,HIGH,NFB,181,165,0.911602209944751,155,165,115,127,0.121546961325967,0.133333333333333,0.878453038674033,0.866666666666667,0.626339393939394,Take,Swing_including_bunts,143,117.899388040288,137,0.0344225009315473,22,19.8475818948906,21,0.0896984867586279,0.68047552551559,0.378548090075619,0.556890090507689,0.344808038740014,-0.301927435439971,0.0438188573814287,-0.388491064922457,-0.215363805957485,-0.469134708724209,-0.134720162155732,Take,,비교 자료 부족,TRUE,FALSE,,W per selected current decision; not PA sum
region,3-1,LOW,ALL,2297,2126,0.925555071832825,1370,2126,528,443,0.245537657814541,0.26340545625588,0.754462342185459,0.73659454374412,0.585139228598307,Take,Swing_including_bunts,1566,1400.30292091921,1135,0.00343969818317731,560,355.037199569717,478,0.0111584456534002,0.631724444696788,0.383934812589892,0.574069302440836,0.337322006219313,-0.247789632106896,0.0228168933592085,-0.292549493961827,-0.203029770251965,-0.332991380864646,-0.162587883349145,Take,Take,관찰상 방향 뚜렷,TRUE,TRUE,,W per selected current decision; not PA sum
region_pitch,3-1,LOW,FB,1631,1501,0.920294297976701,1097,1501,469,410,0.204169221336603,0.220519653564291,0.795830778663397,0.77948034643571,0.589752831445703,Take,Swing_including_bunts,1170,1033.25233904413,920,0.00454172034986396,331,204.178960452783,293,0.018539657684839,0.629020747601504,0.369255847067697,0.582112015947188,0.340964564156881,-0.259764900533807,0.0257705696914843,-0.310330129503124,-0.209199671564489,-0.356061387528599,-0.163468413539014,Take,Take,관찰상 방향 뚜렷,TRUE,TRUE,,W per selected current decision; not PA sum
region_pitch,3-1,LOW,NFB,664,625,0.941265060240964,536,625,296,284,0.346385542168675,0.3664,0.653614457831325,0.6336,0.5740592,Take,Swing_including_bunts,396,370.284300768029,355,0.00933320438645276,229,151.566003224177,219,0.0248999528343087,0.638217643640822,0.419187816187996,0.554753921683981,0.328574039076452,-0.219029827452827,0.0458374887723748,-0.309073357748123,-0.12898629715753,-0.390922764914442,-0.0471368899912117,Take,,비교 자료 부족,TRUE,FALSE,,W per selected current decision; not PA sum
region,3-1,INSIDE,ALL,1805,1712,0.948476454293629,1214,1712,510,440,0.418836565096953,0.435747663551402,0.581163434903047,0.564252336448598,0.5228125,Take,Swing_including_bunts,966,817.071819779463,784,0.00503182935976137,746,502.537526563488,636,0.00803765026483614,0.612717652419554,0.351754739394766,0.55999711179658,0.360557195775262,-0.260962913024788,0.0277581486841452,-0.31542222478546,-0.206503601264116,-0.364652343951956,-0.15727348209762,Take,Take,관찰상 방향 뚜렷,TRUE,TRUE,,W per selected current decision; not PA sum
region_pitch,3-1,INSIDE,FB,1510,1434,0.949668874172185,1071,1434,475,425,0.43841059602649,0.456066945606695,0.56158940397351,0.543933054393305,0.514986052998605,Take,Swing_including_bunts,780,661.775170755034,666,0.00467995876736325,654,447.160493712845,566,0.00916854130853606,0.603623979186494,0.345574755943665,0.565198490112228,0.362958178349498,-0.258049223242829,0.0308681777410808,-0.318618253140302,-0.197480193345356,-0.373403394675575,-0.142695051810083,Take,Take,관찰상 방향 뚜렷,TRUE,TRUE,,W per selected current decision; not PA sum
region_pitch,3-1,INSIDE,NFB,294,278,0.945578231292517,261,278,183,178,0.319727891156463,0.330935251798561,0.680272108843537,0.669064748201439,0.56318345323741,Take,Swing_including_bunts,186,156.059573499146,177,0.0191232329539557,92,56.0935405656677,88,0.0549176730819435,0.65962530499584,0.383632783527422,0.533166980484931,0.348172271273626,-0.275992521468418,0.059392027859743,-0.392943145487441,-0.159041897449395,-0.50037226081287,-0.0516127821239657,Take,,비교 자료 부족,TRUE,FALSE,,W per selected current decision; not PA sum
region,3-1,OUTSIDE,ALL,3673,3463,0.942826027770215,1834,3463,628,513,0.292131772393139,0.307248050822986,0.707868227606861,0.692751949177014,0.5502933872365,Take,Swing_including_bunts,2399,2008.05151887334,1532,0.0029722356919942,1064,732.329477416323,813,0.00658078928605627,0.587700215372199,0.372067874726016,0.564886823595637,0.359874050599817,-0.215632340646183,0.0162361209178657,-0.247475579350837,-0.18378910194153,-0.276218750575435,-0.155045930716932,Take,Take,관찰상 방향 뚜렷,TRUE,TRUE,,W per selected current decision; not PA sum
region_pitch,3-1,OUTSIDE,FB,2975,2808,0.943865546218487,1658,2808,604,502,0.288067226890756,0.301994301994302,0.711932773109244,0.698005698005698,0.551275641025641,Take,Swing_including_bunts,1960,1627.58451625518,1352,0.00302321667181475,848,600.64256727519,686,0.00849427302849728,0.587581995380591,0.367428683789135,0.570580167339085,0.362602235181198,-0.220153311591457,0.0176222102256342,-0.254717456213378,-0.185589166969536,-0.285926216152162,-0.154380407030751,Take,Take,관찰상 방향 뚜렷,TRUE,TRUE,,W per selected current decision; not PA sum
region_pitch,3-1,OUTSIDE,NFB,695,655,0.942446043165468,547,655,316,287,0.310791366906475,0.329770992366412,0.689208633093525,0.670229007633588,0.546082442748092,Take,Swing_including_bunts,439,381.089680412236,393,0.0106289493340135,216,138.563570981144,197,0.0289410471109703,0.588207027183548,0.391956192513439,0.54047932858556,0.348178260821927,-0.196250834670109,0.0398101930394456,-0.274450724872447,-0.118050944467772,-0.345520094707906,-0.0469815746323121,Take,,비교 자료 부족,TRUE,FALSE,,W per selected current decision; not PA sum
region,3-1,CENTER,ALL,8413,8233,0.978604540591941,2337,8233,688,569,0.792226316415072,0.791813433742257,0.207773683584928,0.208186566257743,0.409616786104701,Take,Swing_including_bunts,1714,1331.97769575174,1226,0.00412599237626712,6519,6415.41123879821,2252,0.00142351704006403,0.383164657868443,0.41266138712343,0.432186695051877,0.404351023437818,0.0294967292549875,0.0154317188355397,-0.000764563195321259,0.0597580217052962,-0.0280628138704658,0.0870562723804408,Swing_including_bunts,Swing_including_bunts,차이 불명확,TRUE,TRUE,,W per selected current decision; not PA sum
region_pitch,3-1,CENTER,FB,7067,6899,0.976227536436961,2279,6899,681,566,0.811235319088722,0.811276996666184,0.188764680911278,0.188723003333817,0.407642122046673,Take,Swing_including_bunts,1302,1024.45764149359,1008,0.00466134767103608,5597,5524.18940374372,2181,0.00156622899232951,0.383979712385417,0.409443422157906,0.429958118495104,0.404345393472883,0.0254637097724892,0.0173222487065375,-0.00850532235012,0.0594327418950984,-0.0391500366913685,0.0900774562363469,Swing_including_bunts,Swing_including_bunts,차이 불명확,TRUE,TRUE,,W per selected current decision; not PA sum
region_pitch,3-1,CENTER,NFB,1343,1334,0.993298585256887,1028,1334,393,379,0.692479523454952,0.691154422788606,0.307520476545048,0.308845577211394,0.419829085457271,Take,Swing_including_bunts,412,365.118438782288,368,0.0109504100347775,922,904.220299110307,765,0.00567998097776104,0.378949469628112,0.429303621229243,0.443712144575998,0.404380139725742,0.0503541516011312,0.0350369653061926,-0.0183980643899269,0.119106367592189,-0.0805978497526609,0.181306152954923,Swing_including_bunts,Swing_including_bunts,차이 불명확,TRUE,TRUE,,W per selected current decision; not PA sum
count,3-2,ALL,ALL,36353,32785,0.901851291502765,2427,23903,725,612,0.725084587241768,0.707305170047278,0.274915412758232,0.292694829952722,0.392270276040872,Take,Swing_including_bunts,9596,4586.88479170366,2370,0.00231381507465581,23189,18332.2904104348,2425,0.00144804244187308,0.373238947793627,0.295203884078769,0.448834757332821,0.302428640080945,-0.0780350637148579,0.00618623296579581,-0.0901659097217201,-0.0659042177079957,-0.101108041010665,-0.0549620864190511,Take,Take,관찰상 방향 뚜렷,TRUE,TRUE,,W per selected current decision; not PA sum
region,3-2,HIGH,ALL,3546,3446,0.971799210377891,1710,3268,599,510,0.498871968415116,0.506094022054556,0.501128031584884,0.493905977945444,0.476275101567034,Take,Swing_including_bunts,1702,1052.49605150114,1199,0.00533181083613836,1744,1375.51859443066,1095,0.00753664485478655,0.676188372376419,0.257173377713782,0.55976213290433,0.268470503801391,-0.419014994662637,0.0141171885884446,-0.446703785647093,-0.391326203678181,-0.47170220017992,-0.366327789145354,Take,Take,관찰상 방향 뚜렷,TRUE,TRUE,,W per selected current decision; not PA sum
region_pitch,3-2,HIGH,FB,2882,2802,0.972241498959056,1534,2673,565,502,0.538861901457321,0.546395431834404,0.461138098542679,0.453604568165596,0.463467523197716,Take,Swing_including_bunts,1271,805.954984618463,977,0.00593544675027792,1531,1208.76052420596,1003,0.00845261891111851,0.669023736839369,0.25801957563319,0.558146765150796,0.274072061313978,-0.411004161206179,0.015533815507843,-0.441473936922104,-0.380534385490255,-0.468992909438289,-0.353015412974069,Take,Take,관찰상 방향 뚜렷,TRUE,TRUE,,W per selected current decision; not PA sum
region_pitch,3-2,HIGH,NFB,662,644,0.972809667673716,550,636,309,312,0.323262839879154,0.330745341614907,0.676737160120846,0.669254658385093,0.532,Take,Swing_including_bunts,431,257.621030517547,387,0.0137081088593556,213,169.477131817577,197,0.0229585871176772,0.707361212088865,0.253491628381206,0.566790487633218,0.244098509779235,-0.45386958370766,0.0334139587590688,-0.519504437167342,-0.388234730247978,-0.579151326364566,-0.328587841050754,Take,,비교 자료 부족,TRUE,FALSE,,W per selected current decision; not PA sum
region,3-2,LOW,ALL,6031,5864,0.972309733045929,2148,5652,648,538,0.409219034985906,0.41831514324693,0.590780965014094,0.58168485675307,0.467605047748977,Take,Swing_including_bunts,3411,2363.45526481407,1797,0.00344787091052779,2453,1632.46730461377,1454,0.00522577319464727,0.60882496778322,0.184599190291986,0.558762898166026,0.238263030673356,-0.424225777491234,0.00968862247345788,-0.443225839722738,-0.405225715259731,-0.460368926060518,-0.388082628921951,Take,Take,관찰상 방향 뚜렷,TRUE,TRUE,,W per selected current decision; not PA sum
region_pitch,3-2,LOW,FB,2835,2745,0.968253968253968,1558,2694,566,498,0.300176366843034,0.307468123861566,0.699823633156967,0.692531876138434,0.513424043715847,Take,Swing_including_bunts,1901,1261.96917888951,1262,0.00507778889314316,844,550.565495334343,664,0.0121513341523042,0.596124244692691,0.228282530349249,0.557521196321856,0.254736277322967,-0.367841714343442,0.0155221406283052,-0.398288218813445,-0.33739520987344,-0.425784709711741,-0.309898718975144,Take,Take,관찰상 방향 뚜렷,TRUE,TRUE,,W per selected current decision; not PA sum
region_pitch,3-2,LOW,NFB,3193,3119,0.976824303163169,1678,3043,538,475,0.506420294393987,0.515870471304905,0.493579705606013,0.484129528695095,0.427280218018596,Take,Swing_including_bunts,1510,1131.39600321413,1123,0.0051496690452164,1609,1082.1387779906,1104,0.00626071090636663,0.620002744276809,0.146153929484936,0.559855707259404,0.223765094779421,-0.473848814791872,0.0119368398756293,-0.497261488785173,-0.450436140798571,-0.518400524178428,-0.429297105405316,Take,Take,관찰상 방향 뚜렷,TRUE,TRUE,,W per selected current decision; not PA sum
region,3-2,INSIDE,ALL,4885,4753,0.972978505629478,1997,4458,633,531,0.512589559877175,0.518199032190196,0.487410440122825,0.481800967809804,0.452501998737639,Take,Swing_including_bunts,2290,1340.62057738257,1449,0.00421519175416793,2463,1823.31868610891,1454,0.00497181785546159,0.55502121624585,0.251728807158135,0.539000891980125,0.268298419647137,-0.303292409087715,0.0130901289791547,-0.328964157501583,-0.277620660673847,-0.352131192518711,-0.25445362565672,Take,Take,관찰상 방향 뚜렷,TRUE,TRUE,,W per selected current decision; not PA sum
region_pitch,3-2,INSIDE,FB,3385,3295,0.97341211225997,1694,3134,588,513,0.524963072378139,0.5298937784522,0.475036927621861,0.4701062215478,0.451023368740516,Take,Swing_including_bunts,1549,942.161812839269,1123,0.00582043619951099,1746,1377.33521418569,1162,0.00477352880279182,0.550637247437266,0.271110853495803,0.535101398490352,0.281165721998709,-0.279526393941463,0.015243483047533,-0.309424446257683,-0.249628341625242,-0.336418250021028,-0.222634537861897,Take,Take,관찰상 방향 뚜렷,TRUE,TRUE,,W per selected current decision; not PA sum
region_pitch,3-2,INSIDE,NFB,1497,1458,0.973947895791583,1060,1419,450,409,0.48563794255177,0.491769547325103,0.51436205744823,0.508230452674897,0.455843621399177,Take,Swing_including_bunts,741,406.943902343063,628,0.0124629227773081,717,468.839499525095,589,0.0164256928890501,0.564928745206266,0.207926445921772,0.547813533303035,0.239219022357405,-0.357002299284493,0.0248375812032777,-0.405738765260391,-0.308265833308595,-0.449823530775941,-0.264181067793046,Take,Take,관찰상 방향 뚜렷,TRUE,TRUE,,W per selected current decision; not PA sum
region,3-2,OUTSIDE,ALL,7889,7704,0.976549626061605,2290,7229,679,563,0.514260362530105,0.520379023883697,0.485739637469895,0.479620976116303,0.437392133956386,Take,Swing_including_bunts,3695,2305.38175710388,1857,0.00367093411049841,4009,2922.277425713,1888,0.00304884689463371,0.534937475693772,0.24596240629025,0.543211936040948,0.264731255010578,-0.288975069403522,0.00986918953546518,-0.308328558987696,-0.269621579819349,-0.325787859387779,-0.252162279419265,Take,Take,관찰상 방향 뚜렷,TRUE,TRUE,,W per selected current decision; not PA sum
region_pitch,3-2,OUTSIDE,FB,5095,4988,0.978999018645731,2029,4743,650,550,0.506967615309127,0.512229350441059,0.493032384690873,0.487770649558942,0.446146952686448,Take,Swing_including_bunts,2433,1506.1835031054,1464,0.00449034188261011,2555,1927.33645378501,1492,0.00452918304295116,0.529340644513437,0.269275649796985,0.540672354460678,0.277403670426108,-0.260064994716452,0.0124027836047171,-0.284388520672871,-0.235741468760033,-0.306337956444057,-0.213792032988847,Take,Take,관찰상 방향 뚜렷,TRUE,TRUE,,W per selected current decision; not PA sum
region_pitch,3-2,OUTSIDE,NFB,2788,2716,0.974175035868006,1577,2653,528,461,0.52725968436155,0.535346097201767,0.472740315638451,0.464653902798233,0.421313696612666,Take,Swing_including_bunts,1262,799.213505849751,975,0.00686260104651264,1454,1001.58951815677,1063,0.00724838934544009,0.545216192161929,0.203147068068014,0.54787593932607,0.241458056154664,-0.342069124093915,0.0155715069980052,-0.372612173683789,-0.311526074504041,-0.400194724358455,-0.283943523829375,Take,Take,관찰상 방향 뚜렷,TRUE,TRUE,,W per selected current decision; not PA sum
region,3-2,CENTER,ALL,17723,14647,0.826440218924561,2408,11864,696,594,0.931896405800372,0.924694476684645,0.0681035941996276,0.0753055233153547,0.335328941080085,Take,Swing_including_bunts,1103,962.714775472247,870,0.00487612152733016,13544,13520.1384779806,2393,0.00169785063043026,0.140015200320205,0.354710559593626,0.33910067989725,0.347374821882085,0.214695359273422,0.0100664288394841,0.194955595201173,0.23443512334567,0.177149845246756,0.252240873300087,Swing_including_bunts,Swing_including_bunts,관찰상 방향 뚜렷,TRUE,TRUE,,W per selected current decision; not PA sum
region_pitch,3-2,CENTER,FB,12509,10103,0.807658485890159,2333,8540,665,587,0.938444320089535,0.930515688409383,0.0615556799104645,0.0694843115906166,0.337079580322676,Take,Swing_including_bunts,702,607.657673268856,593,0.00601409491672529,9401,9385.17623066449,2311,0.00148355330914255,0.165187166120093,0.354891561371415,0.332930778299835,0.348430526595753,0.189704395251322,0.0112961853581784,0.167552781662674,0.21185600883997,0.147570071001738,0.231838719500906,Swing_including_bunts,Swing_including_bunts,관찰상 방향 뚜렷,TRUE,TRUE,,W per selected current decision; not PA sum
region_pitch,3-2,CENTER,NFB,5203,4544,0.873342302517778,1916,4183,584,510,0.916202191043629,0.91175176056338,0.0837978089563713,0.0882482394366198,0.33143661971831,Take,Swing_including_bunts,401,356.957098691127,361,0.00825224765828037,4143,4135.05504798859,1854,0.00291734987261827,0.0840485694935596,0.354308125403265,0.352818663136397,0.345027598131602,0.270259555909705,0.0198292312559769,0.231370397404917,0.309148714414494,0.196271596512992,0.344247515306419,Swing_including_bunts,Swing_including_bunts,관찰상 방향 뚜렷,TRUE,TRUE,,W per selected current decision; not PA sum
