level,count,region,pitch_group,n_all,n,coverage,games,PA,pitchers,batters,action1_rate_all,action1_rate,action0_rate_all,action0_rate,observed_Y,action0,action1,rows0,ESS0,games0,max_game_share0,rows1,ESS1,games1,max_game_share1,Q0,Q1,gcomp0,gcomp1,delta,SE,nominal95_low,nominal95_high,family95_low,family95_high,arithmetic_direction,point_direction,evidence,large_point_difference,support_gate,recommendation,unit,game_year
overall,ALL,ALL,ALL,719378,669413,0.930544164542146,2426,180601,798,647,0.469512551120551,0.481369498351541,0.530487448879449,0.518630501648459,0.304960451918323,Take,Swing_including_bunts,347178,193229.086360375,2426,0.000831103376159575,322235,195609.64428201,2426,0.000759934132506061,0.29366036205228,0.265937536529743,0.304828114400932,0.263564437634642,-0.0277228255225371,0.00135799251049073,-0.0303857710509697,-0.0250598799941045,-0.0327877738289842,-0.02265787721609,Take,Take,관찰상 방향 뚜렷,TRUE,TRUE,,W per selected current decision; not PA sum,2018
count,0-0,ALL,ALL,184137,166471,0.904060563602101,2426,166471,796,647,0.289610453086561,0.311958238972554,0.71038954691344,0.688041761027446,0.311419526524139,Take,Swing_including_bunts,114539,106706.77054159,2426,0.00076738338016714,51932,35978.6817911854,2426,0.00086713437981785,0.304588363774918,0.299621481100877,0.300737044657325,0.293641500007201,-0.00496688267404142,0.00305117514366314,-0.0109500623620843,0.00101629701400147,-0.016346948659078,0.00641318331099516,Take,Take,차이 불명확,FALSE,TRUE,,W per selected current decision; not PA sum,2018
region,0-0,HIGH,ALL,18770,14705,0.783431006925946,2412,14705,734,625,0.152637187000533,0.188031281876913,0.847362812999467,0.811968718123087,0.332080244814689,Take,Swing_including_bunts,11940,11745.5843857147,2387,0.00155436441408748,2765,2107.23488789036,1585,0.00636288082753362,0.344401928808279,0.260783537877936,0.348074137956805,0.260125200384511,-0.0836183909303434,0.0110999599454519,-0.105384839702196,-0.0618519421584911,-0.12501863717747,-0.0422181446832165,Take,Take,관찰상 방향 뚜렷,TRUE,TRUE,,W per selected current decision; not PA sum,2018
region_pitch,0-0,HIGH,FB,13794,10938,0.792953458025228,2378,10938,697,620,0.187472814267073,0.227646736149205,0.812527185732927,0.772353263850795,0.329662004022673,Take,Swing_including_bunts,8448,8334.63675830454,2312,0.00167210661887678,2490,1911.25732260777,1479,0.00690497760448268,0.345633623753478,0.259451902537953,0.345835004672867,0.257465039516402,-0.0861817212155247,0.0138594671735948,-0.113359616542112,-0.0590038258889376,-0.137875423318063,-0.0344880191129867,Take,Take,관찰상 방향 뚜렷,TRUE,TRUE,,W per selected current decision; not PA sum,2018
region_pitch,0-0,HIGH,NFB,4973,3767,0.757490448421476,1855,3767,621,526,0.0557007842348683,0.0730023891691001,0.944299215765132,0.9269976108309,0.339101937881603,Take,Swing_including_bunts,3492,3415.93686148164,1791,0.00265994728083461,275,203.629831956947,255,0.0172561923363859,0.340825533982004,0.264650123316942,0.354575767863818,0.267849341498229,-0.0761754106650625,0.01441785996822,-0.104452357041898,-0.0478984642882266,-0.129975593771439,-0.0223752275586856,Take,Take,관찰상 방향 뚜렷,TRUE,TRUE,,W per selected current decision; not PA sum,2018
region,0-0,LOW,ALL,35524,27598,0.77688323387006,2426,27598,751,632,0.142467064519761,0.173237191100804,0.857532935480239,0.826762808899196,0.335041271106602,Take,Swing_including_bunts,22817,22587.8987676374,2425,0.00107912005321451,4781,3635.47636027107,2016,0.00228310638987294,0.345490700989916,0.283414973137821,0.343481093558272,0.252820886166358,-0.0620757278520949,0.00930266726668578,-0.0803177255133085,-0.0438337301908814,-0.096772184904582,-0.0273792707996079,Take,Take,관찰상 방향 뚜렷,TRUE,TRUE,,W per selected current decision; not PA sum,2018
region_pitch,0-0,LOW,FB,17636,13493,0.765082785212066,2403,13493,718,623,0.0783057382626446,0.098199066182465,0.921694261737355,0.901800933817535,0.329870303120136,Take,Swing_including_bunts,12168,12065.6066298242,2395,0.00142771898402971,1325,1043.81837002716,967,0.00587474296397635,0.333694848030126,0.262533560577858,0.338760583542852,0.24894314358879,-0.0711612874522685,0.00979618061634176,-0.0903711283769481,-0.051951446527589,-0.107698954024321,-0.0346236208802157,Take,Take,관찰상 방향 뚜렷,TRUE,TRUE,,W per selected current decision; not PA sum,2018
region_pitch,0-0,LOW,NFB,17882,14105,0.788782015434515,2413,14105,722,590,0.205793535398725,0.2450194966324,0.794206464601275,0.7549805033676,0.33998787663949,Take,Swing_including_bunts,10649,10525.5230239389,2381,0.00143360204338219,3456,2595.47356455036,1769,0.00271260747538533,0.356774745228586,0.303390364819606,0.347996785982097,0.256530377878456,-0.0533843804089796,0.0153872250448287,-0.0835579285643078,-0.0232108322536513,-0.110775082841051,0.00400632202309188,Take,Take,차이 불명확,TRUE,TRUE,,W per selected current decision; not PA sum,2018
region,0-0,INSIDE,ALL,23121,18782,0.812335106613036,2422,18782,760,624,0.206695212144803,0.244276434884464,0.793304787855197,0.755723565115536,0.331014748163135,Take,Swing_including_bunts,14194,13932.2376685255,2412,0.00124509904270877,4588,3393.62402441878,1997,0.00242089204904362,0.340374840131264,0.280851289738208,0.325842006934064,0.270273991274156,-0.0595235503930553,0.0115506091132709,-0.0821736519426671,-0.0368734488434435,-0.102604337625357,-0.016442763160754,Take,Take,관찰상 방향 뚜렷,TRUE,TRUE,,W per selected current decision; not PA sum,2018
region_pitch,0-0,INSIDE,FB,16147,13427,0.831547655911315,2396,13427,729,619,0.228091905617143,0.265360840098309,0.771908094382857,0.734639159901691,0.329304312206748,Take,Swing_including_bunts,9864,9711.46851598143,2350,0.0016188528003531,3563,2682.56144123569,1787,0.00253091430446645,0.340843112569388,0.268474691905511,0.32373492667363,0.269141833242181,-0.0723684206638766,0.0137928346426699,-0.0994155485371441,-0.0453212927906092,-0.12381298821107,-0.0209238531166832,Take,Take,관찰상 방향 뚜렷,TRUE,TRUE,,W per selected current decision; not PA sum,2018
region_pitch,0-0,INSIDE,NFB,6973,5355,0.767962139681629,2117,5355,674,548,0.157177685357809,0.19140989729225,0.842822314642191,0.80859010270775,0.335303454715219,Take,Swing_including_bunts,4330,4227.40840310605,1973,0.00210809764487531,1025,721.017820476045,828,0.00798830101151951,0.339200704925532,0.311884077618624,0.331125250007237,0.273112737473096,-0.027316627306908,0.0209276535404092,-0.0683575499511557,0.0137242953373397,-0.105388665394763,0.0507554107809469,Take,Take,차이 불명확,TRUE,TRUE,,W per selected current decision; not PA sum,2018
region,0-0,OUTSIDE,ALL,50571,41223,0.815150975855728,2426,41223,777,638,0.136204544106306,0.160929578148121,0.863795455893694,0.839070421851879,0.320255076049778,Take,Swing_including_bunts,34589,34002.8449842079,2426,0.00100525917038977,6634,4904.15226593232,2257,0.00187307620067393,0.325763422119904,0.279088710269983,0.326389439774991,0.271224361380327,-0.0466747118499202,0.00624981078827498,-0.0589302328219561,-0.0344191908778844,-0.0699848319891315,-0.023364591710709,Take,Take,관찰상 방향 뚜렷,TRUE,TRUE,,W per selected current decision; not PA sum,2018
region_pitch,0-0,OUTSIDE,FB,31660,25703,0.811844598862919,2426,25703,748,635,0.120309538850284,0.14402987978057,0.879690461149716,0.85597012021943,0.319080029568533,Take,Swing_including_bunts,22001,21691.0747662817,2426,0.00122906380203742,3702,2839.03073362948,1876,0.00280646389617771,0.323146943169526,0.271843920799562,0.322842862927769,0.269331375188497,-0.051303022369965,0.00750080729498613,-0.0660116758356606,-0.0365943689042694,-0.0792790243819328,-0.0233270203579972,Take,Take,관찰상 방향 뚜렷,TRUE,TRUE,,W per selected current decision; not PA sum,2018
region_pitch,0-0,OUTSIDE,NFB,18908,15520,0.820816585572245,2417,15520,745,595,0.162841125449545,0.188917525773196,0.837158874550455,0.811082474226804,0.322201095360825,Take,Swing_including_bunts,12588,12326.1120361644,2403,0.00153536130117952,2932,2072.11645307866,1653,0.00268712495967211,0.330096628206343,0.291086959223479,0.332263000645102,0.274359375819026,-0.0390096689828642,0.0112994613428903,-0.0611673066704914,-0.0168520312952369,-0.0811538740036048,0.00313453603787649,Take,Take,차이 불명확,TRUE,TRUE,,W per selected current decision; not PA sum,2018
region,0-0,CENTER,ALL,79191,77824,0.982737937391875,2426,77824,788,643,0.447449836471316,0.447265625,0.552550163528684,0.552734375,0.295151804070724,Take,Swing_including_bunts,43016,40606.1002106233,2426,0.000867894709126767,34808,31393.715186128,2426,0.000950522295414078,0.270683189820022,0.325620049462493,0.268141581408934,0.322022565395536,0.0549368596424711,0.00393164553809587,0.0472271279435304,0.0626465913414118,0.0402728749327669,0.0696008443521752,Swing_including_bunts,Swing_including_bunts,관찰상 방향 뚜렷,TRUE,TRUE,,W per selected current decision; not PA sum,2018
region_pitch,0-0,CENTER,FB,53687,52561,0.979026579991432,2426,52561,759,641,0.468660942127517,0.468978900705847,0.531339057872483,0.531021099294154,0.295568501360324,Take,Swing_including_bunts,27911,26259.1885041182,2426,0.000985578637294476,24650,22549.1790100236,2425,0.00120593814746445,0.271076875262349,0.32468749420751,0.26700976313491,0.320208405776627,0.0536106189451602,0.00473509168444644,0.0443253753739283,0.0628958625163921,0.0359499953240903,0.0712712425662301,Swing_including_bunts,Swing_including_bunts,관찰상 방향 뚜렷,TRUE,TRUE,,W per selected current decision; not PA sum,2018
region_pitch,0-0,CENTER,NFB,25485,25263,0.991288993525603,2426,25263,764,613,0.40262899744948,0.402090013062582,0.59737100255052,0.597909986937418,0.294284843446938,Take,Swing_including_bunts,15105,14592.8604289544,2412,0.00154992447988317,10158,9163.31602054709,2364,0.00136462490977486,0.269864106554606,0.32756027971057,0.270496388846727,0.325797019883503,0.0576961731559635,0.00718293761763989,0.043610843920243,0.071781502391684,0.0309057398945656,0.0844866064173614,Swing_including_bunts,Swing_including_bunts,관찰상 방향 뚜렷,TRUE,TRUE,,W per selected current decision; not PA sum,2018
count,0-1,ALL,ALL,92160,86842,0.942296006944444,2426,86842,790,644,0.473936631944445,0.48977453306004,0.526063368055556,0.51022546693996,0.266522753966975,Take,Swing_including_bunts,44309,26170.7193666675,2426,0.00107751586111843,42533,25727.6086802956,2426,0.000998920445542722,0.262070059204127,0.235226644545041,0.260475923313805,0.231623439097902,-0.0268434146590856,0.00402001476184441,-0.0347264333440843,-0.0189603959740869,-0.0418369929024135,-0.0118498364157577,Take,Take,관찰상 방향 뚜렷,TRUE,TRUE,,W per selected current decision; not PA sum,2018
region,0-1,HIGH,ALL,9891,8987,0.908603781215246,2326,8987,698,606,0.294813466787989,0.316568376543897,0.705186533212011,0.683431623456103,0.268777456325804,Take,Swing_including_bunts,6142,5242.08880486517,2189,0.00183645056740645,2845,1929.66958053673,1599,0.00419845645179386,0.28852508633642,0.215524173283673,0.300935702470596,0.209672954350333,-0.0730009130527466,0.011381807356137,-0.095320464713957,-0.0506813613915363,-0.115454807956591,-0.030547018148902,Take,Take,관찰상 방향 뚜렷,TRUE,TRUE,,W per selected current decision; not PA sum,2018
region_pitch,0-1,HIGH,FB,8093,7395,0.913752625725936,2254,7395,663,589,0.329420486840479,0.351724137931035,0.670579513159521,0.648275862068966,0.266907099391481,Take,Swing_including_bunts,4794,4216.96114929605,2032,0.00229429215599603,2601,1767.59974831834,1529,0.00448088505011381,0.290339943473271,0.218785634499433,0.299857577928413,0.21210885357187,-0.0715543089738382,0.0128592201404393,-0.096771464444048,-0.0463371535036283,-0.119521375355431,-0.0235872425922457,Take,Take,관찰상 방향 뚜렷,TRUE,TRUE,,W per selected current decision; not PA sum,2018
region_pitch,0-1,HIGH,NFB,1796,1592,0.88641425389755,1083,1592,483,473,0.139198218262806,0.153266331658291,0.860801781737194,0.846733668341709,0.277465452261307,Take,Swing_including_bunts,1348,1095.13235088689,973,0.00537395999299192,244,184.318762928398,224,0.0281210045437991,0.280094892538041,0.20037435815142,0.305943699323259,0.1983579576523,-0.0797205343866209,0.0244821200163813,-0.127758343693859,-0.0316827250793823,-0.171206516882953,0.0117654481097111,Take,,비교 자료 부족,TRUE,FALSE,,W per selected current decision; not PA sum,2018
region,0-1,LOW,ALL,23587,20842,0.883622334336711,2426,20842,743,627,0.25980412939331,0.285337299683332,0.74019587060669,0.714662700316668,0.272961280107475,Take,Swing_including_bunts,14895,13458.7766192214,2421,0.00152514593740503,5947,3792.56881712002,2154,0.00236002975801054,0.296943734764899,0.201856272082598,0.298474037275323,0.185352588380481,-0.0950874626823012,0.00819575562366885,-0.111158870014503,-0.0790160553500997,-0.125655435808423,-0.0645194895561792,Take,Take,관찰상 방향 뚜렷,TRUE,TRUE,,W per selected current decision; not PA sum,2018
region_pitch,0-1,LOW,FB,7310,6297,0.861422708618331,2189,6297,640,603,0.142270861833105,0.160870255677307,0.857729138166895,0.839129744322693,0.282085913927267,Take,Swing_including_bunts,5284,4774.74189892577,2109,0.00235771399021939,1013,645.352877584121,800,0.00764375500650626,0.28782178449114,0.198250654883958,0.29524060303115,0.19502806668487,-0.089571129607182,0.0115630711952099,-0.112246876422383,-0.0668953827919812,-0.132705458026711,-0.0464368011876531,Take,Take,관찰상 방향 뚜렷,TRUE,TRUE,,W per selected current decision; not PA sum,2018
region_pitch,0-1,LOW,NFB,16271,14545,0.893921701186159,2419,14545,722,621,0.312642124024338,0.339223100721898,0.687357875975662,0.660776899278103,0.269010931591612,Take,Swing_including_bunts,9611,8684.55941652938,2370,0.0014956771870833,4934,3148.90173664643,2037,0.00265963433709719,0.300892921487062,0.203417260154089,0.299873895332082,0.181163761506452,-0.0974756613329733,0.0105444198401933,-0.118152694555552,-0.0767986281103944,-0.136803697589825,-0.0581476250761219,Take,Take,관찰상 방향 뚜렷,TRUE,TRUE,,W per selected current decision; not PA sum,2018
region,0-1,INSIDE,ALL,15628,14349,0.91815971333504,2412,14349,728,614,0.336895316099309,0.359467558714893,0.663104683900691,0.640532441285107,0.283526447836086,Take,Swing_including_bunts,9191,7898.67534502846,2351,0.00159339726803683,5158,3302.85821533413,2089,0.00289109359575566,0.304221267947213,0.226608296248153,0.283752282997985,0.216017278911961,-0.0776129716990601,0.0103797730840197,-0.097967171192306,-0.0572587722058141,-0.11632708992827,-0.0388988534698504,Take,Take,관찰상 방향 뚜렷,TRUE,TRUE,,W per selected current decision; not PA sum,2018
region_pitch,0-1,INSIDE,FB,11126,10398,0.934567679309725,2364,10398,686,602,0.351968362394392,0.371032890940566,0.648031637605609,0.628967109059435,0.28279496056934,Take,Swing_including_bunts,6540,5777.34412545111,2208,0.00184443451024594,3858,2613.87923594308,1874,0.00285985607819803,0.300839772480275,0.222720263960249,0.281031353433487,0.223341278751334,-0.0781195085200269,0.0114609218343311,-0.100594014229223,-0.0556450028108307,-0.120867398285761,-0.0353716187542924,Take,Take,관찰상 방향 뚜렷,TRUE,TRUE,,W per selected current decision; not PA sum,2018
region_pitch,0-1,INSIDE,NFB,4499,3951,0.878195154478773,1908,3951,626,556,0.29984440986886,0.329030625158188,0.70015559013114,0.670969374841812,0.285451531257909,Take,Swing_including_bunts,2651,2174.00506311831,1581,0.00336227710449699,1300,723.968785525207,992,0.0068752400838219,0.313120480770603,0.236840581677064,0.290913058905769,0.196742424361265,-0.0762798990935392,0.0226688192181627,-0.120738185509429,-0.0318216126776491,-0.16086378096258,0.00830398277550204,Take,Take,차이 불명확,TRUE,TRUE,,W per selected current decision; not PA sum,2018
region,0-1,OUTSIDE,ALL,26647,24050,0.902540623709986,2426,24050,763,636,0.266559087326904,0.286611226611227,0.733440912673096,0.713388773388773,0.263107484407484,Take,Swing_including_bunts,17157,14735.3059702726,2425,0.00139069276876902,6893,4519.10943864403,2253,0.00241365416455866,0.275905558072661,0.206721655849335,0.282588888678472,0.205259805845986,-0.069183902223326,0.00663523697930475,-0.0821952218790915,-0.0561725825675605,-0.0939315588131699,-0.0444362456334822,Take,Take,관찰상 방향 뚜렷,TRUE,TRUE,,W per selected current decision; not PA sum,2018
region_pitch,0-1,OUTSIDE,FB,12311,11111,0.902526196084802,2389,11111,714,626,0.226870278612623,0.242732427324273,0.773129721387377,0.757267572675727,0.264341463414634,Take,Swing_including_bunts,8414,7353.87866624744,2324,0.00176525610247781,2697,1894.48705559697,1578,0.00444970630789958,0.269062809315559,0.213751174620662,0.277710722974567,0.215910402855832,-0.0553116346948968,0.00899776772317683,-0.0729558783318967,-0.0376673910578968,-0.088871696123142,-0.0217515732666515,Take,Take,관찰상 방향 뚜렷,TRUE,TRUE,,W per selected current decision; not PA sum,2018
region_pitch,0-1,OUTSIDE,NFB,14329,12939,0.902993928396957,2410,12939,729,620,0.300579244887989,0.324290903470129,0.699420755112011,0.675709096529871,0.262047839863977,Take,Swing_including_bunts,8743,7407.14171959219,2343,0.00150055783494381,4196,2636.88920918438,1938,0.00317027392884366,0.281781574877682,0.200685255581292,0.286777875395846,0.196113907138482,-0.0810963192963902,0.00960326486414735,-0.0999278340854235,-0.0622648045073569,-0.116914289956643,-0.0452783486361374,Take,Take,관찰상 방향 뚜렷,TRUE,TRUE,,W per selected current decision; not PA sum,2018
region,0-1,CENTER,ALL,31958,31190,0.975968458601915,2426,31190,761,642,0.770699042493272,0.771753767233088,0.229300957506728,0.228246232766912,0.264347386983007,Take,Swing_including_bunts,7119,5769.42458511233,2305,0.00172361279032883,24071,23689.3533013295,2426,0.000977738018159721,0.218336271028297,0.275768473277347,0.218700695771225,0.272593448765223,0.0574322022490505,0.00757739248308439,0.0425733696162277,0.0722910348818732,0.0291705579999123,0.0856938464981886,Swing_including_bunts,Swing_including_bunts,관찰상 방향 뚜렷,TRUE,TRUE,,W per selected current decision; not PA sum,2018
region_pitch,0-1,CENTER,FB,18979,18443,0.97175825912851,2424,18443,730,635,0.784287897149481,0.785230168627664,0.215712102850519,0.214769831372336,0.265680149650274,Take,Swing_including_bunts,3961,3084.61698431803,1920,0.00246037209591648,14482,14236.0829381563,2421,0.00114100187134512,0.230870441568083,0.273744275778077,0.225392822030524,0.27084476860015,0.0428738342099943,0.0101598709083006,0.0229509010955577,0.0627967673244308,0.00498018918672322,0.0807674792332653,Swing_including_bunts,Swing_including_bunts,관찰상 방향 뚜렷,TRUE,TRUE,,W per selected current decision; not PA sum,2018
region_pitch,0-1,CENTER,NFB,12968,12747,0.982958050586058,2406,12747,724,626,0.750848241826033,0.75225543265082,0.249151758173967,0.24774456734918,0.26241907899898,Take,Swing_including_bunts,3158,2730.32131454211,1748,0.0026183280351717,9589,9456.79518162878,2365,0.00135503975117619,0.200201203383732,0.278697183913501,0.209018191291719,0.27512352708047,0.0784959805297685,0.0107212945703878,0.0574720486780225,0.0995199123815145,0.0385079132943978,0.118484047765139,Swing_including_bunts,Swing_including_bunts,관찰상 방향 뚜렷,TRUE,TRUE,,W per selected current decision; not PA sum,2018
count,0-2,ALL,ALL,47018,43648,0.928325322217023,2426,35588,761,641,0.512846144029946,0.520413306451613,0.487153855970054,0.479586693548387,0.198503184567449,Take,Swing_including_bunts,20933,10344.0072395365,2426,0.00161608531293728,22715,13968.2623335287,2425,0.00147840245906777,0.173406251973679,0.154402164895882,0.195597296341016,0.166114188161554,-0.0190040870777973,0.00411486280810543,-0.0270730973486995,-0.010935076806895,-0.0343514231272754,-0.00365675102831922,Take,Take,관찰상 방향 뚜렷,TRUE,TRUE,,W per selected current decision; not PA sum,2018
region,0-2,HIGH,ALL,9154,8559,0.935001092418615,2291,8294,675,603,0.361918287087612,0.379366748451922,0.638081712912388,0.620633251548078,0.200821941815633,Take,Swing_including_bunts,5312,3781.91915302044,2095,0.00230294002066399,3247,2303.4125246232,1698,0.00362339594423573,0.224133954199605,0.142015058187728,0.224421594151213,0.164453888241986,-0.0821188960118765,0.0100223862939925,-0.101772800037234,-0.0624649919865192,-0.119503094429534,-0.0447346975942187,Take,Take,관찰상 방향 뚜렷,TRUE,TRUE,,W per selected current decision; not PA sum,2018
region_pitch,0-2,HIGH,FB,8487,7927,0.934016731471663,2261,7716,658,598,0.370448921880523,0.388797779740129,0.629551078119477,0.611202220259871,0.203178251545351,Take,Swing_including_bunts,4845,3793.33759218231,2030,0.00266051294165804,3082,2194.60157061045,1655,0.00374995625994741,0.228862609723678,0.142975210893244,0.224127221627443,0.167300750588621,-0.0858873988304335,0.00988316824746194,-0.105268432252001,-0.0665063654088662,-0.122753099591178,-0.0490216980696889,Take,Take,관찰상 방향 뚜렷,TRUE,TRUE,,W per selected current decision; not PA sum,2018
region_pitch,0-2,HIGH,NFB,667,632,0.947526236881559,542,630,295,330,0.253373313343328,0.261075949367089,0.746626686656672,0.738924050632911,0.171267405063291,Take,Swing_including_bunts,467,270.02497282972,416,0.0135247446756445,165,130.730000943524,154,0.032881891938657,0.164823744801941,0.129972130186744,0.228113826739702,0.128746486625261,-0.0348516146151966,0.0553908565776712,-0.143659121138931,0.0739558919085375,-0.242554079569617,0.172850850339224,Take,,비교 자료 부족,TRUE,FALSE,,W per selected current decision; not PA sum,2018
region,0-2,LOW,ALL,14462,13189,0.9119762135251,2411,12842,705,624,0.320495090582216,0.340435211160816,0.679504909417785,0.659564788839184,0.178909090909091,Take,Swing_including_bunts,8699,6775.33633006486,2364,0.00166568873865843,4490,2662.85482273537,1971,0.00364441786036808,0.216166091891936,0.0771891213190372,0.223332417741442,0.107795665433194,-0.138976970572899,0.00626725696740169,-0.151266740700127,-0.126687200445671,-0.162352383565923,-0.115601557579874,Take,Take,관찰상 방향 뚜렷,TRUE,TRUE,,W per selected current decision; not PA sum,2018
region_pitch,0-2,LOW,FB,2119,1877,0.885795186408683,1252,1853,458,507,0.183577159037282,0.197123068726692,0.816422840962718,0.802876931273308,0.196428343100693,Take,Swing_including_bunts,1507,1141.50115406258,1086,0.00515731403019426,370,229.39232239344,318,0.0200485329438369,0.201633084697966,0.142464873284462,0.229368696377297,0.141541426311091,-0.0591682114135044,0.0210718816335861,-0.100508337140713,-0.017828085686296,-0.137874020893846,0.0195375980668372,Take,Take,차이 불명확,TRUE,TRUE,,W per selected current decision; not PA sum,2018
region_pitch,0-2,LOW,NFB,12340,11312,0.916693679092383,2388,11055,697,621,0.344003241491086,0.364214992927864,0.655996758508914,0.635785007072136,0.176002121640736,Take,Swing_including_bunts,7192,5634.24198091786,2296,0.00174658301348291,4120,2436.44769200792,1905,0.00402893265726436,0.218577553570072,0.0663579167186922,0.222330818112774,0.102196231808033,-0.15221963685138,0.00640209984425316,-0.164773887740412,-0.139665385962348,-0.176098337761676,-0.128340935941084,Take,Take,관찰상 방향 뚜렷,TRUE,TRUE,,W per selected current decision; not PA sum,2018
region,0-2,INSIDE,ALL,7266,6746,0.928433801266171,2243,6512,661,598,0.365400495458299,0.382745330566261,0.634599504541701,0.617254669433739,0.209471538689594,Take,Swing_including_bunts,4164,2843.42286097813,1963,0.00267868700884363,2582,1572.14368730337,1547,0.00436298416719276,0.22008715004862,0.130720077524524,0.217913934640918,0.145535258417607,-0.0893670725240965,0.0105358195015038,-0.110028053215534,-0.0687060918326587,-0.128667780036188,-0.0500663650120047,Take,Take,관찰상 방향 뚜렷,TRUE,TRUE,,W per selected current decision; not PA sum,2018
region_pitch,0-2,INSIDE,FB,3768,3581,0.950371549893843,1804,3517,588,551,0.365180467091295,0.376431164479196,0.634819532908705,0.623568835520804,0.218466908684725,Take,Swing_including_bunts,2233,1526.78843933617,1414,0.00418927559633378,1348,919.353076957016,1018,0.00775921888537978,0.209552991355634,0.166469704082972,0.214406229204716,0.174389053638915,-0.0430832872726613,0.0152378350293885,-0.0729689573309839,-0.0131976172143387,-0.0999464336693681,0.0137798591240455,Take,Take,차이 불명확,TRUE,TRUE,,W per selected current decision; not PA sum,2018
region_pitch,0-2,INSIDE,NFB,3496,3165,0.905320366132723,1688,3115,571,544,0.365274599542334,0.389889415481833,0.634725400457666,0.610110584518167,0.199293838862559,Take,Swing_including_bunts,1931,1317.98388755833,1269,0.00570635871695604,1234,679.858986329991,935,0.00848610087236009,0.232005893264919,0.0902716058955178,0.221882684456729,0.112888989637985,-0.141734287369401,0.0139889189739919,-0.169171749938038,-0.114296824800764,-0.193944257225434,-0.0895243175133684,Take,Take,관찰상 방향 뚜렷,TRUE,TRUE,,W per selected current decision; not PA sum,2018
region,0-2,OUTSIDE,ALL,15717,14322,0.911242603550296,2415,13711,732,629,0.331615448240758,0.353581901968999,0.668384551759242,0.646418098031001,0.193713308197179,Take,Swing_including_bunts,9258,6560.95448628617,2366,0.00222061453690784,5064,3117.06303924367,2049,0.00342917762364037,0.204778410045948,0.1265562742704,0.214022057200733,0.135726558880667,-0.078222135775548,0.00670937531551683,-0.091378866399665,-0.0650654051514311,-0.10324648349819,-0.0531977880529061,Take,Take,관찰상 방향 뚜렷,TRUE,TRUE,,W per selected current decision; not PA sum,2018
region_pitch,0-2,OUTSIDE,FB,6979,6333,0.907436595500788,2195,6187,658,603,0.281415675598223,0.302226432970156,0.718584324401777,0.697773567029844,0.20831501657982,Take,Swing_including_bunts,4419,3207.93957638307,1967,0.00398031039016267,1914,1309.88506763787,1268,0.00478739133065642,0.205840462762689,0.168420859618724,0.214958465066973,0.166604702377989,-0.0374196031439655,0.0110854093345932,-0.0591585988392725,-0.0156806074486584,-0.0787718922008048,0.0039326859128739,Take,Take,차이 불명확,TRUE,TRUE,,W per selected current decision; not PA sum,2018
region_pitch,0-2,OUTSIDE,NFB,8734,7989,0.914701167849783,2305,7823,694,602,0.371765514082894,0.394292151708599,0.628234485917106,0.605707848291401,0.182138315183377,Take,Swing_including_bunts,4839,3366.27896363283,2081,0.00284134365318789,3150,1824.80495250466,1706,0.00553788425885234,0.203936504944543,0.0933695902034403,0.21327975265487,0.111248991879973,-0.110566914741102,0.00796677617041085,-0.126189716190198,-0.0949441132920063,-0.140283250861268,-0.0808505786209361,Take,Take,관찰상 방향 뚜렷,TRUE,TRUE,,W per selected current decision; not PA sum,2018
region,0-2,CENTER,ALL,11963,10912,0.912145782830394,2375,9742,708,620,0.892669062944078,0.889937683284457,0.107330937055922,0.110062316715543,0.220707936217009,Take,Swing_including_bunts,1201,1026.02694453385,928,0.00645932001190617,9711,9678.42111790188,2347,0.00174024234058091,0.0657023014357745,0.239841873494931,0.144235743651487,0.233670487495494,0.174139572059156,0.00894905245421269,0.156590804533994,0.191688339584319,0.140760903083339,0.207518241034974,Swing_including_bunts,Swing_including_bunts,관찰상 방향 뚜렷,TRUE,TRUE,,W per selected current decision; not PA sum,2018
region_pitch,0-2,CENTER,FB,6817,6381,0.936042247322869,2202,5981,652,600,0.881032712336805,0.878388967246513,0.118967287663195,0.121611032753487,0.21238442250431,Take,Swing_including_bunts,776,661.80399331386,648,0.00517154075044695,5605,5584.34226227056,2122,0.00200853358943144,0.0581590436031142,0.233395193265169,0.141952652281951,0.230603776061699,0.175236149662055,0.0113196438366637,0.153037848342425,0.197434450981685,0.133010315297988,0.217461984026122,Swing_including_bunts,Swing_including_bunts,관찰상 방향 뚜렷,TRUE,TRUE,,W per selected current decision; not PA sum,2018
region_pitch,0-2,CENTER,NFB,5144,4531,0.880832037325039,1995,4339,635,579,0.908048211508554,0.906201721474288,0.0919517884914464,0.0937982785257118,0.232429927168396,Take,Swing_including_bunts,425,371.096378977692,379,0.0129335723301978,4106,4094.56101387268,1922,0.0024310989011089,0.0763254592883911,0.248920722876108,0.147451017548861,0.237989332266856,0.172595263587716,0.0148183180842101,0.143534253884131,0.201656273291302,0.117308567585084,0.227881959590349,Swing_including_bunts,Swing_including_bunts,관찰상 방향 뚜렷,TRUE,TRUE,,W per selected current decision; not PA sum,2018
count,1-0,ALL,ALL,71803,67878,0.945336545826776,2426,67878,791,641,0.422600726989123,0.439111346828133,0.577399273010877,0.560888653171867,0.353270131706886,Take,Swing_including_bunts,38072,28585.6559084337,2426,0.00105954221533236,29806,18558.6466607109,2426,0.00124790724372746,0.351803802377581,0.31917394135104,0.350241141759565,0.311427734784919,-0.0326298610265403,0.00485719431315557,-0.0421545408587376,-0.0231051811943431,-0.0507458947457628,-0.0145138273073179,Take,Take,관찰상 방향 뚜렷,TRUE,TRUE,,W per selected current decision; not PA sum,2018
region,1-0,HIGH,ALL,5984,5235,0.874832887700535,2067,5235,679,567,0.22543449197861,0.254441260744986,0.77456550802139,0.745558739255014,0.378765425023878,Take,Swing_including_bunts,3903,3685.47722120792,1863,0.00198886580740574,1332,915.126419406781,1007,0.00599258389902999,0.406875693353201,0.276744478914509,0.408059985588058,0.279220642428101,-0.130131214438692,0.0161916275957627,-0.161884824021452,-0.0983776048559314,-0.190537756536958,-0.0697246723404252,Take,Take,관찰상 방향 뚜렷,TRUE,TRUE,,W per selected current decision; not PA sum,2018
region_pitch,1-0,HIGH,FB,4491,3959,0.881540859496771,1873,3959,639,551,0.270986417279002,0.303359434200556,0.729013582720998,0.696640565799444,0.365973225562011,Take,Swing_including_bunts,2758,2610.04174303291,1589,0.00284570852048986,1201,830.71147298819,936,0.00651482576568406,0.39869797196912,0.278807951896163,0.403417342256699,0.279007190577474,-0.119890020072957,0.0200127445611955,-0.159139655699657,-0.0806403844462581,-0.194566049352181,-0.0452139907937334,Take,Take,관찰상 방향 뚜렷,TRUE,TRUE,,W per selected current decision; not PA sum,2018
region_pitch,1-0,HIGH,NFB,1493,1276,0.854655056932351,957,1276,446,418,0.0884125920964501,0.102664576802508,0.91158740790355,0.897335423197492,0.418455329153605,Take,Swing_including_bunts,1145,1076.88498705442,881,0.00407182794280841,131,86.5816226440079,125,0.0527368480619038,0.43224841981055,0.270342214389145,0.422464550594995,0.279882911923891,-0.161906205421405,0.0238089772917838,-0.208630097932711,-0.1151823129101,-0.250917164957898,-0.0728952458849126,Take,,비교 자료 부족,TRUE,FALSE,,W per selected current decision; not PA sum,2018
region,1-0,LOW,ALL,14488,12556,0.866648260629487,2405,12556,732,603,0.214453340695748,0.239805670595731,0.785546659304252,0.760194329404269,0.387892640968461,Take,Swing_including_bunts,9545,9203.78520706975,2372,0.0018814315062072,3011,2055.46421763168,1653,0.00442673118840911,0.410987818958114,0.308648861933924,0.40569478380149,0.267458894207924,-0.10233895702419,0.0124876223624074,-0.126826576014828,-0.077851338033551,-0.148915067846748,-0.055762846201631,Take,Take,관찰상 방향 뚜렷,TRUE,TRUE,,W per selected current decision; not PA sum,2018
region_pitch,1-0,LOW,FB,6954,5926,0.8521714121369,2129,5926,664,590,0.138769053781996,0.158623017212285,0.861230946218004,0.841376982787715,0.385343233209585,Take,Swing_including_bunts,4986,4800.12916566642,2039,0.00236814687861029,940,651.875909648175,726,0.0117321483280122,0.394602974911973,0.301685574547934,0.398353668733621,0.267158156301583,-0.092917400364039,0.0160744003848697,-0.124440575781276,-0.0613942249468016,-0.152883451884422,-0.0329513488436563,Take,Take,관찰상 방향 뚜렷,TRUE,TRUE,,W per selected current decision; not PA sum,2018
region_pitch,1-0,LOW,NFB,7530,6630,0.880478087649402,2242,6630,661,524,0.284462151394422,0.31236802413273,0.715537848605578,0.68763197586727,0.390171342383107,Take,Swing_including_bunts,4559,4403.76302228456,2020,0.00291636034161337,2071,1403.62852299479,1334,0.00523496637635433,0.425632854526353,0.314872759528098,0.412256389818412,0.267727698556788,-0.110760094998255,0.0192799297747068,-0.148568483112896,-0.0729517068836137,-0.182678130621857,-0.0388420593746527,Take,Take,관찰상 방향 뚜렷,TRUE,TRUE,,W per selected current decision; not PA sum,2018
region,1-0,INSIDE,ALL,9215,8215,0.89148128052089,2306,8215,713,586,0.301790558871405,0.331710286062082,0.698209441128595,0.668289713937918,0.371376262933658,Take,Swing_including_bunts,5490,5160.26612105303,2153,0.00178379627177212,2725,1831.72212417735,1579,0.0033754250259355,0.400135401317656,0.289731368733598,0.385316195574624,0.287976679636436,-0.110404032584058,0.0153649616954798,-0.140534625683551,-0.0802734394845651,-0.167715802924629,-0.0530922622434873,Take,Take,관찰상 방향 뚜렷,TRUE,TRUE,,W per selected current decision; not PA sum,2018
region_pitch,1-0,INSIDE,FB,6575,5960,0.906463878326996,2144,5960,673,566,0.332015209125475,0.361073825503356,0.667984790874525,0.638926174496644,0.362930536912752,Take,Swing_including_bunts,3808,3595.62755445873,1867,0.00227611040090335,2152,1482.25954496168,1385,0.00415171249867554,0.396072477681026,0.277853699341195,0.381418703807616,0.289862952214945,-0.118218778339831,0.0184533739089842,-0.154407165569417,-0.0820303911102459,-0.187058821894085,-0.0493787347855773,Take,Take,관찰상 방향 뚜렷,TRUE,TRUE,,W per selected current decision; not PA sum,2018
region_pitch,1-0,INSIDE,NFB,2638,2255,0.854814253222138,1416,2255,553,467,0.226686884003033,0.25410199556541,0.773313115996967,0.74589800443459,0.39369844789357,Take,Swing_including_bunts,1682,1570.06008448619,1189,0.00398880569710322,573,354.523202743507,492,0.0142393535554366,0.410873771550169,0.32112423329179,0.395617326808046,0.282991231934479,-0.0897495382583788,0.0284852599640469,-0.145627418075053,-0.0338716584417042,-0.196108421497409,0.0166093449806514,Take,Take,차이 불명확,TRUE,TRUE,,W per selected current decision; not PA sum,2018
region,1-0,OUTSIDE,ALL,18881,16946,0.897516021397172,2422,16946,757,622,0.216302102642869,0.237047090758881,0.783697897357131,0.762952909241119,0.372474743302254,Take,Swing_including_bunts,12929,12217.1615885416,2406,0.00114605969241876,4017,2731.11854497353,1945,0.00298866091687819,0.387532537199768,0.289049910618074,0.38801978739656,0.287697124051221,-0.0984826265816938,0.00920667124774007,-0.116536396443546,-0.0804288567198417,-0.132821131265913,-0.0641441218974747,Take,Take,관찰상 방향 뚜렷,TRUE,TRUE,,W per selected current decision; not PA sum,2018
region_pitch,1-0,OUTSIDE,FB,11304,10086,0.892250530785563,2362,10086,710,611,0.191613588110403,0.211183819155265,0.808386411889597,0.788816180844735,0.371581003371009,Take,Swing_including_bunts,7956,7537.09383611558,2305,0.00152222715304592,2130,1533.80540251036,1397,0.00356458689177433,0.377759681693584,0.293676351846638,0.381897518598767,0.288890251252591,-0.0840833298469463,0.0110359599895089,-0.105724508196098,-0.0624421514977944,-0.125246216857517,-0.0429204428363752,Take,Take,관찰상 방향 뚜렷,TRUE,TRUE,,W per selected current decision; not PA sum,2018
region_pitch,1-0,OUTSIDE,NFB,7576,6860,0.905491024287223,2249,6860,666,542,0.253035902851109,0.275072886297376,0.746964097148891,0.724927113702624,0.373788775510204,Take,Swing_including_bunts,4973,4684.48092935488,2077,0.00201449989566136,1887,1211.20238343813,1270,0.0041929225293283,0.401901199099966,0.282247828077068,0.397021128955531,0.285942913999762,-0.119653371022898,0.0152517946795548,-0.149562442742373,-0.0897442993034238,-0.17654535420202,-0.0627613878437767,Take,Take,관찰상 방향 뚜렷,TRUE,TRUE,,W per selected current decision; not PA sum,2018
region,1-0,CENTER,ALL,31664,31221,0.986009348155634,2426,31221,773,635,0.629168772107125,0.629672335927741,0.370831227892875,0.370327664072259,0.331364434194933,Take,Swing_including_bunts,11562,9828.00964594842,2407,0.00156868967095166,19659,18798.3890896882,2424,0.00103287866142364,0.302685896062177,0.346086084046355,0.304351596865894,0.341653132722309,0.0434001879841773,0.00684529437578159,0.0299769578058272,0.0568234181625274,0.0178690735723477,0.0689313023960069,Swing_including_bunts,Swing_including_bunts,관찰상 방향 뚜렷,TRUE,TRUE,,W per selected current decision; not PA sum,2018
region_pitch,1-0,CENTER,FB,21271,20904,0.98274646231959,2422,20904,745,632,0.65464717220629,0.65575966322235,0.34535282779371,0.34424033677765,0.331391264829698,Take,Swing_including_bunts,7196,6050.92899526362,2264,0.00171126620299781,13708,13139.6993152777,2412,0.00128985788059061,0.300125457460404,0.34558849316491,0.301225518820163,0.341752744731647,0.0454630357045068,0.00847626414617115,0.0288415535134483,0.0620845178955653,0.0138487607667086,0.077077310642305,Swing_including_bunts,Swing_including_bunts,관찰상 방향 뚜렷,TRUE,TRUE,,W per selected current decision; not PA sum,2018
region_pitch,1-0,CENTER,NFB,10385,10317,0.993452094366875,2366,10317,714,571,0.576889744824266,0.576814965590773,0.423110255175734,0.423185034409228,0.331310070757003,Take,Swing_including_bunts,4366,3976.86679255738,1969,0.00236643739894568,5951,5714.19974746009,2201,0.0016683498646104,0.307873780963939,0.347094287960836,0.310685563665153,0.341451301817665,0.0392205069968973,0.0114163084280781,0.0168334964702157,0.0616075175235788,-0.0033609232987588,0.0818019372925533,Swing_including_bunts,Swing_including_bunts,차이 불명확,TRUE,TRUE,,W per selected current decision; not PA sum,2018
count,1-1,ALL,ALL,73854,70612,0.95610258076746,2426,70612,787,644,0.534825466460855,0.545218942955872,0.465174533539145,0.454781057044129,0.298080142185464,Take,Swing_including_bunts,32113,17681.5958498208,2426,0.00115258267379416,38499,24361.1925125869,2426,0.00100744715295705,0.293836040285591,0.259802350458618,0.296705735702234,0.257429232676153,-0.0340336898269736,0.0046146442800453,-0.0430827429372983,-0.0249846367166489,-0.0512450768931842,-0.0168223027607629,Take,Take,관찰상 방향 뚜렷,TRUE,TRUE,,W per selected current decision; not PA sum,2018
region,1-1,HIGH,ALL,6968,6475,0.929247990815155,2206,6475,667,580,0.317451205510907,0.336679536679537,0.682548794489093,0.663320463320463,0.319678301158301,Take,Swing_including_bunts,4295,3399.59245189427,1970,0.00269220225311287,2180,1548.74117705434,1365,0.00452337762624319,0.346640554549224,0.247795474374177,0.34491624022581,0.22664053977406,-0.0988450801750467,0.0138002318882697,-0.125907892785989,-0.0717822675641041,-0.150324130814005,-0.0473660295360882,Take,Take,관찰상 방향 뚜렷,TRUE,TRUE,,W per selected current decision; not PA sum,2018
region_pitch,1-1,HIGH,FB,5238,4895,0.934516991218022,2029,4895,623,564,0.372470408552883,0.392236976506639,0.627529591447117,0.607763023493361,0.311276404494382,Take,Swing_including_bunts,2975,2436.05079324359,1680,0.00299047397848266,1920,1366.85986493235,1253,0.00494938709327796,0.343336217401186,0.252534623316388,0.342267119216236,0.226193464823196,-0.0908015940847985,0.0159585524153591,-0.12209846068128,-0.0595047274883173,-0.150340606348387,-0.0312625818212102,Take,Take,관찰상 방향 뚜렷,TRUE,TRUE,,W per selected current decision; not PA sum,2018
region_pitch,1-1,HIGH,NFB,1729,1580,0.913823019086177,1097,1580,476,460,0.150954308849046,0.164556962025316,0.849045691150954,0.835443037974684,0.345708227848101,Take,Swing_including_bunts,1320,1005.48179605057,969,0.00479447728795696,260,214.092850027448,232,0.017016251220251,0.356877725650263,0.233113111037391,0.35312348537889,0.22802562324525,-0.123764614612872,0.0270690779366551,-0.176877686626471,-0.0706515425992743,-0.224913217173626,-0.0226160120521191,Take,Take,관찰상 방향 뚜렷,TRUE,TRUE,,W per selected current decision; not PA sum,2018
region,1-1,LOW,ALL,17109,15625,0.913262025834356,2414,15625,736,617,0.304751884972821,0.326208,0.695248115027179,0.673792,0.315124928,Take,Swing_including_bunts,10528,9009.24951815074,2381,0.00142813326813365,5097,3261.97083758306,2062,0.00302676594920356,0.349388645244163,0.220481652150299,0.345186427159582,0.21234306025688,-0.128906993093864,0.00895097512715032,-0.146459386202791,-0.111354599984936,-0.162291987465795,-0.095521998721932,Take,Take,관찰상 방향 뚜렷,TRUE,TRUE,,W per selected current decision; not PA sum,2018
region_pitch,1-1,LOW,FB,5705,5113,0.896231375985977,2067,5113,649,575,0.177738825591586,0.192646195971054,0.822261174408414,0.807353804028946,0.319458243692548,Take,Swing_including_bunts,4128,3519.96874045289,1933,0.00228497005993923,985,652.717825736354,757,0.0120899272856171,0.329473673443482,0.215321270870852,0.340766466013749,0.211340886767204,-0.11415240257263,0.0133514368930801,-0.140336077559243,-0.0879687275860166,-0.163962968557069,-0.0643418365881913,Take,Take,관찰상 방향 뚜렷,TRUE,TRUE,,W per selected current decision; not PA sum,2018
region_pitch,1-1,LOW,NFB,11403,10512,0.921862667719021,2377,10512,708,599,0.36823642900991,0.39117199391172,0.63176357099009,0.60882800608828,0.313017218417047,Take,Swing_including_bunts,6400,5489.30160273248,2234,0.00183495994751122,4112,2609.53377111931,1918,0.00313486844588908,0.359075217810457,0.222991643539361,0.347336280787687,0.212830513933888,-0.136083574271096,0.0115167799525638,-0.158667552662315,-0.113499595879877,-0.179039438079004,-0.093127710463188,Take,Take,관찰상 방향 뚜렷,TRUE,TRUE,,W per selected current decision; not PA sum,2018
region,1-1,INSIDE,ALL,11979,11222,0.936806077301945,2388,11222,723,596,0.374238250271308,0.392888968098378,0.625761749728692,0.607111031901622,0.309172963821066,Take,Swing_including_bunts,6813,5498.32672662679,2264,0.0023718702581054,4409,2832.97243340471,1978,0.00318034347901933,0.335462530165264,0.239891123123897,0.327365143778348,0.23497460363635,-0.0955714070413678,0.011103458633679,-0.117344826515343,-0.0737979875673928,-0.136985345316864,-0.0541574687658717,Take,Take,관찰상 방향 뚜렷,TRUE,TRUE,,W per selected current decision; not PA sum,2018
region_pitch,1-1,INSIDE,FB,8188,7778,0.949926722032242,2290,7778,688,577,0.395090376160235,0.410645410131139,0.604909623839766,0.589354589868861,0.304767292363075,Take,Swing_including_bunts,4584,3788.49183517269,2013,0.00245498474301088,3194,2192.19552432815,1712,0.00441103849397846,0.332869788573512,0.231584183078891,0.323117394391802,0.23862721853107,-0.101285605494621,0.0129353319795216,-0.126651803178218,-0.0759194078110236,-0.149535328314067,-0.0530358826751748,Take,Take,관찰상 방향 뚜렷,TRUE,TRUE,,W per selected current decision; not PA sum,2018
region_pitch,1-1,INSIDE,NFB,3791,3444,0.908467422843577,1805,3444,620,525,0.329200738591401,0.352787456445993,0.670799261408599,0.647212543554007,0.319122822299652,Take,Swing_including_bunts,2229,1734.73832126585,1429,0.00328724499277358,1215,684.21329512041,938,0.00863269439308432,0.34131803077521,0.258651686326583,0.336958347822643,0.226725463493745,-0.0826663444486265,0.0210998037675936,-0.124048964595961,-0.0412837243012923,-0.161404554627813,-0.00392813426943992,Take,Take,관찰상 방향 뚜렷,TRUE,TRUE,,W per selected current decision; not PA sum,2018
region,1-1,OUTSIDE,ALL,19192,17846,0.929866611087953,2425,17846,753,630,0.304189245518966,0.320071724756248,0.695810754481034,0.679928275243752,0.303706488849042,Take,Swing_including_bunts,12134,9637.36769365042,2407,0.00145568735098162,5712,3792.57360375312,2161,0.00288513618846234,0.322426329163845,0.228926741231015,0.328774057436296,0.231570674792236,-0.0934995879328301,0.00767284596444635,-0.10854560247469,-0.0784535733909704,-0.122117266217124,-0.0648819096485364,Take,Take,관찰상 방향 뚜렷,TRUE,TRUE,,W per selected current decision; not PA sum,2018
region_pitch,1-1,OUTSIDE,FB,9082,8449,0.930301695661749,2333,8449,695,616,0.271415987667915,0.285951000118357,0.728584012332085,0.714048999881643,0.304836903775595,Take,Swing_including_bunts,6033,4938.58126199707,2208,0.00185993498770333,2416,1712.04492660893,1481,0.00628297989282229,0.315477616155399,0.238623591331146,0.323250545571644,0.233344223878243,-0.0768540248242531,0.010816602014512,-0.0980651842174712,-0.055642865431035,-0.117199522185288,-0.0365085274632179,Take,Take,관찰상 방향 뚜렷,TRUE,TRUE,,W per selected current decision; not PA sum,2018
region_pitch,1-1,OUTSIDE,NFB,10109,9397,0.929567711939855,2363,9397,722,596,0.333663072509645,0.350750239438119,0.666336927490355,0.649249760561881,0.302690113866128,Take,Swing_including_bunts,6101,4734.71498147842,2216,0.0021189082200925,3296,2094.43663067959,1771,0.00371010206934209,0.328674033346919,0.22020814098668,0.333740339413996,0.229976047120886,-0.10846589236024,0.0112745869664545,-0.130575006076036,-0.0863567786444436,-0.150518803036887,-0.0664129816835925,Take,Take,관찰상 방향 뚜렷,TRUE,TRUE,,W per selected current decision; not PA sum,2018
region,1-1,CENTER,ALL,29086,28402,0.976483531595957,2426,28402,766,636,0.810114831877879,0.809203577212872,0.189885168122121,0.190796422787128,0.285967185409478,Take,Swing_including_bunts,5419,4424.51867766188,2157,0.00211262213024986,22983,22750.8703099275,2426,0.000895000095871261,0.235250478231307,0.297297705368595,0.248952149173023,0.295064617640236,0.0620472271372873,0.00842684502348139,0.0455226667286549,0.0785717875459197,0.0306173524504598,0.0934771018241148,Swing_including_bunts,Swing_including_bunts,관찰상 방향 뚜렷,TRUE,TRUE,,W per selected current decision; not PA sum,2018
region_pitch,1-1,CENTER,FB,17015,16484,0.968792242139289,2424,16484,737,631,0.822744637084925,0.821341907304053,0.177255362915075,0.178658092695948,0.2823558602281,Take,Swing_including_bunts,2945,2345.93647692715,1697,0.00287742757659245,13539,13394.3852812883,2417,0.00116965417129637,0.243532101179858,0.291212201585923,0.249724119587154,0.288900109075735,0.0476801004060649,0.0109815596236939,0.0261458821222181,0.0692143186899116,0.00672177269324299,0.0886384281188867,Swing_including_bunts,Swing_including_bunts,관찰상 방향 뚜렷,TRUE,TRUE,,W per selected current decision; not PA sum,2018
region_pitch,1-1,CENTER,NFB,12058,11918,0.988389450986897,2406,11918,729,606,0.792254105158401,0.792414834703809,0.207745894841599,0.207585165296191,0.290962074173519,Take,Swing_including_bunts,2474,2087.20124023561,1509,0.00340495333513509,9444,9358.30438589291,2366,0.00138956640151334,0.223796016687096,0.305714675024037,0.247884423018757,0.303590860229366,0.0819186583369408,0.012904799522585,0.0566129805624837,0.107224336111398,0.0337865985767881,0.130050718097094,Swing_including_bunts,Swing_including_bunts,관찰상 방향 뚜렷,TRUE,TRUE,,W per selected current decision; not PA sum,2018
count,1-2,ALL,ALL,69030,64312,0.93165290453426,2426,51102,767,641,0.576271186440678,0.573843139693992,0.423728813559322,0.426156860306008,0.22349521084712,Take,Swing_including_bunts,27407,13150.6335623191,2426,0.00136478096072895,36905,24257.9241902857,2426,0.00106938413692417,0.189766510676207,0.172407922007033,0.218075914757772,0.182245624262506,-0.0173585886691739,0.00351316072696049,-0.0242476956239271,-0.0104694817144206,-0.0304617371304749,-0.00425544020787288,Take,Take,관찰상 방향 뚜렷,TRUE,TRUE,,W per selected current decision; not PA sum,2018
region,1-2,HIGH,ALL,10386,9916,0.95474677450414,2352,9570,702,601,0.408915848257269,0.422751109318274,0.591084151742731,0.577248890681727,0.236618293666801,Take,Swing_including_bunts,5724,3819.45875678736,2157,0.00268826861979716,4192,3010.05663595992,1894,0.00327338411626049,0.265378885850729,0.161662974483425,0.258644417389896,0.171193038918691,-0.103715911367303,0.00983414343271845,-0.123000406458211,-0.0844314162763958,-0.140396404004159,-0.0670354187304475,Take,Take,관찰상 방향 뚜렷,TRUE,TRUE,,W per selected current decision; not PA sum,2018
region_pitch,1-2,HIGH,FB,9142,8755,0.957667906366222,2321,8494,676,597,0.424633559396193,0.438149628783552,0.575366440603807,0.561850371216448,0.235780696744717,Take,Swing_including_bunts,4919,3644.5809430558,2063,0.0026220342889146,3836,2767.77816601476,1837,0.00346806427883204,0.270564926872985,0.163037820728644,0.257287569779452,0.174881531076427,-0.107527106144342,0.0100674540388351,-0.127269253038698,-0.0877849592499853,-0.145078621193431,-0.0699755910952523,Take,Take,관찰상 방향 뚜렷,TRUE,TRUE,,W per selected current decision; not PA sum,2018
region_pitch,1-2,HIGH,NFB,1241,1161,0.935535858178888,884,1154,420,434,0.294117647058824,0.306632213608958,0.705882352941176,0.693367786391042,0.242934539190353,Take,Swing_including_bunts,805,459.447026441661,671,0.0116873575152628,356,304.640926883588,317,0.0135114037501412,0.226271401656193,0.151295378551569,0.268876287182693,0.143378440433784,-0.0749760231046241,0.036092123088706,-0.145812380510875,-0.00413966569837321,-0.209951608429284,0.0599995622200355,Take,Take,차이 불명확,TRUE,TRUE,,W per selected current decision; not PA sum,2018
region,1-2,LOW,ALL,20276,19095,0.941753797593214,2425,18489,733,631,0.360623397119748,0.375019638648861,0.639376602880253,0.624980361351139,0.215283529719822,Take,Swing_including_bunts,11934,8716.40168271497,2398,0.00153889024397378,7161,4343.72751841412,2252,0.00221019684540579,0.273176799981011,0.090704621120315,0.263854564590011,0.12311678798579,-0.182472178860696,0.00604319477103328,-0.194322540098962,-0.170621817622431,-0.205011690870727,-0.159932666850665,Take,Take,관찰상 방향 뚜렷,TRUE,TRUE,,W per selected current decision; not PA sum,2018
region_pitch,1-2,LOW,FB,3556,3274,0.920697412823397,1703,3246,557,554,0.227784026996625,0.244654856444716,0.772215973003375,0.755345143555284,0.232386682956628,Take,Swing_including_bunts,2473,1804.47877651143,1512,0.00361644494307853,801,485.365423668775,638,0.014370625622322,0.263678805802477,0.123664002395304,0.257647166494237,0.151706636299123,-0.140014803407173,0.0150972301400388,-0.169625888194741,-0.110403718619604,-0.196360157854501,-0.0836694489598446,Take,Take,관찰상 방향 뚜렷,TRUE,TRUE,,W per selected current decision; not PA sum,2018
region_pitch,1-2,LOW,NFB,16716,15821,0.946458482890644,2421,15414,724,622,0.388849006939459,0.40199734530055,0.611150993060541,0.59800265469945,0.211744200745844,Take,Swing_including_bunts,9461,6912.19267061516,2357,0.00194616071961105,6360,3865.72013279111,2193,0.00244079333850993,0.275142316253088,0.0838840020510833,0.265139124438666,0.117200400691824,-0.191258314202004,0.0066189813670081,-0.204237770924534,-0.178278857479475,-0.215945419990194,-0.166571208413815,Take,Take,관찰상 방향 뚜렷,TRUE,TRUE,,W per selected current decision; not PA sum,2018
region,1-2,INSIDE,ALL,11386,10823,0.950553311083787,2367,10345,709,612,0.402160548041454,0.414395269333826,0.597839451958546,0.585604730666174,0.2345724845237,Take,Swing_including_bunts,6338,3973.25724110206,2214,0.00285989818448708,4485,2936.95788372947,1959,0.0037439263029118,0.249636337152981,0.140044696562822,0.251402075535978,0.15955401914888,-0.10959164059016,0.00829916688591383,-0.125866034138638,-0.0933172470416811,-0.140546494643674,-0.0786367865366452,Take,Take,관찰상 방향 뚜렷,TRUE,TRUE,,W per selected current decision; not PA sum,2018
region_pitch,1-2,INSIDE,FB,6197,5974,0.964014845893174,2151,5824,660,582,0.41439406164273,0.423836625376632,0.58560593835727,0.576163374623368,0.240659189822564,Take,Swing_including_bunts,3442,2257.45839420358,1775,0.00437351073993633,2532,1786.80036517266,1483,0.00543812084684197,0.238939928187904,0.175564237842073,0.242464751165654,0.184720537818095,-0.0633756903458311,0.0117786964793668,-0.086474514826618,-0.0402768658650441,-0.107315698137271,-0.0194356825543916,Take,Take,관찰상 방향 뚜렷,TRUE,TRUE,,W per selected current decision; not PA sum,2018
region_pitch,1-2,INSIDE,NFB,5185,4849,0.93519768563163,2024,4761,637,562,0.387656702025072,0.402763456382759,0.612343297974928,0.597236543617241,0.227073623427511,Take,Swing_including_bunts,2896,1723.43370038579,1667,0.00556054942289179,1953,1174.20996529908,1271,0.0059417698204734,0.262814383586756,0.096284387302717,0.262412918140291,0.128548702067029,-0.166529996284039,0.0117059417519228,-0.189486955574012,-0.143573036994065,-0.210203341664093,-0.122856650903984,Take,Take,관찰상 방향 뚜렷,TRUE,TRUE,,W per selected current decision; not PA sum,2018
region,1-2,OUTSIDE,ALL,21007,19829,0.943923454086733,2426,18873,749,628,0.395344409006522,0.409803822683948,0.604655590993478,0.590196177316052,0.220031519491654,Take,Swing_including_bunts,11703,7826.56624618518,2405,0.00175454368972305,8126,5146.23918685462,2322,0.00198077630628241,0.234970300381479,0.144550469815725,0.249850429544839,0.148614649054776,-0.0904198305657535,0.00627768810906568,-0.102730017367071,-0.0781096437644359,-0.113833925644176,-0.0670057354873314,Take,Take,관찰상 방향 뚜렷,TRUE,TRUE,,W per selected current decision; not PA sum,2018
region_pitch,1-2,OUTSIDE,FB,9103,8589,0.943535098319235,2330,8397,696,609,0.350433922882566,0.364419606473396,0.649566077117434,0.635580393526604,0.229045523343812,Take,Swing_including_bunts,5459,3854.73402227104,2121,0.00288609559030369,3130,2222.47152860668,1707,0.0026020569921266,0.218976527365066,0.179622236458416,0.244115457959043,0.174898834042248,-0.0393542909066495,0.00974355932697222,-0.0584612459287766,-0.0202473358845224,-0.0756974562298396,-0.00301112558345934,Take,Take,관찰상 방향 뚜렷,TRUE,TRUE,,W per selected current decision; not PA sum,2018
region_pitch,1-2,OUTSIDE,NFB,11900,11240,0.94453781512605,2399,10949,720,615,0.429495798319328,0.444483985765125,0.570504201680672,0.555516014234875,0.213143505338078,Take,Swing_including_bunts,6244,4006.59735038477,2227,0.00275320970325237,4996,2955.22875364295,2086,0.00277349880114088,0.247191876577028,0.117750522867854,0.254232784611602,0.128529696665328,-0.129441353709174,0.00830326813507607,-0.145723678465172,-0.113159028953175,-0.160410854838117,-0.0984718525802303,Take,Take,관찰상 방향 뚜렷,TRUE,TRUE,,W per selected current decision; not PA sum,2018
region,1-2,CENTER,ALL,20697,18226,0.880610716528966,2423,16064,735,627,0.907522829395565,0.902666520355536,0.0924771706044354,0.0973334796444639,0.230423351256447,Take,Swing_including_bunts,1774,1523.06597574406,1276,0.00337914787643094,16452,16407.1142182117,2421,0.00109444509010077,0.0420715735316469,0.251007332740505,0.143233815284817,0.250079482220681,0.208935759208858,0.006046827381093,0.197078269737375,0.220793248680341,0.186382669935034,0.231488848482682,Swing_including_bunts,Swing_including_bunts,관찰상 방향 뚜렷,TRUE,TRUE,,W per selected current decision; not PA sum,2018
region_pitch,1-2,CENTER,FB,11446,10362,0.905294426000349,2351,9664,699,620,0.895858815306657,0.891237212893264,0.104141184693343,0.108762787106736,0.22732725342598,Take,Swing_including_bunts,1127,957.529623701112,905,0.00438843538866004,9235,9206.37752601529,2327,0.00167303201308063,0.0367445200003824,0.251234265854311,0.137509120785594,0.249771704497105,0.214489745853928,0.00724476233261022,0.200282955479492,0.228696536228364,0.187467399451612,0.241512092256245,Swing_including_bunts,Swing_including_bunts,관찰상 방향 뚜렷,TRUE,TRUE,,W per selected current decision; not PA sum,2018
region_pitch,1-2,CENTER,NFB,9248,7864,0.850346020761246,2303,7492,695,616,0.921929065743945,0.917726347914547,0.0780709342560554,0.0822736520854527,0.234502924720244,Take,Swing_including_bunts,647,577.147904623091,563,0.00615290411432931,7217,7201.51277349088,2267,0.00156505864822687,0.0490907658880765,0.250708314311557,0.150776959282903,0.250485025553807,0.20161754842348,0.00969010848319822,0.182615293716555,0.220619803130405,0.165473075590598,0.237762021256363,Swing_including_bunts,Swing_including_bunts,관찰상 방향 뚜렷,TRUE,TRUE,,W per selected current decision; not PA sum,2018
count,2-0,ALL,ALL,24453,23213,0.949290475606265,2426,23213,774,623,0.432462274567538,0.448843320553138,0.567537725432462,0.551156679446862,0.422521130401068,Take,Swing_including_bunts,12794,9616.9804674985,2415,0.00149124806333429,10419,6598.64612585418,2391,0.00256829093901853,0.42075384162656,0.375547026738021,0.422514470280358,0.36068122151716,-0.0452068148885394,0.00788113500895979,-0.0606612692164939,-0.0297523605605849,-0.0746013373974204,-0.0158122923796584,Take,Take,관찰상 방향 뚜렷,TRUE,TRUE,,W per selected current decision; not PA sum,2018
region,2-0,HIGH,ALL,2194,1880,0.856882406563355,1273,1880,547,461,0.195077484047402,0.226063829787234,0.804922515952598,0.773936170212766,0.487229787234043,Take,Swing_including_bunts,1455,1369.38524789288,1072,0.0040596573860792,425,306.122656194476,388,0.0116203205835552,0.522907089020058,0.337574939793777,0.494371012301797,0.330379041532129,-0.18533214922628,0.0257994319589153,-0.235946267488054,-0.134718030964507,-0.281691144344602,-0.0889731541079591,Take,Take,관찰상 방향 뚜렷,TRUE,TRUE,,W per selected current decision; not PA sum,2018
region_pitch,2-0,HIGH,FB,1815,1563,0.861157024793388,1122,1563,510,451,0.227548209366391,0.262316058861164,0.772451790633609,0.737683941138836,0.48017978246961,Take,Swing_including_bunts,1153,1083.78225860503,897,0.00516125380330615,410,294.378045771265,375,0.0120262310706312,0.520606870196157,0.338509389338473,0.49382274111399,0.332331367525657,-0.182097480857684,0.0299492465628355,-0.240860371697572,-0.123334590017796,-0.293999878219261,-0.0701950834961071,Take,Take,관찰상 방향 뚜렷,TRUE,TRUE,,W per selected current decision; not PA sum,2018
region_pitch,2-0,HIGH,NFB,379,317,0.836411609498681,289,317,185,203,0.0395778364116095,0.0473186119873817,0.96042216358839,0.952681388012618,0.521990536277603,Take,Swing_including_bunts,302,285.791211871014,279,0.0107412142026292,15,11.9773282963827,15,0.177834857062133,0.53424854650194,0.332967543458257,0.497074317874487,0.32075290422019,-0.201281003043683,0.0392217619445957,-0.278478654474182,-0.124083351613184,-0.349250587011649,-0.0533114190757163,Take,,비교 자료 부족,TRUE,FALSE,,W per selected current decision; not PA sum,2018
region,2-0,LOW,ALL,4120,3611,0.876456310679612,1850,3611,628,517,0.194417475728155,0.215729714760454,0.805582524271845,0.784270285239546,0.477061201883135,Take,Swing_including_bunts,2832,2725.48114595275,1650,0.00248670399497877,779,533.061345591906,634,0.0151946118870441,0.504032979454882,0.361719846930405,0.488178837356824,0.319359881797956,-0.142313132524477,0.0210704101549617,-0.183637428355986,-0.100988836692968,-0.220937705280706,-0.0636885597682488,Take,Take,관찰상 방향 뚜렷,TRUE,TRUE,,W per selected current decision; not PA sum,2018
region_pitch,2-0,LOW,FB,2722,2360,0.867009551800147,1483,2360,575,503,0.145481263776635,0.165254237288136,0.854518736223365,0.834745762711864,0.472247457627119,Take,Swing_including_bunts,1970,1888.97368635935,1337,0.00316375987262697,390,261.588832550905,344,0.0285739098984661,0.491519338591528,0.341608735471778,0.487975137928875,0.322331663230374,-0.14991060311975,0.0251453650831307,-0.199234896154782,-0.100586310084717,-0.243787742064745,-0.0560334641747553,Take,Take,관찰상 방향 뚜렷,TRUE,TRUE,,W per selected current decision; not PA sum,2018
region_pitch,2-0,LOW,NFB,1397,1251,0.895490336435218,944,1251,413,371,0.289191123836793,0.310951239008793,0.710808876163207,0.689048760991207,0.486142286171063,Take,Swing_including_bunts,862,836.604833214043,703,0.00523943373095702,389,271.781521393877,353,0.0122251524910126,0.527639847910131,0.399659273822779,0.488563114455114,0.313753643444233,-0.127980574087352,0.038696319739864,-0.203921436994556,-0.0520397111801483,-0.272656328448329,0.0166951802736248,Take,Take,차이 불명확,TRUE,TRUE,,W per selected current decision; not PA sum,2018
region,2-0,INSIDE,ALL,2809,2517,0.896048415806337,1524,2517,587,507,0.320754716981132,0.353595550258244,0.679245283018868,0.646404449741756,0.452179181565356,Take,Swing_including_bunts,1627,1525.26961842988,1142,0.00352828695018291,890,606.442273975338,740,0.00630302151853936,0.486590812127596,0.369433470772592,0.469887127478729,0.339989650368956,-0.117157341355004,0.0277625676611114,-0.171614251713632,-0.0627004309963757,-0.220798473555293,-0.0135162091547141,Take,Take,관찰상 방향 뚜렷,TRUE,TRUE,,W per selected current decision; not PA sum,2018
region_pitch,2-0,INSIDE,FB,2224,2006,0.901978417266187,1316,2006,542,490,0.343525179856115,0.377367896311067,0.656474820143885,0.622632103688933,0.454993519441675,Take,Swing_including_bunts,1249,1169.10758352398,935,0.00462118797175754,757,528.868580832474,639,0.00724818392779154,0.488515446650203,0.382875462625918,0.468943731570985,0.342926158343795,-0.105639984024285,0.0330256785465549,-0.170428757089421,-0.0408512109591479,-0.228976669823286,0.0176967017747171,Take,Take,차이 불명확,TRUE,TRUE,,W per selected current decision; not PA sum,2018
region_pitch,2-0,INSIDE,NFB,585,511,0.873504273504274,453,511,285,268,0.234188034188034,0.26027397260274,0.765811965811966,0.73972602739726,0.441131115459883,Take,Swing_including_bunts,378,356.236335717584,349,0.00740057555788193,133,80.1023049852957,129,0.0351944324740502,0.47903539754374,0.316665103536247,0.473590556423808,0.328461988925657,-0.162370294007493,0.052764030739275,-0.266063550431876,-0.0586770375831101,-0.360492237950563,0.0357516499355767,Take,,비교 자료 부족,TRUE,FALSE,,W per selected current decision; not PA sum,2018
region,2-0,OUTSIDE,ALL,6171,5542,0.898071625344353,2144,5542,697,563,0.213741695025117,0.23276795380729,0.786258304974883,0.76723204619271,0.461140021652833,Take,Swing_including_bunts,4252,4007.60077177912,1971,0.00197614643255451,1290,912.224690343323,987,0.00592663653649576,0.483658472258917,0.347473947039238,0.472832923374423,0.341242085623306,-0.136184525219679,0.0147593076126132,-0.165128584000484,-0.107240466438873,-0.191243908067184,-0.0811251423721733,Take,Take,관찰상 방향 뚜렷,TRUE,TRUE,,W per selected current decision; not PA sum,2018
region_pitch,2-0,OUTSIDE,FB,4667,4174,0.894364688236555,1941,4174,657,552,0.200771373473323,0.220172496406325,0.799228626526677,0.779827503593675,0.458800431241016,Take,Swing_including_bunts,3255,3068.15514214766,1748,0.00199591919200808,919,660.525119907407,749,0.00752791297356835,0.476997458093461,0.343292558785469,0.472909590961838,0.344248688850994,-0.133704899307992,0.0165249948786465,-0.1661135136114,-0.101296285004585,-0.19536235872488,-0.072047439891105,Take,Take,관찰상 방향 뚜렷,TRUE,TRUE,,W per selected current decision; not PA sum,2018
region_pitch,2-0,OUTSIDE,NFB,1503,1368,0.910179640718563,994,1368,432,406,0.253493013972056,0.271198830409357,0.746506986027944,0.728801169590643,0.46827850877193,Take,Swing_including_bunts,997,940.156902235697,784,0.00563928847300919,371,255.281943449149,337,0.0173480351220263,0.503982356123399,0.360232071725813,0.472598997563113,0.332068429283852,-0.143750284397586,0.0337555861129852,-0.20999075606642,-0.0775098127287533,-0.269928763079024,-0.0175718057161491,Take,Take,관찰상 방향 뚜렷,TRUE,TRUE,,W per selected current decision; not PA sum,2018
region,2-0,CENTER,ALL,11594,11478,0.989994824909436,2400,11478,739,600,0.632482318440573,0.633298484056456,0.367517681559427,0.366701515943544,0.381918888308068,Take,Swing_including_bunts,4209,3609.00348988668,1987,0.0019719907592923,7269,6941.0374967954,2293,0.00179597638409597,0.349367385201108,0.395067719352875,0.370361627146275,0.383651762393795,0.0457003341517667,0.0111535462877615,0.0238287503781977,0.0675719179253358,0.00409990221685141,0.087300766086682,Swing_including_bunts,Swing_including_bunts,관찰상 방향 뚜렷,TRUE,TRUE,,W per selected current decision; not PA sum,2018
region_pitch,2-0,CENTER,FB,9238,9131,0.988417406365014,2354,9131,718,596,0.653279930720935,0.654692804731136,0.346720069279065,0.345307195268864,0.379848647464681,Take,Swing_including_bunts,3153,2707.7445579484,1750,0.00237774061136015,5978,5733.55815972084,2194,0.00158839100640379,0.344388887180476,0.393344147873323,0.366983713930628,0.384651870952688,0.0489552606928479,0.0127494873205058,0.0239538643147746,0.0739566570709213,0.00140085499096489,0.096509666394731,Swing_including_bunts,Swing_including_bunts,관찰상 방향 뚜렷,TRUE,TRUE,,W per selected current decision; not PA sum,2018
region_pitch,2-0,CENTER,NFB,2354,2347,0.997026338147833,1421,2347,500,453,0.550552251486831,0.550063911376225,0.449447748513169,0.449936088623775,0.389973157221986,Take,Swing_including_bunts,1056,981.530047037595,820,0.00447978810800903,1291,1238.5924554342,967,0.00355673904646573,0.368736224326116,0.401773271623765,0.383503393474381,0.379760841536849,0.0330370472976497,0.0231805995264417,-0.0124348512059494,0.0785089458012488,-0.0535143771838799,0.119588471779179,Swing_including_bunts,Swing_including_bunts,차이 불명확,TRUE,TRUE,,W per selected current decision; not PA sum,2018
count,2-1,ALL,ALL,38487,36987,0.961025800919791,2426,36987,775,633,0.584249227011718,0.588206667207397,0.415750772988282,0.411793332792603,0.356497499121313,Take,Swing_including_bunts,15231,7983.36835981617,2416,0.00154364430763246,21756,14661.2507131805,2426,0.00115313183309249,0.361314050841752,0.305077457968786,0.377357259502344,0.296526335157217,-0.0562365928729654,0.00680299298966096,-0.0695768724561198,-0.042896313289811,-0.0816099344455953,-0.0308632513003355,Take,Take,관찰상 방향 뚜렷,TRUE,TRUE,,W per selected current decision; not PA sum,2018
region,2-1,HIGH,ALL,3467,3258,0.939717334871647,1716,3258,625,526,0.318430920103836,0.334561080417434,0.681569079896164,0.665438919582566,0.409858502148557,Take,Swing_including_bunts,2168,1713.94502308523,1380,0.00306550743668077,1090,804.666226020064,849,0.00755515847821093,0.453394542839625,0.312166506819295,0.443851926122593,0.264624797620988,-0.14122803602033,0.0187807015189707,-0.178063531011806,-0.104392541028854,-0.211319551208626,-0.0711365208320349,Take,Take,관찰상 방향 뚜렷,TRUE,TRUE,,W per selected current decision; not PA sum,2018
region_pitch,2-1,HIGH,FB,2694,2544,0.944320712694877,1526,2544,572,510,0.370081662954714,0.386792452830189,0.629918337045286,0.613207547169811,0.405987421383648,Take,Swing_including_bunts,1560,1240.03204381916,1133,0.00429699501636859,984,732.17084183342,788,0.00732082223403072,0.460457914633235,0.317313100988947,0.442933517674099,0.264097458870629,-0.143144813644288,0.0214524114406279,-0.185224164607875,-0.101065462680701,-0.223229087801797,-0.0630605394867786,Take,Take,관찰상 방향 뚜렷,TRUE,TRUE,,W per selected current decision; not PA sum,2018
region_pitch,2-1,HIGH,NFB,773,714,0.923673997412678,582,714,347,319,0.138421733505822,0.148459383753501,0.861578266494179,0.851540616246499,0.423651260504202,Take,Swing_including_bunts,608,480.837397565542,505,0.00830586533151242,106,73.0892408590325,101,0.0485353801734904,0.428227571070797,0.293829062046752,0.44712423857773,0.266503718882772,-0.134398509024045,0.0389081152232114,-0.210816204467948,-0.0579808135801417,-0.280225277614447,0.0114282595663567,Take,,비교 자료 부족,TRUE,FALSE,,W per selected current decision; not PA sum,2018
region,2-1,LOW,ALL,7177,6727,0.937299707398635,2242,6727,697,578,0.314058798941062,0.330607997621525,0.685941201058938,0.669392002378475,0.413026906496209,Take,Swing_including_bunts,4503,3839.22016067554,2020,0.00270570905932446,2224,1463.87603724763,1408,0.00406996375622123,0.467460536048122,0.295931491341599,0.440232149946887,0.253469538905638,-0.171529044706523,0.0146436337530725,-0.200245549113669,-0.142812540299378,-0.226152758911855,-0.116905330501192,Take,Take,관찰상 방향 뚜렷,TRUE,TRUE,,W per selected current decision; not PA sum,2018
region_pitch,2-1,LOW,FB,3319,3068,0.924374811690268,1672,3068,600,542,0.207893943959024,0.221968709256845,0.792106056040976,0.778031290743155,0.421404498044329,Take,Swing_including_bunts,2387,1995.3167152078,1481,0.00287914589962623,681,445.435294923031,576,0.0100284955371642,0.454741331412684,0.282015533723495,0.441392808673898,0.251019399572069,-0.172725797689189,0.0208198372444033,-0.213561507240548,-0.13189008813783,-0.250432020039639,-0.0950195753387394,Take,Take,관찰상 방향 뚜렷,TRUE,TRUE,,W per selected current decision; not PA sum,2018
region_pitch,2-1,LOW,NFB,3856,3659,0.948910788381743,1834,3659,599,500,0.405601659751037,0.421699918010385,0.594398340248963,0.578300081989615,0.406002459688439,Take,Swing_including_bunts,2116,1845.91872102657,1396,0.00379110987244298,1543,1018.65192296813,1099,0.00544528102634427,0.478125340590763,0.307599749874625,0.439258960284556,0.25552393285901,-0.170525590716138,0.0204588607869886,-0.210650716105448,-0.130400465326829,-0.246869499005343,-0.0941816824269335,Take,Take,관찰상 방향 뚜렷,TRUE,TRUE,,W per selected current decision; not PA sum,2018
region,2-1,INSIDE,ALL,5216,4971,0.953029141104295,2083,4971,660,557,0.402223926380368,0.416214041440354,0.597776073619632,0.583785958559646,0.394243814121907,Take,Swing_including_bunts,2902,2303.42371653599,1638,0.00328714934979564,2069,1431.87377816323,1371,0.00407288185291973,0.445396191879613,0.301528812920143,0.423391925500547,0.274191620260204,-0.143867378959469,0.0176190788781064,-0.17842022599937,-0.109314531919569,-0.209598441966864,-0.0781363159520751,Take,Take,관찰상 방향 뚜렷,TRUE,TRUE,,W per selected current decision; not PA sum,2018
region_pitch,2-1,INSIDE,FB,3733,3567,0.955531743905706,1825,3567,605,543,0.421912670774176,0.435940566302215,0.578087329225824,0.564059433697785,0.391407345107934,Take,Swing_including_bunts,2012,1607.06257268653,1332,0.00371056322580535,1555,1094.11982760033,1108,0.00523536849711128,0.452347888267116,0.294232090963977,0.422819044836672,0.27538408070322,-0.158115797303139,0.0209463353068551,-0.199197120429317,-0.117034474176961,-0.236279539886984,-0.0799520547192939,Take,Take,관찰상 방향 뚜렷,TRUE,TRUE,,W per selected current decision; not PA sum,2018
region_pitch,2-1,INSIDE,NFB,1482,1404,0.947368421052632,1038,1404,474,415,0.352226720647773,0.366096866096866,0.647773279352227,0.633903133903134,0.401450142450142,Take,Swing_including_bunts,890,703.875088820819,712,0.00993486348393955,514,337.842964689702,457,0.0140623470939984,0.427734723920763,0.32006685224895,0.424847385135903,0.271162057297074,-0.107667871671813,0.0324291028191542,-0.17130201619338,-0.044033727150247,-0.228868644709367,0.0135329013657401,Take,Take,차이 불명확,TRUE,TRUE,,W per selected current decision; not PA sum,2018
region,2-1,OUTSIDE,ALL,9314,8852,0.950397251449431,2344,8852,720,587,0.332080738672965,0.345119746949842,0.667919261327035,0.654880253050158,0.382077383642115,Take,Swing_including_bunts,5797,4594.46148630539,2162,0.00230027695953952,3055,2073.01121417619,1726,0.00317912454232949,0.415615788962162,0.270919348469142,0.424852826734867,0.272773098718374,-0.14469644049302,0.011268995569128,-0.166794681526399,-0.12259819945964,-0.186729032967292,-0.102663848018747,Take,Take,관찰상 방향 뚜렷,TRUE,TRUE,,W per selected current decision; not PA sum,2018
region_pitch,2-1,OUTSIDE,FB,5568,5299,0.951688218390805,2119,5299,667,573,0.301724137931035,0.313266654085677,0.698275862068966,0.686733345914323,0.384024721645593,Take,Swing_including_bunts,3639,2893.44249481813,1836,0.00287864696862864,1660,1205.96411204453,1190,0.00455265994761775,0.413079667741714,0.258901288585973,0.424724161776232,0.272396804584636,-0.154178379155742,0.0135201678711787,-0.18069257305663,-0.127664185254853,-0.204616203234107,-0.103740555077377,Take,Take,관찰상 방향 뚜렷,TRUE,TRUE,,W per selected current decision; not PA sum,2018
region_pitch,2-1,OUTSIDE,NFB,3742,3553,0.949492250133618,1812,3553,597,491,0.377338321753073,0.392625949901492,0.622661678246927,0.607374050098508,0.379173093160709,Take,Swing_including_bunts,2158,1705.40721649365,1390,0.00417536601586449,1395,876.196102587321,1026,0.00619384467716717,0.419398199980217,0.288843271722988,0.425044719674864,0.273334309699145,-0.130554928257229,0.0195089824008072,-0.16881740320754,-0.0922924533069177,-0.203356084129581,-0.057753772384877,Take,Take,관찰상 방향 뚜렷,TRUE,TRUE,,W per selected current decision; not PA sum,2018
region,2-1,CENTER,ALL,17616,17036,0.967075386012716,2425,17036,743,627,0.827770208900999,0.824371918290679,0.172229791099001,0.175628081709321,0.322019194646631,Take,Swing_including_bunts,2992,2386.01467225263,1704,0.00234102277132817,14044,13913.4190276183,2419,0.0011371129975515,0.276855083352319,0.327660300971853,0.322089750380076,0.325177014749152,0.0508052176195342,0.0114834745969096,0.0282867770595658,0.0733236581795026,0.00797490626922254,0.0936355289698458,Swing_including_bunts,Swing_including_bunts,관찰상 방향 뚜렷,TRUE,TRUE,,W per selected current decision; not PA sum,2018
region_pitch,2-1,CENTER,FB,11830,11289,0.954268808114962,2392,11289,714,621,0.850549450549451,0.846930640446452,0.149450549450549,0.153069359553548,0.324480290548321,Take,Swing_including_bunts,1728,1348.5366698137,1219,0.00336575507388975,9561,9478.26902465247,2369,0.001477790715296,0.287501657876422,0.327693541540638,0.322520069829919,0.32486497954054,0.0401918836642158,0.014579030982502,0.011603035975408,0.0687807313530236,-0.0141851833654237,0.0945689506938553,Swing_including_bunts,Swing_including_bunts,차이 불명확,TRUE,TRUE,,W per selected current decision; not PA sum,2018
region_pitch,2-1,CENTER,NFB,5783,5747,0.993774857340481,2176,5747,647,536,0.781082483140239,0.780059161301549,0.218917516859761,0.219940838698451,0.317184792065425,Take,Swing_including_bunts,1264,1077.83878015631,950,0.00538918056060803,4483,4441.45288224183,2007,0.00223105783170899,0.255941705972365,0.327595005551459,0.321244461312861,0.325789954625613,0.0716532995790937,0.0184460308225322,0.0354796134238695,0.107826985734318,0.00284240772101337,0.140464191437174,Swing_including_bunts,Swing_including_bunts,관찰상 방향 뚜렷,TRUE,TRUE,,W per selected current decision; not PA sum,2018
count,2-2,ALL,ALL,59294,54987,0.927361959051506,2426,41965,766,638,0.649188788072992,0.639296561005329,0.350811211927008,0.360703438994672,0.273226235291978,Take,Swing_including_bunts,19834,9441.86612400075,2426,0.00160799331138064,35153,25234.0597146824,2426,0.00115773146804367,0.232170013534196,0.215180527018244,0.273927790014512,0.223070859834318,-0.0169894865159527,0.00414797082543683,-0.0251234197124431,-0.00885555331946221,-0.0324603066016217,-0.00151866643028363,Take,Take,관찰상 방향 뚜렷,TRUE,TRUE,,W per selected current decision; not PA sum,2018
region,2-2,HIGH,ALL,6766,6561,0.969701448418563,2174,6297,672,574,0.465267514040792,0.475384849870447,0.534732485959208,0.524615150129553,0.297243560432861,Take,Swing_including_bunts,3442,2067.65306317774,1773,0.00383074408314837,3119,2323.50257742441,1661,0.00470393662960905,0.362412002198574,0.198315024277454,0.333060288118535,0.200999050390665,-0.16409697792112,0.0137695964193174,-0.191099931532334,-0.137094024309906,-0.215463025805645,-0.112730930036596,Take,Take,관찰상 방향 뚜렷,TRUE,TRUE,,W per selected current decision; not PA sum,2018
region_pitch,2-2,HIGH,FB,5546,5382,0.970429138117562,2067,5199,642,564,0.49657410746484,0.507432181345225,0.503425892535161,0.492567818654775,0.292599962839093,Take,Swing_including_bunts,2651,1733.3929612185,1544,0.00379712348731215,2731,2033.35591449868,1562,0.00518715665206706,0.361654000507798,0.202317972427749,0.328481429869157,0.207674215351113,-0.159336028080049,0.0148064124081864,-0.188373074303489,-0.130298981856608,-0.214574710489806,-0.104097345670291,Take,Take,관찰상 방향 뚜렷,TRUE,TRUE,,W per selected current decision; not PA sum,2018
region_pitch,2-2,HIGH,NFB,1219,1179,0.967186218211649,870,1168,435,403,0.32239540607055,0.329092451229856,0.67760459392945,0.670907548770144,0.318441051738762,Take,Swing_including_bunts,791,446.292762024951,650,0.0106589591966464,388,334.449543404962,343,0.0152482449614009,0.365872193122882,0.180042024324197,0.3539622517302,0.170527686678089,-0.185830168798685,0.0358860733904936,-0.256263679360268,-0.115396658237101,-0.320044311779354,-0.0516160258180157,Take,Take,관찰상 방향 뚜렷,TRUE,TRUE,,W per selected current decision; not PA sum,2018
region,2-2,LOW,ALL,14416,13876,0.962541620421754,2411,13417,726,606,0.406908990011099,0.417123090227731,0.593091009988901,0.582876909772269,0.273367757278755,Take,Swing_including_bunts,8088,5784.00683131497,2336,0.00167763653134388,5788,3710.92812272327,2130,0.00246781092850266,0.353542616931418,0.119747333272306,0.346696267303809,0.157718974328068,-0.233795283659112,0.00730478036648077,-0.248119584066912,-0.219470983251312,-0.261040417978316,-0.206550149339908,Take,Take,관찰상 방향 뚜렷,TRUE,TRUE,,W per selected current decision; not PA sum,2018
region_pitch,2-2,LOW,FB,3541,3380,0.954532617904547,1754,3334,588,545,0.256424738774358,0.265680473372781,0.743575261225643,0.734319526627219,0.31619201183432,Take,Swing_including_bunts,2482,1761.85109164687,1508,0.0041456364847999,898,595.63111410864,707,0.00954518924811457,0.329849193922303,0.184915751987384,0.330949187300429,0.188636196107008,-0.144933441934919,0.0170424850490431,-0.17835917747541,-0.111507706394428,-0.20853476067604,-0.0813321231937987,Take,Take,관찰상 방향 뚜렷,TRUE,TRUE,,W per selected current decision; not PA sum,2018
region_pitch,2-2,LOW,NFB,10872,10496,0.965415746872701,2370,10220,698,584,0.455941869021339,0.465891768292683,0.544058130978661,0.534108231707317,0.259577172256098,Take,Swing_including_bunts,5606,4022.23800746177,2176,0.00238607794716165,4890,3115.84624952322,2026,0.0029552819115821,0.361172549264765,0.0987613142882201,0.351767259149409,0.147762780576847,-0.262411234976544,0.00810508608839896,-0.278305032157201,-0.246517437795888,-0.29264213172085,-0.232180338232239,Take,Take,관찰상 방향 뚜렷,TRUE,TRUE,,W per selected current decision; not PA sum,2018
region,2-2,INSIDE,ALL,9513,9213,0.968464206874803,2347,8765,700,579,0.446126353411122,0.454683599261913,0.553873646588878,0.545316400738088,0.297638011505481,Take,Swing_including_bunts,5024,3084.56095376651,2088,0.00297843996441269,4189,2882.60983219205,1968,0.00361508149657389,0.3283136286885,0.180795406134059,0.323722899623372,0.195350695649258,-0.147518222554441,0.0101875700772164,-0.167495799875947,-0.127540645232935,-0.185517093787237,-0.109519351321645,Take,Take,관찰상 방향 뚜렷,TRUE,TRUE,,W per selected current decision; not PA sum,2018
region_pitch,2-2,INSIDE,FB,5575,5445,0.976681614349776,2109,5292,641,555,0.448789237668161,0.455463728191001,0.551210762331839,0.544536271808999,0.303157575757576,Take,Swing_including_bunts,2965,1894.57567054993,1681,0.00452006465346801,2480,1811.33099237823,1482,0.00451119578593631,0.311090857646465,0.215900994614063,0.310178385660214,0.219233938410035,-0.0951898630324022,0.0135257846843991,-0.12171514392768,-0.0686645821371248,-0.145649061654683,-0.0447306644101217,Take,Take,관찰상 방향 뚜렷,TRUE,TRUE,,W per selected current decision; not PA sum,2018
region_pitch,2-2,INSIDE,NFB,3936,3768,0.957317073170732,1826,3689,614,523,0.442327235772358,0.453556263269639,0.557672764227642,0.546443736730361,0.289661889596603,Take,Swing_including_bunts,2059,1204.1488084225,1355,0.00437280631396596,1709,1081.77273560408,1182,0.00713241559527941,0.353201629836027,0.13006559475571,0.34329558500803,0.160837888634283,-0.223136035080317,0.0159715313130871,-0.254460435762148,-0.191811634398487,-0.282735637955381,-0.163536432205254,Take,Take,관찰상 방향 뚜렷,TRUE,TRUE,,W per selected current decision; not PA sum,2018
region,2-2,OUTSIDE,ALL,15820,15270,0.965233881163085,2419,14433,737,619,0.456447534766119,0.465422396856582,0.543552465233881,0.534577603143418,0.271078061558612,Take,Swing_including_bunts,8163,5174.76158686478,2343,0.00210468425507135,7107,4816.74420470603,2262,0.00244117779803119,0.298994844084399,0.175474422970865,0.326190079508081,0.186338107482915,-0.123520421113534,0.00724891191349253,-0.137735142713626,-0.109305699513442,-0.15055704094442,-0.0964838012826484,Take,Take,관찰상 방향 뚜렷,TRUE,TRUE,,W per selected current decision; not PA sum,2018
region_pitch,2-2,OUTSIDE,FB,7535,7275,0.965494359654944,2282,7065,689,602,0.415394824153948,0.424742268041237,0.584605175846052,0.575257731958763,0.277733195876289,Take,Swing_including_bunts,4185,2766.9422783681,1972,0.00293683447460466,3090,2325.47920562161,1680,0.00414111827501775,0.276210173527777,0.207263108614087,0.313436257750291,0.211540626195613,-0.06894706491369,0.0108053505100086,-0.0901364063301167,-0.0477577234972632,-0.109252032812417,-0.0286420970149631,Take,Take,관찰상 방향 뚜렷,TRUE,TRUE,,W per selected current decision; not PA sum,2018
region_pitch,2-2,OUTSIDE,NFB,8282,7995,0.965346534653465,2305,7803,689,571,0.493721323351847,0.502439024390244,0.506278676648153,0.497560975609756,0.265022263914947,Take,Swing_including_bunts,3978,2441.06227185689,1945,0.00350616372999273,4017,2517.7706647683,1908,0.00335999585426237,0.319727611851682,0.14654850826737,0.337795339456539,0.163405233982617,-0.173179103584312,0.010041549428166,-0.192870523250421,-0.153487683918203,-0.210634411928848,-0.135723795239776,Take,Take,관찰상 방향 뚜렷,TRUE,TRUE,,W per selected current decision; not PA sum,2018
region,2-2,CENTER,ALL,22344,19252,0.861618331543144,2422,16467,730,625,0.919799498746867,0.914554332017453,0.0802005012531328,0.0854456679825473,0.268036048202784,Take,Swing_including_bunts,1645,1429.91777666598,1175,0.00376621326830293,17607,17570.0843524771,2419,0.00108952100704101,0.0683854692789957,0.288070254871603,0.18291632188915,0.283818512684749,0.219684785592608,0.00661880440702588,0.206705678561455,0.232663892623761,0.194998355500909,0.244371215684306,Swing_including_bunts,Swing_including_bunts,관찰상 방향 뚜렷,TRUE,TRUE,,W per selected current decision; not PA sum,2018
region_pitch,2-2,CENTER,FB,13257,11639,0.877951271026628,2392,10547,693,622,0.913328807422494,0.907466277171578,0.0866711925775062,0.0925337228284216,0.266392903170375,Take,Swing_including_bunts,1077,926.245957405119,857,0.00451283069990001,10562,10537.8764458837,2368,0.00131188115947121,0.0684086519551687,0.288212186270818,0.174927926175569,0.285024953311146,0.219803534315649,0.00827492245268298,0.20357677014179,0.236030298489508,0.188939616582388,0.250667452048911,Swing_including_bunts,Swing_including_bunts,관찰상 방향 뚜렷,TRUE,TRUE,,W per selected current decision; not PA sum,2018
region_pitch,2-2,CENTER,NFB,9083,7613,0.838159198502697,2261,7191,678,590,0.929208411317846,0.925390778930776,0.0707915886821535,0.0746092210692237,0.270548141337186,Take,Swing_including_bunts,568,510.054255904455,487,0.00745197779370852,7045,7032.44577476536,2221,0.00166134773097787,0.0683500268557752,0.287853265569691,0.195129238966565,0.281974067334605,0.219503238713916,0.0103291775153791,0.199247574777984,0.239758902649848,0.180973856449846,0.258032620977986,Swing_including_bunts,Swing_including_bunts,관찰상 방향 뚜렷,TRUE,TRUE,,W per selected current decision; not PA sum,2018
count,3-0,ALL,ALL,7549,6524,0.864220426546563,2265,6524,702,565,0.10769638362697,0.122470876762722,0.89230361637303,0.877529123237278,0.530943746167995,Take,Swing_including_bunts,5725,5696.26353544613,2192,0.00189789780553395,799,679.631752880613,654,0.00542099667934492,0.536532894944525,0.442281637930475,0.510367517036788,0.364831770078336,-0.0942512570140501,0.0215557032446798,-0.13652225747084,-0.0519802565572603,-0.174657031095742,-0.0138454829323579,Take,Take,관찰상 방향 뚜렷,TRUE,TRUE,,W per selected current decision; not PA sum,2018
region,3-0,HIGH,ALL,752,518,0.688829787234043,459,518,311,289,0.0438829787234043,0.0637065637065637,0.956117021276596,0.936293436293436,0.632870656370656,Take,Swing_including_bunts,485,483.467773016989,429,0.0103486036606991,33,28.3242154846334,33,0.0569754690246083,0.642538982401631,0.412305250284771,0.585601896124265,0.322679006104692,-0.230233732116861,0.0656082416566044,-0.359164233913878,-0.101303230319843,-0.476557276229959,0.0160898119962374,Take,,비교 자료 부족,TRUE,FALSE,,W per selected current decision; not PA sum,2018
region_pitch,3-0,HIGH,FB,726,499,0.68732782369146,446,499,306,284,0.0440771349862259,0.0641282565130261,0.955922865013774,0.935871743486974,0.63215631262525,Take,Swing_including_bunts,467,465.857459725534,415,0.0107701214144062,32,27.7954644983579,32,0.0576156676938927,0.645134139528675,0.403992608436019,0.586950085274852,0.322852579493687,-0.241141531092656,0.0669248477222403,-0.372669550927454,-0.109613511257858,-0.492468188887903,0.0101851267025902,Take,,비교 자료 부족,TRUE,FALSE,,W per selected current decision; not PA sum,2018
region_pitch,3-0,HIGH,NFB,26,19,0.730769230769231,19,19,19,17,0.0384615384615385,0.0526315789473684,0.961538461538461,0.947368421052632,0.651631578947368,Take,Swing_including_bunts,18,17.6985531185191,18,0.0783608569270808,1,1,1,1,0.574381961012431,0.630621475680938,0.550194191590447,0.318120420783184,0.0562395146685069,0.322370214997251,-0.62103517513646,0.733514204473474,-1.44505052006737,1.55752954940438,Swing_including_bunts,,비교 자료 부족,TRUE,FALSE,,W per selected current decision; not PA sum,2018
region,3-0,LOW,ALL,1029,647,0.628765792031098,569,647,351,323,0.0417881438289602,0.0587326120556414,0.95821185617104,0.941267387944359,0.612808346213292,Take,Swing_including_bunts,609,607.800780138079,542,0.0050417247560128,38,33.3272715505711,37,0.0610526422904522,0.630146753379686,0.30182115540349,0.575226180543823,0.314499978397464,-0.328325597976195,0.0457158218953936,-0.418118296679097,-0.238532899273293,-0.49969272204367,-0.156958473908721,Take,,비교 자료 부족,TRUE,FALSE,,W per selected current decision; not PA sum,2018
region_pitch,3-0,LOW,FB,973,604,0.620760534429599,534,604,333,307,0.0359712230215827,0.0496688741721854,0.964028776978417,0.950331125827815,0.614995033112583,Take,Swing_including_bunts,574,573.13002126358,512,0.00536959172759177,30,26.8754836188166,29,0.073020677100863,0.632026578682684,0.269033031424818,0.578728682203532,0.314882008387909,-0.362993547257866,0.0439222690382831,-0.44927553862269,-0.276711555893043,-0.527708630105609,-0.198278464410123,Take,,비교 자료 부족,TRUE,FALSE,,W per selected current decision; not PA sum,2018
region_pitch,3-0,LOW,NFB,56,43,0.767857142857143,42,43,38,35,0.142857142857143,0.186046511627907,0.857142857142857,0.813953488372093,0.582093023255814,Take,Swing_including_bunts,35,34.8306247031318,34,0.0594847445889172,8,6.72545294316092,8,0.239880789474709,0.603741765402681,0.762379920127166,0.52602825025396,0.309133789694466,0.158638154724486,0.296638652121046,-0.440435756650472,0.757712066099444,-1.05484141270206,1.37211772215103,Swing_including_bunts,,비교 자료 부족,TRUE,FALSE,,W per selected current decision; not PA sum,2018
region,3-0,INSIDE,ALL,752,531,0.706117021276596,463,531,320,290,0.0718085106382979,0.096045197740113,0.928191489361702,0.903954802259887,0.596726930320151,Take,Swing_including_bunts,480,478.163898666201,423,0.00630693370765418,51,44.2473605589403,50,0.0420320085635303,0.626554389928803,0.319724263747754,0.556213245199925,0.331301473764966,-0.306830126181049,0.0590266865446618,-0.42282417742896,-0.190836074933138,-0.52842781130954,-0.0852324410525585,Take,,비교 자료 부족,TRUE,FALSE,,W per selected current decision; not PA sum,2018
region_pitch,3-0,INSIDE,FB,714,502,0.703081232492997,443,502,302,280,0.0700280112044818,0.0936254980079681,0.929971988795518,0.906374501992032,0.597832669322709,Take,Swing_including_bunts,455,453.481109407636,404,0.00666789284141436,47,41.2861848494026,47,0.0434458798029399,0.625484604910034,0.32265771531704,0.559207182326858,0.331806731249438,-0.302826889592993,0.062371908378668,-0.425409244730003,-0.180244534455984,-0.537069005091253,-0.0685847740947332,Take,,비교 자료 부족,TRUE,FALSE,,W per selected current decision; not PA sum,2018
region_pitch,3-0,INSIDE,NFB,38,29,0.763157894736842,29,29,27,25,0.105263157894737,0.137931034482759,0.894736842105263,0.862068965517241,0.577586206896552,Take,Swing_including_bunts,25,24.7390473347153,25,0.055016116013999,4,3.46786503789634,4,0.402606166781424,0.645072737495087,0.26894520554838,0.504387161140615,0.322555292482042,-0.376127531946707,0.147913891501417,-0.679115403668936,-0.0731396602244779,-1.0095995298907,0.257344465997282,Take,,비교 자료 부족,TRUE,FALSE,,W per selected current decision; not PA sum,2018
region,3-0,OUTSIDE,ALL,1824,1287,0.705592105263158,998,1287,481,414,0.0482456140350877,0.0668220668220668,0.951754385964912,0.933177933177933,0.584157731157731,Take,Swing_including_bunts,1201,1196.20739992782,942,0.00403218878080571,86,72.261851044793,82,0.0271226472310038,0.597142352341506,0.364901725477385,0.559856357430973,0.337110371784984,-0.232240626864121,0.0332770130905546,-0.29754164825067,-0.166939605477572,-0.356628324602369,-0.107852929125874,Take,,비교 자료 부족,TRUE,FALSE,,W per selected current decision; not PA sum,2018
region_pitch,3-0,OUTSIDE,FB,1736,1213,0.698732718894009,945,1213,469,411,0.0449308755760369,0.0626545754328112,0.955069124423963,0.937345424567189,0.58221187139324,Take,Swing_including_bunts,1137,1133.4165043157,897,0.00427548739057452,76,64.1123009918387,73,0.0264112017311182,0.593404184927686,0.359813464482298,0.562786168510488,0.337917515136621,-0.233590720445388,0.0330803879888561,-0.298510325362418,-0.168671115528358,-0.357269408052501,-0.109912032838274,Take,,비교 자료 부족,TRUE,FALSE,,W per selected current decision; not PA sum,2018
region_pitch,3-0,OUTSIDE,NFB,88,74,0.840909090909091,73,74,64,58,0.113636363636364,0.135135135135135,0.886363636363636,0.864864864864865,0.616054054054054,Take,Swing_including_bunts,64,63.1921331099149,63,0.0328562017523592,10,8.17540156638049,10,0.197910949306615,0.658417988462634,0.448307949626573,0.511831210951895,0.323879765223706,-0.210110038836061,0.187102555937623,-0.583092167327027,0.162872089654905,-0.944575087067744,0.524355009395622,Take,,비교 자료 부족,TRUE,FALSE,,W per selected current decision; not PA sum,2018
region,3-0,CENTER,ALL,3868,3814,0.986039296794209,1935,3814,652,533,0.155894519131334,0.157315154693235,0.844105480868666,0.842684845306765,0.48615364446775,Take,Swing_including_bunts,3214,3197.03138365006,1786,0.00197769188708719,600,525.026598876737,517,0.00713617329817896,0.48402217413596,0.504345676679143,0.473075007699597,0.388549623850447,0.0203235025431832,0.0315919958169185,-0.0416344464887657,0.0822814515751321,-0.0975521041049152,0.138199109191282,Swing_including_bunts,Swing_including_bunts,차이 불명확,TRUE,TRUE,,W per selected current decision; not PA sum,2018
region_pitch,3-0,CENTER,FB,3740,3687,0.985828877005348,1902,3687,643,529,0.155882352941176,0.157309465690263,0.844117647058824,0.842690534309737,0.48551071331706,Take,Swing_including_bunts,3107,3094.89336763273,1753,0.00205709983808672,580,511.010567874694,504,0.00726532194349463,0.483616931501616,0.505395253597495,0.473394747688088,0.389473903696093,0.0217783220958784,0.0325357390492148,-0.042031181651486,0.0855878258432428,-0.09962262245027,0.143179266642027,Swing_including_bunts,Swing_including_bunts,차이 불명확,TRUE,TRUE,,W per selected current decision; not PA sum,2018
region_pitch,3-0,CENTER,NFB,128,127,0.9921875,123,127,100,105,0.15625,0.15748031496063,0.84375,0.84251968503937,0.504818897637795,Take,Swing_including_bunts,107,105.372410845452,104,0.0193433920102286,20,18.9073101049143,20,0.0755596176853936,0.495786974079455,0.473874888506204,0.463792477482547,0.361716397150478,-0.0219120855732512,0.0848716246247621,-0.189923943367392,0.14609977222089,-0.347873066768117,0.304048895621614,Take,,비교 자료 부족,TRUE,FALSE,,W per selected current decision; not PA sum,2018
count,3-1,ALL,ALL,16052,15533,0.967667580363818,2416,15533,756,606,0.557999003239472,0.568338376360008,0.442000996760528,0.431661623639992,0.472809759866092,Take,Swing_including_bunts,6705,3695.67139113291,2234,0.00288564677893609,8828,5776.39273462532,2355,0.00197385950504559,0.49477125567141,0.387469895218873,0.496260802120412,0.374076345783352,-0.107301360452537,0.0103183517496035,-0.127535099045409,-0.0870676218596654,-0.145786293122097,-0.0688164277829772,Take,Take,관찰상 방향 뚜렷,TRUE,TRUE,,W per selected current decision; not PA sum,2018
region,3-1,HIGH,ALL,1545,1417,0.91715210355987,1041,1417,503,427,0.272491909385113,0.294989414255469,0.727508090614887,0.705010585744531,0.580032462949894,Take,Swing_including_bunts,999,836.012461458776,795,0.00567064052831102,418,270.025020336931,374,0.0160614392694984,0.662577805843499,0.365388058665897,0.590779724952982,0.342480766675746,-0.297189747177602,0.0257516714681251,-0.347720903391797,-0.246658590963407,-0.393433240057064,-0.20094625429814,Take,Take,관찰상 방향 뚜렷,TRUE,TRUE,,W per selected current decision; not PA sum,2018
region_pitch,3-1,HIGH,FB,1376,1262,0.917151162790698,950,1262,480,414,0.288517441860465,0.312202852614897,0.711482558139535,0.687797147385103,0.574559429477021,Take,Swing_including_bunts,868,729.199694603874,707,0.00661405049814542,394,254.148873284371,353,0.0167452192829391,0.652674124621629,0.367998871173899,0.594551436974255,0.345070862339645,-0.28467525344773,0.0277540598444895,-0.339141676691547,-0.230208830203914,-0.388438071048761,-0.180912435846699,Take,Take,관찰상 방향 뚜렷,TRUE,TRUE,,W per selected current decision; not PA sum,2018
region_pitch,3-1,HIGH,NFB,169,155,0.917159763313609,149,155,110,119,0.142011834319527,0.154838709677419,0.857988165680473,0.845161290322581,0.624593548387097,Take,Swing_including_bunts,131,108.160952498049,125,0.0236717431223884,24,19.9837780514283,24,0.113421792986763,0.743212939404793,0.344130991665267,0.560070689012035,0.32139237488322,-0.399081947739526,0.0649846520061027,-0.527499580308446,-0.270664315170605,-0.647302746188336,-0.150861149290715,Take,,비교 자료 부족,TRUE,FALSE,,W per selected current decision; not PA sum,2018
region,3-1,LOW,ALL,2417,2236,0.925113777410012,1426,2236,567,479,0.256516342573438,0.273255813953488,0.743483657426562,0.726744186046512,0.580722271914132,Take,Swing_including_bunts,1625,1439.31971701573,1163,0.00462056402412829,611,404.68804852901,533,0.0118191925366307,0.638792733500876,0.377365860739692,0.578398156863957,0.328833925848993,-0.261426872761184,0.0206309994793325,-0.30189726289264,-0.220956482629728,-0.338457924391956,-0.184395821130412,Take,Take,관찰상 방향 뚜렷,TRUE,TRUE,,W per selected current decision; not PA sum,2018
region_pitch,3-1,LOW,FB,1708,1575,0.922131147540984,1122,1575,501,457,0.218384074941452,0.233015873015873,0.781615925058548,0.766984126984127,0.586845079365079,Take,Swing_including_bunts,1208,1055.10603735682,936,0.00458602970795815,367,236.05752366142,332,0.0194398349919751,0.638035938836557,0.366291600950173,0.586300385381577,0.335316306814628,-0.271744337886385,0.0247432216988821,-0.320292578746735,-0.223196097026035,-0.364194938296138,-0.179293737476631,Take,Take,관찰상 방향 뚜렷,TRUE,TRUE,,W per selected current decision; not PA sum,2018
region_pitch,3-1,LOW,NFB,709,661,0.932299012693935,574,661,310,278,0.348377997179126,0.369137670196672,0.651622002820874,0.630862329803328,0.566133131618759,Take,Swing_including_bunts,417,385.962108409097,380,0.00874277190729704,244,169.784311371044,232,0.0222725092333682,0.640595988563361,0.403753090949214,0.559569094964938,0.313388010537531,-0.236842897614148,0.0395855259933673,-0.31459333132462,-0.159092463903675,-0.385221907437878,-0.0884638877904177,Take,,비교 자료 부족,TRUE,FALSE,,W per selected current decision; not PA sum,2018
region,3-1,INSIDE,ALL,1894,1785,0.942449841605069,1244,1785,554,480,0.409714889123548,0.43249299719888,0.590285110876452,0.56750700280112,0.5397081232493,Take,Swing_including_bunts,1013,861.261886703701,822,0.00485723745812261,772,505.923450411695,664,0.00901260616818193,0.618965265575336,0.375998728942983,0.56332692199685,0.35227203046617,-0.242966536632354,0.0272680878039253,-0.296463097776309,-0.189469975488398,-0.344817814058897,-0.14111525920581,Take,Take,관찰상 방향 뚜렷,TRUE,TRUE,,W per selected current decision; not PA sum,2018
region_pitch,3-1,INSIDE,FB,1591,1505,0.945945945945946,1098,1505,516,462,0.428032683846637,0.449833887043189,0.571967316153363,0.550166112956811,0.540324252491694,Take,Swing_including_bunts,828,698.651033432604,696,0.00582694725345505,677,442.325159640178,586,0.0103247012730587,0.612376525927887,0.392715021712336,0.566713239438566,0.357219763975923,-0.219661504215552,0.0309034808567357,-0.280298115256453,-0.15902489317465,-0.33513770257412,-0.104185305856983,Take,Take,관찰상 방향 뚜렷,TRUE,TRUE,,W per selected current decision; not PA sum,2018
region_pitch,3-1,INSIDE,NFB,303,280,0.924092409240924,272,280,187,191,0.313531353135314,0.339285714285714,0.686468646864686,0.660714285714286,0.536396428571429,Take,Swing_including_bunts,185,162.624433477224,181,0.0155391415237109,95,63.6068170747923,94,0.0496334209647752,0.654379741180374,0.28614865530771,0.54512546574763,0.32567796285125,-0.368231085872664,0.0541285979021831,-0.474797104750987,-0.261665066994342,-0.57260593584774,-0.163856235897588,Take,,비교 자료 부족,TRUE,FALSE,,W per selected current decision; not PA sum,2018
region,3-1,OUTSIDE,ALL,3540,3331,0.940960451977401,1778,3331,640,526,0.278248587570622,0.29390573401381,0.721751412429379,0.706094265986191,0.542520264184929,Take,Swing_including_bunts,2352,1987.27581172944,1470,0.0031469601651681,979,667.303674550116,798,0.00667162121965143,0.603646060834991,0.344353535104389,0.56807636819588,0.351902491207731,-0.259292525730601,0.0158055712616142,-0.290291990519485,-0.228293060941718,-0.318276079879564,-0.200308971581638,Take,Take,관찰상 방향 뚜렷,TRUE,TRUE,,W per selected current decision; not PA sum,2018
region_pitch,3-1,OUTSIDE,FB,2887,2714,0.940076203671632,1598,2714,616,517,0.272947696570835,0.289240972733972,0.727052303429165,0.710759027266028,0.544058216654385,Take,Swing_including_bunts,1929,1616.21614382431,1315,0.00345224948592448,785,540.022316641032,658,0.00755367670869881,0.600045302147722,0.344283275836035,0.573599453814192,0.357138846971422,-0.255762026311688,0.0172777026712908,-0.289651385660268,-0.221872666963108,-0.320254540440843,-0.191269512182533,Take,Take,관찰상 방향 뚜렷,TRUE,TRUE,,W per selected current decision; not PA sum,2018
region_pitch,3-1,OUTSIDE,NFB,653,617,0.944869831546707,524,617,290,296,0.301684532924962,0.314424635332253,0.698315467075038,0.685575364667747,0.535755267423015,Take,Swing_including_bunts,423,371.183088077019,371,0.0105727465439526,194,127.327857739818,186,0.0318129100728252,0.619484730328096,0.344662584787233,0.543781952688428,0.328869315287704,-0.274822145540863,0.0387532800177644,-0.350953359911726,-0.198690931169999,-0.420172233906255,-0.12947205717547,Take,,비교 자료 부족,TRUE,FALSE,,W per selected current decision; not PA sum,2018
region,3-1,CENTER,ALL,8124,8024,0.987690792712949,2324,8024,715,583,0.777941900541605,0.777791625124626,0.222058099458395,0.222208374875374,0.404749501495513,Take,Swing_including_bunts,1783,1364.05294756583,1244,0.00439225539012169,6241,6119.24286862566,2232,0.00164362762316109,0.381236013060675,0.40780283717282,0.430835650784594,0.3968203039759,0.0265668241121452,0.0165609002918675,-0.00590886483671388,0.0590425130610042,-0.0352050603936447,0.088338708617935,Swing_including_bunts,Swing_including_bunts,차이 불명확,TRUE,TRUE,,W per selected current decision; not PA sum,2018
region_pitch,3-1,CENTER,FB,6862,6769,0.986447099970854,2266,6769,696,576,0.799475371611775,0.799674988920077,0.200524628388225,0.200325011079923,0.407473334318215,Take,Swing_including_bunts,1356,1051.46317881661,1022,0.00527537735008817,5413,5330.31283726855,2148,0.00173688715076599,0.392805960470989,0.408029524938585,0.430091991753206,0.398846248067198,0.0152235644675961,0.0188328743819441,-0.0217079262180338,0.0521550551532261,-0.0550256278975029,0.0854727568326952,Swing_including_bunts,Swing_including_bunts,차이 불명확,TRUE,TRUE,,W per selected current decision; not PA sum,2018
region_pitch,3-1,CENTER,NFB,1258,1255,0.997615262321145,939,1255,394,381,0.659777424483307,0.659760956175299,0.340222575516693,0.340239043824701,0.390058167330677,Take,Swing_including_bunts,427,379.613884699666,383,0.00963923918073924,828,808.558082332962,679,0.00553957237934644,0.318832049697795,0.406580168259305,0.434846669098112,0.385893120267537,0.0877481185615095,0.0320144232781986,0.0249199323110916,0.150576304811927,-0.0319482374015814,0.2074444745246,Swing_including_bunts,Swing_including_bunts,차이 불명확,TRUE,TRUE,,W per selected current decision; not PA sum,2018
count,3-2,ALL,ALL,35541,32406,0.911792014856082,2426,23764,767,619,0.722855293885935,0.706350675800778,0.277144706114066,0.293649324199222,0.37851410232673,Take,Swing_including_bunts,9516,4658.86282553568,2370,0.0016800637793708,22890,18505.8228051738,2423,0.00136285921068132,0.358952684089632,0.282086279175219,0.438777008446085,0.288570207439463,-0.0768664049144126,0.0060331763528552,-0.0886971181672239,-0.0650356916616013,-0.0993685366381347,-0.0543642731906905,Take,Take,관찰상 방향 뚜렷,TRUE,TRUE,,W per selected current decision; not PA sum,2018
region,3-2,HIGH,ALL,3544,3474,0.980248306997743,1755,3320,621,512,0.47686230248307,0.483880253310305,0.52313769751693,0.516119746689695,0.475203511801957,Take,Swing_including_bunts,1793,1131.04962762482,1244,0.00537813792254736,1681,1329.11718716498,1133,0.00453698259988633,0.647020941682725,0.247865945829197,0.551824472465227,0.254773540215462,-0.399154995853528,0.014326795601579,-0.427254389275738,-0.371055602431317,-0.45262149370161,-0.345688498005445,Take,Take,관찰상 방향 뚜렷,TRUE,TRUE,,W per selected current decision; not PA sum,2018
region_pitch,3-2,HIGH,FB,2839,2783,0.98027474462839,1551,2674,582,499,0.511799929552659,0.519223859144808,0.488200070447341,0.480776140855192,0.464718289615523,Take,Swing_including_bunts,1338,843.193899551639,1009,0.007664314577184,1445,1140.10528514356,1017,0.00511873789002227,0.650210267668471,0.252697049015155,0.55059865793562,0.264229049524063,-0.397513218653315,0.0162855354865706,-0.429457225792109,-0.365569211514522,-0.458306566871635,-0.336719870434995,Take,Take,관찰상 방향 뚜렷,TRUE,TRUE,,W per selected current decision; not PA sum,2018
region_pitch,3-2,HIGH,NFB,705,691,0.980141843971631,589,680,322,305,0.336170212765957,0.341534008683068,0.663829787234043,0.658465991316932,0.517432706222865,Take,Swing_including_bunts,455,296.423142790495,415,0.0120086148570852,236,204.028236822115,218,0.0201015574045347,0.63417594281394,0.228408695226417,0.556761436048286,0.216691510684585,-0.405767247587523,0.0313314642308699,-0.467302451238678,-0.344232043936367,-0.52318790483387,-0.288346590341176,Take,Take,관찰상 방향 뚜렷,TRUE,TRUE,,W per selected current decision; not PA sum,2018
region,3-2,LOW,ALL,6056,5924,0.978203434610304,2174,5736,672,540,0.42998678996037,0.435685347738015,0.57001321003963,0.564314652261985,0.449323261309926,Take,Swing_including_bunts,3343,2279.99542958042,1795,0.00362323591739055,2581,1826.74932144968,1515,0.00418430464827528,0.61565302775469,0.175249241405391,0.553816349390033,0.222108449900273,-0.440403786349299,0.00977938499080733,-0.459581710756909,-0.421225861941689,-0.476884765342575,-0.403922807356023,Take,Take,관찰상 방향 뚜렷,TRUE,TRUE,,W per selected current decision; not PA sum,2018
region_pitch,3-2,LOW,FB,2683,2602,0.969809914275065,1527,2562,569,503,0.308609765188222,0.313989239046887,0.691390234811778,0.686010760953113,0.511734050730208,Take,Swing_including_bunts,1785,1176.62088245456,1228,0.00678357081128021,817,621.732236833653,650,0.00995981268752579,0.589631322342302,0.231561490615308,0.548214690585481,0.249593171492042,-0.358069831726994,0.0165020479419083,-0.390438924938324,-0.325700738515665,-0.419673741397804,-0.296465922056184,Take,Take,관찰상 방향 뚜렷,TRUE,TRUE,,W per selected current decision; not PA sum,2018
region_pitch,3-2,LOW,NFB,3371,3322,0.985464253930584,1764,3246,579,488,0.526846633046574,0.531005418422637,0.473153366953426,0.468994581577363,0.400439193257074,Take,Swing_including_bunts,1558,1106.59562764134,1140,0.00490946736663711,1764,1208.6437689753,1210,0.00577389569994947,0.636034869260721,0.131141934829774,0.558203921999739,0.200580681814245,-0.504892934430947,0.0109596582220017,-0.52638822696843,-0.483397641893465,-0.545793091675148,-0.463992777186746,Take,Take,관찰상 방향 뚜렷,TRUE,TRUE,,W per selected current decision; not PA sum,2018
region,3-2,INSIDE,ALL,4784,4686,0.979515050167224,2016,4436,658,535,0.502717391304348,0.508109261630388,0.497282608695652,0.491890738369612,0.450059752454119,Take,Swing_including_bunts,2305,1346.96904461023,1461,0.00467389163758162,2381,1744.27263441312,1444,0.00511737320591266,0.547173190836253,0.251389593404491,0.534588020026637,0.256338954116765,-0.295783597431761,0.0136648254279505,-0.322582260307583,-0.26898493455594,-0.346765655346081,-0.244801539517441,Take,Take,관찰상 방향 뚜렷,TRUE,TRUE,,W per selected current decision; not PA sum,2018
region_pitch,3-2,INSIDE,FB,3268,3202,0.979804161566707,1705,3069,603,517,0.50703794369645,0.513429106808245,0.49296205630355,0.486570893191755,0.454178013741412,Take,Swing_including_bunts,1558,955.780299880397,1124,0.00651244584847504,1644,1324.75096714593,1125,0.00527286399613155,0.543874141359992,0.279762697658574,0.530919913847007,0.275274225641294,-0.264111443701418,0.0165008500824219,-0.296475503745332,-0.231747383657503,-0.325695181288785,-0.20252770611405,Take,Take,관찰상 방향 뚜렷,TRUE,TRUE,,W per selected current decision; not PA sum,2018
region_pitch,3-2,INSIDE,NFB,1514,1484,0.980184940554822,1065,1454,465,415,0.493394980184941,0.496630727762803,0.506605019815059,0.503369272237197,0.441173854447439,Take,Swing_including_bunts,747,410.438805509011,634,0.0107733206169815,737,451.732604532252,607,0.0153382657243755,0.55429149031266,0.190169458753837,0.542502626487,0.215482660706024,-0.364122031558823,0.0237031448369611,-0.410632248921272,-0.317611814196374,-0.452702263504604,-0.275541799613042,Take,Take,관찰상 방향 뚜렷,TRUE,TRUE,,W per selected current decision; not PA sum,2018
region,3-2,OUTSIDE,ALL,7576,7428,0.980464625131996,2284,6981,706,572,0.515047518479409,0.521001615508885,0.484952481520591,0.478998384491115,0.423650242326333,Take,Swing_including_bunts,3558,2188.88687363642,1869,0.00387908149072084,3870,3024.16961932752,1876,0.00259011995346869,0.527005593071432,0.228802877338334,0.541487940945595,0.24982885474294,-0.298202715733098,0.010102469904171,-0.318013695875846,-0.27839173559035,-0.335885819375165,-0.260519612091032,Take,Take,관찰상 방향 뚜렷,TRUE,TRUE,,W per selected current decision; not PA sum,2018
region_pitch,3-2,OUTSIDE,FB,4677,4575,0.978191148171905,2019,4361,644,561,0.498610220226641,0.504918032786885,0.501389779773359,0.495081967213115,0.441417267759563,Take,Swing_including_bunts,2265,1421.61555413605,1458,0.00493295374097006,2310,1850.37869448902,1445,0.003848812572072,0.520410382493239,0.258604697153477,0.539449692302116,0.270002512067876,-0.261805685339763,0.0127333025643708,-0.286777477304825,-0.2368338933747,-0.309312196809464,-0.214299173870061,Take,Take,관찰상 방향 뚜렷,TRUE,TRUE,,W per selected current decision; not PA sum,2018
region_pitch,3-2,OUTSIDE,NFB,2896,2853,0.985151933701657,1608,2787,565,470,0.541436464088398,0.546792849631966,0.458563535911602,0.453207150368034,0.395159481247809,Take,Swing_including_bunts,1293,784.918184795976,978,0.00771032413902309,1560,1173.82396817114,1122,0.00670091254331196,0.537581509087987,0.18101341864423,0.544756425889135,0.217478878485814,-0.356568090443757,0.0157910417045401,-0.387541291642613,-0.325594889244902,-0.415510487035545,-0.297625693851969,Take,Take,관찰상 방향 뚜렷,TRUE,TRUE,,W per selected current decision; not PA sum,2018
region,3-2,CENTER,ALL,17263,14575,0.844291258761513,2410,11877,730,600,0.929502403985402,0.921921097770154,0.0704975960145977,0.0780789022298456,0.318830806174957,Take,Swing_including_bunts,1138,985.77584404885,898,0.0039442057681563,13437,13409.9107821077,2404,0.00156749725697258,0.121962783040127,0.339302113352032,0.323684227670171,0.333092366559036,0.217339330311906,0.0094905017118461,0.198728938338942,0.23594972228487,0.181941940291448,0.252736720332364,Swing_including_bunts,Swing_including_bunts,관찰상 방향 뚜렷,TRUE,TRUE,,W per selected current decision; not PA sum,2018
region_pitch,3-2,CENTER,FB,12170,10056,0.826294165981923,2349,8538,697,588,0.933689400164339,0.924522673031026,0.0663105998356615,0.0754773269689738,0.321103619729515,Take,Swing_including_bunts,759,651.435534549467,642,0.00611828753389036,9297,9277.7921146093,2325,0.00195337823961514,0.137969030977028,0.340932880849121,0.315771589027791,0.335132878966022,0.202963849872093,0.0106464393178872,0.182086450301416,0.22384124944277,0.163253484495913,0.242674215248272,Swing_including_bunts,Swing_including_bunts,관찰상 방향 뚜렷,TRUE,TRUE,,W per selected current decision; not PA sum,2018
region_pitch,3-2,CENTER,NFB,5089,4519,0.887993711927687,1928,4175,608,510,0.919434073491845,0.916131887585749,0.0805659265081549,0.083868112414251,0.313773179907059,Take,Swing_including_bunts,379,335.994504460956,348,0.00861549134623452,4140,4132.12445663653,1865,0.0022443483278846,0.0863445424440923,0.335673213606354,0.341291993589129,0.328551673316139,0.249328671162262,0.0186097481772616,0.212831310925247,0.285826031399277,0.179891757226659,0.318765585097865,Swing_including_bunts,Swing_including_bunts,관찰상 방향 뚜렷,TRUE,TRUE,,W per selected current decision; not PA sum,2018
