level,state,policy,n,value,CI95_low,CI95_high,gain,gain_low,gain_high,unit,conditional
overall,ALL,observed,682953,0.3051969886653986,0.30252642471792335,0.3078675526128739,0.0,0.0,0.0,W per selected current decision; not summed PA value,True
overall,ALL,always_0,682953,0.29121820265940646,0.2882712506809975,0.2941651546378154,-0.013978786005992156,-0.01704077402245392,-0.010916797989530394,W per selected current decision; not summed PA value,True
overall,ALL,always_1,682953,0.26362199142175297,0.26082972402345134,0.2664142588200546,-0.04157499724364564,-0.04492462745418159,-0.03822536703310969,W per selected current decision; not summed PA value,True
overall,ALL,learned,682953,0.331607753407053,0.3287614369270991,0.33445406988700693,0.0264107647416544,0.024380833197348357,0.028440696285960444,W per selected current decision; not summed PA value,True
overall,ALL,conservative,682953,0.3051969886653986,0.30252642471792335,0.3078675526128739,0.0,0.0,0.0,W per selected current decision; not summed PA value,True
overall,ALL,stochastic_half,682953,0.27742009704057974,0.27485069991726646,0.279989494163893,-0.0277768916248189,-0.029483619769302014,-0.026070163480335785,W per selected current decision; not summed PA value,True
count,0-0,observed,170438,0.3143576784519884,0.31171656602616266,0.3169987908778142,0.0,0.0,0.0,W per selected current decision; not summed PA value,True
count,0-0,always_0,170438,0.30814452059342934,0.3050640342840301,0.31122500690282856,-0.006213157858559095,-0.010172495133513926,-0.002253820583604263,W per selected current decision; not summed PA value,True
count,0-0,always_1,170438,0.2964790705303058,0.2914528465058586,0.301505294554753,-0.017878607921682582,-0.026955158215386146,-0.00880205762797902,W per selected current decision; not summed PA value,True
count,0-0,learned,170438,0.33180114503733155,0.32812968851762014,0.33547260155704295,0.017443466585343164,0.012440338362997837,0.022446594807688493,W per selected current decision; not summed PA value,True
count,0-0,conservative,170438,0.3143576784519884,0.31171656602616266,0.3169987908778142,0.0,0.0,0.0,W per selected current decision; not summed PA value,True
count,0-0,stochastic_half,170438,0.3023117955618676,0.2992860490549211,0.3053375420688141,-0.012045882890120837,-0.01550772110913926,-0.008584044671102414,W per selected current decision; not summed PA value,True
count,0-1,observed,89499,0.268107755393915,0.26482770328501,0.27138780750282004,0.0,0.0,0.0,W per selected current decision; not summed PA value,True
count,0-1,always_0,89499,0.26164938630862145,0.25565668586386475,0.26764208675337814,-0.006458369085293543,-0.01700017288299517,0.004083434712408086,W per selected current decision; not summed PA value,True
count,0-1,always_1,89499,0.23691372119075638,0.2317791789195702,0.24204826346194255,-0.031194034203158645,-0.04024134969512127,-0.02214671871119602,W per selected current decision; not summed PA value,True
count,0-1,learned,89499,0.28240584151090703,0.27833204267047484,0.2864796403513392,0.014298086116992011,0.009288974675616143,0.019307197558367878,W per selected current decision; not summed PA value,True
count,0-1,conservative,89499,0.268107755393915,0.26482770328501,0.27138780750282004,0.0,0.0,0.0,W per selected current decision; not summed PA value,True
count,0-1,stochastic_half,89499,0.2492815537496889,0.2453378933153794,0.25322521418399846,-0.01882620164422609,-0.023950643995236075,-0.013701759293216103,W per selected current decision; not summed PA value,True
count,0-2,observed,46460,0.20320452001721911,0.19810043889670834,0.2083086011377299,0.0,0.0,0.0,W per selected current decision; not summed PA value,True
count,0-2,always_0,46460,0.16711508751522502,0.1614873493780471,0.17274282565240295,-0.036089432501994076,-0.04651783211569633,-0.025661032888291822,W per selected current decision; not summed PA value,True
count,0-2,always_1,46460,0.15842861637202976,0.15241137344019481,0.1644458593038647,-0.04477590364518935,-0.05269152377091575,-0.03686028351946295,W per selected current decision; not summed PA value,True
count,0-2,learned,46460,0.22887216352308673,0.22317323046277204,0.23457109658340142,0.025667643505867598,0.020512155540343732,0.030823131471391464,W per selected current decision; not summed PA value,True
count,0-2,conservative,46460,0.20320452001721911,0.19810043889670834,0.2083086011377299,0.0,0.0,0.0,W per selected current decision; not summed PA value,True
count,0-2,stochastic_half,46460,0.1627718519436274,0.15829213001276363,0.16725157387449116,-0.040432668073591714,-0.04524895416003338,-0.035616381987150045,W per selected current decision; not summed PA value,True
count,1-0,observed,67219,0.35603698359094893,0.35200605014088804,0.3600679170410098,0.0,0.0,0.0,W per selected current decision; not summed PA value,True
count,1-0,always_0,67219,0.35235987120715484,0.3463767567694529,0.3583429856448568,-0.003677112383794196,-0.013396316833364676,0.006042092065776284,W per selected current decision; not summed PA value,True
count,1-0,always_1,67219,0.3211657904900164,0.3141087621765951,0.32822281880343773,-0.034871193100932556,-0.04715093457916149,-0.022591451622703627,W per selected current decision; not summed PA value,True
count,1-0,learned,67219,0.3726214266876316,0.36774156713168815,0.37750128624357504,0.016584443096682586,0.01045266134944245,0.022716224843922724,W per selected current decision; not summed PA value,True
count,1-0,conservative,67219,0.35603698359094893,0.35200605014088804,0.3600679170410098,0.0,0.0,0.0,W per selected current decision; not summed PA value,True
count,1-0,stochastic_half,67219,0.3367628308485856,0.33208150001183345,0.34144416168533775,-0.01927415274236337,-0.024614188939246384,-0.01393411654548036,W per selected current decision; not summed PA value,True
count,1-1,observed,70483,0.2995321708780841,0.2956396288966071,0.3034247128595611,0.0,0.0,0.0,W per selected current decision; not summed PA value,True
count,1-1,always_0,70483,0.28893351982877735,0.28169387292309206,0.29617316673446265,-0.010598651049306719,-0.02378905718614782,0.002591755087534382,W per selected current decision; not summed PA value,True
count,1-1,always_1,70483,0.2636916671870005,0.2580465033811373,0.26933683099286365,-0.03584050369108356,-0.045074556769335986,-0.026606450612831137,W per selected current decision; not summed PA value,True
count,1-1,learned,70483,0.31837883233360353,0.3139435058588151,0.322814158808392,0.018846661455519467,0.014186100072757356,0.023507222838281577,W per selected current decision; not summed PA value,True
count,1-1,conservative,70483,0.2995321708780841,0.2956396288966071,0.3034247128595611,0.0,0.0,0.0,W per selected current decision; not summed PA value,True
count,1-1,stochastic_half,70483,0.27631259350788895,0.2716783024307023,0.2809468845850756,-0.02321957737019514,-0.02926216385637997,-0.01717699088401031,W per selected current decision; not summed PA value,True
count,1-2,observed,66567,0.22436056905073085,0.22001019412531048,0.22871094397615122,0.0,0.0,0.0,W per selected current decision; not summed PA value,True
count,1-2,always_0,66567,0.19107202172063753,0.18601597697155334,0.19612806646972172,-0.033288547330093315,-0.04304171293803487,-0.023535381722151763,W per selected current decision; not summed PA value,True
count,1-2,always_1,66567,0.17446645523246132,0.16919815057308374,0.1797347598918389,-0.04989411381826953,-0.05662449193285173,-0.04316373570368733,W per selected current decision; not summed PA value,True
count,1-2,learned,66567,0.25902690088621994,0.2541432305215695,0.26391057125087036,0.03466633183548913,0.02994154666248984,0.03939111700848842,W per selected current decision; not summed PA value,True
count,1-2,conservative,66567,0.22436056905073085,0.22001019412531048,0.22871094397615122,0.0,0.0,0.0,W per selected current decision; not summed PA value,True
count,1-2,stochastic_half,66567,0.18276923847654938,0.17885573215892256,0.1866827447941762,-0.04159133057418143,-0.04596094550114063,-0.03722171564722222,W per selected current decision; not summed PA value,True
count,2-0,observed,22792,0.4195327307827308,0.41312965732017143,0.42593580424529015,0.0,0.0,0.0,W per selected current decision; not summed PA value,True
count,2-0,always_0,22792,0.4193229690615054,0.40975095654912036,0.42889498157389044,-0.00020976172122530952,-0.016856604228267687,0.01643708078581707,W per selected current decision; not summed PA value,True
count,2-0,always_1,22792,0.36480120452891734,0.3531955561449304,0.37640685291290427,-0.05473152625381345,-0.07458516791978262,-0.034877884587844285,W per selected current decision; not summed PA value,True
count,2-0,learned,22792,0.4368022186029682,0.42909455666254676,0.44450988054338963,0.01726948782023737,0.007006988330220707,0.027531987310254035,W per selected current decision; not summed PA value,True
count,2-0,conservative,22792,0.4195327307827308,0.41312965732017143,0.42593580424529015,0.0,0.0,0.0,W per selected current decision; not summed PA value,True
count,2-0,stochastic_half,22792,0.39206208679521143,0.38473953418995,0.39938463940047286,-0.027470643987519378,-0.03567754392427634,-0.019263744050762414,W per selected current decision; not summed PA value,True
count,2-1,observed,36565,0.3541166142485983,0.3489214802365304,0.3593117482606662,0.0,0.0,0.0,W per selected current decision; not summed PA value,True
count,2-1,always_0,36565,0.35618789943112317,0.3459919586302593,0.36638384023198706,0.002071285182524857,-0.01684215898197068,0.020984729347020392,W per selected current decision; not summed PA value,True
count,2-1,always_1,36565,0.29677781431510064,0.2892651870696947,0.3042904415605066,-0.057338799933497726,-0.0690842247943111,-0.04559337507268435,W per selected current decision; not summed PA value,True
count,2-1,learned,36565,0.3840046545138057,0.3768162330647022,0.39119307596290925,0.029888040265207298,0.01921819705691577,0.040557883473498826,W per selected current decision; not summed PA value,True
count,2-1,conservative,36565,0.3541166142485983,0.3489214802365304,0.3593117482606662,0.0,0.0,0.0,W per selected current decision; not summed PA value,True
count,2-1,stochastic_half,36565,0.3264828568731119,0.3200361741404802,0.3329295396057436,-0.027633757375486432,-0.03621992607041459,-0.019047588680558274,W per selected current decision; not summed PA value,True
count,2-2,observed,56727,0.26996907997955116,0.26491348802269477,0.27502467193640756,0.0,0.0,0.0,W per selected current decision; not summed PA value,True
count,2-2,always_0,56727,0.2308869978987349,0.225028890795157,0.2367451050023128,-0.039082082080816274,-0.050892267501251864,-0.027271896660380684,W per selected current decision; not summed PA value,True
count,2-2,always_1,56727,0.2106214251401594,0.20454241241763793,0.2167004378626809,-0.05934765483939177,-0.06614571002678905,-0.05254959965199449,W per selected current decision; not summed PA value,True
count,2-2,learned,56727,0.3150984491525185,0.30953148988454326,0.32066540842049374,0.04512936917296733,0.03972204449161947,0.05053669385431519,W per selected current decision; not summed PA value,True
count,2-2,conservative,56727,0.26996907997955116,0.26491348802269477,0.27502467193640756,0.0,0.0,0.0,W per selected current decision; not summed PA value,True
count,2-2,stochastic_half,56727,0.22075421151944719,0.21620205287441774,0.22530637016447663,-0.04921486846010401,-0.05427869313756222,-0.0441510437826458,W per selected current decision; not summed PA value,True
count,3-0,observed,6452,0.5350413825170489,0.5250322011397252,0.5450505638943727,0.0,0.0,0.0,W per selected current decision; not summed PA value,True
count,3-0,always_0,6452,0.5407031670666016,0.5304519935611559,0.5509543405720473,0.005661784549552646,-0.004567418089246643,0.015890987188351934,W per selected current decision; not summed PA value,True
count,3-0,always_1,6452,0.4361554277145035,0.3987374162753844,0.4735734391536226,-0.0988859548025454,-0.17217579033853558,-0.02559611926655521,W per selected current decision; not summed PA value,True
count,3-0,learned,6452,0.5637666940574032,0.5328533435879412,0.5946800445268652,0.028725311540354216,-0.029349815012062914,0.08680043809277135,W per selected current decision; not summed PA value,True
count,3-0,conservative,6452,0.5350413825170489,0.5250322011397252,0.5450505638943727,0.0,0.0,0.0,W per selected current decision; not summed PA value,True
count,3-0,stochastic_half,6452,0.4884292973905526,0.46906141472022045,0.5077971800608847,-0.04661208512649637,-0.07880864788653769,-0.014415522366455068,W per selected current decision; not summed PA value,True
count,3-1,observed,15177,0.47157936351057517,0.46423108291598997,0.47892764410516037,0.0,0.0,0.0,W per selected current decision; not summed PA value,True
count,3-1,always_0,15177,0.4957358696069005,0.4820007518343926,0.5094709873794084,0.024156506096325327,-0.002758832429495227,0.05107184462214588,W per selected current decision; not summed PA value,True
count,3-1,always_1,15177,0.37534302168871164,0.362343244551197,0.3883427988262263,-0.0962363418218636,-0.11666062490490241,-0.07581205873882478,W per selected current decision; not summed PA value,True
count,3-1,learned,15177,0.5137482183455173,0.5046024314041434,0.5228940052868912,0.04216885483494209,0.028967621149075307,0.05537008852080888,W per selected current decision; not summed PA value,True
count,3-1,conservative,15177,0.47157936351057517,0.46423108291598997,0.47892764410516037,0.0,0.0,0.0,W per selected current decision; not summed PA value,True
count,3-1,stochastic_half,15177,0.43553944564780606,0.4261608328421211,0.444918058453491,-0.03603991786276913,-0.04874133671607434,-0.02333849900946392,W per selected current decision; not summed PA value,True
count,3-2,observed,34574,0.3762079597385318,0.36986621141615345,0.3825497080609102,0.0,0.0,0.0,W per selected current decision; not summed PA value,True
count,3-2,always_0,34574,0.33918166043335746,0.33109073943353023,0.3472725814331847,-0.03702629930517435,-0.055652092056165975,-0.01840050655418272,W per selected current decision; not summed PA value,True
count,3-2,always_1,34574,0.27573484648600305,0.26779348450859525,0.28367620846341085,-0.10047311325252879,-0.10827662668817609,-0.0926695998168815,W per selected current decision; not summed PA value,True
count,3-2,learned,34574,0.4620949613359594,0.4558810233143039,0.4683088993576149,0.08588700159742753,0.07974260158752029,0.09203140160733476,W per selected current decision; not summed PA value,True
count,3-2,conservative,34574,0.3762079597385318,0.36986621141615345,0.3825497080609102,0.0,0.0,0.0,W per selected current decision; not summed PA value,True
count,3-2,stochastic_half,34574,0.30745825345968025,0.3016749634826954,0.3132415434366651,-0.06874970627885157,-0.07681421095613922,-0.06068520160156393,W per selected current decision; not summed PA value,True
cell,0-0|BOUNDARY|FB,observed,29034,0.2946865743610939,0.2888627550055704,0.3005103937166174,0.0,0.0,0.0,W per selected current decision; not summed PA value,True
cell,0-0|BOUNDARY|FB,always_0,29034,0.28878926589448056,0.28201423363442907,0.29556429815453206,-0.00589730846661328,-0.014970377920763311,0.0031757609875367517,W per selected current decision; not summed PA value,True
cell,0-0|BOUNDARY|FB,always_1,29034,0.30418309558765194,0.2929268862224809,0.31543930495282296,0.009496521226558087,-0.00989280978410347,0.028885852237219643,W per selected current decision; not summed PA value,True
cell,0-0|BOUNDARY|FB,learned,29034,0.30418309558765194,0.2929268862224809,0.31543930495282296,0.009496521226558087,-0.00989280978410347,0.028885852237219643,W per selected current decision; not summed PA value,True
cell,0-0|BOUNDARY|FB,conservative,29034,0.2946865743610939,0.2888627550055704,0.3005103937166174,0.0,0.0,0.0,W per selected current decision; not summed PA value,True
cell,0-0|BOUNDARY|FB,stochastic_half,29034,0.29648618074106625,0.28992441312779604,0.30304794835433646,0.0017996063799724036,-0.004053808146921393,0.007653020906866201,W per selected current decision; not summed PA value,True
cell,0-0|BOUNDARY|NFB,observed,17503,0.29122019082443007,0.28380018698076886,0.2986401946680913,0.0,0.0,0.0,W per selected current decision; not summed PA value,True
cell,0-0|BOUNDARY|NFB,always_0,17503,0.29080497335112376,0.2821073516843338,0.2995025950179137,-0.00041521747330630475,-0.012247239182933264,0.011416804236320655,W per selected current decision; not summed PA value,True
cell,0-0|BOUNDARY|NFB,always_1,17503,0.28950091046246584,0.27458121591607965,0.30442060500885204,-0.0017192803619642749,-0.027252417307236015,0.023813856583307466,W per selected current decision; not summed PA value,True
cell,0-0|BOUNDARY|NFB,learned,17503,0.29080497335112376,0.2821073516843338,0.2995025950179137,-0.00041521747330630475,-0.012247239182933264,0.011416804236320655,W per selected current decision; not summed PA value,True
cell,0-0|BOUNDARY|NFB,conservative,17503,0.29122019082443007,0.28380018698076886,0.2986401946680913,0.0,0.0,0.0,W per selected current decision; not summed PA value,True
cell,0-0|BOUNDARY|NFB,stochastic_half,17503,0.29015294190679486,0.28150849606631845,0.29879738774727127,-0.001067248917635291,-0.00885961790369861,0.006725120068428028,W per selected current decision; not summed PA value,True
cell,0-0|INNER|FB,observed,35548,0.30349147631371665,0.29807762858049486,0.30890532404693843,0.0,0.0,0.0,W per selected current decision; not summed PA value,True
cell,0-0|INNER|FB,always_0,35548,0.27062915899117246,0.26333765070140386,0.27792066728094106,-0.03286231732254419,-0.04512561844869828,-0.020599016196390093,W per selected current decision; not summed PA value,True
cell,0-0|INNER|FB,always_1,35548,0.3339720602685792,0.32587190932523524,0.3420722112119231,0.030480583954862535,0.01914990959157794,0.04181125831814713,W per selected current decision; not summed PA value,True
cell,0-0|INNER|FB,learned,35548,0.3339720602685792,0.32587190932523524,0.3420722112119231,0.030480583954862535,0.01914990959157794,0.04181125831814713,W per selected current decision; not summed PA value,True
cell,0-0|INNER|FB,conservative,35548,0.30349147631371665,0.29807762858049486,0.30890532404693843,0.0,0.0,0.0,W per selected current decision; not summed PA value,True
cell,0-0|INNER|FB,stochastic_half,35548,0.3023006096298758,0.29683483763646845,0.3077663816232832,-0.0011908666838408289,-0.0037181232951958862,0.0013363899275142283,W per selected current decision; not summed PA value,True
cell,0-0|INNER|NFB,observed,20130,0.3023445106805762,0.2948565489025172,0.3098324724586352,0.0,0.0,0.0,W per selected current decision; not summed PA value,True
cell,0-0|INNER|NFB,always_0,20130,0.27074834662930386,0.2613217704628745,0.2801749227957332,-0.03159616405127233,-0.045962321463180605,-0.017230006639364057,W per selected current decision; not summed PA value,True
cell,0-0|INNER|NFB,always_1,20130,0.3369843054494242,0.3249697085462823,0.3489989023525661,0.03463979476884795,0.01630841389219154,0.05297117564550437,W per selected current decision; not summed PA value,True
cell,0-0|INNER|NFB,learned,20130,0.3369843054494242,0.3249697085462823,0.3489989023525661,0.03463979476884795,0.01630841389219154,0.05297117564550437,W per selected current decision; not summed PA value,True
cell,0-0|INNER|NFB,conservative,20130,0.3023445106805762,0.2948565489025172,0.3098324724586352,0.0,0.0,0.0,W per selected current decision; not summed PA value,True
cell,0-0|INNER|NFB,stochastic_half,20130,0.3038663260393641,0.29611273029991103,0.31161992177881714,0.0015218153587878071,-0.002560980451231906,0.00560461116880752,W per selected current decision; not summed PA value,True
cell,0-0|OUT|FB,observed,38051,0.33412485874221437,0.32904007757798587,0.3392096399064429,0.0,0.0,0.0,W per selected current decision; not summed PA value,True
cell,0-0|OUT|FB,always_0,38051,0.34468760989907027,0.33907426585074885,0.3503009539473917,0.010562751156855885,0.0058897888519063545,0.015235713461805415,W per selected current decision; not summed PA value,True
cell,0-0|OUT|FB,always_1,38051,0.25781277623166293,0.2457892967067222,0.26983625575660364,-0.07631208251055145,-0.10046176329286494,-0.05216240172823796,W per selected current decision; not summed PA value,True
cell,0-0|OUT|FB,learned,38051,0.34468760989907027,0.33907426585074885,0.3503009539473917,0.010562751156855885,0.0058897888519063545,0.015235713461805415,W per selected current decision; not summed PA value,True
cell,0-0|OUT|FB,conservative,38051,0.33412485874221437,0.32904007757798587,0.3392096399064429,0.0,0.0,0.0,W per selected current decision; not summed PA value,True
cell,0-0|OUT|FB,stochastic_half,38051,0.30125019306536666,0.2946244271385982,0.3078759589921351,-0.032874665676847784,-0.04305478984889865,-0.022694541504796918,W per selected current decision; not summed PA value,True
cell,0-0|OUT|NFB,observed,30172,0.34259717618984487,0.3364830179110043,0.3487113344686854,0.0,0.0,0.0,W per selected current decision; not summed PA value,True
cell,0-0|OUT|NFB,always_0,30172,0.3598923174009752,0.35292422327801104,0.3668604115239394,0.017295141211130346,0.011166183892951036,0.023424098529309656,W per selected current decision; not summed PA value,True
cell,0-0|OUT|NFB,always_1,30172,0.27067965578723546,0.2561521829780606,0.28520712859641034,-0.07191752040260943,-0.10086405457151501,-0.04297098623370385,W per selected current decision; not summed PA value,True
cell,0-0|OUT|NFB,learned,30172,0.3598923174009752,0.35292422327801104,0.3668604115239394,0.017295141211130346,0.011166183892951036,0.023424098529309656,W per selected current decision; not summed PA value,True
cell,0-0|OUT|NFB,conservative,30172,0.34259717618984487,0.3364830179110043,0.3487113344686854,0.0,0.0,0.0,W per selected current decision; not summed PA value,True
cell,0-0|OUT|NFB,stochastic_half,30172,0.3152859865941054,0.3071582413557098,0.323413731832501,-0.027311189595739548,-0.03957917530880765,-0.015043203882671446,W per selected current decision; not summed PA value,True
cell,0-1|BOUNDARY|FB,observed,11913,0.2461893729539159,0.23754532677166276,0.254833419136169,0.0,0.0,0.0,W per selected current decision; not summed PA value,True
cell,0-1|BOUNDARY|FB,always_0,11913,0.23930606938888216,0.22412126705514493,0.25449087172261936,-0.006883303565033733,-0.033399027086737386,0.019632419956669922,W per selected current decision; not summed PA value,True
cell,0-1|BOUNDARY|FB,always_1,11913,0.24841560211265384,0.23796634088699062,0.2588648633383171,0.002226229158737978,-0.010807213452243523,0.015259671769719482,W per selected current decision; not summed PA value,True
cell,0-1|BOUNDARY|FB,learned,11913,0.23930606938888216,0.22412126705514493,0.25449087172261936,-0.006883303565033733,-0.033399027086737386,0.019632419956669922,W per selected current decision; not summed PA value,True
cell,0-1|BOUNDARY|FB,conservative,11913,0.2461893729539159,0.23754532677166276,0.254833419136169,0.0,0.0,0.0,W per selected current decision; not summed PA value,True
cell,0-1|BOUNDARY|FB,stochastic_half,11913,0.243860835750768,0.23455791144044244,0.2531637600610936,-0.002328537203147879,-0.010133835978879117,0.005476761572583359,W per selected current decision; not summed PA value,True
cell,0-1|BOUNDARY|NFB,observed,9825,0.25363480916030534,0.24399582717876214,0.26327379114184857,0.0,0.0,0.0,W per selected current decision; not summed PA value,True
cell,0-1|BOUNDARY|NFB,always_0,9825,0.24880213353407524,0.229307045477329,0.2682972215908215,-0.004832675626230094,-0.039891117878391794,0.030225766625931603,W per selected current decision; not summed PA value,True
cell,0-1|BOUNDARY|NFB,always_1,9825,0.25194877507557895,0.24079330615902333,0.26310424399213456,-0.001686034084726458,-0.015471276615935408,0.012099208446482492,W per selected current decision; not summed PA value,True
cell,0-1|BOUNDARY|NFB,learned,9825,0.25194877507557895,0.24079330615902333,0.26310424399213456,-0.001686034084726458,-0.015471276615935408,0.012099208446482492,W per selected current decision; not summed PA value,True
cell,0-1|BOUNDARY|NFB,conservative,9825,0.25363480916030534,0.24399582717876214,0.26327379114184857,0.0,0.0,0.0,W per selected current decision; not summed PA value,True
cell,0-1|BOUNDARY|NFB,stochastic_half,9825,0.2503754543048271,0.2392119740655233,0.2615389345441309,-0.003259354855478276,-0.01485306601196475,0.008334356301008199,W per selected current decision; not summed PA value,True
cell,0-1|INNER|FB,observed,13047,0.26359530926649805,0.2551460628095521,0.272044555723444,0.0,0.0,0.0,W per selected current decision; not summed PA value,True
cell,0-1|INNER|FB,always_0,13047,0.19587305376521183,0.17566250378383647,0.2160836037465872,-0.06772225550128623,-0.10818600134327111,-0.027258509659301357,W per selected current decision; not summed PA value,True
cell,0-1|INNER|FB,always_1,13047,0.27985088255582663,0.2704265545861899,0.28927521052546334,0.016255573289328612,0.00855407992837054,0.023957066650286685,W per selected current decision; not summed PA value,True
cell,0-1|INNER|FB,learned,13047,0.27985088255582663,0.2704265545861899,0.28927521052546334,0.016255573289328612,0.00855407992837054,0.023957066650286685,W per selected current decision; not summed PA value,True
cell,0-1|INNER|FB,conservative,13047,0.26359530926649805,0.2551460628095521,0.272044555723444,0.0,0.0,0.0,W per selected current decision; not summed PA value,True
cell,0-1|INNER|FB,stochastic_half,13047,0.23786196816051924,0.22677455584073192,0.24894938048030657,-0.025733341105978805,-0.042520873810242554,-0.008945808401715057,W per selected current decision; not summed PA value,True
cell,0-1|INNER|NFB,observed,9421,0.2810838552170683,0.2702618349035271,0.2919058755306095,0.0,0.0,0.0,W per selected current decision; not summed PA value,True
cell,0-1|INNER|NFB,always_0,9421,0.21769621085241705,0.19001153263072432,0.2453808890741098,-0.0633876443646512,-0.11853291377653064,-0.008242374952771775,W per selected current decision; not summed PA value,True
cell,0-1|INNER|NFB,always_1,9421,0.29530023364967106,0.2834555401041782,0.3071449271951639,0.014216378432602789,0.0048315297531372255,0.02360122711206835,W per selected current decision; not summed PA value,True
cell,0-1|INNER|NFB,learned,9421,0.29530023364967106,0.2834555401041782,0.3071449271951639,0.014216378432602789,0.0048315297531372255,0.02360122711206835,W per selected current decision; not summed PA value,True
cell,0-1|INNER|NFB,conservative,9421,0.2810838552170683,0.2702618349035271,0.2919058755306095,0.0,0.0,0.0,W per selected current decision; not summed PA value,True
cell,0-1|INNER|NFB,stochastic_half,9421,0.256498222251044,0.2414011480219182,0.27159529648016983,-0.02458563296602421,-0.04800700209193588,-0.0011642638401125407,W per selected current decision; not summed PA value,True
cell,0-1|OUT|FB,observed,20477,0.2799230356009181,0.2733501481823382,0.28649592301949794,0.0,0.0,0.0,W per selected current decision; not summed PA value,True
cell,0-1|OUT|FB,always_0,20477,0.29917754166986493,0.2915431691411789,0.306811914198551,0.019254506068946877,0.01154247448312466,0.026966537654769092,W per selected current decision; not summed PA value,True
cell,0-1|OUT|FB,always_1,20477,0.20589549273648708,0.19343018106553905,0.2183608044074351,-0.074027542864431,-0.09927705412309532,-0.048778031605766686,W per selected current decision; not summed PA value,True
cell,0-1|OUT|FB,learned,20477,0.29917754166986493,0.2915431691411789,0.306811914198551,0.019254506068946877,0.01154247448312466,0.026966537654769092,W per selected current decision; not summed PA value,True
cell,0-1|OUT|FB,conservative,20477,0.2799230356009181,0.2733501481823382,0.28649592301949794,0.0,0.0,0.0,W per selected current decision; not summed PA value,True
cell,0-1|OUT|FB,stochastic_half,20477,0.25253651720317605,0.24534879475871862,0.25972423964763347,-0.02738651839774206,-0.0373813180583749,-0.017391718737109218,W per selected current decision; not summed PA value,True
cell,0-1|OUT|NFB,observed,24816,0.2720566166989039,0.26602694430120677,0.27808628909660105,0.0,0.0,0.0,W per selected current decision; not summed PA value,True
cell,0-1|OUT|NFB,always_0,24816,0.29776329799097784,0.29037644004247465,0.305150155939481,0.0257066812920739,0.017352542957130613,0.03406081962701718,W per selected current decision; not summed PA value,True
cell,0-1|OUT|NFB,always_1,24816,0.20629470418606663,0.1945842253728432,0.21800518299929006,-0.06576191251283733,-0.08851927919501346,-0.04300454583066121,W per selected current decision; not summed PA value,True
cell,0-1|OUT|NFB,learned,24816,0.29776329799097784,0.29037644004247465,0.305150155939481,0.0257066812920739,0.017352542957130613,0.03406081962701718,W per selected current decision; not summed PA value,True
cell,0-1|OUT|NFB,conservative,24816,0.2720566166989039,0.26602694430120677,0.27808628909660105,0.0,0.0,0.0,W per selected current decision; not summed PA value,True
cell,0-1|OUT|NFB,stochastic_half,24816,0.2520290010885222,0.24509622972469702,0.2589617724523474,-0.020027615610381716,-0.028887926495676664,-0.011167304725086768,W per selected current decision; not summed PA value,True
cell,0-2|BOUNDARY|FB,observed,4685,0.19012550693703306,0.17692279117617296,0.20332822269789316,0.0,0.0,0.0,W per selected current decision; not summed PA value,True
cell,0-2|BOUNDARY|FB,always_0,4685,0.09916751892923731,0.07444619032943069,0.12388884752904393,-0.09095798800779578,-0.139651345471512,-0.04226463054407955,W per selected current decision; not summed PA value,True
cell,0-2|BOUNDARY|FB,always_1,4685,0.21451922156166087,0.19965628438178354,0.2293821587415382,0.024393714624627773,0.011745412342699822,0.03704201690655572,W per selected current decision; not summed PA value,True
cell,0-2|BOUNDARY|FB,learned,4685,0.21451922156166087,0.19965628438178354,0.2293821587415382,0.024393714624627773,0.011745412342699822,0.03704201690655572,W per selected current decision; not summed PA value,True
cell,0-2|BOUNDARY|FB,conservative,4685,0.19012550693703306,0.17692279117617296,0.20332822269789316,0.0,0.0,0.0,W per selected current decision; not summed PA value,True
cell,0-2|BOUNDARY|FB,stochastic_half,4685,0.1568433702454491,0.14223409159001443,0.17145264890088374,-0.033282136691583995,-0.05204444785108132,-0.014519825532086673,W per selected current decision; not summed PA value,True
cell,0-2|BOUNDARY|NFB,observed,4111,0.20648479688640234,0.1923034697198385,0.22066612405296618,0.0,0.0,0.0,W per selected current decision; not summed PA value,True
cell,0-2|BOUNDARY|NFB,always_0,4111,0.08607270984757015,0.05675045072868745,0.11539496896645285,-0.12041208703883219,-0.18227198528255173,-0.05855218879511264,W per selected current decision; not summed PA value,True
cell,0-2|BOUNDARY|NFB,always_1,4111,0.22236356141300906,0.20674553628909234,0.23798158653692578,0.015878764526606727,0.006270636200204275,0.02548689285300918,W per selected current decision; not summed PA value,True
cell,0-2|BOUNDARY|NFB,learned,4111,0.22236356141300906,0.20674553628909234,0.23798158653692578,0.015878764526606727,0.006270636200204275,0.02548689285300918,W per selected current decision; not summed PA value,True
cell,0-2|BOUNDARY|NFB,conservative,4111,0.20648479688640234,0.1923034697198385,0.22066612405296618,0.0,0.0,0.0,W per selected current decision; not summed PA value,True
cell,0-2|BOUNDARY|NFB,stochastic_half,4111,0.1542181356302896,0.1376285699909518,0.1708077012696274,-0.05226666125611272,-0.07895057943931176,-0.025582743072913684,W per selected current decision; not summed PA value,True
cell,0-2|INNER|FB,observed,4378,0.23250045682960255,0.21782284375469302,0.24717806990451208,0.0,0.0,0.0,W per selected current decision; not summed PA value,True
cell,0-2|INNER|FB,always_0,4378,0.019342795446604746,0.0074750410073428745,0.031210549885866617,-0.2131576613829978,-0.2503551163056067,-0.17596020646038893,W per selected current decision; not summed PA value,True
cell,0-2|INNER|FB,always_1,4378,0.258563579964354,0.24225903758774486,0.2748681223409631,0.026063123134751422,0.019390769921022986,0.032735476348479856,W per selected current decision; not summed PA value,True
cell,0-2|INNER|FB,learned,4378,0.258563579964354,0.24225903758774486,0.2748681223409631,0.026063123134751422,0.019390769921022986,0.032735476348479856,W per selected current decision; not summed PA value,True
cell,0-2|INNER|FB,conservative,4378,0.23250045682960255,0.21782284375469302,0.24717806990451208,0.0,0.0,0.0,W per selected current decision; not summed PA value,True
cell,0-2|INNER|FB,stochastic_half,4378,0.13895318770547935,0.12895648593716402,0.14894988947379467,-0.0935472691241232,-0.10928948451071012,-0.07780505373753628,W per selected current decision; not summed PA value,True
cell,0-2|INNER|NFB,observed,3244,0.25760696670776817,0.2394240886717178,0.2757898447438185,0.0,0.0,0.0,W per selected current decision; not summed PA value,True
cell,0-2|INNER|NFB,always_0,3244,0.05121103261828896,0.035878217960944814,0.0665438472756331,-0.2063959340894792,-0.2537368258285745,-0.15905504235038392,W per selected current decision; not summed PA value,True
cell,0-2|INNER|NFB,always_1,3244,0.27353246883534305,0.2536867930509533,0.2933781446197328,0.015925502127574848,0.009538902677525949,0.02231210157762375,W per selected current decision; not summed PA value,True
cell,0-2|INNER|NFB,learned,3244,0.27353246883534305,0.2536867930509533,0.2933781446197328,0.015925502127574848,0.009538902677525949,0.02231210157762375,W per selected current decision; not summed PA value,True
cell,0-2|INNER|NFB,conservative,3244,0.25760696670776817,0.2394240886717178,0.2757898447438185,0.0,0.0,0.0,W per selected current decision; not summed PA value,True
cell,0-2|INNER|NFB,stochastic_half,3244,0.16237175072681598,0.14981131759911634,0.17493218385451562,-0.09523521598095218,-0.11606721184555896,-0.0744032201163454,W per selected current decision; not summed PA value,True
cell,0-2|OUT|FB,observed,11923,0.20800570326260168,0.19970083793501908,0.21631056859018427,0.0,0.0,0.0,W per selected current decision; not summed PA value,True
cell,0-2|OUT|FB,always_0,11923,0.23099314123005632,0.22138810187413968,0.24059818058597296,0.022987437967454644,0.012326861188097846,0.03364801474681144,W per selected current decision; not summed PA value,True
cell,0-2|OUT|FB,always_1,11923,0.13857532024239827,0.12673691040880553,0.15041373007599101,-0.0694303830202034,-0.09141769490342339,-0.04744307113698343,W per selected current decision; not summed PA value,True
cell,0-2|OUT|FB,learned,11923,0.23099314123005632,0.22138810187413968,0.24059818058597296,0.022987437967454644,0.012326861188097846,0.03364801474681144,W per selected current decision; not summed PA value,True
cell,0-2|OUT|FB,conservative,11923,0.20800570326260168,0.19970083793501908,0.21631056859018427,0.0,0.0,0.0,W per selected current decision; not summed PA value,True
cell,0-2|OUT|FB,stochastic_half,11923,0.18478423073622735,0.1768475146913988,0.1927209467810559,-0.023221472526374375,-0.030886769264296877,-0.015556175788451873,W per selected current decision; not summed PA value,True
cell,0-2|OUT|NFB,observed,18119,0.185863954964402,0.17937607169452818,0.19235183823427582,0.0,0.0,0.0,W per selected current decision; not summed PA value,True
cell,0-2|OUT|NFB,always_0,18119,0.217494324103184,0.20921028670514596,0.22577836150122205,0.031630369138781984,0.0214812321843958,0.04177950609316817,W per selected current decision; not summed PA value,True
cell,0-2|OUT|NFB,always_1,18119,0.09768034314384524,0.09027503905033886,0.10508564723735163,-0.08818361182055676,-0.10217692698191601,-0.0741902966591975,W per selected current decision; not summed PA value,True
cell,0-2|OUT|NFB,learned,18119,0.217494324103184,0.20921028670514596,0.22577836150122205,0.031630369138781984,0.0214812321843958,0.04177950609316817,W per selected current decision; not summed PA value,True
cell,0-2|OUT|NFB,conservative,18119,0.185863954964402,0.17937607169452818,0.19235183823427582,0.0,0.0,0.0,W per selected current decision; not summed PA value,True
cell,0-2|OUT|NFB,stochastic_half,18119,0.15758733362351465,0.1518087452353451,0.1633659220116842,-0.028276621340887386,-0.03293525328666484,-0.023617989395109933,W per selected current decision; not summed PA value,True
cell,1-0|BOUNDARY|FB,observed,11167,0.32684400465657737,0.31712443106111027,0.33656357825204447,0.0,0.0,0.0,W per selected current decision; not summed PA value,True
cell,1-0|BOUNDARY|FB,always_0,11167,0.32805676768760267,0.3145795732291167,0.3415339621460886,0.0012127630310252604,-0.019318403002207548,0.02174392906425807,W per selected current decision; not summed PA value,True
cell,1-0|BOUNDARY|FB,always_1,11167,0.3216027546411779,0.30734737176744836,0.3358581375149074,-0.0052412500153995465,-0.02720144549723573,0.016718945466436638,W per selected current decision; not summed PA value,True
cell,1-0|BOUNDARY|FB,learned,11167,0.32805676768760267,0.3145795732291167,0.3415339621460886,0.0012127630310252604,-0.019318403002207548,0.02174392906425807,W per selected current decision; not summed PA value,True
cell,1-0|BOUNDARY|FB,conservative,11167,0.32684400465657737,0.31712443106111027,0.33656357825204447,0.0,0.0,0.0,W per selected current decision; not summed PA value,True
cell,1-0|BOUNDARY|FB,stochastic_half,11167,0.3248297611643903,0.315001871730593,0.33465765059818753,-0.0020142434921871432,-0.006486941547699641,0.002458454563325355,W per selected current decision; not summed PA value,True
cell,1-0|BOUNDARY|NFB,observed,6910,0.31889623733719247,0.3067163164875803,0.33107615818680464,0.0,0.0,0.0,W per selected current decision; not summed PA value,True
cell,1-0|BOUNDARY|NFB,always_0,6910,0.32137796828257914,0.3045425309501875,0.33821340561497076,0.002481730945386613,-0.024556549828527483,0.02952001171930071,W per selected current decision; not summed PA value,True
cell,1-0|BOUNDARY|NFB,always_1,6910,0.3152532157062307,0.29652300317050373,0.3339834282419577,-0.003643021630961782,-0.031556772870297706,0.02427072960837414,W per selected current decision; not summed PA value,True
cell,1-0|BOUNDARY|NFB,learned,6910,0.32137796828257914,0.3045425309501875,0.33821340561497076,0.002481730945386613,-0.024556549828527483,0.02952001171930071,W per selected current decision; not summed PA value,True
cell,1-0|BOUNDARY|NFB,conservative,6910,0.31889623733719247,0.3067163164875803,0.33107615818680464,0.0,0.0,0.0,W per selected current decision; not summed PA value,True
cell,1-0|BOUNDARY|NFB,stochastic_half,6910,0.3183155919944049,0.3057764669470044,0.3308547170418054,-0.0005806453427875855,-0.00645113148213927,0.0052898407965641,W per selected current decision; not summed PA value,True
cell,1-0|INNER|FB,observed,14130,0.3497278131634819,0.34054834830442615,0.35890727802253763,0.0,0.0,0.0,W per selected current decision; not summed PA value,True
cell,1-0|INNER|FB,always_0,14130,0.2979498666873366,0.27981556095627536,0.3160841724183978,-0.051777946476145344,-0.08583783097269801,-0.01771806197959267,W per selected current decision; not summed PA value,True
cell,1-0|INNER|FB,always_1,14130,0.36971486028169354,0.358876243794011,0.38055347676937606,0.019987047118211566,0.008160391015472054,0.031813703220951076,W per selected current decision; not summed PA value,True
cell,1-0|INNER|FB,learned,14130,0.36971486028169354,0.358876243794011,0.38055347676937606,0.019987047118211566,0.008160391015472054,0.031813703220951076,W per selected current decision; not summed PA value,True
cell,1-0|INNER|FB,conservative,14130,0.3497278131634819,0.34054834830442615,0.35890727802253763,0.0,0.0,0.0,W per selected current decision; not summed PA value,True
cell,1-0|INNER|FB,stochastic_half,14130,0.33383236348451506,0.3233516724102836,0.3443130545587465,-0.015895449678966892,-0.027698928208896342,-0.004091971149037444,W per selected current decision; not summed PA value,True
cell,1-0|INNER|NFB,observed,7827,0.3422056982240961,0.3299187842335343,0.35449261221465783,0.0,0.0,0.0,W per selected current decision; not summed PA value,True
cell,1-0|INNER|NFB,always_0,7827,0.31125922166988723,0.2909457813993118,0.33157266194046264,-0.030946476554208832,-0.06657450746527784,0.004681554356860171,W per selected current decision; not summed PA value,True
cell,1-0|INNER|NFB,always_1,7827,0.3557107533364141,0.3404196685782054,0.37100183809462284,0.013505055112317999,-0.00485344395723346,0.03186355418186946,W per selected current decision; not summed PA value,True
cell,1-0|INNER|NFB,learned,7827,0.3557107533364141,0.3404196685782054,0.37100183809462284,0.013505055112317999,-0.00485344395723346,0.03186355418186946,W per selected current decision; not summed PA value,True
cell,1-0|INNER|NFB,conservative,7827,0.3422056982240961,0.3299187842335343,0.35449261221465783,0.0,0.0,0.0,W per selected current decision; not summed PA value,True
cell,1-0|INNER|NFB,stochastic_half,7827,0.33348498750315064,0.32052937723428365,0.34644059777201763,-0.008720710720945418,-0.018865678140336895,0.0014242566984460601,W per selected current decision; not summed PA value,True
cell,1-0|OUT|FB,observed,14677,0.3836382094433467,0.37565895169194913,0.3916174671947443,0.0,0.0,0.0,W per selected current decision; not summed PA value,True
cell,1-0|OUT|FB,always_0,14677,0.40577780960856613,0.3970366784237582,0.41451894079337404,0.022139600165219386,0.013244488797012552,0.03103471153342622,W per selected current decision; not summed PA value,True
cell,1-0|OUT|FB,always_1,14677,0.2723086587838963,0.25431235692898735,0.2903049606388053,-0.11132955065945042,-0.14621116747472146,-0.07644793384417939,W per selected current decision; not summed PA value,True
cell,1-0|OUT|FB,learned,14677,0.40577780960856613,0.3970366784237582,0.41451894079337404,0.022139600165219386,0.013244488797012552,0.03103471153342622,W per selected current decision; not summed PA value,True
cell,1-0|OUT|FB,conservative,14677,0.3836382094433467,0.37565895169194913,0.3916174671947443,0.0,0.0,0.0,W per selected current decision; not summed PA value,True
cell,1-0|OUT|FB,stochastic_half,14677,0.3390432341962312,0.3290529208820235,0.34903354751043897,-0.044594975247115524,-0.05858810980929486,-0.03060184068493619,W per selected current decision; not summed PA value,True
cell,1-0|OUT|NFB,observed,12508,0.386013271506236,0.3772490362683806,0.3947775067440914,0.0,0.0,0.0,W per selected current decision; not summed PA value,True
cell,1-0|OUT|NFB,always_0,12508,0.4156770100053134,0.405585217000915,0.42576880300971176,0.0296637384990773,0.018410468418664165,0.04091700857949043,W per selected current decision; not summed PA value,True
cell,1-0|OUT|NFB,always_1,12508,0.3049098466760984,0.28311140630719345,0.3267082870450033,-0.0811034248301376,-0.12330989752663837,-0.038896952133636836,W per selected current decision; not summed PA value,True
cell,1-0|OUT|NFB,learned,12508,0.4156770100053134,0.405585217000915,0.42576880300971176,0.0296637384990773,0.018410468418664165,0.04091700857949043,W per selected current decision; not summed PA value,True
cell,1-0|OUT|NFB,conservative,12508,0.386013271506236,0.3772490362683806,0.3947775067440914,0.0,0.0,0.0,W per selected current decision; not summed PA value,True
cell,1-0|OUT|NFB,stochastic_half,12508,0.3602934283407059,0.3482718945957059,0.37231496208570586,-0.025719843165530158,-0.043187994530237445,-0.008251691800822868,W per selected current decision; not summed PA value,True
cell,1-1|BOUNDARY|FB,observed,9574,0.2706093586797576,0.2608114786910533,0.2804072386684619,0.0,0.0,0.0,W per selected current decision; not summed PA value,True
cell,1-1|BOUNDARY|FB,always_0,9574,0.2586237396610722,0.24059324592251735,0.2766542333996271,-0.011985619018685462,-0.04387377669366005,0.019902538656289128,W per selected current decision; not summed PA value,True
cell,1-1|BOUNDARY|FB,always_1,9574,0.2681905614002352,0.25676965923850714,0.2796114635619632,-0.0024187972795225187,-0.016303879091008805,0.011466284531963767,W per selected current decision; not summed PA value,True
cell,1-1|BOUNDARY|FB,learned,9574,0.2681905614002352,0.25676965923850714,0.2796114635619632,-0.0024187972795225187,-0.016303879091008805,0.011466284531963767,W per selected current decision; not summed PA value,True
cell,1-1|BOUNDARY|FB,conservative,9574,0.2706093586797576,0.2608114786910533,0.2804072386684619,0.0,0.0,0.0,W per selected current decision; not summed PA value,True
cell,1-1|BOUNDARY|FB,stochastic_half,9574,0.2634071505306537,0.2526489284796615,0.2741653725816459,-0.0072022081491039894,-0.017200758977834144,0.002796342679626163,W per selected current decision; not summed PA value,True
cell,1-1|BOUNDARY|NFB,observed,8160,0.2702087009803921,0.25980634797223723,0.280611053988547,0.0,0.0,0.0,W per selected current decision; not summed PA value,True
cell,1-1|BOUNDARY|NFB,always_0,8160,0.2533406275606144,0.22975908761748962,0.2769221675037391,-0.016868073419777727,-0.060789144680595555,0.027052997841040097,W per selected current decision; not summed PA value,True
cell,1-1|BOUNDARY|NFB,always_1,8160,0.26974941607732733,0.25789192107554426,0.2816069110791104,-0.0004592849030648413,-0.01408590139535732,0.013167331589227638,W per selected current decision; not summed PA value,True
cell,1-1|BOUNDARY|NFB,learned,8160,0.26974941607732733,0.25789192107554426,0.2816069110791104,-0.0004592849030648413,-0.01408590139535732,0.013167331589227638,W per selected current decision; not summed PA value,True
cell,1-1|BOUNDARY|NFB,conservative,8160,0.2702087009803921,0.25980634797223723,0.280611053988547,0.0,0.0,0.0,W per selected current decision; not summed PA value,True
cell,1-1|BOUNDARY|NFB,stochastic_half,8160,0.2615450218189709,0.24847927206196452,0.27461077157597724,-0.008663679161421285,-0.024689653108985708,0.007362294786143137,W per selected current decision; not summed PA value,True
cell,1-1|INNER|FB,observed,11199,0.30387597106884545,0.2940362673114085,0.31371567482628243,0.0,0.0,0.0,W per selected current decision; not summed PA value,True
cell,1-1|INNER|FB,always_0,11199,0.21296180089797434,0.1886784280116837,0.237245173784265,-0.0909141701708711,-0.1401618856120187,-0.04166645472972348,W per selected current decision; not summed PA value,True
cell,1-1|INNER|FB,always_1,11199,0.31934084509733807,0.30861556002407015,0.330066130170606,0.015464874028492658,0.007619231330742261,0.023310516726243055,W per selected current decision; not summed PA value,True
cell,1-1|INNER|FB,learned,11199,0.31934084509733807,0.30861556002407015,0.330066130170606,0.015464874028492658,0.007619231330742261,0.023310516726243055,W per selected current decision; not summed PA value,True
cell,1-1|INNER|FB,conservative,11199,0.30387597106884545,0.2940362673114085,0.31371567482628243,0.0,0.0,0.0,W per selected current decision; not summed PA value,True
cell,1-1|INNER|FB,stochastic_half,11199,0.2661513229976562,0.2529267887508121,0.2793758572445003,-0.03772464807118922,-0.058789110600821884,-0.016660185541556558,W per selected current decision; not summed PA value,True
cell,1-1|INNER|NFB,observed,8530,0.2937454865181712,0.28248455826996066,0.3050064147663817,0.0,0.0,0.0,W per selected current decision; not summed PA value,True
cell,1-1|INNER|NFB,always_0,8530,0.2287674899586792,0.199706034349482,0.25782894556787644,-0.06497799655949192,-0.12361644786599524,-0.006339545252988611,W per selected current decision; not summed PA value,True
cell,1-1|INNER|NFB,always_1,8530,0.3059734195790621,0.2936205143524018,0.3183263248057224,0.012227933060890974,0.00286430455255777,0.021591561569224177,W per selected current decision; not summed PA value,True
cell,1-1|INNER|NFB,learned,8530,0.3059734195790621,0.2936205143524018,0.3183263248057224,0.012227933060890974,0.00286430455255777,0.021591561569224177,W per selected current decision; not summed PA value,True
cell,1-1|INNER|NFB,conservative,8530,0.2937454865181712,0.28248455826996066,0.3050064147663817,0.0,0.0,0.0,W per selected current decision; not summed PA value,True
cell,1-1|INNER|NFB,stochastic_half,8530,0.2673704547688707,0.2516316772769489,0.28310923226079254,-0.026375031749300473,-0.05152368075260209,-0.001226382745998858,W per selected current decision; not summed PA value,True
cell,1-1|OUT|FB,observed,15046,0.32207550179449684,0.31402343452417736,0.33012756906481633,0.0,0.0,0.0,W per selected current decision; not summed PA value,True
cell,1-1|OUT|FB,always_0,15046,0.3493811612320237,0.34012661047168236,0.358635711992365,0.027305659437526796,0.017029483958015297,0.037581834917038294,W per selected current decision; not summed PA value,True
cell,1-1|OUT|FB,always_1,15046,0.2396905992692838,0.22406877845899728,0.2553124200795703,-0.08238490252521312,-0.11182764383395827,-0.05294216121646797,W per selected current decision; not summed PA value,True
cell,1-1|OUT|FB,learned,15046,0.3493811612320237,0.34012661047168236,0.358635711992365,0.027305659437526796,0.017029483958015297,0.037581834917038294,W per selected current decision; not summed PA value,True
cell,1-1|OUT|FB,conservative,15046,0.32207550179449684,0.31402343452417736,0.33012756906481633,0.0,0.0,0.0,W per selected current decision; not summed PA value,True
cell,1-1|OUT|FB,stochastic_half,15046,0.2945358802506537,0.2853499329820494,0.30372182751925797,-0.027539621543843158,-0.038659495413429945,-0.01641974767425637,W per selected current decision; not summed PA value,True
cell,1-1|OUT|NFB,observed,17974,0.309419439189941,0.30235405721854075,0.3164848211613413,0.0,0.0,0.0,W per selected current decision; not summed PA value,True
cell,1-1|OUT|NFB,always_0,17974,0.34652515990770105,0.3378558273406378,0.3551944924747643,0.03710572071776003,0.02635524724135605,0.047856194194164,W per selected current decision; not summed PA value,True
cell,1-1|OUT|NFB,always_1,17974,0.22389740505421063,0.2109840448431991,0.23681076526522216,-0.0855220341357304,-0.10977276279608192,-0.06127130547537887,W per selected current decision; not summed PA value,True
cell,1-1|OUT|NFB,learned,17974,0.34652515990770105,0.3378558273406378,0.3551944924747643,0.03710572071776003,0.02635524724135605,0.047856194194164,W per selected current decision; not summed PA value,True
cell,1-1|OUT|NFB,conservative,17974,0.309419439189941,0.30235405721854075,0.3164848211613413,0.0,0.0,0.0,W per selected current decision; not summed PA value,True
cell,1-1|OUT|NFB,stochastic_half,17974,0.2852112824809558,0.2773743265736961,0.2930482383882155,-0.02420815670898518,-0.033348318518203454,-0.015067994899766912,W per selected current decision; not summed PA value,True
cell,1-2|BOUNDARY|FB,observed,7399,0.20325111501554263,0.19283178324017097,0.2136704467909143,0.0,0.0,0.0,W per selected current decision; not summed PA value,True
cell,1-2|BOUNDARY|FB,always_0,7399,0.09621316571519552,0.07811654862522245,0.11430978280516858,-0.10703794930034713,-0.14432449965348934,-0.06975139894720492,W per selected current decision; not summed PA value,True
cell,1-2|BOUNDARY|FB,always_1,7399,0.22667466362608835,0.21505174663276488,0.2382975806194118,0.023423548610545672,0.014352100827874829,0.03249499639321651,W per selected current decision; not summed PA value,True
cell,1-2|BOUNDARY|FB,learned,7399,0.22667466362608835,0.21505174663276488,0.2382975806194118,0.023423548610545672,0.014352100827874829,0.03249499639321651,W per selected current decision; not summed PA value,True
cell,1-2|BOUNDARY|FB,conservative,7399,0.20325111501554263,0.19283178324017097,0.2136704467909143,0.0,0.0,0.0,W per selected current decision; not summed PA value,True
cell,1-2|BOUNDARY|FB,stochastic_half,7399,0.16144391467064195,0.15068787486696963,0.17219995447431427,-0.04180720034490073,-0.05647972198668479,-0.027134678703116664,W per selected current decision; not summed PA value,True
cell,1-2|BOUNDARY|NFB,observed,6823,0.21246958815770187,0.20120755097987095,0.22373162533553279,0.0,0.0,0.0,W per selected current decision; not summed PA value,True
cell,1-2|BOUNDARY|NFB,always_0,6823,0.10995798845615345,0.08511229137929216,0.13480368553301475,-0.10251159970154845,-0.15376501044126714,-0.05125818896182976,W per selected current decision; not summed PA value,True
cell,1-2|BOUNDARY|NFB,always_1,6823,0.22468421972565883,0.21241120264004656,0.2369572368112711,0.012214631567956933,0.004081303230097753,0.020347959905816115,W per selected current decision; not summed PA value,True
cell,1-2|BOUNDARY|NFB,learned,6823,0.22468421972565883,0.21241120264004656,0.2369572368112711,0.012214631567956933,0.004081303230097753,0.020347959905816115,W per selected current decision; not summed PA value,True
cell,1-2|BOUNDARY|NFB,conservative,6823,0.21246958815770187,0.20120755097987095,0.22373162533553279,0.0,0.0,0.0,W per selected current decision; not summed PA value,True
cell,1-2|BOUNDARY|NFB,stochastic_half,6823,0.16732110409090614,0.15345554360564598,0.1811866645761663,-0.04514848406679575,-0.06711281901074073,-0.02318414912285077,W per selected current decision; not summed PA value,True
cell,1-2|INNER|FB,observed,7142,0.25124726967236066,0.23942128723341105,0.2630732521113103,0.0,0.0,0.0,W per selected current decision; not summed PA value,True
cell,1-2|INNER|FB,always_0,7142,0.04071053680592638,0.029043629555641687,0.05237744405621107,-0.2105367328664343,-0.2433978407561307,-0.1776756249767379,W per selected current decision; not summed PA value,True
cell,1-2|INNER|FB,always_1,7142,0.2733068329207822,0.2603736279383385,0.28624003790322583,0.022059563248421527,0.017222248702216947,0.026896877794626108,W per selected current decision; not summed PA value,True
cell,1-2|INNER|FB,learned,7142,0.2733068329207822,0.2603736279383385,0.28624003790322583,0.022059563248421527,0.017222248702216947,0.026896877794626108,W per selected current decision; not summed PA value,True
cell,1-2|INNER|FB,conservative,7142,0.25124726967236066,0.23942128723341105,0.2630732521113103,0.0,0.0,0.0,W per selected current decision; not summed PA value,True
cell,1-2|INNER|FB,stochastic_half,7142,0.1570086848633543,0.1483292222910428,0.16568814743566576,-0.09423858480900639,-0.10864204827413736,-0.07983512134387542,W per selected current decision; not summed PA value,True
cell,1-2|INNER|NFB,observed,5377,0.25805969871675655,0.24401043354834107,0.27210896388517203,0.0,0.0,0.0,W per selected current decision; not summed PA value,True
cell,1-2|INNER|NFB,always_0,5377,0.06590504918792259,0.051236860663434906,0.08057323771241028,-0.19215464952883396,-0.23187272188607597,-0.15243657717159195,W per selected current decision; not summed PA value,True
cell,1-2|INNER|NFB,always_1,5377,0.27313733402491264,0.25788875071315986,0.2883859173366654,0.015077635308156019,0.010102908868903858,0.02005236174740818,W per selected current decision; not summed PA value,True
cell,1-2|INNER|NFB,learned,5377,0.27313733402491264,0.25788875071315986,0.2883859173366654,0.015077635308156019,0.010102908868903858,0.02005236174740818,W per selected current decision; not summed PA value,True
cell,1-2|INNER|NFB,conservative,5377,0.25805969871675655,0.24401043354834107,0.27210896388517203,0.0,0.0,0.0,W per selected current decision; not summed PA value,True
cell,1-2|INNER|NFB,stochastic_half,5377,0.1695211916064176,0.15877496028102506,0.18026742293181014,-0.08853850711033898,-0.10622102059163482,-0.07085599362904313,W per selected current decision; not summed PA value,True
cell,1-2|OUT|FB,observed,15768,0.23268309233891427,0.22556080664799244,0.2398053780298361,0.0,0.0,0.0,W per selected current decision; not summed PA value,True
cell,1-2|OUT|FB,always_0,15768,0.2599585386800603,0.2515497952141725,0.2683672821459481,0.027275446341146068,0.01661381330693513,0.03793707937535701,W per selected current decision; not summed PA value,True
cell,1-2|OUT|FB,always_1,15768,0.1640329823058474,0.15239827757387556,0.17566768703781924,-0.06865011003306686,-0.08956112158697695,-0.047739098479156764,W per selected current decision; not summed PA value,True
cell,1-2|OUT|FB,learned,15768,0.2599585386800603,0.2515497952141725,0.2683672821459481,0.027275446341146068,0.01661381330693513,0.03793707937535701,W per selected current decision; not summed PA value,True
cell,1-2|OUT|FB,conservative,15768,0.23268309233891427,0.22556080664799244,0.2398053780298361,0.0,0.0,0.0,W per selected current decision; not summed PA value,True
cell,1-2|OUT|FB,stochastic_half,15768,0.21199576049295385,0.20468257824409614,0.21930894274181156,-0.020687331845960395,-0.027910002245329663,-0.013464661446591128,W per selected current decision; not summed PA value,True
cell,1-2|OUT|NFB,observed,24058,0.21325683764236425,0.2075668138409723,0.2189468614437562,0.0,0.0,0.0,W per selected current decision; not summed PA value,True
cell,1-2|OUT|NFB,always_0,24058,0.27071304182625466,0.26282701424219723,0.2785990694103121,0.05745620418389038,0.04724096577472334,0.06767144259305742,W per selected current decision; not summed PA value,True
cell,1-2|OUT|NFB,always_1,24058,0.09961066370150763,0.09341886278491585,0.10580246461809942,-0.11364617394085665,-0.12555329005518867,-0.1017390578265246,W per selected current decision; not summed PA value,True
cell,1-2|OUT|NFB,learned,24058,0.27071304182625466,0.26282701424219723,0.2785990694103121,0.05745620418389038,0.04724096577472334,0.06767144259305742,W per selected current decision; not summed PA value,True
cell,1-2|OUT|NFB,conservative,24058,0.21325683764236425,0.2075668138409723,0.2189468614437562,0.0,0.0,0.0,W per selected current decision; not summed PA value,True
cell,1-2|OUT|NFB,stochastic_half,24058,0.18516185276388114,0.1799744611090262,0.19034924441873607,-0.028094984878483137,-0.03231671292618068,-0.0238732568307856,W per selected current decision; not summed PA value,True
cell,2-0|BOUNDARY|FB,observed,4573,0.38189940957795754,0.3673473021883901,0.39645151696752495,0.0,0.0,0.0,W per selected current decision; not summed PA value,True
cell,2-0|BOUNDARY|FB,always_0,4573,0.37491216259683674,0.35631947393361496,0.3935048512600585,-0.006987246981120812,-0.03753423873552206,0.023559744773280433,W per selected current decision; not summed PA value,True
cell,2-0|BOUNDARY|FB,always_1,4573,0.38333686025841635,0.3601053542757656,0.40656836624106707,0.001437450680458792,-0.03212440655760107,0.03499930791851866,W per selected current decision; not summed PA value,True
cell,2-0|BOUNDARY|FB,learned,4573,0.37491216259683674,0.35631947393361496,0.3935048512600585,-0.006987246981120812,-0.03753423873552206,0.023559744773280433,W per selected current decision; not summed PA value,True
cell,2-0|BOUNDARY|FB,conservative,4573,0.38189940957795754,0.3673473021883901,0.39645151696752495,0.0,0.0,0.0,W per selected current decision; not summed PA value,True
cell,2-0|BOUNDARY|FB,stochastic_half,4573,0.3791245114276266,0.364109779167162,0.3941392436880912,-0.002774898150331012,-0.009861950488648531,0.004312154187986507,W per selected current decision; not summed PA value,True
cell,2-0|BOUNDARY|NFB,observed,1724,0.3809124129930394,0.3569525773630745,0.4048722486230043,0.0,0.0,0.0,W per selected current decision; not summed PA value,True
cell,2-0|BOUNDARY|NFB,always_0,1724,0.3790779289021582,0.3480562654495117,0.4100995923548047,-0.0018344840908812205,-0.049171765931943855,0.04550279775018141,W per selected current decision; not summed PA value,True
cell,2-0|BOUNDARY|NFB,always_1,1724,0.3861382711705829,0.343835533608999,0.42844100873216684,0.005225858177543456,-0.06293823948448724,0.07338995583957414,W per selected current decision; not summed PA value,True
cell,2-0|BOUNDARY|NFB,learned,1724,0.3790779289021582,0.3480562654495117,0.4100995923548047,-0.0018344840908812205,-0.049171765931943855,0.04550279775018141,W per selected current decision; not summed PA value,True
cell,2-0|BOUNDARY|NFB,conservative,1724,0.3809124129930394,0.3569525773630745,0.4048722486230043,0.0,0.0,0.0,W per selected current decision; not summed PA value,True
cell,2-0|BOUNDARY|NFB,stochastic_half,1724,0.3826081000363706,0.35671234330299995,0.4085038567697412,0.0016956870433311204,-0.014313657037321417,0.01770503112398366,W per selected current decision; not summed PA value,True
cell,2-0|INNER|FB,observed,6156,0.36731156595191683,0.35427701651160537,0.3803461153922283,0.0,0.0,0.0,W per selected current decision; not summed PA value,True
cell,2-0|INNER|FB,always_0,6156,0.3259815924613124,0.3005338772020667,0.35142930772055814,-0.041329973490604396,-0.0895229847570072,0.006863037775798414,W per selected current decision; not summed PA value,True
cell,2-0|INNER|FB,always_1,6156,0.3824828158364061,0.36654847100284926,0.3984171606699629,0.0151712498844893,-0.0026135623227988587,0.03295606209177746,W per selected current decision; not summed PA value,True
cell,2-0|INNER|FB,learned,6156,0.3824828158364061,0.36654847100284926,0.3984171606699629,0.0151712498844893,-0.0026135623227988587,0.03295606209177746,W per selected current decision; not summed PA value,True
cell,2-0|INNER|FB,conservative,6156,0.36731156595191683,0.35427701651160537,0.3803461153922283,0.0,0.0,0.0,W per selected current decision; not summed PA value,True
cell,2-0|INNER|FB,stochastic_half,6156,0.3542322041488593,0.3395070209542874,0.3689573873434312,-0.01307936180305755,-0.029361200589185413,0.00320247698307031,W per selected current decision; not summed PA value,True
cell,2-0|INNER|NFB,observed,2040,0.39659411764705876,0.3719261656074754,0.42126206968664215,0.0,0.0,0.0,W per selected current decision; not summed PA value,True
cell,2-0|INNER|NFB,always_0,2040,0.3826487911339886,0.3469568166057386,0.41834076566223855,-0.013945326513070217,-0.07632402279782836,0.048433369771687926,W per selected current decision; not summed PA value,True
cell,2-0|INNER|NFB,always_1,2040,0.40743581292415554,0.3736115192783691,0.44126010656994197,0.01084169527709671,-0.03290830497819586,0.05459169553238928,W per selected current decision; not summed PA value,True
cell,2-0|INNER|NFB,learned,2040,0.40743581292415554,0.3736115192783691,0.44126010656994197,0.01084169527709671,-0.03290830497819586,0.05459169553238928,W per selected current decision; not summed PA value,True
cell,2-0|INNER|NFB,conservative,2040,0.39659411764705876,0.3719261656074754,0.42126206968664215,0.0,0.0,0.0,W per selected current decision; not summed PA value,True
cell,2-0|INNER|NFB,stochastic_half,2040,0.39504230202907203,0.3703784433881668,0.4197061606699773,-0.0015518156179867523,-0.015316932571182973,0.012213301335209469,W per selected current decision; not summed PA value,True
cell,2-0|OUT|FB,observed,5583,0.4891941608454235,0.4779540875535119,0.5004342341373351,0.0,0.0,0.0,W per selected current decision; not summed PA value,True
cell,2-0|OUT|FB,always_0,5583,0.5222092364861924,0.5103285039419126,0.5340899690304722,0.033015075640768804,0.01885223144522244,0.04717791983631517,W per selected current decision; not summed PA value,True
cell,2-0|OUT|FB,always_1,5583,0.3238494706133283,0.2943385230027368,0.35336041822391984,-0.16534469023209528,-0.22131978527609633,-0.10936959518809422,W per selected current decision; not summed PA value,True
cell,2-0|OUT|FB,learned,5583,0.5222092364861924,0.5103285039419126,0.5340899690304722,0.033015075640768804,0.01885223144522244,0.04717791983631517,W per selected current decision; not summed PA value,True
cell,2-0|OUT|FB,conservative,5583,0.4891941608454235,0.4779540875535119,0.5004342341373351,0.0,0.0,0.0,W per selected current decision; not summed PA value,True
cell,2-0|OUT|FB,stochastic_half,5583,0.4230293535497604,0.4072328456694336,0.4388258614300872,-0.06616480729566325,-0.08876330254725737,-0.04356631204406913,W per selected current decision; not summed PA value,True
cell,2-0|OUT|NFB,observed,2716,0.4998078055964653,0.4835219389027148,0.5160936722902159,0.0,0.0,0.0,W per selected current decision; not summed PA value,True
cell,2-0|OUT|NFB,always_0,2716,0.5472625395653863,0.5297338451345652,0.5647912339962073,0.04745473396892091,0.025149768807847778,0.06975969912999404,W per selected current decision; not summed PA value,True
cell,2-0|OUT|NFB,always_1,2716,0.3321289930319791,0.29274714643712196,0.3715108396268363,-0.16767881256448625,-0.24180164354683464,-0.09355598158213785,W per selected current decision; not summed PA value,True
cell,2-0|OUT|NFB,learned,2716,0.5472625395653863,0.5297338451345652,0.5647912339962073,0.04745473396892091,0.025149768807847778,0.06975969912999404,W per selected current decision; not summed PA value,True
cell,2-0|OUT|NFB,conservative,2716,0.4998078055964653,0.4835219389027148,0.5160936722902159,0.0,0.0,0.0,W per selected current decision; not summed PA value,True
cell,2-0|OUT|NFB,stochastic_half,2716,0.4396957662986828,0.4182632184115431,0.46112831418582245,-0.06011203929778267,-0.0897060395969105,-0.030518038998654847,W per selected current decision; not summed PA value,True
cell,2-1|BOUNDARY|FB,observed,5971,0.3192868866186568,0.30681658312686183,0.33175719011045174,0.0,0.0,0.0,W per selected current decision; not summed PA value,True
cell,2-1|BOUNDARY|FB,always_0,5971,0.3232008517022152,0.2998050770750387,0.3465966263293917,0.003913965083558354,-0.0388464881228213,0.046674418289938006,W per selected current decision; not summed PA value,True
cell,2-1|BOUNDARY|FB,always_1,5971,0.30996857053848026,0.2947785671688669,0.3251585739080936,-0.009318316080176582,-0.02748406024935046,0.008847428088997295,W per selected current decision; not summed PA value,True
cell,2-1|BOUNDARY|FB,learned,5971,0.3232008517022152,0.2998050770750387,0.3465966263293917,0.003913965083558354,-0.0388464881228213,0.046674418289938006,W per selected current decision; not summed PA value,True
cell,2-1|BOUNDARY|FB,conservative,5971,0.3192868866186568,0.30681658312686183,0.33175719011045174,0.0,0.0,0.0,W per selected current decision; not summed PA value,True
cell,2-1|BOUNDARY|FB,stochastic_half,5971,0.31658471112034775,0.30276788461738824,0.33040153762330726,-0.0027021754983091147,-0.01634333228868093,0.010938981292062697,W per selected current decision; not summed PA value,True
cell,2-1|BOUNDARY|NFB,observed,3779,0.30418338184704946,0.2890487279615867,0.3193180357325122,0.0,0.0,0.0,W per selected current decision; not summed PA value,True
cell,2-1|BOUNDARY|NFB,always_0,3779,0.31780536868837606,0.2849766921204321,0.35063404525632,0.013621986841326653,-0.045680862436246694,0.0729248361189,W per selected current decision; not summed PA value,True
cell,2-1|BOUNDARY|NFB,always_1,3779,0.2917258892833896,0.27445547332669923,0.30899630524008,-0.01245749256365989,-0.03286645869951689,0.00795147357219711,W per selected current decision; not summed PA value,True
cell,2-1|BOUNDARY|NFB,learned,3779,0.31780536868837606,0.2849766921204321,0.35063404525632,0.013621986841326653,-0.045680862436246694,0.0729248361189,W per selected current decision; not summed PA value,True
cell,2-1|BOUNDARY|NFB,conservative,3779,0.30418338184704946,0.2890487279615867,0.3193180357325122,0.0,0.0,0.0,W per selected current decision; not summed PA value,True
cell,2-1|BOUNDARY|NFB,stochastic_half,3779,0.3047656289858829,0.2860436252646756,0.3234876327070902,0.0005822471388333792,-0.020504961997134016,0.021669456274800776,W per selected current decision; not summed PA value,True
cell,2-1|INNER|FB,observed,7587,0.321008435481745,0.30937527254574615,0.3326415984177439,0.0,0.0,0.0,W per selected current decision; not summed PA value,True
cell,2-1|INNER|FB,always_0,7587,0.23575439242795662,0.20537634877746713,0.2661324360784461,-0.08525404305378848,-0.14661998816816585,-0.0238880979394111,W per selected current decision; not summed PA value,True
cell,2-1|INNER|FB,always_1,7587,0.333909844695332,0.32129517110985367,0.3465245182808104,0.012901409213586889,0.004159845158767229,0.02164297326840655,W per selected current decision; not summed PA value,True
cell,2-1|INNER|FB,learned,7587,0.333909844695332,0.32129517110985367,0.3465245182808104,0.012901409213586889,0.004159845158767229,0.02164297326840655,W per selected current decision; not summed PA value,True
cell,2-1|INNER|FB,conservative,7587,0.321008435481745,0.30937527254574615,0.3326415984177439,0.0,0.0,0.0,W per selected current decision; not summed PA value,True
cell,2-1|INNER|FB,stochastic_half,7587,0.2848321185616443,0.2682898910144486,0.30137434610884,-0.036176316920100794,-0.06293886327383312,-0.009413770566368471,W per selected current decision; not summed PA value,True
cell,2-1|INNER|NFB,observed,4321,0.33307706549409855,0.31627026445265,0.3498838665355471,0.0,0.0,0.0,W per selected current decision; not summed PA value,True
cell,2-1|INNER|NFB,always_0,4321,0.2810918515961798,0.23863138984182258,0.32355231335053697,-0.0519852138979188,-0.13536795142903713,0.03139752363319953,W per selected current decision; not summed PA value,True
cell,2-1|INNER|NFB,always_1,4321,0.3441361083065956,0.32588986931206904,0.3623823473011221,0.011059042812496988,-0.0037122467011312093,0.025830332326125187,W per selected current decision; not summed PA value,True
cell,2-1|INNER|NFB,learned,4321,0.3441361083065956,0.32588986931206904,0.3623823473011221,0.011059042812496988,-0.0037122467011312093,0.025830332326125187,W per selected current decision; not summed PA value,True
cell,2-1|INNER|NFB,conservative,4321,0.33307706549409855,0.31627026445265,0.3498838665355471,0.0,0.0,0.0,W per selected current decision; not summed PA value,True
cell,2-1|INNER|NFB,stochastic_half,4321,0.3126139799513876,0.28929933548978665,0.3359286244129886,-0.020463085542710903,-0.055408718665699325,0.014482547580277519,W per selected current decision; not summed PA value,True
cell,2-1|OUT|FB,observed,8069,0.40627240054529673,0.3959634508610875,0.416581350229506,0.0,0.0,0.0,W per selected current decision; not summed PA value,True
cell,2-1|OUT|FB,always_0,8069,0.45729719776067274,0.4455257831028237,0.46906861241852177,0.05102479721537598,0.03658352327307136,0.0654660711576806,W per selected current decision; not summed PA value,True
cell,2-1|OUT|FB,always_1,8069,0.26261775429898676,0.24255320340982314,0.28268230518815035,-0.14365464624631008,-0.18131636001312898,-0.10599293247949118,W per selected current decision; not summed PA value,True
cell,2-1|OUT|FB,learned,8069,0.45729719776067274,0.4455257831028237,0.46906861241852177,0.05102479721537598,0.03658352327307136,0.0654660711576806,W per selected current decision; not summed PA value,True
cell,2-1|OUT|FB,conservative,8069,0.40627240054529673,0.3959634508610875,0.416581350229506,0.0,0.0,0.0,W per selected current decision; not summed PA value,True
cell,2-1|OUT|FB,stochastic_half,8069,0.35995747602982975,0.34836307708545516,0.37155187497420433,-0.04631492451546705,-0.06045355503189766,-0.032176293999036445,W per selected current decision; not summed PA value,True
cell,2-1|OUT|NFB,observed,6838,0.4006104124012869,0.3897462546517996,0.41147457015077427,0.0,0.0,0.0,W per selected current decision; not summed PA value,True
cell,2-1|OUT|NFB,always_0,6838,0.46797224540550636,0.4547046887239195,0.4812398020870932,0.06736183300421945,0.04911883814787102,0.08560482786056789,W per selected current decision; not summed PA value,True
cell,2-1|OUT|NFB,always_1,6838,0.2572356734439388,0.23722666901361938,0.27724467787425816,-0.14337473895734812,-0.18006247143681442,-0.10668700647788182,W per selected current decision; not summed PA value,True
cell,2-1|OUT|NFB,learned,6838,0.46797224540550636,0.4547046887239195,0.4812398020870932,0.06736183300421945,0.04911883814787102,0.08560482786056789,W per selected current decision; not summed PA value,True
cell,2-1|OUT|NFB,conservative,6838,0.4006104124012869,0.3897462546517996,0.41147457015077427,0.0,0.0,0.0,W per selected current decision; not summed PA value,True
cell,2-1|OUT|NFB,stochastic_half,6838,0.36260395942472257,0.3506127029196406,0.37459521592980455,-0.03800645297656433,-0.05173743306746448,-0.024275472885664187,W per selected current decision; not summed PA value,True
cell,2-2|BOUNDARY|FB,observed,7308,0.22723029556650245,0.21617644047718632,0.2382841506558186,0.0,0.0,0.0,W per selected current decision; not summed PA value,True
cell,2-2|BOUNDARY|FB,always_0,7308,0.11626499221401947,0.09595929253259217,0.13657069189544677,-0.110965303352483,-0.1527243771281389,-0.06920622957682708,W per selected current decision; not summed PA value,True
cell,2-2|BOUNDARY|FB,always_1,7308,0.24901188613126907,0.2365858235600711,0.26143794870246706,0.021781590564766584,0.012506652371328026,0.031056528758205144,W per selected current decision; not summed PA value,True
cell,2-2|BOUNDARY|FB,learned,7308,0.24901188613126907,0.2365858235600711,0.26143794870246706,0.021781590564766584,0.012506652371328026,0.031056528758205144,W per selected current decision; not summed PA value,True
cell,2-2|BOUNDARY|FB,conservative,7308,0.22723029556650245,0.21617644047718632,0.2382841506558186,0.0,0.0,0.0,W per selected current decision; not summed PA value,True
cell,2-2|BOUNDARY|FB,stochastic_half,7308,0.18263843917264427,0.17068873503147206,0.1945881433138165,-0.04459185639385821,-0.06136588057546244,-0.027817832212253975,W per selected current decision; not summed PA value,True
cell,2-2|BOUNDARY|NFB,observed,6378,0.2264873000940734,0.2149022091536828,0.23807239103446398,0.0,0.0,0.0,W per selected current decision; not summed PA value,True
cell,2-2|BOUNDARY|NFB,always_0,6378,0.13648069565407814,0.10962316349436294,0.16333822781379334,-0.09000660443999525,-0.14495705050574503,-0.035056158374245465,W per selected current decision; not summed PA value,True
cell,2-2|BOUNDARY|NFB,always_1,6378,0.23507479134021728,0.2225541011328033,0.24759548154763125,0.008587491246143929,0.0005102526949951336,0.016664729797292725,W per selected current decision; not summed PA value,True
cell,2-2|BOUNDARY|NFB,learned,6378,0.23507479134021728,0.2225541011328033,0.24759548154763125,0.008587491246143929,0.0005102526949951336,0.016664729797292725,W per selected current decision; not summed PA value,True
cell,2-2|BOUNDARY|NFB,conservative,6378,0.2264873000940734,0.2149022091536828,0.23807239103446398,0.0,0.0,0.0,W per selected current decision; not summed PA value,True
cell,2-2|BOUNDARY|NFB,stochastic_half,6378,0.18577774349714773,0.170866789227792,0.20068869776650347,-0.040709556596925656,-0.0644921117768862,-0.016927001416965116,W per selected current decision; not summed PA value,True
cell,2-2|INNER|FB,observed,7999,0.2684624328041005,0.25702098458512,0.27990388102308095,0.0,0.0,0.0,W per selected current decision; not summed PA value,True
cell,2-2|INNER|FB,always_0,7999,0.043284101315822006,0.03254115487054028,0.05402704776110373,-0.2251783314882785,-0.25577949430568403,-0.194577168670873,W per selected current decision; not summed PA value,True
cell,2-2|INNER|FB,always_1,7999,0.29063696415204127,0.2781830266536697,0.30309090165041286,0.022174531347940743,0.017666776573312577,0.02668228612256891,W per selected current decision; not summed PA value,True
cell,2-2|INNER|FB,learned,7999,0.29063696415204127,0.2781830266536697,0.30309090165041286,0.022174531347940743,0.017666776573312577,0.02668228612256891,W per selected current decision; not summed PA value,True
cell,2-2|INNER|FB,conservative,7999,0.2684624328041005,0.25702098458512,0.27990388102308095,0.0,0.0,0.0,W per selected current decision; not summed PA value,True
cell,2-2|INNER|FB,stochastic_half,7999,0.1669605327339316,0.15868162333183472,0.1752394421360285,-0.10150190007016889,-0.11483199659128053,-0.08817180354905725,W per selected current decision; not summed PA value,True
cell,2-2|INNER|NFB,observed,5473,0.2843080577379865,0.26941074691390254,0.2992053685620705,0.0,0.0,0.0,W per selected current decision; not summed PA value,True
cell,2-2|INNER|NFB,always_0,5473,0.08038976518798595,0.06603570728047685,0.09474382309549505,-0.20391829255000055,-0.24464355967838353,-0.16319302542161757,W per selected current decision; not summed PA value,True
cell,2-2|INNER|NFB,always_1,5473,0.29956389316405174,0.2834010405927836,0.3157267457353199,0.015255835426065316,0.010439600759151037,0.020072070092979594,W per selected current decision; not summed PA value,True
cell,2-2|INNER|NFB,learned,5473,0.29956389316405174,0.2834010405927836,0.3157267457353199,0.015255835426065316,0.010439600759151037,0.020072070092979594,W per selected current decision; not summed PA value,True
cell,2-2|INNER|NFB,conservative,5473,0.2843080577379865,0.26941074691390254,0.2992053685620705,0.0,0.0,0.0,W per selected current decision; not summed PA value,True
cell,2-2|INNER|NFB,stochastic_half,5473,0.18997682917601888,0.17901023310022507,0.2009434252518127,-0.09433122856196761,-0.11249120629390667,-0.07617125083002856,W per selected current decision; not summed PA value,True
cell,2-2|OUT|FB,observed,12495,0.3022981192476991,0.2939620754436962,0.31063416305170205,0.0,0.0,0.0,W per selected current decision; not summed PA value,True
cell,2-2|OUT|FB,always_0,12495,0.35306367275824496,0.34328847976390064,0.3628388657525893,0.05076555351054585,0.0376116755322038,0.0639194314888879,W per selected current decision; not summed PA value,True
cell,2-2|OUT|FB,always_1,12495,0.19186255760368393,0.17912347786716562,0.20460163734020223,-0.11043556164401513,-0.13186693205040684,-0.08900419123762342,W per selected current decision; not summed PA value,True
cell,2-2|OUT|FB,learned,12495,0.35306367275824496,0.34328847976390064,0.3628388657525893,0.05076555351054585,0.0376116755322038,0.0639194314888879,W per selected current decision; not summed PA value,True
cell,2-2|OUT|FB,conservative,12495,0.3022981192476991,0.2939620754436962,0.31063416305170205,0.0,0.0,0.0,W per selected current decision; not summed PA value,True
cell,2-2|OUT|FB,stochastic_half,12495,0.27246311518096444,0.26407635461062134,0.28084987575130754,-0.029835004066734644,-0.03705832752064178,-0.022611680612827503,W per selected current decision; not summed PA value,True
cell,2-2|OUT|NFB,observed,17074,0.27695542930771927,0.2699816657927671,0.28392919282267143,0.0,0.0,0.0,W per selected current decision; not summed PA value,True
cell,2-2|OUT|NFB,always_0,17074,0.3619336410569517,0.35243562857490884,0.37143165353899454,0.08497821174923237,0.07099577820819435,0.09896064529027039,W per selected current decision; not summed PA value,True
cell,2-2|OUT|NFB,always_1,17074,0.1327863874964003,0.12443025743347394,0.14114251755932664,-0.14416904181131907,-0.15914334247756884,-0.1291947411450693,W per selected current decision; not summed PA value,True
cell,2-2|OUT|NFB,learned,17074,0.3619336410569517,0.35243562857490884,0.37143165353899454,0.08497821174923237,0.07099577820819435,0.09896064529027039,W per selected current decision; not summed PA value,True
cell,2-2|OUT|NFB,conservative,17074,0.27695542930771927,0.2699816657927671,0.28392919282267143,0.0,0.0,0.0,W per selected current decision; not summed PA value,True
cell,2-2|OUT|NFB,stochastic_half,17074,0.247360014276676,0.24095356755168137,0.2537664610016706,-0.029595415031043338,-0.03544637341185659,-0.02374445665023009,W per selected current decision; not summed PA value,True
cell,3-0|BOUNDARY|FB,observed,1859,0.49200161377084445,0.47263029795804967,0.5113729295836392,0.0,0.0,0.0,W per selected current decision; not summed PA value,True
cell,3-0|BOUNDARY|FB,always_0,1859,0.5014631340670844,0.4810366047183483,0.5218896634158205,0.009461520296239975,-0.0074204512651171554,0.026343491857597105,W per selected current decision; not summed PA value,True
cell,3-0|BOUNDARY|FB,always_1,1859,0.41020224247415626,0.34097415024264066,0.47943033470567187,-0.08179937129668824,-0.22011483996132594,0.056516097367949464,W per selected current decision; not summed PA value,True
cell,3-0|BOUNDARY|FB,learned,1859,0.5014631340670844,0.4810366047183483,0.5218896634158205,0.009461520296239975,-0.0074204512651171554,0.026343491857597105,W per selected current decision; not summed PA value,True
cell,3-0|BOUNDARY|FB,conservative,1859,0.49200161377084445,0.47263029795804967,0.5113729295836392,0.0,0.0,0.0,W per selected current decision; not summed PA value,True
cell,3-0|BOUNDARY|FB,stochastic_half,1859,0.45583268827062035,0.4197935660520743,0.4918718104891664,-0.03616892550022413,-0.09787970590787201,0.025541854907423757,W per selected current decision; not summed PA value,True
cell,3-0|BOUNDARY|NFB,observed,105,0.46541904761904757,0.38351260686016847,0.5473254883779266,0.0,0.0,0.0,W per selected current decision; not summed PA value,True
cell,3-0|BOUNDARY|NFB,always_0,105,0.4892541755954224,0.3958199332408471,0.5826884179499977,0.02383512797637476,-0.04974160361054179,0.0974118595632913,W per selected current decision; not summed PA value,True
cell,3-0|BOUNDARY|NFB,always_1,105,0.29244507541667236,0.1553785921632365,0.42951155867010826,-0.17297397220237526,-0.47120671669516934,0.12525877229041882,W per selected current decision; not summed PA value,True
cell,3-0|BOUNDARY|NFB,learned,105,0.4892541755954224,0.3958199332408471,0.5826884179499977,0.02383512797637476,-0.04974160361054179,0.0974118595632913,W per selected current decision; not summed PA value,True
cell,3-0|BOUNDARY|NFB,conservative,105,0.46541904761904757,0.38351260686016847,0.5473254883779266,0.0,0.0,0.0,W per selected current decision; not summed PA value,True
cell,3-0|BOUNDARY|NFB,stochastic_half,105,0.39084962550604735,0.30832344337967454,0.47337580763242015,-0.07456942211300026,-0.19178371401262712,0.04264486978662661,W per selected current decision; not summed PA value,True
cell,3-0|INNER|FB,observed,2521,0.47974057913526374,0.46132386130537795,0.49815729696514954,0.0,0.0,0.0,W per selected current decision; not summed PA value,True
cell,3-0|INNER|FB,always_0,2521,0.4718722620841917,0.4536211654603668,0.4901233587080166,-0.00786831705107203,-0.029236427222085713,0.013499793119941655,W per selected current decision; not summed PA value,True
cell,3-0|INNER|FB,always_1,2521,0.5308987897099957,0.45439854255763534,0.6073990368623561,0.051158210574731924,-0.0958569761326813,0.19817339728214517,W per selected current decision; not summed PA value,True
cell,3-0|INNER|FB,learned,2521,0.5308987897099957,0.45439854255763534,0.6073990368623561,0.051158210574731924,-0.0958569761326813,0.19817339728214517,W per selected current decision; not summed PA value,True
cell,3-0|INNER|FB,conservative,2521,0.47974057913526374,0.46132386130537795,0.49815729696514954,0.0,0.0,0.0,W per selected current decision; not summed PA value,True
cell,3-0|INNER|FB,stochastic_half,2521,0.5013855258970937,0.4620922732536279,0.5406787785405596,0.021644946761829948,-0.04195978526893426,0.08524967879259415,W per selected current decision; not summed PA value,True
cell,3-0|INNER|NFB,observed,131,0.5063587786259541,0.4217920985386403,0.590925458713268,0.0,0.0,0.0,W per selected current decision; not summed PA value,True
cell,3-0|INNER|NFB,always_0,131,0.5450001754166417,0.4446743757217777,0.6453259751115057,0.03864139679068763,-0.0654309948520248,0.14271378843340007,W per selected current decision; not summed PA value,True
cell,3-0|INNER|NFB,always_1,131,0.3779325629615586,0.23285463950309648,0.5230104864200207,-0.12842621566439555,-0.4156403010324552,0.1587878697036641,W per selected current decision; not summed PA value,True
cell,3-0|INNER|NFB,learned,131,0.5450001754166417,0.4446743757217777,0.6453259751115057,0.03864139679068763,-0.0654309948520248,0.14271378843340007,W per selected current decision; not summed PA value,True
cell,3-0|INNER|NFB,conservative,131,0.5063587786259541,0.4217920985386403,0.590925458713268,0.0,0.0,0.0,W per selected current decision; not summed PA value,True
cell,3-0|INNER|NFB,stochastic_half,131,0.4614663691891003,0.3733323282716038,0.5496004101065968,-0.04489240943685398,-0.14335674457715125,0.053571925703443296,W per selected current decision; not summed PA value,True
cell,3-0|OUT|FB,observed,1692,0.6621985815602836,0.6516712416543292,0.6727259214662379,0.0,0.0,0.0,W per selected current decision; not summed PA value,True
cell,3-0|OUT|FB,always_0,1692,0.6781324553276348,0.667784332705655,0.6884805779496146,0.01593387376735113,0.004513404711467741,0.027354342823234522,W per selected current decision; not summed PA value,True
cell,3-0|OUT|FB,always_1,1692,0.3439502918085702,0.3024840248409348,0.38541655877620556,-0.3182482897517135,-0.4003818426937326,-0.23611473680969436,W per selected current decision; not summed PA value,True
cell,3-0|OUT|FB,learned,1692,0.6781324553276348,0.667784332705655,0.6884805779496146,0.01593387376735113,0.004513404711467741,0.027354342823234522,W per selected current decision; not summed PA value,True
cell,3-0|OUT|FB,conservative,1692,0.6621985815602836,0.6516712416543292,0.6727259214662379,0.0,0.0,0.0,W per selected current decision; not summed PA value,True
cell,3-0|OUT|FB,stochastic_half,1692,0.5110413735681025,0.4896288130968787,0.5324539340393263,-0.15115720799218116,-0.18834592287724183,-0.1139684931071205,W per selected current decision; not summed PA value,True
cell,3-0|OUT|NFB,observed,144,0.6415833333333332,0.6009533694578041,0.6822132972088623,0.0,0.0,0.0,W per selected current decision; not summed PA value,True
cell,3-0|OUT|NFB,always_0,144,0.6711115912312403,0.6324694139326151,0.7097537685298655,0.02952825789790698,-0.01645168458715425,0.07550820038296821,W per selected current decision; not summed PA value,True
cell,3-0|OUT|NFB,always_1,144,0.3537028443667073,0.21363203177883028,0.4937736569545843,-0.287880488966626,-0.5761824616809297,0.0004214837476776978,W per selected current decision; not summed PA value,True
cell,3-0|OUT|NFB,learned,144,0.6711115912312403,0.6324694139326151,0.7097537685298655,0.02952825789790698,-0.01645168458715425,0.07550820038296821,W per selected current decision; not summed PA value,True
cell,3-0|OUT|NFB,conservative,144,0.6415833333333332,0.6009533694578041,0.6822132972088623,0.0,0.0,0.0,W per selected current decision; not summed PA value,True
cell,3-0|OUT|NFB,stochastic_half,144,0.5124072177989737,0.4401345772664238,0.5846798583315236,-0.1291761155343595,-0.26111645917602877,0.002764228107309752,W per selected current decision; not summed PA value,True
cell,3-1|BOUNDARY|FB,observed,3259,0.4063669837373427,0.39012656681388636,0.42260740066079905,0.0,0.0,0.0,W per selected current decision; not summed PA value,True
cell,3-1|BOUNDARY|FB,always_0,3259,0.4463140504947535,0.42109558322016266,0.4715325177693443,0.03994706675741079,-0.006331109250687375,0.08622524276550896,W per selected current decision; not summed PA value,True
cell,3-1|BOUNDARY|FB,always_1,3259,0.3703317741122741,0.348613531519597,0.39205001670495115,-0.0360352096250687,-0.06302653704451619,-0.009043882205621207,W per selected current decision; not summed PA value,True
cell,3-1|BOUNDARY|FB,learned,3259,0.4463140504947535,0.42109558322016266,0.4715325177693443,0.03994706675741079,-0.006331109250687375,0.08622524276550896,W per selected current decision; not summed PA value,True
cell,3-1|BOUNDARY|FB,conservative,3259,0.4063669837373427,0.39012656681388636,0.42260740066079905,0.0,0.0,0.0,W per selected current decision; not summed PA value,True
cell,3-1|BOUNDARY|FB,stochastic_half,3259,0.4083229123035138,0.3918412601799698,0.42480456442705783,0.0019559285661710454,-0.010777423698120103,0.014689280830462193,W per selected current decision; not summed PA value,True
cell,3-1|BOUNDARY|NFB,observed,871,0.41183008036739377,0.3809147846483823,0.44274537608640524,0.0,0.0,0.0,W per selected current decision; not summed PA value,True
cell,3-1|BOUNDARY|NFB,always_0,871,0.4615674769147035,0.41393112492139444,0.5092038289080125,0.04973739654730977,-0.03424923540892702,0.13372402850354656,W per selected current decision; not summed PA value,True
cell,3-1|BOUNDARY|NFB,always_1,871,0.37138086956806254,0.3283568165872639,0.4144049225488612,-0.04044921079933119,-0.09750970340793866,0.01661128180927627,W per selected current decision; not summed PA value,True
cell,3-1|BOUNDARY|NFB,learned,871,0.4615674769147035,0.41393112492139444,0.5092038289080125,0.04973739654730977,-0.03424923540892702,0.13372402850354656,W per selected current decision; not summed PA value,True
cell,3-1|BOUNDARY|NFB,conservative,871,0.41183008036739377,0.3809147846483823,0.44274537608640524,0.0,0.0,0.0,W per selected current decision; not summed PA value,True
cell,3-1|BOUNDARY|NFB,stochastic_half,871,0.4164741732413831,0.38444171211413497,0.4485066343686312,0.004644092873989292,-0.016910909675280077,0.026199095423258663,W per selected current decision; not summed PA value,True
cell,3-1|INNER|FB,observed,4549,0.40083798637063084,0.38520657590849317,0.4164693968327685,0.0,0.0,0.0,W per selected current decision; not summed PA value,True
cell,3-1|INNER|FB,always_0,4549,0.37041905671302344,0.3330584398317896,0.40777967359425726,-0.03041892965760743,-0.1061124669012101,0.04527460758599524,W per selected current decision; not summed PA value,True
cell,3-1|INNER|FB,always_1,4549,0.4066713852944165,0.3892052984796845,0.4241374721091485,0.005833398923785611,-0.00720980762060451,0.018876605468175732,W per selected current decision; not summed PA value,True
cell,3-1|INNER|FB,learned,4549,0.4066713852944165,0.3892052984796845,0.4241374721091485,0.005833398923785611,-0.00720980762060451,0.018876605468175732,W per selected current decision; not summed PA value,True
cell,3-1|INNER|FB,conservative,4549,0.40083798637063084,0.38520657590849317,0.4164693968327685,0.0,0.0,0.0,W per selected current decision; not summed PA value,True
cell,3-1|INNER|FB,stochastic_half,4549,0.38854522100372,0.3679739962914194,0.4091164457160206,-0.012292765366910914,-0.04428328130161685,0.01969775056779502,W per selected current decision; not summed PA value,True
cell,3-1|INNER|NFB,observed,1113,0.41523090745732255,0.3827860998953187,0.4476757150193264,0.0,0.0,0.0,W per selected current decision; not summed PA value,True
cell,3-1|INNER|NFB,always_0,1113,0.34322391754126985,0.2873064518526024,0.3991413832299373,-0.07200698991605267,-0.1758552234985117,0.031841243666406366,W per selected current decision; not summed PA value,True
cell,3-1|INNER|NFB,always_1,1113,0.4406736696430036,0.40117736969765383,0.48016996958835334,0.02544276218568106,-0.015891928729743363,0.06677745310110549,W per selected current decision; not summed PA value,True
cell,3-1|INNER|NFB,learned,1113,0.4406736696430036,0.40117736969765383,0.48016996958835334,0.02544276218568106,-0.015891928729743363,0.06677745310110549,W per selected current decision; not summed PA value,True
cell,3-1|INNER|NFB,conservative,1113,0.41523090745732255,0.3827860998953187,0.4476757150193264,0.0,0.0,0.0,W per selected current decision; not summed PA value,True
cell,3-1|INNER|NFB,stochastic_half,1113,0.39194879359213675,0.35708466515247755,0.42681292203179594,-0.0232821138651858,-0.0570199517778715,0.010455724047499903,W per selected current decision; not summed PA value,True
cell,3-1|OUT|FB,observed,3929,0.5949735301603462,0.5858095033212456,0.6041375569994467,0.0,0.0,0.0,W per selected current decision; not summed PA value,True
cell,3-1|OUT|FB,always_0,3929,0.6674001615263696,0.6616336501547573,0.6731666728979819,0.07242663136602351,0.05581716965669954,0.08903609307534747,W per selected current decision; not summed PA value,True
cell,3-1|OUT|FB,always_1,3929,0.3272901612325119,0.29386178459256573,0.3607185378724581,-0.26768336892783423,-0.32758413710482837,-0.2077826007508401,W per selected current decision; not summed PA value,True
cell,3-1|OUT|FB,learned,3929,0.6674001615263696,0.6616336501547573,0.6731666728979819,0.07242663136602351,0.05581716965669954,0.08903609307534747,W per selected current decision; not summed PA value,True
cell,3-1|OUT|FB,conservative,3929,0.5949735301603462,0.5858095033212456,0.6041375569994467,0.0,0.0,0.0,W per selected current decision; not summed PA value,True
cell,3-1|OUT|FB,stochastic_half,3929,0.49734516137944074,0.4803042707368313,0.5143860520220502,-0.09762836878090533,-0.12306223773022107,-0.0721944998315896,W per selected current decision; not summed PA value,True
cell,3-1|OUT|NFB,observed,1456,0.5844031593406592,0.5682785629714139,0.6005277557099046,0.0,0.0,0.0,W per selected current decision; not summed PA value,True
cell,3-1|OUT|NFB,always_0,1456,0.6716763641625944,0.6603760678908281,0.6829766604343606,0.08727320482193503,0.05582736345756911,0.11871904618630094,W per selected current decision; not summed PA value,True
cell,3-1|OUT|NFB,always_1,1456,0.3707802757173003,0.31972791016177327,0.4218326412728274,-0.21362288362335902,-0.30559026776747505,-0.12165549947924298,W per selected current decision; not summed PA value,True
cell,3-1|OUT|NFB,learned,1456,0.6716763641625944,0.6603760678908281,0.6829766604343606,0.08727320482193503,0.05582736345756911,0.11871904618630094,W per selected current decision; not summed PA value,True
cell,3-1|OUT|NFB,conservative,1456,0.5844031593406592,0.5682785629714139,0.6005277557099046,0.0,0.0,0.0,W per selected current decision; not summed PA value,True
cell,3-1|OUT|NFB,stochastic_half,1456,0.5212283199399472,0.4954353437196156,0.5470212961602788,-0.06317483940071199,-0.10254135355249933,-0.023808325248924657,W per selected current decision; not summed PA value,True
cell,3-2|BOUNDARY|FB,observed,5955,0.29278958858102433,0.2803004504011836,0.30527872676086504,0.0,0.0,0.0,W per selected current decision; not summed PA value,True
cell,3-2|BOUNDARY|FB,always_0,5955,0.16963330438021137,0.1468621553991089,0.19240445336131384,-0.12315628420081294,-0.1707379659843809,-0.075574602417245,W per selected current decision; not summed PA value,True
cell,3-2|BOUNDARY|FB,always_1,5955,0.31161988740367585,0.2974978920436383,0.3257418827637134,0.018830298822651508,0.0091919128760093,0.028468684769293717,W per selected current decision; not summed PA value,True
cell,3-2|BOUNDARY|FB,learned,5955,0.31161988740367585,0.2974978920436383,0.3257418827637134,0.018830298822651508,0.0091919128760093,0.028468684769293717,W per selected current decision; not summed PA value,True
cell,3-2|BOUNDARY|FB,conservative,5955,0.29278958858102433,0.2803004504011836,0.30527872676086504,0.0,0.0,0.0,W per selected current decision; not summed PA value,True
cell,3-2|BOUNDARY|FB,stochastic_half,5955,0.2406265958919436,0.22714971665170622,0.254103475132181,-0.05216299268908072,-0.07163089748621997,-0.03269508789194148,W per selected current decision; not summed PA value,True
cell,3-2|BOUNDARY|NFB,observed,3377,0.25729049452176483,0.2412641791579784,0.2733168098855513,0.0,0.0,0.0,W per selected current decision; not summed PA value,True
cell,3-2|BOUNDARY|NFB,always_0,3377,0.1414320628281718,0.10549513354252432,0.1773689921138193,-0.11585843169359307,-0.18956980989854139,-0.04214705348864477,W per selected current decision; not summed PA value,True
cell,3-2|BOUNDARY|NFB,always_1,3377,0.2676880904121535,0.24999335497210315,0.28538282585220387,0.010397595890388604,-0.0008115317469561747,0.021606723527733383,W per selected current decision; not summed PA value,True
cell,3-2|BOUNDARY|NFB,learned,3377,0.2676880904121535,0.24999335497210315,0.28538282585220387,0.010397595890388604,-0.0008115317469561747,0.021606723527733383,W per selected current decision; not summed PA value,True
cell,3-2|BOUNDARY|NFB,conservative,3377,0.25729049452176483,0.2412641791579784,0.2733168098855513,0.0,0.0,0.0,W per selected current decision; not summed PA value,True
cell,3-2|BOUNDARY|NFB,stochastic_half,3377,0.20456007662016262,0.18420642500796136,0.22491372823236389,-0.05273041790160223,-0.08481133018131426,-0.02064950562189021,W per selected current decision; not summed PA value,True
cell,3-2|INNER|FB,observed,7491,0.33720117474302497,0.32420664813299455,0.3501957013530554,0.0,0.0,0.0,W per selected current decision; not summed PA value,True
cell,3-2|INNER|FB,always_0,7491,0.08841202100671254,0.07050542109804914,0.10631862091537594,-0.24878915373631239,-0.2921503094645276,-0.2054279980080972,W per selected current decision; not summed PA value,True
cell,3-2|INNER|FB,always_1,7491,0.36039790100586,0.34626814406154216,0.37452765795017784,0.023196726262835036,0.018042907857427418,0.028350544668242654,W per selected current decision; not summed PA value,True
cell,3-2|INNER|FB,learned,7491,0.36039790100586,0.34626814406154216,0.37452765795017784,0.023196726262835036,0.018042907857427418,0.028350544668242654,W per selected current decision; not summed PA value,True
cell,3-2|INNER|FB,conservative,7491,0.33720117474302497,0.32420664813299455,0.3501957013530554,0.0,0.0,0.0,W per selected current decision; not summed PA value,True
cell,3-2|INNER|FB,stochastic_half,7491,0.22440496100628626,0.21295782076854244,0.23585210124403008,-0.11279621373673869,-0.1320696775596184,-0.09352274991385899,W per selected current decision; not summed PA value,True
cell,3-2|INNER|NFB,observed,3645,0.32630644718792867,0.3083953839006497,0.34421751047520766,0.0,0.0,0.0,W per selected current decision; not summed PA value,True
cell,3-2|INNER|NFB,always_0,3645,0.09044398579759821,0.060224053830336736,0.12066391776485969,-0.23586246139033046,-0.30465307606194275,-0.16707184671871816,W per selected current decision; not summed PA value,True
cell,3-2|INNER|NFB,always_1,3645,0.3484032536376823,0.32899018043866796,0.3678163268366967,0.02209680644975371,0.015038467503159639,0.02915514539634778,W per selected current decision; not summed PA value,True
cell,3-2|INNER|NFB,learned,3645,0.3484032536376823,0.32899018043866796,0.3678163268366967,0.02209680644975371,0.015038467503159639,0.02915514539634778,W per selected current decision; not summed PA value,True
cell,3-2|INNER|NFB,conservative,3645,0.32630644718792867,0.3083953839006497,0.34421751047520766,0.0,0.0,0.0,W per selected current decision; not summed PA value,True
cell,3-2|INNER|NFB,stochastic_half,3645,0.21942361971764032,0.20127853496513548,0.23756870447014516,-0.10688282747028836,-0.1379709051812674,-0.07579474975930933,W per selected current decision; not summed PA value,True
cell,3-2|OUT|FB,observed,7796,0.49215264238070794,0.4835432269098904,0.5007620578515255,0.0,0.0,0.0,W per selected current decision; not summed PA value,True
cell,3-2|OUT|FB,always_0,7796,0.6521775632011634,0.6468783626201742,0.6574767637821526,0.1600249208204553,0.14233219746579837,0.17771764417511224,W per selected current decision; not summed PA value,True
cell,3-2|OUT|FB,always_1,7796,0.23175386752211738,0.215873581074215,0.24763415397001975,-0.26039877485859064,-0.2838707964331071,-0.2369267532840742,W per selected current decision; not summed PA value,True
cell,3-2|OUT|FB,learned,7796,0.6521775632011634,0.6468783626201742,0.6574767637821526,0.1600249208204553,0.14233219746579837,0.17771764417511224,W per selected current decision; not summed PA value,True
cell,3-2|OUT|FB,conservative,7796,0.49215264238070794,0.4835432269098904,0.5007620578515255,0.0,0.0,0.0,W per selected current decision; not summed PA value,True
cell,3-2|OUT|FB,stochastic_half,7796,0.4419657153616403,0.4336210934601332,0.4503103372631474,-0.05018692701906769,-0.06087520978971358,-0.0394986442484218,W per selected current decision; not summed PA value,True
cell,3-2|OUT|NFB,observed,6310,0.4504594294770205,0.4408613569492839,0.4600575020047571,0.0,0.0,0.0,W per selected current decision; not summed PA value,True
cell,3-2|OUT|NFB,always_0,6310,0.6597060639870378,0.6531976806863592,0.6662144472877164,0.20924663451001718,0.1895255119850447,0.22896775703498967,W per selected current decision; not summed PA value,True
cell,3-2|OUT|NFB,always_1,6310,0.15802754111722045,0.14442753045821663,0.17162755177622427,-0.2924318883598001,-0.3123436021281806,-0.27252017459141964,W per selected current decision; not summed PA value,True
cell,3-2|OUT|NFB,learned,6310,0.6597060639870378,0.6531976806863592,0.6662144472877164,0.20924663451001718,0.1895255119850447,0.22896775703498967,W per selected current decision; not summed PA value,True
cell,3-2|OUT|NFB,conservative,6310,0.4504594294770205,0.4408613569492839,0.4600575020047571,0.0,0.0,0.0,W per selected current decision; not summed PA value,True
cell,3-2|OUT|NFB,stochastic_half,6310,0.4088668025521291,0.40128887870765173,0.41644472639660646,-0.041592626924891477,-0.0533917624291424,-0.029793491420640555,W per selected current decision; not summed PA value,True
