check,n,bad,max_absolute_error,max_relative_error,tolerance
bcap_pitch__mlb_2024_2025__20260909__r02/main/unique_keys,1,0,0.0,0.0,exact
bcap_pitch__mlb_2024_2025__20260909__r02/main/numeric_complete,1,0,0.0,0.0,exact
bcap_pitch__mlb_2024_2025__20260909__r02/main/p_bounds,1,0,0.0,0.0,exact
bcap_pitch__mlb_2024_2025__20260909__r02/main/A_binary,1,0,0.0,0.0,exact
bcap_pitch__mlb_2024_2025__20260909__r02/main/policy_from_training_file,1415566,0,0.0,0.0,exact
bcap_pitch__mlb_2024_2025__20260909__r02/main/phi0,1415566,0,0.0,0.0,value
bcap_pitch__mlb_2024_2025__20260909__r02/main/phi1,1415566,0,0.0,0.0,value
bcap_pitch__mlb_2024_2025__20260909__r02/main/policy_value,1415566,0,0.0,0.0,value
bcap_pitch__mlb_2024_2025__20260909__r02/main/conservative_value,1415566,0,0.0,0.0,value
bcap_pitch__mlb_2024_2025__20260909__r02/main/conservative_H0,1415566,0,0.0,0.0,exact
bcap_pitch__mlb_2024_2025__20260909__r02/main/support_predicate,1415566,0,0.0,0.0,exact
bcap_pitch__mlb_2024_2025__20260909__r02/main/action_values/row_count,1,0,0.0,0.0,exact
bcap_pitch__mlb_2024_2025__20260909__r02/main/action_values/keys,13,0,0.0,0.0,exact
bcap_pitch__mlb_2024_2025__20260909__r02/main/action_values/n_all,13,0,0.0,0.0,exact
bcap_pitch__mlb_2024_2025__20260909__r02/main/action_values/n,13,0,0.0,0.0,exact
bcap_pitch__mlb_2024_2025__20260909__r02/main/action_values/coverage,13,0,1.1102230246251565e-16,1.1328674778435106e-16,value
bcap_pitch__mlb_2024_2025__20260909__r02/main/action_values/games,13,0,0.0,0.0,exact
bcap_pitch__mlb_2024_2025__20260909__r02/main/action_values/PA,13,0,0.0,0.0,exact
bcap_pitch__mlb_2024_2025__20260909__r02/main/action_values/pitchers,13,0,0.0,0.0,exact
bcap_pitch__mlb_2024_2025__20260909__r02/main/action_values/batters,13,0,0.0,0.0,exact
bcap_pitch__mlb_2024_2025__20260909__r02/main/action_values/action1_rate_all,13,0,5.551115123125783e-17,1.2576487422191087e-16,value
bcap_pitch__mlb_2024_2025__20260909__r02/main/action_values/action1_rate,13,0,1.1102230246251565e-16,1.2601543891930156e-16,value
bcap_pitch__mlb_2024_2025__20260909__r02/main/action_values/ESS0,13,0,2.1827872842550278e-11,4.397834606663538e-16,ess
bcap_pitch__mlb_2024_2025__20260909__r02/main/action_values/arm_games0,13,0,0.0,0.0,exact
bcap_pitch__mlb_2024_2025__20260909__r02/main/action_values/max_game_share0,13,0,9.80118763926896e-17,2.1437023814525945e-13,value
bcap_pitch__mlb_2024_2025__20260909__r02/main/action_values/ESS1,13,0,1.1641532182693481e-10,1.8969599383160932e-16,ess
bcap_pitch__mlb_2024_2025__20260909__r02/main/action_values/arm_games1,13,0,0.0,0.0,exact
bcap_pitch__mlb_2024_2025__20260909__r02/main/action_values/max_game_share1,13,0,9.405453846311751e-17,2.0243771765569328e-13,value
bcap_pitch__mlb_2024_2025__20260909__r02/main/action_values/Q0,13,0,8.326672684688674e-17,4.165456391538147e-16,value
bcap_pitch__mlb_2024_2025__20260909__r02/main/action_values/Q1,13,0,5.551115123125783e-17,2.1296543826188612e-16,value
bcap_pitch__mlb_2024_2025__20260909__r02/main/action_values/gcomp0,13,0,8.326672684688674e-17,3.721742026112915e-16,value
bcap_pitch__mlb_2024_2025__20260909__r02/main/action_values/gcomp1,13,0,5.551115123125783e-17,2.6841587260322125e-16,value
bcap_pitch__mlb_2024_2025__20260909__r02/main/action_values/delta,13,0,9.020562075079397e-17,3.307402725100769e-13,value
bcap_pitch__mlb_2024_2025__20260909__r02/main/action_values/se,13,0,9.80118763926896e-17,6.830417600943026e-14,ci
bcap_pitch__mlb_2024_2025__20260909__r02/main/action_values/CI95_low,13,0,8.153200337090993e-17,7.685503460016763e-14,ci
bcap_pitch__mlb_2024_2025__20260909__r02/main/action_values/CI95_high,13,0,9.324138683375338e-17,1.2938596652296194e-13,ci
bcap_pitch__mlb_2024_2025__20260909__r02/main/action_values/simultaneous95_low,13,0,9.8879238130678e-17,1.9429455304772504e-14,ci
bcap_pitch__mlb_2024_2025__20260909__r02/main/action_values/simultaneous95_high,13,0,9.194034422677078e-17,1.6454888743296816e-14,ci
bcap_pitch__mlb_2024_2025__20260909__r02/main/action_values/grade,13,0,0.0,0.0,exact
bcap_pitch__mlb_2024_2025__20260909__r02/main/action_values/reason,13,0,0.0,0.0,exact
bcap_pitch__mlb_2024_2025__20260909__r02/main/action_values/suggested_action,13,0,0.0,0.0,exact
bcap_pitch__mlb_2024_2025__20260909__r02/main/action_values/candidate_direction,13,0,0.0,0.0,exact
bcap_pitch__mlb_2024_2025__20260909__r02/main/policy_values/row_count,1,0,0.0,0.0,exact
bcap_pitch__mlb_2024_2025__20260909__r02/main/policy_values/keys,78,0,0.0,0.0,exact
bcap_pitch__mlb_2024_2025__20260909__r02/main/policy_values/n,78,0,0.0,0.0,exact
bcap_pitch__mlb_2024_2025__20260909__r02/main/policy_values/value,78,0,1.1102230246251565e-16,4.1655478384779993e-16,value
bcap_pitch__mlb_2024_2025__20260909__r02/main/policy_values/CI95_low,78,0,8.326672684688674e-17,4.2185440991954347e-16,ci
bcap_pitch__mlb_2024_2025__20260909__r02/main/policy_values/CI95_high,78,0,1.1102230246251565e-16,4.1100807882438214e-16,ci
bcap_pitch__mlb_2024_2025__20260909__r02/main/policy_values/gain,78,0,9.828292693581098e-17,9.684938841607707e-13,value
bcap_pitch__mlb_2024_2025__20260909__r02/main/policy_values/gain_low,78,0,9.8879238130678e-17,6.916379031217615e-14,ci
bcap_pitch__mlb_2024_2025__20260909__r02/main/policy_values/gain_high,78,0,9.985502008591496e-17,2.8096763074103094e-13,ci
bcap_pitch__mlb_2024_2025__20260909__r02/main/policy_values/unit,78,0,0.0,0.0,exact
bcap_pitch__mlb_2024_2025__20260909__r02/main/policy_values/conditional,78,0,0.0,0.0,exact
bcap_pitch__mlb_2024_2025__20260909__r02/main/propensity_overlap/row_count,1,0,0.0,0.0,exact
bcap_pitch__mlb_2024_2025__20260909__r02/main/propensity_overlap/keys,26,0,0.0,0.0,exact
bcap_pitch__mlb_2024_2025__20260909__r02/main/propensity_overlap/n_arm,26,0,0.0,0.0,exact
bcap_pitch__mlb_2024_2025__20260909__r02/main/propensity_overlap/ESS_support,26,0,1.1641532182693481e-10,4.397834606663538e-16,ess
bcap_pitch__mlb_2024_2025__20260909__r02/main/propensity_overlap/ESS_untrimmed,26,0,2.9103830456733704e-11,3.0844981863383653e-16,ess
bcap_pitch__mlb_2024_2025__20260909__r02/main/propensity_overlap/weight_max,26,0,1.7763568394002505e-15,1.8927434453476795e-16,value
bcap_pitch__mlb_2024_2025__20260909__r02/main/propensity_overlap/weight_gt10_rate,26,0,9.93129189996722e-17,6.363038554720441e-13,value
bcap_pitch__mlb_2024_2025__20260909__r02/main/propensity_overlap/weight_gt20_rate,26,0,7.45931094670027e-17,2.7045734900782813e-13,value
bcap_pitch__mlb_2024_2025__20260909__r02/main/propensity_overlap/max_game_share,26,0,9.80118763926896e-17,2.1437023814525945e-13,value
bcap_pitch__mlb_2024_2025__20260909__r02/main/propensity_overlap/p_q0,26,0,9.540979117872439e-17,8.545925282860924e-15,value
bcap_pitch__mlb_2024_2025__20260909__r02/main/propensity_overlap/positive_weight_q0,26,0,2.220446049250313e-16,2.163520993512015e-16,value
bcap_pitch__mlb_2024_2025__20260909__r02/main/propensity_overlap/p_q0.01,26,0,8.326672684688674e-17,2.2797555441476904e-15,value
bcap_pitch__mlb_2024_2025__20260909__r02/main/propensity_overlap/positive_weight_q0.01,26,0,2.220446049250313e-16,2.1585729710913667e-16,value
bcap_pitch__mlb_2024_2025__20260909__r02/main/propensity_overlap/p_q0.05,26,0,8.326672684688674e-17,1.6880885575963669e-15,value
bcap_pitch__mlb_2024_2025__20260909__r02/main/propensity_overlap/positive_weight_q0.05,26,0,4.440892098500626e-16,2.079195950583526e-16,value
bcap_pitch__mlb_2024_2025__20260909__r02/main/propensity_overlap/p_q0.1,26,0,5.551115123125783e-17,6.826170473239111e-16,value
bcap_pitch__mlb_2024_2025__20260909__r02/main/propensity_overlap/positive_weight_q0.1,26,0,4.440892098500626e-16,2.0871778247619146e-16,value
bcap_pitch__mlb_2024_2025__20260909__r02/main/propensity_overlap/p_q0.5,26,0,8.326672684688674e-17,3.808736771974725e-16,value
bcap_pitch__mlb_2024_2025__20260909__r02/main/propensity_overlap/positive_weight_q0.5,26,0,4.440892098500626e-16,2.1914211448376593e-16,value
bcap_pitch__mlb_2024_2025__20260909__r02/main/propensity_overlap/p_q0.9,26,0,5.551115123125783e-17,1.591935275142931e-16,value
bcap_pitch__mlb_2024_2025__20260909__r02/main/propensity_overlap/positive_weight_q0.9,26,0,4.440892098500626e-16,2.1900547748046705e-16,value
bcap_pitch__mlb_2024_2025__20260909__r02/main/propensity_overlap/p_q0.95,26,0,0.0,0.0,value
bcap_pitch__mlb_2024_2025__20260909__r02/main/propensity_overlap/positive_weight_q0.95,26,0,1.7763568394002505e-15,1.7219360371763647e-16,value
bcap_pitch__mlb_2024_2025__20260909__r02/main/propensity_overlap/p_q0.99,26,0,1.1102230246251565e-16,1.7375724677717313e-16,value
bcap_pitch__mlb_2024_2025__20260909__r02/main/propensity_overlap/positive_weight_q0.99,26,0,4.440892098500626e-16,2.163851108156893e-16,value
bcap_pitch__mlb_2024_2025__20260909__r02/main/propensity_overlap/p_q1,26,0,1.1102230246251565e-16,1.2205021773484036e-16,value
bcap_pitch__mlb_2024_2025__20260909__r02/main/propensity_overlap/positive_weight_q1,26,0,1.7763568394002505e-15,1.8927434453476795e-16,value
bcap_pitch__mlb_2024_2025__20260909__r02/main/sensitivity/row_count,1,0,0.0,0.0,exact
bcap_pitch__mlb_2024_2025__20260909__r02/main/sensitivity/keys,104,0,0.0,0.0,exact
bcap_pitch__mlb_2024_2025__20260909__r02/main/sensitivity/n,104,0,0.0,0.0,exact
bcap_pitch__mlb_2024_2025__20260909__r02/main/sensitivity/coverage,104,0,1.1102230246251565e-16,1.178694407666698e-16,value
bcap_pitch__mlb_2024_2025__20260909__r02/main/sensitivity/Q0,104,0,8.326672684688674e-17,4.16551047092727e-16,value
bcap_pitch__mlb_2024_2025__20260909__r02/main/sensitivity/Q1,104,0,8.326672684688674e-17,4.1132123900070554e-16,value
bcap_pitch__mlb_2024_2025__20260909__r02/main/sensitivity/delta,104,0,9.93129189996722e-17,3.307402725100769e-13,value
bcap_pitch__mlb_2024_2025__20260909__r02/main/sensitivity/different_target,104,0,0.0,0.0,exact
bcap_pitch__mlb_2024_2025__20260909__r02/main/sensitivity/low,104,0,9.71445146547012e-17,2.376207412213189e-14,ci
bcap_pitch__mlb_2024_2025__20260909__r02/main/sensitivity/high,104,0,9.8879238130678e-17,2.2644178268857388e-14,ci
bcap_pitch__mlb_2024_2025__20260909__r02/main/sensitivity/clusters,104,0,0.0,0.0,exact
bcap_pitch__mlb_2024_2025__20260909__r02/main/calibration/row_count,1,0,0.0,0.0,exact
bcap_pitch__mlb_2024_2025__20260909__r02/main/calibration/keys,10,0,0.0,0.0,exact
bcap_pitch__mlb_2024_2025__20260909__r02/main/calibration/n,10,0,0.0,0.0,exact
bcap_pitch__mlb_2024_2025__20260909__r02/main/calibration/mean_p,10,0,5.551115123125783e-17,3.692257090836895e-16,value
bcap_pitch__mlb_2024_2025__20260909__r02/main/calibration/observed_rate,10,0,9.367506770274758e-17,4.858613511515865e-15,value
bcap_pitch__mlb_2024_2025__20260909__r02/main/calibration/Brier,10,0,5.551115123125783e-17,2.0012548636413806e-15,value
bcap_pitch__mlb_2024_2025__20260909__r02/main/known_unseen/row_count,1,0,0.0,0.0,exact
bcap_pitch__mlb_2024_2025__20260909__r02/main/known_unseen/keys,3,0,0.0,0.0,exact
bcap_pitch__mlb_2024_2025__20260909__r02/main/known_unseen/n,3,0,0.0,0.0,exact
bcap_pitch__mlb_2024_2025__20260909__r02/main/known_unseen/games,3,0,0.0,0.0,exact
bcap_pitch__mlb_2024_2025__20260909__r02/main/known_unseen/coverage,3,0,0.0,0.0,value
bcap_pitch__mlb_2024_2025__20260909__r02/main/known_unseen/MSE,3,0,0.0,0.0,value
bcap_pitch__mlb_2024_2025__20260909__r02/main/known_unseen/Brier,3,0,2.7755575615628914e-17,1.349172622317467e-16,value
bcap_pitch__mlb_2024_2025__20260909__r02/main/known_unseen/Q0,3,0,5.551115123125783e-17,1.8444655722936827e-16,value
bcap_pitch__mlb_2024_2025__20260909__r02/main/known_unseen/Q1,3,0,5.551115123125783e-17,3.9375042773645106e-16,value
bcap_pitch__mlb_2024_2025__20260909__r02/main/known_unseen/policy_value,3,0,0.0,0.0,value
bcap_pitch__mlb_2024_2025__20260909__r02/main/support_exclusions/row_count,1,0,0.0,0.0,exact
bcap_pitch__mlb_2024_2025__20260909__r02/main/support_exclusions/keys,56,0,0.0,0.0,exact
bcap_pitch__mlb_2024_2025__20260909__r02/main/support_exclusions/n,56,0,0.0,0.0,exact
bcap_pitch__mlb_2024_2025__20260909__r02/main/support_exclusions/players_pitcher,56,0,0.0,0.0,exact
bcap_pitch__mlb_2024_2025__20260909__r02/main/support_exclusions/players_batter,56,0,0.0,0.0,exact
bcap_pitch__mlb_2024_2025__20260909__r02/main/support_exclusions/meanY,56,0,5.551115123125783e-17,2.791585638187363e-16,value
bcap_pitch__mlb_2024_2025__20260909__r02/main/metrics/n,1,0,0.0,0.0,exact
bcap_pitch__mlb_2024_2025__20260909__r02/main/metrics/games,1,0,0.0,0.0,exact
bcap_pitch__mlb_2024_2025__20260909__r02/main/metrics/Y_mean,1,0,0.0,0.0,value
bcap_pitch__mlb_2024_2025__20260909__r02/main/metrics/outcome_MSE,1,0,0.0,0.0,value
bcap_pitch__mlb_2024_2025__20260909__r02/main/metrics/Brier,1,0,0.0,0.0,value
bcap_pitch__mlb_2024_2025__20260909__r02/main/metrics/log_loss,1,0,0.0,0.0,value
bcap_pitch__mlb_2024_2025__20260909__r02/main/metrics/coverage,1,0,0.0,0.0,value
bcap_pitch__mlb_2024_2025__20260909__r02/main/metrics/eligible_measurement_fraction,1,0,0.0,0.0,value
bcap_pitch__mlb_2024_2025__20260909__r02/main/metrics/raw_p_outside01,1,0,0.0,0.0,value
bcap_swing__mlb_2024_2025__20260909__r01/main/unique_keys,1,0,0.0,0.0,exact
bcap_swing__mlb_2024_2025__20260909__r01/main/numeric_complete,1,0,0.0,0.0,exact
bcap_swing__mlb_2024_2025__20260909__r01/main/p_bounds,1,0,0.0,0.0,exact
bcap_swing__mlb_2024_2025__20260909__r01/main/A_binary,1,0,0.0,0.0,exact
bcap_swing__mlb_2024_2025__20260909__r01/main/policy_from_training_file,1416043,0,0.0,0.0,exact
bcap_swing__mlb_2024_2025__20260909__r01/main/phi0,1416043,0,0.0,0.0,value
bcap_swing__mlb_2024_2025__20260909__r01/main/phi1,1416043,0,7.105427357601002e-15,1.4852051222499384e-12,value
bcap_swing__mlb_2024_2025__20260909__r01/main/policy_value,1416043,0,4.440892098500626e-16,1.8265439347023647e-14,value
bcap_swing__mlb_2024_2025__20260909__r01/main/conservative_value,1416043,0,0.0,0.0,value
bcap_swing__mlb_2024_2025__20260909__r01/main/conservative_H0,1416043,0,0.0,0.0,exact
bcap_swing__mlb_2024_2025__20260909__r01/main/support_predicate,1416043,0,0.0,0.0,exact
bcap_swing__mlb_2024_2025__20260909__r01/main/action_values/row_count,1,0,0.0,0.0,exact
bcap_swing__mlb_2024_2025__20260909__r01/main/action_values/keys,105,0,0.0,0.0,exact
bcap_swing__mlb_2024_2025__20260909__r01/main/action_values/n_all,105,0,0.0,0.0,exact
bcap_swing__mlb_2024_2025__20260909__r01/main/action_values/n,105,0,0.0,0.0,exact
bcap_swing__mlb_2024_2025__20260909__r01/main/action_values/coverage,105,0,1.1102230246251565e-16,1.2155102245716928e-16,value
bcap_swing__mlb_2024_2025__20260909__r01/main/action_values/games,105,0,0.0,0.0,exact
bcap_swing__mlb_2024_2025__20260909__r01/main/action_values/PA,105,0,0.0,0.0,exact
bcap_swing__mlb_2024_2025__20260909__r01/main/action_values/pitchers,105,0,0.0,0.0,exact
bcap_swing__mlb_2024_2025__20260909__r01/main/action_values/batters,105,0,0.0,0.0,exact
bcap_swing__mlb_2024_2025__20260909__r01/main/action_values/action1_rate_all,105,0,1.1102230246251565e-16,2.4653702502909367e-15,value
bcap_swing__mlb_2024_2025__20260909__r01/main/action_values/action1_rate,105,0,1.1102230246251565e-16,2.497093912746284e-15,value
bcap_swing__mlb_2024_2025__20260909__r01/main/action_values/ESS0,105,0,5.820766091346741e-11,5.277894894407385e-16,ess
bcap_swing__mlb_2024_2025__20260909__r01/main/action_values/arm_games0,105,0,0.0,0.0,exact
bcap_swing__mlb_2024_2025__20260909__r01/main/action_values/max_game_share0,105,0,9.8879238130678e-17,1.6847414992512976e-13,value
bcap_swing__mlb_2024_2025__20260909__r01/main/action_values/ESS1,105,0,7.275957614183426e-12,4.778952180876701e-16,ess
bcap_swing__mlb_2024_2025__20260909__r01/main/action_values/arm_games1,105,0,0.0,0.0,exact
bcap_swing__mlb_2024_2025__20260909__r01/main/action_values/max_game_share1,105,0,9.638557313396134e-17,1.5697283660473242e-13,value
bcap_swing__mlb_2024_2025__20260909__r01/main/action_values/Q0,105,0,9.71445146547012e-17,4.2520677411526655e-15,value
bcap_swing__mlb_2024_2025__20260909__r01/main/action_values/Q1,105,0,1.1102230246251565e-16,8.919288172574847e-16,value
bcap_swing__mlb_2024_2025__20260909__r01/main/action_values/gcomp0,105,0,8.326672684688674e-17,8.618928837474942e-16,value
bcap_swing__mlb_2024_2025__20260909__r01/main/action_values/gcomp1,105,0,8.326672684688674e-17,5.93598289837868e-16,value
bcap_swing__mlb_2024_2025__20260909__r01/main/action_values/delta,105,0,9.93129189996722e-17,4.0953763925028644e-14,value
bcap_swing__mlb_2024_2025__20260909__r01/main/action_values/se,105,0,9.454242944073599e-17,3.742396784535561e-14,ci
bcap_swing__mlb_2024_2025__20260909__r01/main/action_values/CI95_low,105,0,9.71445146547012e-17,1.6151013064986854e-14,ci
bcap_swing__mlb_2024_2025__20260909__r01/main/action_values/CI95_high,105,0,9.71445146547012e-17,1.8515800388170376e-14,ci
bcap_swing__mlb_2024_2025__20260909__r01/main/action_values/simultaneous95_low,105,0,9.71445146547012e-17,1.0812003917399426e-14,ci
bcap_swing__mlb_2024_2025__20260909__r01/main/action_values/simultaneous95_high,105,0,9.71445146547012e-17,7.42864683382445e-14,ci
bcap_swing__mlb_2024_2025__20260909__r01/main/action_values/grade,105,0,0.0,0.0,exact
bcap_swing__mlb_2024_2025__20260909__r01/main/action_values/reason,105,0,0.0,0.0,exact
bcap_swing__mlb_2024_2025__20260909__r01/main/action_values/suggested_action,105,0,0.0,0.0,exact
bcap_swing__mlb_2024_2025__20260909__r01/main/action_values/candidate_direction,105,0,0.0,0.0,exact
bcap_swing__mlb_2024_2025__20260909__r01/main/policy_values/row_count,1,0,0.0,0.0,exact
bcap_swing__mlb_2024_2025__20260909__r01/main/policy_values/keys,510,0,0.0,0.0,exact
bcap_swing__mlb_2024_2025__20260909__r01/main/policy_values/n,510,0,0.0,0.0,exact
bcap_swing__mlb_2024_2025__20260909__r01/main/policy_values/value,510,0,1.3877787807814457e-16,4.2520677411526655e-15,value
bcap_swing__mlb_2024_2025__20260909__r01/main/policy_values/CI95_low,510,0,1.1102230246251565e-16,3.4838175874245414e-15,ci
bcap_swing__mlb_2024_2025__20260909__r01/main/policy_values/CI95_high,510,0,1.1102230246251565e-16,2.31691845286504e-15,ci
bcap_swing__mlb_2024_2025__20260909__r01/main/policy_values/gain,510,0,9.84455572616838e-17,3.9420835527996e-13,value
bcap_swing__mlb_2024_2025__20260909__r01/main/policy_values/gain_low,510,0,9.8879238130678e-17,4.1932663077201417e-13,ci
bcap_swing__mlb_2024_2025__20260909__r01/main/policy_values/gain_high,510,0,9.8879238130678e-17,1.701428415559356e-13,ci
bcap_swing__mlb_2024_2025__20260909__r01/main/policy_values/unit,510,0,0.0,0.0,exact
bcap_swing__mlb_2024_2025__20260909__r01/main/policy_values/conditional,510,0,0.0,0.0,exact
bcap_swing__mlb_2024_2025__20260909__r01/main/propensity_overlap/row_count,1,0,0.0,0.0,exact
bcap_swing__mlb_2024_2025__20260909__r01/main/propensity_overlap/keys,210,0,0.0,0.0,exact
bcap_swing__mlb_2024_2025__20260909__r01/main/propensity_overlap/n_arm,210,0,0.0,0.0,exact
bcap_swing__mlb_2024_2025__20260909__r01/main/propensity_overlap/ESS_support,210,0,5.820766091346741e-11,5.277894894407385e-16,ess
bcap_swing__mlb_2024_2025__20260909__r01/main/propensity_overlap/ESS_untrimmed,210,0,1.1641532182693481e-10,5.27000450339109e-16,ess
bcap_swing__mlb_2024_2025__20260909__r01/main/propensity_overlap/weight_max,210,0,1.4210854715202004e-14,2.4068936508049935e-16,value
bcap_swing__mlb_2024_2025__20260909__r01/main/propensity_overlap/weight_gt10_rate,210,0,9.8879238130678e-17,7.984199239259017e-13,value
bcap_swing__mlb_2024_2025__20260909__r01/main/propensity_overlap/weight_gt20_rate,210,0,9.75781955236954e-17,5.609770460660395e-13,value
bcap_swing__mlb_2024_2025__20260909__r01/main/propensity_overlap/max_game_share,210,0,9.8879238130678e-17,1.6847414992512976e-13,value
bcap_swing__mlb_2024_2025__20260909__r01/main/propensity_overlap/p_q0,210,0,1.1102230246251565e-16,3.5235870932841326e-14,value
bcap_swing__mlb_2024_2025__20260909__r01/main/propensity_overlap/positive_weight_q0,210,0,4.440892098500626e-16,2.2112017254275468e-16,value
bcap_swing__mlb_2024_2025__20260909__r01/main/propensity_overlap/p_q0.01,210,0,1.1102230246251565e-16,1.0693808435082259e-14,value
bcap_swing__mlb_2024_2025__20260909__r01/main/propensity_overlap/positive_weight_q0.01,210,0,8.881784197001252e-16,2.1998118434917796e-16,value
bcap_swing__mlb_2024_2025__20260909__r01/main/propensity_overlap/p_q0.05,210,0,1.1102230246251565e-16,4.1018409744647526e-15,value
bcap_swing__mlb_2024_2025__20260909__r01/main/propensity_overlap/positive_weight_q0.05,210,0,8.881784197001252e-16,2.1663304729634705e-16,value
bcap_swing__mlb_2024_2025__20260909__r01/main/propensity_overlap/p_q0.1,210,0,1.1102230246251565e-16,4.129341954167321e-15,value
bcap_swing__mlb_2024_2025__20260909__r01/main/propensity_overlap/positive_weight_q0.1,210,0,8.881784197001252e-16,2.3570792721290153e-16,value
bcap_swing__mlb_2024_2025__20260909__r01/main/propensity_overlap/p_q0.5,210,0,1.1102230246251565e-16,2.830138193298343e-15,value
bcap_swing__mlb_2024_2025__20260909__r01/main/propensity_overlap/positive_weight_q0.5,210,0,1.7763568394002505e-15,2.401888961037599e-16,value
bcap_swing__mlb_2024_2025__20260909__r01/main/propensity_overlap/p_q0.9,210,0,1.1102230246251565e-16,2.830138193298343e-15,value
bcap_swing__mlb_2024_2025__20260909__r01/main/propensity_overlap/positive_weight_q0.9,210,0,1.7763568394002505e-15,2.1453917916929045e-16,value
bcap_swing__mlb_2024_2025__20260909__r01/main/propensity_overlap/p_q0.95,210,0,1.1102230246251565e-16,2.830138193298343e-15,value
bcap_swing__mlb_2024_2025__20260909__r01/main/propensity_overlap/positive_weight_q0.95,210,0,3.552713678800501e-15,2.0773402998227216e-16,value
bcap_swing__mlb_2024_2025__20260909__r01/main/propensity_overlap/p_q0.99,210,0,1.1102230246251565e-16,2.830138193298343e-15,value
bcap_swing__mlb_2024_2025__20260909__r01/main/propensity_overlap/positive_weight_q0.99,210,0,3.552713678800501e-15,2.2399115349846806e-16,value
bcap_swing__mlb_2024_2025__20260909__r01/main/propensity_overlap/p_q1,210,0,1.1102230246251565e-16,2.830138193298343e-15,value
bcap_swing__mlb_2024_2025__20260909__r01/main/propensity_overlap/positive_weight_q1,210,0,1.4210854715202004e-14,2.4068936508049935e-16,value
bcap_swing__mlb_2024_2025__20260909__r01/main/sensitivity/row_count,1,0,0.0,0.0,exact
bcap_swing__mlb_2024_2025__20260909__r01/main/sensitivity/keys,680,0,0.0,0.0,exact
bcap_swing__mlb_2024_2025__20260909__r01/main/sensitivity/n,680,0,0.0,0.0,exact
bcap_swing__mlb_2024_2025__20260909__r01/main/sensitivity/coverage,680,0,1.1102230246251565e-16,2.1406837714187903e-16,value
bcap_swing__mlb_2024_2025__20260909__r01/main/sensitivity/Q0,680,0,9.71445146547012e-17,5.099784822063428e-15,value
bcap_swing__mlb_2024_2025__20260909__r01/main/sensitivity/Q1,680,0,1.1102230246251565e-16,1.047848342106831e-15,value
bcap_swing__mlb_2024_2025__20260909__r01/main/sensitivity/delta,680,0,1.1102230246251565e-16,7.95305228570152e-14,value
bcap_swing__mlb_2024_2025__20260909__r01/main/sensitivity/different_target,680,0,0.0,0.0,exact
bcap_swing__mlb_2024_2025__20260909__r01/main/sensitivity/low,680,0,1.1102230246251565e-16,6.999776297519041e-14,ci
bcap_swing__mlb_2024_2025__20260909__r01/main/sensitivity/high,680,0,1.1102230246251565e-16,2.4582895336566036e-13,ci
bcap_swing__mlb_2024_2025__20260909__r01/main/sensitivity/clusters,680,0,0.0,0.0,exact
bcap_swing__mlb_2024_2025__20260909__r01/main/calibration/row_count,1,0,0.0,0.0,exact
bcap_swing__mlb_2024_2025__20260909__r01/main/calibration/keys,10,0,0.0,0.0,exact
bcap_swing__mlb_2024_2025__20260909__r01/main/calibration/n,10,0,0.0,0.0,exact
bcap_swing__mlb_2024_2025__20260909__r01/main/calibration/mean_p,10,0,9.020562075079397e-17,1.5047706691019592e-15,value
bcap_swing__mlb_2024_2025__20260909__r01/main/calibration/observed_rate,10,0,5.551115123125783e-17,6.185850143378882e-16,value
bcap_swing__mlb_2024_2025__20260909__r01/main/calibration/Brier,10,0,9.020562075079397e-17,1.4870078920715612e-15,value
bcap_swing__mlb_2024_2025__20260909__r01/main/known_unseen/row_count,1,0,0.0,0.0,exact
bcap_swing__mlb_2024_2025__20260909__r01/main/known_unseen/keys,3,0,0.0,0.0,exact
bcap_swing__mlb_2024_2025__20260909__r01/main/known_unseen/n,3,0,0.0,0.0,exact
bcap_swing__mlb_2024_2025__20260909__r01/main/known_unseen/games,3,0,0.0,0.0,exact
bcap_swing__mlb_2024_2025__20260909__r01/main/known_unseen/coverage,3,0,1.1102230246251565e-16,1.1802839590126235e-16,value
bcap_swing__mlb_2024_2025__20260909__r01/main/known_unseen/MSE,3,0,8.326672684688674e-17,6.034411005976874e-16,value
bcap_swing__mlb_2024_2025__20260909__r01/main/known_unseen/Brier,3,0,5.551115123125783e-17,3.523496756330272e-16,value
bcap_swing__mlb_2024_2025__20260909__r01/main/known_unseen/Q0,3,0,5.551115123125783e-17,1.9524285355442935e-16,value
bcap_swing__mlb_2024_2025__20260909__r01/main/known_unseen/Q1,3,0,5.551115123125783e-17,1.593196878383426e-16,value
bcap_swing__mlb_2024_2025__20260909__r01/main/known_unseen/policy_value,3,0,0.0,0.0,value
bcap_swing__mlb_2024_2025__20260909__r01/main/support_exclusions/row_count,1,0,0.0,0.0,exact
bcap_swing__mlb_2024_2025__20260909__r01/main/support_exclusions/keys,95,0,0.0,0.0,exact
bcap_swing__mlb_2024_2025__20260909__r01/main/support_exclusions/n,95,0,0.0,0.0,exact
bcap_swing__mlb_2024_2025__20260909__r01/main/support_exclusions/players_pitcher,95,0,0.0,0.0,exact
bcap_swing__mlb_2024_2025__20260909__r01/main/support_exclusions/players_batter,95,0,0.0,0.0,exact
bcap_swing__mlb_2024_2025__20260909__r01/main/support_exclusions/meanY,95,0,8.326672684688674e-17,1.04634114423998e-15,value
bcap_swing__mlb_2024_2025__20260909__r01/main/metrics/n,1,0,0.0,0.0,exact
bcap_swing__mlb_2024_2025__20260909__r01/main/metrics/games,1,0,0.0,0.0,exact
bcap_swing__mlb_2024_2025__20260909__r01/main/metrics/Y_mean,1,0,0.0,0.0,value
bcap_swing__mlb_2024_2025__20260909__r01/main/metrics/outcome_MSE,1,0,0.0,0.0,value
bcap_swing__mlb_2024_2025__20260909__r01/main/metrics/Brier,1,0,0.0,0.0,value
bcap_swing__mlb_2024_2025__20260909__r01/main/metrics/log_loss,1,0,0.0,0.0,value
bcap_swing__mlb_2024_2025__20260909__r01/main/metrics/coverage,1,0,0.0,0.0,value
bcap_swing__mlb_2024_2025__20260909__r01/main/metrics/eligible_measurement_fraction,1,0,0.0,0.0,value
bcap_swing__mlb_2024_2025__20260909__r01/main/metrics/raw_p_outside01,1,0,0.0,0.0,value
bcap_pitch__mlb_2023__20260909__r01/main/unique_keys,1,0,0.0,0.0,exact
bcap_pitch__mlb_2023__20260909__r01/main/numeric_complete,1,0,0.0,0.0,exact
bcap_pitch__mlb_2023__20260909__r01/main/p_bounds,1,0,0.0,0.0,exact
bcap_pitch__mlb_2023__20260909__r01/main/A_binary,1,0,0.0,0.0,exact
bcap_pitch__mlb_2023__20260909__r01/main/policy_from_training_file,716113,0,0.0,0.0,exact
bcap_pitch__mlb_2023__20260909__r01/main/phi0,716113,0,0.0,0.0,value
bcap_pitch__mlb_2023__20260909__r01/main/phi1,716113,0,0.0,0.0,value
bcap_pitch__mlb_2023__20260909__r01/main/policy_value,716113,0,0.0,0.0,value
bcap_pitch__mlb_2023__20260909__r01/main/conservative_value,716113,0,0.0,0.0,value
bcap_pitch__mlb_2023__20260909__r01/main/conservative_H0,716113,0,0.0,0.0,exact
bcap_pitch__mlb_2023__20260909__r01/main/support_predicate,716113,0,0.0,0.0,exact
bcap_pitch__mlb_2023__20260909__r01/main/action_values/row_count,1,0,0.0,0.0,exact
bcap_pitch__mlb_2023__20260909__r01/main/action_values/keys,13,0,0.0,0.0,exact
bcap_pitch__mlb_2023__20260909__r01/main/action_values/n_all,13,0,0.0,0.0,exact
bcap_pitch__mlb_2023__20260909__r01/main/action_values/n,13,0,0.0,0.0,exact
bcap_pitch__mlb_2023__20260909__r01/main/action_values/coverage,13,0,1.1102230246251565e-16,1.1421646121738818e-16,value
bcap_pitch__mlb_2023__20260909__r01/main/action_values/games,13,0,0.0,0.0,exact
bcap_pitch__mlb_2023__20260909__r01/main/action_values/PA,13,0,0.0,0.0,exact
bcap_pitch__mlb_2023__20260909__r01/main/action_values/pitchers,13,0,0.0,0.0,exact
bcap_pitch__mlb_2023__20260909__r01/main/action_values/batters,13,0,0.0,0.0,exact
bcap_pitch__mlb_2023__20260909__r01/main/action_values/action1_rate_all,13,0,5.551115123125783e-17,1.2284036134637625e-16,value
bcap_pitch__mlb_2023__20260909__r01/main/action_values/action1_rate,13,0,5.551115123125783e-17,1.2489681117486965e-16,value
bcap_pitch__mlb_2023__20260909__r01/main/action_values/ESS0,13,0,5.820766091346741e-11,3.5134118676229435e-16,ess
bcap_pitch__mlb_2023__20260909__r01/main/action_values/arm_games0,13,0,0.0,0.0,exact
bcap_pitch__mlb_2023__20260909__r01/main/action_values/max_game_share0,13,0,9.77950359581925e-17,8.178971623658944e-14,value
bcap_pitch__mlb_2023__20260909__r01/main/action_values/ESS1,13,0,5.820766091346741e-11,1.927373948150419e-16,ess
bcap_pitch__mlb_2023__20260909__r01/main/action_values/arm_games1,13,0,0.0,0.0,exact
bcap_pitch__mlb_2023__20260909__r01/main/action_values/max_game_share1,13,0,9.302454639925628e-17,9.593629545830313e-14,value
bcap_pitch__mlb_2023__20260909__r01/main/action_values/Q0,13,0,5.551115123125783e-17,1.864690123203512e-16,value
bcap_pitch__mlb_2023__20260909__r01/main/action_values/Q1,13,0,8.326672684688674e-17,3.987406172633315e-16,value
bcap_pitch__mlb_2023__20260909__r01/main/action_values/gcomp0,13,0,8.326672684688674e-17,4.0000383303368214e-16,value
bcap_pitch__mlb_2023__20260909__r01/main/action_values/gcomp1,13,0,5.551115123125783e-17,2.0619763747592767e-16,value
bcap_pitch__mlb_2023__20260909__r01/main/action_values/delta,13,0,9.540979117872439e-17,4.6927920062913946e-14,value
bcap_pitch__mlb_2023__20260909__r01/main/action_values/se,13,0,9.042246118529107e-17,7.028980976981378e-14,ci
bcap_pitch__mlb_2023__20260909__r01/main/action_values/CI95_low,13,0,8.847089727481716e-17,1.2952552972281885e-13,ci
bcap_pitch__mlb_2023__20260909__r01/main/action_values/CI95_high,13,0,9.194034422677078e-17,3.768604683535403e-14,ci
bcap_pitch__mlb_2023__20260909__r01/main/action_values/simultaneous95_low,13,0,9.194034422677078e-17,8.829284813853651e-15,ci
bcap_pitch__mlb_2023__20260909__r01/main/action_values/simultaneous95_high,13,0,9.367506770274758e-17,1.010608639096202e-14,ci
bcap_pitch__mlb_2023__20260909__r01/main/action_values/grade,13,0,0.0,0.0,exact
bcap_pitch__mlb_2023__20260909__r01/main/action_values/reason,13,0,0.0,0.0,exact
bcap_pitch__mlb_2023__20260909__r01/main/action_values/suggested_action,13,0,0.0,0.0,exact
bcap_pitch__mlb_2023__20260909__r01/main/action_values/candidate_direction,13,0,0.0,0.0,exact
bcap_pitch__mlb_2023__20260909__r01/main/policy_values/row_count,1,0,0.0,0.0,exact
bcap_pitch__mlb_2023__20260909__r01/main/policy_values/keys,78,0,0.0,0.0,exact
bcap_pitch__mlb_2023__20260909__r01/main/policy_values/n,78,0,0.0,0.0,exact
bcap_pitch__mlb_2023__20260909__r01/main/policy_values/value,78,0,8.326672684688674e-17,3.987406172633315e-16,value
bcap_pitch__mlb_2023__20260909__r01/main/policy_values/CI95_low,78,0,8.326672684688674e-17,4.133660194074784e-16,ci
bcap_pitch__mlb_2023__20260909__r01/main/policy_values/CI95_high,78,0,8.326672684688674e-17,4.026277197354362e-16,ci
bcap_pitch__mlb_2023__20260909__r01/main/policy_values/gain,78,0,9.8879238130678e-17,2.767575408932533e-13,value
bcap_pitch__mlb_2023__20260909__r01/main/policy_values/gain_low,78,0,9.84455572616838e-17,6.287280142982578e-14,ci
bcap_pitch__mlb_2023__20260909__r01/main/policy_values/gain_high,78,0,9.540979117872439e-17,6.232939245729233e-13,ci
bcap_pitch__mlb_2023__20260909__r01/main/policy_values/unit,78,0,0.0,0.0,exact
bcap_pitch__mlb_2023__20260909__r01/main/policy_values/conditional,78,0,0.0,0.0,exact
bcap_pitch__mlb_2023__20260909__r01/main/propensity_overlap/row_count,1,0,0.0,0.0,exact
bcap_pitch__mlb_2023__20260909__r01/main/propensity_overlap/keys,26,0,0.0,0.0,exact
bcap_pitch__mlb_2023__20260909__r01/main/propensity_overlap/n_arm,26,0,0.0,0.0,exact
bcap_pitch__mlb_2023__20260909__r01/main/propensity_overlap/ESS_support,26,0,5.820766091346741e-11,3.5134118676229435e-16,ess
bcap_pitch__mlb_2023__20260909__r01/main/propensity_overlap/ESS_untrimmed,26,0,5.820766091346741e-11,3.1241022053171887e-16,ess
bcap_pitch__mlb_2023__20260909__r01/main/propensity_overlap/weight_max,26,0,1.7763568394002505e-15,1.87805187655465e-16,value
bcap_pitch__mlb_2023__20260909__r01/main/propensity_overlap/weight_gt10_rate,26,0,8.334804200982315e-17,5.391059181104321e-13,value
bcap_pitch__mlb_2023__20260909__r01/main/propensity_overlap/weight_gt20_rate,26,0,6.071532165918825e-17,8.621575675604805e-15,value
bcap_pitch__mlb_2023__20260909__r01/main/propensity_overlap/max_game_share,26,0,9.77950359581925e-17,9.593629545830313e-14,value
bcap_pitch__mlb_2023__20260909__r01/main/propensity_overlap/p_q0,26,0,9.71445146547012e-17,4.4356684391160104e-15,value
bcap_pitch__mlb_2023__20260909__r01/main/propensity_overlap/positive_weight_q0,26,0,2.220446049250313e-16,2.1174029719187775e-16,value
bcap_pitch__mlb_2023__20260909__r01/main/propensity_overlap/p_q0.01,26,0,8.326672684688674e-17,1.0583574143133547e-15,value
bcap_pitch__mlb_2023__20260909__r01/main/propensity_overlap/positive_weight_q0.01,26,0,2.220446049250313e-16,2.0820029565077668e-16,value
bcap_pitch__mlb_2023__20260909__r01/main/propensity_overlap/p_q0.05,26,0,8.326672684688674e-17,7.732439971163411e-16,value
bcap_pitch__mlb_2023__20260909__r01/main/propensity_overlap/positive_weight_q0.05,26,0,4.440892098500626e-16,2.359264906160373e-16,value
bcap_pitch__mlb_2023__20260909__r01/main/propensity_overlap/p_q0.1,26,0,8.326672684688674e-17,1.0151985801697807e-15,value
bcap_pitch__mlb_2023__20260909__r01/main/propensity_overlap/positive_weight_q0.1,26,0,2.220446049250313e-16,1.9799046544950545e-16,value
bcap_pitch__mlb_2023__20260909__r01/main/propensity_overlap/p_q0.5,26,0,5.551115123125783e-17,5.074905481187878e-16,value
bcap_pitch__mlb_2023__20260909__r01/main/propensity_overlap/positive_weight_q0.5,26,0,4.440892098500626e-16,1.9117103314085817e-16,value
bcap_pitch__mlb_2023__20260909__r01/main/propensity_overlap/p_q0.9,26,0,5.551115123125783e-17,2.859190523045532e-16,value
bcap_pitch__mlb_2023__20260909__r01/main/propensity_overlap/positive_weight_q0.9,26,0,4.440892098500626e-16,2.229285620649361e-16,value
bcap_pitch__mlb_2023__20260909__r01/main/propensity_overlap/p_q0.95,26,0,1.1102230246251565e-16,1.2244196697794266e-16,value
bcap_pitch__mlb_2023__20260909__r01/main/propensity_overlap/positive_weight_q0.95,26,0,1.7763568394002505e-15,1.6221308393564714e-16,value
bcap_pitch__mlb_2023__20260909__r01/main/propensity_overlap/p_q0.99,26,0,1.1102230246251565e-16,1.2088248414362374e-16,value
bcap_pitch__mlb_2023__20260909__r01/main/propensity_overlap/positive_weight_q0.99,26,0,1.7763568394002505e-15,1.7855031339467474e-16,value
bcap_pitch__mlb_2023__20260909__r01/main/propensity_overlap/p_q1,26,0,1.1102230246251565e-16,1.2101949406971823e-16,value
bcap_pitch__mlb_2023__20260909__r01/main/propensity_overlap/positive_weight_q1,26,0,1.7763568394002505e-15,1.87805187655465e-16,value
bcap_pitch__mlb_2023__20260909__r01/main/sensitivity/row_count,1,0,0.0,0.0,exact
bcap_pitch__mlb_2023__20260909__r01/main/sensitivity/keys,104,0,0.0,0.0,exact
bcap_pitch__mlb_2023__20260909__r01/main/sensitivity/n,104,0,0.0,0.0,exact
bcap_pitch__mlb_2023__20260909__r01/main/sensitivity/coverage,104,0,1.1102230246251565e-16,1.223526604934756e-16,value
bcap_pitch__mlb_2023__20260909__r01/main/sensitivity/Q0,104,0,8.326672684688674e-17,4.1490665049106673e-16,value
bcap_pitch__mlb_2023__20260909__r01/main/sensitivity/Q1,104,0,8.326672684688674e-17,4.028160333992792e-16,value
bcap_pitch__mlb_2023__20260909__r01/main/sensitivity/delta,104,0,9.540979117872439e-17,8.905011954004122e-14,value
bcap_pitch__mlb_2023__20260909__r01/main/sensitivity/different_target,104,0,0.0,0.0,exact
bcap_pitch__mlb_2023__20260909__r01/main/sensitivity/low,104,0,9.8879238130678e-17,1.431172543690311e-14,ci
bcap_pitch__mlb_2023__20260909__r01/main/sensitivity/high,104,0,9.367506770274758e-17,8.199898128600695e-15,ci
bcap_pitch__mlb_2023__20260909__r01/main/sensitivity/clusters,104,0,0.0,0.0,exact
bcap_pitch__mlb_2023__20260909__r01/main/calibration/row_count,1,0,0.0,0.0,exact
bcap_pitch__mlb_2023__20260909__r01/main/calibration/keys,10,0,0.0,0.0,exact
bcap_pitch__mlb_2023__20260909__r01/main/calibration/n,10,0,0.0,0.0,exact
bcap_pitch__mlb_2023__20260909__r01/main/calibration/mean_p,10,0,6.938893903907228e-17,8.518250020765598e-16,value
bcap_pitch__mlb_2023__20260909__r01/main/calibration/observed_rate,10,0,5.551115123125783e-17,1.783203383908505e-16,value
bcap_pitch__mlb_2023__20260909__r01/main/calibration/Brier,10,0,7.632783294297951e-17,1.9353748095890035e-15,value
bcap_pitch__mlb_2023__20260909__r01/main/known_unseen/row_count,1,0,0.0,0.0,exact
bcap_pitch__mlb_2023__20260909__r01/main/known_unseen/keys,4,0,0.0,0.0,exact
bcap_pitch__mlb_2023__20260909__r01/main/known_unseen/n,4,0,0.0,0.0,exact
bcap_pitch__mlb_2023__20260909__r01/main/known_unseen/games,4,0,0.0,0.0,exact
bcap_pitch__mlb_2023__20260909__r01/main/known_unseen/coverage,4,0,1.1102230246251565e-16,1.1325107347203795e-16,value
bcap_pitch__mlb_2023__20260909__r01/main/known_unseen/MSE,4,0,5.551115123125783e-17,2.608904620730842e-16,value
bcap_pitch__mlb_2023__20260909__r01/main/known_unseen/Brier,4,0,5.551115123125783e-17,2.480391432576668e-16,value
bcap_pitch__mlb_2023__20260909__r01/main/known_unseen/Q0,4,0,5.551115123125783e-17,1.625393684383136e-16,value
bcap_pitch__mlb_2023__20260909__r01/main/known_unseen/Q1,4,0,0.0,0.0,value
bcap_pitch__mlb_2023__20260909__r01/main/known_unseen/policy_value,4,0,5.551115123125783e-17,2.1274515298779886e-16,value
bcap_pitch__mlb_2023__20260909__r01/main/support_exclusions/row_count,1,0,0.0,0.0,exact
bcap_pitch__mlb_2023__20260909__r01/main/support_exclusions/keys,53,0,0.0,0.0,exact
bcap_pitch__mlb_2023__20260909__r01/main/support_exclusions/n,53,0,0.0,0.0,exact
bcap_pitch__mlb_2023__20260909__r01/main/support_exclusions/players_pitcher,53,0,0.0,0.0,exact
bcap_pitch__mlb_2023__20260909__r01/main/support_exclusions/players_batter,53,0,0.0,0.0,exact
bcap_pitch__mlb_2023__20260909__r01/main/support_exclusions/meanY,53,0,5.551115123125783e-17,2.7765306594537483e-16,value
bcap_pitch__mlb_2023__20260909__r01/main/metrics/n,1,0,0.0,0.0,exact
bcap_pitch__mlb_2023__20260909__r01/main/metrics/games,1,0,0.0,0.0,exact
bcap_pitch__mlb_2023__20260909__r01/main/metrics/Y_mean,1,0,0.0,0.0,value
bcap_pitch__mlb_2023__20260909__r01/main/metrics/outcome_MSE,1,0,0.0,0.0,value
bcap_pitch__mlb_2023__20260909__r01/main/metrics/Brier,1,0,0.0,0.0,value
bcap_pitch__mlb_2023__20260909__r01/main/metrics/log_loss,1,0,0.0,0.0,value
bcap_pitch__mlb_2023__20260909__r01/main/metrics/coverage,1,0,0.0,0.0,value
bcap_pitch__mlb_2023__20260909__r01/main/metrics/eligible_measurement_fraction,1,0,0.0,0.0,value
bcap_pitch__mlb_2023__20260909__r01/main/metrics/raw_p_outside01,1,0,0.0,0.0,value
bcap_pitch__mlb_2023__20260909__r01/fixed/unique_keys,1,0,0.0,0.0,exact
bcap_pitch__mlb_2023__20260909__r01/fixed/numeric_complete,1,0,0.0,0.0,exact
bcap_pitch__mlb_2023__20260909__r01/fixed/p_bounds,1,0,0.0,0.0,exact
bcap_pitch__mlb_2023__20260909__r01/fixed/A_binary,1,0,0.0,0.0,exact
bcap_pitch__mlb_2023__20260909__r01/fixed/policy_from_training_file,716113,0,0.0,0.0,exact
bcap_pitch__mlb_2023__20260909__r01/fixed/phi0,716113,0,0.0,0.0,value
bcap_pitch__mlb_2023__20260909__r01/fixed/phi1,716113,0,0.0,0.0,value
bcap_pitch__mlb_2023__20260909__r01/fixed/policy_value,716113,0,0.0,0.0,value
bcap_pitch__mlb_2023__20260909__r01/fixed/conservative_value,716113,0,0.0,0.0,value
bcap_pitch__mlb_2023__20260909__r01/fixed/conservative_H0,716113,0,0.0,0.0,exact
bcap_pitch__mlb_2023__20260909__r01/fixed/support_predicate,716113,0,0.0,0.0,exact
bcap_pitch__mlb_2023__20260909__r01/fixed/action_values/row_count,1,0,0.0,0.0,exact
bcap_pitch__mlb_2023__20260909__r01/fixed/action_values/keys,13,0,0.0,0.0,exact
bcap_pitch__mlb_2023__20260909__r01/fixed/action_values/n_all,13,0,0.0,0.0,exact
bcap_pitch__mlb_2023__20260909__r01/fixed/action_values/n,13,0,0.0,0.0,exact
bcap_pitch__mlb_2023__20260909__r01/fixed/action_values/coverage,13,0,0.0,0.0,value
bcap_pitch__mlb_2023__20260909__r01/fixed/action_values/games,13,0,0.0,0.0,exact
bcap_pitch__mlb_2023__20260909__r01/fixed/action_values/PA,13,0,0.0,0.0,exact
bcap_pitch__mlb_2023__20260909__r01/fixed/action_values/pitchers,13,0,0.0,0.0,exact
bcap_pitch__mlb_2023__20260909__r01/fixed/action_values/batters,13,0,0.0,0.0,exact
bcap_pitch__mlb_2023__20260909__r01/fixed/action_values/action1_rate_all,13,0,5.551115123125783e-17,1.2284036134637625e-16,value
bcap_pitch__mlb_2023__20260909__r01/fixed/action_values/action1_rate,13,0,0.0,0.0,value
bcap_pitch__mlb_2023__20260909__r01/fixed/action_values/ESS0,13,0,2.9103830456733704e-11,2.2816691148810936e-16,ess
bcap_pitch__mlb_2023__20260909__r01/fixed/action_values/arm_games0,13,0,0.0,0.0,exact
bcap_pitch__mlb_2023__20260909__r01/fixed/action_values/max_game_share0,13,0,9.540979117872439e-17,6.890348084553243e-14,value
bcap_pitch__mlb_2023__20260909__r01/fixed/action_values/ESS1,13,0,1.4551915228366852e-11,3.8216574504605506e-16,ess
bcap_pitch__mlb_2023__20260909__r01/fixed/action_values/arm_games1,13,0,0.0,0.0,exact
bcap_pitch__mlb_2023__20260909__r01/fixed/action_values/max_game_share1,13,0,8.044780119842443e-17,8.867401770473e-14,value
bcap_pitch__mlb_2023__20260909__r01/fixed/action_values/Q0,13,0,5.551115123125783e-17,2.7799509421597213e-16,value
bcap_pitch__mlb_2023__20260909__r01/fixed/action_values/Q1,13,0,5.551115123125783e-17,1.857686856182782e-16,value
bcap_pitch__mlb_2023__20260909__r01/fixed/action_values/gcomp0,13,0,5.551115123125783e-17,2.7556133215562464e-16,value
bcap_pitch__mlb_2023__20260909__r01/fixed/action_values/gcomp1,13,0,5.551115123125783e-17,2.411705628200392e-16,value
bcap_pitch__mlb_2023__20260909__r01/fixed/action_values/delta,13,0,9.367506770274758e-17,4.3397937590725353e-13,value
bcap_pitch__mlb_2023__20260909__r01/fixed/action_values/se,13,0,9.627715291671279e-17,3.4175640371697484e-14,ci
bcap_pitch__mlb_2023__20260909__r01/fixed/action_values/CI95_low,13,0,9.80118763926896e-17,4.017198717891991e-14,ci
bcap_pitch__mlb_2023__20260909__r01/fixed/action_values/CI95_high,13,0,9.020562075079397e-17,1.4037725984694553e-13,ci
bcap_pitch__mlb_2023__20260909__r01/fixed/action_values/simultaneous95_low,13,0,9.8879238130678e-17,1.1989719411013757e-14,ci
bcap_pitch__mlb_2023__20260909__r01/fixed/action_values/simultaneous95_high,13,0,9.454242944073599e-17,1.611073065640472e-14,ci
bcap_pitch__mlb_2023__20260909__r01/fixed/action_values/grade,13,0,0.0,0.0,exact
bcap_pitch__mlb_2023__20260909__r01/fixed/action_values/reason,13,0,0.0,0.0,exact
bcap_pitch__mlb_2023__20260909__r01/fixed/action_values/suggested_action,13,0,0.0,0.0,exact
bcap_pitch__mlb_2023__20260909__r01/fixed/action_values/candidate_direction,13,0,0.0,0.0,exact
bcap_pitch__mlb_2023__20260909__r01/fixed/policy_values/row_count,1,0,0.0,0.0,exact
bcap_pitch__mlb_2023__20260909__r01/fixed/policy_values/keys,78,0,0.0,0.0,exact
bcap_pitch__mlb_2023__20260909__r01/fixed/policy_values/n,78,0,0.0,0.0,exact
bcap_pitch__mlb_2023__20260909__r01/fixed/policy_values/value,78,0,5.551115123125783e-17,2.7799509421597213e-16,value
bcap_pitch__mlb_2023__20260909__r01/fixed/policy_values/CI95_low,78,0,5.551115123125783e-17,2.869482609078086e-16,ci
bcap_pitch__mlb_2023__20260909__r01/fixed/policy_values/CI95_high,78,0,8.326672684688674e-17,4.043755861872934e-16,ci
bcap_pitch__mlb_2023__20260909__r01/fixed/policy_values/gain,78,0,9.75781955236954e-17,7.702598774217272e-13,value
bcap_pitch__mlb_2023__20260909__r01/fixed/policy_values/gain_low,78,0,9.8879238130678e-17,1.45332194329181e-13,ci
bcap_pitch__mlb_2023__20260909__r01/fixed/policy_values/gain_high,78,0,9.8879238130678e-17,2.0410559079122363e-13,ci
bcap_pitch__mlb_2023__20260909__r01/fixed/policy_values/unit,78,0,0.0,0.0,exact
bcap_pitch__mlb_2023__20260909__r01/fixed/policy_values/conditional,78,0,0.0,0.0,exact
bcap_pitch__mlb_2023__20260909__r01/fixed/propensity_overlap/row_count,1,0,0.0,0.0,exact
bcap_pitch__mlb_2023__20260909__r01/fixed/propensity_overlap/keys,26,0,0.0,0.0,exact
bcap_pitch__mlb_2023__20260909__r01/fixed/propensity_overlap/n_arm,26,0,0.0,0.0,exact
bcap_pitch__mlb_2023__20260909__r01/fixed/propensity_overlap/ESS_support,26,0,2.9103830456733704e-11,3.8216574504605506e-16,ess
bcap_pitch__mlb_2023__20260909__r01/fixed/propensity_overlap/ESS_untrimmed,26,0,1.7462298274040222e-10,4.828148427402758e-16,ess
bcap_pitch__mlb_2023__20260909__r01/fixed/propensity_overlap/weight_max,26,0,7.105427357601002e-15,1.9501202447185826e-16,value
bcap_pitch__mlb_2023__20260909__r01/fixed/propensity_overlap/weight_gt10_rate,26,0,9.920449878242366e-17,1.2546663518738645e-13,value
bcap_pitch__mlb_2023__20260909__r01/fixed/propensity_overlap/weight_gt20_rate,26,0,3.2959746043559335e-17,1.8968550688506494e-13,value
bcap_pitch__mlb_2023__20260909__r01/fixed/propensity_overlap/max_game_share,26,0,9.540979117872439e-17,8.867401770473e-14,value
bcap_pitch__mlb_2023__20260909__r01/fixed/propensity_overlap/p_q0,26,0,8.673617379884035e-17,6.600403154652253e-15,value
bcap_pitch__mlb_2023__20260909__r01/fixed/propensity_overlap/positive_weight_q0,26,0,2.220446049250313e-16,2.1665118960235917e-16,value
bcap_pitch__mlb_2023__20260909__r01/fixed/propensity_overlap/p_q0.01,26,0,8.326672684688674e-17,1.7034350609264292e-15,value
bcap_pitch__mlb_2023__20260909__r01/fixed/propensity_overlap/positive_weight_q0.01,26,0,2.220446049250313e-16,2.0902581213881102e-16,value
bcap_pitch__mlb_2023__20260909__r01/fixed/propensity_overlap/p_q0.05,26,0,8.326672684688674e-17,7.90724985489684e-16,value
bcap_pitch__mlb_2023__20260909__r01/fixed/propensity_overlap/positive_weight_q0.05,26,0,4.440892098500626e-16,2.0005049529618266e-16,value
bcap_pitch__mlb_2023__20260909__r01/fixed/propensity_overlap/p_q0.1,26,0,8.326672684688674e-17,4.930069109617754e-16,value
bcap_pitch__mlb_2023__20260909__r01/fixed/propensity_overlap/positive_weight_q0.1,26,0,2.220446049250313e-16,1.9501988294220013e-16,value
bcap_pitch__mlb_2023__20260909__r01/fixed/propensity_overlap/p_q0.5,26,0,5.551115123125783e-17,1.5285716357479318e-16,value
bcap_pitch__mlb_2023__20260909__r01/fixed/propensity_overlap/positive_weight_q0.5,26,0,4.440892098500626e-16,2.308071911479883e-16,value
bcap_pitch__mlb_2023__20260909__r01/fixed/propensity_overlap/p_q0.9,26,0,1.1102230246251565e-16,2.851331516185051e-16,value
bcap_pitch__mlb_2023__20260909__r01/fixed/propensity_overlap/positive_weight_q0.9,26,0,8.881784197001252e-16,1.6353183094952866e-16,value
bcap_pitch__mlb_2023__20260909__r01/fixed/propensity_overlap/p_q0.95,26,0,1.1102230246251565e-16,1.425079316273352e-16,value
bcap_pitch__mlb_2023__20260909__r01/fixed/propensity_overlap/positive_weight_q0.95,26,0,4.440892098500626e-16,2.0931432762311903e-16,value
bcap_pitch__mlb_2023__20260909__r01/fixed/propensity_overlap/p_q0.99,26,0,1.1102230246251565e-16,1.8131308904444556e-16,value
bcap_pitch__mlb_2023__20260909__r01/fixed/propensity_overlap/positive_weight_q0.99,26,0,1.7763568394002505e-15,2.1782658363790548e-16,value
bcap_pitch__mlb_2023__20260909__r01/fixed/propensity_overlap/p_q1,26,0,1.1102230246251565e-16,1.2136434570978526e-16,value
bcap_pitch__mlb_2023__20260909__r01/fixed/propensity_overlap/positive_weight_q1,26,0,7.105427357601002e-15,1.9501202447185826e-16,value
bcap_pitch__mlb_2023__20260909__r01/fixed/sensitivity/row_count,1,0,0.0,0.0,exact
bcap_pitch__mlb_2023__20260909__r01/fixed/sensitivity/keys,104,0,0.0,0.0,exact
bcap_pitch__mlb_2023__20260909__r01/fixed/sensitivity/n,104,0,0.0,0.0,exact
bcap_pitch__mlb_2023__20260909__r01/fixed/sensitivity/coverage,104,0,0.0,0.0,value
bcap_pitch__mlb_2023__20260909__r01/fixed/sensitivity/Q0,104,0,8.326672684688674e-17,4.2247237324912e-16,value
bcap_pitch__mlb_2023__20260909__r01/fixed/sensitivity/Q1,104,0,8.326672684688674e-17,3.9807989790332113e-16,value
bcap_pitch__mlb_2023__20260909__r01/fixed/sensitivity/delta,104,0,9.8879238130678e-17,4.3397937590725353e-13,value
bcap_pitch__mlb_2023__20260909__r01/fixed/sensitivity/different_target,104,0,0.0,0.0,exact
bcap_pitch__mlb_2023__20260909__r01/fixed/sensitivity/low,104,0,9.71445146547012e-17,1.1237596641246689e-14,ci
bcap_pitch__mlb_2023__20260909__r01/fixed/sensitivity/high,104,0,9.71445146547012e-17,1.692441815513227e-14,ci
bcap_pitch__mlb_2023__20260909__r01/fixed/sensitivity/clusters,104,0,0.0,0.0,exact
bcap_pitch__mlb_2023__20260909__r01/fixed/calibration/row_count,1,0,0.0,0.0,exact
bcap_pitch__mlb_2023__20260909__r01/fixed/calibration/keys,10,0,0.0,0.0,exact
bcap_pitch__mlb_2023__20260909__r01/fixed/calibration/n,10,0,0.0,0.0,exact
bcap_pitch__mlb_2023__20260909__r01/fixed/calibration/mean_p,10,0,8.326672684688674e-17,4.907726509005404e-16,value
bcap_pitch__mlb_2023__20260909__r01/fixed/calibration/observed_rate,10,0,1.1102230246251565e-16,2.3481216970822114e-15,value
bcap_pitch__mlb_2023__20260909__r01/fixed/calibration/Brier,10,0,8.326672684688674e-17,1.404069595694126e-15,value
bcap_pitch__mlb_2023__20260909__r01/fixed/known_unseen/row_count,1,0,0.0,0.0,exact
bcap_pitch__mlb_2023__20260909__r01/fixed/known_unseen/keys,4,0,0.0,0.0,exact
bcap_pitch__mlb_2023__20260909__r01/fixed/known_unseen/n,4,0,0.0,0.0,exact
bcap_pitch__mlb_2023__20260909__r01/fixed/known_unseen/games,4,0,0.0,0.0,exact
bcap_pitch__mlb_2023__20260909__r01/fixed/known_unseen/coverage,4,0,1.1102230246251565e-16,1.1376127424161855e-16,value
bcap_pitch__mlb_2023__20260909__r01/fixed/known_unseen/MSE,4,0,5.551115123125783e-17,2.127762044510605e-16,value
bcap_pitch__mlb_2023__20260909__r01/fixed/known_unseen/Brier,4,0,5.551115123125783e-17,2.4159662316990594e-16,value
bcap_pitch__mlb_2023__20260909__r01/fixed/known_unseen/Q0,4,0,5.551115123125783e-17,2.049116185923814e-16,value
bcap_pitch__mlb_2023__20260909__r01/fixed/known_unseen/Q1,4,0,5.551115123125783e-17,2.0922376825766196e-16,value
bcap_pitch__mlb_2023__20260909__r01/fixed/known_unseen/policy_value,4,0,0.0,0.0,value
bcap_pitch__mlb_2023__20260909__r01/fixed/support_exclusions/row_count,1,0,0.0,0.0,exact
bcap_pitch__mlb_2023__20260909__r01/fixed/support_exclusions/keys,56,0,0.0,0.0,exact
bcap_pitch__mlb_2023__20260909__r01/fixed/support_exclusions/n,56,0,0.0,0.0,exact
bcap_pitch__mlb_2023__20260909__r01/fixed/support_exclusions/players_pitcher,56,0,0.0,0.0,exact
bcap_pitch__mlb_2023__20260909__r01/fixed/support_exclusions/players_batter,56,0,0.0,0.0,exact
bcap_pitch__mlb_2023__20260909__r01/fixed/support_exclusions/meanY,56,0,8.326672684688674e-17,4.1996004717027677e-16,value
bcap_pitch__mlb_2023__20260909__r01/fixed/metrics/n,1,0,0.0,0.0,exact
bcap_pitch__mlb_2023__20260909__r01/fixed/metrics/games,1,0,0.0,0.0,exact
bcap_pitch__mlb_2023__20260909__r01/fixed/metrics/Y_mean,1,0,0.0,0.0,value
bcap_pitch__mlb_2023__20260909__r01/fixed/metrics/outcome_MSE,1,0,0.0,0.0,value
bcap_pitch__mlb_2023__20260909__r01/fixed/metrics/Brier,1,0,0.0,0.0,value
bcap_pitch__mlb_2023__20260909__r01/fixed/metrics/log_loss,1,0,0.0,0.0,value
bcap_pitch__mlb_2023__20260909__r01/fixed/metrics/coverage,1,0,0.0,0.0,value
bcap_pitch__mlb_2023__20260909__r01/fixed/metrics/eligible_measurement_fraction,1,0,0.0,0.0,value
bcap_pitch__mlb_2023__20260909__r01/fixed/metrics/raw_p_outside01,1,0,0.0,0.0,value
bcap_swing__mlb_2023__20260909__r01/main/unique_keys,1,0,0.0,0.0,exact
bcap_swing__mlb_2023__20260909__r01/main/numeric_complete,1,0,0.0,0.0,exact
bcap_swing__mlb_2023__20260909__r01/main/p_bounds,1,0,0.0,0.0,exact
bcap_swing__mlb_2023__20260909__r01/main/A_binary,1,0,0.0,0.0,exact
bcap_swing__mlb_2023__20260909__r01/main/policy_from_training_file,716385,0,0.0,0.0,exact
bcap_swing__mlb_2023__20260909__r01/main/phi0,716385,0,0.0,0.0,value
bcap_swing__mlb_2023__20260909__r01/main/phi1,716385,0,1.4210854715202004e-14,2.559782734326259e-13,value
bcap_swing__mlb_2023__20260909__r01/main/policy_value,716385,0,1.7763568394002505e-15,2.977740794943059e-15,value
bcap_swing__mlb_2023__20260909__r01/main/conservative_value,716385,0,0.0,0.0,value
bcap_swing__mlb_2023__20260909__r01/main/conservative_H0,716385,0,0.0,0.0,exact
bcap_swing__mlb_2023__20260909__r01/main/support_predicate,716385,0,0.0,0.0,exact
bcap_swing__mlb_2023__20260909__r01/main/action_values/row_count,1,0,0.0,0.0,exact
bcap_swing__mlb_2023__20260909__r01/main/action_values/keys,97,0,0.0,0.0,exact
bcap_swing__mlb_2023__20260909__r01/main/action_values/n_all,97,0,0.0,0.0,exact
bcap_swing__mlb_2023__20260909__r01/main/action_values/n,97,0,0.0,0.0,exact
bcap_swing__mlb_2023__20260909__r01/main/action_values/coverage,97,0,1.1102230246251565e-16,1.21154354068671e-16,value
bcap_swing__mlb_2023__20260909__r01/main/action_values/games,97,0,0.0,0.0,exact
bcap_swing__mlb_2023__20260909__r01/main/action_values/PA,97,0,0.0,0.0,exact
bcap_swing__mlb_2023__20260909__r01/main/action_values/pitchers,97,0,0.0,0.0,exact
bcap_swing__mlb_2023__20260909__r01/main/action_values/batters,97,0,0.0,0.0,exact
bcap_swing__mlb_2023__20260909__r01/main/action_values/action1_rate_all,97,0,1.1102230246251565e-16,1.311450947838468e-15,value
bcap_swing__mlb_2023__20260909__r01/main/action_values/action1_rate,97,0,1.1102230246251565e-16,1.7219559111936207e-15,value
bcap_swing__mlb_2023__20260909__r01/main/action_values/ESS0,97,0,2.9103830456733704e-11,4.738904018371932e-16,ess
bcap_swing__mlb_2023__20260909__r01/main/action_values/arm_games0,97,0,0.0,0.0,exact
bcap_swing__mlb_2023__20260909__r01/main/action_values/max_game_share0,97,0,9.974659986866641e-17,8.32768665624532e-14,value
bcap_swing__mlb_2023__20260909__r01/main/action_values/ESS1,97,0,2.9103830456733704e-11,6.710507893886885e-16,ess
bcap_swing__mlb_2023__20260909__r01/main/action_values/arm_games1,97,0,0.0,0.0,exact
bcap_swing__mlb_2023__20260909__r01/main/action_values/max_game_share1,97,0,9.84455572616838e-17,7.922631867927614e-14,value
bcap_swing__mlb_2023__20260909__r01/main/action_values/Q0,97,0,8.326672684688674e-17,2.3317627744088053e-15,value
bcap_swing__mlb_2023__20260909__r01/main/action_values/Q1,97,0,8.326672684688674e-17,6.008770299158265e-16,value
bcap_swing__mlb_2023__20260909__r01/main/action_values/gcomp0,97,0,8.326672684688674e-17,5.737558529246971e-16,value
bcap_swing__mlb_2023__20260909__r01/main/action_values/gcomp1,97,0,8.326672684688674e-17,5.584132648684505e-16,value
bcap_swing__mlb_2023__20260909__r01/main/action_values/delta,97,0,9.8879238130678e-17,5.4872616962275365e-14,value
bcap_swing__mlb_2023__20260909__r01/main/action_values/se,97,0,9.71445146547012e-17,2.3480128641337596e-14,ci
bcap_swing__mlb_2023__20260909__r01/main/action_values/CI95_low,97,0,9.540979117872439e-17,3.4630013181838873e-14,ci
bcap_swing__mlb_2023__20260909__r01/main/action_values/CI95_high,97,0,9.71445146547012e-17,2.540548892728032e-14,ci
bcap_swing__mlb_2023__20260909__r01/main/action_values/simultaneous95_low,97,0,9.71445146547012e-17,8.188742522462444e-15,ci
bcap_swing__mlb_2023__20260909__r01/main/action_values/simultaneous95_high,97,0,1.0408340855860843e-16,5.299754783767495e-13,ci
bcap_swing__mlb_2023__20260909__r01/main/action_values/grade,97,0,0.0,0.0,exact
bcap_swing__mlb_2023__20260909__r01/main/action_values/reason,97,0,0.0,0.0,exact
bcap_swing__mlb_2023__20260909__r01/main/action_values/suggested_action,97,0,0.0,0.0,exact
bcap_swing__mlb_2023__20260909__r01/main/action_values/candidate_direction,97,0,0.0,0.0,exact
bcap_swing__mlb_2023__20260909__r01/main/policy_values/row_count,1,0,0.0,0.0,exact
bcap_swing__mlb_2023__20260909__r01/main/policy_values/keys,510,0,0.0,0.0,exact
bcap_swing__mlb_2023__20260909__r01/main/policy_values/n,510,0,0.0,0.0,exact
bcap_swing__mlb_2023__20260909__r01/main/policy_values/value,510,0,1.3877787807814457e-16,2.3317627744088053e-15,value
bcap_swing__mlb_2023__20260909__r01/main/policy_values/CI95_low,510,0,1.1102230246251565e-16,9.978956556054906e-15,ci
bcap_swing__mlb_2023__20260909__r01/main/policy_values/CI95_high,510,0,1.6653345369377348e-16,1.3247866574895235e-15,ci
bcap_swing__mlb_2023__20260909__r01/main/policy_values/gain,510,0,9.8879238130678e-17,1.473249591539613e-13,value
bcap_swing__mlb_2023__20260909__r01/main/policy_values/gain_low,510,0,9.71445146547012e-17,9.205003989608832e-14,ci
bcap_swing__mlb_2023__20260909__r01/main/policy_values/gain_high,510,0,1.0408340855860843e-16,2.32025639178376e-13,ci
bcap_swing__mlb_2023__20260909__r01/main/policy_values/unit,510,0,0.0,0.0,exact
bcap_swing__mlb_2023__20260909__r01/main/policy_values/conditional,510,0,0.0,0.0,exact
bcap_swing__mlb_2023__20260909__r01/main/propensity_overlap/row_count,1,0,0.0,0.0,exact
bcap_swing__mlb_2023__20260909__r01/main/propensity_overlap/keys,194,0,0.0,0.0,exact
bcap_swing__mlb_2023__20260909__r01/main/propensity_overlap/n_arm,194,0,0.0,0.0,exact
bcap_swing__mlb_2023__20260909__r01/main/propensity_overlap/ESS_support,194,0,2.9103830456733704e-11,6.710507893886885e-16,ess
bcap_swing__mlb_2023__20260909__r01/main/propensity_overlap/ESS_untrimmed,194,0,5.820766091346741e-11,5.829282726873708e-16,ess
bcap_swing__mlb_2023__20260909__r01/main/propensity_overlap/weight_max,194,0,1.4210854715202004e-14,2.453598164804136e-16,value
bcap_swing__mlb_2023__20260909__r01/main/propensity_overlap/weight_gt10_rate,194,0,9.71445146547012e-17,4.071681143290588e-13,value
bcap_swing__mlb_2023__20260909__r01/main/propensity_overlap/weight_gt20_rate,194,0,9.540979117872439e-17,1.9370121103159067e-13,value
bcap_swing__mlb_2023__20260909__r01/main/propensity_overlap/max_game_share,194,0,9.974659986866641e-17,8.32768665624532e-14,value
bcap_swing__mlb_2023__20260909__r01/main/propensity_overlap/p_q0,194,0,9.71445146547012e-17,1.830605109451462e-14,value
bcap_swing__mlb_2023__20260909__r01/main/propensity_overlap/positive_weight_q0,194,0,4.440892098500626e-16,2.213287872467045e-16,value
bcap_swing__mlb_2023__20260909__r01/main/propensity_overlap/p_q0.01,194,0,9.8879238130678e-17,6.682109600064006e-15,value
bcap_swing__mlb_2023__20260909__r01/main/propensity_overlap/positive_weight_q0.01,194,0,8.881784197001252e-16,2.429721343857613e-16,value
bcap_swing__mlb_2023__20260909__r01/main/propensity_overlap/p_q0.05,194,0,9.71445146547012e-17,2.2240646732981896e-15,value
bcap_swing__mlb_2023__20260909__r01/main/propensity_overlap/positive_weight_q0.05,194,0,8.881784197001252e-16,2.149370110603627e-16,value
bcap_swing__mlb_2023__20260909__r01/main/propensity_overlap/p_q0.1,194,0,8.326672684688674e-17,1.799711070535752e-15,value
bcap_swing__mlb_2023__20260909__r01/main/propensity_overlap/positive_weight_q0.1,194,0,8.881784197001252e-16,2.149370110603627e-16,value
bcap_swing__mlb_2023__20260909__r01/main/propensity_overlap/p_q0.5,194,0,1.1102230246251565e-16,9.204180719050565e-16,value
bcap_swing__mlb_2023__20260909__r01/main/propensity_overlap/positive_weight_q0.5,194,0,1.7763568394002505e-15,2.2083597231206463e-16,value
bcap_swing__mlb_2023__20260909__r01/main/propensity_overlap/p_q0.9,194,0,1.1102230246251565e-16,6.701132978464824e-16,value
bcap_swing__mlb_2023__20260909__r01/main/propensity_overlap/positive_weight_q0.9,194,0,1.7763568394002505e-15,2.3531327332350647e-16,value
bcap_swing__mlb_2023__20260909__r01/main/propensity_overlap/p_q0.95,194,0,1.1102230246251565e-16,6.503230143053263e-16,value
bcap_swing__mlb_2023__20260909__r01/main/propensity_overlap/positive_weight_q0.95,194,0,1.7763568394002505e-15,2.263083900723202e-16,value
bcap_swing__mlb_2023__20260909__r01/main/propensity_overlap/p_q0.99,194,0,1.1102230246251565e-16,6.503230143053263e-16,value
bcap_swing__mlb_2023__20260909__r01/main/propensity_overlap/positive_weight_q0.99,194,0,3.552713678800501e-15,2.183504117384905e-16,value
bcap_swing__mlb_2023__20260909__r01/main/propensity_overlap/p_q1,194,0,1.1102230246251565e-16,6.503230143053263e-16,value
bcap_swing__mlb_2023__20260909__r01/main/propensity_overlap/positive_weight_q1,194,0,1.4210854715202004e-14,2.453598164804136e-16,value
bcap_swing__mlb_2023__20260909__r01/main/sensitivity/row_count,1,0,0.0,0.0,exact
bcap_swing__mlb_2023__20260909__r01/main/sensitivity/keys,680,0,0.0,0.0,exact
bcap_swing__mlb_2023__20260909__r01/main/sensitivity/n,680,0,0.0,0.0,exact
bcap_swing__mlb_2023__20260909__r01/main/sensitivity/coverage,680,0,1.1102230246251565e-16,2.351358340753345e-16,value
bcap_swing__mlb_2023__20260909__r01/main/sensitivity/Q0,680,0,9.71445146547012e-17,2.5395816821617296e-15,value
bcap_swing__mlb_2023__20260909__r01/main/sensitivity/Q1,680,0,8.326672684688674e-17,8.548655287858303e-16,value
bcap_swing__mlb_2023__20260909__r01/main/sensitivity/delta,680,0,9.8879238130678e-17,2.4709000966079703e-13,value
bcap_swing__mlb_2023__20260909__r01/main/sensitivity/different_target,680,0,0.0,0.0,exact
bcap_swing__mlb_2023__20260909__r01/main/sensitivity/low,680,0,1.0408340855860843e-16,2.5386601664697262e-14,ci
bcap_swing__mlb_2023__20260909__r01/main/sensitivity/high,680,0,1.6653345369377348e-16,1.5406257007964095e-13,ci
bcap_swing__mlb_2023__20260909__r01/main/sensitivity/clusters,680,0,0.0,0.0,exact
bcap_swing__mlb_2023__20260909__r01/main/calibration/row_count,1,0,0.0,0.0,exact
bcap_swing__mlb_2023__20260909__r01/main/calibration/keys,10,0,0.0,0.0,exact
bcap_swing__mlb_2023__20260909__r01/main/calibration/n,10,0,0.0,0.0,exact
bcap_swing__mlb_2023__20260909__r01/main/calibration/mean_p,10,0,5.551115123125783e-17,5.791400210117413e-16,value
bcap_swing__mlb_2023__20260909__r01/main/calibration/observed_rate,10,0,1.1102230246251565e-16,8.105588887397112e-16,value
bcap_swing__mlb_2023__20260909__r01/main/calibration/Brier,10,0,8.326672684688674e-17,2.0347438921753807e-15,value
bcap_swing__mlb_2023__20260909__r01/main/known_unseen/row_count,1,0,0.0,0.0,exact
bcap_swing__mlb_2023__20260909__r01/main/known_unseen/keys,4,0,0.0,0.0,exact
bcap_swing__mlb_2023__20260909__r01/main/known_unseen/n,4,0,0.0,0.0,exact
bcap_swing__mlb_2023__20260909__r01/main/known_unseen/games,4,0,0.0,0.0,exact
bcap_swing__mlb_2023__20260909__r01/main/known_unseen/coverage,4,0,1.1102230246251565e-16,1.219163480676225e-16,value
bcap_swing__mlb_2023__20260909__r01/main/known_unseen/MSE,4,0,5.551115123125783e-17,2.3289012558930503e-16,value
bcap_swing__mlb_2023__20260909__r01/main/known_unseen/Brier,4,0,8.326672684688674e-17,5.074307743953432e-16,value
bcap_swing__mlb_2023__20260909__r01/main/known_unseen/Q0,4,0,0.0,0.0,value
bcap_swing__mlb_2023__20260909__r01/main/known_unseen/Q1,4,0,5.551115123125783e-17,2.1122135875436798e-16,value
bcap_swing__mlb_2023__20260909__r01/main/known_unseen/policy_value,4,0,5.551115123125783e-17,1.9013961753554784e-16,value
bcap_swing__mlb_2023__20260909__r01/main/support_exclusions/row_count,1,0,0.0,0.0,exact
bcap_swing__mlb_2023__20260909__r01/main/support_exclusions/keys,94,0,0.0,0.0,exact
bcap_swing__mlb_2023__20260909__r01/main/support_exclusions/n,94,0,0.0,0.0,exact
bcap_swing__mlb_2023__20260909__r01/main/support_exclusions/players_pitcher,94,0,0.0,0.0,exact
bcap_swing__mlb_2023__20260909__r01/main/support_exclusions/players_batter,94,0,0.0,0.0,exact
bcap_swing__mlb_2023__20260909__r01/main/support_exclusions/meanY,94,0,9.71445146547012e-17,8.374527125405284e-16,value
bcap_swing__mlb_2023__20260909__r01/main/metrics/n,1,0,0.0,0.0,exact
bcap_swing__mlb_2023__20260909__r01/main/metrics/games,1,0,0.0,0.0,exact
bcap_swing__mlb_2023__20260909__r01/main/metrics/Y_mean,1,0,0.0,0.0,value
bcap_swing__mlb_2023__20260909__r01/main/metrics/outcome_MSE,1,0,0.0,0.0,value
bcap_swing__mlb_2023__20260909__r01/main/metrics/Brier,1,0,0.0,0.0,value
bcap_swing__mlb_2023__20260909__r01/main/metrics/log_loss,1,0,0.0,0.0,value
bcap_swing__mlb_2023__20260909__r01/main/metrics/coverage,1,0,0.0,0.0,value
bcap_swing__mlb_2023__20260909__r01/main/metrics/eligible_measurement_fraction,1,0,0.0,0.0,value
bcap_swing__mlb_2023__20260909__r01/main/metrics/raw_p_outside01,1,0,0.0,0.0,value
bcap_swing__mlb_2023__20260909__r01/fixed/unique_keys,1,0,0.0,0.0,exact
bcap_swing__mlb_2023__20260909__r01/fixed/numeric_complete,1,0,0.0,0.0,exact
bcap_swing__mlb_2023__20260909__r01/fixed/p_bounds,1,0,0.0,0.0,exact
bcap_swing__mlb_2023__20260909__r01/fixed/A_binary,1,0,0.0,0.0,exact
bcap_swing__mlb_2023__20260909__r01/fixed/policy_from_training_file,716385,0,0.0,0.0,exact
bcap_swing__mlb_2023__20260909__r01/fixed/phi0,716385,0,0.0,0.0,value
bcap_swing__mlb_2023__20260909__r01/fixed/phi1,716385,0,7.105427357601002e-15,1.3248685182494087e-11,value
bcap_swing__mlb_2023__20260909__r01/fixed/policy_value,716385,0,4.440892098500626e-16,1.0334110397706286e-14,value
bcap_swing__mlb_2023__20260909__r01/fixed/conservative_value,716385,0,0.0,0.0,value
bcap_swing__mlb_2023__20260909__r01/fixed/conservative_H0,716385,0,0.0,0.0,exact
bcap_swing__mlb_2023__20260909__r01/fixed/support_predicate,716385,0,0.0,0.0,exact
bcap_swing__mlb_2023__20260909__r01/fixed/action_values/row_count,1,0,0.0,0.0,exact
bcap_swing__mlb_2023__20260909__r01/fixed/action_values/keys,97,0,0.0,0.0,exact
bcap_swing__mlb_2023__20260909__r01/fixed/action_values/n_all,97,0,0.0,0.0,exact
bcap_swing__mlb_2023__20260909__r01/fixed/action_values/n,97,0,0.0,0.0,exact
bcap_swing__mlb_2023__20260909__r01/fixed/action_values/coverage,97,0,1.1102230246251565e-16,1.2313843180153915e-16,value
bcap_swing__mlb_2023__20260909__r01/fixed/action_values/games,97,0,0.0,0.0,exact
bcap_swing__mlb_2023__20260909__r01/fixed/action_values/PA,97,0,0.0,0.0,exact
bcap_swing__mlb_2023__20260909__r01/fixed/action_values/pitchers,97,0,0.0,0.0,exact
bcap_swing__mlb_2023__20260909__r01/fixed/action_values/batters,97,0,0.0,0.0,exact
bcap_swing__mlb_2023__20260909__r01/fixed/action_values/action1_rate_all,97,0,1.1102230246251565e-16,1.311450947838468e-15,value
bcap_swing__mlb_2023__20260909__r01/fixed/action_values/action1_rate,97,0,1.1102230246251565e-16,8.918921939022172e-16,value
bcap_swing__mlb_2023__20260909__r01/fixed/action_values/ESS0,97,0,2.9103830456733704e-11,6.478909584488931e-16,ess
bcap_swing__mlb_2023__20260909__r01/fixed/action_values/arm_games0,97,0,0.0,0.0,exact
bcap_swing__mlb_2023__20260909__r01/fixed/action_values/max_game_share0,97,0,9.80118763926896e-17,8.4065783924528e-14,value
bcap_swing__mlb_2023__20260909__r01/fixed/action_values/ESS1,97,0,1.1641532182693481e-10,6.159968251213063e-16,ess
bcap_swing__mlb_2023__20260909__r01/fixed/action_values/arm_games1,97,0,0.0,0.0,exact
bcap_swing__mlb_2023__20260909__r01/fixed/action_values/max_game_share1,97,0,9.8879238130678e-17,9.333121759395507e-14,value
bcap_swing__mlb_2023__20260909__r01/fixed/action_values/Q0,97,0,8.326672684688674e-17,2.5592519723866324e-15,value
bcap_swing__mlb_2023__20260909__r01/fixed/action_values/Q1,97,0,8.326672684688674e-17,5.610919493641897e-16,value
bcap_swing__mlb_2023__20260909__r01/fixed/action_values/gcomp0,97,0,8.326672684688674e-17,8.174553448473411e-16,value
bcap_swing__mlb_2023__20260909__r01/fixed/action_values/gcomp1,97,0,9.71445146547012e-17,9.24556453392794e-16,value
bcap_swing__mlb_2023__20260909__r01/fixed/action_values/delta,97,0,8.933825901280557e-17,1.2410499631539707e-14,value
bcap_swing__mlb_2023__20260909__r01/fixed/action_values/se,97,0,9.974659986866641e-17,5.5223599486839575e-14,ci
bcap_swing__mlb_2023__20260909__r01/fixed/action_values/CI95_low,97,0,9.71445146547012e-17,2.2558378993951446e-14,ci
bcap_swing__mlb_2023__20260909__r01/fixed/action_values/CI95_high,97,0,9.71445146547012e-17,1.9502276713088942e-13,ci
bcap_swing__mlb_2023__20260909__r01/fixed/action_values/simultaneous95_low,97,0,9.71445146547012e-17,1.147687824408222e-13,ci
bcap_swing__mlb_2023__20260909__r01/fixed/action_values/simultaneous95_high,97,0,9.8879238130678e-17,6.286702248139691e-14,ci
bcap_swing__mlb_2023__20260909__r01/fixed/action_values/grade,97,0,0.0,0.0,exact
bcap_swing__mlb_2023__20260909__r01/fixed/action_values/reason,97,0,0.0,0.0,exact
bcap_swing__mlb_2023__20260909__r01/fixed/action_values/suggested_action,97,0,0.0,0.0,exact
bcap_swing__mlb_2023__20260909__r01/fixed/action_values/candidate_direction,97,0,0.0,0.0,exact
bcap_swing__mlb_2023__20260909__r01/fixed/policy_values/row_count,1,0,0.0,0.0,exact
bcap_swing__mlb_2023__20260909__r01/fixed/policy_values/keys,510,0,0.0,0.0,exact
bcap_swing__mlb_2023__20260909__r01/fixed/policy_values/n,510,0,0.0,0.0,exact
bcap_swing__mlb_2023__20260909__r01/fixed/policy_values/value,510,0,1.1102230246251565e-16,2.5592519723866324e-15,value
bcap_swing__mlb_2023__20260909__r01/fixed/policy_values/CI95_low,510,0,1.6653345369377348e-16,8.59614298713561e-15,ci
bcap_swing__mlb_2023__20260909__r01/fixed/policy_values/CI95_high,510,0,1.1102230246251565e-16,9.80416852178119e-16,ci
bcap_swing__mlb_2023__20260909__r01/fixed/policy_values/gain,510,0,1.1102230246251565e-16,1.9678448042751028e-13,value
bcap_swing__mlb_2023__20260909__r01/fixed/policy_values/gain_low,510,0,1.0061396160665481e-16,1.1202468199405296e-13,ci
bcap_swing__mlb_2023__20260909__r01/fixed/policy_values/gain_high,510,0,9.71445146547012e-17,6.988776269060114e-14,ci
bcap_swing__mlb_2023__20260909__r01/fixed/policy_values/unit,510,0,0.0,0.0,exact
bcap_swing__mlb_2023__20260909__r01/fixed/policy_values/conditional,510,0,0.0,0.0,exact
bcap_swing__mlb_2023__20260909__r01/fixed/propensity_overlap/row_count,1,0,0.0,0.0,exact
bcap_swing__mlb_2023__20260909__r01/fixed/propensity_overlap/keys,194,0,0.0,0.0,exact
bcap_swing__mlb_2023__20260909__r01/fixed/propensity_overlap/n_arm,194,0,0.0,0.0,exact
bcap_swing__mlb_2023__20260909__r01/fixed/propensity_overlap/ESS_support,194,0,1.1641532182693481e-10,6.478909584488931e-16,ess
bcap_swing__mlb_2023__20260909__r01/fixed/propensity_overlap/ESS_untrimmed,194,0,5.820766091346741e-11,4.422111397427019e-16,ess
bcap_swing__mlb_2023__20260909__r01/fixed/propensity_overlap/weight_max,194,0,7.105427357601002e-15,2.1521373105098045e-16,value
bcap_swing__mlb_2023__20260909__r01/fixed/propensity_overlap/weight_gt10_rate,194,0,9.882502802205373e-17,4.071681143290588e-13,value
bcap_swing__mlb_2023__20260909__r01/fixed/propensity_overlap/weight_gt20_rate,194,0,9.93129189996722e-17,5.535624584589461e-13,value
bcap_swing__mlb_2023__20260909__r01/fixed/propensity_overlap/max_game_share,194,0,9.8879238130678e-17,9.333121759395507e-14,value
bcap_swing__mlb_2023__20260909__r01/fixed/propensity_overlap/p_q0,194,0,9.71445146547012e-17,3.7713050520229544e-14,value
bcap_swing__mlb_2023__20260909__r01/fixed/propensity_overlap/positive_weight_q0,194,0,4.440892098500626e-16,2.2158754635340982e-16,value
bcap_swing__mlb_2023__20260909__r01/fixed/propensity_overlap/p_q0.01,194,0,9.71445146547012e-17,1.2554892872546891e-14,value
bcap_swing__mlb_2023__20260909__r01/fixed/propensity_overlap/positive_weight_q0.01,194,0,4.440892098500626e-16,2.378318392177105e-16,value
bcap_swing__mlb_2023__20260909__r01/fixed/propensity_overlap/p_q0.05,194,0,9.71445146547012e-17,4.747354882152785e-15,value
bcap_swing__mlb_2023__20260909__r01/fixed/propensity_overlap/positive_weight_q0.05,194,0,4.440892098500626e-16,2.381076435168389e-16,value
bcap_swing__mlb_2023__20260909__r01/fixed/propensity_overlap/p_q0.1,194,0,9.71445146547012e-17,3.0933602914206416e-15,value
bcap_swing__mlb_2023__20260909__r01/fixed/propensity_overlap/positive_weight_q0.1,194,0,8.881784197001252e-16,2.1315980911934212e-16,value
bcap_swing__mlb_2023__20260909__r01/fixed/propensity_overlap/p_q0.5,194,0,1.1102230246251565e-16,1.1076753746906558e-15,value
bcap_swing__mlb_2023__20260909__r01/fixed/propensity_overlap/positive_weight_q0.5,194,0,1.7763568394002505e-15,2.1639118676677192e-16,value
bcap_swing__mlb_2023__20260909__r01/fixed/propensity_overlap/p_q0.9,194,0,1.1102230246251565e-16,1.1076753746906558e-15,value
bcap_swing__mlb_2023__20260909__r01/fixed/propensity_overlap/positive_weight_q0.9,194,0,1.7763568394002505e-15,2.1624417540921124e-16,value
bcap_swing__mlb_2023__20260909__r01/fixed/propensity_overlap/p_q0.95,194,0,1.1102230246251565e-16,1.1076753746906558e-15,value
bcap_swing__mlb_2023__20260909__r01/fixed/propensity_overlap/positive_weight_q0.95,194,0,3.552713678800501e-15,2.2829332366120385e-16,value
bcap_swing__mlb_2023__20260909__r01/fixed/propensity_overlap/p_q0.99,194,0,1.1102230246251565e-16,1.1076753746906558e-15,value
bcap_swing__mlb_2023__20260909__r01/fixed/propensity_overlap/positive_weight_q0.99,194,0,7.105427357601002e-15,2.429539445828265e-16,value
bcap_swing__mlb_2023__20260909__r01/fixed/propensity_overlap/p_q1,194,0,1.1102230246251565e-16,1.1076753746906558e-15,value
bcap_swing__mlb_2023__20260909__r01/fixed/propensity_overlap/positive_weight_q1,194,0,7.105427357601002e-15,2.1521373105098045e-16,value
bcap_swing__mlb_2023__20260909__r01/fixed/sensitivity/row_count,1,0,0.0,0.0,exact
bcap_swing__mlb_2023__20260909__r01/fixed/sensitivity/keys,680,0,0.0,0.0,exact
bcap_swing__mlb_2023__20260909__r01/fixed/sensitivity/n,680,0,0.0,0.0,exact
bcap_swing__mlb_2023__20260909__r01/fixed/sensitivity/coverage,680,0,1.1102230246251565e-16,2.1088166989614536e-16,value
bcap_swing__mlb_2023__20260909__r01/fixed/sensitivity/Q0,680,0,9.71445146547012e-17,5.706090961883547e-15,value
bcap_swing__mlb_2023__20260909__r01/fixed/sensitivity/Q1,680,0,1.1102230246251565e-16,1.0482415023827253e-15,value
bcap_swing__mlb_2023__20260909__r01/fixed/sensitivity/delta,680,0,1.1102230246251565e-16,6.534597258912658e-13,value
bcap_swing__mlb_2023__20260909__r01/fixed/sensitivity/different_target,680,0,0.0,0.0,exact
bcap_swing__mlb_2023__20260909__r01/fixed/sensitivity/low,680,0,3.3306690738754696e-16,1.883951269441437e-14,ci
bcap_swing__mlb_2023__20260909__r01/fixed/sensitivity/high,680,0,3.885780586188048e-16,8.589190369566261e-14,ci
bcap_swing__mlb_2023__20260909__r01/fixed/sensitivity/clusters,680,0,0.0,0.0,exact
bcap_swing__mlb_2023__20260909__r01/fixed/calibration/row_count,1,0,0.0,0.0,exact
bcap_swing__mlb_2023__20260909__r01/fixed/calibration/keys,10,0,0.0,0.0,exact
bcap_swing__mlb_2023__20260909__r01/fixed/calibration/n,10,0,0.0,0.0,exact
bcap_swing__mlb_2023__20260909__r01/fixed/calibration/mean_p,10,0,1.1102230246251565e-16,5.561995756456481e-16,value
bcap_swing__mlb_2023__20260909__r01/fixed/calibration/observed_rate,10,0,5.551115123125783e-17,1.0713244145076021e-15,value
bcap_swing__mlb_2023__20260909__r01/fixed/calibration/Brier,10,0,8.326672684688674e-17,8.052131871725014e-16,value
bcap_swing__mlb_2023__20260909__r01/fixed/known_unseen/row_count,1,0,0.0,0.0,exact
bcap_swing__mlb_2023__20260909__r01/fixed/known_unseen/keys,4,0,0.0,0.0,exact
bcap_swing__mlb_2023__20260909__r01/fixed/known_unseen/n,4,0,0.0,0.0,exact
bcap_swing__mlb_2023__20260909__r01/fixed/known_unseen/games,4,0,0.0,0.0,exact
bcap_swing__mlb_2023__20260909__r01/fixed/known_unseen/coverage,4,0,1.1102230246251565e-16,1.1769907826450422e-16,value
bcap_swing__mlb_2023__20260909__r01/fixed/known_unseen/MSE,4,0,8.326672684688674e-17,3.596759384567306e-16,value
bcap_swing__mlb_2023__20260909__r01/fixed/known_unseen/Brier,4,0,5.551115123125783e-17,3.222038070175812e-16,value
bcap_swing__mlb_2023__20260909__r01/fixed/known_unseen/Q0,4,0,5.551115123125783e-17,1.9205832087556097e-16,value
bcap_swing__mlb_2023__20260909__r01/fixed/known_unseen/Q1,4,0,5.551115123125783e-17,2.1089416512073272e-16,value
bcap_swing__mlb_2023__20260909__r01/fixed/known_unseen/policy_value,4,0,5.551115123125783e-17,1.4733698069887768e-16,value
bcap_swing__mlb_2023__20260909__r01/fixed/support_exclusions/row_count,1,0,0.0,0.0,exact
bcap_swing__mlb_2023__20260909__r01/fixed/support_exclusions/keys,95,0,0.0,0.0,exact
bcap_swing__mlb_2023__20260909__r01/fixed/support_exclusions/n,95,0,0.0,0.0,exact
bcap_swing__mlb_2023__20260909__r01/fixed/support_exclusions/players_pitcher,95,0,0.0,0.0,exact
bcap_swing__mlb_2023__20260909__r01/fixed/support_exclusions/players_batter,95,0,0.0,0.0,exact
bcap_swing__mlb_2023__20260909__r01/fixed/support_exclusions/meanY,95,0,8.326672684688674e-17,6.247235669112621e-16,value
bcap_swing__mlb_2023__20260909__r01/fixed/metrics/n,1,0,0.0,0.0,exact
bcap_swing__mlb_2023__20260909__r01/fixed/metrics/games,1,0,0.0,0.0,exact
bcap_swing__mlb_2023__20260909__r01/fixed/metrics/Y_mean,1,0,0.0,0.0,value
bcap_swing__mlb_2023__20260909__r01/fixed/metrics/outcome_MSE,1,0,0.0,0.0,value
bcap_swing__mlb_2023__20260909__r01/fixed/metrics/Brier,1,0,0.0,0.0,value
bcap_swing__mlb_2023__20260909__r01/fixed/metrics/log_loss,1,0,0.0,0.0,value
bcap_swing__mlb_2023__20260909__r01/fixed/metrics/coverage,1,0,0.0,0.0,value
bcap_swing__mlb_2023__20260909__r01/fixed/metrics/eligible_measurement_fraction,1,0,0.0,0.0,value
bcap_swing__mlb_2023__20260909__r01/fixed/metrics/raw_p_outside01,1,0,0.0,0.0,value
bcap_pitch__mlb_2026_ytd_20260907__20260909__r01/main/unique_keys,1,0,0.0,0.0,exact
bcap_pitch__mlb_2026_ytd_20260907__20260909__r01/main/numeric_complete,1,0,0.0,0.0,exact
bcap_pitch__mlb_2026_ytd_20260907__20260909__r01/main/p_bounds,1,0,0.0,0.0,exact
bcap_pitch__mlb_2026_ytd_20260907__20260909__r01/main/A_binary,1,0,0.0,0.0,exact
bcap_pitch__mlb_2026_ytd_20260907__20260909__r01/main/policy_from_training_file,635095,0,0.0,0.0,exact
bcap_pitch__mlb_2026_ytd_20260907__20260909__r01/main/phi0,635095,0,0.0,0.0,value
bcap_pitch__mlb_2026_ytd_20260907__20260909__r01/main/phi1,635095,0,0.0,0.0,value
bcap_pitch__mlb_2026_ytd_20260907__20260909__r01/main/policy_value,635095,0,0.0,0.0,value
bcap_pitch__mlb_2026_ytd_20260907__20260909__r01/main/conservative_value,635095,0,0.0,0.0,value
bcap_pitch__mlb_2026_ytd_20260907__20260909__r01/main/conservative_H0,635095,0,0.0,0.0,exact
bcap_pitch__mlb_2026_ytd_20260907__20260909__r01/main/support_predicate,635095,0,0.0,0.0,exact
bcap_pitch__mlb_2026_ytd_20260907__20260909__r01/main/action_values/row_count,1,0,0.0,0.0,exact
bcap_pitch__mlb_2026_ytd_20260907__20260909__r01/main/action_values/keys,13,0,0.0,0.0,exact
bcap_pitch__mlb_2026_ytd_20260907__20260909__r01/main/action_values/n_all,13,0,0.0,0.0,exact
bcap_pitch__mlb_2026_ytd_20260907__20260909__r01/main/action_values/n,13,0,0.0,0.0,exact
bcap_pitch__mlb_2026_ytd_20260907__20260909__r01/main/action_values/coverage,13,0,1.1102230246251565e-16,1.1447532406599004e-16,value
bcap_pitch__mlb_2026_ytd_20260907__20260909__r01/main/action_values/games,13,0,0.0,0.0,exact
bcap_pitch__mlb_2026_ytd_20260907__20260909__r01/main/action_values/PA,13,0,0.0,0.0,exact
bcap_pitch__mlb_2026_ytd_20260907__20260909__r01/main/action_values/pitchers,13,0,0.0,0.0,exact
bcap_pitch__mlb_2026_ytd_20260907__20260909__r01/main/action_values/batters,13,0,0.0,0.0,exact
bcap_pitch__mlb_2026_ytd_20260907__20260909__r01/main/action_values/action1_rate_all,13,0,1.1102230246251565e-16,1.3052974460556612e-16,value
bcap_pitch__mlb_2026_ytd_20260907__20260909__r01/main/action_values/action1_rate,13,0,1.1102230246251565e-16,1.175788126851947e-16,value
bcap_pitch__mlb_2026_ytd_20260907__20260909__r01/main/action_values/ESS0,13,0,2.9103830456733704e-11,3.410317192692989e-16,ess
bcap_pitch__mlb_2026_ytd_20260907__20260909__r01/main/action_values/arm_games0,13,0,0.0,0.0,exact
bcap_pitch__mlb_2026_ytd_20260907__20260909__r01/main/action_values/max_game_share0,13,0,9.93129189996722e-17,8.879678388966484e-14,value
bcap_pitch__mlb_2026_ytd_20260907__20260909__r01/main/action_values/ESS1,13,0,2.9103830456733704e-11,3.8782963812160484e-16,ess
bcap_pitch__mlb_2026_ytd_20260907__20260909__r01/main/action_values/arm_games1,13,0,0.0,0.0,exact
bcap_pitch__mlb_2026_ytd_20260907__20260909__r01/main/action_values/max_game_share1,13,0,8.651933336434325e-17,9.33612415894062e-14,value
bcap_pitch__mlb_2026_ytd_20260907__20260909__r01/main/action_values/Q0,13,0,5.551115123125783e-17,2.852355060078021e-16,value
bcap_pitch__mlb_2026_ytd_20260907__20260909__r01/main/action_values/Q1,13,0,5.551115123125783e-17,2.4926488232473373e-16,value
bcap_pitch__mlb_2026_ytd_20260907__20260909__r01/main/action_values/gcomp0,13,0,5.551115123125783e-17,2.0653452805556646e-16,value
bcap_pitch__mlb_2026_ytd_20260907__20260909__r01/main/action_values/gcomp1,13,0,5.551115123125783e-17,2.097189455641124e-16,value
bcap_pitch__mlb_2026_ytd_20260907__20260909__r01/main/action_values/delta,13,0,9.6710833785707e-17,6.90689904349747e-14,value
bcap_pitch__mlb_2026_ytd_20260907__20260909__r01/main/action_values/se,13,0,9.540979117872439e-17,3.832601181814685e-14,ci
bcap_pitch__mlb_2026_ytd_20260907__20260909__r01/main/action_values/CI95_low,13,0,9.150666335777657e-17,4.914196394893077e-14,ci
bcap_pitch__mlb_2026_ytd_20260907__20260909__r01/main/action_values/CI95_high,13,0,7.632783294297951e-17,3.312501032961223e-13,ci
bcap_pitch__mlb_2026_ytd_20260907__20260909__r01/main/action_values/simultaneous95_low,13,0,9.280770596475918e-17,1.9812775133820046e-14,ci
bcap_pitch__mlb_2026_ytd_20260907__20260909__r01/main/action_values/simultaneous95_high,13,0,9.71445146547012e-17,9.05376466059261e-15,ci
bcap_pitch__mlb_2026_ytd_20260907__20260909__r01/main/action_values/grade,13,0,0.0,0.0,exact
bcap_pitch__mlb_2026_ytd_20260907__20260909__r01/main/action_values/reason,13,0,0.0,0.0,exact
bcap_pitch__mlb_2026_ytd_20260907__20260909__r01/main/action_values/suggested_action,13,0,0.0,0.0,exact
bcap_pitch__mlb_2026_ytd_20260907__20260909__r01/main/action_values/candidate_direction,13,0,0.0,0.0,exact
bcap_pitch__mlb_2026_ytd_20260907__20260909__r01/main/policy_values/row_count,1,0,0.0,0.0,exact
bcap_pitch__mlb_2026_ytd_20260907__20260909__r01/main/policy_values/keys,78,0,0.0,0.0,exact
bcap_pitch__mlb_2026_ytd_20260907__20260909__r01/main/policy_values/n,78,0,0.0,0.0,exact
bcap_pitch__mlb_2026_ytd_20260907__20260909__r01/main/policy_values/value,78,0,8.326672684688674e-17,4.2478154310122703e-16,value
bcap_pitch__mlb_2026_ytd_20260907__20260909__r01/main/policy_values/CI95_low,78,0,8.326672684688674e-17,4.4150193227546753e-16,ci
bcap_pitch__mlb_2026_ytd_20260907__20260909__r01/main/policy_values/CI95_high,78,0,8.326672684688674e-17,4.0361446950726037e-16,ci
bcap_pitch__mlb_2026_ytd_20260907__20260909__r01/main/policy_values/gain,78,0,9.752398541507112e-17,5.904358103123094e-13,value
bcap_pitch__mlb_2026_ytd_20260907__20260909__r01/main/policy_values/gain_low,78,0,9.280770596475918e-17,1.2408989385031962e-13,ci
bcap_pitch__mlb_2026_ytd_20260907__20260909__r01/main/policy_values/gain_high,78,0,9.71445146547012e-17,6.393937677066262e-14,ci
bcap_pitch__mlb_2026_ytd_20260907__20260909__r01/main/policy_values/unit,78,0,0.0,0.0,exact
bcap_pitch__mlb_2026_ytd_20260907__20260909__r01/main/policy_values/conditional,78,0,0.0,0.0,exact
bcap_pitch__mlb_2026_ytd_20260907__20260909__r01/main/propensity_overlap/row_count,1,0,0.0,0.0,exact
bcap_pitch__mlb_2026_ytd_20260907__20260909__r01/main/propensity_overlap/keys,26,0,0.0,0.0,exact
bcap_pitch__mlb_2026_ytd_20260907__20260909__r01/main/propensity_overlap/n_arm,26,0,0.0,0.0,exact
bcap_pitch__mlb_2026_ytd_20260907__20260909__r01/main/propensity_overlap/ESS_support,26,0,2.9103830456733704e-11,3.8782963812160484e-16,ess
bcap_pitch__mlb_2026_ytd_20260907__20260909__r01/main/propensity_overlap/ESS_untrimmed,26,0,5.820766091346741e-11,3.4466823707895867e-16,ess
bcap_pitch__mlb_2026_ytd_20260907__20260909__r01/main/propensity_overlap/weight_max,26,0,1.7763568394002505e-15,1.6991623621001113e-16,value
bcap_pitch__mlb_2026_ytd_20260907__20260909__r01/main/propensity_overlap/weight_gt10_rate,26,0,9.237402509576498e-17,2.8183315056725836e-13,value
bcap_pitch__mlb_2026_ytd_20260907__20260909__r01/main/propensity_overlap/weight_gt20_rate,26,0,4.235164736271502e-22,1.2042860334177466e-16,value
bcap_pitch__mlb_2026_ytd_20260907__20260909__r01/main/propensity_overlap/max_game_share,26,0,9.93129189996722e-17,9.33612415894062e-14,value
bcap_pitch__mlb_2026_ytd_20260907__20260909__r01/main/propensity_overlap/p_q0,26,0,9.71445146547012e-17,5.311683567200314e-15,value
bcap_pitch__mlb_2026_ytd_20260907__20260909__r01/main/propensity_overlap/positive_weight_q0,26,0,2.220446049250313e-16,2.059975742014699e-16,value
bcap_pitch__mlb_2026_ytd_20260907__20260909__r01/main/propensity_overlap/p_q0.01,26,0,9.71445146547012e-17,9.006569697546598e-16,value
bcap_pitch__mlb_2026_ytd_20260907__20260909__r01/main/propensity_overlap/positive_weight_q0.01,26,0,2.220446049250313e-16,2.0067590414525665e-16,value
bcap_pitch__mlb_2026_ytd_20260907__20260909__r01/main/propensity_overlap/p_q0.05,26,0,6.938893903907228e-17,7.235885443834053e-16,value
bcap_pitch__mlb_2026_ytd_20260907__20260909__r01/main/propensity_overlap/positive_weight_q0.05,26,0,2.220446049250313e-16,2.024362067926291e-16,value
bcap_pitch__mlb_2026_ytd_20260907__20260909__r01/main/propensity_overlap/p_q0.1,26,0,8.326672684688674e-17,3.554643229772225e-16,value
bcap_pitch__mlb_2026_ytd_20260907__20260909__r01/main/propensity_overlap/positive_weight_q0.1,26,0,2.220446049250313e-16,1.7408515584733842e-16,value
bcap_pitch__mlb_2026_ytd_20260907__20260909__r01/main/propensity_overlap/p_q0.5,26,0,5.551115123125783e-17,3.711843481804004e-16,value
bcap_pitch__mlb_2026_ytd_20260907__20260909__r01/main/propensity_overlap/positive_weight_q0.5,26,0,4.440892098500626e-16,1.977303691343819e-16,value
bcap_pitch__mlb_2026_ytd_20260907__20260909__r01/main/propensity_overlap/p_q0.9,26,0,5.551115123125783e-17,1.5778215728257939e-16,value
bcap_pitch__mlb_2026_ytd_20260907__20260909__r01/main/propensity_overlap/positive_weight_q0.9,26,0,4.440892098500626e-16,1.603607929122491e-16,value
bcap_pitch__mlb_2026_ytd_20260907__20260909__r01/main/propensity_overlap/p_q0.95,26,0,5.551115123125783e-17,1.3950129154179362e-16,value
bcap_pitch__mlb_2026_ytd_20260907__20260909__r01/main/propensity_overlap/positive_weight_q0.95,26,0,4.440892098500626e-16,1.2040890134800418e-16,value
bcap_pitch__mlb_2026_ytd_20260907__20260909__r01/main/propensity_overlap/p_q0.99,26,0,1.1102230246251565e-16,1.175010856244461e-16,value
bcap_pitch__mlb_2026_ytd_20260907__20260909__r01/main/propensity_overlap/positive_weight_q0.99,26,0,8.881784197001252e-16,2.1706693448338952e-16,value
bcap_pitch__mlb_2026_ytd_20260907__20260909__r01/main/propensity_overlap/p_q1,26,0,1.1102230246251565e-16,1.2223278376438696e-16,value
bcap_pitch__mlb_2026_ytd_20260907__20260909__r01/main/propensity_overlap/positive_weight_q1,26,0,1.7763568394002505e-15,1.6991623621001113e-16,value
bcap_pitch__mlb_2026_ytd_20260907__20260909__r01/main/sensitivity/row_count,1,0,0.0,0.0,exact
bcap_pitch__mlb_2026_ytd_20260907__20260909__r01/main/sensitivity/keys,104,0,0.0,0.0,exact
bcap_pitch__mlb_2026_ytd_20260907__20260909__r01/main/sensitivity/n,104,0,0.0,0.0,exact
bcap_pitch__mlb_2026_ytd_20260907__20260909__r01/main/sensitivity/coverage,104,0,1.1102230246251565e-16,1.1531708515677918e-16,value
bcap_pitch__mlb_2026_ytd_20260907__20260909__r01/main/sensitivity/Q0,104,0,8.326672684688674e-17,4.27855310992973e-16,value
bcap_pitch__mlb_2026_ytd_20260907__20260909__r01/main/sensitivity/Q1,104,0,8.326672684688674e-17,3.8117071587488846e-16,value
bcap_pitch__mlb_2026_ytd_20260907__20260909__r01/main/sensitivity/delta,104,0,9.80118763926896e-17,2.1004815914505297e-13,value
bcap_pitch__mlb_2026_ytd_20260907__20260909__r01/main/sensitivity/different_target,104,0,0.0,0.0,exact
bcap_pitch__mlb_2026_ytd_20260907__20260909__r01/main/sensitivity/low,104,0,9.71445146547012e-17,1.6711651681855705e-14,ci
bcap_pitch__mlb_2026_ytd_20260907__20260909__r01/main/sensitivity/high,104,0,9.8879238130678e-17,8.986244347743855e-15,ci
bcap_pitch__mlb_2026_ytd_20260907__20260909__r01/main/sensitivity/clusters,104,0,0.0,0.0,exact
bcap_pitch__mlb_2026_ytd_20260907__20260909__r01/main/calibration/row_count,1,0,0.0,0.0,exact
bcap_pitch__mlb_2026_ytd_20260907__20260909__r01/main/calibration/keys,10,0,0.0,0.0,exact
bcap_pitch__mlb_2026_ytd_20260907__20260909__r01/main/calibration/n,10,0,0.0,0.0,exact
bcap_pitch__mlb_2026_ytd_20260907__20260909__r01/main/calibration/mean_p,10,0,1.1102230246251565e-16,5.397367957817405e-16,value
bcap_pitch__mlb_2026_ytd_20260907__20260909__r01/main/calibration/observed_rate,10,0,4.85722573273506e-17,1.6838382540148234e-15,value
bcap_pitch__mlb_2026_ytd_20260907__20260909__r01/main/calibration/Brier,10,0,8.326672684688674e-17,3.473443940306814e-15,value
bcap_pitch__mlb_2026_ytd_20260907__20260909__r01/main/known_unseen/row_count,1,0,0.0,0.0,exact
bcap_pitch__mlb_2026_ytd_20260907__20260909__r01/main/known_unseen/keys,4,0,0.0,0.0,exact
bcap_pitch__mlb_2026_ytd_20260907__20260909__r01/main/known_unseen/n,4,0,0.0,0.0,exact
bcap_pitch__mlb_2026_ytd_20260907__20260909__r01/main/known_unseen/games,4,0,0.0,0.0,exact
bcap_pitch__mlb_2026_ytd_20260907__20260909__r01/main/known_unseen/coverage,4,0,1.1102230246251565e-16,1.1355100716464183e-16,value
bcap_pitch__mlb_2026_ytd_20260907__20260909__r01/main/known_unseen/MSE,4,0,5.551115123125783e-17,2.530992066342194e-16,value
bcap_pitch__mlb_2026_ytd_20260907__20260909__r01/main/known_unseen/Brier,4,0,8.326672684688674e-17,3.7594487094310516e-16,value
bcap_pitch__mlb_2026_ytd_20260907__20260909__r01/main/known_unseen/Q0,4,0,5.551115123125783e-17,2.008236267027175e-16,value
bcap_pitch__mlb_2026_ytd_20260907__20260909__r01/main/known_unseen/Q1,4,0,5.551115123125783e-17,1.849890162049414e-16,value
bcap_pitch__mlb_2026_ytd_20260907__20260909__r01/main/known_unseen/policy_value,4,0,5.551115123125783e-17,2.0271801471008324e-16,value
bcap_pitch__mlb_2026_ytd_20260907__20260909__r01/main/support_exclusions/row_count,1,0,0.0,0.0,exact
bcap_pitch__mlb_2026_ytd_20260907__20260909__r01/main/support_exclusions/keys,53,0,0.0,0.0,exact
bcap_pitch__mlb_2026_ytd_20260907__20260909__r01/main/support_exclusions/n,53,0,0.0,0.0,exact
bcap_pitch__mlb_2026_ytd_20260907__20260909__r01/main/support_exclusions/players_pitcher,53,0,0.0,0.0,exact
bcap_pitch__mlb_2026_ytd_20260907__20260909__r01/main/support_exclusions/players_batter,53,0,0.0,0.0,exact
bcap_pitch__mlb_2026_ytd_20260907__20260909__r01/main/support_exclusions/meanY,53,0,8.326672684688674e-17,4.1857631014327037e-16,value
bcap_pitch__mlb_2026_ytd_20260907__20260909__r01/main/metrics/n,1,0,0.0,0.0,exact
bcap_pitch__mlb_2026_ytd_20260907__20260909__r01/main/metrics/games,1,0,0.0,0.0,exact
bcap_pitch__mlb_2026_ytd_20260907__20260909__r01/main/metrics/Y_mean,1,0,0.0,0.0,value
bcap_pitch__mlb_2026_ytd_20260907__20260909__r01/main/metrics/outcome_MSE,1,0,0.0,0.0,value
bcap_pitch__mlb_2026_ytd_20260907__20260909__r01/main/metrics/Brier,1,0,0.0,0.0,value
bcap_pitch__mlb_2026_ytd_20260907__20260909__r01/main/metrics/log_loss,1,0,0.0,0.0,value
bcap_pitch__mlb_2026_ytd_20260907__20260909__r01/main/metrics/coverage,1,0,0.0,0.0,value
bcap_pitch__mlb_2026_ytd_20260907__20260909__r01/main/metrics/eligible_measurement_fraction,1,0,0.0,0.0,value
bcap_pitch__mlb_2026_ytd_20260907__20260909__r01/main/metrics/raw_p_outside01,1,0,0.0,0.0,value
bcap_pitch__mlb_2026_ytd_20260907__20260909__r01/fixed/unique_keys,1,0,0.0,0.0,exact
bcap_pitch__mlb_2026_ytd_20260907__20260909__r01/fixed/numeric_complete,1,0,0.0,0.0,exact
bcap_pitch__mlb_2026_ytd_20260907__20260909__r01/fixed/p_bounds,1,0,0.0,0.0,exact
bcap_pitch__mlb_2026_ytd_20260907__20260909__r01/fixed/A_binary,1,0,0.0,0.0,exact
bcap_pitch__mlb_2026_ytd_20260907__20260909__r01/fixed/policy_from_training_file,635095,0,0.0,0.0,exact
bcap_pitch__mlb_2026_ytd_20260907__20260909__r01/fixed/phi0,635095,0,0.0,0.0,value
bcap_pitch__mlb_2026_ytd_20260907__20260909__r01/fixed/phi1,635095,0,0.0,0.0,value
bcap_pitch__mlb_2026_ytd_20260907__20260909__r01/fixed/policy_value,635095,0,0.0,0.0,value
bcap_pitch__mlb_2026_ytd_20260907__20260909__r01/fixed/conservative_value,635095,0,0.0,0.0,value
bcap_pitch__mlb_2026_ytd_20260907__20260909__r01/fixed/conservative_H0,635095,0,0.0,0.0,exact
bcap_pitch__mlb_2026_ytd_20260907__20260909__r01/fixed/support_predicate,635095,0,0.0,0.0,exact
bcap_pitch__mlb_2026_ytd_20260907__20260909__r01/fixed/action_values/row_count,1,0,0.0,0.0,exact
bcap_pitch__mlb_2026_ytd_20260907__20260909__r01/fixed/action_values/keys,13,0,0.0,0.0,exact
bcap_pitch__mlb_2026_ytd_20260907__20260909__r01/fixed/action_values/n_all,13,0,0.0,0.0,exact
bcap_pitch__mlb_2026_ytd_20260907__20260909__r01/fixed/action_values/n,13,0,0.0,0.0,exact
bcap_pitch__mlb_2026_ytd_20260907__20260909__r01/fixed/action_values/coverage,13,0,0.0,0.0,value
bcap_pitch__mlb_2026_ytd_20260907__20260909__r01/fixed/action_values/games,13,0,0.0,0.0,exact
bcap_pitch__mlb_2026_ytd_20260907__20260909__r01/fixed/action_values/PA,13,0,0.0,0.0,exact
bcap_pitch__mlb_2026_ytd_20260907__20260909__r01/fixed/action_values/pitchers,13,0,0.0,0.0,exact
bcap_pitch__mlb_2026_ytd_20260907__20260909__r01/fixed/action_values/batters,13,0,0.0,0.0,exact
bcap_pitch__mlb_2026_ytd_20260907__20260909__r01/fixed/action_values/action1_rate_all,13,0,1.1102230246251565e-16,1.3052974460556612e-16,value
bcap_pitch__mlb_2026_ytd_20260907__20260909__r01/fixed/action_values/action1_rate,13,0,1.1102230246251565e-16,1.1746528362800222e-16,value
bcap_pitch__mlb_2026_ytd_20260907__20260909__r01/fixed/action_values/ESS0,13,0,5.820766091346741e-11,2.636146040618272e-16,ess
bcap_pitch__mlb_2026_ytd_20260907__20260909__r01/fixed/action_values/arm_games0,13,0,0.0,0.0,exact
bcap_pitch__mlb_2026_ytd_20260907__20260909__r01/fixed/action_values/max_game_share0,13,0,9.69276742202041e-17,1.0154648596297508e-13,value
bcap_pitch__mlb_2026_ytd_20260907__20260909__r01/fixed/action_values/ESS1,13,0,1.7462298274040222e-10,6.181792170197635e-16,ess
bcap_pitch__mlb_2026_ytd_20260907__20260909__r01/fixed/action_values/arm_games1,13,0,0.0,0.0,exact
bcap_pitch__mlb_2026_ytd_20260907__20260909__r01/fixed/action_values/max_game_share1,13,0,8.716985466783456e-17,7.221396223724725e-14,value
bcap_pitch__mlb_2026_ytd_20260907__20260909__r01/fixed/action_values/Q0,13,0,5.551115123125783e-17,2.862890132739605e-16,value
bcap_pitch__mlb_2026_ytd_20260907__20260909__r01/fixed/action_values/Q1,13,0,5.551115123125783e-17,2.836564024147686e-16,value
bcap_pitch__mlb_2026_ytd_20260907__20260909__r01/fixed/action_values/gcomp0,13,0,5.551115123125783e-17,2.4827450094764147e-16,value
bcap_pitch__mlb_2026_ytd_20260907__20260909__r01/fixed/action_values/gcomp1,13,0,5.551115123125783e-17,2.1154888322475906e-16,value
bcap_pitch__mlb_2026_ytd_20260907__20260909__r01/fixed/action_values/delta,13,0,9.8879238130678e-17,5.813021012584023e-14,value
bcap_pitch__mlb_2026_ytd_20260907__20260909__r01/fixed/action_values/se,13,0,9.367506770274758e-17,3.2549302088184845e-14,ci
bcap_pitch__mlb_2026_ytd_20260907__20260909__r01/fixed/action_values/CI95_low,13,0,8.847089727481716e-17,1.6727649249228135e-14,ci
bcap_pitch__mlb_2026_ytd_20260907__20260909__r01/fixed/action_values/CI95_high,13,0,9.71445146547012e-17,6.454100832420547e-14,ci
bcap_pitch__mlb_2026_ytd_20260907__20260909__r01/fixed/action_values/simultaneous95_low,13,0,8.326672684688674e-17,8.880312339661542e-15,ci
bcap_pitch__mlb_2026_ytd_20260907__20260909__r01/fixed/action_values/simultaneous95_high,13,0,8.326672684688674e-17,1.0125951770021473e-14,ci
bcap_pitch__mlb_2026_ytd_20260907__20260909__r01/fixed/action_values/grade,13,0,0.0,0.0,exact
bcap_pitch__mlb_2026_ytd_20260907__20260909__r01/fixed/action_values/reason,13,0,0.0,0.0,exact
bcap_pitch__mlb_2026_ytd_20260907__20260909__r01/fixed/action_values/suggested_action,13,0,0.0,0.0,exact
bcap_pitch__mlb_2026_ytd_20260907__20260909__r01/fixed/action_values/candidate_direction,13,0,0.0,0.0,exact
bcap_pitch__mlb_2026_ytd_20260907__20260909__r01/fixed/policy_values/row_count,1,0,0.0,0.0,exact
bcap_pitch__mlb_2026_ytd_20260907__20260909__r01/fixed/policy_values/keys,78,0,0.0,0.0,exact
bcap_pitch__mlb_2026_ytd_20260907__20260909__r01/fixed/policy_values/n,78,0,0.0,0.0,exact
bcap_pitch__mlb_2026_ytd_20260907__20260909__r01/fixed/policy_values/value,78,0,8.326672684688674e-17,4.2744994163011123e-16,value
bcap_pitch__mlb_2026_ytd_20260907__20260909__r01/fixed/policy_values/CI95_low,78,0,8.326672684688674e-17,4.442767706763002e-16,ci
bcap_pitch__mlb_2026_ytd_20260907__20260909__r01/fixed/policy_values/CI95_high,78,0,5.551115123125783e-17,2.7703335153642793e-16,ci
bcap_pitch__mlb_2026_ytd_20260907__20260909__r01/fixed/policy_values/gain,78,0,9.6710833785707e-17,5.83766486634409e-13,value
bcap_pitch__mlb_2026_ytd_20260907__20260909__r01/fixed/policy_values/gain_low,78,0,9.194034422677078e-17,3.860474591789125e-14,ci
bcap_pitch__mlb_2026_ytd_20260907__20260909__r01/fixed/policy_values/gain_high,78,0,9.627715291671279e-17,4.771856035909331e-14,ci
bcap_pitch__mlb_2026_ytd_20260907__20260909__r01/fixed/policy_values/unit,78,0,0.0,0.0,exact
bcap_pitch__mlb_2026_ytd_20260907__20260909__r01/fixed/policy_values/conditional,78,0,0.0,0.0,exact
bcap_pitch__mlb_2026_ytd_20260907__20260909__r01/fixed/propensity_overlap/row_count,1,0,0.0,0.0,exact
bcap_pitch__mlb_2026_ytd_20260907__20260909__r01/fixed/propensity_overlap/keys,26,0,0.0,0.0,exact
bcap_pitch__mlb_2026_ytd_20260907__20260909__r01/fixed/propensity_overlap/n_arm,26,0,0.0,0.0,exact
bcap_pitch__mlb_2026_ytd_20260907__20260909__r01/fixed/propensity_overlap/ESS_support,26,0,1.7462298274040222e-10,6.181792170197635e-16,ess
bcap_pitch__mlb_2026_ytd_20260907__20260909__r01/fixed/propensity_overlap/ESS_untrimmed,26,0,1.7462298274040222e-10,5.437668489949952e-16,ess
bcap_pitch__mlb_2026_ytd_20260907__20260909__r01/fixed/propensity_overlap/weight_max,26,0,3.552713678800501e-15,1.856286651805522e-16,value
bcap_pitch__mlb_2026_ytd_20260907__20260909__r01/fixed/propensity_overlap/weight_gt10_rate,26,0,9.107298248878237e-17,2.817091042861988e-13,value
bcap_pitch__mlb_2026_ytd_20260907__20260909__r01/fixed/propensity_overlap/weight_gt20_rate,26,0,0.0,0.0,value
bcap_pitch__mlb_2026_ytd_20260907__20260909__r01/fixed/propensity_overlap/max_game_share,26,0,9.69276742202041e-17,1.0154648596297508e-13,value
bcap_pitch__mlb_2026_ytd_20260907__20260909__r01/fixed/propensity_overlap/p_q0,26,0,9.71445146547012e-17,6.082286236138414e-15,value
bcap_pitch__mlb_2026_ytd_20260907__20260909__r01/fixed/propensity_overlap/positive_weight_q0,26,0,2.220446049250313e-16,2.1078830579760812e-16,value
bcap_pitch__mlb_2026_ytd_20260907__20260909__r01/fixed/propensity_overlap/p_q0.01,26,0,8.326672684688674e-17,2.3574582175392523e-15,value
bcap_pitch__mlb_2026_ytd_20260907__20260909__r01/fixed/propensity_overlap/positive_weight_q0.01,26,0,2.220446049250313e-16,2.1492383457558677e-16,value
bcap_pitch__mlb_2026_ytd_20260907__20260909__r01/fixed/propensity_overlap/p_q0.05,26,0,6.938893903907228e-17,1.1644959040456797e-15,value
bcap_pitch__mlb_2026_ytd_20260907__20260909__r01/fixed/propensity_overlap/positive_weight_q0.05,26,0,2.220446049250313e-16,1.8351744717923623e-16,value
bcap_pitch__mlb_2026_ytd_20260907__20260909__r01/fixed/propensity_overlap/p_q0.1,26,0,8.326672684688674e-17,3.6423087010248304e-16,value
bcap_pitch__mlb_2026_ytd_20260907__20260909__r01/fixed/propensity_overlap/positive_weight_q0.1,26,0,2.220446049250313e-16,1.9464826374344482e-16,value
bcap_pitch__mlb_2026_ytd_20260907__20260909__r01/fixed/propensity_overlap/p_q0.5,26,0,5.551115123125783e-17,2.4188469007792653e-16,value
bcap_pitch__mlb_2026_ytd_20260907__20260909__r01/fixed/propensity_overlap/positive_weight_q0.5,26,0,4.440892098500626e-16,1.9691851348652228e-16,value
bcap_pitch__mlb_2026_ytd_20260907__20260909__r01/fixed/propensity_overlap/p_q0.9,26,0,5.551115123125783e-17,2.8916329933054197e-16,value
bcap_pitch__mlb_2026_ytd_20260907__20260909__r01/fixed/propensity_overlap/positive_weight_q0.9,26,0,1.7763568394002505e-15,1.6738487403509162e-16,value
bcap_pitch__mlb_2026_ytd_20260907__20260909__r01/fixed/propensity_overlap/p_q0.95,26,0,1.1102230246251565e-16,1.1731364482702342e-16,value
bcap_pitch__mlb_2026_ytd_20260907__20260909__r01/fixed/propensity_overlap/positive_weight_q0.95,26,0,8.881784197001252e-16,2.240310034023626e-16,value
bcap_pitch__mlb_2026_ytd_20260907__20260909__r01/fixed/propensity_overlap/p_q0.99,26,0,1.1102230246251565e-16,1.7821192020483998e-16,value
bcap_pitch__mlb_2026_ytd_20260907__20260909__r01/fixed/propensity_overlap/positive_weight_q0.99,26,0,8.881784197001252e-16,2.1923506924723376e-16,value
bcap_pitch__mlb_2026_ytd_20260907__20260909__r01/fixed/propensity_overlap/p_q1,26,0,1.1102230246251565e-16,1.1983344381559858e-16,value
bcap_pitch__mlb_2026_ytd_20260907__20260909__r01/fixed/propensity_overlap/positive_weight_q1,26,0,3.552713678800501e-15,1.856286651805522e-16,value
bcap_pitch__mlb_2026_ytd_20260907__20260909__r01/fixed/sensitivity/row_count,1,0,0.0,0.0,exact
bcap_pitch__mlb_2026_ytd_20260907__20260909__r01/fixed/sensitivity/keys,104,0,0.0,0.0,exact
bcap_pitch__mlb_2026_ytd_20260907__20260909__r01/fixed/sensitivity/n,104,0,0.0,0.0,exact
bcap_pitch__mlb_2026_ytd_20260907__20260909__r01/fixed/sensitivity/coverage,104,0,0.0,0.0,value
bcap_pitch__mlb_2026_ytd_20260907__20260909__r01/fixed/sensitivity/Q0,104,0,8.326672684688674e-17,4.294341849751066e-16,value
bcap_pitch__mlb_2026_ytd_20260907__20260909__r01/fixed/sensitivity/Q1,104,0,8.326672684688674e-17,3.783947302805234e-16,value
bcap_pitch__mlb_2026_ytd_20260907__20260909__r01/fixed/sensitivity/delta,104,0,9.8879238130678e-17,2.300211676973019e-13,value
bcap_pitch__mlb_2026_ytd_20260907__20260909__r01/fixed/sensitivity/different_target,104,0,0.0,0.0,exact
bcap_pitch__mlb_2026_ytd_20260907__20260909__r01/fixed/sensitivity/low,104,0,9.367506770274758e-17,7.816404380150184e-14,ci
bcap_pitch__mlb_2026_ytd_20260907__20260909__r01/fixed/sensitivity/high,104,0,9.71445146547012e-17,1.4354255402626993e-14,ci
bcap_pitch__mlb_2026_ytd_20260907__20260909__r01/fixed/sensitivity/clusters,104,0,0.0,0.0,exact
bcap_pitch__mlb_2026_ytd_20260907__20260909__r01/fixed/calibration/row_count,1,0,0.0,0.0,exact
bcap_pitch__mlb_2026_ytd_20260907__20260909__r01/fixed/calibration/keys,10,0,0.0,0.0,exact
bcap_pitch__mlb_2026_ytd_20260907__20260909__r01/fixed/calibration/n,10,0,0.0,0.0,exact
bcap_pitch__mlb_2026_ytd_20260907__20260909__r01/fixed/calibration/mean_p,10,0,1.1102230246251565e-16,7.524254937455243e-16,value
bcap_pitch__mlb_2026_ytd_20260907__20260909__r01/fixed/calibration/observed_rate,10,0,8.326672684688674e-17,3.955169525227122e-16,value
bcap_pitch__mlb_2026_ytd_20260907__20260909__r01/fixed/calibration/Brier,10,0,9.71445146547012e-17,3.4713866080559146e-15,value
bcap_pitch__mlb_2026_ytd_20260907__20260909__r01/fixed/known_unseen/row_count,1,0,0.0,0.0,exact
bcap_pitch__mlb_2026_ytd_20260907__20260909__r01/fixed/known_unseen/keys,4,0,0.0,0.0,exact
bcap_pitch__mlb_2026_ytd_20260907__20260909__r01/fixed/known_unseen/n,4,0,0.0,0.0,exact
bcap_pitch__mlb_2026_ytd_20260907__20260909__r01/fixed/known_unseen/games,4,0,0.0,0.0,exact
bcap_pitch__mlb_2026_ytd_20260907__20260909__r01/fixed/known_unseen/coverage,4,0,1.1102230246251565e-16,1.1340685679027097e-16,value
bcap_pitch__mlb_2026_ytd_20260907__20260909__r01/fixed/known_unseen/MSE,4,0,8.326672684688674e-17,3.7896641231996146e-16,value
bcap_pitch__mlb_2026_ytd_20260907__20260909__r01/fixed/known_unseen/Brier,4,0,8.326672684688674e-17,3.6529714846134816e-16,value
bcap_pitch__mlb_2026_ytd_20260907__20260909__r01/fixed/known_unseen/Q0,4,0,5.551115123125783e-17,1.8592475340614988e-16,value
bcap_pitch__mlb_2026_ytd_20260907__20260909__r01/fixed/known_unseen/Q1,4,0,0.0,0.0,value
bcap_pitch__mlb_2026_ytd_20260907__20260909__r01/fixed/known_unseen/policy_value,4,0,5.551115123125783e-17,1.8765078415482573e-16,value
bcap_pitch__mlb_2026_ytd_20260907__20260909__r01/fixed/support_exclusions/row_count,1,0,0.0,0.0,exact
bcap_pitch__mlb_2026_ytd_20260907__20260909__r01/fixed/support_exclusions/keys,52,0,0.0,0.0,exact
bcap_pitch__mlb_2026_ytd_20260907__20260909__r01/fixed/support_exclusions/n,52,0,0.0,0.0,exact
bcap_pitch__mlb_2026_ytd_20260907__20260909__r01/fixed/support_exclusions/players_pitcher,52,0,0.0,0.0,exact
bcap_pitch__mlb_2026_ytd_20260907__20260909__r01/fixed/support_exclusions/players_batter,52,0,0.0,0.0,exact
bcap_pitch__mlb_2026_ytd_20260907__20260909__r01/fixed/support_exclusions/meanY,52,0,8.326672684688674e-17,3.8771815627058153e-16,value
bcap_pitch__mlb_2026_ytd_20260907__20260909__r01/fixed/metrics/n,1,0,0.0,0.0,exact
bcap_pitch__mlb_2026_ytd_20260907__20260909__r01/fixed/metrics/games,1,0,0.0,0.0,exact
bcap_pitch__mlb_2026_ytd_20260907__20260909__r01/fixed/metrics/Y_mean,1,0,0.0,0.0,value
bcap_pitch__mlb_2026_ytd_20260907__20260909__r01/fixed/metrics/outcome_MSE,1,0,0.0,0.0,value
bcap_pitch__mlb_2026_ytd_20260907__20260909__r01/fixed/metrics/Brier,1,0,0.0,0.0,value
bcap_pitch__mlb_2026_ytd_20260907__20260909__r01/fixed/metrics/log_loss,1,0,0.0,0.0,value
bcap_pitch__mlb_2026_ytd_20260907__20260909__r01/fixed/metrics/coverage,1,0,0.0,0.0,value
bcap_pitch__mlb_2026_ytd_20260907__20260909__r01/fixed/metrics/eligible_measurement_fraction,1,0,0.0,0.0,value
bcap_pitch__mlb_2026_ytd_20260907__20260909__r01/fixed/metrics/raw_p_outside01,1,0,0.0,0.0,value
