path,bytes,sha256,scope
.gitignore,8649,c77d0a610de550558d4d33d18f1d7be08cbfb4c4075bbff678da0d83bdedc4eb,modified
AGENTS.md,6635,5c7f6680a6031a01ac0cb5f17af9dff5e7088ba6ba048f62e981dc651e25eb32,modified
README.md,11984,ef6f6a4b55aca62f994fd8d16a0e9cef39e81cd7280440920e9ecad152d7bcb9,modified
README_history_20260926.md,16635,d3249e081cbe03fe1ae04fe0cc88a3b707597bc6092e057e33751366fff04338,new
collaboration/README.md,3029,5d2f7c0be64145f12ec99e169d2897535e47b2b7043033e50a07c1740355f6a0,new
collaboration/pending/20260927-setup-collaboration/changes.md,6766,a056321b909ed9fed8c9fd0826a039b96de1b9030bf56303bbf9e67cc4e019c7,new
collaboration/pending/20260927-setup-collaboration/박민수.md,1314,563c17e62f97037bc6d3684b7300c4886bce25beae9b5d086053694169369b43,new
collaboration/pending/20260927-setup-collaboration/백가온.md,1314,8d097fdefbbc5b05f31a941b73b0c0fc2dd7aa37175aca0ead4e22287c5b87f9,new
collaboration/pending/20260928-210719-gaon-daily-share/changes.md,6322,1259350573acba26f30f9ee749203984f7cf58ce6c7906a8feff4c2d9bb1a054,new
collaboration/pending/20260928-210719-gaon-daily-share/continuation_prompt.md,4782,eb6919829016a7d09a29e06dc62fa62b226b93106d8aa04e449ed01d19bca528,new
collaboration/pending/20260928-210719-gaon-daily-share/박민수.md,1050,77ba10b2d40c96f0227863fd7e1915391fc508fee21246d76e883a5880c9016e,new
collaboration/pending/20260928-210719-gaon-daily-share/백가온.md,1050,6e5458e5ccc64196aa58ac84ace54cb3ec36dd1731b9c311350bf2bf9c68ef5d,new
collaboration/pending/README.md,1245,e5ea6912ee81f77a68d0c9f285fd21e1814f9613838cb0060fd6713cda45a27e,new
collaboration/templates/changes.md,2375,4f36f0cf99a2a4457e7cf4f4ea7813848c687c66ad2196c33390d84058cb59f1,new
collaboration/templates/comment.md,2202,bb72f7110535a987c29074d720abfaf405b08f8db201993383ca2f41f074f904,new
columns/001-ball-count/analysis/history_comparison_20260928_r01/README.html,7365,9113e9d044c3258d3325254e8b5e2eede008c907636db169d6c66e8eee9e89b2,new
columns/001-ball-count/analysis/history_comparison_20260928_r01/README.md,3680,8eedefc8d63350fd97772c94e48513145e7f6efb1a99c87d4e2ed33e86eb99d2,new
columns/001-ball-count/analysis/history_comparison_20260928_r01/analyze.R,12578,4cd19f3ebf991f9a8a4be5166d43743493d462b31bb086c3c67343ec8794dbf0,new
columns/001-ball-count/analysis/history_comparison_20260928_r01/audit/analysis_console.txt,21706,6107e866165cd7d2e5c98fc4b2f255ad27fcfab766906f5b03930b5c09f170e0,new
columns/001-ball-count/analysis/history_comparison_20260928_r01/audit/browser/README_1280.png,70799,7fea041ea0dab76edbfc8d135e9813744d560cbbb4c887e9df995580b519066e,new
columns/001-ball-count/analysis/history_comparison_20260928_r01/audit/browser/README_390.png,40907,10b5f350583c03619513b66f47c96f52788a2320e8581d9c8ced2c1a99bd970b,new
columns/001-ball-count/analysis/history_comparison_20260928_r01/audit/browser/claim_comparison_1280.png,66894,ad486c7cc65fced906d214805ab1539a1102f98ce2921a2854a8e926a5431ed1,new
columns/001-ball-count/analysis/history_comparison_20260928_r01/audit/browser/claim_comparison_390.png,32052,c06000db03b3e2fe4fcf43ecfe8f8076acc5b28a1989ee98901692face958549,new
columns/001-ball-count/analysis/history_comparison_20260928_r01/audit/browser/comparison_card_390.png,18697,8d6bd68d7b85e73ef646018bcc4d2854a9a8caf4f05ea5cb1f10400ba6d5ce33,new
columns/001-ball-count/analysis/history_comparison_20260928_r01/audit/browser/figure_1_1280.png,71786,c08692eca8510a7f5fe963f20c46e62088fe2873b0d25e6c7137beda94b702a1,new
columns/001-ball-count/analysis/history_comparison_20260928_r01/audit/browser/figure_1_390.png,24782,fea60332eb8fb094cd61d0d6f761b066ff80e5150731749d44d794bb5d848078,new
columns/001-ball-count/analysis/history_comparison_20260928_r01/audit/browser/figure_2_1280.png,75148,9bdee10346feb9fe555a143514db142834a376cb80106963870d8b3bb465a30b,new
columns/001-ball-count/analysis/history_comparison_20260928_r01/audit/browser/figure_2_390.png,27927,c0f06580a1d7118be3756d17e12940ea7f6ad13a689112c8d602d0801e293600,new
columns/001-ball-count/analysis/history_comparison_20260928_r01/audit/browser/figure_3_1280.png,102406,0fa65810e06e6f46054f495f20a8f4915a4e1c6be58276d16c1df6d63d5a7e94,new
columns/001-ball-count/analysis/history_comparison_20260928_r01/audit/browser/figure_3_390.png,35008,b467bc6e45d2107f336d7e21486495dd8bc795a1464d7d35a4a532352f3bb8a2,new
columns/001-ball-count/analysis/history_comparison_20260928_r01/audit/browser/figure_4_1280.png,96008,a6438a98f314600bd24d2c9419cc4ee8c5f983612bb37510ed84725517cfbc62,new
columns/001-ball-count/analysis/history_comparison_20260928_r01/audit/browser/figure_4_390.png,33094,5d0f263448451798371b0c195bb97d61c90234f7feb8a125e84fd68168e158d7,new
columns/001-ball-count/analysis/history_comparison_20260928_r01/audit/browser/figure_4_390_expanded.png,25373,1da3998710b53ef6ffd9fdfbaff54caa8d5fe8de8807b75690f1bff6396206ea,new
columns/001-ball-count/analysis/history_comparison_20260928_r01/audit/browser/figure_5_1280.png,90460,8b6db06a92cfb9c3515ae8a21f09fde38f08e74ddf712c3d936f9018856ae4f3,new
columns/001-ball-count/analysis/history_comparison_20260928_r01/audit/browser/figure_5_390.png,31287,a7aec0353bee4ba08322192429c347672bf0fb20ccc916e8e374535816693bbb,new
columns/001-ball-count/analysis/history_comparison_20260928_r01/audit/browser/report_1280.png,80083,3aaa39ca51f4f545dd026d3df1a29fa96008585c7b48f79f2845eb1555803035,new
columns/001-ball-count/analysis/history_comparison_20260928_r01/audit/browser/report_390.png,52232,a0976594c8e156483291e86cade3a2667c86012ff11767cf57e6287ccf45ff99,new
columns/001-ball-count/analysis/history_comparison_20260928_r01/audit/browser/technical_appendix_1280.png,93577,8623d6ae5d9adf7cf146db1debd7f4ead95c66e8509afc4432370f2db4ca05e0,new
columns/001-ball-count/analysis/history_comparison_20260928_r01/audit/browser/technical_appendix_390.png,46036,e123643c986d1e25afdf8976569da409911e0347a68c04861e66b860ac61267d,new
columns/001-ball-count/analysis/history_comparison_20260928_r01/audit/browser_verification.json,7136,e0b74fb3ce252d66d5f87f68fe894947d058766d97dec31713a76cd0a2060db9,new
columns/001-ball-count/analysis/history_comparison_20260928_r01/audit/code_hashes.csv,869,af5d106be0d1f35b58d167254c19015365d8220d1a59f2c613913a2ed1edd5f2,new
columns/001-ball-count/analysis/history_comparison_20260928_r01/audit/final_review.md,3414,5389a3b1511ebd5f7168cc24417ad8d63bedd986347cc66adc8c72b1282b1679,new
columns/001-ball-count/analysis/history_comparison_20260928_r01/audit/numerical_verification.json,726,9d537a8afc5675bbb0713e84acb5c4572c54380333d64f22f71988cc939cebfd,new
columns/001-ball-count/analysis/history_comparison_20260928_r01/audit/presentation_console.txt,34125,daaf73eb7a9d69e4b62088e32b8526a31a3ba627088c03b23cf158725635827e,new
columns/001-ball-count/analysis/history_comparison_20260928_r01/audit/screening.txt,26345,2a276340c3e6798100d201fdb0e3fb25e50e94995c8e8c2f35ddb03e05f58040,new
columns/001-ball-count/analysis/history_comparison_20260928_r01/audit/sessionInfo.txt,949,7cd4885016967f7c950cbf507253e4c15f1a4d22971a713ce2dc8f22cee127d1,new
columns/001-ball-count/analysis/history_comparison_20260928_r01/audit/source_hashes.csv,39142,dc596f75105e825bf6f9e145297e0400768ab2177e9e8bba63a28fc90f584c86,new
columns/001-ball-count/analysis/history_comparison_20260928_r01/audit/source_hashes_after.csv,50544,cc72533aefc56e43734a0e650d9baaf6441f5f0bf9194eec01e0f59483046f0d,new
columns/001-ball-count/analysis/history_comparison_20260928_r01/build_report.mjs,5766,de7cf0d126bbd1d274227b0e1ab7579d6c78bc599651ef0a091a8ea83c377416,new
columns/001-ball-count/analysis/history_comparison_20260928_r01/check_report.mjs,3986,1ca87131e556d8bb015ce86fabd7cfaaf379daee3fed1ac07edf54cf46d486ad,new
columns/001-ball-count/analysis/history_comparison_20260928_r01/claim_comparison.html,13848,1e4e93d6bac3dcb825472e880af0b7735cb48209e0e18c64339895be2b97ca2b,new
columns/001-ball-count/analysis/history_comparison_20260928_r01/claim_comparison.md,7021,083c6232596fdf7ccb2352a1fe4ccffc84eaf3e154b7f68e92a091b54bc88171,new
columns/001-ball-count/analysis/history_comparison_20260928_r01/figures/01_bcai_profile.png,17688,27c127533e1b3ef8444668d5d49afa091bcca6c637f2a385ed8f53c5c808e72b,new
columns/001-ball-count/analysis/history_comparison_20260928_r01/figures/02_index_and_W.png,18102,9d7fc536c713ab0b5f243e69a72a89af3c2901a483fbe85e3b8910b957199fe3,new
columns/001-ball-count/analysis/history_comparison_20260928_r01/figures/03_location_years.png,24524,47e6a370cac7a700b0441921f6adc35c7b722d76d7eb9de52fd9a949c09caf4d,new
columns/001-ball-count/analysis/history_comparison_20260928_r01/figures/04_swing_support.png,21264,cfec4b6955a5161b5bb4f377fa9aa5dac89a677a04afadb5b3de47f38d8ce119,new
columns/001-ball-count/analysis/history_comparison_20260928_r01/figures/05_pitch_patterns.png,24309,c3c840f329194999dcbc349f4b7f1f655ce8561e880068269b42c7ac2549b225,new
columns/001-ball-count/analysis/history_comparison_20260928_r01/inspect.R,2192,39e7090a35f65ba7e5daf12efe504651dc522045088cbdb35e08bcc661eb3c81,new
columns/001-ball-count/analysis/history_comparison_20260928_r01/present.R,13616,62735295c5860af07dd44e9135110fdc74bf8213294e1be30c188088abf56523,new
columns/001-ball-count/analysis/history_comparison_20260928_r01/report.html,77344,6c24cb73dd96770520d54445729cdcb2518a1988e5cece7fb789c01e683dc6da,new
columns/001-ball-count/analysis/history_comparison_20260928_r01/report.md,47773,e5f5c40510f54d520784b7e8242cf473113acc31ccfcd36ef1c1d423bf5edd68,new
columns/001-ball-count/analysis/history_comparison_20260928_r01/report.template.md,36697,d8089f18e5f9e3f2a9f8fe5065f399d53b1f9dc89c9f66ed8d46b3c24ca2b103,new
columns/001-ball-count/analysis/history_comparison_20260928_r01/tables/annual_summary_weights.csv,4385,70541e082e5b829ad5cbe09d197015228cf97ac29427c4e88dc2e9806d33a2ee,new
columns/001-ball-count/analysis/history_comparison_20260928_r01/tables/baseline_bcai_combined.csv,1388,67eb9a2473ed5c1c7e54657982d583dba15028ba1ecb0d47d0ec5281d690ac3b,new
columns/001-ball-count/analysis/history_comparison_20260928_r01/tables/baseline_bcap_shared_fit.csv,173458,9ffaed109999f388717ba8b90a677ac57ff5edf3538b6b337887191e85d5d5f4,new
columns/001-ball-count/analysis/history_comparison_20260928_r01/tables/baseline_historical_position.csv,1351,9d8612fae9e1474172ba188c77e12a7decc9b7d434ce6d61322725f76597cd2e,new
columns/001-ball-count/analysis/history_comparison_20260928_r01/tables/bcai_all_132.csv,66592,c4dccd9548ec2d411a426ea07f5423f4ff4ba6d1dc1ac363bee3aeeba1c2bfef,new
columns/001-ball-count/analysis/history_comparison_20260928_r01/tables/bcai_count_profile.csv,2282,5a911ea5cd8a7fc812efcc27b0a239651fd3827ca20a56464dab623ea7dd2c11,new
columns/001-ball-count/analysis/history_comparison_20260928_r01/tables/bcai_descriptive_sensitivity.csv,11632,3039c2b312eac6429549b5ba53220bfd7bfa2f7a2af9cede68bd7a202e4d4a74,new
columns/001-ball-count/analysis/history_comparison_20260928_r01/tables/bcai_event_rates.csv,156978,6ea45f9c87bc16d397ee3de9c9703f443b78eb8c0cf582baf6ac2f28fc110e67,new
columns/001-ball-count/analysis/history_comparison_20260928_r01/tables/bcai_profile.html,7374,2d36a5af76a0ca66d7e031da50b35f9655ed52b41824bc72c0c884df6ca7133c,new
columns/001-ball-count/analysis/history_comparison_20260928_r01/tables/bcai_profile.md,1025,89e218aa39c934d47ee64c3fc59b4e2e467db44b0b71f1c4366eab81241c8da5,new
columns/001-ball-count/analysis/history_comparison_20260928_r01/tables/bcai_year_shape.csv,2552,936663625bcaa40f83c1ed5db5f692df5fa194fc3c9b334dbb6cc4159387a320,new
columns/001-ball-count/analysis/history_comparison_20260928_r01/tables/bcap_all_2552_screened.csv,2587093,4e2f9b4cbac40c0258a735256d77a701b1d35ed5513b7304eddf8da726d7adbb,new
columns/001-ball-count/analysis/history_comparison_20260928_r01/tables/bcap_overall_coverage.csv,10530,548a5c4c062e1fd4da87ffa2b47e99acafe26df73ff8878700f34de6d535b9d2,new
columns/001-ball-count/analysis/history_comparison_20260928_r01/tables/bcap_pattern_counts_all_groups.csv,414591,926935ced135585c7e3aad02319759f0e7b467e88574fe78645b50e06869c3ee,new
columns/001-ball-count/analysis/history_comparison_20260928_r01/tables/bcap_unsupported_cells.csv,248450,cbffa26b68817ed5115c9f6f43c3bce626d11b7f99f6fb75fb561fb88ef38de5,new
columns/001-ball-count/analysis/history_comparison_20260928_r01/tables/bcap_year_group_screen.csv,14280,38b4ed658e9e3c346ff81e61c50a211920b06da9b0aae409ee0b15f4b269124d,new
columns/001-ball-count/analysis/history_comparison_20260928_r01/tables/fb_30_support.csv,1308,f170fb3c3b534fa6ee05963811a94602eb107d93cd1d9ba6a2f23a27ab69537b,new
columns/001-ball-count/analysis/history_comparison_20260928_r01/tables/original_claim_ledger.csv,3401,0091412a289ae1dc208cac8f4ef3270d04d992a19bc48b4eb67b65b176da3cc4,new
columns/001-ball-count/analysis/history_comparison_20260928_r01/tables/period_denominators.csv,86,e377a41c8af6939356bf8396957f9320a64b34e08b7dc65bfe136e862f86f869,new
columns/001-ball-count/analysis/history_comparison_20260928_r01/tables/pitch_12counts.html,7353,d434db5f21411588cbcae2c3b167f909be9e7b5faa7d42260b6310648f065109,new
columns/001-ball-count/analysis/history_comparison_20260928_r01/tables/pitch_12counts.md,874,0ecf6c6562a169b47a819d456db5e164fcc5a493c5cba7457ee80a031367f413,new
columns/001-ball-count/analysis/history_comparison_20260928_r01/tables/pitch_ff_12counts.html,7352,9a62527b22fed0bd4b36f7b479ff88df698fd797925e9710a3b23e08b8be3231,new
columns/001-ball-count/analysis/history_comparison_20260928_r01/tables/pitch_ff_12counts.md,873,3ee099b7c8143e3adad246b22919b04a5bffeddfd2979a45c8d04dd7aceef4e0,new
columns/001-ball-count/analysis/history_comparison_20260928_r01/tables/pitch_sb_12counts.html,7370,d59ec4ed588da5163adc51f3818a0adf35acd41fb121fa6626a0aa534f52ddcd,new
columns/001-ball-count/analysis/history_comparison_20260928_r01/tables/pitch_sb_12counts.md,891,afa3cb50acfcdbc0aae3dd540486b46a5d17b9de0411c8f4c8df810288029fcb,new
columns/001-ball-count/analysis/history_comparison_20260928_r01/tables/run_methods.csv,17996,77f78b083673ea753de5231f46f1b5b4b5645759fa1cc6719217031e4b1e428e,new
columns/001-ball-count/analysis/history_comparison_20260928_r01/tables/season_event_weights.csv,479,7c3fe45e887c2efecc5fb9fa312b1443d82ad7b01e7b7f308963390d42da1f42,new
columns/001-ball-count/analysis/history_comparison_20260928_r01/tables/sensitivity_bcai.html,7439,097d818e5e303816385dac1fe3b2ed29ce64de1269875d3982d1774947a44c6b,new
columns/001-ball-count/analysis/history_comparison_20260928_r01/tables/sensitivity_bcai.md,954,4237c7cacd9b381da6e4df3d57bd336faca36cbd942eda3961185e2e569c2399,new
columns/001-ball-count/analysis/history_comparison_20260928_r01/tables/sensitivity_sb.html,5497,d321795d7a7836a3e25262ddaa9f5077d12585ad42f282465e1996a4fabf0785,new
columns/001-ball-count/analysis/history_comparison_20260928_r01/tables/sensitivity_sb.md,637,5b0c4555ee917b58d5d8005a54c5cf86f5ad976d06604e15af24566d1094bf9b,new
columns/001-ball-count/analysis/history_comparison_20260928_r01/tables/supplement_2026_bcai.csv,1666,a72bd56e888c2116ea33c962e5e8ebeaae98a1f8677e1ef657f4749f073b6c4c,new
columns/001-ball-count/analysis/history_comparison_20260928_r01/tables/supplement_2026_bcap.csv,15156,3455130db4ff7505dc01f97a369636a80f4ac06b643f5b1088bc983d29c3f233,new
columns/001-ball-count/analysis/history_comparison_20260928_r01/tables/swing_02_examples.csv,2436,6ae6d4c3f7863f70f083bb331742595a8444ae39cefe4f7c82fb1eb43a2324ac,new
columns/001-ball-count/analysis/history_comparison_20260928_r01/tables/swing_center_12counts.html,6356,e4993610b60e6d8c613d6455e4874d62c5120db3a7cec38c2583fa437824dcd6,new
columns/001-ball-count/analysis/history_comparison_20260928_r01/tables/swing_center_12counts.md,679,f9fc6097de380fb96811504ad0443f478bdb1b3431ec6d9c04e777a84aa9d72a,new
columns/001-ball-count/analysis/history_comparison_20260928_r01/tables/swing_fine_groups_supported.csv,1119418,7f33154d2b46181d8161485f64a8dc7d4cb3f1e80b18fc7d5e9c829d3e997613,new
columns/001-ball-count/analysis/history_comparison_20260928_r01/tables/swing_years.html,9065,c4c8122cea6138726dbf9f259e1beb3c9fc599109a2bbaeb62909d0ca8c830c1,new
columns/001-ball-count/analysis/history_comparison_20260928_r01/tables/swing_years.md,1195,4c5c45ea3a0acaa8fc5d2cd606dc132463a010889bc3be2dc01b44e6430e270e,new
columns/001-ball-count/analysis/history_comparison_20260928_r01/tables/unsupported_source_audit_not_for_interpretation.csv,293831,f1d23df8c888d12137836eaef3f0ee018538dfb39347e7140f60701566ba977c,new
columns/001-ball-count/analysis/history_comparison_20260928_r01/tables/window_totals.csv,5263,89a061576577f8be795dcfc75a8026307bcd156dfd299cafb39d8ff25318bd65,new
columns/001-ball-count/analysis/history_comparison_20260928_r01/tables/year_denominators.html,6444,be2cd5aa10cc86b0118f8b9d218c40821a4d6ff656b8c0b72a30f112b7a848e5,new
columns/001-ball-count/analysis/history_comparison_20260928_r01/tables/year_denominators.md,746,3e03609b3ff3b7b1784ede6d5b30aea425e6ac7bd42d8eae5f6119373da99c9a,new
columns/001-ball-count/analysis/history_comparison_20260928_r01/technical_appendix.html,16586,70c62bc7f16897df5ce2b136fb88cdaf9424b4d51429112f81519fffc440310f,new
columns/001-ball-count/analysis/history_comparison_20260928_r01/technical_appendix.md,11474,cad149e11ab18d1c76f4204e1e31fbeb641a3e114c5bf829fbb5b2331a335e31,new
columns/001-ball-count/analysis/history_comparison_20260928_r01/verify.R,2992,2df44172914b90a459bcce981fd4ff214b83baffba5140c3ec5489b805bc76a4,new
columns/001-ball-count/analysis/r_bcap_history_20260928/README.md,4711,ff469717212f54ec1b075faa68c6615f7efdf2a3eae90b8c537fbfdd199b6422,new
columns/001-ball-count/analysis/r_bcap_history_20260928/bcap_pitch_ff_r_history__mlb_2015__20260928__r01.config.json,611,cf747e10c27fa630d32b7ccb0269d1651738a4badb4f2697ae249830bf1cd7f3,new
columns/001-ball-count/analysis/r_bcap_history_20260928/bcap_pitch_ff_r_history__mlb_2015__20260928__r01.log,373,fd4391ea25d7845c88ec5414981d3d6ede75527361d6f7a3a0a9cebb6c740bde,new
columns/001-ball-count/analysis/r_bcap_history_20260928/bcap_pitch_ff_r_history__mlb_2016__20260928__r01.config.json,611,02ba3b49aca05335143ee27f8b5f6117766b43a4c32e30192ec0a356fb29cf86,new
columns/001-ball-count/analysis/r_bcap_history_20260928/bcap_pitch_ff_r_history__mlb_2016__20260928__r01.log,373,39c0fc92cc73c061ae8aae74d4dabf9d907371b447a1733249d61f0830146081,new
columns/001-ball-count/analysis/r_bcap_history_20260928/bcap_pitch_ff_r_history__mlb_2017__20260928__r01.config.json,611,b75f55667ee6cbc904addeec6c82c3ed9e9773f41bbad462fe72190e54e2ed9a,new
columns/001-ball-count/analysis/r_bcap_history_20260928/bcap_pitch_ff_r_history__mlb_2017__20260928__r01.log,373,38258c52a7e1904588ad84bf75ce51bbf1c9293cf15d72eed4b77b26fa139f0f,new
columns/001-ball-count/analysis/r_bcap_history_20260928/bcap_pitch_ff_r_history__mlb_2018__20260928__r01.config.json,611,e39dd4de0402b40b54e89932ca5410fefdc726358d1ec3fc69ca7e150936799a,new
columns/001-ball-count/analysis/r_bcap_history_20260928/bcap_pitch_ff_r_history__mlb_2018__20260928__r01.log,373,bf28e2bf864576ad1d3d06c410ff917681cb2be6213cae7a4e629248b07d233e,new
columns/001-ball-count/analysis/r_bcap_history_20260928/bcap_pitch_ff_r_history__mlb_2019__20260928__r01.config.json,611,a80305b61c9723096fd82c5ae86013efe4c0fbe71f1d90ec2b3fda60619b2795,new
columns/001-ball-count/analysis/r_bcap_history_20260928/bcap_pitch_ff_r_history__mlb_2019__20260928__r01.log,373,aa07a95f82d3fdb1c46e577b8a907ec5a40ae8b2bd799db96c8d461cf9f78d04,new
columns/001-ball-count/analysis/r_bcap_history_20260928/bcap_pitch_ff_r_history__mlb_2020__20260928__r01.config.json,611,69acfe0414332b0369d0ad3bbdeb44682de72b99d5be841006495a953c0c9aee,new
columns/001-ball-count/analysis/r_bcap_history_20260928/bcap_pitch_ff_r_history__mlb_2020__20260928__r01.log,370,ae61779925381a7ca38929b8a7235b9a1186ea9f84081af0c7100e3eebbf8404,new
columns/001-ball-count/analysis/r_bcap_history_20260928/bcap_pitch_ff_r_history__mlb_2021__20260928__r01.config.json,611,dd5e9126eb00b1ed8302ded5b9e660271729e850ae09be6aee87c82c8e43c4c8,new
columns/001-ball-count/analysis/r_bcap_history_20260928/bcap_pitch_ff_r_history__mlb_2021__20260928__r01.log,373,15f887105d5b3853bb2e6f34eea6d70a4398b52a062dbd1d3a380088f63c61a7,new
columns/001-ball-count/analysis/r_bcap_history_20260928/bcap_pitch_ff_r_history__mlb_2022__20260928__r01.config.json,611,1c2b2d2733fbb1503c4a7750cc06f793f2c4fad1a242422dc8f32554bd9c68d1,new
columns/001-ball-count/analysis/r_bcap_history_20260928/bcap_pitch_ff_r_history__mlb_2022__20260928__r01.log,373,330451971fdcdd6d82935e63e483f4b496f6c89add9d98d12fd95895d941c888,new
columns/001-ball-count/analysis/r_bcap_history_20260928/bcap_pitch_ff_r_history__mlb_2023__20260928__r01.config.json,611,5b4645e195722db9a16c9bb4c3e7b4953cb2a11b3e8dfd74dc5392f035a18c8e,new
columns/001-ball-count/analysis/r_bcap_history_20260928/bcap_pitch_ff_r_history__mlb_2023__20260928__r01.log,373,ec7896171a6170b740dcd9d4dd4bc6c8ce23789cc4e7a603bd6c0f5be0844b82,new
columns/001-ball-count/analysis/r_bcap_history_20260928/bcap_pitch_r_history__mlb_2015__20260928__r01.config.json,605,d82907ffb20a1bd8f1336146499cf2ce798c12afecfd39fc5890705c06272834,new
columns/001-ball-count/analysis/r_bcap_history_20260928/bcap_pitch_r_history__mlb_2015__20260928__r01.log,361,94528d91bf73e5f1d4c7384e27892c108b414d7de33b3cc887367ef3711d707a,new
columns/001-ball-count/analysis/r_bcap_history_20260928/bcap_pitch_r_history__mlb_2016__20260928__r01.config.json,605,bf8056a624084a36554cc1be228ac2b3edaf7c0ed4e5852c824ebd44c32b6975,new
columns/001-ball-count/analysis/r_bcap_history_20260928/bcap_pitch_r_history__mlb_2016__20260928__r01.log,361,93e063d666b916d4ad7507fac06b9e11baf145710e6a6569bf5ecd4998c1fc20,new
columns/001-ball-count/analysis/r_bcap_history_20260928/bcap_pitch_r_history__mlb_2017__20260928__r01.config.json,605,3665304da2d259d760b5437baa5c8733fad35dc307885b6efa39a2f17e076804,new
columns/001-ball-count/analysis/r_bcap_history_20260928/bcap_pitch_r_history__mlb_2017__20260928__r01.log,361,9ce8731eabcb16de8c63e365380bbf96321715165111aeb9c282b4a2c70ba226,new
columns/001-ball-count/analysis/r_bcap_history_20260928/bcap_pitch_r_history__mlb_2018__20260928__r01.config.json,605,505703161b41d2c8a3671ce8b77fcbe8972eb4d49468d96cf699aa33383d0f32,new
columns/001-ball-count/analysis/r_bcap_history_20260928/bcap_pitch_r_history__mlb_2018__20260928__r01.log,361,f6628d474b4330673ddd0e553be2697f85865b347d79d4190641951a180359ef,new
columns/001-ball-count/analysis/r_bcap_history_20260928/bcap_pitch_r_history__mlb_2019__20260928__r01.config.json,605,8cd2a880c7383043aa66a40be8fef19e1dbae7b76798c8f26ffb87d6e03d7500,new
columns/001-ball-count/analysis/r_bcap_history_20260928/bcap_pitch_r_history__mlb_2019__20260928__r01.log,361,9c0b49eeb6b2b8442e85a21b195a5a7a2890962940884d5262a3a6e52312068d,new
columns/001-ball-count/analysis/r_bcap_history_20260928/bcap_pitch_r_history__mlb_2020__20260928__r01.config.json,605,54c9229f498477a8ecec73faa69a8802407cfd24b77fdf23bb7a0faee3ebe2a6,new
columns/001-ball-count/analysis/r_bcap_history_20260928/bcap_pitch_r_history__mlb_2020__20260928__r01.log,358,f3a81d6a90c45228170fd603d763050a99cabcfd7552ba9a8aeb851e29a34cc5,new
columns/001-ball-count/analysis/r_bcap_history_20260928/bcap_pitch_r_history__mlb_2021__20260928__r01.config.json,605,252cb3a8a2cbd3a98019ef00994ec17d1ce1c3d30c1a91ab7c3455197abda6fc,new
columns/001-ball-count/analysis/r_bcap_history_20260928/bcap_pitch_r_history__mlb_2021__20260928__r01.log,361,754e00c4a207fa458c71c34220445ca662ce3b34bbcf1b24e7c2de9ef38ab5a8,new
columns/001-ball-count/analysis/r_bcap_history_20260928/bcap_pitch_r_history__mlb_2022__20260928__r01.config.json,605,1b31f554c24f684ddad37c2a36ed7b4b8302451a9abfda1df4a40ccffe00dfa3,new
columns/001-ball-count/analysis/r_bcap_history_20260928/bcap_pitch_r_history__mlb_2022__20260928__r01.log,361,beb8344aee1f5477ced59d0a9931d45b4825ccaf371a4fd4c0733f4e342906dd,new
columns/001-ball-count/analysis/r_bcap_history_20260928/bcap_pitch_r_history__mlb_2023__20260928__r01.config.json,605,d1c5cc48cf796d7b9bc1905b1b9de0f17f2a3aa50ac36600d219349e79b8b726,new
columns/001-ball-count/analysis/r_bcap_history_20260928/bcap_pitch_r_history__mlb_2023__20260928__r01.log,361,72be9e97de2aa9fd7f594713988744ec43bb861d8ed3858edeb24f8a3e2ab37c,new
columns/001-ball-count/analysis/r_bcap_history_20260928/bcap_pitch_sb_r_history__mlb_2015__20260928__r01.config.json,611,40a827bc2dd6c67af15e01cc815f9b98dea4334c91e4a62bf02243bfe999e884,new
columns/001-ball-count/analysis/r_bcap_history_20260928/bcap_pitch_sb_r_history__mlb_2015__20260928__r01.log,373,39f738b6110e032e1b19dbaed86a297d1ce4dae729968250bb9f62babd724ecf,new
columns/001-ball-count/analysis/r_bcap_history_20260928/bcap_pitch_sb_r_history__mlb_2016__20260928__r01.config.json,611,89234306aed060ae66284d769b7608b9462e0612fff3137163d82273c68d0d75,new
columns/001-ball-count/analysis/r_bcap_history_20260928/bcap_pitch_sb_r_history__mlb_2016__20260928__r01.log,373,3dfd19f57dfbf095fc0778829fd53aa8c9315b6e799f14bc8c4361969314c842,new
columns/001-ball-count/analysis/r_bcap_history_20260928/bcap_pitch_sb_r_history__mlb_2017__20260928__r01.config.json,611,2ecb55e3df100aaa82aa1981c077c311e1a1b11c227f894d1828f245e4a31cf8,new
columns/001-ball-count/analysis/r_bcap_history_20260928/bcap_pitch_sb_r_history__mlb_2017__20260928__r01.log,373,dfb3ee78a6cd6f7ba3ba33b31b1458d56bdf5527547789919b5ee31ac8e9f238,new
columns/001-ball-count/analysis/r_bcap_history_20260928/bcap_pitch_sb_r_history__mlb_2018__20260928__r01.config.json,611,fb667854d3cf106e8c9992495c34a3914925d78db93dc54dbdda48f95be2425c,new
columns/001-ball-count/analysis/r_bcap_history_20260928/bcap_pitch_sb_r_history__mlb_2018__20260928__r01.log,373,7530870052cfeb31c9ca31bd8129bac78fae8218787ef24e5197af5d87706b91,new
columns/001-ball-count/analysis/r_bcap_history_20260928/bcap_pitch_sb_r_history__mlb_2019__20260928__r01.config.json,611,4c9979c84cd3b177bfb09baef9ae73a033e685df71d99bf28e757e6184f806f4,new
columns/001-ball-count/analysis/r_bcap_history_20260928/bcap_pitch_sb_r_history__mlb_2019__20260928__r01.log,373,d08a383e553d724ea08a319aac2ee31e248c07932a3fc2ddcc23987351c40cd5,new
columns/001-ball-count/analysis/r_bcap_history_20260928/bcap_pitch_sb_r_history__mlb_2020__20260928__r01.config.json,611,b78aedd2a891cabb334cf6ae6a2325f53c64e2f28d00b636e17e2ab5e7f4c6e3,new
columns/001-ball-count/analysis/r_bcap_history_20260928/bcap_pitch_sb_r_history__mlb_2020__20260928__r01.log,370,962ddd657542d6a666c6b19c760d9b86b80985dcad661944ef3586a6990b9852,new
columns/001-ball-count/analysis/r_bcap_history_20260928/bcap_pitch_sb_r_history__mlb_2021__20260928__r01.config.json,611,4eff088d01d31bb0a25ad676d0c392ad6a36ed8bd9d228dba4a94b9b9fdd62a0,new
columns/001-ball-count/analysis/r_bcap_history_20260928/bcap_pitch_sb_r_history__mlb_2021__20260928__r01.log,373,aa5a38f69c976a13b8848ef2d923e69b81ddf9f23907542cfed7d51b7038029a,new
columns/001-ball-count/analysis/r_bcap_history_20260928/bcap_pitch_sb_r_history__mlb_2022__20260928__r01.config.json,611,4d90b19f35ac05a4d58d736d2ad9c93a014023b95f5c87a19ca7d2d1f19d8e3f,new
columns/001-ball-count/analysis/r_bcap_history_20260928/bcap_pitch_sb_r_history__mlb_2022__20260928__r01.log,373,a8c44691100381af230f2223e8ce79ae091d1938adae3cd0b7699fe5db84c18c,new
columns/001-ball-count/analysis/r_bcap_history_20260928/bcap_pitch_sb_r_history__mlb_2023__20260928__r01.config.json,611,ef6408fef4273f035f36521573fab47c8b83e268f66809e46adbcf07d6811be3,new
columns/001-ball-count/analysis/r_bcap_history_20260928/bcap_pitch_sb_r_history__mlb_2023__20260928__r01.log,373,1ac5d8b93c8702c28539dc83d78cc41c136b99080075a28dbde0f51b340b15db,new
columns/001-ball-count/analysis/r_bcap_history_20260928/bcap_swing_r_history__mlb_2015__20260928__r01.config.json,605,4b99c662fc29f736bd51a0b508284d8278d7d1f52c00f81076006fed6c559040,new
columns/001-ball-count/analysis/r_bcap_history_20260928/bcap_swing_r_history__mlb_2015__20260928__r01.log,361,708c4477bce6364f0284aeb5198056e441506dec9297e5aebed8fc9d62d83f36,new
columns/001-ball-count/analysis/r_bcap_history_20260928/bcap_swing_r_history__mlb_2016__20260928__r01.config.json,605,34b66762453bddc10bc7b5dc4aa59f86edc95947872e893a667beccf6e46828d,new
columns/001-ball-count/analysis/r_bcap_history_20260928/bcap_swing_r_history__mlb_2016__20260928__r01.log,361,dc7105becc1b53bd93cb19fe86b7ea4e355ab3daed398909e8466a597ac18b1a,new
columns/001-ball-count/analysis/r_bcap_history_20260928/bcap_swing_r_history__mlb_2017__20260928__r01.config.json,605,551f0b6b90a31275376bf39f2942d4ae6367ac0b48a611565ad189f6b6a7c8eb,new
columns/001-ball-count/analysis/r_bcap_history_20260928/bcap_swing_r_history__mlb_2017__20260928__r01.log,361,62ca079661b7da2cea72f1361ac3cb150265f77dfcebd17b8888a06b81a7bd85,new
columns/001-ball-count/analysis/r_bcap_history_20260928/bcap_swing_r_history__mlb_2018__20260928__r01.config.json,605,9348fdc0c1a3ac02e57223216ae2b617c42c671135b86d9ccd80281de74a5aa6,new
columns/001-ball-count/analysis/r_bcap_history_20260928/bcap_swing_r_history__mlb_2018__20260928__r01.log,361,411dfb31a6cc4eb41f0fadcc25ef5b34728d0859fe12b7517589cf1c17ce23f1,new
columns/001-ball-count/analysis/r_bcap_history_20260928/bcap_swing_r_history__mlb_2019__20260928__r01.config.json,605,394e9fd0c778d03b305552db631e9db83e38596ce3b1dc5a4c5847cfc34edb34,new
columns/001-ball-count/analysis/r_bcap_history_20260928/bcap_swing_r_history__mlb_2019__20260928__r01.log,361,ee709dbd3112bde7700ff0c9e013f1c542b7c28b763e9d3aa111f3b07d69c415,new
columns/001-ball-count/analysis/r_bcap_history_20260928/bcap_swing_r_history__mlb_2020__20260928__r01.config.json,605,15c3f04e7c36313907c0b2d41aa962ca73eb7fd2df1f8548340a7dd6bb23a484,new
columns/001-ball-count/analysis/r_bcap_history_20260928/bcap_swing_r_history__mlb_2020__20260928__r01.log,358,ff498f5741826f837478564192ed846a879396946d4eace26c9ab62326a89fde,new
columns/001-ball-count/analysis/r_bcap_history_20260928/bcap_swing_r_history__mlb_2021__20260928__r01.config.json,605,d91710ac58bfa170c7cb763489790e7d43439be3e8be6eca6d058a736aa36544,new
columns/001-ball-count/analysis/r_bcap_history_20260928/bcap_swing_r_history__mlb_2021__20260928__r01.log,361,77a864583938baf53e51009d4502039b15489d3e9ccf8bd24676c86dd23c17fb,new
columns/001-ball-count/analysis/r_bcap_history_20260928/bcap_swing_r_history__mlb_2022__20260928__r01.config.json,605,e886aac76eadaca7a11ee2510e20a9f37e62d8321dfadca40aebb0b5d5b1a5a9,new
columns/001-ball-count/analysis/r_bcap_history_20260928/bcap_swing_r_history__mlb_2022__20260928__r01.log,361,8176b280d2237b4774c7d33cf23e61c2ee69b8d3efd08882e27afa681c4f9cf0,new
columns/001-ball-count/analysis/r_bcap_history_20260928/bcap_swing_r_history__mlb_2023__20260928__r01.config.json,605,57a6f8f869827d6111c70430a8a3d5901787d2ff4b984bc239da68b11f365ad0,new
columns/001-ball-count/analysis/r_bcap_history_20260928/bcap_swing_r_history__mlb_2023__20260928__r01.log,361,80f511bc41d095d5ac81590d6d0dcd7f51b7829868c5a34b61b4330942c5235a,new
columns/001-ball-count/analysis/r_bcap_history_20260928/check_legacy_headers_2015_2016.R,1669,11c3f370fb436b6ac344fc10e50019348638696725bfc6f99e374b25e17a8af0,new
columns/001-ball-count/analysis/r_bcap_history_20260928/check_legacy_venue_policy.R,3358,686cd14a73dc8a9a87378304563f2248da6ccd1c3b4e48c9c8d3325648c2c368,new
columns/001-ball-count/analysis/r_bcap_history_20260928/check_preparation_schedule.R,3891,4fe0bacfb6a14d0dd8568aecd9d8a58df86068004ae68905adf5e6b95699d570,new
columns/001-ball-count/analysis/r_bcap_history_20260928/execution_code/bcap_pitch_ff_r_history__mlb_2015__20260928__r01/engine.R,9868,21a6b2f7daf195adcbde629bfa22363679d1751f92bf9e4955419a86b950507e,new
columns/001-ball-count/analysis/r_bcap_history_20260928/execution_code/bcap_pitch_ff_r_history__mlb_2015__20260928__r01/run.R,19813,1f5382512b1a4c0e327154fa6b4444f52ce983db5c0e203ec8c4869050c91944,new
columns/001-ball-count/analysis/r_bcap_history_20260928/execution_code/bcap_pitch_ff_r_history__mlb_2016__20260928__r01/engine.R,9868,21a6b2f7daf195adcbde629bfa22363679d1751f92bf9e4955419a86b950507e,new
columns/001-ball-count/analysis/r_bcap_history_20260928/execution_code/bcap_pitch_ff_r_history__mlb_2016__20260928__r01/run.R,19813,1f5382512b1a4c0e327154fa6b4444f52ce983db5c0e203ec8c4869050c91944,new
columns/001-ball-count/analysis/r_bcap_history_20260928/execution_code/bcap_pitch_ff_r_history__mlb_2017__20260928__r01/engine.R,9868,21a6b2f7daf195adcbde629bfa22363679d1751f92bf9e4955419a86b950507e,new
columns/001-ball-count/analysis/r_bcap_history_20260928/execution_code/bcap_pitch_ff_r_history__mlb_2017__20260928__r01/run.R,19813,1f5382512b1a4c0e327154fa6b4444f52ce983db5c0e203ec8c4869050c91944,new
columns/001-ball-count/analysis/r_bcap_history_20260928/execution_code/bcap_pitch_ff_r_history__mlb_2018__20260928__r01/engine.R,9868,21a6b2f7daf195adcbde629bfa22363679d1751f92bf9e4955419a86b950507e,new
columns/001-ball-count/analysis/r_bcap_history_20260928/execution_code/bcap_pitch_ff_r_history__mlb_2018__20260928__r01/run.R,19813,1f5382512b1a4c0e327154fa6b4444f52ce983db5c0e203ec8c4869050c91944,new
columns/001-ball-count/analysis/r_bcap_history_20260928/execution_code/bcap_pitch_ff_r_history__mlb_2019__20260928__r01/engine.R,9868,21a6b2f7daf195adcbde629bfa22363679d1751f92bf9e4955419a86b950507e,new
columns/001-ball-count/analysis/r_bcap_history_20260928/execution_code/bcap_pitch_ff_r_history__mlb_2019__20260928__r01/run.R,19813,1f5382512b1a4c0e327154fa6b4444f52ce983db5c0e203ec8c4869050c91944,new
columns/001-ball-count/analysis/r_bcap_history_20260928/execution_code/bcap_pitch_ff_r_history__mlb_2020__20260928__r01/engine.R,9868,21a6b2f7daf195adcbde629bfa22363679d1751f92bf9e4955419a86b950507e,new
columns/001-ball-count/analysis/r_bcap_history_20260928/execution_code/bcap_pitch_ff_r_history__mlb_2020__20260928__r01/run.R,19813,1f5382512b1a4c0e327154fa6b4444f52ce983db5c0e203ec8c4869050c91944,new
columns/001-ball-count/analysis/r_bcap_history_20260928/execution_code/bcap_pitch_ff_r_history__mlb_2021__20260928__r01/engine.R,9868,21a6b2f7daf195adcbde629bfa22363679d1751f92bf9e4955419a86b950507e,new
columns/001-ball-count/analysis/r_bcap_history_20260928/execution_code/bcap_pitch_ff_r_history__mlb_2021__20260928__r01/run.R,19813,1f5382512b1a4c0e327154fa6b4444f52ce983db5c0e203ec8c4869050c91944,new
columns/001-ball-count/analysis/r_bcap_history_20260928/execution_code/bcap_pitch_ff_r_history__mlb_2022__20260928__r01/engine.R,9868,21a6b2f7daf195adcbde629bfa22363679d1751f92bf9e4955419a86b950507e,new
columns/001-ball-count/analysis/r_bcap_history_20260928/execution_code/bcap_pitch_ff_r_history__mlb_2022__20260928__r01/run.R,19813,1f5382512b1a4c0e327154fa6b4444f52ce983db5c0e203ec8c4869050c91944,new
columns/001-ball-count/analysis/r_bcap_history_20260928/execution_code/bcap_pitch_ff_r_history__mlb_2023__20260928__r01/engine.R,9868,21a6b2f7daf195adcbde629bfa22363679d1751f92bf9e4955419a86b950507e,new
columns/001-ball-count/analysis/r_bcap_history_20260928/execution_code/bcap_pitch_ff_r_history__mlb_2023__20260928__r01/run.R,19631,3757fec5580c6d5c8b4de1696bc1583e306d45d12e24e22ff8f97f0b2e873760,new
columns/001-ball-count/analysis/r_bcap_history_20260928/execution_code/bcap_pitch_r_history__mlb_2015__20260928__r01/engine.R,9868,21a6b2f7daf195adcbde629bfa22363679d1751f92bf9e4955419a86b950507e,new
columns/001-ball-count/analysis/r_bcap_history_20260928/execution_code/bcap_pitch_r_history__mlb_2015__20260928__r01/run.R,19813,1f5382512b1a4c0e327154fa6b4444f52ce983db5c0e203ec8c4869050c91944,new
columns/001-ball-count/analysis/r_bcap_history_20260928/execution_code/bcap_pitch_r_history__mlb_2016__20260928__r01/engine.R,9868,21a6b2f7daf195adcbde629bfa22363679d1751f92bf9e4955419a86b950507e,new
columns/001-ball-count/analysis/r_bcap_history_20260928/execution_code/bcap_pitch_r_history__mlb_2016__20260928__r01/run.R,19813,1f5382512b1a4c0e327154fa6b4444f52ce983db5c0e203ec8c4869050c91944,new
columns/001-ball-count/analysis/r_bcap_history_20260928/execution_code/bcap_pitch_r_history__mlb_2017__20260928__r01/engine.R,9868,21a6b2f7daf195adcbde629bfa22363679d1751f92bf9e4955419a86b950507e,new
columns/001-ball-count/analysis/r_bcap_history_20260928/execution_code/bcap_pitch_r_history__mlb_2017__20260928__r01/run.R,19813,1f5382512b1a4c0e327154fa6b4444f52ce983db5c0e203ec8c4869050c91944,new
columns/001-ball-count/analysis/r_bcap_history_20260928/execution_code/bcap_pitch_r_history__mlb_2018__20260928__r01/engine.R,9868,21a6b2f7daf195adcbde629bfa22363679d1751f92bf9e4955419a86b950507e,new
columns/001-ball-count/analysis/r_bcap_history_20260928/execution_code/bcap_pitch_r_history__mlb_2018__20260928__r01/run.R,19813,1f5382512b1a4c0e327154fa6b4444f52ce983db5c0e203ec8c4869050c91944,new
columns/001-ball-count/analysis/r_bcap_history_20260928/execution_code/bcap_pitch_r_history__mlb_2019__20260928__r01/engine.R,9868,21a6b2f7daf195adcbde629bfa22363679d1751f92bf9e4955419a86b950507e,new
columns/001-ball-count/analysis/r_bcap_history_20260928/execution_code/bcap_pitch_r_history__mlb_2019__20260928__r01/run.R,19813,1f5382512b1a4c0e327154fa6b4444f52ce983db5c0e203ec8c4869050c91944,new
columns/001-ball-count/analysis/r_bcap_history_20260928/execution_code/bcap_pitch_r_history__mlb_2020__20260928__r01/engine.R,9868,21a6b2f7daf195adcbde629bfa22363679d1751f92bf9e4955419a86b950507e,new
columns/001-ball-count/analysis/r_bcap_history_20260928/execution_code/bcap_pitch_r_history__mlb_2020__20260928__r01/run.R,19813,1f5382512b1a4c0e327154fa6b4444f52ce983db5c0e203ec8c4869050c91944,new
columns/001-ball-count/analysis/r_bcap_history_20260928/execution_code/bcap_pitch_r_history__mlb_2021__20260928__r01/engine.R,9868,21a6b2f7daf195adcbde629bfa22363679d1751f92bf9e4955419a86b950507e,new
columns/001-ball-count/analysis/r_bcap_history_20260928/execution_code/bcap_pitch_r_history__mlb_2021__20260928__r01/run.R,19813,1f5382512b1a4c0e327154fa6b4444f52ce983db5c0e203ec8c4869050c91944,new
columns/001-ball-count/analysis/r_bcap_history_20260928/execution_code/bcap_pitch_r_history__mlb_2022__20260928__r01/engine.R,9868,21a6b2f7daf195adcbde629bfa22363679d1751f92bf9e4955419a86b950507e,new
columns/001-ball-count/analysis/r_bcap_history_20260928/execution_code/bcap_pitch_r_history__mlb_2022__20260928__r01/run.R,19813,1f5382512b1a4c0e327154fa6b4444f52ce983db5c0e203ec8c4869050c91944,new
columns/001-ball-count/analysis/r_bcap_history_20260928/execution_code/bcap_pitch_r_history__mlb_2023__20260928__r01/engine.R,9868,21a6b2f7daf195adcbde629bfa22363679d1751f92bf9e4955419a86b950507e,new
columns/001-ball-count/analysis/r_bcap_history_20260928/execution_code/bcap_pitch_r_history__mlb_2023__20260928__r01/run.R,19631,3757fec5580c6d5c8b4de1696bc1583e306d45d12e24e22ff8f97f0b2e873760,new
columns/001-ball-count/analysis/r_bcap_history_20260928/execution_code/bcap_pitch_sb_r_history__mlb_2015__20260928__r01/engine.R,9868,21a6b2f7daf195adcbde629bfa22363679d1751f92bf9e4955419a86b950507e,new
columns/001-ball-count/analysis/r_bcap_history_20260928/execution_code/bcap_pitch_sb_r_history__mlb_2015__20260928__r01/run.R,19813,1f5382512b1a4c0e327154fa6b4444f52ce983db5c0e203ec8c4869050c91944,new
columns/001-ball-count/analysis/r_bcap_history_20260928/execution_code/bcap_pitch_sb_r_history__mlb_2016__20260928__r01/engine.R,9868,21a6b2f7daf195adcbde629bfa22363679d1751f92bf9e4955419a86b950507e,new
columns/001-ball-count/analysis/r_bcap_history_20260928/execution_code/bcap_pitch_sb_r_history__mlb_2016__20260928__r01/run.R,19813,1f5382512b1a4c0e327154fa6b4444f52ce983db5c0e203ec8c4869050c91944,new
columns/001-ball-count/analysis/r_bcap_history_20260928/execution_code/bcap_pitch_sb_r_history__mlb_2017__20260928__r01/engine.R,9868,21a6b2f7daf195adcbde629bfa22363679d1751f92bf9e4955419a86b950507e,new
columns/001-ball-count/analysis/r_bcap_history_20260928/execution_code/bcap_pitch_sb_r_history__mlb_2017__20260928__r01/run.R,19813,1f5382512b1a4c0e327154fa6b4444f52ce983db5c0e203ec8c4869050c91944,new
columns/001-ball-count/analysis/r_bcap_history_20260928/execution_code/bcap_pitch_sb_r_history__mlb_2018__20260928__r01/engine.R,9868,21a6b2f7daf195adcbde629bfa22363679d1751f92bf9e4955419a86b950507e,new
columns/001-ball-count/analysis/r_bcap_history_20260928/execution_code/bcap_pitch_sb_r_history__mlb_2018__20260928__r01/run.R,19813,1f5382512b1a4c0e327154fa6b4444f52ce983db5c0e203ec8c4869050c91944,new
columns/001-ball-count/analysis/r_bcap_history_20260928/execution_code/bcap_pitch_sb_r_history__mlb_2019__20260928__r01/engine.R,9868,21a6b2f7daf195adcbde629bfa22363679d1751f92bf9e4955419a86b950507e,new
columns/001-ball-count/analysis/r_bcap_history_20260928/execution_code/bcap_pitch_sb_r_history__mlb_2019__20260928__r01/run.R,19813,1f5382512b1a4c0e327154fa6b4444f52ce983db5c0e203ec8c4869050c91944,new
columns/001-ball-count/analysis/r_bcap_history_20260928/execution_code/bcap_pitch_sb_r_history__mlb_2020__20260928__r01/engine.R,9868,21a6b2f7daf195adcbde629bfa22363679d1751f92bf9e4955419a86b950507e,new
columns/001-ball-count/analysis/r_bcap_history_20260928/execution_code/bcap_pitch_sb_r_history__mlb_2020__20260928__r01/run.R,19813,1f5382512b1a4c0e327154fa6b4444f52ce983db5c0e203ec8c4869050c91944,new
columns/001-ball-count/analysis/r_bcap_history_20260928/execution_code/bcap_pitch_sb_r_history__mlb_2021__20260928__r01/engine.R,9868,21a6b2f7daf195adcbde629bfa22363679d1751f92bf9e4955419a86b950507e,new
columns/001-ball-count/analysis/r_bcap_history_20260928/execution_code/bcap_pitch_sb_r_history__mlb_2021__20260928__r01/run.R,19813,1f5382512b1a4c0e327154fa6b4444f52ce983db5c0e203ec8c4869050c91944,new
columns/001-ball-count/analysis/r_bcap_history_20260928/execution_code/bcap_pitch_sb_r_history__mlb_2022__20260928__r01/engine.R,9868,21a6b2f7daf195adcbde629bfa22363679d1751f92bf9e4955419a86b950507e,new
columns/001-ball-count/analysis/r_bcap_history_20260928/execution_code/bcap_pitch_sb_r_history__mlb_2022__20260928__r01/run.R,19813,1f5382512b1a4c0e327154fa6b4444f52ce983db5c0e203ec8c4869050c91944,new
columns/001-ball-count/analysis/r_bcap_history_20260928/execution_code/bcap_pitch_sb_r_history__mlb_2023__20260928__r01/engine.R,9868,21a6b2f7daf195adcbde629bfa22363679d1751f92bf9e4955419a86b950507e,new
columns/001-ball-count/analysis/r_bcap_history_20260928/execution_code/bcap_pitch_sb_r_history__mlb_2023__20260928__r01/run.R,19631,3757fec5580c6d5c8b4de1696bc1583e306d45d12e24e22ff8f97f0b2e873760,new
columns/001-ball-count/analysis/r_bcap_history_20260928/execution_code/bcap_swing_r_history__mlb_2015__20260928__r01/engine.R,9868,21a6b2f7daf195adcbde629bfa22363679d1751f92bf9e4955419a86b950507e,new
columns/001-ball-count/analysis/r_bcap_history_20260928/execution_code/bcap_swing_r_history__mlb_2015__20260928__r01/run.R,19813,1f5382512b1a4c0e327154fa6b4444f52ce983db5c0e203ec8c4869050c91944,new
columns/001-ball-count/analysis/r_bcap_history_20260928/execution_code/bcap_swing_r_history__mlb_2016__20260928__r01/engine.R,9868,21a6b2f7daf195adcbde629bfa22363679d1751f92bf9e4955419a86b950507e,new
columns/001-ball-count/analysis/r_bcap_history_20260928/execution_code/bcap_swing_r_history__mlb_2016__20260928__r01/run.R,19813,1f5382512b1a4c0e327154fa6b4444f52ce983db5c0e203ec8c4869050c91944,new
columns/001-ball-count/analysis/r_bcap_history_20260928/execution_code/bcap_swing_r_history__mlb_2017__20260928__r01/engine.R,9868,21a6b2f7daf195adcbde629bfa22363679d1751f92bf9e4955419a86b950507e,new
columns/001-ball-count/analysis/r_bcap_history_20260928/execution_code/bcap_swing_r_history__mlb_2017__20260928__r01/run.R,19813,1f5382512b1a4c0e327154fa6b4444f52ce983db5c0e203ec8c4869050c91944,new
columns/001-ball-count/analysis/r_bcap_history_20260928/execution_code/bcap_swing_r_history__mlb_2018__20260928__r01/engine.R,9868,21a6b2f7daf195adcbde629bfa22363679d1751f92bf9e4955419a86b950507e,new
columns/001-ball-count/analysis/r_bcap_history_20260928/execution_code/bcap_swing_r_history__mlb_2018__20260928__r01/run.R,19813,1f5382512b1a4c0e327154fa6b4444f52ce983db5c0e203ec8c4869050c91944,new
columns/001-ball-count/analysis/r_bcap_history_20260928/execution_code/bcap_swing_r_history__mlb_2019__20260928__r01/engine.R,9868,21a6b2f7daf195adcbde629bfa22363679d1751f92bf9e4955419a86b950507e,new
columns/001-ball-count/analysis/r_bcap_history_20260928/execution_code/bcap_swing_r_history__mlb_2019__20260928__r01/run.R,19813,1f5382512b1a4c0e327154fa6b4444f52ce983db5c0e203ec8c4869050c91944,new
columns/001-ball-count/analysis/r_bcap_history_20260928/execution_code/bcap_swing_r_history__mlb_2020__20260928__r01/engine.R,9868,21a6b2f7daf195adcbde629bfa22363679d1751f92bf9e4955419a86b950507e,new
columns/001-ball-count/analysis/r_bcap_history_20260928/execution_code/bcap_swing_r_history__mlb_2020__20260928__r01/run.R,19813,1f5382512b1a4c0e327154fa6b4444f52ce983db5c0e203ec8c4869050c91944,new
columns/001-ball-count/analysis/r_bcap_history_20260928/execution_code/bcap_swing_r_history__mlb_2021__20260928__r01/engine.R,9868,21a6b2f7daf195adcbde629bfa22363679d1751f92bf9e4955419a86b950507e,new
columns/001-ball-count/analysis/r_bcap_history_20260928/execution_code/bcap_swing_r_history__mlb_2021__20260928__r01/run.R,19813,1f5382512b1a4c0e327154fa6b4444f52ce983db5c0e203ec8c4869050c91944,new
columns/001-ball-count/analysis/r_bcap_history_20260928/execution_code/bcap_swing_r_history__mlb_2022__20260928__r01/engine.R,9868,21a6b2f7daf195adcbde629bfa22363679d1751f92bf9e4955419a86b950507e,new
columns/001-ball-count/analysis/r_bcap_history_20260928/execution_code/bcap_swing_r_history__mlb_2022__20260928__r01/run.R,19813,1f5382512b1a4c0e327154fa6b4444f52ce983db5c0e203ec8c4869050c91944,new
columns/001-ball-count/analysis/r_bcap_history_20260928/execution_code/bcap_swing_r_history__mlb_2023__20260928__r01/engine.R,9868,21a6b2f7daf195adcbde629bfa22363679d1751f92bf9e4955419a86b950507e,new
columns/001-ball-count/analysis/r_bcap_history_20260928/execution_code/bcap_swing_r_history__mlb_2023__20260928__r01/run.R,19631,3757fec5580c6d5c8b4de1696bc1583e306d45d12e24e22ff8f97f0b2e873760,new
columns/001-ball-count/analysis/r_bcap_history_20260928/figure_review_2016_20260928T054452Z/caption_fix/after/pitch_2016_count_mobile.png,27562,9b4185a1ac0b551ff4e55716a726265a6c186e2412d21651716b843a5ce09a8d,new
columns/001-ball-count/analysis/r_bcap_history_20260928/figure_review_2016_20260928T054452Z/caption_fix/after/pitch_2017_count_mobile.png,26126,a424c76000fb5ff9718aebe08c0d5ae28f8e11778fab4184f23a680a37dfd24a,new
columns/001-ball-count/analysis/r_bcap_history_20260928/figure_review_2016_20260928T054452Z/caption_fix/after/pitch_2018_count_mobile.png,25334,04b6b8cb865a33cca2f0c7a9fdff69e3d1dd52dcd8e0a0d181677ff16414c3a0,new
columns/001-ball-count/analysis/r_bcap_history_20260928/figure_review_2016_20260928T054452Z/caption_fix/after/pitch_2019_count_mobile.png,25540,2494a06a74cc92a28093d5af1245c58fe99ed72a115d9f154751b0f2c68309a5,new
columns/001-ball-count/analysis/r_bcap_history_20260928/figure_review_2016_20260928T054452Z/caption_fix/after/pitch_2020_count_mobile.png,25178,f786210543fc96b42d7082a787431ff73a52abd73260b6b90cca5ba1dc5a88eb,new
columns/001-ball-count/analysis/r_bcap_history_20260928/figure_review_2016_20260928T054452Z/caption_fix/after/pitch_2021_count_mobile.png,25324,dbc7bb144a57db0527979eee823fc4cb7ce68f98ba8f7ed9646c83ca1a3e313c,new
columns/001-ball-count/analysis/r_bcap_history_20260928/figure_review_2016_20260928T054452Z/caption_fix/after/pitch_2022_count_mobile.png,25940,f88b9304b5bf6506dbad6a90015f2697ed71959ba9be0b5ed759cabb26925abf,new
columns/001-ball-count/analysis/r_bcap_history_20260928/figure_review_2016_20260928T054452Z/caption_fix/after/pitch_2023_count_mobile.png,25662,5fc777c01e60d4e54c6c7014b6ffc1ee133743805a45941f56caba7c42d3fb3c,new
columns/001-ball-count/analysis/r_bcap_history_20260928/figure_review_2016_20260928T054452Z/caption_fix/after/pitch_2024_count_mobile.png,25465,debe2b7d48ba565e27eda891c6a19374deaf2056a9068de1ae6dd42edeab4b59,new
columns/001-ball-count/analysis/r_bcap_history_20260928/figure_review_2016_20260928T054452Z/caption_fix/after/pitch_2025_count_mobile.png,24619,0567132c80c9a9085be2ad4bbbcfb853f622e2da9d8fc0f56aef16e66a7259bc,new
columns/001-ball-count/analysis/r_bcap_history_20260928/figure_review_2016_20260928T054452Z/caption_fix/after/pitch_count_history.png,90552,9905c7ec5fdaabb3c7f7dcaa512cfaf91a79c57e60ee92938cc2a3383739e988,new
columns/001-ball-count/analysis/r_bcap_history_20260928/figure_review_2016_20260928T054452Z/caption_fix/after/pitch_ff_2016_count_mobile.png,26503,1f35d72a4d477f29cfbe385928d672467e694ab1952eab806e4745bf156a33a3,new
columns/001-ball-count/analysis/r_bcap_history_20260928/figure_review_2016_20260928T054452Z/caption_fix/after/pitch_ff_2017_count_mobile.png,25420,d7ee68d79f147d8c440790edc6239a1c010ff8ab49e801954d8a61b1ddefe4d7,new
columns/001-ball-count/analysis/r_bcap_history_20260928/figure_review_2016_20260928T054452Z/caption_fix/after/pitch_ff_2018_count_mobile.png,24699,8941d7795e80ae89735f519d29d3ba7c7f3ed7b1286a927d8adc02d948d69125,new
columns/001-ball-count/analysis/r_bcap_history_20260928/figure_review_2016_20260928T054452Z/caption_fix/after/pitch_ff_2019_count_mobile.png,25545,1e48b5ea0dbb689de04b9650afdadd1a707a425f27549e4c9150f81c515acad8,new
columns/001-ball-count/analysis/r_bcap_history_20260928/figure_review_2016_20260928T054452Z/caption_fix/after/pitch_ff_2020_count_mobile.png,22452,bb569008b0b996e1131011c90aa1cdb3360e8fb94e5a375b04827e3013ed36da,new
columns/001-ball-count/analysis/r_bcap_history_20260928/figure_review_2016_20260928T054452Z/caption_fix/after/pitch_ff_2021_count_mobile.png,24221,04def3c81e77a6a880e2ff14b1b31a3dcc5230bfb90a67cbba9bc1668e5d5047,new
columns/001-ball-count/analysis/r_bcap_history_20260928/figure_review_2016_20260928T054452Z/caption_fix/after/pitch_ff_2022_count_mobile.png,22853,575a398aaf2fc6edc24b18001b7f550d04147fb8aa8761877b736bedc54b4251,new
columns/001-ball-count/analysis/r_bcap_history_20260928/figure_review_2016_20260928T054452Z/caption_fix/after/pitch_ff_2023_count_mobile.png,25198,139d542f9a1250326078c6fb923460def0b2d3a3001ae14be0a53d2b58ff005c,new
columns/001-ball-count/analysis/r_bcap_history_20260928/figure_review_2016_20260928T054452Z/caption_fix/after/pitch_ff_2024_count_mobile.png,23070,1fd008867d9ab124d3bb2f201c7657173c9b3f2dd1b76ea49c7203c468065579,new
columns/001-ball-count/analysis/r_bcap_history_20260928/figure_review_2016_20260928T054452Z/caption_fix/after/pitch_ff_2025_count_mobile.png,23196,b0fc018af9f743cc90028725fa6246ed6719c8fa426b9353c1f26893b25632c3,new
columns/001-ball-count/analysis/r_bcap_history_20260928/figure_review_2016_20260928T054452Z/caption_fix/after/pitch_ff_count_history.png,114452,d711e9cf5438a07d83cd09211e5d1a552aee2adbf9c266d3f79a5f888c8ea713,new
columns/001-ball-count/analysis/r_bcap_history_20260928/figure_review_2016_20260928T054452Z/caption_fix/after/pitch_sb_2016_count_mobile.png,27518,85225e5327ecfa886492157e1a806e0b0b49bf449dd901a29d2e0f64b128e13a,new
columns/001-ball-count/analysis/r_bcap_history_20260928/figure_review_2016_20260928T054452Z/caption_fix/after/pitch_sb_2017_count_mobile.png,24145,e3f022f10534a6cee71552cb8277d2b072d2b3ded0b507ae3bffadf9adff9c50,new
columns/001-ball-count/analysis/r_bcap_history_20260928/figure_review_2016_20260928T054452Z/caption_fix/after/pitch_sb_2018_count_mobile.png,24237,b1c690c02684f2820c0f4040603ab0956a0ebcdbf370b8f5cc85a2b8482ace30,new
columns/001-ball-count/analysis/r_bcap_history_20260928/figure_review_2016_20260928T054452Z/caption_fix/after/pitch_sb_2019_count_mobile.png,24328,9e1166d40884389c4ff70b940c9bc79c3553506d71dd9ddf53ef5bed7fd6a499,new
columns/001-ball-count/analysis/r_bcap_history_20260928/figure_review_2016_20260928T054452Z/caption_fix/after/pitch_sb_2020_count_mobile.png,24557,7ca30cd2350b526a4caa235baaf3a6c54f4eafbf4f2ae49d14219d9efe64b1e8,new
columns/001-ball-count/analysis/r_bcap_history_20260928/figure_review_2016_20260928T054452Z/caption_fix/after/pitch_sb_2021_count_mobile.png,24039,2ea1ce40033ab7fc502aab1ac064be7de7120d675968bdf77373b806216a710f,new
columns/001-ball-count/analysis/r_bcap_history_20260928/figure_review_2016_20260928T054452Z/caption_fix/after/pitch_sb_2022_count_mobile.png,24920,8b847395b967bb9f05a22169eaeee6428ab6b4e6d833326e8c3a46d3ccecb6fe,new
columns/001-ball-count/analysis/r_bcap_history_20260928/figure_review_2016_20260928T054452Z/caption_fix/after/pitch_sb_2023_count_mobile.png,24183,76c9d8a576fffb052681ab227fc4eafdfa06d3ed035a517cbf4cb0313b19ae1b,new
columns/001-ball-count/analysis/r_bcap_history_20260928/figure_review_2016_20260928T054452Z/caption_fix/after/pitch_sb_2024_count_mobile.png,24608,d4f2ac6fe9548404141e5777448e313b6ade79fe10d2438ada769b154db95f3c,new
columns/001-ball-count/analysis/r_bcap_history_20260928/figure_review_2016_20260928T054452Z/caption_fix/after/pitch_sb_2025_count_mobile.png,25179,595248b73d3b47849bc0dc8c3ac53cd8e009d05540d2112908d311b2ee05ca1e,new
columns/001-ball-count/analysis/r_bcap_history_20260928/figure_review_2016_20260928T054452Z/caption_fix/after/pitch_sb_count_history.png,98493,cb3caf3b97f9629e1101f33d13197184369778413c2efc61164f21fcb2de101f,new
columns/001-ball-count/analysis/r_bcap_history_20260928/figure_review_2016_20260928T054452Z/caption_fix/after/render_bcap_history.R,28073,968fae2b148242effafff9db3c539cf724e39066c9c4e6089af687cc59322c4f,new
columns/001-ball-count/analysis/r_bcap_history_20260928/figure_review_2016_20260928T054452Z/caption_fix/after/report.html,48286,de0803fbf535d9702f38c2fab1974b1bf2b52754ca2e865f9099567481cce1f8,new
columns/001-ball-count/analysis/r_bcap_history_20260928/figure_review_2016_20260928T054452Z/caption_fix/after/report.md,25442,400028852981a0ae733ad575cee2961fa777243039503de659c5c81016f0550b,new
columns/001-ball-count/analysis/r_bcap_history_20260928/figure_review_2016_20260928T054452Z/caption_fix/after/report_validation.json,76093,3237f6900e5d011091a0609ce3f896a6fb97a4c93dc1092bb257e346b56c77fb,new
columns/001-ball-count/analysis/r_bcap_history_20260928/figure_review_2016_20260928T054452Z/caption_fix/after/summary.csv,2235365,55d222b81b014f7637636e3b5c86724ad713591239fb43d2c718e8ee517ca18a,new
columns/001-ball-count/analysis/r_bcap_history_20260928/figure_review_2016_20260928T054452Z/caption_fix/after/swing_2016_count_mobile.png,28565,c721597bfc65e35e9a01c0439d38ae11d666f539d6fc8dc621ab42336f789df7,new
columns/001-ball-count/analysis/r_bcap_history_20260928/figure_review_2016_20260928T054452Z/caption_fix/after/swing_2017_count_mobile.png,26534,6a8a291c2011aed725ed532fce7c7479ccbd3040be6bbd86cf61eabdfb595327,new
columns/001-ball-count/analysis/r_bcap_history_20260928/figure_review_2016_20260928T054452Z/caption_fix/after/swing_2018_count_mobile.png,23753,4d2c4b9658d4d208381741dbf89bfb06e68e2ecc79fe94f1f88c975b4080bd7b,new
columns/001-ball-count/analysis/r_bcap_history_20260928/figure_review_2016_20260928T054452Z/caption_fix/after/swing_2019_count_mobile.png,27378,27669f285a591c6ae1b511723ee8ba90168722b5169fab2b7e19c6eadd732c26,new
columns/001-ball-count/analysis/r_bcap_history_20260928/figure_review_2016_20260928T054452Z/caption_fix/after/swing_2020_count_mobile.png,25344,3c8e794f386ab141471f7f6bc289927987ebbc0ae570e14a8a88a9cbfa93856d,new
columns/001-ball-count/analysis/r_bcap_history_20260928/figure_review_2016_20260928T054452Z/caption_fix/after/swing_2021_count_mobile.png,25514,120494c9509dce5950cf86fc5bd5aea6a5016dd812bd40ccf984ab0d8c9246d3,new
columns/001-ball-count/analysis/r_bcap_history_20260928/figure_review_2016_20260928T054452Z/caption_fix/after/swing_2022_count_mobile.png,25497,2a158bca1c477715f9a3f2de9507028ee353269adb9eff0933c3e4f6bb352256,new
columns/001-ball-count/analysis/r_bcap_history_20260928/figure_review_2016_20260928T054452Z/caption_fix/after/swing_2023_count_mobile.png,23768,02a82b661ab46c2cad13aec3dd4f457def3eac5129d92735dcf7025becc9ad4a,new
columns/001-ball-count/analysis/r_bcap_history_20260928/figure_review_2016_20260928T054452Z/caption_fix/after/swing_2024_count_mobile.png,26690,92017c51f791315a29448f379646e234f287a12b04fb801b89f2b09c7118e741,new
columns/001-ball-count/analysis/r_bcap_history_20260928/figure_review_2016_20260928T054452Z/caption_fix/after/swing_2025_count_mobile.png,27162,2d440329c4daf3fd265ff9debb2aa9a44306070cee29804a5adec18743e3fcab,new
columns/001-ball-count/analysis/r_bcap_history_20260928/figure_review_2016_20260928T054452Z/caption_fix/after/swing_count_history.png,92867,9acd803859f093c10638f8efaac7875a24568f21272e4ca9222ad4fd68845daa,new
columns/001-ball-count/analysis/r_bcap_history_20260928/figure_review_2016_20260928T054452Z/caption_fix/before/pitch_2016_count_mobile.png,25620,ca03722df1a8e6df23ae9a7a62f3995243a273a0fbcfce273701cbd53837987a,new
columns/001-ball-count/analysis/r_bcap_history_20260928/figure_review_2016_20260928T054452Z/caption_fix/before/pitch_2017_count_mobile.png,26126,a424c76000fb5ff9718aebe08c0d5ae28f8e11778fab4184f23a680a37dfd24a,new
columns/001-ball-count/analysis/r_bcap_history_20260928/figure_review_2016_20260928T054452Z/caption_fix/before/pitch_2018_count_mobile.png,25334,04b6b8cb865a33cca2f0c7a9fdff69e3d1dd52dcd8e0a0d181677ff16414c3a0,new
columns/001-ball-count/analysis/r_bcap_history_20260928/figure_review_2016_20260928T054452Z/caption_fix/before/pitch_2019_count_mobile.png,25540,2494a06a74cc92a28093d5af1245c58fe99ed72a115d9f154751b0f2c68309a5,new
columns/001-ball-count/analysis/r_bcap_history_20260928/figure_review_2016_20260928T054452Z/caption_fix/before/pitch_2020_count_mobile.png,25178,f786210543fc96b42d7082a787431ff73a52abd73260b6b90cca5ba1dc5a88eb,new
columns/001-ball-count/analysis/r_bcap_history_20260928/figure_review_2016_20260928T054452Z/caption_fix/before/pitch_2021_count_mobile.png,25324,dbc7bb144a57db0527979eee823fc4cb7ce68f98ba8f7ed9646c83ca1a3e313c,new
columns/001-ball-count/analysis/r_bcap_history_20260928/figure_review_2016_20260928T054452Z/caption_fix/before/pitch_2022_count_mobile.png,25940,f88b9304b5bf6506dbad6a90015f2697ed71959ba9be0b5ed759cabb26925abf,new
columns/001-ball-count/analysis/r_bcap_history_20260928/figure_review_2016_20260928T054452Z/caption_fix/before/pitch_2023_count_mobile.png,25662,5fc777c01e60d4e54c6c7014b6ffc1ee133743805a45941f56caba7c42d3fb3c,new
columns/001-ball-count/analysis/r_bcap_history_20260928/figure_review_2016_20260928T054452Z/caption_fix/before/pitch_2024_count_mobile.png,25465,debe2b7d48ba565e27eda891c6a19374deaf2056a9068de1ae6dd42edeab4b59,new
columns/001-ball-count/analysis/r_bcap_history_20260928/figure_review_2016_20260928T054452Z/caption_fix/before/pitch_2025_count_mobile.png,24619,0567132c80c9a9085be2ad4bbbcfb853f622e2da9d8fc0f56aef16e66a7259bc,new
columns/001-ball-count/analysis/r_bcap_history_20260928/figure_review_2016_20260928T054452Z/caption_fix/before/pitch_count_history.png,88739,a7548bd18bf768a7cc20fc65d15c024549a71453bb348faf862099ed1a25d884,new
columns/001-ball-count/analysis/r_bcap_history_20260928/figure_review_2016_20260928T054452Z/caption_fix/before/pitch_ff_2016_count_mobile.png,24582,87cb84ed71955028eb10df3ae818218cc6acdb98a3e86734fba01b331bd3c99a,new
columns/001-ball-count/analysis/r_bcap_history_20260928/figure_review_2016_20260928T054452Z/caption_fix/before/pitch_ff_2017_count_mobile.png,25420,d7ee68d79f147d8c440790edc6239a1c010ff8ab49e801954d8a61b1ddefe4d7,new
columns/001-ball-count/analysis/r_bcap_history_20260928/figure_review_2016_20260928T054452Z/caption_fix/before/pitch_ff_2018_count_mobile.png,24699,8941d7795e80ae89735f519d29d3ba7c7f3ed7b1286a927d8adc02d948d69125,new
columns/001-ball-count/analysis/r_bcap_history_20260928/figure_review_2016_20260928T054452Z/caption_fix/before/pitch_ff_2019_count_mobile.png,25545,1e48b5ea0dbb689de04b9650afdadd1a707a425f27549e4c9150f81c515acad8,new
columns/001-ball-count/analysis/r_bcap_history_20260928/figure_review_2016_20260928T054452Z/caption_fix/before/pitch_ff_2020_count_mobile.png,22452,bb569008b0b996e1131011c90aa1cdb3360e8fb94e5a375b04827e3013ed36da,new
columns/001-ball-count/analysis/r_bcap_history_20260928/figure_review_2016_20260928T054452Z/caption_fix/before/pitch_ff_2021_count_mobile.png,24221,04def3c81e77a6a880e2ff14b1b31a3dcc5230bfb90a67cbba9bc1668e5d5047,new
columns/001-ball-count/analysis/r_bcap_history_20260928/figure_review_2016_20260928T054452Z/caption_fix/before/pitch_ff_2022_count_mobile.png,22853,575a398aaf2fc6edc24b18001b7f550d04147fb8aa8761877b736bedc54b4251,new
columns/001-ball-count/analysis/r_bcap_history_20260928/figure_review_2016_20260928T054452Z/caption_fix/before/pitch_ff_2023_count_mobile.png,25198,139d542f9a1250326078c6fb923460def0b2d3a3001ae14be0a53d2b58ff005c,new
columns/001-ball-count/analysis/r_bcap_history_20260928/figure_review_2016_20260928T054452Z/caption_fix/before/pitch_ff_2024_count_mobile.png,23070,1fd008867d9ab124d3bb2f201c7657173c9b3f2dd1b76ea49c7203c468065579,new
columns/001-ball-count/analysis/r_bcap_history_20260928/figure_review_2016_20260928T054452Z/caption_fix/before/pitch_ff_2025_count_mobile.png,23196,b0fc018af9f743cc90028725fa6246ed6719c8fa426b9353c1f26893b25632c3,new
columns/001-ball-count/analysis/r_bcap_history_20260928/figure_review_2016_20260928T054452Z/caption_fix/before/pitch_ff_count_history.png,112805,b378b074e84a4266f5aee501330e1054101a5aef3f4e64666306fb1f9456bd0f,new
columns/001-ball-count/analysis/r_bcap_history_20260928/figure_review_2016_20260928T054452Z/caption_fix/before/pitch_sb_2016_count_mobile.png,25488,33cc89de7d40f9488559ca2f0136b85e023de45c499f16140c8fdc648d20f4ae,new
columns/001-ball-count/analysis/r_bcap_history_20260928/figure_review_2016_20260928T054452Z/caption_fix/before/pitch_sb_2017_count_mobile.png,24145,e3f022f10534a6cee71552cb8277d2b072d2b3ded0b507ae3bffadf9adff9c50,new
columns/001-ball-count/analysis/r_bcap_history_20260928/figure_review_2016_20260928T054452Z/caption_fix/before/pitch_sb_2018_count_mobile.png,24237,b1c690c02684f2820c0f4040603ab0956a0ebcdbf370b8f5cc85a2b8482ace30,new
columns/001-ball-count/analysis/r_bcap_history_20260928/figure_review_2016_20260928T054452Z/caption_fix/before/pitch_sb_2019_count_mobile.png,24328,9e1166d40884389c4ff70b940c9bc79c3553506d71dd9ddf53ef5bed7fd6a499,new
columns/001-ball-count/analysis/r_bcap_history_20260928/figure_review_2016_20260928T054452Z/caption_fix/before/pitch_sb_2020_count_mobile.png,24557,7ca30cd2350b526a4caa235baaf3a6c54f4eafbf4f2ae49d14219d9efe64b1e8,new
columns/001-ball-count/analysis/r_bcap_history_20260928/figure_review_2016_20260928T054452Z/caption_fix/before/pitch_sb_2021_count_mobile.png,24039,2ea1ce40033ab7fc502aab1ac064be7de7120d675968bdf77373b806216a710f,new
columns/001-ball-count/analysis/r_bcap_history_20260928/figure_review_2016_20260928T054452Z/caption_fix/before/pitch_sb_2022_count_mobile.png,24920,8b847395b967bb9f05a22169eaeee6428ab6b4e6d833326e8c3a46d3ccecb6fe,new
columns/001-ball-count/analysis/r_bcap_history_20260928/figure_review_2016_20260928T054452Z/caption_fix/before/pitch_sb_2023_count_mobile.png,24183,76c9d8a576fffb052681ab227fc4eafdfa06d3ed035a517cbf4cb0313b19ae1b,new
columns/001-ball-count/analysis/r_bcap_history_20260928/figure_review_2016_20260928T054452Z/caption_fix/before/pitch_sb_2024_count_mobile.png,24608,d4f2ac6fe9548404141e5777448e313b6ade79fe10d2438ada769b154db95f3c,new
columns/001-ball-count/analysis/r_bcap_history_20260928/figure_review_2016_20260928T054452Z/caption_fix/before/pitch_sb_2025_count_mobile.png,25179,595248b73d3b47849bc0dc8c3ac53cd8e009d05540d2112908d311b2ee05ca1e,new
columns/001-ball-count/analysis/r_bcap_history_20260928/figure_review_2016_20260928T054452Z/caption_fix/before/pitch_sb_count_history.png,106234,ed12083e3c655158006162c8ee1e387c6e83204743a70eb79de98e5000fcf729,new
columns/001-ball-count/analysis/r_bcap_history_20260928/figure_review_2016_20260928T054452Z/caption_fix/before/render_bcap_history.R,27369,a825d7f2942739d5cd3799356400862c2252052a58e92f0ca1c99c8a92919776,new
columns/001-ball-count/analysis/r_bcap_history_20260928/figure_review_2016_20260928T054452Z/caption_fix/before/report.html,48286,3f0fb4f8be9169192537f73326a3d98b7e306b0f514f144ebb6083b5e30bfdf3,new
columns/001-ball-count/analysis/r_bcap_history_20260928/figure_review_2016_20260928T054452Z/caption_fix/before/report.md,25442,99c655cb2227356645c138f38c3722efc72b2f24115c2b0428d9a55f5270fcf7,new
columns/001-ball-count/analysis/r_bcap_history_20260928/figure_review_2016_20260928T054452Z/caption_fix/before/report_validation.json,71536,1f36dbabfa00dc509739c4f3d2850aa6e586a061bf0ef62edff4f15ce8bd95aa,new
columns/001-ball-count/analysis/r_bcap_history_20260928/figure_review_2016_20260928T054452Z/caption_fix/before/summary.csv,2235365,55d222b81b014f7637636e3b5c86724ad713591239fb43d2c718e8ee517ca18a,new
columns/001-ball-count/analysis/r_bcap_history_20260928/figure_review_2016_20260928T054452Z/caption_fix/before/swing_2016_count_mobile.png,26681,8f218781f76a6ee103613fe237708d07d12d4bb82ec274f6b0b41757c772d6ce,new
columns/001-ball-count/analysis/r_bcap_history_20260928/figure_review_2016_20260928T054452Z/caption_fix/before/swing_2017_count_mobile.png,26534,6a8a291c2011aed725ed532fce7c7479ccbd3040be6bbd86cf61eabdfb595327,new
columns/001-ball-count/analysis/r_bcap_history_20260928/figure_review_2016_20260928T054452Z/caption_fix/before/swing_2018_count_mobile.png,23753,4d2c4b9658d4d208381741dbf89bfb06e68e2ecc79fe94f1f88c975b4080bd7b,new
columns/001-ball-count/analysis/r_bcap_history_20260928/figure_review_2016_20260928T054452Z/caption_fix/before/swing_2019_count_mobile.png,27378,27669f285a591c6ae1b511723ee8ba90168722b5169fab2b7e19c6eadd732c26,new
columns/001-ball-count/analysis/r_bcap_history_20260928/figure_review_2016_20260928T054452Z/caption_fix/before/swing_2020_count_mobile.png,25344,3c8e794f386ab141471f7f6bc289927987ebbc0ae570e14a8a88a9cbfa93856d,new
columns/001-ball-count/analysis/r_bcap_history_20260928/figure_review_2016_20260928T054452Z/caption_fix/before/swing_2021_count_mobile.png,25514,120494c9509dce5950cf86fc5bd5aea6a5016dd812bd40ccf984ab0d8c9246d3,new
columns/001-ball-count/analysis/r_bcap_history_20260928/figure_review_2016_20260928T054452Z/caption_fix/before/swing_2022_count_mobile.png,25497,2a158bca1c477715f9a3f2de9507028ee353269adb9eff0933c3e4f6bb352256,new
columns/001-ball-count/analysis/r_bcap_history_20260928/figure_review_2016_20260928T054452Z/caption_fix/before/swing_2023_count_mobile.png,23768,02a82b661ab46c2cad13aec3dd4f457def3eac5129d92735dcf7025becc9ad4a,new
columns/001-ball-count/analysis/r_bcap_history_20260928/figure_review_2016_20260928T054452Z/caption_fix/before/swing_2024_count_mobile.png,26690,92017c51f791315a29448f379646e234f287a12b04fb801b89f2b09c7118e741,new
columns/001-ball-count/analysis/r_bcap_history_20260928/figure_review_2016_20260928T054452Z/caption_fix/before/swing_2025_count_mobile.png,27162,2d440329c4daf3fd265ff9debb2aa9a44306070cee29804a5adec18743e3fcab,new
columns/001-ball-count/analysis/r_bcap_history_20260928/figure_review_2016_20260928T054452Z/caption_fix/before/swing_count_history.png,91012,a120e7790ef53a41ee5564dff05676500d27aa672a3e15acad1f16bbd3df1256,new
columns/001-ball-count/analysis/r_bcap_history_20260928/figure_review_2016_20260928T054452Z/caption_fix/before_snapshot.json,18884,c77c36ee999898a7420d736314dd5d54a8d9f31d750234971841f1bfdfde3ff0,new
columns/001-ball-count/analysis/r_bcap_history_20260928/figure_review_2016_20260928T054452Z/caption_fix/postflight.json,20354,96fa5b2fd29b6e08675573a62c7b5e60ce57c79835cacf6e0b794886eda54b18,new
columns/001-ball-count/analysis/r_bcap_history_20260928/figure_review_2016_20260928T054452Z/caption_fix/review.md,3008,c075dff510f962f4276eb1757be57a4a4c6cb2ee1a35ac92ebe9bde0ff3003f5,new
columns/001-ball-count/analysis/r_bcap_history_20260928/figure_review_2016_20260928T054452Z/caption_fix/verify_caption_snapshot.ps1,5167,765a9ddad25087dd5778f61bb0bb0efc5cff47266d4627e59e56db16d12c4a09,new
columns/001-ball-count/analysis/r_bcap_history_20260928/figure_review_2016_20260928T054452Z/caption_fix/visual_review.json,2499,81a1fcca36402df2ef46e6ae510247c9e8c853d53eb9a0a3f73e637761d610e1,new
columns/001-ball-count/analysis/r_bcap_history_20260928/figure_review_2016_20260928T054452Z/review.md,3876,1f62e853d773ea08e1f8fbbac15d2ad9512231700716f92ad2a2259ab12d0e46,new
columns/001-ball-count/analysis/r_bcap_history_20260928/figure_review_2016_20260928T054452Z/snapshot/bcap_pitch_ff_r_history__mlb_2016__20260928__r01/action_values.csv,7429,7ef17f7a15e4dbfc9b1a0bb27cde0152f60be4a650e6af0e9d31729eb66164ce,new
columns/001-ball-count/analysis/r_bcap_history_20260928/figure_review_2016_20260928T054452Z/snapshot/bcap_pitch_ff_r_history__mlb_2016__20260928__r01/checks.json,3002,38b1faa42c603d3ea29051b686cd9bd221ae38c28b1d610be49b74004fe207d7,new
columns/001-ball-count/analysis/r_bcap_history_20260928/figure_review_2016_20260928T054452Z/snapshot/bcap_pitch_ff_r_history__mlb_2016__20260928__r01/manifest.json,29676,de2f9691c75771ff9af3111438a1bb94fc862413b65c9222c77ac6d36bc27407,new
columns/001-ball-count/analysis/r_bcap_history_20260928/figure_review_2016_20260928T054452Z/snapshot/bcap_pitch_ff_r_history__mlb_2016__20260928__r01/metrics.json,317,4d8174e24e591e5ce44909544bf67fee5b7a1850cbff089df8f063d426d25648,new
columns/001-ball-count/analysis/r_bcap_history_20260928/figure_review_2016_20260928T054452Z/snapshot/bcap_pitch_ff_r_history__mlb_2016__20260928__r01/year_values.csv,7504,2af5ebc3a40ad9087c483e7ac686710c90161aec2565372d79d8ee1a21edbbfa,new
columns/001-ball-count/analysis/r_bcap_history_20260928/figure_review_2016_20260928T054452Z/snapshot/bcap_pitch_r_history__mlb_2016__20260928__r01/action_values.csv,7332,ce7289f17c17a94f3f80dccf7a6d672cf58364acaad4b09b3bd773768be07610,new
columns/001-ball-count/analysis/r_bcap_history_20260928/figure_review_2016_20260928T054452Z/snapshot/bcap_pitch_r_history__mlb_2016__20260928__r01/checks.json,3002,38b1faa42c603d3ea29051b686cd9bd221ae38c28b1d610be49b74004fe207d7,new
columns/001-ball-count/analysis/r_bcap_history_20260928/figure_review_2016_20260928T054452Z/snapshot/bcap_pitch_r_history__mlb_2016__20260928__r01/manifest.json,30402,87d1e13fe30579ea5a079ebf3a7d5812b2c1f087e9a9664704f10e261dcd5307,new
columns/001-ball-count/analysis/r_bcap_history_20260928/figure_review_2016_20260928T054452Z/snapshot/bcap_pitch_r_history__mlb_2016__20260928__r01/metrics.json,317,febc80703ef9a3e35a59e2e6b99668eba49d5db09da62ac0471a034d6c964ed4,new
columns/001-ball-count/analysis/r_bcap_history_20260928/figure_review_2016_20260928T054452Z/snapshot/bcap_pitch_r_history__mlb_2016__20260928__r01/year_values.csv,7407,602df1ecd558360ab2c4df5676ce97960f2fbcbe1a8363ec41f5cd1b8f099dc0,new
columns/001-ball-count/analysis/r_bcap_history_20260928/figure_review_2016_20260928T054452Z/snapshot/bcap_pitch_sb_r_history__mlb_2016__20260928__r01/action_values.csv,7303,b204baa458bd3891c454d82f6484d0d6cebc9a3bcc5906f129aebc4a6875a237,new
columns/001-ball-count/analysis/r_bcap_history_20260928/figure_review_2016_20260928T054452Z/snapshot/bcap_pitch_sb_r_history__mlb_2016__20260928__r01/checks.json,3002,38b1faa42c603d3ea29051b686cd9bd221ae38c28b1d610be49b74004fe207d7,new
columns/001-ball-count/analysis/r_bcap_history_20260928/figure_review_2016_20260928T054452Z/snapshot/bcap_pitch_sb_r_history__mlb_2016__20260928__r01/manifest.json,30444,f5a703a8010dc33f68c2bdb0bd5f2b607bb5eb9cabbd3d08335604625e7cef40,new
columns/001-ball-count/analysis/r_bcap_history_20260928/figure_review_2016_20260928T054452Z/snapshot/bcap_pitch_sb_r_history__mlb_2016__20260928__r01/metrics.json,316,8ad1651de32ffb3c90666f6da3e4d07622fb1ba65b24a73dc2784c0e0d1e0229,new
columns/001-ball-count/analysis/r_bcap_history_20260928/figure_review_2016_20260928T054452Z/snapshot/bcap_pitch_sb_r_history__mlb_2016__20260928__r01/year_values.csv,7378,24228cd46aafa6d4fbc10d63d81ddc2140fbded45af6474abdd7bdb15b3f14a2,new
columns/001-ball-count/analysis/r_bcap_history_20260928/figure_review_2016_20260928T054452Z/snapshot/bcap_swing_r_history__mlb_2016__20260928__r01/action_values.csv,108580,c3e79edd49e81ffd8f1ec7a82028cc05096a7680eaef08829b27722214de98fd,new
columns/001-ball-count/analysis/r_bcap_history_20260928/figure_review_2016_20260928T054452Z/snapshot/bcap_swing_r_history__mlb_2016__20260928__r01/checks.json,3002,38b1faa42c603d3ea29051b686cd9bd221ae38c28b1d610be49b74004fe207d7,new
columns/001-ball-count/analysis/r_bcap_history_20260928/figure_review_2016_20260928T054452Z/snapshot/bcap_swing_r_history__mlb_2016__20260928__r01/manifest.json,30798,5bbf91b1d966108d9c69f2aed0ae62ae188ee80578e9d03ede526c66f1ac0123,new
columns/001-ball-count/analysis/r_bcap_history_20260928/figure_review_2016_20260928T054452Z/snapshot/bcap_swing_r_history__mlb_2016__20260928__r01/metrics.json,318,3262561aa2a4057227007b6ab46b042cf60080326543a936d16a1a023ba00f6c,new
columns/001-ball-count/analysis/r_bcap_history_20260928/figure_review_2016_20260928T054452Z/snapshot/bcap_swing_r_history__mlb_2016__20260928__r01/year_values.csv,109555,5c364a2587b960e8a6d367951b810aae89ef6297448be4dfb51b1c508b04f719,new
columns/001-ball-count/analysis/r_bcap_history_20260928/figure_review_2016_20260928T054452Z/snapshot/pitch_2016_count_mobile.png,25620,ca03722df1a8e6df23ae9a7a62f3995243a273a0fbcfce273701cbd53837987a,new
columns/001-ball-count/analysis/r_bcap_history_20260928/figure_review_2016_20260928T054452Z/snapshot/pitch_ff_2016_count_mobile.png,24582,87cb84ed71955028eb10df3ae818218cc6acdb98a3e86734fba01b331bd3c99a,new
columns/001-ball-count/analysis/r_bcap_history_20260928/figure_review_2016_20260928T054452Z/snapshot/pitch_sb_2016_count_mobile.png,25488,33cc89de7d40f9488559ca2f0136b85e023de45c499f16140c8fdc648d20f4ae,new
columns/001-ball-count/analysis/r_bcap_history_20260928/figure_review_2016_20260928T054452Z/snapshot/report.html,48286,3f0fb4f8be9169192537f73326a3d98b7e306b0f514f144ebb6083b5e30bfdf3,new
columns/001-ball-count/analysis/r_bcap_history_20260928/figure_review_2016_20260928T054452Z/snapshot/report.md,25442,99c655cb2227356645c138f38c3722efc72b2f24115c2b0428d9a55f5270fcf7,new
columns/001-ball-count/analysis/r_bcap_history_20260928/figure_review_2016_20260928T054452Z/snapshot/report_validation.json,71536,1f36dbabfa00dc509739c4f3d2850aa6e586a061bf0ef62edff4f15ce8bd95aa,new
columns/001-ball-count/analysis/r_bcap_history_20260928/figure_review_2016_20260928T054452Z/snapshot/summary.csv,2235365,55d222b81b014f7637636e3b5c86724ad713591239fb43d2c718e8ee517ca18a,new
columns/001-ball-count/analysis/r_bcap_history_20260928/figure_review_2016_20260928T054452Z/snapshot/swing_2016_count_mobile.png,26681,8f218781f76a6ee103613fe237708d07d12d4bb82ec274f6b0b41757c772d6ce,new
columns/001-ball-count/analysis/r_bcap_history_20260928/figure_review_2016_20260928T054452Z/snapshot_manifest.json,13397,55ba4a18cf6f4def0f7e79cf7f1a2a2fc14f9b18929e802a0163df8be90d9bea,new
columns/001-ball-count/analysis/r_bcap_history_20260928/figure_review_2016_20260928T054452Z/visual_review.json,5416,b73c81b6cfa4874fe51f4700c6f8e1770d2bb73247cf94bb5fd6ddb1572d1408,new
columns/001-ball-count/analysis/r_bcap_history_20260928/figure_review_2017_20260928T052449Z/review.md,3256,762533b6f87b8eebfba5ee4765748a530246557c2369d740d98ca991f603e143,new
columns/001-ball-count/analysis/r_bcap_history_20260928/figure_review_2017_20260928T052449Z/snapshot/bcap_pitch_ff_r_history__mlb_2017__20260928__r01/action_values.csv,7420,78c49f0f983b9ad8ff7ec5e4dbe86e8c3697d14a4a89cc15ec999ee0d8700659,new
columns/001-ball-count/analysis/r_bcap_history_20260928/figure_review_2017_20260928T052449Z/snapshot/bcap_pitch_ff_r_history__mlb_2017__20260928__r01/checks.json,3002,38b1faa42c603d3ea29051b686cd9bd221ae38c28b1d610be49b74004fe207d7,new
columns/001-ball-count/analysis/r_bcap_history_20260928/figure_review_2017_20260928T052449Z/snapshot/bcap_pitch_ff_r_history__mlb_2017__20260928__r01/manifest.json,29656,589e28ea1631a6a5cd1dfc14e7d0b8e03a8066aad812070be028b288af8818bf,new
columns/001-ball-count/analysis/r_bcap_history_20260928/figure_review_2017_20260928T052449Z/snapshot/bcap_pitch_ff_r_history__mlb_2017__20260928__r01/metrics.json,317,3c53b8d24766a1bc2c5a81bfcae5fbf3939feba26d542d79185daba91a7c9791,new
columns/001-ball-count/analysis/r_bcap_history_20260928/figure_review_2017_20260928T052449Z/snapshot/bcap_pitch_ff_r_history__mlb_2017__20260928__r01/year_values.csv,7495,9dd594cbd3b37832fa852d9ea504ead45c1bfd15b5a68ee8d3c5d7d44ad200ea,new
columns/001-ball-count/analysis/r_bcap_history_20260928/figure_review_2017_20260928T052449Z/snapshot/bcap_pitch_r_history__mlb_2017__20260928__r01/action_values.csv,7333,249208fff0c095b355e98bfcc530a81c7271eec8465dac7c1bac8d866ae4ff07,new
columns/001-ball-count/analysis/r_bcap_history_20260928/figure_review_2017_20260928T052449Z/snapshot/bcap_pitch_r_history__mlb_2017__20260928__r01/checks.json,3002,38b1faa42c603d3ea29051b686cd9bd221ae38c28b1d610be49b74004fe207d7,new
columns/001-ball-count/analysis/r_bcap_history_20260928/figure_review_2017_20260928T052449Z/snapshot/bcap_pitch_r_history__mlb_2017__20260928__r01/manifest.json,30381,aa801947001453a6943d20b2e3e26b046cd547a293e2126ae13666f66ebefa70,new
columns/001-ball-count/analysis/r_bcap_history_20260928/figure_review_2017_20260928T052449Z/snapshot/bcap_pitch_r_history__mlb_2017__20260928__r01/metrics.json,316,adbfe3649589ae3c4eab16afade5d41b9f9cdce50488950e172c36e783c357e2,new
columns/001-ball-count/analysis/r_bcap_history_20260928/figure_review_2017_20260928T052449Z/snapshot/bcap_pitch_r_history__mlb_2017__20260928__r01/year_values.csv,7408,c295dfab26b73b0d827bbbff9b7794085d4e381708d3d85ee86ef23754a35499,new
columns/001-ball-count/analysis/r_bcap_history_20260928/figure_review_2017_20260928T052449Z/snapshot/bcap_pitch_sb_r_history__mlb_2017__20260928__r01/action_values.csv,7303,182ad869d5368077b01c6922d4b52b09628d0215db7111b378d4ef55783397e2,new
columns/001-ball-count/analysis/r_bcap_history_20260928/figure_review_2017_20260928T052449Z/snapshot/bcap_pitch_sb_r_history__mlb_2017__20260928__r01/checks.json,3002,38b1faa42c603d3ea29051b686cd9bd221ae38c28b1d610be49b74004fe207d7,new
columns/001-ball-count/analysis/r_bcap_history_20260928/figure_review_2017_20260928T052449Z/snapshot/bcap_pitch_sb_r_history__mlb_2017__20260928__r01/manifest.json,30425,69e95b66829339fd5590c063f92fd8e7e36fe25122ff0907bfc5ca54eed386e8,new
columns/001-ball-count/analysis/r_bcap_history_20260928/figure_review_2017_20260928T052449Z/snapshot/bcap_pitch_sb_r_history__mlb_2017__20260928__r01/metrics.json,317,1b7cfaa1fe2947bb0ef9b4d9c3a60a7b25c264bf73054c12f8361daf3db07b79,new
columns/001-ball-count/analysis/r_bcap_history_20260928/figure_review_2017_20260928T052449Z/snapshot/bcap_pitch_sb_r_history__mlb_2017__20260928__r01/year_values.csv,7378,d13f77577f92218cfa63901d11dd3a2c58114041fbbfa0ebc5aa32e2a1797560,new
columns/001-ball-count/analysis/r_bcap_history_20260928/figure_review_2017_20260928T052449Z/snapshot/bcap_swing_r_history__mlb_2017__20260928__r01/action_values.csv,108350,9572b56052a8730d3d2b1031945f480e3f8843e8cf48c5d64fe179f6a97fe70e,new
columns/001-ball-count/analysis/r_bcap_history_20260928/figure_review_2017_20260928T052449Z/snapshot/bcap_swing_r_history__mlb_2017__20260928__r01/checks.json,3002,38b1faa42c603d3ea29051b686cd9bd221ae38c28b1d610be49b74004fe207d7,new
columns/001-ball-count/analysis/r_bcap_history_20260928/figure_review_2017_20260928T052449Z/snapshot/bcap_swing_r_history__mlb_2017__20260928__r01/manifest.json,30778,26be2301af7e37ffa1edb43c8d006bcd7a20adf274e9210d7916023365099b7b,new
columns/001-ball-count/analysis/r_bcap_history_20260928/figure_review_2017_20260928T052449Z/snapshot/bcap_swing_r_history__mlb_2017__20260928__r01/metrics.json,318,2cd55330a97f3a375d142c5549b2f52cde33f7b678349423122bee5ca26de2b7,new
columns/001-ball-count/analysis/r_bcap_history_20260928/figure_review_2017_20260928T052449Z/snapshot/bcap_swing_r_history__mlb_2017__20260928__r01/year_values.csv,109325,b3b8ea37688cf70174becdf0f5295e68596df473422cd00856e72f0efec50f21,new
columns/001-ball-count/analysis/r_bcap_history_20260928/figure_review_2017_20260928T052449Z/snapshot/pitch_2017_count_mobile.png,26126,a424c76000fb5ff9718aebe08c0d5ae28f8e11778fab4184f23a680a37dfd24a,new
columns/001-ball-count/analysis/r_bcap_history_20260928/figure_review_2017_20260928T052449Z/snapshot/pitch_ff_2017_count_mobile.png,25420,d7ee68d79f147d8c440790edc6239a1c010ff8ab49e801954d8a61b1ddefe4d7,new
columns/001-ball-count/analysis/r_bcap_history_20260928/figure_review_2017_20260928T052449Z/snapshot/pitch_sb_2017_count_mobile.png,24145,e3f022f10534a6cee71552cb8277d2b072d2b3ded0b507ae3bffadf9adff9c50,new
columns/001-ball-count/analysis/r_bcap_history_20260928/figure_review_2017_20260928T052449Z/snapshot/report.html,44640,150f788542682b8fed0f653fcafe00e46609a51fab16a5ab272e96945f338351,new
columns/001-ball-count/analysis/r_bcap_history_20260928/figure_review_2017_20260928T052449Z/snapshot/report.md,23640,4d7fd9d3a19ce4792e131c027813b6abc22eebeba587c77e9d0033d65a2912dc,new
columns/001-ball-count/analysis/r_bcap_history_20260928/figure_review_2017_20260928T052449Z/snapshot/report_validation.json,64546,8ddb3df3e4075071f1c74d9276d1f2a27143e2ad2194202615a6cf5161456d2c,new
columns/001-ball-count/analysis/r_bcap_history_20260928/figure_review_2017_20260928T052449Z/snapshot/summary.csv,2002023,cb293195d7ef32f05bf085f5a98ecbc4e69e2768696c791a50b825278682b8e9,new
columns/001-ball-count/analysis/r_bcap_history_20260928/figure_review_2017_20260928T052449Z/snapshot/swing_2017_count_mobile.png,26534,6a8a291c2011aed725ed532fce7c7479ccbd3040be6bbd86cf61eabdfb595327,new
columns/001-ball-count/analysis/r_bcap_history_20260928/figure_review_2017_20260928T052449Z/snapshot_manifest.json,13542,d2542a9a28d62d33aa7f23cf399ece69f8adcbb2619f89af20fe185d8e7ce23c,new
columns/001-ball-count/analysis/r_bcap_history_20260928/figure_review_2017_20260928T052449Z/visual_review.json,4709,a1a65ea7403b8aa4b91e0ce37e4fa81ea8855697f783c48da8cfeb577aa68e3e,new
columns/001-ball-count/analysis/r_bcap_history_20260928/figure_review_2018_20260928T052113Z/review.md,3444,414bfbf8839678be9ed693ea1765e3d77ef95e93f421b1c242c9f7f2757d445c,new
columns/001-ball-count/analysis/r_bcap_history_20260928/figure_review_2018_20260928T052113Z/snapshot/bcap_pitch_ff_r_history__mlb_2018__20260928__r01/action_values.csv,7426,db69ce416ccf1d29050bdb2fb9b9f45530d83f37c5cbbc2f61755a3dffe4682f,new
columns/001-ball-count/analysis/r_bcap_history_20260928/figure_review_2018_20260928T052113Z/snapshot/bcap_pitch_ff_r_history__mlb_2018__20260928__r01/checks.json,3002,38b1faa42c603d3ea29051b686cd9bd221ae38c28b1d610be49b74004fe207d7,new
columns/001-ball-count/analysis/r_bcap_history_20260928/figure_review_2018_20260928T052113Z/snapshot/bcap_pitch_ff_r_history__mlb_2018__20260928__r01/manifest.json,29858,daae8d4f56d8495ca3f7ccf6e90c4cf7f4eddcd047f3101e5d877c1725814bac,new
columns/001-ball-count/analysis/r_bcap_history_20260928/figure_review_2018_20260928T052113Z/snapshot/bcap_pitch_ff_r_history__mlb_2018__20260928__r01/metrics.json,317,5a3b8d7a49625ad20bfd53757eb97bebd3186ebb836ebb75e677f658a4795f40,new
columns/001-ball-count/analysis/r_bcap_history_20260928/figure_review_2018_20260928T052113Z/snapshot/bcap_pitch_ff_r_history__mlb_2018__20260928__r01/year_values.csv,7501,8502127c41464f9aca911d38b1863b2753e6664bcb82bc0c357caac72cb7a61a,new
columns/001-ball-count/analysis/r_bcap_history_20260928/figure_review_2018_20260928T052113Z/snapshot/bcap_pitch_r_history__mlb_2018__20260928__r01/action_values.csv,7343,5bbcbbd20a34f850180ccadb3e917e00b3f3b1bd0ee6ace6f73ac986a0bd0a59,new
columns/001-ball-count/analysis/r_bcap_history_20260928/figure_review_2018_20260928T052113Z/snapshot/bcap_pitch_r_history__mlb_2018__20260928__r01/checks.json,3002,38b1faa42c603d3ea29051b686cd9bd221ae38c28b1d610be49b74004fe207d7,new
columns/001-ball-count/analysis/r_bcap_history_20260928/figure_review_2018_20260928T052113Z/snapshot/bcap_pitch_r_history__mlb_2018__20260928__r01/manifest.json,30584,5a128d5f2a52a063811107898c4e2624af5d0d4532e5bc6d69e2b5a5f05e2c89,new
columns/001-ball-count/analysis/r_bcap_history_20260928/figure_review_2018_20260928T052113Z/snapshot/bcap_pitch_r_history__mlb_2018__20260928__r01/metrics.json,317,4eaa561423d9be43f7660a52e0f64665d2f7a2d72fecb6a6c9944852c4247590,new
columns/001-ball-count/analysis/r_bcap_history_20260928/figure_review_2018_20260928T052113Z/snapshot/bcap_pitch_r_history__mlb_2018__20260928__r01/year_values.csv,7418,4e50373fc850fdab50dcc00babefedbdf0d128837d311fee1750f6a442fe7ddf,new
columns/001-ball-count/analysis/r_bcap_history_20260928/figure_review_2018_20260928T052113Z/snapshot/bcap_pitch_sb_r_history__mlb_2018__20260928__r01/action_values.csv,7302,57d5f6b1c49c25650c34dd09d519274b26bc85fa310572d471f3ec65f4b80f3e,new
columns/001-ball-count/analysis/r_bcap_history_20260928/figure_review_2018_20260928T052113Z/snapshot/bcap_pitch_sb_r_history__mlb_2018__20260928__r01/checks.json,3002,38b1faa42c603d3ea29051b686cd9bd221ae38c28b1d610be49b74004fe207d7,new
columns/001-ball-count/analysis/r_bcap_history_20260928/figure_review_2018_20260928T052113Z/snapshot/bcap_pitch_sb_r_history__mlb_2018__20260928__r01/manifest.json,30627,8f35b7542c048edb007385c2f678b7dae94dc49ec4a12619f0f0b1a399ae3fb8,new
columns/001-ball-count/analysis/r_bcap_history_20260928/figure_review_2018_20260928T052113Z/snapshot/bcap_pitch_sb_r_history__mlb_2018__20260928__r01/metrics.json,317,c194c5c08bbb65f2f904fef3485fb7544fc1af70cf77166c7004a09269bf3343,new
columns/001-ball-count/analysis/r_bcap_history_20260928/figure_review_2018_20260928T052113Z/snapshot/bcap_pitch_sb_r_history__mlb_2018__20260928__r01/year_values.csv,7377,cb3a113d2724d6b284ca82917419e9c4ec6a4b9b9aadcd0f006fe36117c9763a,new
columns/001-ball-count/analysis/r_bcap_history_20260928/figure_review_2018_20260928T052113Z/snapshot/bcap_swing_r_history__mlb_2018__20260928__r01/action_values.csv,108635,21aaa859887d04de4e5fa2773e748ade60b5838708ae2893be4a56e386702825,new
columns/001-ball-count/analysis/r_bcap_history_20260928/figure_review_2018_20260928T052113Z/snapshot/bcap_swing_r_history__mlb_2018__20260928__r01/checks.json,3002,38b1faa42c603d3ea29051b686cd9bd221ae38c28b1d610be49b74004fe207d7,new
columns/001-ball-count/analysis/r_bcap_history_20260928/figure_review_2018_20260928T052113Z/snapshot/bcap_swing_r_history__mlb_2018__20260928__r01/manifest.json,30979,a23dae9da890d2c2353ee2c763067cd40c6aafc1a62b6e02d7bd65a1fb93fef0,new
columns/001-ball-count/analysis/r_bcap_history_20260928/figure_review_2018_20260928T052113Z/snapshot/bcap_swing_r_history__mlb_2018__20260928__r01/metrics.json,317,86873a90b2d274c8c5c25445545f4a42e346678d08dccb95f5d50a3509257c64,new
columns/001-ball-count/analysis/r_bcap_history_20260928/figure_review_2018_20260928T052113Z/snapshot/bcap_swing_r_history__mlb_2018__20260928__r01/year_values.csv,109610,6e1f17f958bd880566e03c36d99297efa3d5f7d1a8bb05d0d367178bb41d03b5,new
columns/001-ball-count/analysis/r_bcap_history_20260928/figure_review_2018_20260928T052113Z/snapshot/pitch_2018_count_mobile.png,25334,04b6b8cb865a33cca2f0c7a9fdff69e3d1dd52dcd8e0a0d181677ff16414c3a0,new
columns/001-ball-count/analysis/r_bcap_history_20260928/figure_review_2018_20260928T052113Z/snapshot/pitch_ff_2018_count_mobile.png,24699,8941d7795e80ae89735f519d29d3ba7c7f3ed7b1286a927d8adc02d948d69125,new
columns/001-ball-count/analysis/r_bcap_history_20260928/figure_review_2018_20260928T052113Z/snapshot/pitch_sb_2018_count_mobile.png,24237,b1c690c02684f2820c0f4040603ab0956a0ebcdbf370b8f5cc85a2b8482ace30,new
columns/001-ball-count/analysis/r_bcap_history_20260928/figure_review_2018_20260928T052113Z/snapshot/report.html,40998,48542fa124a794f2869ed6592acea01129ea9aa3f03a114c3bdcebfac34eeb78,new
columns/001-ball-count/analysis/r_bcap_history_20260928/figure_review_2018_20260928T052113Z/snapshot/report.md,21842,1dc0cc1cc9c53fd0da12ee7b06b9db1ab827b5ae0d7b2d884ac9e85db12e65a9,new
columns/001-ball-count/analysis/r_bcap_history_20260928/figure_review_2018_20260928T052113Z/snapshot/report_validation.json,57561,40b0e8d09ec75c56973d10cf0906a02edaeabadd93f79a6b720b29cf2bd2c6ab,new
columns/001-ball-count/analysis/r_bcap_history_20260928/figure_review_2018_20260928T052113Z/snapshot/summary.csv,1778669,9033342f20ae7fc28bc9d2a5a2fee9d489372872023e07b3c250e0c2e01f227b,new
columns/001-ball-count/analysis/r_bcap_history_20260928/figure_review_2018_20260928T052113Z/snapshot/swing_2018_count_mobile.png,23753,4d2c4b9658d4d208381741dbf89bfb06e68e2ecc79fe94f1f88c975b4080bd7b,new
columns/001-ball-count/analysis/r_bcap_history_20260928/figure_review_2018_20260928T052113Z/snapshot_manifest.json,13538,98596df3a46a9c9659654ce1de8958bc8f83e75be71168509fb2490d532b0a06,new
columns/001-ball-count/analysis/r_bcap_history_20260928/figure_review_2018_20260928T052113Z/visual_review.json,4714,a5fcc9a72d475d663ed66b1ba8888a82cdc403a246ab2eeb4b9e51c4e550d187,new
columns/001-ball-count/analysis/r_bcap_history_20260928/figure_review_2019_20260928T045736Z/qa_validation.json,5391,764a0b4cbc2e7da2d15a97b57563abda128bdaa704d828e901de8299a01b8984,new
columns/001-ball-count/analysis/r_bcap_history_20260928/figure_review_2019_20260928T045736Z/review.md,4529,d5d58ea4386ffa88639b66cfd09a03add62996f1f82e6134b401c0e3b3c2e0ed,new
columns/001-ball-count/analysis/r_bcap_history_20260928/figure_review_2019_20260928T045736Z/snapshot/bcap_pitch_ff_r_history__mlb_2019__20260928__r01/action_values.csv,7429,fa8403fbadaab6f28bf9ed5d56f236a7dbe00e1a8c086bc806d98630164a243f,new
columns/001-ball-count/analysis/r_bcap_history_20260928/figure_review_2019_20260928T045736Z/snapshot/bcap_pitch_ff_r_history__mlb_2019__20260928__r01/checks.json,3002,38b1faa42c603d3ea29051b686cd9bd221ae38c28b1d610be49b74004fe207d7,new
columns/001-ball-count/analysis/r_bcap_history_20260928/figure_review_2019_20260928T045736Z/snapshot/bcap_pitch_ff_r_history__mlb_2019__20260928__r01/manifest.json,30112,aa9f8070cbed33d173bad98a57655576ca5ed4dcbcdf715f3aaf634879539765,new
columns/001-ball-count/analysis/r_bcap_history_20260928/figure_review_2019_20260928T045736Z/snapshot/bcap_pitch_ff_r_history__mlb_2019__20260928__r01/metrics.json,317,bc77d91c6cd8a8e989cdb1101db8496d37b57cf6d1b71101b69ce186588cf9c4,new
columns/001-ball-count/analysis/r_bcap_history_20260928/figure_review_2019_20260928T045736Z/snapshot/bcap_pitch_ff_r_history__mlb_2019__20260928__r01/year_values.csv,7504,eb768b3f2a9e1eccfc1a833b30b3bf2343ced3eddff5b73e3e3ad8f1566f658e,new
columns/001-ball-count/analysis/r_bcap_history_20260928/figure_review_2019_20260928T045736Z/snapshot/bcap_pitch_r_history__mlb_2019__20260928__r01/action_values.csv,7332,ec29cd1e278318757c3edca9c81df7f46cf3eb1080672f945628e34feba53371,new
columns/001-ball-count/analysis/r_bcap_history_20260928/figure_review_2019_20260928T045736Z/snapshot/bcap_pitch_r_history__mlb_2019__20260928__r01/checks.json,3002,38b1faa42c603d3ea29051b686cd9bd221ae38c28b1d610be49b74004fe207d7,new
columns/001-ball-count/analysis/r_bcap_history_20260928/figure_review_2019_20260928T045736Z/snapshot/bcap_pitch_r_history__mlb_2019__20260928__r01/manifest.json,30838,382413c661cf6e805189ea72f5af44a062a8b6625466efc412c0a410d47fe47d,new
columns/001-ball-count/analysis/r_bcap_history_20260928/figure_review_2019_20260928T045736Z/snapshot/bcap_pitch_r_history__mlb_2019__20260928__r01/metrics.json,317,48d5849199234a9ae5b8f87a20fa1f7ae35a5dfa538bea19ba22c872e7881a5f,new
columns/001-ball-count/analysis/r_bcap_history_20260928/figure_review_2019_20260928T045736Z/snapshot/bcap_pitch_r_history__mlb_2019__20260928__r01/year_values.csv,7407,325ad3cec5539c1e600c05fb80476a8edd33bc18f591134c1ef228d490a2de2a,new
columns/001-ball-count/analysis/r_bcap_history_20260928/figure_review_2019_20260928T045736Z/snapshot/bcap_pitch_sb_r_history__mlb_2019__20260928__r01/action_values.csv,7306,f7738d081059aacc2826d5702f7d2d065cba9fdb361be33a25d1a12b75daab95,new
columns/001-ball-count/analysis/r_bcap_history_20260928/figure_review_2019_20260928T045736Z/snapshot/bcap_pitch_sb_r_history__mlb_2019__20260928__r01/checks.json,3002,38b1faa42c603d3ea29051b686cd9bd221ae38c28b1d610be49b74004fe207d7,new
columns/001-ball-count/analysis/r_bcap_history_20260928/figure_review_2019_20260928T045736Z/snapshot/bcap_pitch_sb_r_history__mlb_2019__20260928__r01/manifest.json,30884,3cb38bd54e697ef3f3fb767e5d95b6d2fe2b9bd6fc98b4a41366870288f0482d,new
columns/001-ball-count/analysis/r_bcap_history_20260928/figure_review_2019_20260928T045736Z/snapshot/bcap_pitch_sb_r_history__mlb_2019__20260928__r01/metrics.json,317,5695d7c6748eb5542e595982c6df778d8922193b03a1aa13a8d4706838267526,new
columns/001-ball-count/analysis/r_bcap_history_20260928/figure_review_2019_20260928T045736Z/snapshot/bcap_pitch_sb_r_history__mlb_2019__20260928__r01/year_values.csv,7381,53d7b8bdf57050b5f75c84440b8ff80e48807c724a182b89271b3f1cbb28e715,new
columns/001-ball-count/analysis/r_bcap_history_20260928/figure_review_2019_20260928T045736Z/snapshot/bcap_swing_r_history__mlb_2019__20260928__r01/action_values.csv,108555,083a3a080b967f0f00fc179e29fb1abd3a923c184cec35e7317bc3b31514cdff,new
columns/001-ball-count/analysis/r_bcap_history_20260928/figure_review_2019_20260928T045736Z/snapshot/bcap_swing_r_history__mlb_2019__20260928__r01/checks.json,3002,38b1faa42c603d3ea29051b686cd9bd221ae38c28b1d610be49b74004fe207d7,new
columns/001-ball-count/analysis/r_bcap_history_20260928/figure_review_2019_20260928T045736Z/snapshot/bcap_swing_r_history__mlb_2019__20260928__r01/manifest.json,31234,32fc8d1686c101aa90260fbed7d25f1590bbf2401ceb18f7b9d1bc2a735e6bb2,new
columns/001-ball-count/analysis/r_bcap_history_20260928/figure_review_2019_20260928T045736Z/snapshot/bcap_swing_r_history__mlb_2019__20260928__r01/metrics.json,318,b11501348c930fdb2ba5efa791ce35e509b866b46df3f9d26113cec3d05b8c2b,new
columns/001-ball-count/analysis/r_bcap_history_20260928/figure_review_2019_20260928T045736Z/snapshot/bcap_swing_r_history__mlb_2019__20260928__r01/year_values.csv,109530,993a87513a1f551c8e2a94b0846a03e812f1e97a54d0de193e8d77f04579e625,new
columns/001-ball-count/analysis/r_bcap_history_20260928/figure_review_2019_20260928T045736Z/snapshot/pitch_2019_count_mobile.png,25540,2494a06a74cc92a28093d5af1245c58fe99ed72a115d9f154751b0f2c68309a5,new
columns/001-ball-count/analysis/r_bcap_history_20260928/figure_review_2019_20260928T045736Z/snapshot/pitch_ff_2019_count_mobile.png,25545,1e48b5ea0dbb689de04b9650afdadd1a707a425f27549e4c9150f81c515acad8,new
columns/001-ball-count/analysis/r_bcap_history_20260928/figure_review_2019_20260928T045736Z/snapshot/pitch_sb_2019_count_mobile.png,24328,9e1166d40884389c4ff70b940c9bc79c3553506d71dd9ddf53ef5bed7fd6a499,new
columns/001-ball-count/analysis/r_bcap_history_20260928/figure_review_2019_20260928T045736Z/snapshot/report.html,37356,7cda7a9b55341eb55cbb8bd27dc9915c7d7e3a09b845a2f8a1f82f33d92c4566,new
columns/001-ball-count/analysis/r_bcap_history_20260928/figure_review_2019_20260928T045736Z/snapshot/report.md,20044,7928aa899b6d7b149840a0b454c1d153a9887f601866aa416e219c4b9c7570a6,new
columns/001-ball-count/analysis/r_bcap_history_20260928/figure_review_2019_20260928T045736Z/snapshot/report_validation.json,50577,23f43fe6be3a342695eae73dba439b4de314a54e199358e741efa61de1e0a05d,new
columns/001-ball-count/analysis/r_bcap_history_20260928/figure_review_2019_20260928T045736Z/snapshot/summary.csv,1555015,430ee459e4619dcad980869132bb9d2b5dc5e06c7d3cc179572c269f0c1b7efd,new
columns/001-ball-count/analysis/r_bcap_history_20260928/figure_review_2019_20260928T045736Z/snapshot/swing_2019_count_mobile.png,27378,27669f285a591c6ae1b511723ee8ba90168722b5169fab2b7e19c6eadd732c26,new
columns/001-ball-count/analysis/r_bcap_history_20260928/figure_review_2019_20260928T045736Z/snapshot_manifest.json,13538,e5fdee1c6d038f6e7b741e88349c86641e0fa731cc848ca7e6e68e1b7a4e5570,new
columns/001-ball-count/analysis/r_bcap_history_20260928/figure_review_2019_20260928T045736Z/verify_saved_snapshot.ps1,5169,6f6f57f25c7f0f6e484af240571aa1b92e79c002facb5f2c7e7a3f640437b5d3,new
columns/001-ball-count/analysis/r_bcap_history_20260928/figure_review_20260928T042928Z/after/pitch_2019_count_mobile.png,25540,2494a06a74cc92a28093d5af1245c58fe99ed72a115d9f154751b0f2c68309a5,new
columns/001-ball-count/analysis/r_bcap_history_20260928/figure_review_20260928T042928Z/after/pitch_2020_count_mobile.png,25178,f786210543fc96b42d7082a787431ff73a52abd73260b6b90cca5ba1dc5a88eb,new
columns/001-ball-count/analysis/r_bcap_history_20260928/figure_review_20260928T042928Z/after/pitch_2021_count_mobile.png,25324,dbc7bb144a57db0527979eee823fc4cb7ce68f98ba8f7ed9646c83ca1a3e313c,new
columns/001-ball-count/analysis/r_bcap_history_20260928/figure_review_20260928T042928Z/after/pitch_2022_count_mobile.png,25940,f88b9304b5bf6506dbad6a90015f2697ed71959ba9be0b5ed759cabb26925abf,new
columns/001-ball-count/analysis/r_bcap_history_20260928/figure_review_20260928T042928Z/after/pitch_2023_count_mobile.png,25662,5fc777c01e60d4e54c6c7014b6ffc1ee133743805a45941f56caba7c42d3fb3c,new
columns/001-ball-count/analysis/r_bcap_history_20260928/figure_review_20260928T042928Z/after/pitch_2024_count_mobile.png,25465,debe2b7d48ba565e27eda891c6a19374deaf2056a9068de1ae6dd42edeab4b59,new
columns/001-ball-count/analysis/r_bcap_history_20260928/figure_review_20260928T042928Z/after/pitch_2025_count_mobile.png,24619,0567132c80c9a9085be2ad4bbbcfb853f622e2da9d8fc0f56aef16e66a7259bc,new
columns/001-ball-count/analysis/r_bcap_history_20260928/figure_review_20260928T042928Z/after/pitch_count_history.png,70558,a2d22e805c836ec664497eeb50497c28eaa1f806c1333724a56ee25f5c505f34,new
columns/001-ball-count/analysis/r_bcap_history_20260928/figure_review_20260928T042928Z/after/pitch_ff_2020_count_mobile.png,22452,bb569008b0b996e1131011c90aa1cdb3360e8fb94e5a375b04827e3013ed36da,new
columns/001-ball-count/analysis/r_bcap_history_20260928/figure_review_20260928T042928Z/after/pitch_ff_2021_count_mobile.png,24221,04def3c81e77a6a880e2ff14b1b31a3dcc5230bfb90a67cbba9bc1668e5d5047,new
columns/001-ball-count/analysis/r_bcap_history_20260928/figure_review_20260928T042928Z/after/pitch_ff_2022_count_mobile.png,22853,575a398aaf2fc6edc24b18001b7f550d04147fb8aa8761877b736bedc54b4251,new
columns/001-ball-count/analysis/r_bcap_history_20260928/figure_review_20260928T042928Z/after/pitch_ff_2023_count_mobile.png,25198,139d542f9a1250326078c6fb923460def0b2d3a3001ae14be0a53d2b58ff005c,new
columns/001-ball-count/analysis/r_bcap_history_20260928/figure_review_20260928T042928Z/after/pitch_ff_2024_count_mobile.png,23070,1fd008867d9ab124d3bb2f201c7657173c9b3f2dd1b76ea49c7203c468065579,new
columns/001-ball-count/analysis/r_bcap_history_20260928/figure_review_20260928T042928Z/after/pitch_ff_2025_count_mobile.png,23196,b0fc018af9f743cc90028725fa6246ed6719c8fa426b9353c1f26893b25632c3,new
columns/001-ball-count/analysis/r_bcap_history_20260928/figure_review_20260928T042928Z/after/pitch_ff_count_history.png,73381,0d4adfd989ec010f63d52b75de52a1d14ab17e7d33883d6186a1fd86edb2a329,new
columns/001-ball-count/analysis/r_bcap_history_20260928/figure_review_20260928T042928Z/after/pitch_sb_2020_count_mobile.png,24557,7ca30cd2350b526a4caa235baaf3a6c54f4eafbf4f2ae49d14219d9efe64b1e8,new
columns/001-ball-count/analysis/r_bcap_history_20260928/figure_review_20260928T042928Z/after/pitch_sb_2021_count_mobile.png,24039,2ea1ce40033ab7fc502aab1ac064be7de7120d675968bdf77373b806216a710f,new
columns/001-ball-count/analysis/r_bcap_history_20260928/figure_review_20260928T042928Z/after/pitch_sb_2022_count_mobile.png,24920,8b847395b967bb9f05a22169eaeee6428ab6b4e6d833326e8c3a46d3ccecb6fe,new
columns/001-ball-count/analysis/r_bcap_history_20260928/figure_review_20260928T042928Z/after/pitch_sb_2023_count_mobile.png,24183,76c9d8a576fffb052681ab227fc4eafdfa06d3ed035a517cbf4cb0313b19ae1b,new
columns/001-ball-count/analysis/r_bcap_history_20260928/figure_review_20260928T042928Z/after/pitch_sb_2024_count_mobile.png,24608,d4f2ac6fe9548404141e5777448e313b6ade79fe10d2438ada769b154db95f3c,new
columns/001-ball-count/analysis/r_bcap_history_20260928/figure_review_20260928T042928Z/after/pitch_sb_2025_count_mobile.png,25179,595248b73d3b47849bc0dc8c3ac53cd8e009d05540d2112908d311b2ee05ca1e,new
columns/001-ball-count/analysis/r_bcap_history_20260928/figure_review_20260928T042928Z/after/pitch_sb_count_history.png,63770,a70ca93f65dcda63232448858ea917d22935af1e6605bf3dba29cf6b3399ed2a,new
columns/001-ball-count/analysis/r_bcap_history_20260928/figure_review_20260928T042928Z/after/render_bcap_history.R,27369,a825d7f2942739d5cd3799356400862c2252052a58e92f0ca1c99c8a92919776,new
columns/001-ball-count/analysis/r_bcap_history_20260928/figure_review_20260928T042928Z/after/report.html,34601,bcb1b86609bfa7a51f62484992d41a033a8b3a502579389a9bb615acb02e863c,new
columns/001-ball-count/analysis/r_bcap_history_20260928/figure_review_20260928T042928Z/after/report.md,18683,ed958a45ac162f07f11634ce74f1a5c4eb57f5437922ab3d54787e340fe125d9,new
columns/001-ball-count/analysis/r_bcap_history_20260928/figure_review_20260928T042928Z/after/report_validation.json,45486,f091bf63039c0b5a91982d4e9c717c5f419d8b596e676053603516cd635612f6,new
columns/001-ball-count/analysis/r_bcap_history_20260928/figure_review_20260928T042928Z/after/summary.csv,1343631,25651a3e8a1f235ae84b2eb0985b31f40e60d6a9cf8544a9013e43f4a691f9f5,new
columns/001-ball-count/analysis/r_bcap_history_20260928/figure_review_20260928T042928Z/after/swing_2020_count_mobile.png,25344,3c8e794f386ab141471f7f6bc289927987ebbc0ae570e14a8a88a9cbfa93856d,new
columns/001-ball-count/analysis/r_bcap_history_20260928/figure_review_20260928T042928Z/after/swing_2021_count_mobile.png,25514,120494c9509dce5950cf86fc5bd5aea6a5016dd812bd40ccf984ab0d8c9246d3,new
columns/001-ball-count/analysis/r_bcap_history_20260928/figure_review_20260928T042928Z/after/swing_2022_count_mobile.png,25497,2a158bca1c477715f9a3f2de9507028ee353269adb9eff0933c3e4f6bb352256,new
columns/001-ball-count/analysis/r_bcap_history_20260928/figure_review_20260928T042928Z/after/swing_2023_count_mobile.png,23768,02a82b661ab46c2cad13aec3dd4f457def3eac5129d92735dcf7025becc9ad4a,new
columns/001-ball-count/analysis/r_bcap_history_20260928/figure_review_20260928T042928Z/after/swing_2024_count_mobile.png,26690,92017c51f791315a29448f379646e234f287a12b04fb801b89f2b09c7118e741,new
columns/001-ball-count/analysis/r_bcap_history_20260928/figure_review_20260928T042928Z/after/swing_2025_count_mobile.png,27162,2d440329c4daf3fd265ff9debb2aa9a44306070cee29804a5adec18743e3fcab,new
columns/001-ball-count/analysis/r_bcap_history_20260928/figure_review_20260928T042928Z/after/swing_count_history.png,60621,204cc6e3bd33caa977a32a8549a826c323be77fc2a730b01c247eb0e05e9957e,new
columns/001-ball-count/analysis/r_bcap_history_20260928/figure_review_20260928T042928Z/before/pitch_2020_count_mobile.png,25241,c0a3e7433c80af984715c0fcd3d27ee0b69ede82525cf737af492bc10395bb13,new
columns/001-ball-count/analysis/r_bcap_history_20260928/figure_review_20260928T042928Z/before/pitch_2021_count_mobile.png,25324,dbc7bb144a57db0527979eee823fc4cb7ce68f98ba8f7ed9646c83ca1a3e313c,new
columns/001-ball-count/analysis/r_bcap_history_20260928/figure_review_20260928T042928Z/before/pitch_count_history.png,58434,1154b2f3727fee0cc5dd748a8f9a1f727032cb69d03d266ab8aef91b1862cce5,new
columns/001-ball-count/analysis/r_bcap_history_20260928/figure_review_20260928T042928Z/before/pitch_ff_2020_count_mobile.png,22452,bb569008b0b996e1131011c90aa1cdb3360e8fb94e5a375b04827e3013ed36da,new
columns/001-ball-count/analysis/r_bcap_history_20260928/figure_review_20260928T042928Z/before/pitch_ff_2021_count_mobile.png,24221,04def3c81e77a6a880e2ff14b1b31a3dcc5230bfb90a67cbba9bc1668e5d5047,new
columns/001-ball-count/analysis/r_bcap_history_20260928/figure_review_20260928T042928Z/before/pitch_ff_count_history.png,73381,0d4adfd989ec010f63d52b75de52a1d14ab17e7d33883d6186a1fd86edb2a329,new
columns/001-ball-count/analysis/r_bcap_history_20260928/figure_review_20260928T042928Z/before/pitch_sb_2020_count_mobile.png,24557,7ca30cd2350b526a4caa235baaf3a6c54f4eafbf4f2ae49d14219d9efe64b1e8,new
columns/001-ball-count/analysis/r_bcap_history_20260928/figure_review_20260928T042928Z/before/pitch_sb_2021_count_mobile.png,24039,2ea1ce40033ab7fc502aab1ac064be7de7120d675968bdf77373b806216a710f,new
columns/001-ball-count/analysis/r_bcap_history_20260928/figure_review_20260928T042928Z/before/pitch_sb_count_history.png,63770,a70ca93f65dcda63232448858ea917d22935af1e6605bf3dba29cf6b3399ed2a,new
columns/001-ball-count/analysis/r_bcap_history_20260928/figure_review_20260928T042928Z/before/render_bcap_history.R,26619,080261630306b8a653fcfd3c9b64157e01af3a650465712e64d2308511449cff,new
columns/001-ball-count/analysis/r_bcap_history_20260928/figure_review_20260928T042928Z/before/report.html,33714,75a137cacd3b9df9931e96097bac032c953560dd20c71b82ca888f7eecf2cc6c,new
columns/001-ball-count/analysis/r_bcap_history_20260928/figure_review_20260928T042928Z/before/report.md,18246,910e9071bc0b630bf774e8d4f02dd4a79d3995223cecec07561e3d51c7436bac,new
columns/001-ball-count/analysis/r_bcap_history_20260928/figure_review_20260928T042928Z/before/report_validation.json,37254,d20e9ce1a40d4df7a3d2524691ca01a33b340eff6ff893b527207d88f3e73989,new
columns/001-ball-count/analysis/r_bcap_history_20260928/figure_review_20260928T042928Z/before/summary.csv,1331441,371571dc19bed06585b1c49552a32d53b2f95aeba57a8d36111e30f4f4196b83,new
columns/001-ball-count/analysis/r_bcap_history_20260928/figure_review_20260928T042928Z/before/swing_2020_count_mobile.png,25344,3c8e794f386ab141471f7f6bc289927987ebbc0ae570e14a8a88a9cbfa93856d,new
columns/001-ball-count/analysis/r_bcap_history_20260928/figure_review_20260928T042928Z/before/swing_2021_count_mobile.png,25514,120494c9509dce5950cf86fc5bd5aea6a5016dd812bd40ccf984ab0d8c9246d3,new
columns/001-ball-count/analysis/r_bcap_history_20260928/figure_review_20260928T042928Z/before/swing_count_history.png,60621,204cc6e3bd33caa977a32a8549a826c323be77fc2a730b01c247eb0e05e9957e,new
columns/001-ball-count/analysis/r_bcap_history_20260928/figure_review_20260928T042928Z/before_snapshot.json,4375,418a652176cee7b896d7e2a7b92943d3d1246d1b895d56a230c057106225bae1,new
columns/001-ball-count/analysis/r_bcap_history_20260928/figure_review_20260928T042928Z/review.md,5178,8f12aad678116e6f458d12adcb98c9937008864581746344c48692d05cb45a62,new
columns/001-ball-count/analysis/r_bcap_history_20260928/figure_review_20260928T042928Z/snapshot_validation.json,12815,3bfed697dc65bd1044813c0fcd431fefa44aaf9cded962b3265a43cb66524c5d,new
columns/001-ball-count/analysis/r_bcap_history_20260928/figure_review_20260928T042928Z/verify_snapshot.ps1,4252,d589e92a2894ce120415a576a9aed773bfa5f41598e9d4f58c1a83500715f2a3,new
columns/001-ball-count/analysis/r_bcap_history_20260928/figure_review_20260928T042928Z/visual_review.json,5752,c71fbcf7cefcf4d0268562e7562cc3684bcc712bf9c5ac1e790271d29ce32212,new
columns/001-ball-count/analysis/r_bcap_history_20260928/final_browser_review.json,8705,ee2931c02d0769a0b290a53fc5e63b57148bd86a99c75281f5d50c3bf2b7ab12,new
columns/001-ball-count/analysis/r_bcap_history_20260928/final_browser_review.md,2932,9dfa211c8389d05975bb5ee2059abc7e99b15127c1d0a6a382fd983a570b5b2a,new
columns/001-ball-count/analysis/r_bcap_history_20260928/final_visual_review_20260928T063228Z/review.md,5243,18421cd80ac7667f9222a65822081ffb131edcf14af7ee1eb699b7762c968522,new
columns/001-ball-count/analysis/r_bcap_history_20260928/final_visual_review_20260928T063228Z/snapshot/pitch_2015_count_mobile.png,27576,ce488559dd26707eca6ca6751d253595217c84d282d6fe2b8262367ecc969ba5,new
columns/001-ball-count/analysis/r_bcap_history_20260928/final_visual_review_20260928T063228Z/snapshot/pitch_2016_count_mobile.png,27562,9b4185a1ac0b551ff4e55716a726265a6c186e2412d21651716b843a5ce09a8d,new
columns/001-ball-count/analysis/r_bcap_history_20260928/final_visual_review_20260928T063228Z/snapshot/pitch_2017_count_mobile.png,26126,a424c76000fb5ff9718aebe08c0d5ae28f8e11778fab4184f23a680a37dfd24a,new
columns/001-ball-count/analysis/r_bcap_history_20260928/final_visual_review_20260928T063228Z/snapshot/pitch_2018_count_mobile.png,25334,04b6b8cb865a33cca2f0c7a9fdff69e3d1dd52dcd8e0a0d181677ff16414c3a0,new
columns/001-ball-count/analysis/r_bcap_history_20260928/final_visual_review_20260928T063228Z/snapshot/pitch_2019_count_mobile.png,25540,2494a06a74cc92a28093d5af1245c58fe99ed72a115d9f154751b0f2c68309a5,new
columns/001-ball-count/analysis/r_bcap_history_20260928/final_visual_review_20260928T063228Z/snapshot/pitch_2020_count_mobile.png,25178,f786210543fc96b42d7082a787431ff73a52abd73260b6b90cca5ba1dc5a88eb,new
columns/001-ball-count/analysis/r_bcap_history_20260928/final_visual_review_20260928T063228Z/snapshot/pitch_2021_count_mobile.png,25324,dbc7bb144a57db0527979eee823fc4cb7ce68f98ba8f7ed9646c83ca1a3e313c,new
columns/001-ball-count/analysis/r_bcap_history_20260928/final_visual_review_20260928T063228Z/snapshot/pitch_2022_count_mobile.png,25940,f88b9304b5bf6506dbad6a90015f2697ed71959ba9be0b5ed759cabb26925abf,new
columns/001-ball-count/analysis/r_bcap_history_20260928/final_visual_review_20260928T063228Z/snapshot/pitch_2023_count_mobile.png,25662,5fc777c01e60d4e54c6c7014b6ffc1ee133743805a45941f56caba7c42d3fb3c,new
columns/001-ball-count/analysis/r_bcap_history_20260928/final_visual_review_20260928T063228Z/snapshot/pitch_2024_count_mobile.png,25465,debe2b7d48ba565e27eda891c6a19374deaf2056a9068de1ae6dd42edeab4b59,new
columns/001-ball-count/analysis/r_bcap_history_20260928/final_visual_review_20260928T063228Z/snapshot/pitch_2025_count_mobile.png,24619,0567132c80c9a9085be2ad4bbbcfb853f622e2da9d8fc0f56aef16e66a7259bc,new
columns/001-ball-count/analysis/r_bcap_history_20260928/final_visual_review_20260928T063228Z/snapshot/pitch_count_history.png,93767,72544509091cc2320fe5bfd50a65954d533d9a86264b9493e9b327f568ef0421,new
columns/001-ball-count/analysis/r_bcap_history_20260928/final_visual_review_20260928T063228Z/snapshot/pitch_ff_2015_count_mobile.png,25645,eaea1ed2d1453429234b1fe7e8aa09a00f5cc7c98ccf63c97902d7acf9e241dc,new
columns/001-ball-count/analysis/r_bcap_history_20260928/final_visual_review_20260928T063228Z/snapshot/pitch_ff_2016_count_mobile.png,26503,1f35d72a4d477f29cfbe385928d672467e694ab1952eab806e4745bf156a33a3,new
columns/001-ball-count/analysis/r_bcap_history_20260928/final_visual_review_20260928T063228Z/snapshot/pitch_ff_2017_count_mobile.png,25420,d7ee68d79f147d8c440790edc6239a1c010ff8ab49e801954d8a61b1ddefe4d7,new
columns/001-ball-count/analysis/r_bcap_history_20260928/final_visual_review_20260928T063228Z/snapshot/pitch_ff_2018_count_mobile.png,24699,8941d7795e80ae89735f519d29d3ba7c7f3ed7b1286a927d8adc02d948d69125,new
columns/001-ball-count/analysis/r_bcap_history_20260928/final_visual_review_20260928T063228Z/snapshot/pitch_ff_2019_count_mobile.png,25545,1e48b5ea0dbb689de04b9650afdadd1a707a425f27549e4c9150f81c515acad8,new
columns/001-ball-count/analysis/r_bcap_history_20260928/final_visual_review_20260928T063228Z/snapshot/pitch_ff_2020_count_mobile.png,22452,bb569008b0b996e1131011c90aa1cdb3360e8fb94e5a375b04827e3013ed36da,new
columns/001-ball-count/analysis/r_bcap_history_20260928/final_visual_review_20260928T063228Z/snapshot/pitch_ff_2021_count_mobile.png,24221,04def3c81e77a6a880e2ff14b1b31a3dcc5230bfb90a67cbba9bc1668e5d5047,new
columns/001-ball-count/analysis/r_bcap_history_20260928/final_visual_review_20260928T063228Z/snapshot/pitch_ff_2022_count_mobile.png,22853,575a398aaf2fc6edc24b18001b7f550d04147fb8aa8761877b736bedc54b4251,new
columns/001-ball-count/analysis/r_bcap_history_20260928/final_visual_review_20260928T063228Z/snapshot/pitch_ff_2023_count_mobile.png,25198,139d542f9a1250326078c6fb923460def0b2d3a3001ae14be0a53d2b58ff005c,new
columns/001-ball-count/analysis/r_bcap_history_20260928/final_visual_review_20260928T063228Z/snapshot/pitch_ff_2024_count_mobile.png,23070,1fd008867d9ab124d3bb2f201c7657173c9b3f2dd1b76ea49c7203c468065579,new
columns/001-ball-count/analysis/r_bcap_history_20260928/final_visual_review_20260928T063228Z/snapshot/pitch_ff_2025_count_mobile.png,23196,b0fc018af9f743cc90028725fa6246ed6719c8fa426b9353c1f26893b25632c3,new
columns/001-ball-count/analysis/r_bcap_history_20260928/final_visual_review_20260928T063228Z/snapshot/pitch_ff_count_history.png,122147,6041761fecda27a6e20c9823a54cff2d407ff3e3cb7b17ad73b5c8d295f0f0e3,new
columns/001-ball-count/analysis/r_bcap_history_20260928/final_visual_review_20260928T063228Z/snapshot/pitch_sb_2015_count_mobile.png,26090,b03a9c9403cc048be854a26bcad097f110a9b5a0ae5ca9cd126736597b710610,new
columns/001-ball-count/analysis/r_bcap_history_20260928/final_visual_review_20260928T063228Z/snapshot/pitch_sb_2016_count_mobile.png,27518,85225e5327ecfa886492157e1a806e0b0b49bf449dd901a29d2e0f64b128e13a,new
columns/001-ball-count/analysis/r_bcap_history_20260928/final_visual_review_20260928T063228Z/snapshot/pitch_sb_2017_count_mobile.png,24145,e3f022f10534a6cee71552cb8277d2b072d2b3ded0b507ae3bffadf9adff9c50,new
columns/001-ball-count/analysis/r_bcap_history_20260928/final_visual_review_20260928T063228Z/snapshot/pitch_sb_2018_count_mobile.png,24237,b1c690c02684f2820c0f4040603ab0956a0ebcdbf370b8f5cc85a2b8482ace30,new
columns/001-ball-count/analysis/r_bcap_history_20260928/final_visual_review_20260928T063228Z/snapshot/pitch_sb_2019_count_mobile.png,24328,9e1166d40884389c4ff70b940c9bc79c3553506d71dd9ddf53ef5bed7fd6a499,new
columns/001-ball-count/analysis/r_bcap_history_20260928/final_visual_review_20260928T063228Z/snapshot/pitch_sb_2020_count_mobile.png,24557,7ca30cd2350b526a4caa235baaf3a6c54f4eafbf4f2ae49d14219d9efe64b1e8,new
columns/001-ball-count/analysis/r_bcap_history_20260928/final_visual_review_20260928T063228Z/snapshot/pitch_sb_2021_count_mobile.png,24039,2ea1ce40033ab7fc502aab1ac064be7de7120d675968bdf77373b806216a710f,new
columns/001-ball-count/analysis/r_bcap_history_20260928/final_visual_review_20260928T063228Z/snapshot/pitch_sb_2022_count_mobile.png,24920,8b847395b967bb9f05a22169eaeee6428ab6b4e6d833326e8c3a46d3ccecb6fe,new
columns/001-ball-count/analysis/r_bcap_history_20260928/final_visual_review_20260928T063228Z/snapshot/pitch_sb_2023_count_mobile.png,24183,76c9d8a576fffb052681ab227fc4eafdfa06d3ed035a517cbf4cb0313b19ae1b,new
columns/001-ball-count/analysis/r_bcap_history_20260928/final_visual_review_20260928T063228Z/snapshot/pitch_sb_2024_count_mobile.png,24608,d4f2ac6fe9548404141e5777448e313b6ade79fe10d2438ada769b154db95f3c,new
columns/001-ball-count/analysis/r_bcap_history_20260928/final_visual_review_20260928T063228Z/snapshot/pitch_sb_2025_count_mobile.png,25179,595248b73d3b47849bc0dc8c3ac53cd8e009d05540d2112908d311b2ee05ca1e,new
columns/001-ball-count/analysis/r_bcap_history_20260928/final_visual_review_20260928T063228Z/snapshot/pitch_sb_count_history.png,104011,b7a9ea54dfbfdcb8e563568e4b0d9d84e4ab753fd5ac77770555df03a2db4276,new
columns/001-ball-count/analysis/r_bcap_history_20260928/final_visual_review_20260928T063228Z/snapshot/render_bcap_history.R,28073,968fae2b148242effafff9db3c539cf724e39066c9c4e6089af687cc59322c4f,new
columns/001-ball-count/analysis/r_bcap_history_20260928/final_visual_review_20260928T063228Z/snapshot/report.html,51960,45262410a816f3cf39d6f7e2cb175b8eb0d348182dc255deea2c0f47478590cd,new
columns/001-ball-count/analysis/r_bcap_history_20260928/final_visual_review_20260928T063228Z/snapshot/report.md,27272,0e56f5af68d10ac627f64f5ade98b6e983c321aaa8c4beaf7cbfe809f7d78a32,new
columns/001-ball-count/analysis/r_bcap_history_20260928/final_visual_review_20260928T063228Z/snapshot/report_validation.json,83306,6dda91897da1d7ccef31147cdeb27bd39a9b1083ad40b3bbcad40b54d23a9a37,new
columns/001-ball-count/analysis/r_bcap_history_20260928/final_visual_review_20260928T063228Z/snapshot/source_runs/bcap_pitch_ff_r__mlb_2024_2025__20260928__r01/action_values.csv,7497,888761624b36beb179270b9a7086d3dd4c0a97028ad7be8c2f9c109dca27b2d5,new
columns/001-ball-count/analysis/r_bcap_history_20260928/final_visual_review_20260928T063228Z/snapshot/source_runs/bcap_pitch_ff_r__mlb_2024_2025__20260928__r01/checks.json,4222,852b54304fa0511699ef1fc063a1ca8a33cd801caaa73c1363452b42c69c8e33,new
columns/001-ball-count/analysis/r_bcap_history_20260928/final_visual_review_20260928T063228Z/snapshot/source_runs/bcap_pitch_ff_r__mlb_2024_2025__20260928__r01/manifest.json,16548,771b16d5ba7221161b9851056f2fef85cdf9db237517b8b59d76bd88d652f0ca,new
columns/001-ball-count/analysis/r_bcap_history_20260928/final_visual_review_20260928T063228Z/snapshot/source_runs/bcap_pitch_ff_r__mlb_2024_2025__20260928__r01/metrics.json,326,8631e4c5a12eaa1346af1f065c810d25a3cde1794c133b34a670aa12b216b981,new
columns/001-ball-count/analysis/r_bcap_history_20260928/final_visual_review_20260928T063228Z/snapshot/source_runs/bcap_pitch_ff_r__mlb_2024_2025__20260928__r01/year_values.csv,14550,6a9ed2a889d195e14a30bf2f8d86c577f353a379ace4c3460a17d2430ec8787c,new
columns/001-ball-count/analysis/r_bcap_history_20260928/final_visual_review_20260928T063228Z/snapshot/source_runs/bcap_pitch_ff_r_history__mlb_2015__20260928__r01/action_values.csv,7406,27d0b36ed9079266617411f59a30d615cc2ca9af14ae637a55372fb2063a6f64,new
columns/001-ball-count/analysis/r_bcap_history_20260928/final_visual_review_20260928T063228Z/snapshot/source_runs/bcap_pitch_ff_r_history__mlb_2015__20260928__r01/checks.json,3002,38b1faa42c603d3ea29051b686cd9bd221ae38c28b1d610be49b74004fe207d7,new
columns/001-ball-count/analysis/r_bcap_history_20260928/final_visual_review_20260928T063228Z/snapshot/source_runs/bcap_pitch_ff_r_history__mlb_2015__20260928__r01/manifest.json,29666,19a1799f0bb0d253b4dc2b7eb448704dd8b574dae46560916f077ceacef2b6b4,new
columns/001-ball-count/analysis/r_bcap_history_20260928/final_visual_review_20260928T063228Z/snapshot/source_runs/bcap_pitch_ff_r_history__mlb_2015__20260928__r01/metrics.json,316,835d7663acf1d07e323b13a4bd6f0de98b3a969e0658534735bd9b38e4191ab4,new
columns/001-ball-count/analysis/r_bcap_history_20260928/final_visual_review_20260928T063228Z/snapshot/source_runs/bcap_pitch_ff_r_history__mlb_2015__20260928__r01/year_values.csv,7481,f79af6a029921679563ee93bb274377698b4564da9282df9e5c1b803f756e13b,new
columns/001-ball-count/analysis/r_bcap_history_20260928/final_visual_review_20260928T063228Z/snapshot/source_runs/bcap_pitch_ff_r_history__mlb_2016__20260928__r01/action_values.csv,7429,7ef17f7a15e4dbfc9b1a0bb27cde0152f60be4a650e6af0e9d31729eb66164ce,new
columns/001-ball-count/analysis/r_bcap_history_20260928/final_visual_review_20260928T063228Z/snapshot/source_runs/bcap_pitch_ff_r_history__mlb_2016__20260928__r01/checks.json,3002,38b1faa42c603d3ea29051b686cd9bd221ae38c28b1d610be49b74004fe207d7,new
columns/001-ball-count/analysis/r_bcap_history_20260928/final_visual_review_20260928T063228Z/snapshot/source_runs/bcap_pitch_ff_r_history__mlb_2016__20260928__r01/manifest.json,29676,de2f9691c75771ff9af3111438a1bb94fc862413b65c9222c77ac6d36bc27407,new
columns/001-ball-count/analysis/r_bcap_history_20260928/final_visual_review_20260928T063228Z/snapshot/source_runs/bcap_pitch_ff_r_history__mlb_2016__20260928__r01/metrics.json,317,4d8174e24e591e5ce44909544bf67fee5b7a1850cbff089df8f063d426d25648,new
columns/001-ball-count/analysis/r_bcap_history_20260928/final_visual_review_20260928T063228Z/snapshot/source_runs/bcap_pitch_ff_r_history__mlb_2016__20260928__r01/year_values.csv,7504,2af5ebc3a40ad9087c483e7ac686710c90161aec2565372d79d8ee1a21edbbfa,new
columns/001-ball-count/analysis/r_bcap_history_20260928/final_visual_review_20260928T063228Z/snapshot/source_runs/bcap_pitch_ff_r_history__mlb_2017__20260928__r01/action_values.csv,7420,78c49f0f983b9ad8ff7ec5e4dbe86e8c3697d14a4a89cc15ec999ee0d8700659,new
columns/001-ball-count/analysis/r_bcap_history_20260928/final_visual_review_20260928T063228Z/snapshot/source_runs/bcap_pitch_ff_r_history__mlb_2017__20260928__r01/checks.json,3002,38b1faa42c603d3ea29051b686cd9bd221ae38c28b1d610be49b74004fe207d7,new
columns/001-ball-count/analysis/r_bcap_history_20260928/final_visual_review_20260928T063228Z/snapshot/source_runs/bcap_pitch_ff_r_history__mlb_2017__20260928__r01/manifest.json,29656,589e28ea1631a6a5cd1dfc14e7d0b8e03a8066aad812070be028b288af8818bf,new
columns/001-ball-count/analysis/r_bcap_history_20260928/final_visual_review_20260928T063228Z/snapshot/source_runs/bcap_pitch_ff_r_history__mlb_2017__20260928__r01/metrics.json,317,3c53b8d24766a1bc2c5a81bfcae5fbf3939feba26d542d79185daba91a7c9791,new
columns/001-ball-count/analysis/r_bcap_history_20260928/final_visual_review_20260928T063228Z/snapshot/source_runs/bcap_pitch_ff_r_history__mlb_2017__20260928__r01/year_values.csv,7495,9dd594cbd3b37832fa852d9ea504ead45c1bfd15b5a68ee8d3c5d7d44ad200ea,new
columns/001-ball-count/analysis/r_bcap_history_20260928/final_visual_review_20260928T063228Z/snapshot/source_runs/bcap_pitch_ff_r_history__mlb_2018__20260928__r01/action_values.csv,7426,db69ce416ccf1d29050bdb2fb9b9f45530d83f37c5cbbc2f61755a3dffe4682f,new
columns/001-ball-count/analysis/r_bcap_history_20260928/final_visual_review_20260928T063228Z/snapshot/source_runs/bcap_pitch_ff_r_history__mlb_2018__20260928__r01/checks.json,3002,38b1faa42c603d3ea29051b686cd9bd221ae38c28b1d610be49b74004fe207d7,new
columns/001-ball-count/analysis/r_bcap_history_20260928/final_visual_review_20260928T063228Z/snapshot/source_runs/bcap_pitch_ff_r_history__mlb_2018__20260928__r01/manifest.json,29858,daae8d4f56d8495ca3f7ccf6e90c4cf7f4eddcd047f3101e5d877c1725814bac,new
columns/001-ball-count/analysis/r_bcap_history_20260928/final_visual_review_20260928T063228Z/snapshot/source_runs/bcap_pitch_ff_r_history__mlb_2018__20260928__r01/metrics.json,317,5a3b8d7a49625ad20bfd53757eb97bebd3186ebb836ebb75e677f658a4795f40,new
columns/001-ball-count/analysis/r_bcap_history_20260928/final_visual_review_20260928T063228Z/snapshot/source_runs/bcap_pitch_ff_r_history__mlb_2018__20260928__r01/year_values.csv,7501,8502127c41464f9aca911d38b1863b2753e6664bcb82bc0c357caac72cb7a61a,new
columns/001-ball-count/analysis/r_bcap_history_20260928/final_visual_review_20260928T063228Z/snapshot/source_runs/bcap_pitch_ff_r_history__mlb_2019__20260928__r01/action_values.csv,7429,fa8403fbadaab6f28bf9ed5d56f236a7dbe00e1a8c086bc806d98630164a243f,new
columns/001-ball-count/analysis/r_bcap_history_20260928/final_visual_review_20260928T063228Z/snapshot/source_runs/bcap_pitch_ff_r_history__mlb_2019__20260928__r01/checks.json,3002,38b1faa42c603d3ea29051b686cd9bd221ae38c28b1d610be49b74004fe207d7,new
columns/001-ball-count/analysis/r_bcap_history_20260928/final_visual_review_20260928T063228Z/snapshot/source_runs/bcap_pitch_ff_r_history__mlb_2019__20260928__r01/manifest.json,30112,aa9f8070cbed33d173bad98a57655576ca5ed4dcbcdf715f3aaf634879539765,new
columns/001-ball-count/analysis/r_bcap_history_20260928/final_visual_review_20260928T063228Z/snapshot/source_runs/bcap_pitch_ff_r_history__mlb_2019__20260928__r01/metrics.json,317,bc77d91c6cd8a8e989cdb1101db8496d37b57cf6d1b71101b69ce186588cf9c4,new
columns/001-ball-count/analysis/r_bcap_history_20260928/final_visual_review_20260928T063228Z/snapshot/source_runs/bcap_pitch_ff_r_history__mlb_2019__20260928__r01/year_values.csv,7504,eb768b3f2a9e1eccfc1a833b30b3bf2343ced3eddff5b73e3e3ad8f1566f658e,new
columns/001-ball-count/analysis/r_bcap_history_20260928/final_visual_review_20260928T063228Z/snapshot/source_runs/bcap_pitch_ff_r_history__mlb_2020__20260928__r01/action_values.csv,7328,424ca1e7d72020fe31e80ab83e0ae68b91657a3f9d2555116c0cb2ecc77a08ab,new
columns/001-ball-count/analysis/r_bcap_history_20260928/final_visual_review_20260928T063228Z/snapshot/source_runs/bcap_pitch_ff_r_history__mlb_2020__20260928__r01/checks.json,3002,38b1faa42c603d3ea29051b686cd9bd221ae38c28b1d610be49b74004fe207d7,new
columns/001-ball-count/analysis/r_bcap_history_20260928/final_visual_review_20260928T063228Z/snapshot/source_runs/bcap_pitch_ff_r_history__mlb_2020__20260928__r01/manifest.json,23583,0dcab3600de0d20bf7bca314d2b2f116c15539344df49d0c82d6ad9cdd77c707,new
columns/001-ball-count/analysis/r_bcap_history_20260928/final_visual_review_20260928T063228Z/snapshot/source_runs/bcap_pitch_ff_r_history__mlb_2020__20260928__r01/metrics.json,315,68bfb10ab3ee33953b820b2805c5ca9ad1ec56cd42aa5a83fe41e67fa5c30b4d,new
columns/001-ball-count/analysis/r_bcap_history_20260928/final_visual_review_20260928T063228Z/snapshot/source_runs/bcap_pitch_ff_r_history__mlb_2020__20260928__r01/year_values.csv,7403,2dbbca780fb829e34114e4316b34a6f44ead953fd6f6fdc020c46495ca0c9ad7,new
columns/001-ball-count/analysis/r_bcap_history_20260928/final_visual_review_20260928T063228Z/snapshot/source_runs/bcap_pitch_ff_r_history__mlb_2021__20260928__r01/action_values.csv,7432,cd2fc301999d5a174b7dba3e2eb80e0eb3a88cf5c8c80e6744c76647345b8281,new
columns/001-ball-count/analysis/r_bcap_history_20260928/final_visual_review_20260928T063228Z/snapshot/source_runs/bcap_pitch_ff_r_history__mlb_2021__20260928__r01/checks.json,3002,38b1faa42c603d3ea29051b686cd9bd221ae38c28b1d610be49b74004fe207d7,new
columns/001-ball-count/analysis/r_bcap_history_20260928/final_visual_review_20260928T063228Z/snapshot/source_runs/bcap_pitch_ff_r_history__mlb_2021__20260928__r01/manifest.json,29878,e39e195e0f280054ae57f52305f3b4f659b3f17ae0baaa10eef22927f7af9750,new
columns/001-ball-count/analysis/r_bcap_history_20260928/final_visual_review_20260928T063228Z/snapshot/source_runs/bcap_pitch_ff_r_history__mlb_2021__20260928__r01/metrics.json,317,75fb3d8b088ee2acee6c62e5cc2c1563c4afe35b08e83d77d5736a2438b92142,new
columns/001-ball-count/analysis/r_bcap_history_20260928/final_visual_review_20260928T063228Z/snapshot/source_runs/bcap_pitch_ff_r_history__mlb_2021__20260928__r01/year_values.csv,7507,5f5c7c0869eed0baa23c0a356a6065c1deccf1851703741a76f451a115d90b10,new
columns/001-ball-count/analysis/r_bcap_history_20260928/final_visual_review_20260928T063228Z/snapshot/source_runs/bcap_pitch_ff_r_history__mlb_2022__20260928__r01/action_values.csv,7431,535df3e95486df62467d65238ce3da35d439e054f2c19620ebc2ffaff8b6590b,new
columns/001-ball-count/analysis/r_bcap_history_20260928/final_visual_review_20260928T063228Z/snapshot/source_runs/bcap_pitch_ff_r_history__mlb_2022__20260928__r01/checks.json,3002,38b1faa42c603d3ea29051b686cd9bd221ae38c28b1d610be49b74004fe207d7,new
columns/001-ball-count/analysis/r_bcap_history_20260928/final_visual_review_20260928T063228Z/snapshot/source_runs/bcap_pitch_ff_r_history__mlb_2022__20260928__r01/manifest.json,29095,70ced357cab7a286e277b822e5980d49bbb0359c726c635c517bb1f396578f3a,new
columns/001-ball-count/analysis/r_bcap_history_20260928/final_visual_review_20260928T063228Z/snapshot/source_runs/bcap_pitch_ff_r_history__mlb_2022__20260928__r01/metrics.json,316,fc04e21341d2e4ec8ae4ffe43a632a888c1bd32b7190013f0f2e92544f08445c,new
columns/001-ball-count/analysis/r_bcap_history_20260928/final_visual_review_20260928T063228Z/snapshot/source_runs/bcap_pitch_ff_r_history__mlb_2022__20260928__r01/year_values.csv,7506,63dafcd28a8065779c943721c5c034aa49eca2d10f284990b18d3799c1329564,new
columns/001-ball-count/analysis/r_bcap_history_20260928/final_visual_review_20260928T063228Z/snapshot/source_runs/bcap_pitch_ff_r_history__mlb_2023__20260928__r01/action_values.csv,7424,bfbc9b29a3f8ac9aae16c7e4af405302c55f81d6f77c9b6bc393c63ed36b8638,new
columns/001-ball-count/analysis/r_bcap_history_20260928/final_visual_review_20260928T063228Z/snapshot/source_runs/bcap_pitch_ff_r_history__mlb_2023__20260928__r01/checks.json,2979,39ebe106312aecf95da27706fa94a1feb5ebd9bfdf2717e4e46a3d481682c2c8,new
columns/001-ball-count/analysis/r_bcap_history_20260928/final_visual_review_20260928T063228Z/snapshot/source_runs/bcap_pitch_ff_r_history__mlb_2023__20260928__r01/manifest.json,28931,a4e7ab04b9bb24b3a3a33ec52c11cb0934f91c4e0f0a419e4dba15af411ebb24,new
columns/001-ball-count/analysis/r_bcap_history_20260928/final_visual_review_20260928T063228Z/snapshot/source_runs/bcap_pitch_ff_r_history__mlb_2023__20260928__r01/metrics.json,316,95431eeb3bedf9c968fdb3ed3edc3cffd12e33fb736848ddbd42e7e2198b60a0,new
columns/001-ball-count/analysis/r_bcap_history_20260928/final_visual_review_20260928T063228Z/snapshot/source_runs/bcap_pitch_ff_r_history__mlb_2023__20260928__r01/year_values.csv,7499,19856df55c8be06f73967e9c7361dd0228f85054bba493c3b7d012434d147aec,new
columns/001-ball-count/analysis/r_bcap_history_20260928/final_visual_review_20260928T063228Z/snapshot/source_runs/bcap_pitch_r__mlb_2024_2025__20260928__r02/action_values.csv,7367,2fbf5f2a789a536c900fb9f4fe205bffd22504d55276764be739050b08067005,new
columns/001-ball-count/analysis/r_bcap_history_20260928/final_visual_review_20260928T063228Z/snapshot/source_runs/bcap_pitch_r__mlb_2024_2025__20260928__r02/checks.json,3889,71de1d91376edf8661362db62151919c688034d4c9cdd8c559446b339207cc01,new
columns/001-ball-count/analysis/r_bcap_history_20260928/final_visual_review_20260928T063228Z/snapshot/source_runs/bcap_pitch_r__mlb_2024_2025__20260928__r02/manifest.json,17022,3b0e39dc3c39fe273aa90143df715cf2d9e6a85a947d0a115d76189f772f922c,new
columns/001-ball-count/analysis/r_bcap_history_20260928/final_visual_review_20260928T063228Z/snapshot/source_runs/bcap_pitch_r__mlb_2024_2025__20260928__r02/metrics.json,326,6ee27d4ac333cc77f5c74c476c890f3454aed62371f2def9f559cdef7d04d5a5,new
columns/001-ball-count/analysis/r_bcap_history_20260928/final_visual_review_20260928T063228Z/snapshot/source_runs/bcap_pitch_r__mlb_2024_2025__20260928__r02/year_values.csv,14402,f0a85e58cf08521e0a02622129602cf986685a9f597e0b259a40b1d248abd793,new
columns/001-ball-count/analysis/r_bcap_history_20260928/final_visual_review_20260928T063228Z/snapshot/source_runs/bcap_pitch_r_history__mlb_2015__20260928__r01/action_values.csv,7348,1d4eb25aa37e4197c6137a35ff5b6fb2856ad3bd35451f2d6e0c49d2d68d5250,new
columns/001-ball-count/analysis/r_bcap_history_20260928/final_visual_review_20260928T063228Z/snapshot/source_runs/bcap_pitch_r_history__mlb_2015__20260928__r01/checks.json,3002,38b1faa42c603d3ea29051b686cd9bd221ae38c28b1d610be49b74004fe207d7,new
columns/001-ball-count/analysis/r_bcap_history_20260928/final_visual_review_20260928T063228Z/snapshot/source_runs/bcap_pitch_r_history__mlb_2015__20260928__r01/manifest.json,30393,1557d75966e293a96e4b8395696ba074e1159ee6fd8b4f67f224691f621da36c,new
columns/001-ball-count/analysis/r_bcap_history_20260928/final_visual_review_20260928T063228Z/snapshot/source_runs/bcap_pitch_r_history__mlb_2015__20260928__r01/metrics.json,317,447cbc462df9f2a56740249d2a0b96621dc6786434218056750ea7ecc5d41622,new
columns/001-ball-count/analysis/r_bcap_history_20260928/final_visual_review_20260928T063228Z/snapshot/source_runs/bcap_pitch_r_history__mlb_2015__20260928__r01/year_values.csv,7423,90fa284abf40d8859383416a7fdd862885acad8d1d6e9794859b7f1d5fc34a7d,new
columns/001-ball-count/analysis/r_bcap_history_20260928/final_visual_review_20260928T063228Z/snapshot/source_runs/bcap_pitch_r_history__mlb_2016__20260928__r01/action_values.csv,7332,ce7289f17c17a94f3f80dccf7a6d672cf58364acaad4b09b3bd773768be07610,new
columns/001-ball-count/analysis/r_bcap_history_20260928/final_visual_review_20260928T063228Z/snapshot/source_runs/bcap_pitch_r_history__mlb_2016__20260928__r01/checks.json,3002,38b1faa42c603d3ea29051b686cd9bd221ae38c28b1d610be49b74004fe207d7,new
columns/001-ball-count/analysis/r_bcap_history_20260928/final_visual_review_20260928T063228Z/snapshot/source_runs/bcap_pitch_r_history__mlb_2016__20260928__r01/manifest.json,30402,87d1e13fe30579ea5a079ebf3a7d5812b2c1f087e9a9664704f10e261dcd5307,new
columns/001-ball-count/analysis/r_bcap_history_20260928/final_visual_review_20260928T063228Z/snapshot/source_runs/bcap_pitch_r_history__mlb_2016__20260928__r01/metrics.json,317,febc80703ef9a3e35a59e2e6b99668eba49d5db09da62ac0471a034d6c964ed4,new
columns/001-ball-count/analysis/r_bcap_history_20260928/final_visual_review_20260928T063228Z/snapshot/source_runs/bcap_pitch_r_history__mlb_2016__20260928__r01/year_values.csv,7407,602df1ecd558360ab2c4df5676ce97960f2fbcbe1a8363ec41f5cd1b8f099dc0,new
columns/001-ball-count/analysis/r_bcap_history_20260928/final_visual_review_20260928T063228Z/snapshot/source_runs/bcap_pitch_r_history__mlb_2017__20260928__r01/action_values.csv,7333,249208fff0c095b355e98bfcc530a81c7271eec8465dac7c1bac8d866ae4ff07,new
columns/001-ball-count/analysis/r_bcap_history_20260928/final_visual_review_20260928T063228Z/snapshot/source_runs/bcap_pitch_r_history__mlb_2017__20260928__r01/checks.json,3002,38b1faa42c603d3ea29051b686cd9bd221ae38c28b1d610be49b74004fe207d7,new
columns/001-ball-count/analysis/r_bcap_history_20260928/final_visual_review_20260928T063228Z/snapshot/source_runs/bcap_pitch_r_history__mlb_2017__20260928__r01/manifest.json,30381,aa801947001453a6943d20b2e3e26b046cd547a293e2126ae13666f66ebefa70,new
columns/001-ball-count/analysis/r_bcap_history_20260928/final_visual_review_20260928T063228Z/snapshot/source_runs/bcap_pitch_r_history__mlb_2017__20260928__r01/metrics.json,316,adbfe3649589ae3c4eab16afade5d41b9f9cdce50488950e172c36e783c357e2,new
columns/001-ball-count/analysis/r_bcap_history_20260928/final_visual_review_20260928T063228Z/snapshot/source_runs/bcap_pitch_r_history__mlb_2017__20260928__r01/year_values.csv,7408,c295dfab26b73b0d827bbbff9b7794085d4e381708d3d85ee86ef23754a35499,new
columns/001-ball-count/analysis/r_bcap_history_20260928/final_visual_review_20260928T063228Z/snapshot/source_runs/bcap_pitch_r_history__mlb_2018__20260928__r01/action_values.csv,7343,5bbcbbd20a34f850180ccadb3e917e00b3f3b1bd0ee6ace6f73ac986a0bd0a59,new
columns/001-ball-count/analysis/r_bcap_history_20260928/final_visual_review_20260928T063228Z/snapshot/source_runs/bcap_pitch_r_history__mlb_2018__20260928__r01/checks.json,3002,38b1faa42c603d3ea29051b686cd9bd221ae38c28b1d610be49b74004fe207d7,new
columns/001-ball-count/analysis/r_bcap_history_20260928/final_visual_review_20260928T063228Z/snapshot/source_runs/bcap_pitch_r_history__mlb_2018__20260928__r01/manifest.json,30584,5a128d5f2a52a063811107898c4e2624af5d0d4532e5bc6d69e2b5a5f05e2c89,new
columns/001-ball-count/analysis/r_bcap_history_20260928/final_visual_review_20260928T063228Z/snapshot/source_runs/bcap_pitch_r_history__mlb_2018__20260928__r01/metrics.json,317,4eaa561423d9be43f7660a52e0f64665d2f7a2d72fecb6a6c9944852c4247590,new
columns/001-ball-count/analysis/r_bcap_history_20260928/final_visual_review_20260928T063228Z/snapshot/source_runs/bcap_pitch_r_history__mlb_2018__20260928__r01/year_values.csv,7418,4e50373fc850fdab50dcc00babefedbdf0d128837d311fee1750f6a442fe7ddf,new
columns/001-ball-count/analysis/r_bcap_history_20260928/final_visual_review_20260928T063228Z/snapshot/source_runs/bcap_pitch_r_history__mlb_2019__20260928__r01/action_values.csv,7332,ec29cd1e278318757c3edca9c81df7f46cf3eb1080672f945628e34feba53371,new
columns/001-ball-count/analysis/r_bcap_history_20260928/final_visual_review_20260928T063228Z/snapshot/source_runs/bcap_pitch_r_history__mlb_2019__20260928__r01/checks.json,3002,38b1faa42c603d3ea29051b686cd9bd221ae38c28b1d610be49b74004fe207d7,new
columns/001-ball-count/analysis/r_bcap_history_20260928/final_visual_review_20260928T063228Z/snapshot/source_runs/bcap_pitch_r_history__mlb_2019__20260928__r01/manifest.json,30838,382413c661cf6e805189ea72f5af44a062a8b6625466efc412c0a410d47fe47d,new
columns/001-ball-count/analysis/r_bcap_history_20260928/final_visual_review_20260928T063228Z/snapshot/source_runs/bcap_pitch_r_history__mlb_2019__20260928__r01/metrics.json,317,48d5849199234a9ae5b8f87a20fa1f7ae35a5dfa538bea19ba22c872e7881a5f,new
columns/001-ball-count/analysis/r_bcap_history_20260928/final_visual_review_20260928T063228Z/snapshot/source_runs/bcap_pitch_r_history__mlb_2019__20260928__r01/year_values.csv,7407,325ad3cec5539c1e600c05fb80476a8edd33bc18f591134c1ef228d490a2de2a,new
columns/001-ball-count/analysis/r_bcap_history_20260928/final_visual_review_20260928T063228Z/snapshot/source_runs/bcap_pitch_r_history__mlb_2020__20260928__r01/action_values.csv,7243,e125dab7061490f2f3db78628e01d0e593c439889d64517576c01e44c7b1587a,new
columns/001-ball-count/analysis/r_bcap_history_20260928/final_visual_review_20260928T063228Z/snapshot/source_runs/bcap_pitch_r_history__mlb_2020__20260928__r01/checks.json,3002,38b1faa42c603d3ea29051b686cd9bd221ae38c28b1d610be49b74004fe207d7,new
columns/001-ball-count/analysis/r_bcap_history_20260928/final_visual_review_20260928T063228Z/snapshot/source_runs/bcap_pitch_r_history__mlb_2020__20260928__r01/manifest.json,24310,eed1fd74b9727a94efc88fbff57a38bcec451bd3a354ecd47465a05695932686,new
columns/001-ball-count/analysis/r_bcap_history_20260928/final_visual_review_20260928T063228Z/snapshot/source_runs/bcap_pitch_r_history__mlb_2020__20260928__r01/metrics.json,316,fe2c7b491e69959d7ceeda988df966f6fcfe86b206a7f9669c19eb8fdf243ade,new
columns/001-ball-count/analysis/r_bcap_history_20260928/final_visual_review_20260928T063228Z/snapshot/source_runs/bcap_pitch_r_history__mlb_2020__20260928__r01/year_values.csv,7318,412fcf666302b0d6fd5150c9e411f45afdaae4eef88c28a8e6982eab64ab40ba,new
columns/001-ball-count/analysis/r_bcap_history_20260928/final_visual_review_20260928T063228Z/snapshot/source_runs/bcap_pitch_r_history__mlb_2021__20260928__r01/action_values.csv,7333,d0b2f01cd29a11c2c2d1429e84b818eb42afaf8116a957d35569c10186c1a9d4,new
columns/001-ball-count/analysis/r_bcap_history_20260928/final_visual_review_20260928T063228Z/snapshot/source_runs/bcap_pitch_r_history__mlb_2021__20260928__r01/checks.json,3002,38b1faa42c603d3ea29051b686cd9bd221ae38c28b1d610be49b74004fe207d7,new
columns/001-ball-count/analysis/r_bcap_history_20260928/final_visual_review_20260928T063228Z/snapshot/source_runs/bcap_pitch_r_history__mlb_2021__20260928__r01/manifest.json,30604,ac351b2172ae5aff60b66e4a34d059300ec02e46829619164c3c676a2ea4ce72,new
columns/001-ball-count/analysis/r_bcap_history_20260928/final_visual_review_20260928T063228Z/snapshot/source_runs/bcap_pitch_r_history__mlb_2021__20260928__r01/metrics.json,317,e3f40088612874938702c65d26833995cbda6d6d7006118085720a3c5624478f,new
columns/001-ball-count/analysis/r_bcap_history_20260928/final_visual_review_20260928T063228Z/snapshot/source_runs/bcap_pitch_r_history__mlb_2021__20260928__r01/year_values.csv,7408,8b1d48e08345662af6dd1f4e06de92ad663ea26a3b72967ade854ca84fa44060,new
columns/001-ball-count/analysis/r_bcap_history_20260928/final_visual_review_20260928T063228Z/snapshot/source_runs/bcap_pitch_r_history__mlb_2022__20260928__r01/action_values.csv,7325,55448331f94cd22c8ad5667bc4ce3c8e8ec2190b68ff803724407a445eb7d7f6,new
columns/001-ball-count/analysis/r_bcap_history_20260928/final_visual_review_20260928T063228Z/snapshot/source_runs/bcap_pitch_r_history__mlb_2022__20260928__r01/checks.json,3002,38b1faa42c603d3ea29051b686cd9bd221ae38c28b1d610be49b74004fe207d7,new
columns/001-ball-count/analysis/r_bcap_history_20260928/final_visual_review_20260928T063228Z/snapshot/source_runs/bcap_pitch_r_history__mlb_2022__20260928__r01/manifest.json,29821,bc244b9cfb0efe4e3ae0f9d09d14fd081db092d2b120529b64b860389d9218a0,new
columns/001-ball-count/analysis/r_bcap_history_20260928/final_visual_review_20260928T063228Z/snapshot/source_runs/bcap_pitch_r_history__mlb_2022__20260928__r01/metrics.json,316,9c9dca03d8594b06d43141a126cd8118883f1606355c6b2534c8c797947c4715,new
columns/001-ball-count/analysis/r_bcap_history_20260928/final_visual_review_20260928T063228Z/snapshot/source_runs/bcap_pitch_r_history__mlb_2022__20260928__r01/year_values.csv,7400,68ae87272034fe72e0c0fe22088fbdf997b881361f457a9a8af8412e36807064,new
columns/001-ball-count/analysis/r_bcap_history_20260928/final_visual_review_20260928T063228Z/snapshot/source_runs/bcap_pitch_r_history__mlb_2023__20260928__r01/action_values.csv,7341,e80ff957faa150c735fb678c9c7ca4500304dd7cf2f423c8f1fa33e7dcee78b7,new
columns/001-ball-count/analysis/r_bcap_history_20260928/final_visual_review_20260928T063228Z/snapshot/source_runs/bcap_pitch_r_history__mlb_2023__20260928__r01/checks.json,2979,39ebe106312aecf95da27706fa94a1feb5ebd9bfdf2717e4e46a3d481682c2c8,new
columns/001-ball-count/analysis/r_bcap_history_20260928/final_visual_review_20260928T063228Z/snapshot/source_runs/bcap_pitch_r_history__mlb_2023__20260928__r01/manifest.json,29658,ab201b1dc8abf3f6d2f4f54592ba24d70f0c9ad83507729472d529c54975fc75,new
columns/001-ball-count/analysis/r_bcap_history_20260928/final_visual_review_20260928T063228Z/snapshot/source_runs/bcap_pitch_r_history__mlb_2023__20260928__r01/metrics.json,317,db70ad369fdacdc96e1692854d503e5181372e7bb3c4946f6cc9ccca8a268217,new
columns/001-ball-count/analysis/r_bcap_history_20260928/final_visual_review_20260928T063228Z/snapshot/source_runs/bcap_pitch_r_history__mlb_2023__20260928__r01/year_values.csv,7416,12c703fb003496495d6309ce87e683f85f36a2af95acf7caf2cea1f45b3d75de,new
columns/001-ball-count/analysis/r_bcap_history_20260928/final_visual_review_20260928T063228Z/snapshot/source_runs/bcap_pitch_sb_r__mlb_2024_2025__20260928__r01/action_values.csv,7350,bd02a0595cd4e452862cfb17fcdcbd58433b533ca98eb184c8ae1b320503681d,new
columns/001-ball-count/analysis/r_bcap_history_20260928/final_visual_review_20260928T063228Z/snapshot/source_runs/bcap_pitch_sb_r__mlb_2024_2025__20260928__r01/checks.json,3903,167a8bc8c2ce40916a4fffe64868d5a9e6f2a65012867905cf832b1cfc030262,new
columns/001-ball-count/analysis/r_bcap_history_20260928/final_visual_review_20260928T063228Z/snapshot/source_runs/bcap_pitch_sb_r__mlb_2024_2025__20260928__r01/manifest.json,17075,b05f7cffeefcd9d3b405a14fe9c3a6dd2f7c6a3ee51e2d729805fce9d024822e,new
columns/001-ball-count/analysis/r_bcap_history_20260928/final_visual_review_20260928T063228Z/snapshot/source_runs/bcap_pitch_sb_r__mlb_2024_2025__20260928__r01/metrics.json,327,5ed92ff802248de2d8ee3a11cf5dbde240247b19ce6659a67eac86ac81f89b3f,new
columns/001-ball-count/analysis/r_bcap_history_20260928/final_visual_review_20260928T063228Z/snapshot/source_runs/bcap_pitch_sb_r__mlb_2024_2025__20260928__r01/year_values.csv,14305,1c6af6243a69a83ceda27f8a609ed194ea6020b33d6a886a9d5bcf9272b28930,new
columns/001-ball-count/analysis/r_bcap_history_20260928/final_visual_review_20260928T063228Z/snapshot/source_runs/bcap_pitch_sb_r_history__mlb_2015__20260928__r01/action_values.csv,7301,6c8fb40b4c10324c38945d89b235a93d45d20780166297da41f21a4c5c96edb8,new
columns/001-ball-count/analysis/r_bcap_history_20260928/final_visual_review_20260928T063228Z/snapshot/source_runs/bcap_pitch_sb_r_history__mlb_2015__20260928__r01/checks.json,3002,38b1faa42c603d3ea29051b686cd9bd221ae38c28b1d610be49b74004fe207d7,new
columns/001-ball-count/analysis/r_bcap_history_20260928/final_visual_review_20260928T063228Z/snapshot/source_runs/bcap_pitch_sb_r_history__mlb_2015__20260928__r01/manifest.json,30436,92770ac450cc17d0a03042c961022e6fa648781ed8ddfb879702f7732c030611,new
columns/001-ball-count/analysis/r_bcap_history_20260928/final_visual_review_20260928T063228Z/snapshot/source_runs/bcap_pitch_sb_r_history__mlb_2015__20260928__r01/metrics.json,317,6ffe4a28946b6384bb8cbe3efb47bcaa3b7b6681471fda3663c0486e456e2b48,new
columns/001-ball-count/analysis/r_bcap_history_20260928/final_visual_review_20260928T063228Z/snapshot/source_runs/bcap_pitch_sb_r_history__mlb_2015__20260928__r01/year_values.csv,7376,006d07594f515c98cd6838b7cd07c3fd377fa91e4fc654326c1a05a932d924c8,new
columns/001-ball-count/analysis/r_bcap_history_20260928/final_visual_review_20260928T063228Z/snapshot/source_runs/bcap_pitch_sb_r_history__mlb_2016__20260928__r01/action_values.csv,7303,b204baa458bd3891c454d82f6484d0d6cebc9a3bcc5906f129aebc4a6875a237,new
columns/001-ball-count/analysis/r_bcap_history_20260928/final_visual_review_20260928T063228Z/snapshot/source_runs/bcap_pitch_sb_r_history__mlb_2016__20260928__r01/checks.json,3002,38b1faa42c603d3ea29051b686cd9bd221ae38c28b1d610be49b74004fe207d7,new
columns/001-ball-count/analysis/r_bcap_history_20260928/final_visual_review_20260928T063228Z/snapshot/source_runs/bcap_pitch_sb_r_history__mlb_2016__20260928__r01/manifest.json,30444,f5a703a8010dc33f68c2bdb0bd5f2b607bb5eb9cabbd3d08335604625e7cef40,new
columns/001-ball-count/analysis/r_bcap_history_20260928/final_visual_review_20260928T063228Z/snapshot/source_runs/bcap_pitch_sb_r_history__mlb_2016__20260928__r01/metrics.json,316,8ad1651de32ffb3c90666f6da3e4d07622fb1ba65b24a73dc2784c0e0d1e0229,new
columns/001-ball-count/analysis/r_bcap_history_20260928/final_visual_review_20260928T063228Z/snapshot/source_runs/bcap_pitch_sb_r_history__mlb_2016__20260928__r01/year_values.csv,7378,24228cd46aafa6d4fbc10d63d81ddc2140fbded45af6474abdd7bdb15b3f14a2,new
columns/001-ball-count/analysis/r_bcap_history_20260928/final_visual_review_20260928T063228Z/snapshot/source_runs/bcap_pitch_sb_r_history__mlb_2017__20260928__r01/action_values.csv,7303,182ad869d5368077b01c6922d4b52b09628d0215db7111b378d4ef55783397e2,new
columns/001-ball-count/analysis/r_bcap_history_20260928/final_visual_review_20260928T063228Z/snapshot/source_runs/bcap_pitch_sb_r_history__mlb_2017__20260928__r01/checks.json,3002,38b1faa42c603d3ea29051b686cd9bd221ae38c28b1d610be49b74004fe207d7,new
columns/001-ball-count/analysis/r_bcap_history_20260928/final_visual_review_20260928T063228Z/snapshot/source_runs/bcap_pitch_sb_r_history__mlb_2017__20260928__r01/manifest.json,30425,69e95b66829339fd5590c063f92fd8e7e36fe25122ff0907bfc5ca54eed386e8,new
columns/001-ball-count/analysis/r_bcap_history_20260928/final_visual_review_20260928T063228Z/snapshot/source_runs/bcap_pitch_sb_r_history__mlb_2017__20260928__r01/metrics.json,317,1b7cfaa1fe2947bb0ef9b4d9c3a60a7b25c264bf73054c12f8361daf3db07b79,new
columns/001-ball-count/analysis/r_bcap_history_20260928/final_visual_review_20260928T063228Z/snapshot/source_runs/bcap_pitch_sb_r_history__mlb_2017__20260928__r01/year_values.csv,7378,d13f77577f92218cfa63901d11dd3a2c58114041fbbfa0ebc5aa32e2a1797560,new
columns/001-ball-count/analysis/r_bcap_history_20260928/final_visual_review_20260928T063228Z/snapshot/source_runs/bcap_pitch_sb_r_history__mlb_2018__20260928__r01/action_values.csv,7302,57d5f6b1c49c25650c34dd09d519274b26bc85fa310572d471f3ec65f4b80f3e,new
columns/001-ball-count/analysis/r_bcap_history_20260928/final_visual_review_20260928T063228Z/snapshot/source_runs/bcap_pitch_sb_r_history__mlb_2018__20260928__r01/checks.json,3002,38b1faa42c603d3ea29051b686cd9bd221ae38c28b1d610be49b74004fe207d7,new
columns/001-ball-count/analysis/r_bcap_history_20260928/final_visual_review_20260928T063228Z/snapshot/source_runs/bcap_pitch_sb_r_history__mlb_2018__20260928__r01/manifest.json,30627,8f35b7542c048edb007385c2f678b7dae94dc49ec4a12619f0f0b1a399ae3fb8,new
columns/001-ball-count/analysis/r_bcap_history_20260928/final_visual_review_20260928T063228Z/snapshot/source_runs/bcap_pitch_sb_r_history__mlb_2018__20260928__r01/metrics.json,317,c194c5c08bbb65f2f904fef3485fb7544fc1af70cf77166c7004a09269bf3343,new
columns/001-ball-count/analysis/r_bcap_history_20260928/final_visual_review_20260928T063228Z/snapshot/source_runs/bcap_pitch_sb_r_history__mlb_2018__20260928__r01/year_values.csv,7377,cb3a113d2724d6b284ca82917419e9c4ec6a4b9b9aadcd0f006fe36117c9763a,new
columns/001-ball-count/analysis/r_bcap_history_20260928/final_visual_review_20260928T063228Z/snapshot/source_runs/bcap_pitch_sb_r_history__mlb_2019__20260928__r01/action_values.csv,7306,f7738d081059aacc2826d5702f7d2d065cba9fdb361be33a25d1a12b75daab95,new
columns/001-ball-count/analysis/r_bcap_history_20260928/final_visual_review_20260928T063228Z/snapshot/source_runs/bcap_pitch_sb_r_history__mlb_2019__20260928__r01/checks.json,3002,38b1faa42c603d3ea29051b686cd9bd221ae38c28b1d610be49b74004fe207d7,new
columns/001-ball-count/analysis/r_bcap_history_20260928/final_visual_review_20260928T063228Z/snapshot/source_runs/bcap_pitch_sb_r_history__mlb_2019__20260928__r01/manifest.json,30884,3cb38bd54e697ef3f3fb767e5d95b6d2fe2b9bd6fc98b4a41366870288f0482d,new
columns/001-ball-count/analysis/r_bcap_history_20260928/final_visual_review_20260928T063228Z/snapshot/source_runs/bcap_pitch_sb_r_history__mlb_2019__20260928__r01/metrics.json,317,5695d7c6748eb5542e595982c6df778d8922193b03a1aa13a8d4706838267526,new
columns/001-ball-count/analysis/r_bcap_history_20260928/final_visual_review_20260928T063228Z/snapshot/source_runs/bcap_pitch_sb_r_history__mlb_2019__20260928__r01/year_values.csv,7381,53d7b8bdf57050b5f75c84440b8ff80e48807c724a182b89271b3f1cbb28e715,new
columns/001-ball-count/analysis/r_bcap_history_20260928/final_visual_review_20260928T063228Z/snapshot/source_runs/bcap_pitch_sb_r_history__mlb_2020__20260928__r01/action_values.csv,7215,98582b73a509291ebd195dcdcfed38c693d1b2ece99bb866f3dc25a4b22b733c,new
columns/001-ball-count/analysis/r_bcap_history_20260928/final_visual_review_20260928T063228Z/snapshot/source_runs/bcap_pitch_sb_r_history__mlb_2020__20260928__r01/checks.json,3002,38b1faa42c603d3ea29051b686cd9bd221ae38c28b1d610be49b74004fe207d7,new
columns/001-ball-count/analysis/r_bcap_history_20260928/final_visual_review_20260928T063228Z/snapshot/source_runs/bcap_pitch_sb_r_history__mlb_2020__20260928__r01/manifest.json,24352,753aed5153aefa6ed85f246f1fb9dda9e1106519f5edc49e70297fb0d2aa8b77,new
columns/001-ball-count/analysis/r_bcap_history_20260928/final_visual_review_20260928T063228Z/snapshot/source_runs/bcap_pitch_sb_r_history__mlb_2020__20260928__r01/metrics.json,315,f85825a7a2df0a51d76d1a98335db7cd593da800acebdb808edbd245b6454e06,new
columns/001-ball-count/analysis/r_bcap_history_20260928/final_visual_review_20260928T063228Z/snapshot/source_runs/bcap_pitch_sb_r_history__mlb_2020__20260928__r01/year_values.csv,7290,12bae2bdb78cd6df2cdc3cef3695534e98175f725a8f9f6a30b4a936855f49f1,new
columns/001-ball-count/analysis/r_bcap_history_20260928/final_visual_review_20260928T063228Z/snapshot/source_runs/bcap_pitch_sb_r_history__mlb_2021__20260928__r01/action_values.csv,7298,9756e211402721e3e9bf29d12c33f7756ba7fa3447c16727f855be609bf74872,new
columns/001-ball-count/analysis/r_bcap_history_20260928/final_visual_review_20260928T063228Z/snapshot/source_runs/bcap_pitch_sb_r_history__mlb_2021__20260928__r01/checks.json,3002,38b1faa42c603d3ea29051b686cd9bd221ae38c28b1d610be49b74004fe207d7,new
columns/001-ball-count/analysis/r_bcap_history_20260928/final_visual_review_20260928T063228Z/snapshot/source_runs/bcap_pitch_sb_r_history__mlb_2021__20260928__r01/manifest.json,30646,fe0d7ebc8159abd5fceec0088d20ef5a64ec75819ec0c1feac2a7fdfaae68870,new
columns/001-ball-count/analysis/r_bcap_history_20260928/final_visual_review_20260928T063228Z/snapshot/source_runs/bcap_pitch_sb_r_history__mlb_2021__20260928__r01/metrics.json,316,17988f73bcc36c0c5940476afd45bf3f3e9c2a1dc9ed4a1b1f161b2c23c228ce,new
columns/001-ball-count/analysis/r_bcap_history_20260928/final_visual_review_20260928T063228Z/snapshot/source_runs/bcap_pitch_sb_r_history__mlb_2021__20260928__r01/year_values.csv,7373,5435e35be63f30e90210261b7b56d8ccee9b51a59c704a6bfe828e2573285207,new
columns/001-ball-count/analysis/r_bcap_history_20260928/final_visual_review_20260928T063228Z/snapshot/source_runs/bcap_pitch_sb_r_history__mlb_2022__20260928__r01/action_values.csv,7302,012cd55245587a8d2e5a29ca7148e58a4b76671b80270630f6b59d9b19875e31,new
columns/001-ball-count/analysis/r_bcap_history_20260928/final_visual_review_20260928T063228Z/snapshot/source_runs/bcap_pitch_sb_r_history__mlb_2022__20260928__r01/checks.json,3002,38b1faa42c603d3ea29051b686cd9bd221ae38c28b1d610be49b74004fe207d7,new
columns/001-ball-count/analysis/r_bcap_history_20260928/final_visual_review_20260928T063228Z/snapshot/source_runs/bcap_pitch_sb_r_history__mlb_2022__20260928__r01/manifest.json,29865,bde5e6a67dd33e58161fa8a9eeccf647a129c6e6a53dbd057318a0d9d64ca843,new
columns/001-ball-count/analysis/r_bcap_history_20260928/final_visual_review_20260928T063228Z/snapshot/source_runs/bcap_pitch_sb_r_history__mlb_2022__20260928__r01/metrics.json,317,b99f98d1b6acb9a97e7987685c7f619aeb4578129279ada9c9d24dc844a2f539,new
columns/001-ball-count/analysis/r_bcap_history_20260928/final_visual_review_20260928T063228Z/snapshot/source_runs/bcap_pitch_sb_r_history__mlb_2022__20260928__r01/year_values.csv,7377,9882d7b28854d02b1ef4c38da6d0361f7e1f3779fc508d646b57ac083f38e9c4,new
columns/001-ball-count/analysis/r_bcap_history_20260928/final_visual_review_20260928T063228Z/snapshot/source_runs/bcap_pitch_sb_r_history__mlb_2023__20260928__r01/action_values.csv,7295,5140a3003e4fab9ce028ff69644afe814c75bb17e4755c971187f30801b5ff6a,new
columns/001-ball-count/analysis/r_bcap_history_20260928/final_visual_review_20260928T063228Z/snapshot/source_runs/bcap_pitch_sb_r_history__mlb_2023__20260928__r01/checks.json,2979,39ebe106312aecf95da27706fa94a1feb5ebd9bfdf2717e4e46a3d481682c2c8,new
columns/001-ball-count/analysis/r_bcap_history_20260928/final_visual_review_20260928T063228Z/snapshot/source_runs/bcap_pitch_sb_r_history__mlb_2023__20260928__r01/manifest.json,29701,1993d8bfee9b928091766c4ba337956075dc03a1cf52b4ba872a0163c6e78aca,new
columns/001-ball-count/analysis/r_bcap_history_20260928/final_visual_review_20260928T063228Z/snapshot/source_runs/bcap_pitch_sb_r_history__mlb_2023__20260928__r01/metrics.json,317,627ef9b8c5a96bd08283eacdae1727884e58a0f621c0132a4568c99ab7d2e719,new
columns/001-ball-count/analysis/r_bcap_history_20260928/final_visual_review_20260928T063228Z/snapshot/source_runs/bcap_pitch_sb_r_history__mlb_2023__20260928__r01/year_values.csv,7370,3019079df86857e9e0c7532934a2a068e3920dfd4401ab09b1c4462417599d62,new
columns/001-ball-count/analysis/r_bcap_history_20260928/final_visual_review_20260928T063228Z/snapshot/source_runs/bcap_swing_r__mlb_2024_2025__20260928__r01/action_values.csv,109326,6af0da92666470e776bdd5d1de6886b9d00948be1b0f93cff2def75ffa892af7,new
columns/001-ball-count/analysis/r_bcap_history_20260928/final_visual_review_20260928T063228Z/snapshot/source_runs/bcap_swing_r__mlb_2024_2025__20260928__r01/checks.json,4552,d8f8b003898ac0957a61f737c1f2acdd3377674684881bcfc90e4b61d1e78826,new
columns/001-ball-count/analysis/r_bcap_history_20260928/final_visual_review_20260928T063228Z/snapshot/source_runs/bcap_swing_r__mlb_2024_2025__20260928__r01/manifest.json,18316,d75f30d4ace62b9f865c1eb5039bf0142bdcc5a89a02bac0176e768650661b31,new
columns/001-ball-count/analysis/r_bcap_history_20260928/final_visual_review_20260928T063228Z/snapshot/source_runs/bcap_swing_r__mlb_2024_2025__20260928__r01/metrics.json,328,bc26208a2b85f5d50efbf5e4824e5c9e9f71d16819d2a9d141bc296c7294fbac,new
columns/001-ball-count/analysis/r_bcap_history_20260928/final_visual_review_20260928T063228Z/snapshot/source_runs/bcap_swing_r__mlb_2024_2025__20260928__r01/year_values.csv,218549,6c2b7977eb1fb585c20b077d6126daffb562e8e37ad75a163f154f4a2a911e81,new
columns/001-ball-count/analysis/r_bcap_history_20260928/final_visual_review_20260928T063228Z/snapshot/source_runs/bcap_swing_r_history__mlb_2015__20260928__r01/action_values.csv,108406,61104a6bf812e6891c5bcc6ccc4d7ee3741c75ad220867be71f484b106bc10cd,new
columns/001-ball-count/analysis/r_bcap_history_20260928/final_visual_review_20260928T063228Z/snapshot/source_runs/bcap_swing_r_history__mlb_2015__20260928__r01/checks.json,3002,38b1faa42c603d3ea29051b686cd9bd221ae38c28b1d610be49b74004fe207d7,new
columns/001-ball-count/analysis/r_bcap_history_20260928/final_visual_review_20260928T063228Z/snapshot/source_runs/bcap_swing_r_history__mlb_2015__20260928__r01/manifest.json,30789,e6291c1ccd842bc593dcf4bc2f0a039378d831dce924440bd6cfa7f843f60ede,new
columns/001-ball-count/analysis/r_bcap_history_20260928/final_visual_review_20260928T063228Z/snapshot/source_runs/bcap_swing_r_history__mlb_2015__20260928__r01/metrics.json,318,50e4c9d5ac638d6bfe31f0d19e57764f5aee0c99e4d402b0b465607c7e4579cb,new
columns/001-ball-count/analysis/r_bcap_history_20260928/final_visual_review_20260928T063228Z/snapshot/source_runs/bcap_swing_r_history__mlb_2015__20260928__r01/year_values.csv,109381,d66603103bbf1c74bcc356174355ee150ec2ad723ea27b40f304deb3e2823bcf,new
columns/001-ball-count/analysis/r_bcap_history_20260928/final_visual_review_20260928T063228Z/snapshot/source_runs/bcap_swing_r_history__mlb_2016__20260928__r01/action_values.csv,108580,c3e79edd49e81ffd8f1ec7a82028cc05096a7680eaef08829b27722214de98fd,new
columns/001-ball-count/analysis/r_bcap_history_20260928/final_visual_review_20260928T063228Z/snapshot/source_runs/bcap_swing_r_history__mlb_2016__20260928__r01/checks.json,3002,38b1faa42c603d3ea29051b686cd9bd221ae38c28b1d610be49b74004fe207d7,new
columns/001-ball-count/analysis/r_bcap_history_20260928/final_visual_review_20260928T063228Z/snapshot/source_runs/bcap_swing_r_history__mlb_2016__20260928__r01/manifest.json,30798,5bbf91b1d966108d9c69f2aed0ae62ae188ee80578e9d03ede526c66f1ac0123,new
columns/001-ball-count/analysis/r_bcap_history_20260928/final_visual_review_20260928T063228Z/snapshot/source_runs/bcap_swing_r_history__mlb_2016__20260928__r01/metrics.json,318,3262561aa2a4057227007b6ab46b042cf60080326543a936d16a1a023ba00f6c,new
columns/001-ball-count/analysis/r_bcap_history_20260928/final_visual_review_20260928T063228Z/snapshot/source_runs/bcap_swing_r_history__mlb_2016__20260928__r01/year_values.csv,109555,5c364a2587b960e8a6d367951b810aae89ef6297448be4dfb51b1c508b04f719,new
columns/001-ball-count/analysis/r_bcap_history_20260928/final_visual_review_20260928T063228Z/snapshot/source_runs/bcap_swing_r_history__mlb_2017__20260928__r01/action_values.csv,108350,9572b56052a8730d3d2b1031945f480e3f8843e8cf48c5d64fe179f6a97fe70e,new
columns/001-ball-count/analysis/r_bcap_history_20260928/final_visual_review_20260928T063228Z/snapshot/source_runs/bcap_swing_r_history__mlb_2017__20260928__r01/checks.json,3002,38b1faa42c603d3ea29051b686cd9bd221ae38c28b1d610be49b74004fe207d7,new
columns/001-ball-count/analysis/r_bcap_history_20260928/final_visual_review_20260928T063228Z/snapshot/source_runs/bcap_swing_r_history__mlb_2017__20260928__r01/manifest.json,30778,26be2301af7e37ffa1edb43c8d006bcd7a20adf274e9210d7916023365099b7b,new
columns/001-ball-count/analysis/r_bcap_history_20260928/final_visual_review_20260928T063228Z/snapshot/source_runs/bcap_swing_r_history__mlb_2017__20260928__r01/metrics.json,318,2cd55330a97f3a375d142c5549b2f52cde33f7b678349423122bee5ca26de2b7,new
columns/001-ball-count/analysis/r_bcap_history_20260928/final_visual_review_20260928T063228Z/snapshot/source_runs/bcap_swing_r_history__mlb_2017__20260928__r01/year_values.csv,109325,b3b8ea37688cf70174becdf0f5295e68596df473422cd00856e72f0efec50f21,new
columns/001-ball-count/analysis/r_bcap_history_20260928/final_visual_review_20260928T063228Z/snapshot/source_runs/bcap_swing_r_history__mlb_2018__20260928__r01/action_values.csv,108635,21aaa859887d04de4e5fa2773e748ade60b5838708ae2893be4a56e386702825,new
columns/001-ball-count/analysis/r_bcap_history_20260928/final_visual_review_20260928T063228Z/snapshot/source_runs/bcap_swing_r_history__mlb_2018__20260928__r01/checks.json,3002,38b1faa42c603d3ea29051b686cd9bd221ae38c28b1d610be49b74004fe207d7,new
columns/001-ball-count/analysis/r_bcap_history_20260928/final_visual_review_20260928T063228Z/snapshot/source_runs/bcap_swing_r_history__mlb_2018__20260928__r01/manifest.json,30979,a23dae9da890d2c2353ee2c763067cd40c6aafc1a62b6e02d7bd65a1fb93fef0,new
columns/001-ball-count/analysis/r_bcap_history_20260928/final_visual_review_20260928T063228Z/snapshot/source_runs/bcap_swing_r_history__mlb_2018__20260928__r01/metrics.json,317,86873a90b2d274c8c5c25445545f4a42e346678d08dccb95f5d50a3509257c64,new
columns/001-ball-count/analysis/r_bcap_history_20260928/final_visual_review_20260928T063228Z/snapshot/source_runs/bcap_swing_r_history__mlb_2018__20260928__r01/year_values.csv,109610,6e1f17f958bd880566e03c36d99297efa3d5f7d1a8bb05d0d367178bb41d03b5,new
columns/001-ball-count/analysis/r_bcap_history_20260928/final_visual_review_20260928T063228Z/snapshot/source_runs/bcap_swing_r_history__mlb_2019__20260928__r01/action_values.csv,108555,083a3a080b967f0f00fc179e29fb1abd3a923c184cec35e7317bc3b31514cdff,new
columns/001-ball-count/analysis/r_bcap_history_20260928/final_visual_review_20260928T063228Z/snapshot/source_runs/bcap_swing_r_history__mlb_2019__20260928__r01/checks.json,3002,38b1faa42c603d3ea29051b686cd9bd221ae38c28b1d610be49b74004fe207d7,new
columns/001-ball-count/analysis/r_bcap_history_20260928/final_visual_review_20260928T063228Z/snapshot/source_runs/bcap_swing_r_history__mlb_2019__20260928__r01/manifest.json,31234,32fc8d1686c101aa90260fbed7d25f1590bbf2401ceb18f7b9d1bc2a735e6bb2,new
columns/001-ball-count/analysis/r_bcap_history_20260928/final_visual_review_20260928T063228Z/snapshot/source_runs/bcap_swing_r_history__mlb_2019__20260928__r01/metrics.json,318,b11501348c930fdb2ba5efa791ce35e509b866b46df3f9d26113cec3d05b8c2b,new
columns/001-ball-count/analysis/r_bcap_history_20260928/final_visual_review_20260928T063228Z/snapshot/source_runs/bcap_swing_r_history__mlb_2019__20260928__r01/year_values.csv,109530,993a87513a1f551c8e2a94b0846a03e812f1e97a54d0de193e8d77f04579e625,new
columns/001-ball-count/analysis/r_bcap_history_20260928/final_visual_review_20260928T063228Z/snapshot/source_runs/bcap_swing_r_history__mlb_2020__20260928__r01/action_values.csv,107006,166943c96dbf9e2a00aabb8e9e53d3cccce6f8c31b59228f5e5fc23acb9d4171,new
columns/001-ball-count/analysis/r_bcap_history_20260928/final_visual_review_20260928T063228Z/snapshot/source_runs/bcap_swing_r_history__mlb_2020__20260928__r01/checks.json,3002,38b1faa42c603d3ea29051b686cd9bd221ae38c28b1d610be49b74004fe207d7,new
columns/001-ball-count/analysis/r_bcap_history_20260928/final_visual_review_20260928T063228Z/snapshot/source_runs/bcap_swing_r_history__mlb_2020__20260928__r01/manifest.json,24703,835617c25e677e49f69737faf398d6df7e776042b2f901a71d232f206ffcbf35,new
columns/001-ball-count/analysis/r_bcap_history_20260928/final_visual_review_20260928T063228Z/snapshot/source_runs/bcap_swing_r_history__mlb_2020__20260928__r01/metrics.json,317,363374e46c61d65b1644b77e7474735202f44093e8b3dc4062e442b78a8ea003,new
columns/001-ball-count/analysis/r_bcap_history_20260928/final_visual_review_20260928T063228Z/snapshot/source_runs/bcap_swing_r_history__mlb_2020__20260928__r01/year_values.csv,107981,f043e306c010ea845d0e02b35dea4a45e8beb28c7d0a5e311abe34e242e9d496,new
columns/001-ball-count/analysis/r_bcap_history_20260928/final_visual_review_20260928T063228Z/snapshot/source_runs/bcap_swing_r_history__mlb_2021__20260928__r01/action_values.csv,108594,a02e14456c2fbe8b565aeeb5da8bb928cad5fc2063fc56501565c18342057546,new
columns/001-ball-count/analysis/r_bcap_history_20260928/final_visual_review_20260928T063228Z/snapshot/source_runs/bcap_swing_r_history__mlb_2021__20260928__r01/checks.json,3002,38b1faa42c603d3ea29051b686cd9bd221ae38c28b1d610be49b74004fe207d7,new
columns/001-ball-count/analysis/r_bcap_history_20260928/final_visual_review_20260928T063228Z/snapshot/source_runs/bcap_swing_r_history__mlb_2021__20260928__r01/manifest.json,30997,feaa1bf3800d08992baebe1c9524ce59e43bd3627adbadde770b8e225713d99a,new
columns/001-ball-count/analysis/r_bcap_history_20260928/final_visual_review_20260928T063228Z/snapshot/source_runs/bcap_swing_r_history__mlb_2021__20260928__r01/metrics.json,318,085ad65903386d7967f9b9cb078a7ffa28843b4d7207383353575c766f994655,new
columns/001-ball-count/analysis/r_bcap_history_20260928/final_visual_review_20260928T063228Z/snapshot/source_runs/bcap_swing_r_history__mlb_2021__20260928__r01/year_values.csv,109569,569e4d563bba8b2314d6b271852cf46432c8188857d7713108049956a1c3f00d,new
columns/001-ball-count/analysis/r_bcap_history_20260928/final_visual_review_20260928T063228Z/snapshot/source_runs/bcap_swing_r_history__mlb_2022__20260928__r01/action_values.csv,108583,d114763d55c51522870c432414948b3179c807daf0a04d0733d40879bad06c45,new
columns/001-ball-count/analysis/r_bcap_history_20260928/final_visual_review_20260928T063228Z/snapshot/source_runs/bcap_swing_r_history__mlb_2022__20260928__r01/checks.json,3002,38b1faa42c603d3ea29051b686cd9bd221ae38c28b1d610be49b74004fe207d7,new
columns/001-ball-count/analysis/r_bcap_history_20260928/final_visual_review_20260928T063228Z/snapshot/source_runs/bcap_swing_r_history__mlb_2022__20260928__r01/manifest.json,30217,11876bf4763400ee61ead0a9a8a7daf1f2584932e65071a5b2d8388f7a400410,new
columns/001-ball-count/analysis/r_bcap_history_20260928/final_visual_review_20260928T063228Z/snapshot/source_runs/bcap_swing_r_history__mlb_2022__20260928__r01/metrics.json,317,124eb73ad70f76a020d22eedf694efb914a9102594507a08e73c7e870c374b60,new
columns/001-ball-count/analysis/r_bcap_history_20260928/final_visual_review_20260928T063228Z/snapshot/source_runs/bcap_swing_r_history__mlb_2022__20260928__r01/year_values.csv,109558,7789d8e4e0e784e508dfcdf370ddae6f6a9fb7448870362b4e5182692f07f423,new
columns/001-ball-count/analysis/r_bcap_history_20260928/final_visual_review_20260928T063228Z/snapshot/source_runs/bcap_swing_r_history__mlb_2023__20260928__r01/action_values.csv,108673,0adbcf3c5ed5637c231050d7ee83bc5e36ed1b2d1c35884c73fa1dcc80fc6ef5,new
columns/001-ball-count/analysis/r_bcap_history_20260928/final_visual_review_20260928T063228Z/snapshot/source_runs/bcap_swing_r_history__mlb_2023__20260928__r01/checks.json,2979,39ebe106312aecf95da27706fa94a1feb5ebd9bfdf2717e4e46a3d481682c2c8,new
columns/001-ball-count/analysis/r_bcap_history_20260928/final_visual_review_20260928T063228Z/snapshot/source_runs/bcap_swing_r_history__mlb_2023__20260928__r01/manifest.json,30051,eacd421d82de4044f7cb892b05e7090d077069291bcfbacb619efa549ab5fbfa,new
columns/001-ball-count/analysis/r_bcap_history_20260928/final_visual_review_20260928T063228Z/snapshot/source_runs/bcap_swing_r_history__mlb_2023__20260928__r01/metrics.json,318,3162b3c556cb8dbd61c3cb66e8a4909a840a9dffcbca66a18ffc13dd19e25939,new
columns/001-ball-count/analysis/r_bcap_history_20260928/final_visual_review_20260928T063228Z/snapshot/source_runs/bcap_swing_r_history__mlb_2023__20260928__r01/year_values.csv,109648,e60eb7cc8b0b9a43b2f933d3c0d53bbe3018beb2ccc3db364ad5412e38285f5f,new
columns/001-ball-count/analysis/r_bcap_history_20260928/final_visual_review_20260928T063228Z/snapshot/summary.csv,2468526,80da9b30b135eef3a12e89f3bf51f0d4c349d02f7212e511e94fcbd486dacd14,new
columns/001-ball-count/analysis/r_bcap_history_20260928/final_visual_review_20260928T063228Z/snapshot/swing_2015_count_mobile.png,25711,673786d5b2b7016125ace8be1e2c6b30b8f377ce72529897945767c0cb682da7,new
columns/001-ball-count/analysis/r_bcap_history_20260928/final_visual_review_20260928T063228Z/snapshot/swing_2016_count_mobile.png,28565,c721597bfc65e35e9a01c0439d38ae11d666f539d6fc8dc621ab42336f789df7,new
columns/001-ball-count/analysis/r_bcap_history_20260928/final_visual_review_20260928T063228Z/snapshot/swing_2017_count_mobile.png,26534,6a8a291c2011aed725ed532fce7c7479ccbd3040be6bbd86cf61eabdfb595327,new
columns/001-ball-count/analysis/r_bcap_history_20260928/final_visual_review_20260928T063228Z/snapshot/swing_2018_count_mobile.png,23753,4d2c4b9658d4d208381741dbf89bfb06e68e2ecc79fe94f1f88c975b4080bd7b,new
columns/001-ball-count/analysis/r_bcap_history_20260928/final_visual_review_20260928T063228Z/snapshot/swing_2019_count_mobile.png,27378,27669f285a591c6ae1b511723ee8ba90168722b5169fab2b7e19c6eadd732c26,new
columns/001-ball-count/analysis/r_bcap_history_20260928/final_visual_review_20260928T063228Z/snapshot/swing_2020_count_mobile.png,25344,3c8e794f386ab141471f7f6bc289927987ebbc0ae570e14a8a88a9cbfa93856d,new
columns/001-ball-count/analysis/r_bcap_history_20260928/final_visual_review_20260928T063228Z/snapshot/swing_2021_count_mobile.png,25514,120494c9509dce5950cf86fc5bd5aea6a5016dd812bd40ccf984ab0d8c9246d3,new
columns/001-ball-count/analysis/r_bcap_history_20260928/final_visual_review_20260928T063228Z/snapshot/swing_2022_count_mobile.png,25497,2a158bca1c477715f9a3f2de9507028ee353269adb9eff0933c3e4f6bb352256,new
columns/001-ball-count/analysis/r_bcap_history_20260928/final_visual_review_20260928T063228Z/snapshot/swing_2023_count_mobile.png,23768,02a82b661ab46c2cad13aec3dd4f457def3eac5129d92735dcf7025becc9ad4a,new
columns/001-ball-count/analysis/r_bcap_history_20260928/final_visual_review_20260928T063228Z/snapshot/swing_2024_count_mobile.png,26690,92017c51f791315a29448f379646e234f287a12b04fb801b89f2b09c7118e741,new
columns/001-ball-count/analysis/r_bcap_history_20260928/final_visual_review_20260928T063228Z/snapshot/swing_2025_count_mobile.png,27162,2d440329c4daf3fd265ff9debb2aa9a44306070cee29804a5adec18743e3fcab,new
columns/001-ball-count/analysis/r_bcap_history_20260928/final_visual_review_20260928T063228Z/snapshot/swing_count_history.png,98605,5df66f29827b689c75923756bbb380e64865a492f39feb95eca231f641fc88bc,new
columns/001-ball-count/analysis/r_bcap_history_20260928/final_visual_review_20260928T063228Z/snapshot_manifest.json,124385,c3dc5de1600aaf7e5fde9f25a1f312a27bf25de1b56fd0416933549477e98e4d,new
columns/001-ball-count/analysis/r_bcap_history_20260928/final_visual_review_20260928T063228Z/verify_final_snapshot.ps1,5933,83fe5829f2d836fc0efc908ccd8e23d5aab04d9d90062488dd54832e9e76e690,new
columns/001-ball-count/analysis/r_bcap_history_20260928/final_visual_review_20260928T063228Z/visual_review.json,7339,14ed476a58febc97ba8c6159f80b0056b44831e20873395d83626c35738ffdc9,new
columns/001-ball-count/analysis/r_bcap_history_20260928/implementation_review.md,12949,317bbd50ad538a5e45c96ea871dd7367051fbd0f13d0342a0e4660005d99df05,new
columns/001-ball-count/analysis/r_bcap_history_20260928/legacy_headers_2015_2016_20260928.json,27160,4a19ec71efb001ef521abf26fa153e65f6cea93aeaf6044ac4f1e00d05180bb9,new
columns/001-ball-count/analysis/r_bcap_history_20260928/legacy_venue_policy_check.json,9631,ff980873cb8619bc3d0c40b1bdb07560ad8b364dcd2f93d3b6bc0e0491cbfdb7,new
columns/001-ball-count/analysis/r_bcap_history_20260928/preparation_schedule_check.json,6219,a4eb80405b9f500206823eb6656b8847086dad4546e3f132ceee6b747955c616,new
columns/001-ball-count/analysis/r_bcap_history_20260928/progress.json,7517,2abdaacd6a457a65a1f5e94c1f51088dd331fba27d1fb9a40def74ec63620d9f,new
columns/001-ball-count/analysis/r_bcap_history_20260928/progress_attempts/20260928_123212_946607.json,1512,1e93ab7d345f543bf04d20a51696ae9cefe260164d9674e3a11807c8cef5ee3b,new
columns/001-ball-count/analysis/r_bcap_history_20260928/report.html,51960,45262410a816f3cf39d6f7e2cb175b8eb0d348182dc255deea2c0f47478590cd,new
columns/001-ball-count/analysis/r_bcap_history_20260928/report.md,27272,0e56f5af68d10ac627f64f5ade98b6e983c321aaa8c4beaf7cbfe809f7d78a32,new
columns/001-ball-count/analysis/r_bcap_history_20260928/report_validation.json,83306,6dda91897da1d7ccef31147cdeb27bd39a9b1083ad40b3bbcad40b54d23a9a37,new
columns/001-ball-count/analysis/r_bcap_history_20260928/review_bcap_2015_20260928_153222.json,31457,a96d767249a230997653d0ff57d86cd3b52fef7ef765119857a920d8b12f90e6,new
columns/001-ball-count/analysis/r_bcap_history_20260928/review_bcap_2016_20260928_144449.json,31049,7f800332ab32f3becb960cfe7aa83cf9356054aed9536598534b9f55c877121d,new
columns/001-ball-count/analysis/r_bcap_history_20260928/review_bcap_2018_2017_20260928_142341.json,25469,7c0679540aaf0c568cadebb9fcedb0f6d37857e102c62addf8dcd7fba0b8b4ff,new
columns/001-ball-count/analysis/r_bcap_history_20260928/review_bcap_2018_2017_20260928_142506.json,28194,927b5d6393bf18fc2ba336b4e513c1f0364431c1da7741e1eac9838e894bcb54,new
columns/001-ball-count/analysis/r_bcap_history_20260928/review_bcap_2020_2021_20260928_133138.json,28261,274f57798e8a616311118e1eeefa9d7e06a6042b2bf9aac405ad507f406b0f7b,new
columns/001-ball-count/analysis/r_bcap_history_20260928/summary.csv,2468526,80da9b30b135eef3a12e89f3bf51f0d4c349d02f7212e511e94fcbd486dacd14,new
columns/001-ball-count/analysis/r_history_20260928/2026_supplement_readiness.md,17743,891256964409db1dbce18c6846bcd317a9b06e6bbe790a1ab102d7f2cde3081f,new
columns/001-ball-count/analysis/r_history_20260928/automation_completion_20260928.json,440,b18ee4ba920ff0b8b3fd7918c9a7e0835df65ce4c7762d6fe1854ce9ea3983a9,new
columns/001-ball-count/analysis/r_history_20260928/check_final_delivery.ps1,4204,b459a8d955304a96a1e88d6b00f2fc79236e7e9c075440aac4495c9cbff4f482,new
columns/001-ball-count/analysis/r_history_20260928/completion.md,5123,eb0dfdb0897232064098959453ed4cb9f66b19fe5f1e965b53e2c767ea04149a,new
columns/001-ball-count/analysis/r_history_20260928/continuation.md,17487,f2787e57dec2cc95f7cdb97c4aa02d23fe41d019584fc50cbc334f42eb0bda57,new
columns/001-ball-count/analysis/r_history_20260928/final_docs_check_20260928.json,10565,7fa9f8d9b5db2a3e494923f1e187dd3ea1bc2a5f1067e2fc51debc63474f1e5f,new
columns/001-ball-count/analysis/r_history_20260928/final_docs_check_20260928_r02.json,11637,530e7c01608978d471abd12cd15e5cbaabc4ae98c51b5b4f608bf9702a3682f7,new
columns/001-ball-count/analysis/r_history_20260928/final_integrity_20260928.json,97097,220900f9f6e88dcc90edf84f7a4dabd4e3fdc5b284304535a181aff026eb35d5,new
columns/001-ball-count/analysis/r_history_20260928/heartbeat_20260928T043631Z.json,9059,c40f1ce1cc7ca93cd4156fd01236d895fea2658b2541839282c3cb6c69e31d41,new
columns/001-ball-count/analysis/r_history_20260928/heartbeat_20260928T050436Z.json,9224,f2311e06c46aa704f807a83a0397fce07635e9cc0df361d38caac288f3372b46,new
columns/001-ball-count/analysis/r_history_20260928/heartbeat_20260928T052812Z.json,9143,1ffe530dd7a6da7a00081b9df99ca854815712fe0aad3a3f01496ee758660288,new
columns/001-ball-count/analysis/r_history_20260928/heartbeat_20260928T060847Z.json,10748,12301a373447075c031145e5059143373877ce612d3c566b16e6d7b76589cfeb,new
columns/001-ball-count/analysis/r_history_20260928/plan.md,4967,8491f4c5d88c922d4fbf420f73803d1baeb3c0eab75bc2c5c18f8ced262e4236,new
columns/001-ball-count/analysis/r_history_20260928/progress.json,1106,4d4c0fc906ad0a1f887a7960d6f396ec04dbf6992321f1d27a00a40ce81d8088,new
columns/001-ball-count/analysis/r_history_20260928/r_reuse_documentation_check_20260928.json,6549,27ade94549e61a33b2ad15780c142978135e4bb5eadeb4ca408ac0c0917a8283,new
columns/001-ball-count/analysis/r_history_20260928/recovery_2016_audit_20260928_135832.json,21158,7fc597ef46b158f337aa36512e44fe79f2ade00359ab017e01c95812f5e6e9f8,new
columns/001-ball-count/analysis/r_history_20260928/recovery_2016_before.json,12139,ed6b3e6b7541c0df368264439935a537767ec1abddd1babd20e4cbd7de487441,new
columns/001-ball-count/analysis/r_history_20260928/recovery_2016_progress.json,112,c5758649bc4bf531c3b3c819ac9a7ea7beede692fed1ff8de363a405463098af,new
columns/001-ball-count/analysis/r_history_20260928/recovery_2018_progress.json,112,bebe757a0aa6a16ce475bbc2be1fa56e5c3c0dfdcb14c772b54c8b1c56895e61,new
columns/001-ball-count/analysis/r_history_20260928/report.html,13299,4127eddc9053e4b58a9a8c938ca6864d70d287998baedf1452979336f2479fe8,new
columns/001-ball-count/analysis/r_history_20260928/report.md,8809,9ecbade22da32aadf7364cdb48640704d4e45c7590261a258280f45e59be91ad,new
columns/001-ball-count/analysis/r_history_20260928/report_validation.json,21861,e5019019c83fe6c1c5dc031d8451e043b7af3acc7edabcdefcc5b827d48b1b8d,new
columns/001-ball-count/analysis/r_history_20260928/summary.csv,61510,62326e2e02af5247fa80de9103b460bceac4cb7e812922e1ba5a37bfdbb020b0,new
columns/001-ball-count/analysis/r_history_20260928/weights.csv,475,7ec71f46b745d9b193298d19b458501a81384425003d131087cbd32c7154cc5c,new
columns/001-ball-count/analysis/r_supplement_20260928/bcai_summary.csv,1642,5742a281e818f18c719b4d2231c9fcdc884e6cd1af8b93f8196736d5285b3b74,new
columns/001-ball-count/analysis/r_supplement_20260928/bcap_preparation_config.json,4743,50d9281c5bbd754efd07aaa98aa6dc1ad5b3187c73339cb5e2027e05b2621814,new
columns/001-ball-count/analysis/r_supplement_20260928/bcap_preparation_snapshot/prepare_raw.R,19339,8705352ff1ea0f39619823243b11f677b65ea52d6ff37984d0ad79debb30f2c9,new
columns/001-ball-count/analysis/r_supplement_20260928/bcap_summary.csv,13419,f70ca021d4b750006932cb337a5bd4f8e76ee8bc4fdbe5225b4e69b7f7ff0813,new
columns/001-ball-count/analysis/r_supplement_20260928/pitch_config.json,435,6a0ff2cc493a1bc831ae79153b353946a44a1ffe329c07ede7c5799654a8525b,new
columns/001-ball-count/analysis/r_supplement_20260928/pitch_execution_snapshot/engine.R,9868,21a6b2f7daf195adcbde629bfa22363679d1751f92bf9e4955419a86b950507e,new
columns/001-ball-count/analysis/r_supplement_20260928/pitch_execution_snapshot/run.R,19631,3757fec5580c6d5c8b4de1696bc1583e306d45d12e24e22ff8f97f0b2e873760,new
columns/001-ball-count/analysis/r_supplement_20260928/pitch_ff_config.json,441,f239954f8763fe0255cd4a4d7de3a9f0a34e9eef276a0314b5143f3af0866059,new
columns/001-ball-count/analysis/r_supplement_20260928/pitch_ff_execution_snapshot/engine.R,9868,21a6b2f7daf195adcbde629bfa22363679d1751f92bf9e4955419a86b950507e,new
columns/001-ball-count/analysis/r_supplement_20260928/pitch_ff_execution_snapshot/run.R,19631,3757fec5580c6d5c8b4de1696bc1583e306d45d12e24e22ff8f97f0b2e873760,new
columns/001-ball-count/analysis/r_supplement_20260928/postflight.json,6946,c33027092c27e06468114e80848407433e265e601b0a55b8b74af21e42d92bf4,new
columns/001-ball-count/analysis/r_supplement_20260928/report.html,1506,a5b88d5068eace1c12a6b47b580676e052cb61842c96c212ee92d7fd386a4b2f,new
columns/001-ball-count/analysis/r_supplement_20260928/report.md,3078,9885fbfbd3db5abeb8725353d4def56808aeca561aae09981d04ad3fc817c5aa,new
columns/001-ball-count/analysis/r_supplement_20260928/visual_review.json,994,a7a25a83e7270aa3d92df684847cce6e0543b29713f1a2ad4092a5a3bad8e8ac,new
columns/001-ball-count/analysis/r_supplement_20260928/weights.json,453,82b88e9cbfc3fe398b887d0ee2f64bf9f72dcd4e8d4cd3e41b6552ca2d94eb47,new
columns/001-ball-count/analysis/r_supplement_20260928/withheld_measurement.json,458,3eb7f71cec6351cddbaf2ed16d1755cbab46afb62ab1e44813456e6c26a960d1,new
columns/001-ball-count/analysis/runs/bcai_history__mlb_2015__20260928__r01/artifacts/code/bcai.R,8803,84e705e149c64026a961e3b2e25dc93510329d86f62e913de79399cf63073d2b,new
columns/001-ball-count/analysis/runs/bcai_history__mlb_2015__20260928__r01/artifacts/code/run.R,12369,f37d6e1162d07697341f09583bb64d06e254735691dae47769bbc96fea3de27f,new
columns/001-ball-count/analysis/runs/bcai_history__mlb_2015__20260928__r01/artifacts/cohorts.csv,91,851bb25f10deb9945a51e0ac1c1de83850b8954d43437dd5fd8718b16a528097,new
columns/001-ball-count/analysis/runs/bcai_history__mlb_2015__20260928__r01/artifacts/combined_indices.csv,1362,dac12c2b293d09e9826b7cf02cdd3db4c1b2c3c8915d4694e1852a361028c1ff,new
columns/001-ball-count/analysis/runs/bcai_history__mlb_2015__20260928__r01/artifacts/event_rates.csv,3300,30ca4812d46abcd7bc616f83644ee288389667a1e23eadd6bff9b1e59a459fe1,new
columns/001-ball-count/analysis/runs/bcai_history__mlb_2015__20260928__r01/artifacts/exclusion_audit.csv,821,4484af7847c883d51ce7ed241d9cbe030d9f1b44cbf7b207a4bad47ca714bddc,new
columns/001-ball-count/analysis/runs/bcai_history__mlb_2015__20260928__r01/artifacts/pre_bootstrap_check.json,687,d2cb97bad58d68d79074997d9f0391979621db19dbea77be5139d53fe04f8a1c,new
columns/001-ball-count/analysis/runs/bcai_history__mlb_2015__20260928__r01/artifacts/season_indices.csv,1644,6301497b333767dbb341a2c64e538a22603dbb4b43c3cf34a0275e586220bd2f,new
columns/001-ball-count/analysis/runs/bcai_history__mlb_2015__20260928__r01/artifacts/sessionInfo.txt,949,7cd4885016967f7c950cbf507253e4c15f1a4d22971a713ce2dc8f22cee127d1,new
columns/001-ball-count/analysis/runs/bcai_history__mlb_2015__20260928__r01/artifacts/validation.json,1063,9f5bcc23dc3ecfabe617c1a912d505bbdd5e85b24202094720f409915a3dc214,new
columns/001-ball-count/analysis/runs/bcai_history__mlb_2015__20260928__r01/artifacts/year_differences.csv,120,2123efa15f7012b2bdc7d128a216887412ddd2cea4df931eb056fc50e440e3fd,new
columns/001-ball-count/analysis/runs/bcai_history__mlb_2015__20260928__r01/config.json,1088,d8646cec63c31eaf3d7ffcca54b9ce379527e1a613c5d3dd58fa5d1fbfd6c301,new
columns/001-ball-count/analysis/runs/bcai_history__mlb_2015__20260928__r01/execution.log,188,4b7ceab30f9f3b96fc8b3e24bb223f49465d41aede8ef823b7ebd95c91a33b80,new
columns/001-ball-count/analysis/runs/bcai_history__mlb_2015__20260928__r01/manifest.json,9549,bfff01ec625d850e589874a76be8c805a4403d08d696b5d36f34bcafe6604e83,new
columns/001-ball-count/analysis/runs/bcai_history__mlb_2016__20260928__r01/artifacts/code/bcai.R,8803,84e705e149c64026a961e3b2e25dc93510329d86f62e913de79399cf63073d2b,new
columns/001-ball-count/analysis/runs/bcai_history__mlb_2016__20260928__r01/artifacts/code/run.R,12369,f37d6e1162d07697341f09583bb64d06e254735691dae47769bbc96fea3de27f,new
columns/001-ball-count/analysis/runs/bcai_history__mlb_2016__20260928__r01/artifacts/cohorts.csv,91,ba4cbb63823a60f5af7fe877495ccc9fb23b346934dafcaafffe5d18bdca2b04,new
columns/001-ball-count/analysis/runs/bcai_history__mlb_2016__20260928__r01/artifacts/combined_indices.csv,1362,f61408faf736591a641bd0d18b2e6e872d4526d411f5e13bafce73e43b72d015,new
columns/001-ball-count/analysis/runs/bcai_history__mlb_2016__20260928__r01/artifacts/event_rates.csv,3302,d0196780c15fc11db32e0eb96a31fe33c5921cbbeaacbabdbde84a93cd49eebd,new
columns/001-ball-count/analysis/runs/bcai_history__mlb_2016__20260928__r01/artifacts/exclusion_audit.csv,821,7292920080d0f10e9d79061449436b12c7c0d4ec9e1566e6a59d062c9fef980e,new
columns/001-ball-count/analysis/runs/bcai_history__mlb_2016__20260928__r01/artifacts/pre_bootstrap_check.json,687,c9458c7f0b9520d9209df38270c9f6539692c4a4ada02b5c1ec6420ac10c2f89,new
columns/001-ball-count/analysis/runs/bcai_history__mlb_2016__20260928__r01/artifacts/season_indices.csv,1645,670a06b14eb55e2e88572d0986c1fefbb33b009fe9e00cbad5e88f888a709322,new
columns/001-ball-count/analysis/runs/bcai_history__mlb_2016__20260928__r01/artifacts/sessionInfo.txt,949,7cd4885016967f7c950cbf507253e4c15f1a4d22971a713ce2dc8f22cee127d1,new
columns/001-ball-count/analysis/runs/bcai_history__mlb_2016__20260928__r01/artifacts/validation.json,1063,1a6a9b353bbc9d8295c33431c01ef25f0dc621526297c8583e643a363178ea87,new
columns/001-ball-count/analysis/runs/bcai_history__mlb_2016__20260928__r01/artifacts/year_differences.csv,120,2123efa15f7012b2bdc7d128a216887412ddd2cea4df931eb056fc50e440e3fd,new
columns/001-ball-count/analysis/runs/bcai_history__mlb_2016__20260928__r01/config.json,1088,d3e9266ba8dae34323b144d589fb22bffe6866c7e83d0006d853a67d0bde73c9,new
columns/001-ball-count/analysis/runs/bcai_history__mlb_2016__20260928__r01/execution.log,188,51bf9538b00b078bea3101f66d72a44fac02838e59db642f93d5f15e6daa5c8e,new
columns/001-ball-count/analysis/runs/bcai_history__mlb_2016__20260928__r01/manifest.json,9549,336e113702825dbe61a444789e3638b7d98592c29b5105fe310aeee6596c9d9f,new
columns/001-ball-count/analysis/runs/bcai_history__mlb_2017__20260928__r01/artifacts/code/bcai.R,8803,84e705e149c64026a961e3b2e25dc93510329d86f62e913de79399cf63073d2b,new
columns/001-ball-count/analysis/runs/bcai_history__mlb_2017__20260928__r01/artifacts/code/run.R,12369,f37d6e1162d07697341f09583bb64d06e254735691dae47769bbc96fea3de27f,new
columns/001-ball-count/analysis/runs/bcai_history__mlb_2017__20260928__r01/artifacts/cohorts.csv,91,354a8ca255be2ca135d46b00cdf9fa73d40eb000171efd6db676af6a020b0264,new
columns/001-ball-count/analysis/runs/bcai_history__mlb_2017__20260928__r01/artifacts/combined_indices.csv,1357,e68814e81413939dc01ad83854dd9ad6f16e46a385855b1e103a0e08e7963c0a,new
columns/001-ball-count/analysis/runs/bcai_history__mlb_2017__20260928__r01/artifacts/event_rates.csv,3299,b778f81d250385b97f4642faeeb8bb49c35755b4ccd42cff592c1f45b6527324,new
columns/001-ball-count/analysis/runs/bcai_history__mlb_2017__20260928__r01/artifacts/exclusion_audit.csv,818,42f046c2be78186ce508f7784d433c43dc317ff281c5c5558f15ed05be1faf25,new
columns/001-ball-count/analysis/runs/bcai_history__mlb_2017__20260928__r01/artifacts/pre_bootstrap_check.json,714,bb8144d13c3491f5141eb732ead841e87091997172777789f61fa918b0d653a6,new
columns/001-ball-count/analysis/runs/bcai_history__mlb_2017__20260928__r01/artifacts/season_indices.csv,1640,3a4f98b407d83af31629d72415d7984e6a8eda1ef4969f8a30645a3d6fa7e0fd,new
columns/001-ball-count/analysis/runs/bcai_history__mlb_2017__20260928__r01/artifacts/sessionInfo.txt,949,7cd4885016967f7c950cbf507253e4c15f1a4d22971a713ce2dc8f22cee127d1,new
columns/001-ball-count/analysis/runs/bcai_history__mlb_2017__20260928__r01/artifacts/validation.json,1090,fbc48b229358000d6d8b07052dfc1dd2ed6ef36d7dd7540e76ffee5799d8fcd3,new
columns/001-ball-count/analysis/runs/bcai_history__mlb_2017__20260928__r01/artifacts/year_differences.csv,120,2123efa15f7012b2bdc7d128a216887412ddd2cea4df931eb056fc50e440e3fd,new
columns/001-ball-count/analysis/runs/bcai_history__mlb_2017__20260928__r01/config.json,1087,20b32638c7318f6f51fc8624988761359336a0e9a4d2efc8a014b35a7b406eaf,new
columns/001-ball-count/analysis/runs/bcai_history__mlb_2017__20260928__r01/execution.log,188,e7b70f5c9105092b722fd455042ae09b72bbf4142ef26e16d0bca0186e6f07eb,new
columns/001-ball-count/analysis/runs/bcai_history__mlb_2017__20260928__r01/manifest.json,9604,325cd48038582186403e01bc9a00591999b6687b104f88e5a76ca4e7f8b15838,new
columns/001-ball-count/analysis/runs/bcai_history__mlb_2018__20260928__r01/artifacts/code/bcai.R,8803,84e705e149c64026a961e3b2e25dc93510329d86f62e913de79399cf63073d2b,new
columns/001-ball-count/analysis/runs/bcai_history__mlb_2018__20260928__r01/artifacts/code/run.R,12369,f37d6e1162d07697341f09583bb64d06e254735691dae47769bbc96fea3de27f,new
columns/001-ball-count/analysis/runs/bcai_history__mlb_2018__20260928__r01/artifacts/cohorts.csv,91,584b360b44f88a17b56667a7bf36b9296f442708f5a2d944491ec8bf6918b992,new
columns/001-ball-count/analysis/runs/bcai_history__mlb_2018__20260928__r01/artifacts/combined_indices.csv,1358,6ab81540cc049470d42d59d8423104a4b112f9963e5e36c86d9b1bc94812c3bd,new
columns/001-ball-count/analysis/runs/bcai_history__mlb_2018__20260928__r01/artifacts/event_rates.csv,3295,7b6d4d909525d6de8ebcd4ef93cda71e6da88b211a10ef71a87d4d7d9fe62c3e,new
columns/001-ball-count/analysis/runs/bcai_history__mlb_2018__20260928__r01/artifacts/exclusion_audit.csv,821,c3afead9a0283e810dfdda2b2e5265ec8c942f666270972c104743588735df7d,new
columns/001-ball-count/analysis/runs/bcai_history__mlb_2018__20260928__r01/artifacts/pre_bootstrap_check.json,688,62aa49f11177c4bd586e983e2f8975b34c183e1667c301f5506a9cf50f7517c8,new
columns/001-ball-count/analysis/runs/bcai_history__mlb_2018__20260928__r01/artifacts/season_indices.csv,1641,ae2dc76e6b7b6ccf594c8863c90db8fabe1f65530846fade03a83101ec24c0e5,new
columns/001-ball-count/analysis/runs/bcai_history__mlb_2018__20260928__r01/artifacts/sessionInfo.txt,949,7cd4885016967f7c950cbf507253e4c15f1a4d22971a713ce2dc8f22cee127d1,new
columns/001-ball-count/analysis/runs/bcai_history__mlb_2018__20260928__r01/artifacts/validation.json,1064,49562ac8bbd9d6c26d95220217d49ee2895612bfee7fb1d007ffbbfef32ae632,new
columns/001-ball-count/analysis/runs/bcai_history__mlb_2018__20260928__r01/artifacts/year_differences.csv,120,2123efa15f7012b2bdc7d128a216887412ddd2cea4df931eb056fc50e440e3fd,new
columns/001-ball-count/analysis/runs/bcai_history__mlb_2018__20260928__r01/config.json,1085,2692e38e383d5f499cf39713759a2ed3ad7f2bbde6f78ca89328bd79df0d08a9,new
columns/001-ball-count/analysis/runs/bcai_history__mlb_2018__20260928__r01/execution.log,188,3c4862e83aabba4602a7b94ad774542ec27014d8f2bf781c98103e2d88719a05,new
columns/001-ball-count/analysis/runs/bcai_history__mlb_2018__20260928__r01/manifest.json,9548,6a9062a9431c8964cf65be80da513f5174c8f8b384bc2e27f869db8c5993b716,new
columns/001-ball-count/analysis/runs/bcai_history__mlb_2019__20260928__r01/artifacts/code/bcai.R,8803,84e705e149c64026a961e3b2e25dc93510329d86f62e913de79399cf63073d2b,new
columns/001-ball-count/analysis/runs/bcai_history__mlb_2019__20260928__r01/artifacts/code/run.R,12369,f37d6e1162d07697341f09583bb64d06e254735691dae47769bbc96fea3de27f,new
columns/001-ball-count/analysis/runs/bcai_history__mlb_2019__20260928__r01/artifacts/cohorts.csv,91,792130da5c3a8522010a94edcd2453d54a6233b87e69c4689e01ca5d2f01ca99,new
columns/001-ball-count/analysis/runs/bcai_history__mlb_2019__20260928__r01/artifacts/combined_indices.csv,1357,79f62b52036091841e1de62f4df800dc4a31e9a72829aae82a220bcb82927564,new
columns/001-ball-count/analysis/runs/bcai_history__mlb_2019__20260928__r01/artifacts/event_rates.csv,3304,1cd014250a460cdb1b2667f9286feb2f68544ae89a3059f6b4085a1a78c3ccc6,new
columns/001-ball-count/analysis/runs/bcai_history__mlb_2019__20260928__r01/artifacts/exclusion_audit.csv,820,574863d5eb8ee1e427ca1ec97bbf8011ea208e9d080f9e626d7fdd4a610ecabc,new
columns/001-ball-count/analysis/runs/bcai_history__mlb_2019__20260928__r01/artifacts/pre_bootstrap_check.json,687,58c0a2b44197e8e2cc3d9f75d99c77f7c9be84bbba093552b1fe1eeb7e26bb39,new
columns/001-ball-count/analysis/runs/bcai_history__mlb_2019__20260928__r01/artifacts/season_indices.csv,1641,79318e10a06e557a7d88148f60136e68ffe258c7d449e6828fb3bfe80d16a29b,new
columns/001-ball-count/analysis/runs/bcai_history__mlb_2019__20260928__r01/artifacts/sessionInfo.txt,949,7cd4885016967f7c950cbf507253e4c15f1a4d22971a713ce2dc8f22cee127d1,new
columns/001-ball-count/analysis/runs/bcai_history__mlb_2019__20260928__r01/artifacts/validation.json,1061,d9745f73315764289d068e6a97c69ebc8b266b0f36a3f556fdc1d2db51583897,new
columns/001-ball-count/analysis/runs/bcai_history__mlb_2019__20260928__r01/artifacts/year_differences.csv,120,2123efa15f7012b2bdc7d128a216887412ddd2cea4df931eb056fc50e440e3fd,new
columns/001-ball-count/analysis/runs/bcai_history__mlb_2019__20260928__r01/config.json,1085,92b91154ade62ae81621852633472e9376b7397a99ceeaf568ea2e131ae960f0,new
columns/001-ball-count/analysis/runs/bcai_history__mlb_2019__20260928__r01/execution.log,188,da027582b7edb0c18da0eb25bfdad1dac3c1f08cbc0128a0e7356011196309a5,new
columns/001-ball-count/analysis/runs/bcai_history__mlb_2019__20260928__r01/manifest.json,9542,246716e557f7e3a88728a8bf01aeec186a66b49918143250787a16da44934f14,new
columns/001-ball-count/analysis/runs/bcai_history__mlb_2020__20260928__r01/artifacts/code/bcai.R,8803,84e705e149c64026a961e3b2e25dc93510329d86f62e913de79399cf63073d2b,new
columns/001-ball-count/analysis/runs/bcai_history__mlb_2020__20260928__r01/artifacts/code/run.R,12076,830db5535b562ed4ed88b6aee7060c57d4c72fa718325287c3f6c2107d28245c,new
columns/001-ball-count/analysis/runs/bcai_history__mlb_2020__20260928__r01/config.json,1088,1718b1b86a5b511d1d294cc8d73e2b017960511d4b7de158ebc21926b2fcee2a,new
columns/001-ball-count/analysis/runs/bcai_history__mlb_2020__20260928__r01/execution.log,169,4fe0505f41efeb95dc1973b0a678d419e86fcf65aea33ffc1d6033635ae4cddf,new
columns/001-ball-count/analysis/runs/bcai_history__mlb_2020__20260928__r01/manifest.json,4502,45db71b7cd1584fd0fcde5f98b988e8f9a3dcf345f87110c2da7fae4052127c7,new
columns/001-ball-count/analysis/runs/bcai_history__mlb_2020__20260928__r02/artifacts/code/bcai.R,8803,84e705e149c64026a961e3b2e25dc93510329d86f62e913de79399cf63073d2b,new
columns/001-ball-count/analysis/runs/bcai_history__mlb_2020__20260928__r02/artifacts/code/run.R,12369,f37d6e1162d07697341f09583bb64d06e254735691dae47769bbc96fea3de27f,new
columns/001-ball-count/analysis/runs/bcai_history__mlb_2020__20260928__r02/artifacts/cohorts.csv,88,32c3f43830aaee4286d30eab21e4863236faa7382f8d700dbc24a7fbf13cc019,new
columns/001-ball-count/analysis/runs/bcai_history__mlb_2020__20260928__r02/artifacts/combined_indices.csv,1355,9bf49dd0014640591328fa8672c1d9f4a98a6d2cf9ad5b0d95ce333f60244629,new
columns/001-ball-count/analysis/runs/bcai_history__mlb_2020__20260928__r02/artifacts/event_rates.csv,3256,5d1928a90c37e0be277576861d4fbb9e212765103a46a954897e13c4d90701ea,new
columns/001-ball-count/analysis/runs/bcai_history__mlb_2020__20260928__r02/artifacts/exclusion_audit.csv,774,e8d203525be2688d487e80c5941317342af07ed72975f3b93ea1231426641129,new
columns/001-ball-count/analysis/runs/bcai_history__mlb_2020__20260928__r02/artifacts/pre_bootstrap_check.json,681,6774c4780840fc4f3f1d2e036e550c8270213bc0d8c0ed5735f4a0c34bfa27d5,new
columns/001-ball-count/analysis/runs/bcai_history__mlb_2020__20260928__r02/artifacts/season_indices.csv,1639,ae56f4d3c682085c200b56daa59f27db876e6cac1f382133ae2f7e72502b3d90,new
columns/001-ball-count/analysis/runs/bcai_history__mlb_2020__20260928__r02/artifacts/sessionInfo.txt,949,7cd4885016967f7c950cbf507253e4c15f1a4d22971a713ce2dc8f22cee127d1,new
columns/001-ball-count/analysis/runs/bcai_history__mlb_2020__20260928__r02/artifacts/validation.json,1057,f87f6b194f934e2118394cca088db1c43fd8edd859fe04e2203c1586bc319747,new
columns/001-ball-count/analysis/runs/bcai_history__mlb_2020__20260928__r02/artifacts/year_differences.csv,120,2123efa15f7012b2bdc7d128a216887412ddd2cea4df931eb056fc50e440e3fd,new
columns/001-ball-count/analysis/runs/bcai_history__mlb_2020__20260928__r02/check_schedule_filter.R,3969,015d3b205fe491645a221dce9b7677a52fb4731d3954215a9e04590bbccbe72c,new
columns/001-ball-count/analysis/runs/bcai_history__mlb_2020__20260928__r02/config.json,1088,84384e2db67d07ac1159c585272e5b7dbd08c9c86b4720d579f50c1ba18f5d42,new
columns/001-ball-count/analysis/runs/bcai_history__mlb_2020__20260928__r02/manifest.json,9490,2a9f2a4bc60d2112742c8bbdf60c8aebd7be6533c784fedb71f75c4c81b16212,new
columns/001-ball-count/analysis/runs/bcai_history__mlb_2020__20260928__r02/plan.md,1508,6a02e021a60c08671ef8d3c821a326dbc40bb9bc5393d1b3c70b44cf61f05a0d,new
columns/001-ball-count/analysis/runs/bcai_history__mlb_2020__20260928__r02/report.md,3504,cc66917a4bf5e7e0c47da06c5e85af40a9045109accb8a884008ced023bc5837,new
columns/001-ball-count/analysis/runs/bcai_history__mlb_2020__20260928__r02/schedule_check.json,10351,fd4d80b1912bdc518863e9cf9242ad13bacafbcb3609b098c3ba6b6fb1b439aa,new
columns/001-ball-count/analysis/runs/bcai_history__mlb_2021__20260928__r01/artifacts/code/bcai.R,8803,84e705e149c64026a961e3b2e25dc93510329d86f62e913de79399cf63073d2b,new
columns/001-ball-count/analysis/runs/bcai_history__mlb_2021__20260928__r01/artifacts/code/run.R,12076,830db5535b562ed4ed88b6aee7060c57d4c72fa718325287c3f6c2107d28245c,new
columns/001-ball-count/analysis/runs/bcai_history__mlb_2021__20260928__r01/artifacts/cohorts.csv,91,a4c43bfc807f0e9fd3d5941364a48e0c28867e44281f8ffcf7e651684053d480,new
columns/001-ball-count/analysis/runs/bcai_history__mlb_2021__20260928__r01/artifacts/combined_indices.csv,1358,f28679791c3b77bc8cb844dfd64d14cd89f44abe8db354e514054d2691598ed2,new
columns/001-ball-count/analysis/runs/bcai_history__mlb_2021__20260928__r01/artifacts/event_rates.csv,3300,844d79bfd399173d224eff6bf62bb6e3231e96cf39bcfc865c13de9324328f5b,new
columns/001-ball-count/analysis/runs/bcai_history__mlb_2021__20260928__r01/artifacts/exclusion_audit.csv,820,c4b6f9ddfccb4bbc1b0ab75799e8f8f0799f68da023e4541305a8153e1dcfa0e,new
columns/001-ball-count/analysis/runs/bcai_history__mlb_2021__20260928__r01/artifacts/pre_bootstrap_check.json,687,09c9717f0d36e843ecec7541af3f49ee1c7fbfadd3159a60fd1d80063809d5d5,new
columns/001-ball-count/analysis/runs/bcai_history__mlb_2021__20260928__r01/artifacts/season_indices.csv,1641,d19118f8601d7ac2c930e523ecf60a425831e7cf4d606a5eda30d9c16c95159f,new
columns/001-ball-count/analysis/runs/bcai_history__mlb_2021__20260928__r01/artifacts/sessionInfo.txt,949,7cd4885016967f7c950cbf507253e4c15f1a4d22971a713ce2dc8f22cee127d1,new
columns/001-ball-count/analysis/runs/bcai_history__mlb_2021__20260928__r01/artifacts/validation.json,1061,133b285675ac92ba9057d516957b5406fba96d81e6860a90009fd35b748178d5,new
columns/001-ball-count/analysis/runs/bcai_history__mlb_2021__20260928__r01/artifacts/year_differences.csv,120,2123efa15f7012b2bdc7d128a216887412ddd2cea4df931eb056fc50e440e3fd,new
columns/001-ball-count/analysis/runs/bcai_history__mlb_2021__20260928__r01/config.json,1088,60156cc452a3a21ddb825316f1dec38fef43faf59039613557ab2e7ac454937c,new
columns/001-ball-count/analysis/runs/bcai_history__mlb_2021__20260928__r01/execution.log,188,726d7a55a5f8ffe41c175e7e68c5678ffb5b0fd024ff4d69c637a2d48e3a547c,new
columns/001-ball-count/analysis/runs/bcai_history__mlb_2021__20260928__r01/manifest.json,9545,668cfe0632dff3c5588a99f543848313363c5e0d43fa3ab368b4e209d719701b,new
columns/001-ball-count/analysis/runs/bcai_history__mlb_2022__20260928__r01/artifacts/code/bcai.R,8803,84e705e149c64026a961e3b2e25dc93510329d86f62e913de79399cf63073d2b,new
columns/001-ball-count/analysis/runs/bcai_history__mlb_2022__20260928__r01/artifacts/code/run.R,12076,830db5535b562ed4ed88b6aee7060c57d4c72fa718325287c3f6c2107d28245c,new
columns/001-ball-count/analysis/runs/bcai_history__mlb_2022__20260928__r01/artifacts/cohorts.csv,91,0c2ede4da9adba37ac24e16ca28debd95315c3a45d534e335654b2e550209d14,new
columns/001-ball-count/analysis/runs/bcai_history__mlb_2022__20260928__r01/artifacts/combined_indices.csv,1357,5ec463573feae8b029db0f93cc9373b088e464c651b08007b07f178434a3edff,new
columns/001-ball-count/analysis/runs/bcai_history__mlb_2022__20260928__r01/artifacts/event_rates.csv,3287,524efa639254fcc54b833f9f932bd9b4aeb96e388781f6c912471145a911258c,new
columns/001-ball-count/analysis/runs/bcai_history__mlb_2022__20260928__r01/artifacts/exclusion_audit.csv,782,e64f9e5fd7117c58c0239bfaa7b26da7d3f5a575f9e9aad0b9c24868aa677f50,new
columns/001-ball-count/analysis/runs/bcai_history__mlb_2022__20260928__r01/artifacts/pre_bootstrap_check.json,687,561fc612ef9b9e1c32b96d981a9d676418ceab494355edc50bdbb69987e956d9,new
columns/001-ball-count/analysis/runs/bcai_history__mlb_2022__20260928__r01/artifacts/season_indices.csv,1639,104a3d01e66d9b1b5cf9b4ae0072131c4107082cf2151c981157aa89ae88bbde,new
columns/001-ball-count/analysis/runs/bcai_history__mlb_2022__20260928__r01/artifacts/sessionInfo.txt,949,7cd4885016967f7c950cbf507253e4c15f1a4d22971a713ce2dc8f22cee127d1,new
columns/001-ball-count/analysis/runs/bcai_history__mlb_2022__20260928__r01/artifacts/validation.json,1063,fdac7f28e5560732323df812cdbfdc5ccca28cb389b11e446dd73973f692012f,new
columns/001-ball-count/analysis/runs/bcai_history__mlb_2022__20260928__r01/artifacts/year_differences.csv,120,2123efa15f7012b2bdc7d128a216887412ddd2cea4df931eb056fc50e440e3fd,new
columns/001-ball-count/analysis/runs/bcai_history__mlb_2022__20260928__r01/config.json,1087,b696fbcde917bfcc00224934ff5e292b12ea52806f278d9bb289766b7cb6f3d1,new
columns/001-ball-count/analysis/runs/bcai_history__mlb_2022__20260928__r01/execution.log,188,3743bd11bc79d75ead1b3f68b84977dee1117025f298d35c4c37b2ad7d344ae1,new
columns/001-ball-count/analysis/runs/bcai_history__mlb_2022__20260928__r01/manifest.json,9548,48c713daa4dab6f3b6aa0c5a294d6a6b47ae034e2158f7c63235a248b6893b73,new
columns/001-ball-count/analysis/runs/bcai_history__mlb_2023__20260928__r01/artifacts/cohorts.csv,91,ece591175854a76620046a08a66071ccc7290d349e7873a3250ef2a313c684a6,new
columns/001-ball-count/analysis/runs/bcai_history__mlb_2023__20260928__r01/artifacts/combined_indices.csv,1359,3333d86c1655ca9f8d6d4497a34c2eb8a249fe674b4c01d52323a1be37b70ff9,new
columns/001-ball-count/analysis/runs/bcai_history__mlb_2023__20260928__r01/artifacts/event_rates.csv,3294,014228fdcaae885a96e4845f23304621d57b47b88fb96f5bf6d3bc62daa087b6,new
columns/001-ball-count/analysis/runs/bcai_history__mlb_2023__20260928__r01/artifacts/exclusion_audit.csv,783,f4b0496c5f437b4ec3395b0730a07de86c9667cecc697978909ee342516b710d,new
columns/001-ball-count/analysis/runs/bcai_history__mlb_2023__20260928__r01/artifacts/pre_bootstrap_check.json,688,eafd5490cf3d2892c26fca98c43653de9396617f36ac0916fa1f2fed43e1a4d3,new
columns/001-ball-count/analysis/runs/bcai_history__mlb_2023__20260928__r01/artifacts/season_indices.csv,1643,80b9ffae23156fbbac6d3916aa532ef904fee1837b22a62d98264becbf963b32,new
columns/001-ball-count/analysis/runs/bcai_history__mlb_2023__20260928__r01/artifacts/sessionInfo.txt,949,7cd4885016967f7c950cbf507253e4c15f1a4d22971a713ce2dc8f22cee127d1,new
columns/001-ball-count/analysis/runs/bcai_history__mlb_2023__20260928__r01/artifacts/validation.json,1064,1261e33cf863240b4bf4aef0cac709e9980d7e32336cc47fc290b54de90da701,new
columns/001-ball-count/analysis/runs/bcai_history__mlb_2023__20260928__r01/artifacts/year_differences.csv,0,e3b0c44298fc1c149afbf4c8996fb92427ae41e4649b934ca495991b7852b855,new
columns/001-ball-count/analysis/runs/bcai_history__mlb_2023__20260928__r01/config.json,1088,e17cf5a2828d3b7968d2027c617eee89e18fa16eb69200856dccae663ade615d,new
columns/001-ball-count/analysis/runs/bcai_history__mlb_2023__20260928__r01/execution.log,626,f7b7b9f293c6d30b4b2f6d566b187fab56acd27e4be3fdd55397368b574ce64b,new
columns/001-ball-count/analysis/runs/bcai_history__mlb_2023__20260928__r01/manifest.json,8593,1dfe892b9aed3decc4eb9379d4c9cea002b167ef921943266e2a205a0267b417,new
columns/001-ball-count/analysis/runs/bcai_history__mlb_2023__20260928__r02/artifacts/cohorts.csv,91,ece591175854a76620046a08a66071ccc7290d349e7873a3250ef2a313c684a6,new
columns/001-ball-count/analysis/runs/bcai_history__mlb_2023__20260928__r02/artifacts/combined_indices.csv,1359,3333d86c1655ca9f8d6d4497a34c2eb8a249fe674b4c01d52323a1be37b70ff9,new
columns/001-ball-count/analysis/runs/bcai_history__mlb_2023__20260928__r02/artifacts/event_rates.csv,3294,014228fdcaae885a96e4845f23304621d57b47b88fb96f5bf6d3bc62daa087b6,new
columns/001-ball-count/analysis/runs/bcai_history__mlb_2023__20260928__r02/artifacts/exclusion_audit.csv,783,f4b0496c5f437b4ec3395b0730a07de86c9667cecc697978909ee342516b710d,new
columns/001-ball-count/analysis/runs/bcai_history__mlb_2023__20260928__r02/artifacts/pre_bootstrap_check.json,688,eafd5490cf3d2892c26fca98c43653de9396617f36ac0916fa1f2fed43e1a4d3,new
columns/001-ball-count/analysis/runs/bcai_history__mlb_2023__20260928__r02/artifacts/season_indices.csv,1643,80b9ffae23156fbbac6d3916aa532ef904fee1837b22a62d98264becbf963b32,new
columns/001-ball-count/analysis/runs/bcai_history__mlb_2023__20260928__r02/artifacts/sessionInfo.txt,949,7cd4885016967f7c950cbf507253e4c15f1a4d22971a713ce2dc8f22cee127d1,new
columns/001-ball-count/analysis/runs/bcai_history__mlb_2023__20260928__r02/artifacts/validation.json,1064,1261e33cf863240b4bf4aef0cac709e9980d7e32336cc47fc290b54de90da701,new
columns/001-ball-count/analysis/runs/bcai_history__mlb_2023__20260928__r02/artifacts/year_differences.csv,120,2123efa15f7012b2bdc7d128a216887412ddd2cea4df931eb056fc50e440e3fd,new
columns/001-ball-count/analysis/runs/bcai_history__mlb_2023__20260928__r02/config.json,1088,16f17bc7bbae0ce8e5110817774335b2fa3946efb529a5b11865c3bf9f88a694,new
columns/001-ball-count/analysis/runs/bcai_history__mlb_2023__20260928__r02/manifest.json,8464,14b7537e37372bce67d5f5175a2f83f9f4bae00e5f9b8fb852dad045adaf8747,new
columns/001-ball-count/analysis/runs/bcai_history__mlb_2023__20260928__r02/plan.md,270,26bd904d1d304564f5a71fc1a14e5424e0cc09d7100062fddc2b1c84d42a18df,new
columns/001-ball-count/analysis/runs/bcai_r_check__mlb_2024_2025__20260928__r01/config.json,1303,035395734bf6e2379b559e3cd7981b1d07c8d9e4e32e552017136330040d45b9,new
columns/001-ball-count/analysis/runs/bcai_r_check__mlb_2024_2025__20260928__r01/manifest.json,4666,17f3a5b1779d10233536d15943f34c8309ff12500cb96b0aea5ed69a6e73e3b6,new
columns/001-ball-count/analysis/runs/bcai_r_check__mlb_2024_2025__20260928__r01/plan.md,3467,97e29712b7ad6464b18ac7883a34f025d61122e8e58db98e9567b3b2448f29ab,new
columns/001-ball-count/analysis/runs/bcai_r_check__mlb_2024_2025__20260928__r02/artifacts/cohorts.csv,158,f715160bb9fb814799058bdf859dba6d7650c1d910e9f28ac019f09a1ec3e564,new
columns/001-ball-count/analysis/runs/bcai_r_check__mlb_2024_2025__20260928__r02/artifacts/combined_indices.csv,1364,a623651610a05e03d2872ee1bd8c202d0603af9b17b2e2fd87d2542bc27d755a,new
columns/001-ball-count/analysis/runs/bcai_r_check__mlb_2024_2025__20260928__r02/artifacts/event_rates.csv,3330,8f0b071ef73954c6a7dbe93d51b46429d68d068563e02bcc3629284005d98373,new
columns/001-ball-count/analysis/runs/bcai_r_check__mlb_2024_2025__20260928__r02/artifacts/exclusion_audit.csv,1534,cebcba82938feafe4bcf4994dbc2176e9a5cd7d4db4b91099d33550e6f30e0c7,new
columns/001-ball-count/analysis/runs/bcai_r_check__mlb_2024_2025__20260928__r02/artifacts/point_reproduction.csv,782,6f366818eb8534e0aaf86b43e61d832ba68c08af5686c0728a55c485c071d08a,new
columns/001-ball-count/analysis/runs/bcai_r_check__mlb_2024_2025__20260928__r02/artifacts/pre_bootstrap_check.json,1957,6ffb07d0e2e47e5bf528feecdfa0a71c445fc07b22cd4d7fcb4c692d72fdf88c,new
columns/001-ball-count/analysis/runs/bcai_r_check__mlb_2024_2025__20260928__r02/artifacts/season_indices.csv,3193,006d0d4786966974a2149a475ca1af612e208798832ccf6ccfe79b845995ce40,new
columns/001-ball-count/analysis/runs/bcai_r_check__mlb_2024_2025__20260928__r02/artifacts/sessionInfo.txt,949,7cd4885016967f7c950cbf507253e4c15f1a4d22971a713ce2dc8f22cee127d1,new
columns/001-ball-count/analysis/runs/bcai_r_check__mlb_2024_2025__20260928__r02/artifacts/validation.json,2430,42aeffbc2e5156e279f75350bccce993d49c42e017a5fb3069f9b5d444708ecb,new
columns/001-ball-count/analysis/runs/bcai_r_check__mlb_2024_2025__20260928__r02/artifacts/year_differences.csv,1625,d5de1e8c5505120b16a43fd429327bcb1b0ec965dfe671bdb305ae695b2ef2b7,new
columns/001-ball-count/analysis/runs/bcai_r_check__mlb_2024_2025__20260928__r02/config.json,1598,ec5235cdbc52bb4421b1c74c9b2ea74a62cebc5f19e556cc641d75c031028443,new
columns/001-ball-count/analysis/runs/bcai_r_check__mlb_2024_2025__20260928__r02/manifest.json,11531,a3f1f3ea17dd5638e4be11b26ab23968b438587419663d92035854d091332fd9,new
columns/001-ball-count/analysis/runs/bcai_r_check__mlb_2024_2025__20260928__r02/plan.md,3815,03429697d53d7d3c3faf3a8e3afad89ca5ecd18c2c08f776a7cccb9e98c2ef43,new
columns/001-ball-count/analysis/runs/bcai_r_check__mlb_2024_2025__20260928__r02/report.md,7609,ce2aaca70bdd85a309644459a392afe77c1575ceba0cbbe0e936a0410a49330e,new
columns/001-ball-count/analysis/runs/bcai_supplement__mlb_2026_ytd_20260907__20260928__r01/artifacts/code/bcai.R,8803,84e705e149c64026a961e3b2e25dc93510329d86f62e913de79399cf63073d2b,new
columns/001-ball-count/analysis/runs/bcai_supplement__mlb_2026_ytd_20260907__20260928__r01/artifacts/code/run.R,12076,830db5535b562ed4ed88b6aee7060c57d4c72fa718325287c3f6c2107d28245c,new
columns/001-ball-count/analysis/runs/bcai_supplement__mlb_2026_ytd_20260907__20260928__r01/artifacts/cohorts.csv,91,b8440d1293c0465142de1d1508e7b0ee205c47a80a032fac9db2236022886177,new
columns/001-ball-count/analysis/runs/bcai_supplement__mlb_2026_ytd_20260907__20260928__r01/artifacts/combined_indices.csv,1360,4d6864add8e9885fc0bbac625d8f4028c8be6e8c9681ff669a09a51208e1e9ca,new
columns/001-ball-count/analysis/runs/bcai_supplement__mlb_2026_ytd_20260907__20260928__r01/artifacts/event_rates.csv,3292,b1a14fdbade7b37d2e38eefa87d0d35da6a28c2a9f94370a8bf33f2de07af0b5,new
columns/001-ball-count/analysis/runs/bcai_supplement__mlb_2026_ytd_20260907__20260928__r01/artifacts/exclusion_audit.csv,780,4570c095dc35c31caa8a138fa1fb8720a14a56510a87c82b88db3b7d7752ea7f,new
columns/001-ball-count/analysis/runs/bcai_supplement__mlb_2026_ytd_20260907__20260928__r01/artifacts/pre_bootstrap_check.json,691,8ba45e07986a7967c0e769c859b64a7f0a74b2e544ad3a915bee55ca1a095d90,new
columns/001-ball-count/analysis/runs/bcai_supplement__mlb_2026_ytd_20260907__20260928__r01/artifacts/season_indices.csv,1642,5742a281e818f18c719b4d2231c9fcdc884e6cd1af8b93f8196736d5285b3b74,new
columns/001-ball-count/analysis/runs/bcai_supplement__mlb_2026_ytd_20260907__20260928__r01/artifacts/sessionInfo.txt,949,7cd4885016967f7c950cbf507253e4c15f1a4d22971a713ce2dc8f22cee127d1,new
columns/001-ball-count/analysis/runs/bcai_supplement__mlb_2026_ytd_20260907__20260928__r01/artifacts/validation.json,1067,8e82d5a5f39328a5fa7f2e6cb55075a9c5f12adc9df93273940388c98381c841,new
columns/001-ball-count/analysis/runs/bcai_supplement__mlb_2026_ytd_20260907__20260928__r01/artifacts/year_differences.csv,120,2123efa15f7012b2bdc7d128a216887412ddd2cea4df931eb056fc50e440e3fd,new
columns/001-ball-count/analysis/runs/bcai_supplement__mlb_2026_ytd_20260907__20260928__r01/config.json,1167,57c4643b8f61575370dca2921692aca2e9631ee845a5fa39f4275221806f4f07,new
columns/001-ball-count/analysis/runs/bcai_supplement__mlb_2026_ytd_20260907__20260928__r01/execution_snapshot/bcai.R,8803,84e705e149c64026a961e3b2e25dc93510329d86f62e913de79399cf63073d2b,new
columns/001-ball-count/analysis/runs/bcai_supplement__mlb_2026_ytd_20260907__20260928__r01/execution_snapshot/run.R,12076,830db5535b562ed4ed88b6aee7060c57d4c72fa718325287c3f6c2107d28245c,new
columns/001-ball-count/analysis/runs/bcai_supplement__mlb_2026_ytd_20260907__20260928__r01/manifest.json,10059,8bf4455247d43b1777fd727ffa450f3e7193e6aacbd1d6fefddeb6194428df3a,new
columns/001-ball-count/analysis/runs/bcap_pitch_ff_r__mlb_2024_2025__20260928__r01/README.md,793,c071e41187f8a09621dead9d6e39af40cba4c1ec1e23c142351e74dcf654771f,new
columns/001-ball-count/analysis/runs/bcap_pitch_ff_r__mlb_2024_2025__20260928__r01/artifacts/action_values.csv,7497,888761624b36beb179270b9a7086d3dd4c0a97028ad7be8c2f9c109dca27b2d5,new
columns/001-ball-count/analysis/runs/bcap_pitch_ff_r__mlb_2024_2025__20260928__r01/artifacts/calibration_games.csv,19460,53b896e6759e659dd66baffdf349ed4b4069ca5912bb5ac720aa580c435b277d,new
columns/001-ball-count/analysis/runs/bcap_pitch_ff_r__mlb_2024_2025__20260928__r01/artifacts/checks.json,4222,852b54304fa0511699ef1fc063a1ca8a33cd801caaa73c1363452b42c69c8e33,new
columns/001-ball-count/analysis/runs/bcap_pitch_ff_r__mlb_2024_2025__20260928__r01/artifacts/count_by_year.png,33956,0e72ffac84ff65006e5991b0ca4677cfd47f418ba0712bb2efe5a4d71de9380c,new
columns/001-ball-count/analysis/runs/bcap_pitch_ff_r__mlb_2024_2025__20260928__r01/artifacts/fit_diagnostics.csv,1074,cb55d52feb06bc4cc17b6f93f7387288aa75b3b6ba5f09e00599765f23c81238,new
columns/001-ball-count/analysis/runs/bcap_pitch_ff_r__mlb_2024_2025__20260928__r01/artifacts/frozen_engine.R,9868,21a6b2f7daf195adcbde629bfa22363679d1751f92bf9e4955419a86b950507e,new
columns/001-ball-count/analysis/runs/bcap_pitch_ff_r__mlb_2024_2025__20260928__r01/artifacts/frozen_run.R,19631,3757fec5580c6d5c8b4de1696bc1583e306d45d12e24e22ff8f97f0b2e873760,new
columns/001-ball-count/analysis/runs/bcap_pitch_ff_r__mlb_2024_2025__20260928__r01/artifacts/frozen_run_config.json,328,ace2d725aec35ecd6c7f6b3afd923b28a6f30d6c0115bcef093963e472d266ef,new
columns/001-ball-count/analysis/runs/bcap_pitch_ff_r__mlb_2024_2025__20260928__r01/artifacts/frozen_specification.yaml,5971,1cca347cd366d63d8cc70770eded42ac5961a2764ccd7f6f394be3fbba104111,new
columns/001-ball-count/analysis/runs/bcap_pitch_ff_r__mlb_2024_2025__20260928__r01/artifacts/game_folds.csv,48604,bc63dd984380e72088fccf5cf5ccd14d95c797ebc9dbd8c98bca7d901d03713b,new
columns/001-ball-count/analysis/runs/bcap_pitch_ff_r__mlb_2024_2025__20260928__r01/artifacts/metrics.json,326,8631e4c5a12eaa1346af1f065c810d25a3cde1794c133b34a670aa12b216b981,new
columns/001-ball-count/analysis/runs/bcap_pitch_ff_r__mlb_2024_2025__20260928__r01/artifacts/progress.json,66,93a1e77777c2c306f70fe932fde4212fd8cfe93e054bea4b430572b6c45a465b,new
columns/001-ball-count/analysis/runs/bcap_pitch_ff_r__mlb_2024_2025__20260928__r01/artifacts/python_score_comparison.csv,279,a30fb6ccc0d7b48994ad8a5d85a409d46a7a3245cbf7c6fa4915769f7aaac5d4,new
columns/001-ball-count/analysis/runs/bcap_pitch_ff_r__mlb_2024_2025__20260928__r01/artifacts/python_summary_comparison.csv,2610,2cebd2c17356885d7106684c9fc6bd4f3e617de7fcf31f070106c81b576ce466,new
columns/001-ball-count/analysis/runs/bcap_pitch_ff_r__mlb_2024_2025__20260928__r01/artifacts/sessionInfo.txt,1025,83c9300b1a5bbd65a3753b7c7572cf982ad6bc562e6b582e8bd639b152b60f29,new
columns/001-ball-count/analysis/runs/bcap_pitch_ff_r__mlb_2024_2025__20260928__r01/artifacts/support_exclusions.csv,4392,2aa082c822a99bc1ec48830cb137807b829811d5b3fb2a059768fcfb751783dc,new
columns/001-ball-count/analysis/runs/bcap_pitch_ff_r__mlb_2024_2025__20260928__r01/artifacts/year_differences.csv,17017,86951ced4b6434ac1a6c7924e0bb4399abcf9ad0853e4a1fc0df8f0ae541e8b3,new
columns/001-ball-count/analysis/runs/bcap_pitch_ff_r__mlb_2024_2025__20260928__r01/artifacts/year_values.csv,14550,6a9ed2a889d195e14a30bf2f8d86c577f353a379ace4c3460a17d2430ec8787c,new
columns/001-ball-count/analysis/runs/bcap_pitch_ff_r__mlb_2024_2025__20260928__r01/manifest.json,16548,771b16d5ba7221161b9851056f2fef85cdf9db237517b8b59d76bd88d652f0ca,new
columns/001-ball-count/analysis/runs/bcap_pitch_ff_r_history__mlb_2015__20260928__r01/README.md,796,5c54e80a06bc68f520878c349a189315552abef190513b4b57ee57652ab689fa,new
columns/001-ball-count/analysis/runs/bcap_pitch_ff_r_history__mlb_2015__20260928__r01/artifacts/action_values.csv,7406,27d0b36ed9079266617411f59a30d615cc2ca9af14ae637a55372fb2063a6f64,new
columns/001-ball-count/analysis/runs/bcap_pitch_ff_r_history__mlb_2015__20260928__r01/artifacts/calibration_games.csv,9740,27349c900c43a5c2133c32b9cdb346b43b93e4d5e38542efc4ced9114103d985,new
columns/001-ball-count/analysis/runs/bcap_pitch_ff_r_history__mlb_2015__20260928__r01/artifacts/checks.json,3002,38b1faa42c603d3ea29051b686cd9bd221ae38c28b1d610be49b74004fe207d7,new
columns/001-ball-count/analysis/runs/bcap_pitch_ff_r_history__mlb_2015__20260928__r01/artifacts/count_by_year.png,32050,2c537e2b072a3047e38bca1bc1e7864ef110c4cd06ed41ac17106a3711b0817a,new
columns/001-ball-count/analysis/runs/bcap_pitch_ff_r_history__mlb_2015__20260928__r01/artifacts/fit_diagnostics.csv,1102,3a517ecac9be6f56e2d807e7d064b69e34f6b30d76607921bf6f5a2b3ad730f4,new
columns/001-ball-count/analysis/runs/bcap_pitch_ff_r_history__mlb_2015__20260928__r01/artifacts/frozen_engine.R,9868,21a6b2f7daf195adcbde629bfa22363679d1751f92bf9e4955419a86b950507e,new
columns/001-ball-count/analysis/runs/bcap_pitch_ff_r_history__mlb_2015__20260928__r01/artifacts/frozen_run.R,19813,1f5382512b1a4c0e327154fa6b4444f52ce983db5c0e203ec8c4869050c91944,new
columns/001-ball-count/analysis/runs/bcap_pitch_ff_r_history__mlb_2015__20260928__r01/artifacts/frozen_run_config.json,611,cf747e10c27fa630d32b7ccb0269d1651738a4badb4f2697ae249830bf1cd7f3,new
columns/001-ball-count/analysis/runs/bcap_pitch_ff_r_history__mlb_2015__20260928__r01/artifacts/frozen_specification.yaml,5971,1cca347cd366d63d8cc70770eded42ac5961a2764ccd7f6f394be3fbba104111,new
columns/001-ball-count/analysis/runs/bcap_pitch_ff_r_history__mlb_2015__20260928__r01/artifacts/game_folds.csv,24304,5528d097b891c618aa72946d3ec50d17d57c0181cb491b8c2bc0ef5f9bee2c7e,new
columns/001-ball-count/analysis/runs/bcap_pitch_ff_r_history__mlb_2015__20260928__r01/artifacts/metrics.json,316,835d7663acf1d07e323b13a4bd6f0de98b3a969e0658534735bd9b38e4191ab4,new
columns/001-ball-count/analysis/runs/bcap_pitch_ff_r_history__mlb_2015__20260928__r01/artifacts/progress.json,66,a012c668f7193dbffe09b61cd65fc5b753305e378a8ed0343c8161c2e423b893,new
columns/001-ball-count/analysis/runs/bcap_pitch_ff_r_history__mlb_2015__20260928__r01/artifacts/sessionInfo.txt,1025,83c9300b1a5bbd65a3753b7c7572cf982ad6bc562e6b582e8bd639b152b60f29,new
columns/001-ball-count/analysis/runs/bcap_pitch_ff_r_history__mlb_2015__20260928__r01/artifacts/support_exclusions.csv,2163,8c5387e9e593d9d2f854697ce6c4daa52756b6ba80ee9b8ed35753baea4a726f,new
columns/001-ball-count/analysis/runs/bcap_pitch_ff_r_history__mlb_2015__20260928__r01/artifacts/year_values.csv,7481,f79af6a029921679563ee93bb274377698b4564da9282df9e5c1b803f756e13b,new
columns/001-ball-count/analysis/runs/bcap_pitch_ff_r_history__mlb_2015__20260928__r01/manifest.json,29666,19a1799f0bb0d253b4dc2b7eb448704dd8b574dae46560916f077ceacef2b6b4,new
columns/001-ball-count/analysis/runs/bcap_pitch_ff_r_history__mlb_2016__20260928__r01/README.md,796,98be187cd41aefb58992b4a462deb2b11f620f0799f5baa568a80a3adac9b69f,new
columns/001-ball-count/analysis/runs/bcap_pitch_ff_r_history__mlb_2016__20260928__r01/artifacts/action_values.csv,7429,7ef17f7a15e4dbfc9b1a0bb27cde0152f60be4a650e6af0e9d31729eb66164ce,new
columns/001-ball-count/analysis/runs/bcap_pitch_ff_r_history__mlb_2016__20260928__r01/artifacts/calibration_games.csv,9740,f57a6fbb7c40bef9c9e3c350fc28880c21593b36ae15a010e8bdbd084790202b,new
columns/001-ball-count/analysis/runs/bcap_pitch_ff_r_history__mlb_2016__20260928__r01/artifacts/checks.json,3002,38b1faa42c603d3ea29051b686cd9bd221ae38c28b1d610be49b74004fe207d7,new
columns/001-ball-count/analysis/runs/bcap_pitch_ff_r_history__mlb_2016__20260928__r01/artifacts/count_by_year.png,30872,41a3365753d2c3836bc1ade0034a7435d6df3537aa271c815ab503ff17a2ea2b,new
columns/001-ball-count/analysis/runs/bcap_pitch_ff_r_history__mlb_2016__20260928__r01/artifacts/fit_diagnostics.csv,1098,67c9ef6aa0938cae04774cb758a75772d44e0bacc87de819f333bc55a2100f13,new
columns/001-ball-count/analysis/runs/bcap_pitch_ff_r_history__mlb_2016__20260928__r01/artifacts/frozen_engine.R,9868,21a6b2f7daf195adcbde629bfa22363679d1751f92bf9e4955419a86b950507e,new
columns/001-ball-count/analysis/runs/bcap_pitch_ff_r_history__mlb_2016__20260928__r01/artifacts/frozen_run.R,19813,1f5382512b1a4c0e327154fa6b4444f52ce983db5c0e203ec8c4869050c91944,new
columns/001-ball-count/analysis/runs/bcap_pitch_ff_r_history__mlb_2016__20260928__r01/artifacts/frozen_run_config.json,611,02ba3b49aca05335143ee27f8b5f6117766b43a4c32e30192ec0a356fb29cf86,new
columns/001-ball-count/analysis/runs/bcap_pitch_ff_r_history__mlb_2016__20260928__r01/artifacts/frozen_specification.yaml,5971,1cca347cd366d63d8cc70770eded42ac5961a2764ccd7f6f394be3fbba104111,new
columns/001-ball-count/analysis/runs/bcap_pitch_ff_r_history__mlb_2016__20260928__r01/artifacts/game_folds.csv,24294,7c49fadbc292dbc520183ed344477cad92ceeecd905d7924c0c8cf151d5654a1,new
columns/001-ball-count/analysis/runs/bcap_pitch_ff_r_history__mlb_2016__20260928__r01/artifacts/metrics.json,317,4d8174e24e591e5ce44909544bf67fee5b7a1850cbff089df8f063d426d25648,new
columns/001-ball-count/analysis/runs/bcap_pitch_ff_r_history__mlb_2016__20260928__r01/artifacts/progress.json,66,7e2f984179e35323a2ab43823ad8240acaf50020bf75a1f7f455a8e3faf3ef22,new
columns/001-ball-count/analysis/runs/bcap_pitch_ff_r_history__mlb_2016__20260928__r01/artifacts/sessionInfo.txt,1025,83c9300b1a5bbd65a3753b7c7572cf982ad6bc562e6b582e8bd639b152b60f29,new
columns/001-ball-count/analysis/runs/bcap_pitch_ff_r_history__mlb_2016__20260928__r01/artifacts/support_exclusions.csv,2225,5290a204476e9f338f0df6d6a3b59e469ac7b2da88eec7de9dd19c588257a735,new
columns/001-ball-count/analysis/runs/bcap_pitch_ff_r_history__mlb_2016__20260928__r01/artifacts/year_values.csv,7504,2af5ebc3a40ad9087c483e7ac686710c90161aec2565372d79d8ee1a21edbbfa,new
columns/001-ball-count/analysis/runs/bcap_pitch_ff_r_history__mlb_2016__20260928__r01/manifest.json,29676,de2f9691c75771ff9af3111438a1bb94fc862413b65c9222c77ac6d36bc27407,new
columns/001-ball-count/analysis/runs/bcap_pitch_ff_r_history__mlb_2017__20260928__r01/README.md,796,5561e2f63d1d28725f8340867cf459a55c4b881377963a7380b23efe80bef98c,new
columns/001-ball-count/analysis/runs/bcap_pitch_ff_r_history__mlb_2017__20260928__r01/artifacts/action_values.csv,7420,78c49f0f983b9ad8ff7ec5e4dbe86e8c3697d14a4a89cc15ec999ee0d8700659,new
columns/001-ball-count/analysis/runs/bcap_pitch_ff_r_history__mlb_2017__20260928__r01/artifacts/calibration_games.csv,9740,49bc06827597403d296d6971999f1fad239a39517a2daffe7f560ab460459f88,new
columns/001-ball-count/analysis/runs/bcap_pitch_ff_r_history__mlb_2017__20260928__r01/artifacts/checks.json,3002,38b1faa42c603d3ea29051b686cd9bd221ae38c28b1d610be49b74004fe207d7,new
columns/001-ball-count/analysis/runs/bcap_pitch_ff_r_history__mlb_2017__20260928__r01/artifacts/count_by_year.png,31657,d3bfdff3300fe681d97f54fe95b7c417b045b2ff395942e9f7c87c289a0f4d31,new
columns/001-ball-count/analysis/runs/bcap_pitch_ff_r_history__mlb_2017__20260928__r01/artifacts/fit_diagnostics.csv,1102,18d837a80679f3b4fcf19a723976863d23397f50d530349173464a89ffa3bef2,new
columns/001-ball-count/analysis/runs/bcap_pitch_ff_r_history__mlb_2017__20260928__r01/artifacts/frozen_engine.R,9868,21a6b2f7daf195adcbde629bfa22363679d1751f92bf9e4955419a86b950507e,new
columns/001-ball-count/analysis/runs/bcap_pitch_ff_r_history__mlb_2017__20260928__r01/artifacts/frozen_run.R,19813,1f5382512b1a4c0e327154fa6b4444f52ce983db5c0e203ec8c4869050c91944,new
columns/001-ball-count/analysis/runs/bcap_pitch_ff_r_history__mlb_2017__20260928__r01/artifacts/frozen_run_config.json,611,b75f55667ee6cbc904addeec6c82c3ed9e9773f41bbad462fe72190e54e2ed9a,new
columns/001-ball-count/analysis/runs/bcap_pitch_ff_r_history__mlb_2017__20260928__r01/artifacts/frozen_specification.yaml,5971,1cca347cd366d63d8cc70770eded42ac5961a2764ccd7f6f394be3fbba104111,new
columns/001-ball-count/analysis/runs/bcap_pitch_ff_r_history__mlb_2017__20260928__r01/artifacts/game_folds.csv,24284,5eb63d2febb1682a9e301c9d0fcaefbd540fb0d4aa24480bd460e20a5b474b8e,new
columns/001-ball-count/analysis/runs/bcap_pitch_ff_r_history__mlb_2017__20260928__r01/artifacts/metrics.json,317,3c53b8d24766a1bc2c5a81bfcae5fbf3939feba26d542d79185daba91a7c9791,new
columns/001-ball-count/analysis/runs/bcap_pitch_ff_r_history__mlb_2017__20260928__r01/artifacts/progress.json,66,828025ef6530fa5d0a0eb8f0c0feec1d8076335c9c15c0e2dd81a972116abc57,new
columns/001-ball-count/analysis/runs/bcap_pitch_ff_r_history__mlb_2017__20260928__r01/artifacts/sessionInfo.txt,1025,83c9300b1a5bbd65a3753b7c7572cf982ad6bc562e6b582e8bd639b152b60f29,new
columns/001-ball-count/analysis/runs/bcap_pitch_ff_r_history__mlb_2017__20260928__r01/artifacts/support_exclusions.csv,2290,1a044d28ce0067ca2fe78fbf0f09c4d0b56777c4a3201100d69f14710ba6a5ae,new
columns/001-ball-count/analysis/runs/bcap_pitch_ff_r_history__mlb_2017__20260928__r01/artifacts/year_values.csv,7495,9dd594cbd3b37832fa852d9ea504ead45c1bfd15b5a68ee8d3c5d7d44ad200ea,new
columns/001-ball-count/analysis/runs/bcap_pitch_ff_r_history__mlb_2017__20260928__r01/manifest.json,29656,589e28ea1631a6a5cd1dfc14e7d0b8e03a8066aad812070be028b288af8818bf,new
columns/001-ball-count/analysis/runs/bcap_pitch_ff_r_history__mlb_2018__20260928__r01/README.md,796,814a2a95dc98388f48893431b5ce1e518dfea7c4cd33444d717f4df995adf287,new
columns/001-ball-count/analysis/runs/bcap_pitch_ff_r_history__mlb_2018__20260928__r01/artifacts/action_values.csv,7426,db69ce416ccf1d29050bdb2fb9b9f45530d83f37c5cbbc2f61755a3dffe4682f,new
columns/001-ball-count/analysis/runs/bcap_pitch_ff_r_history__mlb_2018__20260928__r01/artifacts/calibration_games.csv,9740,ad47ad9a9ee11d082ba510559e66c4736ae5cef608d9df987020627cdb780cec,new
columns/001-ball-count/analysis/runs/bcap_pitch_ff_r_history__mlb_2018__20260928__r01/artifacts/checks.json,3002,38b1faa42c603d3ea29051b686cd9bd221ae38c28b1d610be49b74004fe207d7,new
columns/001-ball-count/analysis/runs/bcap_pitch_ff_r_history__mlb_2018__20260928__r01/artifacts/count_by_year.png,31377,864409b11c011c82a2a24bc3f89bee3fa0fc0e505a93dfb7f48b1ab083a319ce,new
columns/001-ball-count/analysis/runs/bcap_pitch_ff_r_history__mlb_2018__20260928__r01/artifacts/fit_diagnostics.csv,1100,8970a1c77dc24fe918209f9b1f64f0609a5155eba4c4b3354aa4d54d3dfb8d16,new
columns/001-ball-count/analysis/runs/bcap_pitch_ff_r_history__mlb_2018__20260928__r01/artifacts/frozen_engine.R,9868,21a6b2f7daf195adcbde629bfa22363679d1751f92bf9e4955419a86b950507e,new
columns/001-ball-count/analysis/runs/bcap_pitch_ff_r_history__mlb_2018__20260928__r01/artifacts/frozen_run.R,19813,1f5382512b1a4c0e327154fa6b4444f52ce983db5c0e203ec8c4869050c91944,new
columns/001-ball-count/analysis/runs/bcap_pitch_ff_r_history__mlb_2018__20260928__r01/artifacts/frozen_run_config.json,611,e39dd4de0402b40b54e89932ca5410fefdc726358d1ec3fc69ca7e150936799a,new
columns/001-ball-count/analysis/runs/bcap_pitch_ff_r_history__mlb_2018__20260928__r01/artifacts/frozen_specification.yaml,5971,1cca347cd366d63d8cc70770eded42ac5961a2764ccd7f6f394be3fbba104111,new
columns/001-ball-count/analysis/runs/bcap_pitch_ff_r_history__mlb_2018__20260928__r01/artifacts/game_folds.csv,24274,e66e668d950591f440d474eaac0b02fe80143d9aadef92b454817e51b9c985a9,new
columns/001-ball-count/analysis/runs/bcap_pitch_ff_r_history__mlb_2018__20260928__r01/artifacts/metrics.json,317,5a3b8d7a49625ad20bfd53757eb97bebd3186ebb836ebb75e677f658a4795f40,new
columns/001-ball-count/analysis/runs/bcap_pitch_ff_r_history__mlb_2018__20260928__r01/artifacts/progress.json,66,71a6f2094e7f1007d061cf4c937d3c7104c9cfde48e6b3cfea883a50ffef4c48,new
columns/001-ball-count/analysis/runs/bcap_pitch_ff_r_history__mlb_2018__20260928__r01/artifacts/sessionInfo.txt,1025,83c9300b1a5bbd65a3753b7c7572cf982ad6bc562e6b582e8bd639b152b60f29,new
columns/001-ball-count/analysis/runs/bcap_pitch_ff_r_history__mlb_2018__20260928__r01/artifacts/support_exclusions.csv,2265,0f5ca7abb12dcb1c9e1801315c03d36c2a00bb0231b1fa93b549a961085d9dea,new
columns/001-ball-count/analysis/runs/bcap_pitch_ff_r_history__mlb_2018__20260928__r01/artifacts/year_values.csv,7501,8502127c41464f9aca911d38b1863b2753e6664bcb82bc0c357caac72cb7a61a,new
columns/001-ball-count/analysis/runs/bcap_pitch_ff_r_history__mlb_2018__20260928__r01/manifest.json,29858,daae8d4f56d8495ca3f7ccf6e90c4cf7f4eddcd047f3101e5d877c1725814bac,new
columns/001-ball-count/analysis/runs/bcap_pitch_ff_r_history__mlb_2019__20260928__r01/README.md,796,233f8f234b8f12d0a10fd56811117ced0b6e48bc8edab88c5863d87478fabe07,new
columns/001-ball-count/analysis/runs/bcap_pitch_ff_r_history__mlb_2019__20260928__r01/artifacts/action_values.csv,7429,fa8403fbadaab6f28bf9ed5d56f236a7dbe00e1a8c086bc806d98630164a243f,new
columns/001-ball-count/analysis/runs/bcap_pitch_ff_r_history__mlb_2019__20260928__r01/artifacts/calibration_games.csv,9700,a63698f2a18acac6bb9398e5ba10adf4bf9dc2c3bd5c6689e36c067940eda0ea,new
columns/001-ball-count/analysis/runs/bcap_pitch_ff_r_history__mlb_2019__20260928__r01/artifacts/checks.json,3002,38b1faa42c603d3ea29051b686cd9bd221ae38c28b1d610be49b74004fe207d7,new
columns/001-ball-count/analysis/runs/bcap_pitch_ff_r_history__mlb_2019__20260928__r01/artifacts/count_by_year.png,30020,7d1b234c82a6eec6b8ec18340cd81f1835b7a8bb110ded24a35c2ef96d1895de,new
columns/001-ball-count/analysis/runs/bcap_pitch_ff_r_history__mlb_2019__20260928__r01/artifacts/fit_diagnostics.csv,1071,e7b049117ea2531de9dca16e8680b1d4b4a95bb3844148210238ae41c9e25e07,new
columns/001-ball-count/analysis/runs/bcap_pitch_ff_r_history__mlb_2019__20260928__r01/artifacts/frozen_engine.R,9868,21a6b2f7daf195adcbde629bfa22363679d1751f92bf9e4955419a86b950507e,new
columns/001-ball-count/analysis/runs/bcap_pitch_ff_r_history__mlb_2019__20260928__r01/artifacts/frozen_run.R,19813,1f5382512b1a4c0e327154fa6b4444f52ce983db5c0e203ec8c4869050c91944,new
columns/001-ball-count/analysis/runs/bcap_pitch_ff_r_history__mlb_2019__20260928__r01/artifacts/frozen_run_config.json,611,a80305b61c9723096fd82c5ae86013efe4c0fbe71f1d90ec2b3fda60619b2795,new
columns/001-ball-count/analysis/runs/bcap_pitch_ff_r_history__mlb_2019__20260928__r01/artifacts/frozen_specification.yaml,5971,1cca347cd366d63d8cc70770eded42ac5961a2764ccd7f6f394be3fbba104111,new
columns/001-ball-count/analysis/runs/bcap_pitch_ff_r_history__mlb_2019__20260928__r01/artifacts/game_folds.csv,24174,321359cd9e3209e1344812fd53fa66ed2880384b55fbdf062a2b6d99a54eaf3d,new
columns/001-ball-count/analysis/runs/bcap_pitch_ff_r_history__mlb_2019__20260928__r01/artifacts/metrics.json,317,bc77d91c6cd8a8e989cdb1101db8496d37b57cf6d1b71101b69ce186588cf9c4,new
columns/001-ball-count/analysis/runs/bcap_pitch_ff_r_history__mlb_2019__20260928__r01/artifacts/progress.json,66,22a6365dc5b8a4f63aafddca78ac9f9348afd1ea1cde75fbde5f2b917482d96a,new
columns/001-ball-count/analysis/runs/bcap_pitch_ff_r_history__mlb_2019__20260928__r01/artifacts/sessionInfo.txt,1025,83c9300b1a5bbd65a3753b7c7572cf982ad6bc562e6b582e8bd639b152b60f29,new
columns/001-ball-count/analysis/runs/bcap_pitch_ff_r_history__mlb_2019__20260928__r01/artifacts/support_exclusions.csv,2193,9c0518aeb2717d55f0156f9d3793a23132567e0b2272a22d6160c670d3286a6e,new
columns/001-ball-count/analysis/runs/bcap_pitch_ff_r_history__mlb_2019__20260928__r01/artifacts/year_values.csv,7504,eb768b3f2a9e1eccfc1a833b30b3bf2343ced3eddff5b73e3e3ad8f1566f658e,new
columns/001-ball-count/analysis/runs/bcap_pitch_ff_r_history__mlb_2019__20260928__r01/manifest.json,30112,aa9f8070cbed33d173bad98a57655576ca5ed4dcbcdf715f3aaf634879539765,new
columns/001-ball-count/analysis/runs/bcap_pitch_ff_r_history__mlb_2020__20260928__r01/README.md,796,cf5cc54a76633585bfe3cddcdc953083866fa97569f11f3a08e2ae8bda50346e,new
columns/001-ball-count/analysis/runs/bcap_pitch_ff_r_history__mlb_2020__20260928__r01/artifacts/action_values.csv,7328,424ca1e7d72020fe31e80ab83e0ae68b91657a3f9d2555116c0cb2ecc77a08ab,new
columns/001-ball-count/analysis/runs/bcap_pitch_ff_r_history__mlb_2020__20260928__r01/artifacts/calibration_games.csv,3620,a011815e33c572ac7631d26e174a083e4fabe6284b9ce68ed1d6012c25f701a8,new
columns/001-ball-count/analysis/runs/bcap_pitch_ff_r_history__mlb_2020__20260928__r01/artifacts/checks.json,3002,38b1faa42c603d3ea29051b686cd9bd221ae38c28b1d610be49b74004fe207d7,new
columns/001-ball-count/analysis/runs/bcap_pitch_ff_r_history__mlb_2020__20260928__r01/artifacts/count_by_year.png,29872,65b7eda54c7628641fc3ee13b9b2545034e71123d6067b925a64e1dd2ca129d7,new
columns/001-ball-count/analysis/runs/bcap_pitch_ff_r_history__mlb_2020__20260928__r01/artifacts/fit_diagnostics.csv,1065,d869fb7e784d84d404a66294a42167196f24cc88a819092d0ed585473b2d7965,new
columns/001-ball-count/analysis/runs/bcap_pitch_ff_r_history__mlb_2020__20260928__r01/artifacts/frozen_engine.R,9868,21a6b2f7daf195adcbde629bfa22363679d1751f92bf9e4955419a86b950507e,new
columns/001-ball-count/analysis/runs/bcap_pitch_ff_r_history__mlb_2020__20260928__r01/artifacts/frozen_run.R,19813,1f5382512b1a4c0e327154fa6b4444f52ce983db5c0e203ec8c4869050c91944,new
columns/001-ball-count/analysis/runs/bcap_pitch_ff_r_history__mlb_2020__20260928__r01/artifacts/frozen_run_config.json,611,69acfe0414332b0369d0ad3bbdeb44682de72b99d5be841006495a953c0c9aee,new
columns/001-ball-count/analysis/runs/bcap_pitch_ff_r_history__mlb_2020__20260928__r01/artifacts/frozen_specification.yaml,5971,1cca347cd366d63d8cc70770eded42ac5961a2764ccd7f6f394be3fbba104111,new
columns/001-ball-count/analysis/runs/bcap_pitch_ff_r_history__mlb_2020__20260928__r01/artifacts/game_folds.csv,8994,a110631823b460062b0b157bdc1db10923cc4ac5f7f6013673ca8a0d4cfd3335,new
columns/001-ball-count/analysis/runs/bcap_pitch_ff_r_history__mlb_2020__20260928__r01/artifacts/metrics.json,315,68bfb10ab3ee33953b820b2805c5ca9ad1ec56cd42aa5a83fe41e67fa5c30b4d,new
columns/001-ball-count/analysis/runs/bcap_pitch_ff_r_history__mlb_2020__20260928__r01/artifacts/progress.json,66,0551ffb6b2826a32244443215f088071c63c7f687faf90bf156299f0593b9fd2,new
columns/001-ball-count/analysis/runs/bcap_pitch_ff_r_history__mlb_2020__20260928__r01/artifacts/sessionInfo.txt,1025,83c9300b1a5bbd65a3753b7c7572cf982ad6bc562e6b582e8bd639b152b60f29,new
columns/001-ball-count/analysis/runs/bcap_pitch_ff_r_history__mlb_2020__20260928__r01/artifacts/support_exclusions.csv,2050,d7b871d438ff1051845b3a50a51cecd8cc19f9065433c9740068a3eb1674f99e,new
columns/001-ball-count/analysis/runs/bcap_pitch_ff_r_history__mlb_2020__20260928__r01/artifacts/year_values.csv,7403,2dbbca780fb829e34114e4316b34a6f44ead953fd6f6fdc020c46495ca0c9ad7,new
columns/001-ball-count/analysis/runs/bcap_pitch_ff_r_history__mlb_2020__20260928__r01/manifest.json,23583,0dcab3600de0d20bf7bca314d2b2f116c15539344df49d0c82d6ad9cdd77c707,new
columns/001-ball-count/analysis/runs/bcap_pitch_ff_r_history__mlb_2021__20260928__r01/README.md,796,3e6265446f558d9e9681196fd01c32b724dfd0f87d29dd0b02baf4ae7ac03a8f,new
columns/001-ball-count/analysis/runs/bcap_pitch_ff_r_history__mlb_2021__20260928__r01/artifacts/action_values.csv,7432,cd2fc301999d5a174b7dba3e2eb80e0eb3a88cf5c8c80e6744c76647345b8281,new
columns/001-ball-count/analysis/runs/bcap_pitch_ff_r_history__mlb_2021__20260928__r01/artifacts/calibration_games.csv,9740,f10ca337cc02466e59fb961b52d3e7bebf3853ef4af92abf54b1aba86e4890b8,new
columns/001-ball-count/analysis/runs/bcap_pitch_ff_r_history__mlb_2021__20260928__r01/artifacts/checks.json,3002,38b1faa42c603d3ea29051b686cd9bd221ae38c28b1d610be49b74004fe207d7,new
columns/001-ball-count/analysis/runs/bcap_pitch_ff_r_history__mlb_2021__20260928__r01/artifacts/count_by_year.png,34646,ea7f63009f250387bc61698c038006917fc5278507e47a38e3e918fd9a006879,new
columns/001-ball-count/analysis/runs/bcap_pitch_ff_r_history__mlb_2021__20260928__r01/artifacts/fit_diagnostics.csv,1085,74f56cfd70916137bb8ee622d5374209276a0dff30bb807a6bca001833a4db73,new
columns/001-ball-count/analysis/runs/bcap_pitch_ff_r_history__mlb_2021__20260928__r01/artifacts/frozen_engine.R,9868,21a6b2f7daf195adcbde629bfa22363679d1751f92bf9e4955419a86b950507e,new
columns/001-ball-count/analysis/runs/bcap_pitch_ff_r_history__mlb_2021__20260928__r01/artifacts/frozen_run.R,19813,1f5382512b1a4c0e327154fa6b4444f52ce983db5c0e203ec8c4869050c91944,new
columns/001-ball-count/analysis/runs/bcap_pitch_ff_r_history__mlb_2021__20260928__r01/artifacts/frozen_run_config.json,611,dd5e9126eb00b1ed8302ded5b9e660271729e850ae09be6aee87c82c8e43c4c8,new
columns/001-ball-count/analysis/runs/bcap_pitch_ff_r_history__mlb_2021__20260928__r01/artifacts/frozen_specification.yaml,5971,1cca347cd366d63d8cc70770eded42ac5961a2764ccd7f6f394be3fbba104111,new
columns/001-ball-count/analysis/runs/bcap_pitch_ff_r_history__mlb_2021__20260928__r01/artifacts/game_folds.csv,24294,ebb7f5b1252c817a4ff901523115aa0fc9e658ac427be5fde02d05b9731e9f82,new
columns/001-ball-count/analysis/runs/bcap_pitch_ff_r_history__mlb_2021__20260928__r01/artifacts/metrics.json,317,75fb3d8b088ee2acee6c62e5cc2c1563c4afe35b08e83d77d5736a2438b92142,new
columns/001-ball-count/analysis/runs/bcap_pitch_ff_r_history__mlb_2021__20260928__r01/artifacts/progress.json,66,907951ee0fca3a7b35b8ed1449f9a566009334f2f6a2344bb65827d2dffe3d2c,new
columns/001-ball-count/analysis/runs/bcap_pitch_ff_r_history__mlb_2021__20260928__r01/artifacts/sessionInfo.txt,1025,83c9300b1a5bbd65a3753b7c7572cf982ad6bc562e6b582e8bd639b152b60f29,new
columns/001-ball-count/analysis/runs/bcap_pitch_ff_r_history__mlb_2021__20260928__r01/artifacts/support_exclusions.csv,2263,5239a02167aaf085c6f23fd1b04e2cd957651f466a6c21010181626330eba519,new
columns/001-ball-count/analysis/runs/bcap_pitch_ff_r_history__mlb_2021__20260928__r01/artifacts/year_values.csv,7507,5f5c7c0869eed0baa23c0a356a6065c1deccf1851703741a76f451a115d90b10,new
columns/001-ball-count/analysis/runs/bcap_pitch_ff_r_history__mlb_2021__20260928__r01/manifest.json,29878,e39e195e0f280054ae57f52305f3b4f659b3f17ae0baaa10eef22927f7af9750,new
columns/001-ball-count/analysis/runs/bcap_pitch_ff_r_history__mlb_2022__20260928__r01/README.md,796,54a259256b654b2778be1e77a0fa242e8437bbbfd1eaee1fbad415def2c43382,new
columns/001-ball-count/analysis/runs/bcap_pitch_ff_r_history__mlb_2022__20260928__r01/artifacts/action_values.csv,7431,535df3e95486df62467d65238ce3da35d439e054f2c19620ebc2ffaff8b6590b,new
columns/001-ball-count/analysis/runs/bcap_pitch_ff_r_history__mlb_2022__20260928__r01/artifacts/calibration_games.csv,9740,88775885fb8580ff9918f5ca84af378c69f93febd155b9212fb2a84d15ecd407,new
columns/001-ball-count/analysis/runs/bcap_pitch_ff_r_history__mlb_2022__20260928__r01/artifacts/checks.json,3002,38b1faa42c603d3ea29051b686cd9bd221ae38c28b1d610be49b74004fe207d7,new
columns/001-ball-count/analysis/runs/bcap_pitch_ff_r_history__mlb_2022__20260928__r01/artifacts/count_by_year.png,30903,a00bcd278718880309bd08894c8b7b24de9b92b72df4add94212c9b0912796b8,new
columns/001-ball-count/analysis/runs/bcap_pitch_ff_r_history__mlb_2022__20260928__r01/artifacts/fit_diagnostics.csv,1123,1c76f4c8fd90194c63b1e23e5012b742b9fcf931d0a3134579fc6e630c91d54c,new
columns/001-ball-count/analysis/runs/bcap_pitch_ff_r_history__mlb_2022__20260928__r01/artifacts/frozen_engine.R,9868,21a6b2f7daf195adcbde629bfa22363679d1751f92bf9e4955419a86b950507e,new
columns/001-ball-count/analysis/runs/bcap_pitch_ff_r_history__mlb_2022__20260928__r01/artifacts/frozen_run.R,19813,1f5382512b1a4c0e327154fa6b4444f52ce983db5c0e203ec8c4869050c91944,new
columns/001-ball-count/analysis/runs/bcap_pitch_ff_r_history__mlb_2022__20260928__r01/artifacts/frozen_run_config.json,611,1c2b2d2733fbb1503c4a7750cc06f793f2c4fad1a242422dc8f32554bd9c68d1,new
columns/001-ball-count/analysis/runs/bcap_pitch_ff_r_history__mlb_2022__20260928__r01/artifacts/frozen_specification.yaml,5971,1cca347cd366d63d8cc70770eded42ac5961a2764ccd7f6f394be3fbba104111,new
columns/001-ball-count/analysis/runs/bcap_pitch_ff_r_history__mlb_2022__20260928__r01/artifacts/game_folds.csv,24304,5f1f6b65489817e5665aa0c9a089f81fa0efe4a8dfa875b4058e17b7bdefdf6e,new
columns/001-ball-count/analysis/runs/bcap_pitch_ff_r_history__mlb_2022__20260928__r01/artifacts/metrics.json,316,fc04e21341d2e4ec8ae4ffe43a632a888c1bd32b7190013f0f2e92544f08445c,new
columns/001-ball-count/analysis/runs/bcap_pitch_ff_r_history__mlb_2022__20260928__r01/artifacts/progress.json,66,59ce3bb733d6abd126447b61c33c866c3dcd4152f3b205e2d1bbf0aab302bf3e,new
columns/001-ball-count/analysis/runs/bcap_pitch_ff_r_history__mlb_2022__20260928__r01/artifacts/sessionInfo.txt,1025,83c9300b1a5bbd65a3753b7c7572cf982ad6bc562e6b582e8bd639b152b60f29,new
columns/001-ball-count/analysis/runs/bcap_pitch_ff_r_history__mlb_2022__20260928__r01/artifacts/support_exclusions.csv,2232,9a10d206bff8c134e6bee63a3f41fe131ef410ad4e406032f5f1bcb58fa87a09,new
columns/001-ball-count/analysis/runs/bcap_pitch_ff_r_history__mlb_2022__20260928__r01/artifacts/year_values.csv,7506,63dafcd28a8065779c943721c5c034aa49eca2d10f284990b18d3799c1329564,new
columns/001-ball-count/analysis/runs/bcap_pitch_ff_r_history__mlb_2022__20260928__r01/manifest.json,29095,70ced357cab7a286e277b822e5980d49bbb0359c726c635c517bb1f396578f3a,new
columns/001-ball-count/analysis/runs/bcap_pitch_ff_r_history__mlb_2023__20260928__r01/README.md,796,21314204025670cf48b4001946b7301ee7aebcbc4808890fdc83d550d443fd2b,new
columns/001-ball-count/analysis/runs/bcap_pitch_ff_r_history__mlb_2023__20260928__r01/artifacts/action_values.csv,7424,bfbc9b29a3f8ac9aae16c7e4af405302c55f81d6f77c9b6bc393c63ed36b8638,new
columns/001-ball-count/analysis/runs/bcap_pitch_ff_r_history__mlb_2023__20260928__r01/artifacts/calibration_games.csv,9740,48bd412bfe2193c805798252d2d5be9a255d917b81f85a40ccdb6ddcd7938a09,new
columns/001-ball-count/analysis/runs/bcap_pitch_ff_r_history__mlb_2023__20260928__r01/artifacts/checks.json,2979,39ebe106312aecf95da27706fa94a1feb5ebd9bfdf2717e4e46a3d481682c2c8,new
columns/001-ball-count/analysis/runs/bcap_pitch_ff_r_history__mlb_2023__20260928__r01/artifacts/count_by_year.png,33537,fb97130cb209ccb3d97dec09ef44dc4f5d1951272330e3316557dffd40e21695,new
columns/001-ball-count/analysis/runs/bcap_pitch_ff_r_history__mlb_2023__20260928__r01/artifacts/fit_diagnostics.csv,1085,56e00d6ab88626852370261aac2c1b60aefa266e1048ec8f9c936a7309bfa602,new
columns/001-ball-count/analysis/runs/bcap_pitch_ff_r_history__mlb_2023__20260928__r01/artifacts/frozen_engine.R,9868,21a6b2f7daf195adcbde629bfa22363679d1751f92bf9e4955419a86b950507e,new
columns/001-ball-count/analysis/runs/bcap_pitch_ff_r_history__mlb_2023__20260928__r01/artifacts/frozen_run.R,19631,3757fec5580c6d5c8b4de1696bc1583e306d45d12e24e22ff8f97f0b2e873760,new
columns/001-ball-count/analysis/runs/bcap_pitch_ff_r_history__mlb_2023__20260928__r01/artifacts/frozen_run_config.json,611,5b4645e195722db9a16c9bb4c3e7b4953cb2a11b3e8dfd74dc5392f035a18c8e,new
columns/001-ball-count/analysis/runs/bcap_pitch_ff_r_history__mlb_2023__20260928__r01/artifacts/frozen_specification.yaml,5971,1cca347cd366d63d8cc70770eded42ac5961a2764ccd7f6f394be3fbba104111,new
columns/001-ball-count/analysis/runs/bcap_pitch_ff_r_history__mlb_2023__20260928__r01/artifacts/game_folds.csv,24314,98afcc6b74c8fc48a77aa56bc6b340def7e01aaf8b116ca7038534b5291a6dd4,new
columns/001-ball-count/analysis/runs/bcap_pitch_ff_r_history__mlb_2023__20260928__r01/artifacts/metrics.json,316,95431eeb3bedf9c968fdb3ed3edc3cffd12e33fb736848ddbd42e7e2198b60a0,new
columns/001-ball-count/analysis/runs/bcap_pitch_ff_r_history__mlb_2023__20260928__r01/artifacts/progress.json,66,f9eafe227ca08b72af8938aaa038689e63abb2585a511f9ce29fcd9010954ee5,new
columns/001-ball-count/analysis/runs/bcap_pitch_ff_r_history__mlb_2023__20260928__r01/artifacts/sessionInfo.txt,1025,83c9300b1a5bbd65a3753b7c7572cf982ad6bc562e6b582e8bd639b152b60f29,new
columns/001-ball-count/analysis/runs/bcap_pitch_ff_r_history__mlb_2023__20260928__r01/artifacts/support_exclusions.csv,2200,214c13d0eeca45f638391f259e3f3747520288f0b21a7afbb07930e57117eabe,new
columns/001-ball-count/analysis/runs/bcap_pitch_ff_r_history__mlb_2023__20260928__r01/artifacts/year_values.csv,7499,19856df55c8be06f73967e9c7361dd0228f85054bba493c3b7d012434d147aec,new
columns/001-ball-count/analysis/runs/bcap_pitch_ff_r_history__mlb_2023__20260928__r01/manifest.json,28931,a4e7ab04b9bb24b3a3a33ec52c11cb0934f91c4e0f0a419e4dba15af411ebb24,new
columns/001-ball-count/analysis/runs/bcap_pitch_ff_r_supplement__mlb_2026_ytd_20260907__20260928__r01/README.md,812,fbbb4ae044f80184b8161721f020bde36470d4603565167372d7ed52a874462e,new
columns/001-ball-count/analysis/runs/bcap_pitch_ff_r_supplement__mlb_2026_ytd_20260907__20260928__r01/artifacts/action_values.csv,7410,ef04f888422528db49efc30a1aa33055927c55c4fa146b709822f8a41fd3af54,new
columns/001-ball-count/analysis/runs/bcap_pitch_ff_r_supplement__mlb_2026_ytd_20260907__20260928__r01/artifacts/calibration_games.csv,8690,da0fdbb87ede39966466d40ffdaa209c9a2672ac8db3cf97028017146b6a40b0,new
columns/001-ball-count/analysis/runs/bcap_pitch_ff_r_supplement__mlb_2026_ytd_20260907__20260928__r01/artifacts/checks.json,2873,655422970b09ceb1b989844505ecd307472717f1ec6a6b29ac25ab65b87e46ca,new
columns/001-ball-count/analysis/runs/bcap_pitch_ff_r_supplement__mlb_2026_ytd_20260907__20260928__r01/artifacts/count_by_year.png,32056,94dbd52d1e32c009c5bda4d6f4881a246d8fd1150bdf74a6808ae14b42187a18,new
columns/001-ball-count/analysis/runs/bcap_pitch_ff_r_supplement__mlb_2026_ytd_20260907__20260928__r01/artifacts/fit_diagnostics.csv,1088,15781a63be1e01e1375ab42eca0db4c6f18e1c9e4f3eec57c586d0db74802ac9,new
columns/001-ball-count/analysis/runs/bcap_pitch_ff_r_supplement__mlb_2026_ytd_20260907__20260928__r01/artifacts/frozen_engine.R,9868,21a6b2f7daf195adcbde629bfa22363679d1751f92bf9e4955419a86b950507e,new
columns/001-ball-count/analysis/runs/bcap_pitch_ff_r_supplement__mlb_2026_ytd_20260907__20260928__r01/artifacts/frozen_run.R,19631,3757fec5580c6d5c8b4de1696bc1583e306d45d12e24e22ff8f97f0b2e873760,new
columns/001-ball-count/analysis/runs/bcap_pitch_ff_r_supplement__mlb_2026_ytd_20260907__20260928__r01/artifacts/frozen_run_config.json,441,f239954f8763fe0255cd4a4d7de3a9f0a34e9eef276a0314b5143f3af0866059,new
columns/001-ball-count/analysis/runs/bcap_pitch_ff_r_supplement__mlb_2026_ytd_20260907__20260928__r01/artifacts/frozen_specification.yaml,5971,1cca347cd366d63d8cc70770eded42ac5961a2764ccd7f6f394be3fbba104111,new
columns/001-ball-count/analysis/runs/bcap_pitch_ff_r_supplement__mlb_2026_ytd_20260907__20260928__r01/artifacts/game_folds.csv,21664,c9f7c1f192079770b0002722cfce4671c8c6265f85c08fd212ac9a214f2b79c9,new
columns/001-ball-count/analysis/runs/bcap_pitch_ff_r_supplement__mlb_2026_ytd_20260907__20260928__r01/artifacts/metrics.json,316,ac6ff046b56ef079f2ec5c4f364516214103bd3f310bb3523f5db0715008738b,new
columns/001-ball-count/analysis/runs/bcap_pitch_ff_r_supplement__mlb_2026_ytd_20260907__20260928__r01/artifacts/progress.json,66,e509fa6547cda79f368beb00124af9dec3d12834a358736c2edab820e7bac94e,new
columns/001-ball-count/analysis/runs/bcap_pitch_ff_r_supplement__mlb_2026_ytd_20260907__20260928__r01/artifacts/sessionInfo.txt,1025,83c9300b1a5bbd65a3753b7c7572cf982ad6bc562e6b582e8bd639b152b60f29,new
columns/001-ball-count/analysis/runs/bcap_pitch_ff_r_supplement__mlb_2026_ytd_20260907__20260928__r01/artifacts/support_exclusions.csv,2103,0b8785368dd8de527e541211543e41c0a1244fc4c2a1bc0b79dfd102a4daa798,new
columns/001-ball-count/analysis/runs/bcap_pitch_ff_r_supplement__mlb_2026_ytd_20260907__20260928__r01/artifacts/year_values.csv,7485,a4240dd4801f755cd8218c9afd887b0db384e741932424e1514400641cd09321,new
columns/001-ball-count/analysis/runs/bcap_pitch_ff_r_supplement__mlb_2026_ytd_20260907__20260928__r01/manifest.json,28282,b2b4992b5695c560db5a8505aa5788da5c32b823403bc993d540787b59b07b69,new
columns/001-ball-count/analysis/runs/bcap_pitch_r__mlb_2024_2025__20260928__r01/artifacts/calibration_games.csv,19460,53b896e6759e659dd66baffdf349ed4b4069ca5912bb5ac720aa580c435b277d,new
columns/001-ball-count/analysis/runs/bcap_pitch_r__mlb_2024_2025__20260928__r01/artifacts/checks.json,1277,781979517372c7e7ddfb2fda1ca06db6955fec67db914f7b135d2137dc503cc2,new
columns/001-ball-count/analysis/runs/bcap_pitch_r__mlb_2024_2025__20260928__r01/artifacts/frozen_engine.R,9653,e5a05c743ea78862ef1972e8c27bfa778b89329f2e8e6930c41c83f5b88e70e7,new
columns/001-ball-count/analysis/runs/bcap_pitch_r__mlb_2024_2025__20260928__r01/artifacts/frozen_run.R,14331,9982397a71fd41f12387daeab393e53a259e40b5f9507c1f2daf5a9ceddccddc,new
columns/001-ball-count/analysis/runs/bcap_pitch_r__mlb_2024_2025__20260928__r01/artifacts/frozen_run_config.json,322,839a691f6cc02bf007155c8ce099151d59c5b487e5b528b14f3342bedfdca851,new
columns/001-ball-count/analysis/runs/bcap_pitch_r__mlb_2024_2025__20260928__r01/artifacts/frozen_specification.yaml,6655,273c6d0fb5d3e80881dbff08821cf419f158cc627c358b5c6d6174542c989a29,new
columns/001-ball-count/analysis/runs/bcap_pitch_r__mlb_2024_2025__20260928__r01/artifacts/game_folds.csv,48604,bc63dd984380e72088fccf5cf5ccd14d95c797ebc9dbd8c98bca7d901d03713b,new
columns/001-ball-count/analysis/runs/bcap_pitch_r__mlb_2024_2025__20260928__r01/manifest.json,9822,ecb9e65909bc442a5603ab809561a6f87aed3acd70af0e137e964d1a76063044,new
columns/001-ball-count/analysis/runs/bcap_pitch_r__mlb_2024_2025__20260928__r02/README.md,790,06a3df4e1523acff8476e6b561d558e32da99e137ab9022a21f4f81f5fb89bec,new
columns/001-ball-count/analysis/runs/bcap_pitch_r__mlb_2024_2025__20260928__r02/artifacts/action_values.csv,7367,2fbf5f2a789a536c900fb9f4fe205bffd22504d55276764be739050b08067005,new
columns/001-ball-count/analysis/runs/bcap_pitch_r__mlb_2024_2025__20260928__r02/artifacts/calibration_games.csv,19460,53b896e6759e659dd66baffdf349ed4b4069ca5912bb5ac720aa580c435b277d,new
columns/001-ball-count/analysis/runs/bcap_pitch_r__mlb_2024_2025__20260928__r02/artifacts/checks.json,3889,71de1d91376edf8661362db62151919c688034d4c9cdd8c559446b339207cc01,new
columns/001-ball-count/analysis/runs/bcap_pitch_r__mlb_2024_2025__20260928__r02/artifacts/count_by_year.png,31810,c86079d245b0b35c40943a6bfdf55596ce18888191ddaa4a6849989fd34b3b46,new
columns/001-ball-count/analysis/runs/bcap_pitch_r__mlb_2024_2025__20260928__r02/artifacts/fit_diagnostics.csv,1008,26fe06537bafdb3f369ca54f4a8bc3f5fa4dd9c1c0158b65515c4f2afa6c297a,new
columns/001-ball-count/analysis/runs/bcap_pitch_r__mlb_2024_2025__20260928__r02/artifacts/frozen_engine.R,9678,ee02a9a7c6b6bc6fa03d8646bf126e9cff356634da2294b309250e4a9bc39a84,new
columns/001-ball-count/analysis/runs/bcap_pitch_r__mlb_2024_2025__20260928__r02/artifacts/frozen_run.R,15186,9489f0c71e19e925e3e2d88d2c68e6f33586a48559a47330fefb862e5097e6ca,new
columns/001-ball-count/analysis/runs/bcap_pitch_r__mlb_2024_2025__20260928__r02/artifacts/frozen_run_config.json,322,434da1634b6dcc0286240eb6837a9c88755f294e5a90f8fae90143c0d9e05458,new
columns/001-ball-count/analysis/runs/bcap_pitch_r__mlb_2024_2025__20260928__r02/artifacts/frozen_specification.yaml,6655,273c6d0fb5d3e80881dbff08821cf419f158cc627c358b5c6d6174542c989a29,new
columns/001-ball-count/analysis/runs/bcap_pitch_r__mlb_2024_2025__20260928__r02/artifacts/game_folds.csv,48604,bc63dd984380e72088fccf5cf5ccd14d95c797ebc9dbd8c98bca7d901d03713b,new
columns/001-ball-count/analysis/runs/bcap_pitch_r__mlb_2024_2025__20260928__r02/artifacts/metrics.json,326,6ee27d4ac333cc77f5c74c476c890f3454aed62371f2def9f559cdef7d04d5a5,new
columns/001-ball-count/analysis/runs/bcap_pitch_r__mlb_2024_2025__20260928__r02/artifacts/progress.json,66,6d0aa6061b0f3234fa10013c68ca3fa011d2823c663fb17fa4e328f1034c9797,new
columns/001-ball-count/analysis/runs/bcap_pitch_r__mlb_2024_2025__20260928__r02/artifacts/python_score_comparison.csv,280,8fc15fe5205258b8a5d55b2585c0c1b2a00ccfcc139c235530dddece2bd5aaa8,new
columns/001-ball-count/analysis/runs/bcap_pitch_r__mlb_2024_2025__20260928__r02/artifacts/python_summary_comparison.csv,2613,e436d9e08e85e4fdcc9e50b0ee386a739d6946b18d243fff30b70b90e0b3ba55,new
columns/001-ball-count/analysis/runs/bcap_pitch_r__mlb_2024_2025__20260928__r02/artifacts/sessionInfo.txt,1025,83c9300b1a5bbd65a3753b7c7572cf982ad6bc562e6b582e8bd639b152b60f29,new
columns/001-ball-count/analysis/runs/bcap_pitch_r__mlb_2024_2025__20260928__r02/artifacts/support_exclusions.csv,3401,671e6363388472e2735b7036749e4a2f28ae278b3152793884af623774e98c33,new
columns/001-ball-count/analysis/runs/bcap_pitch_r__mlb_2024_2025__20260928__r02/artifacts/year_differences.csv,16871,5c696e686d466abde2a477872554c479b64d6a6e9dc4ea46e666d25631bf1903,new
columns/001-ball-count/analysis/runs/bcap_pitch_r__mlb_2024_2025__20260928__r02/artifacts/year_values.csv,14402,f0a85e58cf08521e0a02622129602cf986685a9f597e0b259a40b1d248abd793,new
columns/001-ball-count/analysis/runs/bcap_pitch_r__mlb_2024_2025__20260928__r02/manifest.json,17022,3b0e39dc3c39fe273aa90143df715cf2d9e6a85a947d0a115d76189f772f922c,new
columns/001-ball-count/analysis/runs/bcap_pitch_r_history__mlb_2015__20260928__r01/README.md,793,7e2386c7022d4bf9977b985ef197f2effbe0fca7aede12802b821f70e8e1bbed,new
columns/001-ball-count/analysis/runs/bcap_pitch_r_history__mlb_2015__20260928__r01/artifacts/action_values.csv,7348,1d4eb25aa37e4197c6137a35ff5b6fb2856ad3bd35451f2d6e0c49d2d68d5250,new
columns/001-ball-count/analysis/runs/bcap_pitch_r_history__mlb_2015__20260928__r01/artifacts/calibration_games.csv,9740,27349c900c43a5c2133c32b9cdb346b43b93e4d5e38542efc4ced9114103d985,new
columns/001-ball-count/analysis/runs/bcap_pitch_r_history__mlb_2015__20260928__r01/artifacts/checks.json,3002,38b1faa42c603d3ea29051b686cd9bd221ae38c28b1d610be49b74004fe207d7,new
columns/001-ball-count/analysis/runs/bcap_pitch_r_history__mlb_2015__20260928__r01/artifacts/count_by_year.png,30266,2bca0a70be86ba80b79df4a47bac3301eea480c0c6956420c34d6f6c3609f34d,new
columns/001-ball-count/analysis/runs/bcap_pitch_r_history__mlb_2015__20260928__r01/artifacts/fit_diagnostics.csv,1087,ef50308609674b83733ad37f27eaa84bc7ac6ae99ce914bd3ad7d04daf411ba1,new
columns/001-ball-count/analysis/runs/bcap_pitch_r_history__mlb_2015__20260928__r01/artifacts/frozen_engine.R,9868,21a6b2f7daf195adcbde629bfa22363679d1751f92bf9e4955419a86b950507e,new
columns/001-ball-count/analysis/runs/bcap_pitch_r_history__mlb_2015__20260928__r01/artifacts/frozen_run.R,19813,1f5382512b1a4c0e327154fa6b4444f52ce983db5c0e203ec8c4869050c91944,new
columns/001-ball-count/analysis/runs/bcap_pitch_r_history__mlb_2015__20260928__r01/artifacts/frozen_run_config.json,605,d82907ffb20a1bd8f1336146499cf2ce798c12afecfd39fc5890705c06272834,new
columns/001-ball-count/analysis/runs/bcap_pitch_r_history__mlb_2015__20260928__r01/artifacts/frozen_specification.yaml,6655,273c6d0fb5d3e80881dbff08821cf419f158cc627c358b5c6d6174542c989a29,new
columns/001-ball-count/analysis/runs/bcap_pitch_r_history__mlb_2015__20260928__r01/artifacts/game_folds.csv,24304,5528d097b891c618aa72946d3ec50d17d57c0181cb491b8c2bc0ef5f9bee2c7e,new
columns/001-ball-count/analysis/runs/bcap_pitch_r_history__mlb_2015__20260928__r01/artifacts/metrics.json,317,447cbc462df9f2a56740249d2a0b96621dc6786434218056750ea7ecc5d41622,new
columns/001-ball-count/analysis/runs/bcap_pitch_r_history__mlb_2015__20260928__r01/artifacts/progress.json,66,07237d62fbdf4d7d5eae453832834ac215ebc496a7ba624073c44c39ecc3dce1,new
columns/001-ball-count/analysis/runs/bcap_pitch_r_history__mlb_2015__20260928__r01/artifacts/sessionInfo.txt,1025,83c9300b1a5bbd65a3753b7c7572cf982ad6bc562e6b582e8bd639b152b60f29,new
columns/001-ball-count/analysis/runs/bcap_pitch_r_history__mlb_2015__20260928__r01/artifacts/support_exclusions.csv,2051,7488dcf8fb45e9cdf721cad78df35e2a274c7d33f3e6bc1704faddc6c7fc7319,new
columns/001-ball-count/analysis/runs/bcap_pitch_r_history__mlb_2015__20260928__r01/artifacts/year_values.csv,7423,90fa284abf40d8859383416a7fdd862885acad8d1d6e9794859b7f1d5fc34a7d,new
columns/001-ball-count/analysis/runs/bcap_pitch_r_history__mlb_2015__20260928__r01/manifest.json,30393,1557d75966e293a96e4b8395696ba074e1159ee6fd8b4f67f224691f621da36c,new
columns/001-ball-count/analysis/runs/bcap_pitch_r_history__mlb_2016__20260928__r01/README.md,793,f7accf65fae09315dfd41d9175fd4e1dfd6b50538a0c57258deb00e214d038c8,new
columns/001-ball-count/analysis/runs/bcap_pitch_r_history__mlb_2016__20260928__r01/artifacts/action_values.csv,7332,ce7289f17c17a94f3f80dccf7a6d672cf58364acaad4b09b3bd773768be07610,new
columns/001-ball-count/analysis/runs/bcap_pitch_r_history__mlb_2016__20260928__r01/artifacts/calibration_games.csv,9740,f57a6fbb7c40bef9c9e3c350fc28880c21593b36ae15a010e8bdbd084790202b,new
columns/001-ball-count/analysis/runs/bcap_pitch_r_history__mlb_2016__20260928__r01/artifacts/checks.json,3002,38b1faa42c603d3ea29051b686cd9bd221ae38c28b1d610be49b74004fe207d7,new
columns/001-ball-count/analysis/runs/bcap_pitch_r_history__mlb_2016__20260928__r01/artifacts/count_by_year.png,31253,bc54e5dcc7a962529251eeaaae7021d9461db5654d5592604632b983dcd02aa6,new
columns/001-ball-count/analysis/runs/bcap_pitch_r_history__mlb_2016__20260928__r01/artifacts/fit_diagnostics.csv,1102,f93027c4253d8f59db01c37ec17e2dac154a3a13a477ea8be54e79c4c35513c2,new
columns/001-ball-count/analysis/runs/bcap_pitch_r_history__mlb_2016__20260928__r01/artifacts/frozen_engine.R,9868,21a6b2f7daf195adcbde629bfa22363679d1751f92bf9e4955419a86b950507e,new
columns/001-ball-count/analysis/runs/bcap_pitch_r_history__mlb_2016__20260928__r01/artifacts/frozen_run.R,19813,1f5382512b1a4c0e327154fa6b4444f52ce983db5c0e203ec8c4869050c91944,new
columns/001-ball-count/analysis/runs/bcap_pitch_r_history__mlb_2016__20260928__r01/artifacts/frozen_run_config.json,605,bf8056a624084a36554cc1be228ac2b3edaf7c0ed4e5852c824ebd44c32b6975,new
columns/001-ball-count/analysis/runs/bcap_pitch_r_history__mlb_2016__20260928__r01/artifacts/frozen_specification.yaml,6655,273c6d0fb5d3e80881dbff08821cf419f158cc627c358b5c6d6174542c989a29,new
columns/001-ball-count/analysis/runs/bcap_pitch_r_history__mlb_2016__20260928__r01/artifacts/game_folds.csv,24294,7c49fadbc292dbc520183ed344477cad92ceeecd905d7924c0c8cf151d5654a1,new
columns/001-ball-count/analysis/runs/bcap_pitch_r_history__mlb_2016__20260928__r01/artifacts/metrics.json,317,febc80703ef9a3e35a59e2e6b99668eba49d5db09da62ac0471a034d6c964ed4,new
columns/001-ball-count/analysis/runs/bcap_pitch_r_history__mlb_2016__20260928__r01/artifacts/progress.json,66,8daf4843e791815bf7ed5363b9bf507b96aca71238ba68da1caab200c1261b58,new
columns/001-ball-count/analysis/runs/bcap_pitch_r_history__mlb_2016__20260928__r01/artifacts/sessionInfo.txt,1025,83c9300b1a5bbd65a3753b7c7572cf982ad6bc562e6b582e8bd639b152b60f29,new
columns/001-ball-count/analysis/runs/bcap_pitch_r_history__mlb_2016__20260928__r01/artifacts/support_exclusions.csv,1994,ff38b478fe79f633697db98d988a964a30740ff6efbe17997773eb31a3855d2b,new
columns/001-ball-count/analysis/runs/bcap_pitch_r_history__mlb_2016__20260928__r01/artifacts/year_values.csv,7407,602df1ecd558360ab2c4df5676ce97960f2fbcbe1a8363ec41f5cd1b8f099dc0,new
columns/001-ball-count/analysis/runs/bcap_pitch_r_history__mlb_2016__20260928__r01/manifest.json,30402,87d1e13fe30579ea5a079ebf3a7d5812b2c1f087e9a9664704f10e261dcd5307,new
columns/001-ball-count/analysis/runs/bcap_pitch_r_history__mlb_2017__20260928__r01/README.md,793,f13221cbd2cec4f54362a5d21faf8c97d74f388f56f1a3e978f559de3259b919,new
columns/001-ball-count/analysis/runs/bcap_pitch_r_history__mlb_2017__20260928__r01/artifacts/action_values.csv,7333,249208fff0c095b355e98bfcc530a81c7271eec8465dac7c1bac8d866ae4ff07,new
columns/001-ball-count/analysis/runs/bcap_pitch_r_history__mlb_2017__20260928__r01/artifacts/calibration_games.csv,9740,49bc06827597403d296d6971999f1fad239a39517a2daffe7f560ab460459f88,new
columns/001-ball-count/analysis/runs/bcap_pitch_r_history__mlb_2017__20260928__r01/artifacts/checks.json,3002,38b1faa42c603d3ea29051b686cd9bd221ae38c28b1d610be49b74004fe207d7,new
columns/001-ball-count/analysis/runs/bcap_pitch_r_history__mlb_2017__20260928__r01/artifacts/count_by_year.png,36737,8e224234ce85a305f865dfca539a6b27b6a2488b406d7e49219c6b9c1c2c34f8,new
columns/001-ball-count/analysis/runs/bcap_pitch_r_history__mlb_2017__20260928__r01/artifacts/fit_diagnostics.csv,1089,692b50ba0a9a099ff53708d3ecab687ff1aa5a15228fa82dc6f0135e2841a7f6,new
columns/001-ball-count/analysis/runs/bcap_pitch_r_history__mlb_2017__20260928__r01/artifacts/frozen_engine.R,9868,21a6b2f7daf195adcbde629bfa22363679d1751f92bf9e4955419a86b950507e,new
columns/001-ball-count/analysis/runs/bcap_pitch_r_history__mlb_2017__20260928__r01/artifacts/frozen_run.R,19813,1f5382512b1a4c0e327154fa6b4444f52ce983db5c0e203ec8c4869050c91944,new
columns/001-ball-count/analysis/runs/bcap_pitch_r_history__mlb_2017__20260928__r01/artifacts/frozen_run_config.json,605,3665304da2d259d760b5437baa5c8733fad35dc307885b6efa39a2f17e076804,new
columns/001-ball-count/analysis/runs/bcap_pitch_r_history__mlb_2017__20260928__r01/artifacts/frozen_specification.yaml,6655,273c6d0fb5d3e80881dbff08821cf419f158cc627c358b5c6d6174542c989a29,new
columns/001-ball-count/analysis/runs/bcap_pitch_r_history__mlb_2017__20260928__r01/artifacts/game_folds.csv,24284,5eb63d2febb1682a9e301c9d0fcaefbd540fb0d4aa24480bd460e20a5b474b8e,new
columns/001-ball-count/analysis/runs/bcap_pitch_r_history__mlb_2017__20260928__r01/artifacts/metrics.json,316,adbfe3649589ae3c4eab16afade5d41b9f9cdce50488950e172c36e783c357e2,new
columns/001-ball-count/analysis/runs/bcap_pitch_r_history__mlb_2017__20260928__r01/artifacts/progress.json,66,cedab3ee88630a0127494c597676e6b6b1fddce66042fa4dd176050d9acc7e1c,new
columns/001-ball-count/analysis/runs/bcap_pitch_r_history__mlb_2017__20260928__r01/artifacts/sessionInfo.txt,1025,83c9300b1a5bbd65a3753b7c7572cf982ad6bc562e6b582e8bd639b152b60f29,new
columns/001-ball-count/analysis/runs/bcap_pitch_r_history__mlb_2017__20260928__r01/artifacts/support_exclusions.csv,1965,a75e3ffadbe8f6929d47c60c27e607728aff2cd5ef844c51e827d389948e29ac,new
columns/001-ball-count/analysis/runs/bcap_pitch_r_history__mlb_2017__20260928__r01/artifacts/year_values.csv,7408,c295dfab26b73b0d827bbbff9b7794085d4e381708d3d85ee86ef23754a35499,new
columns/001-ball-count/analysis/runs/bcap_pitch_r_history__mlb_2017__20260928__r01/manifest.json,30381,aa801947001453a6943d20b2e3e26b046cd547a293e2126ae13666f66ebefa70,new
columns/001-ball-count/analysis/runs/bcap_pitch_r_history__mlb_2018__20260928__r01/README.md,793,1880227bea461acff142e337bb1e86c1fcfcdb53ffb98dafdf099d1ccb48629d,new
columns/001-ball-count/analysis/runs/bcap_pitch_r_history__mlb_2018__20260928__r01/artifacts/action_values.csv,7343,5bbcbbd20a34f850180ccadb3e917e00b3f3b1bd0ee6ace6f73ac986a0bd0a59,new
columns/001-ball-count/analysis/runs/bcap_pitch_r_history__mlb_2018__20260928__r01/artifacts/calibration_games.csv,9740,ad47ad9a9ee11d082ba510559e66c4736ae5cef608d9df987020627cdb780cec,new
columns/001-ball-count/analysis/runs/bcap_pitch_r_history__mlb_2018__20260928__r01/artifacts/checks.json,3002,38b1faa42c603d3ea29051b686cd9bd221ae38c28b1d610be49b74004fe207d7,new
columns/001-ball-count/analysis/runs/bcap_pitch_r_history__mlb_2018__20260928__r01/artifacts/count_by_year.png,35310,b185aa6d59d728460ba2a20197958ec19968cecd1f5fb5d660137328246ab77e,new
columns/001-ball-count/analysis/runs/bcap_pitch_r_history__mlb_2018__20260928__r01/artifacts/fit_diagnostics.csv,1104,bdc74a3893e714436c5f9483039d4b93e2fbb4af01c2319b07f242d56598eb86,new
columns/001-ball-count/analysis/runs/bcap_pitch_r_history__mlb_2018__20260928__r01/artifacts/frozen_engine.R,9868,21a6b2f7daf195adcbde629bfa22363679d1751f92bf9e4955419a86b950507e,new
columns/001-ball-count/analysis/runs/bcap_pitch_r_history__mlb_2018__20260928__r01/artifacts/frozen_run.R,19813,1f5382512b1a4c0e327154fa6b4444f52ce983db5c0e203ec8c4869050c91944,new
columns/001-ball-count/analysis/runs/bcap_pitch_r_history__mlb_2018__20260928__r01/artifacts/frozen_run_config.json,605,505703161b41d2c8a3671ce8b77fcbe8972eb4d49468d96cf699aa33383d0f32,new
columns/001-ball-count/analysis/runs/bcap_pitch_r_history__mlb_2018__20260928__r01/artifacts/frozen_specification.yaml,6655,273c6d0fb5d3e80881dbff08821cf419f158cc627c358b5c6d6174542c989a29,new
columns/001-ball-count/analysis/runs/bcap_pitch_r_history__mlb_2018__20260928__r01/artifacts/game_folds.csv,24274,e66e668d950591f440d474eaac0b02fe80143d9aadef92b454817e51b9c985a9,new
columns/001-ball-count/analysis/runs/bcap_pitch_r_history__mlb_2018__20260928__r01/artifacts/metrics.json,317,4eaa561423d9be43f7660a52e0f64665d2f7a2d72fecb6a6c9944852c4247590,new
columns/001-ball-count/analysis/runs/bcap_pitch_r_history__mlb_2018__20260928__r01/artifacts/progress.json,66,e8f2445b4f0e966be0b2d2f7303cd3dc93dc4b3b5c224eccf01a2fa72c04b864,new
columns/001-ball-count/analysis/runs/bcap_pitch_r_history__mlb_2018__20260928__r01/artifacts/sessionInfo.txt,1025,83c9300b1a5bbd65a3753b7c7572cf982ad6bc562e6b582e8bd639b152b60f29,new
columns/001-ball-count/analysis/runs/bcap_pitch_r_history__mlb_2018__20260928__r01/artifacts/support_exclusions.csv,1872,960642c8273cfe9d7d5b92ff05e5fd5927410117772dc64348841b9915215d2c,new
columns/001-ball-count/analysis/runs/bcap_pitch_r_history__mlb_2018__20260928__r01/artifacts/year_values.csv,7418,4e50373fc850fdab50dcc00babefedbdf0d128837d311fee1750f6a442fe7ddf,new
columns/001-ball-count/analysis/runs/bcap_pitch_r_history__mlb_2018__20260928__r01/manifest.json,30584,5a128d5f2a52a063811107898c4e2624af5d0d4532e5bc6d69e2b5a5f05e2c89,new
columns/001-ball-count/analysis/runs/bcap_pitch_r_history__mlb_2019__20260928__r01/README.md,793,b25cf8c7e13e36f1bbb37e2a26de5b8b9c78212d8547b05106eeb49bd3306525,new
columns/001-ball-count/analysis/runs/bcap_pitch_r_history__mlb_2019__20260928__r01/artifacts/action_values.csv,7332,ec29cd1e278318757c3edca9c81df7f46cf3eb1080672f945628e34feba53371,new
columns/001-ball-count/analysis/runs/bcap_pitch_r_history__mlb_2019__20260928__r01/artifacts/calibration_games.csv,9700,a63698f2a18acac6bb9398e5ba10adf4bf9dc2c3bd5c6689e36c067940eda0ea,new
columns/001-ball-count/analysis/runs/bcap_pitch_r_history__mlb_2019__20260928__r01/artifacts/checks.json,3002,38b1faa42c603d3ea29051b686cd9bd221ae38c28b1d610be49b74004fe207d7,new
columns/001-ball-count/analysis/runs/bcap_pitch_r_history__mlb_2019__20260928__r01/artifacts/count_by_year.png,30688,6c5700585b92259a47a77bb832fca1a17fdd997521619b4955af307542f14b0b,new
columns/001-ball-count/analysis/runs/bcap_pitch_r_history__mlb_2019__20260928__r01/artifacts/fit_diagnostics.csv,1097,347d8acfdc2a4cf5fb00c3069f0ff580b9536b048472697c3db4eaa8d13a426a,new
columns/001-ball-count/analysis/runs/bcap_pitch_r_history__mlb_2019__20260928__r01/artifacts/frozen_engine.R,9868,21a6b2f7daf195adcbde629bfa22363679d1751f92bf9e4955419a86b950507e,new
columns/001-ball-count/analysis/runs/bcap_pitch_r_history__mlb_2019__20260928__r01/artifacts/frozen_run.R,19813,1f5382512b1a4c0e327154fa6b4444f52ce983db5c0e203ec8c4869050c91944,new
columns/001-ball-count/analysis/runs/bcap_pitch_r_history__mlb_2019__20260928__r01/artifacts/frozen_run_config.json,605,8cd2a880c7383043aa66a40be8fef19e1dbae7b76798c8f26ffb87d6e03d7500,new
columns/001-ball-count/analysis/runs/bcap_pitch_r_history__mlb_2019__20260928__r01/artifacts/frozen_specification.yaml,6655,273c6d0fb5d3e80881dbff08821cf419f158cc627c358b5c6d6174542c989a29,new
columns/001-ball-count/analysis/runs/bcap_pitch_r_history__mlb_2019__20260928__r01/artifacts/game_folds.csv,24174,321359cd9e3209e1344812fd53fa66ed2880384b55fbdf062a2b6d99a54eaf3d,new
columns/001-ball-count/analysis/runs/bcap_pitch_r_history__mlb_2019__20260928__r01/artifacts/metrics.json,317,48d5849199234a9ae5b8f87a20fa1f7ae35a5dfa538bea19ba22c872e7881a5f,new
columns/001-ball-count/analysis/runs/bcap_pitch_r_history__mlb_2019__20260928__r01/artifacts/progress.json,66,214445b2948c01dd9fbad70bc033e5f36981032267dceda74577425bda7621f3,new
columns/001-ball-count/analysis/runs/bcap_pitch_r_history__mlb_2019__20260928__r01/artifacts/sessionInfo.txt,1025,83c9300b1a5bbd65a3753b7c7572cf982ad6bc562e6b582e8bd639b152b60f29,new
columns/001-ball-count/analysis/runs/bcap_pitch_r_history__mlb_2019__20260928__r01/artifacts/support_exclusions.csv,1691,72f3f766b69010905da3de1aa1330597ce9ad2287a94b825d21c2c9066135a38,new
columns/001-ball-count/analysis/runs/bcap_pitch_r_history__mlb_2019__20260928__r01/artifacts/year_values.csv,7407,325ad3cec5539c1e600c05fb80476a8edd33bc18f591134c1ef228d490a2de2a,new
columns/001-ball-count/analysis/runs/bcap_pitch_r_history__mlb_2019__20260928__r01/manifest.json,30838,382413c661cf6e805189ea72f5af44a062a8b6625466efc412c0a410d47fe47d,new
columns/001-ball-count/analysis/runs/bcap_pitch_r_history__mlb_2020__20260928__r01/README.md,793,85eba1759a894df1cee14baa5a50f64e33bb56ba5f710b8aa7980929418e89fb,new
columns/001-ball-count/analysis/runs/bcap_pitch_r_history__mlb_2020__20260928__r01/artifacts/action_values.csv,7243,e125dab7061490f2f3db78628e01d0e593c439889d64517576c01e44c7b1587a,new
columns/001-ball-count/analysis/runs/bcap_pitch_r_history__mlb_2020__20260928__r01/artifacts/calibration_games.csv,3620,a011815e33c572ac7631d26e174a083e4fabe6284b9ce68ed1d6012c25f701a8,new
columns/001-ball-count/analysis/runs/bcap_pitch_r_history__mlb_2020__20260928__r01/artifacts/checks.json,3002,38b1faa42c603d3ea29051b686cd9bd221ae38c28b1d610be49b74004fe207d7,new
columns/001-ball-count/analysis/runs/bcap_pitch_r_history__mlb_2020__20260928__r01/artifacts/count_by_year.png,28567,aa7e40ece0e8511eadf7281e85e60add62b5fb6794972d0e48d6151c99924153,new
columns/001-ball-count/analysis/runs/bcap_pitch_r_history__mlb_2020__20260928__r01/artifacts/fit_diagnostics.csv,1093,a6656fa845b0ff4c3a600b3a196df8c1dfa630dfcbae7fa9eca4b49816bb56ae,new
columns/001-ball-count/analysis/runs/bcap_pitch_r_history__mlb_2020__20260928__r01/artifacts/frozen_engine.R,9868,21a6b2f7daf195adcbde629bfa22363679d1751f92bf9e4955419a86b950507e,new
columns/001-ball-count/analysis/runs/bcap_pitch_r_history__mlb_2020__20260928__r01/artifacts/frozen_run.R,19813,1f5382512b1a4c0e327154fa6b4444f52ce983db5c0e203ec8c4869050c91944,new
columns/001-ball-count/analysis/runs/bcap_pitch_r_history__mlb_2020__20260928__r01/artifacts/frozen_run_config.json,605,54c9229f498477a8ecec73faa69a8802407cfd24b77fdf23bb7a0faee3ebe2a6,new
columns/001-ball-count/analysis/runs/bcap_pitch_r_history__mlb_2020__20260928__r01/artifacts/frozen_specification.yaml,6655,273c6d0fb5d3e80881dbff08821cf419f158cc627c358b5c6d6174542c989a29,new
columns/001-ball-count/analysis/runs/bcap_pitch_r_history__mlb_2020__20260928__r01/artifacts/game_folds.csv,8994,a110631823b460062b0b157bdc1db10923cc4ac5f7f6013673ca8a0d4cfd3335,new
columns/001-ball-count/analysis/runs/bcap_pitch_r_history__mlb_2020__20260928__r01/artifacts/metrics.json,316,fe2c7b491e69959d7ceeda988df966f6fcfe86b206a7f9669c19eb8fdf243ade,new
columns/001-ball-count/analysis/runs/bcap_pitch_r_history__mlb_2020__20260928__r01/artifacts/progress.json,66,af56b3f8da0ff2cfa3d63ce3a36383ca6459450943286a72e00900c48e70b42f,new
columns/001-ball-count/analysis/runs/bcap_pitch_r_history__mlb_2020__20260928__r01/artifacts/sessionInfo.txt,1025,83c9300b1a5bbd65a3753b7c7572cf982ad6bc562e6b582e8bd639b152b60f29,new
columns/001-ball-count/analysis/runs/bcap_pitch_r_history__mlb_2020__20260928__r01/artifacts/support_exclusions.csv,1655,cec51ee58bc8483a79ba2d119d4a3817bf85eb7ab02817d07734dbc42d352a2d,new
columns/001-ball-count/analysis/runs/bcap_pitch_r_history__mlb_2020__20260928__r01/artifacts/year_values.csv,7318,412fcf666302b0d6fd5150c9e411f45afdaae4eef88c28a8e6982eab64ab40ba,new
columns/001-ball-count/analysis/runs/bcap_pitch_r_history__mlb_2020__20260928__r01/manifest.json,24310,eed1fd74b9727a94efc88fbff57a38bcec451bd3a354ecd47465a05695932686,new
columns/001-ball-count/analysis/runs/bcap_pitch_r_history__mlb_2021__20260928__r01/README.md,793,5b6c4b27c8264df30acbc031b00e53f960af0cb419776d169ec19dc833bd37fb,new
columns/001-ball-count/analysis/runs/bcap_pitch_r_history__mlb_2021__20260928__r01/artifacts/action_values.csv,7333,d0b2f01cd29a11c2c2d1429e84b818eb42afaf8116a957d35569c10186c1a9d4,new
columns/001-ball-count/analysis/runs/bcap_pitch_r_history__mlb_2021__20260928__r01/artifacts/calibration_games.csv,9740,f10ca337cc02466e59fb961b52d3e7bebf3853ef4af92abf54b1aba86e4890b8,new
columns/001-ball-count/analysis/runs/bcap_pitch_r_history__mlb_2021__20260928__r01/artifacts/checks.json,3002,38b1faa42c603d3ea29051b686cd9bd221ae38c28b1d610be49b74004fe207d7,new
columns/001-ball-count/analysis/runs/bcap_pitch_r_history__mlb_2021__20260928__r01/artifacts/count_by_year.png,31641,f0058fe097adf5d265dc3e5b82b60db41084e5b52963294047d4340f0cf59b28,new
columns/001-ball-count/analysis/runs/bcap_pitch_r_history__mlb_2021__20260928__r01/artifacts/fit_diagnostics.csv,1073,c3820514409fbaf14a2c58c1d6df1f19772dab0ea94e7cf689615eb17e41ffd7,new
columns/001-ball-count/analysis/runs/bcap_pitch_r_history__mlb_2021__20260928__r01/artifacts/frozen_engine.R,9868,21a6b2f7daf195adcbde629bfa22363679d1751f92bf9e4955419a86b950507e,new
columns/001-ball-count/analysis/runs/bcap_pitch_r_history__mlb_2021__20260928__r01/artifacts/frozen_run.R,19813,1f5382512b1a4c0e327154fa6b4444f52ce983db5c0e203ec8c4869050c91944,new
columns/001-ball-count/analysis/runs/bcap_pitch_r_history__mlb_2021__20260928__r01/artifacts/frozen_run_config.json,605,252cb3a8a2cbd3a98019ef00994ec17d1ce1c3d30c1a91ab7c3455197abda6fc,new
columns/001-ball-count/analysis/runs/bcap_pitch_r_history__mlb_2021__20260928__r01/artifacts/frozen_specification.yaml,6655,273c6d0fb5d3e80881dbff08821cf419f158cc627c358b5c6d6174542c989a29,new
columns/001-ball-count/analysis/runs/bcap_pitch_r_history__mlb_2021__20260928__r01/artifacts/game_folds.csv,24294,ebb7f5b1252c817a4ff901523115aa0fc9e658ac427be5fde02d05b9731e9f82,new
columns/001-ball-count/analysis/runs/bcap_pitch_r_history__mlb_2021__20260928__r01/artifacts/metrics.json,317,e3f40088612874938702c65d26833995cbda6d6d7006118085720a3c5624478f,new
columns/001-ball-count/analysis/runs/bcap_pitch_r_history__mlb_2021__20260928__r01/artifacts/progress.json,66,6e291155c0ba2f3c2710e41c98ac2a822e81a9f2f753bc930a9a9bd3e61d9c1d,new
columns/001-ball-count/analysis/runs/bcap_pitch_r_history__mlb_2021__20260928__r01/artifacts/sessionInfo.txt,1025,83c9300b1a5bbd65a3753b7c7572cf982ad6bc562e6b582e8bd639b152b60f29,new
columns/001-ball-count/analysis/runs/bcap_pitch_r_history__mlb_2021__20260928__r01/artifacts/support_exclusions.csv,1814,de0448be9215a19536ae37995f26b42b78330d8b4b24dc8ce20601b3b1a8e9a6,new
columns/001-ball-count/analysis/runs/bcap_pitch_r_history__mlb_2021__20260928__r01/artifacts/year_values.csv,7408,8b1d48e08345662af6dd1f4e06de92ad663ea26a3b72967ade854ca84fa44060,new
columns/001-ball-count/analysis/runs/bcap_pitch_r_history__mlb_2021__20260928__r01/manifest.json,30604,ac351b2172ae5aff60b66e4a34d059300ec02e46829619164c3c676a2ea4ce72,new
columns/001-ball-count/analysis/runs/bcap_pitch_r_history__mlb_2022__20260928__r01/README.md,793,cd964c52d0e5ae72522d1addb9b4c32aa61bc6cc8b89252cde45b97a2652891c,new
columns/001-ball-count/analysis/runs/bcap_pitch_r_history__mlb_2022__20260928__r01/artifacts/action_values.csv,7325,55448331f94cd22c8ad5667bc4ce3c8e8ec2190b68ff803724407a445eb7d7f6,new
columns/001-ball-count/analysis/runs/bcap_pitch_r_history__mlb_2022__20260928__r01/artifacts/calibration_games.csv,9740,88775885fb8580ff9918f5ca84af378c69f93febd155b9212fb2a84d15ecd407,new
columns/001-ball-count/analysis/runs/bcap_pitch_r_history__mlb_2022__20260928__r01/artifacts/checks.json,3002,38b1faa42c603d3ea29051b686cd9bd221ae38c28b1d610be49b74004fe207d7,new
columns/001-ball-count/analysis/runs/bcap_pitch_r_history__mlb_2022__20260928__r01/artifacts/count_by_year.png,36615,6e744249dc580b929ac688ac9161e3739676424139501165b559838255833e4c,new
columns/001-ball-count/analysis/runs/bcap_pitch_r_history__mlb_2022__20260928__r01/artifacts/fit_diagnostics.csv,1079,08e7acc6651c56f661b04982085325d2c55a95cfe3cdf9bcbb5b9d81defc572f,new
columns/001-ball-count/analysis/runs/bcap_pitch_r_history__mlb_2022__20260928__r01/artifacts/frozen_engine.R,9868,21a6b2f7daf195adcbde629bfa22363679d1751f92bf9e4955419a86b950507e,new
columns/001-ball-count/analysis/runs/bcap_pitch_r_history__mlb_2022__20260928__r01/artifacts/frozen_run.R,19813,1f5382512b1a4c0e327154fa6b4444f52ce983db5c0e203ec8c4869050c91944,new
columns/001-ball-count/analysis/runs/bcap_pitch_r_history__mlb_2022__20260928__r01/artifacts/frozen_run_config.json,605,1b31f554c24f684ddad37c2a36ed7b4b8302451a9abfda1df4a40ccffe00dfa3,new
columns/001-ball-count/analysis/runs/bcap_pitch_r_history__mlb_2022__20260928__r01/artifacts/frozen_specification.yaml,6655,273c6d0fb5d3e80881dbff08821cf419f158cc627c358b5c6d6174542c989a29,new
columns/001-ball-count/analysis/runs/bcap_pitch_r_history__mlb_2022__20260928__r01/artifacts/game_folds.csv,24304,5f1f6b65489817e5665aa0c9a089f81fa0efe4a8dfa875b4058e17b7bdefdf6e,new
columns/001-ball-count/analysis/runs/bcap_pitch_r_history__mlb_2022__20260928__r01/artifacts/metrics.json,316,9c9dca03d8594b06d43141a126cd8118883f1606355c6b2534c8c797947c4715,new
columns/001-ball-count/analysis/runs/bcap_pitch_r_history__mlb_2022__20260928__r01/artifacts/progress.json,66,dd5351c3ddd2867cdb211eb501f2a3fb82fb65bff87368a3a9eb6f409923f874,new
columns/001-ball-count/analysis/runs/bcap_pitch_r_history__mlb_2022__20260928__r01/artifacts/sessionInfo.txt,1025,83c9300b1a5bbd65a3753b7c7572cf982ad6bc562e6b582e8bd639b152b60f29,new
columns/001-ball-count/analysis/runs/bcap_pitch_r_history__mlb_2022__20260928__r01/artifacts/support_exclusions.csv,1692,8e2c571831648be341d08a6e3ae4125341c56d962ccbd8e7c0f67009bc005e14,new
columns/001-ball-count/analysis/runs/bcap_pitch_r_history__mlb_2022__20260928__r01/artifacts/year_values.csv,7400,68ae87272034fe72e0c0fe22088fbdf997b881361f457a9a8af8412e36807064,new
columns/001-ball-count/analysis/runs/bcap_pitch_r_history__mlb_2022__20260928__r01/manifest.json,29821,bc244b9cfb0efe4e3ae0f9d09d14fd081db092d2b120529b64b860389d9218a0,new
columns/001-ball-count/analysis/runs/bcap_pitch_r_history__mlb_2023__20260928__r01/README.md,793,9f568e8d89add1ba65bc68e43af1b8b361959612e016c5259e1b5ee8187e6a55,new
columns/001-ball-count/analysis/runs/bcap_pitch_r_history__mlb_2023__20260928__r01/artifacts/action_values.csv,7341,e80ff957faa150c735fb678c9c7ca4500304dd7cf2f423c8f1fa33e7dcee78b7,new
columns/001-ball-count/analysis/runs/bcap_pitch_r_history__mlb_2023__20260928__r01/artifacts/calibration_games.csv,9740,48bd412bfe2193c805798252d2d5be9a255d917b81f85a40ccdb6ddcd7938a09,new
columns/001-ball-count/analysis/runs/bcap_pitch_r_history__mlb_2023__20260928__r01/artifacts/checks.json,2979,39ebe106312aecf95da27706fa94a1feb5ebd9bfdf2717e4e46a3d481682c2c8,new
columns/001-ball-count/analysis/runs/bcap_pitch_r_history__mlb_2023__20260928__r01/artifacts/count_by_year.png,32645,21e8bbf3eedab22c7c195122e4e9ed6e1fab9cc4d688a614ad15ecc4795babe2,new
columns/001-ball-count/analysis/runs/bcap_pitch_r_history__mlb_2023__20260928__r01/artifacts/fit_diagnostics.csv,1072,c37131680875858637a054e0b6ead8fbbbb634219ebbcb682c24df601fc6754b,new
columns/001-ball-count/analysis/runs/bcap_pitch_r_history__mlb_2023__20260928__r01/artifacts/frozen_engine.R,9868,21a6b2f7daf195adcbde629bfa22363679d1751f92bf9e4955419a86b950507e,new
columns/001-ball-count/analysis/runs/bcap_pitch_r_history__mlb_2023__20260928__r01/artifacts/frozen_run.R,19631,3757fec5580c6d5c8b4de1696bc1583e306d45d12e24e22ff8f97f0b2e873760,new
columns/001-ball-count/analysis/runs/bcap_pitch_r_history__mlb_2023__20260928__r01/artifacts/frozen_run_config.json,605,d1c5cc48cf796d7b9bc1905b1b9de0f17f2a3aa50ac36600d219349e79b8b726,new
columns/001-ball-count/analysis/runs/bcap_pitch_r_history__mlb_2023__20260928__r01/artifacts/frozen_specification.yaml,6655,273c6d0fb5d3e80881dbff08821cf419f158cc627c358b5c6d6174542c989a29,new
columns/001-ball-count/analysis/runs/bcap_pitch_r_history__mlb_2023__20260928__r01/artifacts/game_folds.csv,24314,98afcc6b74c8fc48a77aa56bc6b340def7e01aaf8b116ca7038534b5291a6dd4,new
columns/001-ball-count/analysis/runs/bcap_pitch_r_history__mlb_2023__20260928__r01/artifacts/metrics.json,317,db70ad369fdacdc96e1692854d503e5181372e7bb3c4946f6cc9ccca8a268217,new
columns/001-ball-count/analysis/runs/bcap_pitch_r_history__mlb_2023__20260928__r01/artifacts/progress.json,66,7b5bea9e266bdc2e27bd0c83269fc410e11d8c3761050167cf3a4019370ec434,new
columns/001-ball-count/analysis/runs/bcap_pitch_r_history__mlb_2023__20260928__r01/artifacts/sessionInfo.txt,1025,83c9300b1a5bbd65a3753b7c7572cf982ad6bc562e6b582e8bd639b152b60f29,new
columns/001-ball-count/analysis/runs/bcap_pitch_r_history__mlb_2023__20260928__r01/artifacts/support_exclusions.csv,1692,933f8367a1680a6f81019c63d19a66e41163055db78823f141bdf16518b42a61,new
columns/001-ball-count/analysis/runs/bcap_pitch_r_history__mlb_2023__20260928__r01/artifacts/year_values.csv,7416,12c703fb003496495d6309ce87e683f85f36a2af95acf7caf2cea1f45b3d75de,new
columns/001-ball-count/analysis/runs/bcap_pitch_r_history__mlb_2023__20260928__r01/manifest.json,29658,ab201b1dc8abf3f6d2f4f54592ba24d70f0c9ad83507729472d529c54975fc75,new
columns/001-ball-count/analysis/runs/bcap_pitch_r_supplement__mlb_2026_ytd_20260907__20260928__r01/README.md,809,ddd2b1349730c5e9787fe30a65604d9b27cc78eff01375c687797bdc08808b5b,new
columns/001-ball-count/analysis/runs/bcap_pitch_r_supplement__mlb_2026_ytd_20260907__20260928__r01/artifacts/action_values.csv,7341,6bd5daa8fd29081d5d9a3b68250fe25d05efd0a36f2b6b7e99343cec0a3576a2,new
columns/001-ball-count/analysis/runs/bcap_pitch_r_supplement__mlb_2026_ytd_20260907__20260928__r01/artifacts/calibration_games.csv,8690,da0fdbb87ede39966466d40ffdaa209c9a2672ac8db3cf97028017146b6a40b0,new
columns/001-ball-count/analysis/runs/bcap_pitch_r_supplement__mlb_2026_ytd_20260907__20260928__r01/artifacts/checks.json,2873,655422970b09ceb1b989844505ecd307472717f1ec6a6b29ac25ab65b87e46ca,new
columns/001-ball-count/analysis/runs/bcap_pitch_r_supplement__mlb_2026_ytd_20260907__20260928__r01/artifacts/count_by_year.png,33783,0119a017c47415beb91d78ee1c43ab7d938a292cd1ccaeafd0c6dc70518e00f5,new
columns/001-ball-count/analysis/runs/bcap_pitch_r_supplement__mlb_2026_ytd_20260907__20260928__r01/artifacts/fit_diagnostics.csv,1099,60ef01ffe81c13b0b819b773bd5a06eb16503de65eb43e97f0ef97d511c2fbc5,new
columns/001-ball-count/analysis/runs/bcap_pitch_r_supplement__mlb_2026_ytd_20260907__20260928__r01/artifacts/frozen_engine.R,9868,21a6b2f7daf195adcbde629bfa22363679d1751f92bf9e4955419a86b950507e,new
columns/001-ball-count/analysis/runs/bcap_pitch_r_supplement__mlb_2026_ytd_20260907__20260928__r01/artifacts/frozen_run.R,19631,3757fec5580c6d5c8b4de1696bc1583e306d45d12e24e22ff8f97f0b2e873760,new
columns/001-ball-count/analysis/runs/bcap_pitch_r_supplement__mlb_2026_ytd_20260907__20260928__r01/artifacts/frozen_run_config.json,435,6a0ff2cc493a1bc831ae79153b353946a44a1ffe329c07ede7c5799654a8525b,new
columns/001-ball-count/analysis/runs/bcap_pitch_r_supplement__mlb_2026_ytd_20260907__20260928__r01/artifacts/frozen_specification.yaml,6655,273c6d0fb5d3e80881dbff08821cf419f158cc627c358b5c6d6174542c989a29,new
columns/001-ball-count/analysis/runs/bcap_pitch_r_supplement__mlb_2026_ytd_20260907__20260928__r01/artifacts/game_folds.csv,21664,c9f7c1f192079770b0002722cfce4671c8c6265f85c08fd212ac9a214f2b79c9,new
columns/001-ball-count/analysis/runs/bcap_pitch_r_supplement__mlb_2026_ytd_20260907__20260928__r01/artifacts/metrics.json,316,30c9310ecfe4ba84ceeb0702079fb770703e1aa4d699f8ff2e7d4fc0df9f504a,new
columns/001-ball-count/analysis/runs/bcap_pitch_r_supplement__mlb_2026_ytd_20260907__20260928__r01/artifacts/progress.json,66,b5f2f90210659fbf6c80268b06e4e7fa7dc667998197349e70782584d4b5169a,new
columns/001-ball-count/analysis/runs/bcap_pitch_r_supplement__mlb_2026_ytd_20260907__20260928__r01/artifacts/sessionInfo.txt,1025,83c9300b1a5bbd65a3753b7c7572cf982ad6bc562e6b582e8bd639b152b60f29,new
columns/001-ball-count/analysis/runs/bcap_pitch_r_supplement__mlb_2026_ytd_20260907__20260928__r01/artifacts/support_exclusions.csv,1722,488848255e52d63f71d21c170a93d5a1207806ab50e10b5435ba531d24425f73,new
columns/001-ball-count/analysis/runs/bcap_pitch_r_supplement__mlb_2026_ytd_20260907__20260928__r01/artifacts/year_values.csv,7416,fe195ded788afcadf1e21f28ab22ad735f43ec02a2647ec10075150f45165b6f,new
columns/001-ball-count/analysis/runs/bcap_pitch_r_supplement__mlb_2026_ytd_20260907__20260928__r01/manifest.json,29008,7085c1b7d2195f86a85a0be2a395ba705d8b8e4c73dfe3a8b6ad96d7927746dc,new
columns/001-ball-count/analysis/runs/bcap_pitch_sb_r__mlb_2024_2025__20260928__r01/README.md,793,b0c03f7759250325b17c5dc3db02491c8b7841ef302180c9c274f7e781974f75,new
columns/001-ball-count/analysis/runs/bcap_pitch_sb_r__mlb_2024_2025__20260928__r01/artifacts/action_values.csv,7350,bd02a0595cd4e452862cfb17fcdcbd58433b533ca98eb184c8ae1b320503681d,new
columns/001-ball-count/analysis/runs/bcap_pitch_sb_r__mlb_2024_2025__20260928__r01/artifacts/calibration_games.csv,19460,53b896e6759e659dd66baffdf349ed4b4069ca5912bb5ac720aa580c435b277d,new
columns/001-ball-count/analysis/runs/bcap_pitch_sb_r__mlb_2024_2025__20260928__r01/artifacts/checks.json,3903,167a8bc8c2ce40916a4fffe64868d5a9e6f2a65012867905cf832b1cfc030262,new
columns/001-ball-count/analysis/runs/bcap_pitch_sb_r__mlb_2024_2025__20260928__r01/artifacts/count_by_year.png,31038,acb30c307ccad88497923459df27959424e660872ece4901cd2d62c3a3ecb145,new
columns/001-ball-count/analysis/runs/bcap_pitch_sb_r__mlb_2024_2025__20260928__r01/artifacts/fit_diagnostics.csv,1102,7b8a6e24e730c92360b12deb4673b4cffe2364360f396f14803962498032f9f5,new
columns/001-ball-count/analysis/runs/bcap_pitch_sb_r__mlb_2024_2025__20260928__r01/artifacts/frozen_engine.R,9763,44924e3ef1f8d9dab055b7e37ceaf73fb255a6165b2da70faa496da6c80a22fd,new
columns/001-ball-count/analysis/runs/bcap_pitch_sb_r__mlb_2024_2025__20260928__r01/artifacts/frozen_run.R,17392,878455d0c66e1797827e46c097b0a2e01c084897e3549e659bd8c3e7eda08360,new
columns/001-ball-count/analysis/runs/bcap_pitch_sb_r__mlb_2024_2025__20260928__r01/artifacts/frozen_run_config.json,328,b2c5a2634eead51dc31b1c030971666804b147d058e770eae711cb3636b0140c,new
columns/001-ball-count/analysis/runs/bcap_pitch_sb_r__mlb_2024_2025__20260928__r01/artifacts/frozen_specification.yaml,6628,00e7178f597de003bd0ab3018ce06376fef105102ce3d71a0e806d562df2ae6b,new
columns/001-ball-count/analysis/runs/bcap_pitch_sb_r__mlb_2024_2025__20260928__r01/artifacts/game_folds.csv,48604,bc63dd984380e72088fccf5cf5ccd14d95c797ebc9dbd8c98bca7d901d03713b,new
columns/001-ball-count/analysis/runs/bcap_pitch_sb_r__mlb_2024_2025__20260928__r01/artifacts/metrics.json,327,5ed92ff802248de2d8ee3a11cf5dbde240247b19ce6659a67eac86ac81f89b3f,new
columns/001-ball-count/analysis/runs/bcap_pitch_sb_r__mlb_2024_2025__20260928__r01/artifacts/progress.json,66,b03b59966c2fd94fa35eaf2523064b2b54359742570608725facfd690b05a175,new
columns/001-ball-count/analysis/runs/bcap_pitch_sb_r__mlb_2024_2025__20260928__r01/artifacts/python_score_comparison.csv,281,9495631d5153169d1a3008a566d087bef38c861299efcb04b3ce1fe5a67d86ba,new
columns/001-ball-count/analysis/runs/bcap_pitch_sb_r__mlb_2024_2025__20260928__r01/artifacts/python_summary_comparison.csv,2604,b1695ed19a3b54cfc230ef2b4c2f582068525391a27a1dc225443cb8b4fafd78,new
columns/001-ball-count/analysis/runs/bcap_pitch_sb_r__mlb_2024_2025__20260928__r01/artifacts/sessionInfo.txt,1025,83c9300b1a5bbd65a3753b7c7572cf982ad6bc562e6b582e8bd639b152b60f29,new
columns/001-ball-count/analysis/runs/bcap_pitch_sb_r__mlb_2024_2025__20260928__r01/artifacts/support_exclusions.csv,3091,499f75502c0d5d0015ca3c2c5f4745c6950f6e5c454d890a42db486626897ac7,new
columns/001-ball-count/analysis/runs/bcap_pitch_sb_r__mlb_2024_2025__20260928__r01/artifacts/year_differences.csv,16778,60840a1da2cbbf1a7f5d0561b5dbbf4d04fd6b40fa80248f47d05525279e9e06,new
columns/001-ball-count/analysis/runs/bcap_pitch_sb_r__mlb_2024_2025__20260928__r01/artifacts/year_values.csv,14305,1c6af6243a69a83ceda27f8a609ed194ea6020b33d6a886a9d5bcf9272b28930,new
columns/001-ball-count/analysis/runs/bcap_pitch_sb_r__mlb_2024_2025__20260928__r01/manifest.json,17075,b05f7cffeefcd9d3b405a14fe9c3a6dd2f7c6a3ee51e2d729805fce9d024822e,new
columns/001-ball-count/analysis/runs/bcap_pitch_sb_r_history__mlb_2015__20260928__r01/README.md,796,5a69b193812fc2c3724c73c283855fe40b321628016508fd682ad8f09d07e8fb,new
columns/001-ball-count/analysis/runs/bcap_pitch_sb_r_history__mlb_2015__20260928__r01/artifacts/action_values.csv,7301,6c8fb40b4c10324c38945d89b235a93d45d20780166297da41f21a4c5c96edb8,new
columns/001-ball-count/analysis/runs/bcap_pitch_sb_r_history__mlb_2015__20260928__r01/artifacts/calibration_games.csv,9740,27349c900c43a5c2133c32b9cdb346b43b93e4d5e38542efc4ced9114103d985,new
columns/001-ball-count/analysis/runs/bcap_pitch_sb_r_history__mlb_2015__20260928__r01/artifacts/checks.json,3002,38b1faa42c603d3ea29051b686cd9bd221ae38c28b1d610be49b74004fe207d7,new
columns/001-ball-count/analysis/runs/bcap_pitch_sb_r_history__mlb_2015__20260928__r01/artifacts/count_by_year.png,31044,2a1282c4051d6de376c0a78f90632929697d288574fb5d8e32d15f3c4dbe9dc1,new
columns/001-ball-count/analysis/runs/bcap_pitch_sb_r_history__mlb_2015__20260928__r01/artifacts/fit_diagnostics.csv,1100,60138ad0fcd7c720966aebe456ec84118b475e2cc296ba6d885cd85a82cd91ff,new
columns/001-ball-count/analysis/runs/bcap_pitch_sb_r_history__mlb_2015__20260928__r01/artifacts/frozen_engine.R,9868,21a6b2f7daf195adcbde629bfa22363679d1751f92bf9e4955419a86b950507e,new
columns/001-ball-count/analysis/runs/bcap_pitch_sb_r_history__mlb_2015__20260928__r01/artifacts/frozen_run.R,19813,1f5382512b1a4c0e327154fa6b4444f52ce983db5c0e203ec8c4869050c91944,new
columns/001-ball-count/analysis/runs/bcap_pitch_sb_r_history__mlb_2015__20260928__r01/artifacts/frozen_run_config.json,611,40a827bc2dd6c67af15e01cc815f9b98dea4334c91e4a62bf02243bfe999e884,new
columns/001-ball-count/analysis/runs/bcap_pitch_sb_r_history__mlb_2015__20260928__r01/artifacts/frozen_specification.yaml,6628,00e7178f597de003bd0ab3018ce06376fef105102ce3d71a0e806d562df2ae6b,new
columns/001-ball-count/analysis/runs/bcap_pitch_sb_r_history__mlb_2015__20260928__r01/artifacts/game_folds.csv,24304,5528d097b891c618aa72946d3ec50d17d57c0181cb491b8c2bc0ef5f9bee2c7e,new
columns/001-ball-count/analysis/runs/bcap_pitch_sb_r_history__mlb_2015__20260928__r01/artifacts/metrics.json,317,6ffe4a28946b6384bb8cbe3efb47bcaa3b7b6681471fda3663c0486e456e2b48,new
columns/001-ball-count/analysis/runs/bcap_pitch_sb_r_history__mlb_2015__20260928__r01/artifacts/progress.json,66,e42e703b7d1dbfb7b911caea259f05a9e2ef334f4187dfa1fb1c6952245c9df3,new
columns/001-ball-count/analysis/runs/bcap_pitch_sb_r_history__mlb_2015__20260928__r01/artifacts/sessionInfo.txt,1025,83c9300b1a5bbd65a3753b7c7572cf982ad6bc562e6b582e8bd639b152b60f29,new
columns/001-ball-count/analysis/runs/bcap_pitch_sb_r_history__mlb_2015__20260928__r01/artifacts/support_exclusions.csv,1564,f5d83b3902ea6f6a3d0ef94fadf06c400b8c2fdc5a59f6c96e99026d49a1dcba,new
columns/001-ball-count/analysis/runs/bcap_pitch_sb_r_history__mlb_2015__20260928__r01/artifacts/year_values.csv,7376,006d07594f515c98cd6838b7cd07c3fd377fa91e4fc654326c1a05a932d924c8,new
columns/001-ball-count/analysis/runs/bcap_pitch_sb_r_history__mlb_2015__20260928__r01/manifest.json,30436,92770ac450cc17d0a03042c961022e6fa648781ed8ddfb879702f7732c030611,new
columns/001-ball-count/analysis/runs/bcap_pitch_sb_r_history__mlb_2016__20260928__r01/README.md,796,daf5cf8d8ad5611cc6c832a3e6027bce2c62d17c519b4a9dbe92ffbf56d4f713,new
columns/001-ball-count/analysis/runs/bcap_pitch_sb_r_history__mlb_2016__20260928__r01/artifacts/action_values.csv,7303,b204baa458bd3891c454d82f6484d0d6cebc9a3bcc5906f129aebc4a6875a237,new
columns/001-ball-count/analysis/runs/bcap_pitch_sb_r_history__mlb_2016__20260928__r01/artifacts/calibration_games.csv,9740,f57a6fbb7c40bef9c9e3c350fc28880c21593b36ae15a010e8bdbd084790202b,new
columns/001-ball-count/analysis/runs/bcap_pitch_sb_r_history__mlb_2016__20260928__r01/artifacts/checks.json,3002,38b1faa42c603d3ea29051b686cd9bd221ae38c28b1d610be49b74004fe207d7,new
columns/001-ball-count/analysis/runs/bcap_pitch_sb_r_history__mlb_2016__20260928__r01/artifacts/count_by_year.png,30159,9e48d00e302f87b68be7e8683a28635b216993546f59651b0a3973029aa88173,new
columns/001-ball-count/analysis/runs/bcap_pitch_sb_r_history__mlb_2016__20260928__r01/artifacts/fit_diagnostics.csv,1109,a4320f883eb25a87ce1790f31f04c3841199424eb68668e9e4bd5de3860076ca,new
columns/001-ball-count/analysis/runs/bcap_pitch_sb_r_history__mlb_2016__20260928__r01/artifacts/frozen_engine.R,9868,21a6b2f7daf195adcbde629bfa22363679d1751f92bf9e4955419a86b950507e,new
columns/001-ball-count/analysis/runs/bcap_pitch_sb_r_history__mlb_2016__20260928__r01/artifacts/frozen_run.R,19813,1f5382512b1a4c0e327154fa6b4444f52ce983db5c0e203ec8c4869050c91944,new
columns/001-ball-count/analysis/runs/bcap_pitch_sb_r_history__mlb_2016__20260928__r01/artifacts/frozen_run_config.json,611,89234306aed060ae66284d769b7608b9462e0612fff3137163d82273c68d0d75,new
columns/001-ball-count/analysis/runs/bcap_pitch_sb_r_history__mlb_2016__20260928__r01/artifacts/frozen_specification.yaml,6628,00e7178f597de003bd0ab3018ce06376fef105102ce3d71a0e806d562df2ae6b,new
columns/001-ball-count/analysis/runs/bcap_pitch_sb_r_history__mlb_2016__20260928__r01/artifacts/game_folds.csv,24294,7c49fadbc292dbc520183ed344477cad92ceeecd905d7924c0c8cf151d5654a1,new
columns/001-ball-count/analysis/runs/bcap_pitch_sb_r_history__mlb_2016__20260928__r01/artifacts/metrics.json,316,8ad1651de32ffb3c90666f6da3e4d07622fb1ba65b24a73dc2784c0e0d1e0229,new
columns/001-ball-count/analysis/runs/bcap_pitch_sb_r_history__mlb_2016__20260928__r01/artifacts/progress.json,66,62ab5e1d6aaf0df279e4e8e40276c441ebaa2a9ae6bf372fc9a08d17691e4901,new
columns/001-ball-count/analysis/runs/bcap_pitch_sb_r_history__mlb_2016__20260928__r01/artifacts/sessionInfo.txt,1025,83c9300b1a5bbd65a3753b7c7572cf982ad6bc562e6b582e8bd639b152b60f29,new
columns/001-ball-count/analysis/runs/bcap_pitch_sb_r_history__mlb_2016__20260928__r01/artifacts/support_exclusions.csv,1563,e29a042fae327c1e01b6926cd2da02fc589f7d29feb0fb0713d305ba310d1557,new
columns/001-ball-count/analysis/runs/bcap_pitch_sb_r_history__mlb_2016__20260928__r01/artifacts/year_values.csv,7378,24228cd46aafa6d4fbc10d63d81ddc2140fbded45af6474abdd7bdb15b3f14a2,new
columns/001-ball-count/analysis/runs/bcap_pitch_sb_r_history__mlb_2016__20260928__r01/manifest.json,30444,f5a703a8010dc33f68c2bdb0bd5f2b607bb5eb9cabbd3d08335604625e7cef40,new
columns/001-ball-count/analysis/runs/bcap_pitch_sb_r_history__mlb_2017__20260928__r01/README.md,796,bfe2abb9d7df802c0549cc63e37ed2d91926f11e527ceede841bb0074e2513e7,new
columns/001-ball-count/analysis/runs/bcap_pitch_sb_r_history__mlb_2017__20260928__r01/artifacts/action_values.csv,7303,182ad869d5368077b01c6922d4b52b09628d0215db7111b378d4ef55783397e2,new
columns/001-ball-count/analysis/runs/bcap_pitch_sb_r_history__mlb_2017__20260928__r01/artifacts/calibration_games.csv,9740,49bc06827597403d296d6971999f1fad239a39517a2daffe7f560ab460459f88,new
columns/001-ball-count/analysis/runs/bcap_pitch_sb_r_history__mlb_2017__20260928__r01/artifacts/checks.json,3002,38b1faa42c603d3ea29051b686cd9bd221ae38c28b1d610be49b74004fe207d7,new
columns/001-ball-count/analysis/runs/bcap_pitch_sb_r_history__mlb_2017__20260928__r01/artifacts/count_by_year.png,33860,8c3c26b0adf6ba6c18131a65d63a8d064a7165d9afc695cfd2e35de0f3883a54,new
columns/001-ball-count/analysis/runs/bcap_pitch_sb_r_history__mlb_2017__20260928__r01/artifacts/fit_diagnostics.csv,1090,1ae943aed854d32ab4995a14bc71685507ca1e871df4b85985e1b085c29fff6e,new
columns/001-ball-count/analysis/runs/bcap_pitch_sb_r_history__mlb_2017__20260928__r01/artifacts/frozen_engine.R,9868,21a6b2f7daf195adcbde629bfa22363679d1751f92bf9e4955419a86b950507e,new
columns/001-ball-count/analysis/runs/bcap_pitch_sb_r_history__mlb_2017__20260928__r01/artifacts/frozen_run.R,19813,1f5382512b1a4c0e327154fa6b4444f52ce983db5c0e203ec8c4869050c91944,new
columns/001-ball-count/analysis/runs/bcap_pitch_sb_r_history__mlb_2017__20260928__r01/artifacts/frozen_run_config.json,611,2ecb55e3df100aaa82aa1981c077c311e1a1b11c227f894d1828f245e4a31cf8,new
columns/001-ball-count/analysis/runs/bcap_pitch_sb_r_history__mlb_2017__20260928__r01/artifacts/frozen_specification.yaml,6628,00e7178f597de003bd0ab3018ce06376fef105102ce3d71a0e806d562df2ae6b,new
columns/001-ball-count/analysis/runs/bcap_pitch_sb_r_history__mlb_2017__20260928__r01/artifacts/game_folds.csv,24284,5eb63d2febb1682a9e301c9d0fcaefbd540fb0d4aa24480bd460e20a5b474b8e,new
columns/001-ball-count/analysis/runs/bcap_pitch_sb_r_history__mlb_2017__20260928__r01/artifacts/metrics.json,317,1b7cfaa1fe2947bb0ef9b4d9c3a60a7b25c264bf73054c12f8361daf3db07b79,new
columns/001-ball-count/analysis/runs/bcap_pitch_sb_r_history__mlb_2017__20260928__r01/artifacts/progress.json,66,becdc473b91613a50165bbc53af6e5fee8e891555a1433a7195901b75a153602,new
columns/001-ball-count/analysis/runs/bcap_pitch_sb_r_history__mlb_2017__20260928__r01/artifacts/sessionInfo.txt,1025,83c9300b1a5bbd65a3753b7c7572cf982ad6bc562e6b582e8bd639b152b60f29,new
columns/001-ball-count/analysis/runs/bcap_pitch_sb_r_history__mlb_2017__20260928__r01/artifacts/support_exclusions.csv,1564,347271c37867ea8fb12095f31d1c14e8308c27ff3c360c03995b5d6c6d9caa79,new
columns/001-ball-count/analysis/runs/bcap_pitch_sb_r_history__mlb_2017__20260928__r01/artifacts/year_values.csv,7378,d13f77577f92218cfa63901d11dd3a2c58114041fbbfa0ebc5aa32e2a1797560,new
columns/001-ball-count/analysis/runs/bcap_pitch_sb_r_history__mlb_2017__20260928__r01/manifest.json,30425,69e95b66829339fd5590c063f92fd8e7e36fe25122ff0907bfc5ca54eed386e8,new
columns/001-ball-count/analysis/runs/bcap_pitch_sb_r_history__mlb_2018__20260928__r01/README.md,796,806338902d9d01fe86d53eacb83f97538b7c7e4ac704ad0337a8c663846eaca5,new
columns/001-ball-count/analysis/runs/bcap_pitch_sb_r_history__mlb_2018__20260928__r01/artifacts/action_values.csv,7302,57d5f6b1c49c25650c34dd09d519274b26bc85fa310572d471f3ec65f4b80f3e,new
columns/001-ball-count/analysis/runs/bcap_pitch_sb_r_history__mlb_2018__20260928__r01/artifacts/calibration_games.csv,9740,ad47ad9a9ee11d082ba510559e66c4736ae5cef608d9df987020627cdb780cec,new
columns/001-ball-count/analysis/runs/bcap_pitch_sb_r_history__mlb_2018__20260928__r01/artifacts/checks.json,3002,38b1faa42c603d3ea29051b686cd9bd221ae38c28b1d610be49b74004fe207d7,new
columns/001-ball-count/analysis/runs/bcap_pitch_sb_r_history__mlb_2018__20260928__r01/artifacts/count_by_year.png,30140,15f6c9a9b7e95dcc2a43a8d1b0113b053f873bdef1e060f62d86c052099cf4fb,new
columns/001-ball-count/analysis/runs/bcap_pitch_sb_r_history__mlb_2018__20260928__r01/artifacts/fit_diagnostics.csv,1114,1465b842041de6ba444cf484eeb103efc3904915a0915ffa1c872eb2134fe9f6,new
columns/001-ball-count/analysis/runs/bcap_pitch_sb_r_history__mlb_2018__20260928__r01/artifacts/frozen_engine.R,9868,21a6b2f7daf195adcbde629bfa22363679d1751f92bf9e4955419a86b950507e,new
columns/001-ball-count/analysis/runs/bcap_pitch_sb_r_history__mlb_2018__20260928__r01/artifacts/frozen_run.R,19813,1f5382512b1a4c0e327154fa6b4444f52ce983db5c0e203ec8c4869050c91944,new
columns/001-ball-count/analysis/runs/bcap_pitch_sb_r_history__mlb_2018__20260928__r01/artifacts/frozen_run_config.json,611,fb667854d3cf106e8c9992495c34a3914925d78db93dc54dbdda48f95be2425c,new
columns/001-ball-count/analysis/runs/bcap_pitch_sb_r_history__mlb_2018__20260928__r01/artifacts/frozen_specification.yaml,6628,00e7178f597de003bd0ab3018ce06376fef105102ce3d71a0e806d562df2ae6b,new
columns/001-ball-count/analysis/runs/bcap_pitch_sb_r_history__mlb_2018__20260928__r01/artifacts/game_folds.csv,24274,e66e668d950591f440d474eaac0b02fe80143d9aadef92b454817e51b9c985a9,new
columns/001-ball-count/analysis/runs/bcap_pitch_sb_r_history__mlb_2018__20260928__r01/artifacts/metrics.json,317,c194c5c08bbb65f2f904fef3485fb7544fc1af70cf77166c7004a09269bf3343,new
columns/001-ball-count/analysis/runs/bcap_pitch_sb_r_history__mlb_2018__20260928__r01/artifacts/progress.json,66,18914f9b4587092d875220ad547ad1d52a30eac4e97e9162b4c4c619ba76b15f,new
columns/001-ball-count/analysis/runs/bcap_pitch_sb_r_history__mlb_2018__20260928__r01/artifacts/sessionInfo.txt,1025,83c9300b1a5bbd65a3753b7c7572cf982ad6bc562e6b582e8bd639b152b60f29,new
columns/001-ball-count/analysis/runs/bcap_pitch_sb_r_history__mlb_2018__20260928__r01/artifacts/support_exclusions.csv,1564,19ce9cb05c4470b35a2a89e93d549ef4262da4d2b432406b24c156667daa1586,new
columns/001-ball-count/analysis/runs/bcap_pitch_sb_r_history__mlb_2018__20260928__r01/artifacts/year_values.csv,7377,cb3a113d2724d6b284ca82917419e9c4ec6a4b9b9aadcd0f006fe36117c9763a,new
columns/001-ball-count/analysis/runs/bcap_pitch_sb_r_history__mlb_2018__20260928__r01/manifest.json,30627,8f35b7542c048edb007385c2f678b7dae94dc49ec4a12619f0f0b1a399ae3fb8,new
columns/001-ball-count/analysis/runs/bcap_pitch_sb_r_history__mlb_2019__20260928__r01/README.md,796,0a008e0809c5009fead074f4adcc0812f4cd14657061f402fe61243ad523c03e,new
columns/001-ball-count/analysis/runs/bcap_pitch_sb_r_history__mlb_2019__20260928__r01/artifacts/action_values.csv,7306,f7738d081059aacc2826d5702f7d2d065cba9fdb361be33a25d1a12b75daab95,new
columns/001-ball-count/analysis/runs/bcap_pitch_sb_r_history__mlb_2019__20260928__r01/artifacts/calibration_games.csv,9700,a63698f2a18acac6bb9398e5ba10adf4bf9dc2c3bd5c6689e36c067940eda0ea,new
columns/001-ball-count/analysis/runs/bcap_pitch_sb_r_history__mlb_2019__20260928__r01/artifacts/checks.json,3002,38b1faa42c603d3ea29051b686cd9bd221ae38c28b1d610be49b74004fe207d7,new
columns/001-ball-count/analysis/runs/bcap_pitch_sb_r_history__mlb_2019__20260928__r01/artifacts/count_by_year.png,32319,e55d1fdde7b1e28d22ba72628c1bbe97774b73e35f62829e74083889ea11087f,new
columns/001-ball-count/analysis/runs/bcap_pitch_sb_r_history__mlb_2019__20260928__r01/artifacts/fit_diagnostics.csv,1108,830876d7a463aa5fdd45e04c488ebc0402072c455a1c486b11ff92fa7010c5ac,new
columns/001-ball-count/analysis/runs/bcap_pitch_sb_r_history__mlb_2019__20260928__r01/artifacts/frozen_engine.R,9868,21a6b2f7daf195adcbde629bfa22363679d1751f92bf9e4955419a86b950507e,new
columns/001-ball-count/analysis/runs/bcap_pitch_sb_r_history__mlb_2019__20260928__r01/artifacts/frozen_run.R,19813,1f5382512b1a4c0e327154fa6b4444f52ce983db5c0e203ec8c4869050c91944,new
columns/001-ball-count/analysis/runs/bcap_pitch_sb_r_history__mlb_2019__20260928__r01/artifacts/frozen_run_config.json,611,4c9979c84cd3b177bfb09baef9ae73a033e685df71d99bf28e757e6184f806f4,new
columns/001-ball-count/analysis/runs/bcap_pitch_sb_r_history__mlb_2019__20260928__r01/artifacts/frozen_specification.yaml,6628,00e7178f597de003bd0ab3018ce06376fef105102ce3d71a0e806d562df2ae6b,new
columns/001-ball-count/analysis/runs/bcap_pitch_sb_r_history__mlb_2019__20260928__r01/artifacts/game_folds.csv,24174,321359cd9e3209e1344812fd53fa66ed2880384b55fbdf062a2b6d99a54eaf3d,new
columns/001-ball-count/analysis/runs/bcap_pitch_sb_r_history__mlb_2019__20260928__r01/artifacts/metrics.json,317,5695d7c6748eb5542e595982c6df778d8922193b03a1aa13a8d4706838267526,new
columns/001-ball-count/analysis/runs/bcap_pitch_sb_r_history__mlb_2019__20260928__r01/artifacts/progress.json,66,03e8cebc107a93782bdfa49a5a47d562b47979bbf36648cc764bfdbe1eaa7069,new
columns/001-ball-count/analysis/runs/bcap_pitch_sb_r_history__mlb_2019__20260928__r01/artifacts/sessionInfo.txt,1025,83c9300b1a5bbd65a3753b7c7572cf982ad6bc562e6b582e8bd639b152b60f29,new
columns/001-ball-count/analysis/runs/bcap_pitch_sb_r_history__mlb_2019__20260928__r01/artifacts/support_exclusions.csv,1565,2d4adfab4d2ff3dde77f8273c9c22f215184a304a558d56efc71ae1521055414,new
columns/001-ball-count/analysis/runs/bcap_pitch_sb_r_history__mlb_2019__20260928__r01/artifacts/year_values.csv,7381,53d7b8bdf57050b5f75c84440b8ff80e48807c724a182b89271b3f1cbb28e715,new
columns/001-ball-count/analysis/runs/bcap_pitch_sb_r_history__mlb_2019__20260928__r01/manifest.json,30884,3cb38bd54e697ef3f3fb767e5d95b6d2fe2b9bd6fc98b4a41366870288f0482d,new
columns/001-ball-count/analysis/runs/bcap_pitch_sb_r_history__mlb_2020__20260928__r01/README.md,796,595c79322fc070e08a8e429d11cccf27796557853dbf6e3230dc1346cadb0702,new
columns/001-ball-count/analysis/runs/bcap_pitch_sb_r_history__mlb_2020__20260928__r01/artifacts/action_values.csv,7215,98582b73a509291ebd195dcdcfed38c693d1b2ece99bb866f3dc25a4b22b733c,new
columns/001-ball-count/analysis/runs/bcap_pitch_sb_r_history__mlb_2020__20260928__r01/artifacts/calibration_games.csv,3620,a011815e33c572ac7631d26e174a083e4fabe6284b9ce68ed1d6012c25f701a8,new
columns/001-ball-count/analysis/runs/bcap_pitch_sb_r_history__mlb_2020__20260928__r01/artifacts/checks.json,3002,38b1faa42c603d3ea29051b686cd9bd221ae38c28b1d610be49b74004fe207d7,new
columns/001-ball-count/analysis/runs/bcap_pitch_sb_r_history__mlb_2020__20260928__r01/artifacts/count_by_year.png,29526,5f0f8d81a4d8e5c0768689b28baaac6d6effd9e6bcfec264d66b1a96ef7fdb53,new
columns/001-ball-count/analysis/runs/bcap_pitch_sb_r_history__mlb_2020__20260928__r01/artifacts/fit_diagnostics.csv,1082,ed3b5540726497946596f1a4242237dbff6ab7201612cd29aab82a3dcd128efd,new
columns/001-ball-count/analysis/runs/bcap_pitch_sb_r_history__mlb_2020__20260928__r01/artifacts/frozen_engine.R,9868,21a6b2f7daf195adcbde629bfa22363679d1751f92bf9e4955419a86b950507e,new
columns/001-ball-count/analysis/runs/bcap_pitch_sb_r_history__mlb_2020__20260928__r01/artifacts/frozen_run.R,19813,1f5382512b1a4c0e327154fa6b4444f52ce983db5c0e203ec8c4869050c91944,new
columns/001-ball-count/analysis/runs/bcap_pitch_sb_r_history__mlb_2020__20260928__r01/artifacts/frozen_run_config.json,611,b78aedd2a891cabb334cf6ae6a2325f53c64e2f28d00b636e17e2ab5e7f4c6e3,new
columns/001-ball-count/analysis/runs/bcap_pitch_sb_r_history__mlb_2020__20260928__r01/artifacts/frozen_specification.yaml,6628,00e7178f597de003bd0ab3018ce06376fef105102ce3d71a0e806d562df2ae6b,new
columns/001-ball-count/analysis/runs/bcap_pitch_sb_r_history__mlb_2020__20260928__r01/artifacts/game_folds.csv,8994,a110631823b460062b0b157bdc1db10923cc4ac5f7f6013673ca8a0d4cfd3335,new
columns/001-ball-count/analysis/runs/bcap_pitch_sb_r_history__mlb_2020__20260928__r01/artifacts/metrics.json,315,f85825a7a2df0a51d76d1a98335db7cd593da800acebdb808edbd245b6454e06,new
columns/001-ball-count/analysis/runs/bcap_pitch_sb_r_history__mlb_2020__20260928__r01/artifacts/progress.json,66,7146acaf5583d7c599df7b9df838c1b990ca4857660ba06499e81aabba98deee,new
columns/001-ball-count/analysis/runs/bcap_pitch_sb_r_history__mlb_2020__20260928__r01/artifacts/sessionInfo.txt,1025,83c9300b1a5bbd65a3753b7c7572cf982ad6bc562e6b582e8bd639b152b60f29,new
columns/001-ball-count/analysis/runs/bcap_pitch_sb_r_history__mlb_2020__20260928__r01/artifacts/support_exclusions.csv,1559,d721bff34e2c0721b73b47040ec60b5c5abdf3913bf5a7907292edf96dbafb18,new
columns/001-ball-count/analysis/runs/bcap_pitch_sb_r_history__mlb_2020__20260928__r01/artifacts/year_values.csv,7290,12bae2bdb78cd6df2cdc3cef3695534e98175f725a8f9f6a30b4a936855f49f1,new
columns/001-ball-count/analysis/runs/bcap_pitch_sb_r_history__mlb_2020__20260928__r01/manifest.json,24352,753aed5153aefa6ed85f246f1fb9dda9e1106519f5edc49e70297fb0d2aa8b77,new
columns/001-ball-count/analysis/runs/bcap_pitch_sb_r_history__mlb_2021__20260928__r01/README.md,796,4f9ff3f55e94147aba5cc81cb091bdca349d3731e33cdfd5339d69e0ff04bb8f,new
columns/001-ball-count/analysis/runs/bcap_pitch_sb_r_history__mlb_2021__20260928__r01/artifacts/action_values.csv,7298,9756e211402721e3e9bf29d12c33f7756ba7fa3447c16727f855be609bf74872,new
columns/001-ball-count/analysis/runs/bcap_pitch_sb_r_history__mlb_2021__20260928__r01/artifacts/calibration_games.csv,9740,510d41b2505f2e4f66b059c8ecc5edfd050c3674a1d19ddb6e25f21938ec2776,new
columns/001-ball-count/analysis/runs/bcap_pitch_sb_r_history__mlb_2021__20260928__r01/artifacts/checks.json,3002,38b1faa42c603d3ea29051b686cd9bd221ae38c28b1d610be49b74004fe207d7,new
columns/001-ball-count/analysis/runs/bcap_pitch_sb_r_history__mlb_2021__20260928__r01/artifacts/count_by_year.png,35930,9df0694a8dc5d6aad7391e36d4eea92705e483331a9bf96eb5220d34e5e6ef07,new
columns/001-ball-count/analysis/runs/bcap_pitch_sb_r_history__mlb_2021__20260928__r01/artifacts/fit_diagnostics.csv,1111,5e68c3c239d2954c13430ee963b0337c6a4fae5596dab3b564512052e7efee8f,new
columns/001-ball-count/analysis/runs/bcap_pitch_sb_r_history__mlb_2021__20260928__r01/artifacts/frozen_engine.R,9868,21a6b2f7daf195adcbde629bfa22363679d1751f92bf9e4955419a86b950507e,new
columns/001-ball-count/analysis/runs/bcap_pitch_sb_r_history__mlb_2021__20260928__r01/artifacts/frozen_run.R,19813,1f5382512b1a4c0e327154fa6b4444f52ce983db5c0e203ec8c4869050c91944,new
columns/001-ball-count/analysis/runs/bcap_pitch_sb_r_history__mlb_2021__20260928__r01/artifacts/frozen_run_config.json,611,4eff088d01d31bb0a25ad676d0c392ad6a36ed8bd9d228dba4a94b9b9fdd62a0,new
columns/001-ball-count/analysis/runs/bcap_pitch_sb_r_history__mlb_2021__20260928__r01/artifacts/frozen_specification.yaml,6628,00e7178f597de003bd0ab3018ce06376fef105102ce3d71a0e806d562df2ae6b,new
columns/001-ball-count/analysis/runs/bcap_pitch_sb_r_history__mlb_2021__20260928__r01/artifacts/game_folds.csv,24284,e406b48095cc395e1a6d95491265a5cb58149190b8802163857a85dcf441c8f9,new
columns/001-ball-count/analysis/runs/bcap_pitch_sb_r_history__mlb_2021__20260928__r01/artifacts/metrics.json,316,17988f73bcc36c0c5940476afd45bf3f3e9c2a1dc9ed4a1b1f161b2c23c228ce,new
columns/001-ball-count/analysis/runs/bcap_pitch_sb_r_history__mlb_2021__20260928__r01/artifacts/progress.json,66,8a653556e654ec1d1cc4e45402fb7a4d13dac4e86eb566a16158105632893774,new
columns/001-ball-count/analysis/runs/bcap_pitch_sb_r_history__mlb_2021__20260928__r01/artifacts/sessionInfo.txt,1025,83c9300b1a5bbd65a3753b7c7572cf982ad6bc562e6b582e8bd639b152b60f29,new
columns/001-ball-count/analysis/runs/bcap_pitch_sb_r_history__mlb_2021__20260928__r01/artifacts/support_exclusions.csv,1567,7158c28bbf7736e4f7a1b3402ba1625ab2e4856dc97c47ada32f319bfdc9b8a5,new
columns/001-ball-count/analysis/runs/bcap_pitch_sb_r_history__mlb_2021__20260928__r01/artifacts/year_values.csv,7373,5435e35be63f30e90210261b7b56d8ccee9b51a59c704a6bfe828e2573285207,new
columns/001-ball-count/analysis/runs/bcap_pitch_sb_r_history__mlb_2021__20260928__r01/manifest.json,30646,fe0d7ebc8159abd5fceec0088d20ef5a64ec75819ec0c1feac2a7fdfaae68870,new
columns/001-ball-count/analysis/runs/bcap_pitch_sb_r_history__mlb_2022__20260928__r01/README.md,796,454148321bada4218805d43a41a535b395c71d92263dd645114975cee52bd755,new
columns/001-ball-count/analysis/runs/bcap_pitch_sb_r_history__mlb_2022__20260928__r01/artifacts/action_values.csv,7302,012cd55245587a8d2e5a29ca7148e58a4b76671b80270630f6b59d9b19875e31,new
columns/001-ball-count/analysis/runs/bcap_pitch_sb_r_history__mlb_2022__20260928__r01/artifacts/calibration_games.csv,9740,88775885fb8580ff9918f5ca84af378c69f93febd155b9212fb2a84d15ecd407,new
columns/001-ball-count/analysis/runs/bcap_pitch_sb_r_history__mlb_2022__20260928__r01/artifacts/checks.json,3002,38b1faa42c603d3ea29051b686cd9bd221ae38c28b1d610be49b74004fe207d7,new
columns/001-ball-count/analysis/runs/bcap_pitch_sb_r_history__mlb_2022__20260928__r01/artifacts/count_by_year.png,31936,a93b2629812c883f65b93f53863ab2b3a89814d906125863307c4c7ef05e14b8,new
columns/001-ball-count/analysis/runs/bcap_pitch_sb_r_history__mlb_2022__20260928__r01/artifacts/fit_diagnostics.csv,1072,97454254bf836db28bb6e50a6db77f0803d8c01e952e608ab85b75d97ca3451b,new
columns/001-ball-count/analysis/runs/bcap_pitch_sb_r_history__mlb_2022__20260928__r01/artifacts/frozen_engine.R,9868,21a6b2f7daf195adcbde629bfa22363679d1751f92bf9e4955419a86b950507e,new
columns/001-ball-count/analysis/runs/bcap_pitch_sb_r_history__mlb_2022__20260928__r01/artifacts/frozen_run.R,19813,1f5382512b1a4c0e327154fa6b4444f52ce983db5c0e203ec8c4869050c91944,new
columns/001-ball-count/analysis/runs/bcap_pitch_sb_r_history__mlb_2022__20260928__r01/artifacts/frozen_run_config.json,611,4d90b19f35ac05a4d58d736d2ad9c93a014023b95f5c87a19ca7d2d1f19d8e3f,new
columns/001-ball-count/analysis/runs/bcap_pitch_sb_r_history__mlb_2022__20260928__r01/artifacts/frozen_specification.yaml,6628,00e7178f597de003bd0ab3018ce06376fef105102ce3d71a0e806d562df2ae6b,new
columns/001-ball-count/analysis/runs/bcap_pitch_sb_r_history__mlb_2022__20260928__r01/artifacts/game_folds.csv,24304,5f1f6b65489817e5665aa0c9a089f81fa0efe4a8dfa875b4058e17b7bdefdf6e,new
columns/001-ball-count/analysis/runs/bcap_pitch_sb_r_history__mlb_2022__20260928__r01/artifacts/metrics.json,317,b99f98d1b6acb9a97e7987685c7f619aeb4578129279ada9c9d24dc844a2f539,new
columns/001-ball-count/analysis/runs/bcap_pitch_sb_r_history__mlb_2022__20260928__r01/artifacts/progress.json,66,4e0184c140172e50c63660517725c8bbaf6126a112683e7c773f9852a04ad8c5,new
columns/001-ball-count/analysis/runs/bcap_pitch_sb_r_history__mlb_2022__20260928__r01/artifacts/sessionInfo.txt,1025,83c9300b1a5bbd65a3753b7c7572cf982ad6bc562e6b582e8bd639b152b60f29,new
columns/001-ball-count/analysis/runs/bcap_pitch_sb_r_history__mlb_2022__20260928__r01/artifacts/support_exclusions.csv,1567,3cd4eb4aaa2624a47a85d0de88399b5f50486b42f881505924d0f5702573df42,new
columns/001-ball-count/analysis/runs/bcap_pitch_sb_r_history__mlb_2022__20260928__r01/artifacts/year_values.csv,7377,9882d7b28854d02b1ef4c38da6d0361f7e1f3779fc508d646b57ac083f38e9c4,new
columns/001-ball-count/analysis/runs/bcap_pitch_sb_r_history__mlb_2022__20260928__r01/manifest.json,29865,bde5e6a67dd33e58161fa8a9eeccf647a129c6e6a53dbd057318a0d9d64ca843,new
columns/001-ball-count/analysis/runs/bcap_pitch_sb_r_history__mlb_2023__20260928__r01/README.md,796,106fec1b0d53221e7a2f67e0d4fd097d89779a9499a682d60a7f4516f7478822,new
columns/001-ball-count/analysis/runs/bcap_pitch_sb_r_history__mlb_2023__20260928__r01/artifacts/action_values.csv,7295,5140a3003e4fab9ce028ff69644afe814c75bb17e4755c971187f30801b5ff6a,new
columns/001-ball-count/analysis/runs/bcap_pitch_sb_r_history__mlb_2023__20260928__r01/artifacts/calibration_games.csv,9740,48bd412bfe2193c805798252d2d5be9a255d917b81f85a40ccdb6ddcd7938a09,new
columns/001-ball-count/analysis/runs/bcap_pitch_sb_r_history__mlb_2023__20260928__r01/artifacts/checks.json,2979,39ebe106312aecf95da27706fa94a1feb5ebd9bfdf2717e4e46a3d481682c2c8,new
columns/001-ball-count/analysis/runs/bcap_pitch_sb_r_history__mlb_2023__20260928__r01/artifacts/count_by_year.png,34413,60ba9c7aa4522cf6c17a1c7690d6b238e693351cceff7d2c82451d6e4f2e2add,new
columns/001-ball-count/analysis/runs/bcap_pitch_sb_r_history__mlb_2023__20260928__r01/artifacts/fit_diagnostics.csv,1093,977845593a5305cc6204a51a19f2a02ee0bbe94cccd30e9c911a4520290de336,new
columns/001-ball-count/analysis/runs/bcap_pitch_sb_r_history__mlb_2023__20260928__r01/artifacts/frozen_engine.R,9868,21a6b2f7daf195adcbde629bfa22363679d1751f92bf9e4955419a86b950507e,new
columns/001-ball-count/analysis/runs/bcap_pitch_sb_r_history__mlb_2023__20260928__r01/artifacts/frozen_run.R,19631,3757fec5580c6d5c8b4de1696bc1583e306d45d12e24e22ff8f97f0b2e873760,new
columns/001-ball-count/analysis/runs/bcap_pitch_sb_r_history__mlb_2023__20260928__r01/artifacts/frozen_run_config.json,611,ef6408fef4273f035f36521573fab47c8b83e268f66809e46adbcf07d6811be3,new
columns/001-ball-count/analysis/runs/bcap_pitch_sb_r_history__mlb_2023__20260928__r01/artifacts/frozen_specification.yaml,6628,00e7178f597de003bd0ab3018ce06376fef105102ce3d71a0e806d562df2ae6b,new
columns/001-ball-count/analysis/runs/bcap_pitch_sb_r_history__mlb_2023__20260928__r01/artifacts/game_folds.csv,24314,98afcc6b74c8fc48a77aa56bc6b340def7e01aaf8b116ca7038534b5291a6dd4,new
columns/001-ball-count/analysis/runs/bcap_pitch_sb_r_history__mlb_2023__20260928__r01/artifacts/metrics.json,317,627ef9b8c5a96bd08283eacdae1727884e58a0f621c0132a4568c99ab7d2e719,new
columns/001-ball-count/analysis/runs/bcap_pitch_sb_r_history__mlb_2023__20260928__r01/artifacts/progress.json,66,e367205dd8a0545e559462b06ff9e77640a91c44403e37d91bae00395bb6dbbf,new
columns/001-ball-count/analysis/runs/bcap_pitch_sb_r_history__mlb_2023__20260928__r01/artifacts/sessionInfo.txt,1025,83c9300b1a5bbd65a3753b7c7572cf982ad6bc562e6b582e8bd639b152b60f29,new
columns/001-ball-count/analysis/runs/bcap_pitch_sb_r_history__mlb_2023__20260928__r01/artifacts/support_exclusions.csv,1566,0426a2d4f3ed3899107fe029467a74b9196df98d8deab2df69d3b056224b7a54,new
columns/001-ball-count/analysis/runs/bcap_pitch_sb_r_history__mlb_2023__20260928__r01/artifacts/year_values.csv,7370,3019079df86857e9e0c7532934a2a068e3920dfd4401ab09b1c4462417599d62,new
columns/001-ball-count/analysis/runs/bcap_pitch_sb_r_history__mlb_2023__20260928__r01/manifest.json,29701,1993d8bfee9b928091766c4ba337956075dc03a1cf52b4ba872a0163c6e78aca,new
columns/001-ball-count/analysis/runs/bcap_r_input__mlb_2024_2025__20260928__r01/pitch_calibration_games.csv,19460,53b896e6759e659dd66baffdf349ed4b4069ca5912bb5ac720aa580c435b277d,new
columns/001-ball-count/analysis/runs/bcap_r_input__mlb_2024_2025__20260928__r01/pitch_ff_calibration_games.csv,19460,53b896e6759e659dd66baffdf349ed4b4069ca5912bb5ac720aa580c435b277d,new
columns/001-ball-count/analysis/runs/bcap_r_input__mlb_2024_2025__20260928__r01/pitch_ff_folds.csv,48604,bc63dd984380e72088fccf5cf5ccd14d95c797ebc9dbd8c98bca7d901d03713b,new
columns/001-ball-count/analysis/runs/bcap_r_input__mlb_2024_2025__20260928__r01/pitch_folds.csv,48604,bc63dd984380e72088fccf5cf5ccd14d95c797ebc9dbd8c98bca7d901d03713b,new
columns/001-ball-count/analysis/runs/bcap_r_input__mlb_2024_2025__20260928__r01/pitch_sb_calibration_games.csv,19460,53b896e6759e659dd66baffdf349ed4b4069ca5912bb5ac720aa580c435b277d,new
columns/001-ball-count/analysis/runs/bcap_r_input__mlb_2024_2025__20260928__r01/pitch_sb_folds.csv,48604,bc63dd984380e72088fccf5cf5ccd14d95c797ebc9dbd8c98bca7d901d03713b,new
columns/001-ball-count/analysis/runs/bcap_r_input__mlb_2024_2025__20260928__r01/provenance.json,4873,4a274c67c9063ac3f9f5770eaa6117971a5b316a331d65a05d8efb2426d82c3a,new
columns/001-ball-count/analysis/runs/bcap_r_input__mlb_2024_2025__20260928__r01/swing_calibration_games.csv,19460,53b896e6759e659dd66baffdf349ed4b4069ca5912bb5ac720aa580c435b277d,new
columns/001-ball-count/analysis/runs/bcap_r_input__mlb_2024_2025__20260928__r01/swing_folds.csv,48604,bc63dd984380e72088fccf5cf5ccd14d95c797ebc9dbd8c98bca7d901d03713b,new
columns/001-ball-count/analysis/runs/bcap_r_postflight__mlb_2024_2025__20260928__r01/README.md,554,08319530497bdb9856aeb68357465ab838c1d8938b8c165b21d4041679ec6ab5,new
columns/001-ball-count/analysis/runs/bcap_r_postflight__mlb_2024_2025__20260928__r01/pitch_original_aggregate_comparison.csv,252,794746d6fc7d3d2712bbfcffefe2c50ecd14a3deb55cb8a9526134b64b3f710d,new
columns/001-ball-count/analysis/runs/bcap_r_postflight__mlb_2024_2025__20260928__r01/pitch_sb_original_aggregate_comparison.csv,253,33ab6ae816152230e0baf14b04bd5db1cb7a4630a3a10ca95b9b1a7683119e1b,new
columns/001-ball-count/analysis/runs/bcap_r_postflight__mlb_2024_2025__20260928__r01/postflight.json,13388,4dd2152623026d011c272a39f325fe74d8a624598aceb0e22ef28ce220d90415,new
columns/001-ball-count/analysis/runs/bcap_r_postflight__mlb_2024_2025__20260928__r02/README.md,554,08319530497bdb9856aeb68357465ab838c1d8938b8c165b21d4041679ec6ab5,new
columns/001-ball-count/analysis/runs/bcap_r_postflight__mlb_2024_2025__20260928__r02/pitch_original_aggregate_comparison.csv,252,794746d6fc7d3d2712bbfcffefe2c50ecd14a3deb55cb8a9526134b64b3f710d,new
columns/001-ball-count/analysis/runs/bcap_r_postflight__mlb_2024_2025__20260928__r02/pitch_sb_original_aggregate_comparison.csv,253,33ab6ae816152230e0baf14b04bd5db1cb7a4630a3a10ca95b9b1a7683119e1b,new
columns/001-ball-count/analysis/runs/bcap_r_postflight__mlb_2024_2025__20260928__r02/postflight.json,25379,c97dfc9febcdd5b5f9c416e88d9061ff39efd1273bc58233a08a024b0f9b73fb,new
columns/001-ball-count/analysis/runs/bcap_r_postflight__mlb_2024_2025__20260928__r02/swing_original_aggregate_comparison.csv,251,6305f48f46baf5547b01eb3d8e58dd3215133266f84ebf8bcbd9aa26df4e6513,new
columns/001-ball-count/analysis/runs/bcap_r_postflight__mlb_2024_2025__20260928__r02/visual_review.json,1689,4b79c7ea01f894877870a24d48fa16452bf6de7772b6837dfedadb1e2c96d6aa,new
columns/001-ball-count/analysis/runs/bcap_swing_r__mlb_2024_2025__20260928__r01/README.md,790,02abff0b71a8521754abc0d146d3dd6975cf85f8e2caf51929220fb67cb104fc,new
columns/001-ball-count/analysis/runs/bcap_swing_r__mlb_2024_2025__20260928__r01/artifacts/action_values.csv,109326,6af0da92666470e776bdd5d1de6886b9d00948be1b0f93cff2def75ffa892af7,new
columns/001-ball-count/analysis/runs/bcap_swing_r__mlb_2024_2025__20260928__r01/artifacts/calibration_games.csv,19460,53b896e6759e659dd66baffdf349ed4b4069ca5912bb5ac720aa580c435b277d,new
columns/001-ball-count/analysis/runs/bcap_swing_r__mlb_2024_2025__20260928__r01/artifacts/checks.json,4552,d8f8b003898ac0957a61f737c1f2acdd3377674684881bcfc90e4b61d1e78826,new
columns/001-ball-count/analysis/runs/bcap_swing_r__mlb_2024_2025__20260928__r01/artifacts/count_by_year.png,33699,626ad007fda54dae33f762707a8b86635ff26462b57608d34484f2474de1f819,new
columns/001-ball-count/analysis/runs/bcap_swing_r__mlb_2024_2025__20260928__r01/artifacts/fit_diagnostics.csv,1129,ec4e5231dcf54b163b942fc98b73f50fc3b31aace868aa3b40498a3fee0a596b,new
columns/001-ball-count/analysis/runs/bcap_swing_r__mlb_2024_2025__20260928__r01/artifacts/frozen_engine.R,9868,21a6b2f7daf195adcbde629bfa22363679d1751f92bf9e4955419a86b950507e,new
columns/001-ball-count/analysis/runs/bcap_swing_r__mlb_2024_2025__20260928__r01/artifacts/frozen_run.R,19631,3757fec5580c6d5c8b4de1696bc1583e306d45d12e24e22ff8f97f0b2e873760,new
columns/001-ball-count/analysis/runs/bcap_swing_r__mlb_2024_2025__20260928__r01/artifacts/frozen_run_config.json,322,1e62480a084265522ab7878b2ba17a666ce4a182abedde52a35fd1a8a0d77f42,new
columns/001-ball-count/analysis/runs/bcap_swing_r__mlb_2024_2025__20260928__r01/artifacts/frozen_specification.yaml,6819,1134dcf48b2064cf195dea07dbac3f5d75991fadc691c72de48b581037060b58,new
columns/001-ball-count/analysis/runs/bcap_swing_r__mlb_2024_2025__20260928__r01/artifacts/game_folds.csv,48604,bc63dd984380e72088fccf5cf5ccd14d95c797ebc9dbd8c98bca7d901d03713b,new
columns/001-ball-count/analysis/runs/bcap_swing_r__mlb_2024_2025__20260928__r01/artifacts/metrics.json,328,bc26208a2b85f5d50efbf5e4824e5c9e9f71d16819d2a9d141bc296c7294fbac,new
columns/001-ball-count/analysis/runs/bcap_swing_r__mlb_2024_2025__20260928__r01/artifacts/original_python_aggregate_comparison.csv,252,d678b956acc178c98eff713e2ed02636c6f1580cdde3b23f5be85814f8414db2,new
columns/001-ball-count/analysis/runs/bcap_swing_r__mlb_2024_2025__20260928__r01/artifacts/progress.json,66,bbe832490cc085ac693fe14c92e6796e99d0ac5b9f73c21cdff9f6fbfe3dcf6a,new
columns/001-ball-count/analysis/runs/bcap_swing_r__mlb_2024_2025__20260928__r01/artifacts/python_score_comparison.csv,279,9b312697631b4314452a53b9d0f5cc7c5e44aa538ca6e3a2512544b2adddda2f,new
columns/001-ball-count/analysis/runs/bcap_swing_r__mlb_2024_2025__20260928__r01/artifacts/python_summary_comparison.csv,37558,cd2ff0ba7d1d128a0a1eb9995512cb933026c4d5f7dc29db1b6625aeb4b0409b,new
columns/001-ball-count/analysis/runs/bcap_swing_r__mlb_2024_2025__20260928__r01/artifacts/sessionInfo.txt,1025,83c9300b1a5bbd65a3753b7c7572cf982ad6bc562e6b582e8bd639b152b60f29,new
columns/001-ball-count/analysis/runs/bcap_swing_r__mlb_2024_2025__20260928__r01/artifacts/support_exclusions.csv,5792,38305caf33abc5fa9a416757a43ba600c52f628b96911b8689eefec1258176fd,new
columns/001-ball-count/analysis/runs/bcap_swing_r__mlb_2024_2025__20260928__r01/artifacts/swing_regions_by_year.png,126416,b6fd0b06ebc08c0cdfd70f7eb9dedfd2ace7a99f211ab65e22c99bc5c2879868,new
columns/001-ball-count/analysis/runs/bcap_swing_r__mlb_2024_2025__20260928__r01/artifacts/year_differences.csv,240207,483e2e3b74562a7b7aa6fef6a1dc1aa8611b17f417de8a1f2000aefd296c3783,new
columns/001-ball-count/analysis/runs/bcap_swing_r__mlb_2024_2025__20260928__r01/artifacts/year_values.csv,218549,6c2b7977eb1fb585c20b077d6126daffb562e8e37ad75a163f154f4a2a911e81,new
columns/001-ball-count/analysis/runs/bcap_swing_r__mlb_2024_2025__20260928__r01/manifest.json,18316,d75f30d4ace62b9f865c1eb5039bf0142bdcc5a89a02bac0176e768650661b31,new
columns/001-ball-count/analysis/runs/bcap_swing_r_history__mlb_2015__20260928__r01/README.md,793,505cef767598a67e39b6a50655fd7e9a6d37ef1847d0eae72be42075d61bf275,new
columns/001-ball-count/analysis/runs/bcap_swing_r_history__mlb_2015__20260928__r01/artifacts/action_values.csv,108406,61104a6bf812e6891c5bcc6ccc4d7ee3741c75ad220867be71f484b106bc10cd,new
columns/001-ball-count/analysis/runs/bcap_swing_r_history__mlb_2015__20260928__r01/artifacts/calibration_games.csv,9740,27349c900c43a5c2133c32b9cdb346b43b93e4d5e38542efc4ced9114103d985,new
columns/001-ball-count/analysis/runs/bcap_swing_r_history__mlb_2015__20260928__r01/artifacts/checks.json,3002,38b1faa42c603d3ea29051b686cd9bd221ae38c28b1d610be49b74004fe207d7,new
columns/001-ball-count/analysis/runs/bcap_swing_r_history__mlb_2015__20260928__r01/artifacts/count_by_year.png,35092,2421c56eee4914a3c1122137ee2d354b25043a395b933662bacbac87877bb42b,new
columns/001-ball-count/analysis/runs/bcap_swing_r_history__mlb_2015__20260928__r01/artifacts/fit_diagnostics.csv,1085,4ead7dc3008fc736a3e1dcd390b699bb2230a65dfda5b82b8230155e2ba3f022,new
columns/001-ball-count/analysis/runs/bcap_swing_r_history__mlb_2015__20260928__r01/artifacts/frozen_engine.R,9868,21a6b2f7daf195adcbde629bfa22363679d1751f92bf9e4955419a86b950507e,new
columns/001-ball-count/analysis/runs/bcap_swing_r_history__mlb_2015__20260928__r01/artifacts/frozen_run.R,19813,1f5382512b1a4c0e327154fa6b4444f52ce983db5c0e203ec8c4869050c91944,new
columns/001-ball-count/analysis/runs/bcap_swing_r_history__mlb_2015__20260928__r01/artifacts/frozen_run_config.json,605,4b99c662fc29f736bd51a0b508284d8278d7d1f52c00f81076006fed6c559040,new
columns/001-ball-count/analysis/runs/bcap_swing_r_history__mlb_2015__20260928__r01/artifacts/frozen_specification.yaml,6819,1134dcf48b2064cf195dea07dbac3f5d75991fadc691c72de48b581037060b58,new
columns/001-ball-count/analysis/runs/bcap_swing_r_history__mlb_2015__20260928__r01/artifacts/game_folds.csv,24304,5528d097b891c618aa72946d3ec50d17d57c0181cb491b8c2bc0ef5f9bee2c7e,new
columns/001-ball-count/analysis/runs/bcap_swing_r_history__mlb_2015__20260928__r01/artifacts/metrics.json,318,50e4c9d5ac638d6bfe31f0d19e57764f5aee0c99e4d402b0b465607c7e4579cb,new
columns/001-ball-count/analysis/runs/bcap_swing_r_history__mlb_2015__20260928__r01/artifacts/progress.json,66,bdd22dd2677e13ea3bf4bf2921f3647da7c17bf1d7b39dd2b4f0a4ab9eb82482,new
columns/001-ball-count/analysis/runs/bcap_swing_r_history__mlb_2015__20260928__r01/artifacts/sessionInfo.txt,1025,83c9300b1a5bbd65a3753b7c7572cf982ad6bc562e6b582e8bd639b152b60f29,new
columns/001-ball-count/analysis/runs/bcap_swing_r_history__mlb_2015__20260928__r01/artifacts/support_exclusions.csv,2937,76e6addaa70075dcbdb3c10feca8a7b5f474c4c276ab5946ab22ca2a942e03e1,new
columns/001-ball-count/analysis/runs/bcap_swing_r_history__mlb_2015__20260928__r01/artifacts/swing_regions_by_year.png,79621,412f4442d3a321958ce3cb56a2cde19b1fed3f410e85eee8cd470a5866b42988,new
columns/001-ball-count/analysis/runs/bcap_swing_r_history__mlb_2015__20260928__r01/artifacts/year_values.csv,109381,d66603103bbf1c74bcc356174355ee150ec2ad723ea27b40f304deb3e2823bcf,new
columns/001-ball-count/analysis/runs/bcap_swing_r_history__mlb_2015__20260928__r01/manifest.json,30789,e6291c1ccd842bc593dcf4bc2f0a039378d831dce924440bd6cfa7f843f60ede,new
columns/001-ball-count/analysis/runs/bcap_swing_r_history__mlb_2016__20260928__r01/README.md,793,0026ff4c99e225684e52947a4cd34a9d05383d2cae8cfc1db7223dcf27ad2aa3,new
columns/001-ball-count/analysis/runs/bcap_swing_r_history__mlb_2016__20260928__r01/artifacts/action_values.csv,108580,c3e79edd49e81ffd8f1ec7a82028cc05096a7680eaef08829b27722214de98fd,new
columns/001-ball-count/analysis/runs/bcap_swing_r_history__mlb_2016__20260928__r01/artifacts/calibration_games.csv,9740,f57a6fbb7c40bef9c9e3c350fc28880c21593b36ae15a010e8bdbd084790202b,new
columns/001-ball-count/analysis/runs/bcap_swing_r_history__mlb_2016__20260928__r01/artifacts/checks.json,3002,38b1faa42c603d3ea29051b686cd9bd221ae38c28b1d610be49b74004fe207d7,new
columns/001-ball-count/analysis/runs/bcap_swing_r_history__mlb_2016__20260928__r01/artifacts/count_by_year.png,31462,89c947232d94b46360b1485ed178d488994f8c594939cc3bcb41a90f0895db5a,new
columns/001-ball-count/analysis/runs/bcap_swing_r_history__mlb_2016__20260928__r01/artifacts/fit_diagnostics.csv,1094,e7dfb8772e84dc9fac198d5bad63894966012e2dedcf8063c78bbeff4112a6db,new
columns/001-ball-count/analysis/runs/bcap_swing_r_history__mlb_2016__20260928__r01/artifacts/frozen_engine.R,9868,21a6b2f7daf195adcbde629bfa22363679d1751f92bf9e4955419a86b950507e,new
columns/001-ball-count/analysis/runs/bcap_swing_r_history__mlb_2016__20260928__r01/artifacts/frozen_run.R,19813,1f5382512b1a4c0e327154fa6b4444f52ce983db5c0e203ec8c4869050c91944,new
columns/001-ball-count/analysis/runs/bcap_swing_r_history__mlb_2016__20260928__r01/artifacts/frozen_run_config.json,605,34b66762453bddc10bc7b5dc4aa59f86edc95947872e893a667beccf6e46828d,new
columns/001-ball-count/analysis/runs/bcap_swing_r_history__mlb_2016__20260928__r01/artifacts/frozen_specification.yaml,6819,1134dcf48b2064cf195dea07dbac3f5d75991fadc691c72de48b581037060b58,new
columns/001-ball-count/analysis/runs/bcap_swing_r_history__mlb_2016__20260928__r01/artifacts/game_folds.csv,24294,7c49fadbc292dbc520183ed344477cad92ceeecd905d7924c0c8cf151d5654a1,new
columns/001-ball-count/analysis/runs/bcap_swing_r_history__mlb_2016__20260928__r01/artifacts/metrics.json,318,3262561aa2a4057227007b6ab46b042cf60080326543a936d16a1a023ba00f6c,new
columns/001-ball-count/analysis/runs/bcap_swing_r_history__mlb_2016__20260928__r01/artifacts/progress.json,66,a8d555f74810233636a93a6aada032c18f39e5bc1d1a74284257fc82a40ec91d,new
columns/001-ball-count/analysis/runs/bcap_swing_r_history__mlb_2016__20260928__r01/artifacts/sessionInfo.txt,1025,83c9300b1a5bbd65a3753b7c7572cf982ad6bc562e6b582e8bd639b152b60f29,new
columns/001-ball-count/analysis/runs/bcap_swing_r_history__mlb_2016__20260928__r01/artifacts/support_exclusions.csv,2951,15861e0661c31d248448d85197dd916c8ac140ccdaeb2e95457f906beb8f19fc,new
columns/001-ball-count/analysis/runs/bcap_swing_r_history__mlb_2016__20260928__r01/artifacts/swing_regions_by_year.png,80915,c104c2727f50ddc8a6ea1b05c057de2fad70e0f69f401821161842d4cb22ea91,new
columns/001-ball-count/analysis/runs/bcap_swing_r_history__mlb_2016__20260928__r01/artifacts/year_values.csv,109555,5c364a2587b960e8a6d367951b810aae89ef6297448be4dfb51b1c508b04f719,new
columns/001-ball-count/analysis/runs/bcap_swing_r_history__mlb_2016__20260928__r01/manifest.json,30798,5bbf91b1d966108d9c69f2aed0ae62ae188ee80578e9d03ede526c66f1ac0123,new
columns/001-ball-count/analysis/runs/bcap_swing_r_history__mlb_2017__20260928__r01/README.md,793,d35d0f258358f8411fd1673ac473fc5c88211b1aef89983cf20da5d0162b4293,new
columns/001-ball-count/analysis/runs/bcap_swing_r_history__mlb_2017__20260928__r01/artifacts/action_values.csv,108350,9572b56052a8730d3d2b1031945f480e3f8843e8cf48c5d64fe179f6a97fe70e,new
columns/001-ball-count/analysis/runs/bcap_swing_r_history__mlb_2017__20260928__r01/artifacts/calibration_games.csv,9740,bf95406979aa4c1abc7d8f2f5841d77f1b52a850a73afab68bc65a55e8c31987,new
columns/001-ball-count/analysis/runs/bcap_swing_r_history__mlb_2017__20260928__r01/artifacts/checks.json,3002,38b1faa42c603d3ea29051b686cd9bd221ae38c28b1d610be49b74004fe207d7,new
columns/001-ball-count/analysis/runs/bcap_swing_r_history__mlb_2017__20260928__r01/artifacts/count_by_year.png,30318,f633ceb93bdb9f1f63908e3464c9b9e98dfc5f322e6a7d7febaffa7b99722909,new
columns/001-ball-count/analysis/runs/bcap_swing_r_history__mlb_2017__20260928__r01/artifacts/fit_diagnostics.csv,1092,6743b0fd2619eca0e7b4020d433a29c41e5d217b7cd9b75bd4af0096c602dc3a,new
columns/001-ball-count/analysis/runs/bcap_swing_r_history__mlb_2017__20260928__r01/artifacts/frozen_engine.R,9868,21a6b2f7daf195adcbde629bfa22363679d1751f92bf9e4955419a86b950507e,new
columns/001-ball-count/analysis/runs/bcap_swing_r_history__mlb_2017__20260928__r01/artifacts/frozen_run.R,19813,1f5382512b1a4c0e327154fa6b4444f52ce983db5c0e203ec8c4869050c91944,new
columns/001-ball-count/analysis/runs/bcap_swing_r_history__mlb_2017__20260928__r01/artifacts/frozen_run_config.json,605,551f0b6b90a31275376bf39f2942d4ae6367ac0b48a611565ad189f6b6a7c8eb,new
columns/001-ball-count/analysis/runs/bcap_swing_r_history__mlb_2017__20260928__r01/artifacts/frozen_specification.yaml,6819,1134dcf48b2064cf195dea07dbac3f5d75991fadc691c72de48b581037060b58,new
columns/001-ball-count/analysis/runs/bcap_swing_r_history__mlb_2017__20260928__r01/artifacts/game_folds.csv,24314,cd988838c47fc22653365d1ac4e8c8a5d865de9adfed8e7ab75e2fc47f3c1099,new
columns/001-ball-count/analysis/runs/bcap_swing_r_history__mlb_2017__20260928__r01/artifacts/metrics.json,318,2cd55330a97f3a375d142c5549b2f52cde33f7b678349423122bee5ca26de2b7,new
columns/001-ball-count/analysis/runs/bcap_swing_r_history__mlb_2017__20260928__r01/artifacts/progress.json,66,ad802436129a107968d07f0fea14f58cde65b015648d57b0870d5c97f1bfeafb,new
columns/001-ball-count/analysis/runs/bcap_swing_r_history__mlb_2017__20260928__r01/artifacts/sessionInfo.txt,1025,83c9300b1a5bbd65a3753b7c7572cf982ad6bc562e6b582e8bd639b152b60f29,new
columns/001-ball-count/analysis/runs/bcap_swing_r_history__mlb_2017__20260928__r01/artifacts/support_exclusions.csv,2990,035541ade57cc9483efc4d9a174061b768cf3cf38ad7812e4ab223bdb524c323,new
columns/001-ball-count/analysis/runs/bcap_swing_r_history__mlb_2017__20260928__r01/artifacts/swing_regions_by_year.png,78975,5291b6062125baa20de65f21ab02302395d3f3fb8c297446be7898e78a43e5d7,new
columns/001-ball-count/analysis/runs/bcap_swing_r_history__mlb_2017__20260928__r01/artifacts/year_values.csv,109325,b3b8ea37688cf70174becdf0f5295e68596df473422cd00856e72f0efec50f21,new
columns/001-ball-count/analysis/runs/bcap_swing_r_history__mlb_2017__20260928__r01/manifest.json,30778,26be2301af7e37ffa1edb43c8d006bcd7a20adf274e9210d7916023365099b7b,new
columns/001-ball-count/analysis/runs/bcap_swing_r_history__mlb_2018__20260928__r01/README.md,793,eb3a43787aa9ad71e9b21796be6a6eff741b7713e5541afcf0c2fd5094d191d7,new
columns/001-ball-count/analysis/runs/bcap_swing_r_history__mlb_2018__20260928__r01/artifacts/action_values.csv,108635,21aaa859887d04de4e5fa2773e748ade60b5838708ae2893be4a56e386702825,new
columns/001-ball-count/analysis/runs/bcap_swing_r_history__mlb_2018__20260928__r01/artifacts/calibration_games.csv,9760,96e599927eca1f4e5039d44ff91f49d0abd1d524acd5d7f031231da55fd9f90f,new
columns/001-ball-count/analysis/runs/bcap_swing_r_history__mlb_2018__20260928__r01/artifacts/checks.json,3002,38b1faa42c603d3ea29051b686cd9bd221ae38c28b1d610be49b74004fe207d7,new
columns/001-ball-count/analysis/runs/bcap_swing_r_history__mlb_2018__20260928__r01/artifacts/count_by_year.png,35459,5592928032fed939481678c8b25f84968849a4cab8bec13968d5d1c574ddd895,new
columns/001-ball-count/analysis/runs/bcap_swing_r_history__mlb_2018__20260928__r01/artifacts/fit_diagnostics.csv,1082,def5c78ca7036814e2014bf0616f3ac2e7e1922cb5379733a76322ddeed937ec,new
columns/001-ball-count/analysis/runs/bcap_swing_r_history__mlb_2018__20260928__r01/artifacts/frozen_engine.R,9868,21a6b2f7daf195adcbde629bfa22363679d1751f92bf9e4955419a86b950507e,new
columns/001-ball-count/analysis/runs/bcap_swing_r_history__mlb_2018__20260928__r01/artifacts/frozen_run.R,19813,1f5382512b1a4c0e327154fa6b4444f52ce983db5c0e203ec8c4869050c91944,new
columns/001-ball-count/analysis/runs/bcap_swing_r_history__mlb_2018__20260928__r01/artifacts/frozen_run_config.json,605,9348fdc0c1a3ac02e57223216ae2b617c42c671135b86d9ccd80281de74a5aa6,new
columns/001-ball-count/analysis/runs/bcap_swing_r_history__mlb_2018__20260928__r01/artifacts/frozen_specification.yaml,6819,1134dcf48b2064cf195dea07dbac3f5d75991fadc691c72de48b581037060b58,new
columns/001-ball-count/analysis/runs/bcap_swing_r_history__mlb_2018__20260928__r01/artifacts/game_folds.csv,24324,1ffb02feed970a562a390d9e84f78c1f7ecb5e1e9f930304f227c9647d6e1f63,new
columns/001-ball-count/analysis/runs/bcap_swing_r_history__mlb_2018__20260928__r01/artifacts/metrics.json,317,86873a90b2d274c8c5c25445545f4a42e346678d08dccb95f5d50a3509257c64,new
columns/001-ball-count/analysis/runs/bcap_swing_r_history__mlb_2018__20260928__r01/artifacts/progress.json,66,bea2a841cb36ebb5a95243fe2c9d77fef08bb0880e6e48ad9d8fc383624090bf,new
columns/001-ball-count/analysis/runs/bcap_swing_r_history__mlb_2018__20260928__r01/artifacts/sessionInfo.txt,1025,83c9300b1a5bbd65a3753b7c7572cf982ad6bc562e6b582e8bd639b152b60f29,new
columns/001-ball-count/analysis/runs/bcap_swing_r_history__mlb_2018__20260928__r01/artifacts/support_exclusions.csv,2991,b2bcb3bcb8bdd1b4912ac94dbd1109b4dd8378f8ce66aaad1f9a22443ad598c2,new
columns/001-ball-count/analysis/runs/bcap_swing_r_history__mlb_2018__20260928__r01/artifacts/swing_regions_by_year.png,81941,0b3a520f3c5dfe23f7decb1bb5db204c7f10bf0f9bdd3935c0c405ecb6a0d884,new
columns/001-ball-count/analysis/runs/bcap_swing_r_history__mlb_2018__20260928__r01/artifacts/year_values.csv,109610,6e1f17f958bd880566e03c36d99297efa3d5f7d1a8bb05d0d367178bb41d03b5,new
columns/001-ball-count/analysis/runs/bcap_swing_r_history__mlb_2018__20260928__r01/manifest.json,30979,a23dae9da890d2c2353ee2c763067cd40c6aafc1a62b6e02d7bd65a1fb93fef0,new
columns/001-ball-count/analysis/runs/bcap_swing_r_history__mlb_2019__20260928__r01/README.md,793,ea3d24eed34e76a7a20b87e1d26e36a9bc6dfdf9069180015276ddc4fe5f2f5f,new
columns/001-ball-count/analysis/runs/bcap_swing_r_history__mlb_2019__20260928__r01/artifacts/action_values.csv,108555,083a3a080b967f0f00fc179e29fb1abd3a923c184cec35e7317bc3b31514cdff,new
columns/001-ball-count/analysis/runs/bcap_swing_r_history__mlb_2019__20260928__r01/artifacts/calibration_games.csv,9740,a8bfaab2695aa1da4d8ee8a5002018699ac23b0d1359660ad068b4e250d5261a,new
columns/001-ball-count/analysis/runs/bcap_swing_r_history__mlb_2019__20260928__r01/artifacts/checks.json,3002,38b1faa42c603d3ea29051b686cd9bd221ae38c28b1d610be49b74004fe207d7,new
columns/001-ball-count/analysis/runs/bcap_swing_r_history__mlb_2019__20260928__r01/artifacts/count_by_year.png,31360,aba29a7f5718fca144a337e2a8ddf8922c0616157029054d73156336042d6067,new
columns/001-ball-count/analysis/runs/bcap_swing_r_history__mlb_2019__20260928__r01/artifacts/fit_diagnostics.csv,1079,2b72b0bc920f7d52c652d539d44113a60406e0e46a7ce3e3a9cce16070de5c2a,new
columns/001-ball-count/analysis/runs/bcap_swing_r_history__mlb_2019__20260928__r01/artifacts/frozen_engine.R,9868,21a6b2f7daf195adcbde629bfa22363679d1751f92bf9e4955419a86b950507e,new
columns/001-ball-count/analysis/runs/bcap_swing_r_history__mlb_2019__20260928__r01/artifacts/frozen_run.R,19813,1f5382512b1a4c0e327154fa6b4444f52ce983db5c0e203ec8c4869050c91944,new
columns/001-ball-count/analysis/runs/bcap_swing_r_history__mlb_2019__20260928__r01/artifacts/frozen_run_config.json,605,394e9fd0c778d03b305552db631e9db83e38596ce3b1dc5a4c5847cfc34edb34,new
columns/001-ball-count/analysis/runs/bcap_swing_r_history__mlb_2019__20260928__r01/artifacts/frozen_specification.yaml,6819,1134dcf48b2064cf195dea07dbac3f5d75991fadc691c72de48b581037060b58,new
columns/001-ball-count/analysis/runs/bcap_swing_r_history__mlb_2019__20260928__r01/artifacts/game_folds.csv,24304,72fcae0d51e04fc97884a80ac35fd0a33fbaff834ed55b096132312892070d1e,new
columns/001-ball-count/analysis/runs/bcap_swing_r_history__mlb_2019__20260928__r01/artifacts/metrics.json,318,b11501348c930fdb2ba5efa791ce35e509b866b46df3f9d26113cec3d05b8c2b,new
columns/001-ball-count/analysis/runs/bcap_swing_r_history__mlb_2019__20260928__r01/artifacts/progress.json,66,1b0a3d435ddc45a8c67ef02247badd5b501449f453a9ae4fcb4ffe07a06685b3,new
columns/001-ball-count/analysis/runs/bcap_swing_r_history__mlb_2019__20260928__r01/artifacts/sessionInfo.txt,1025,83c9300b1a5bbd65a3753b7c7572cf982ad6bc562e6b582e8bd639b152b60f29,new
columns/001-ball-count/analysis/runs/bcap_swing_r_history__mlb_2019__20260928__r01/artifacts/support_exclusions.csv,2995,9f47643c63ed86f695ed4f0cfd0727107c61055b9a85db3da0bc59a042891e05,new
columns/001-ball-count/analysis/runs/bcap_swing_r_history__mlb_2019__20260928__r01/artifacts/swing_regions_by_year.png,79641,11ad250b09454e12d07708eb9f1aa53fbdd4725ad33358abc3653a2b9b4954db,new
columns/001-ball-count/analysis/runs/bcap_swing_r_history__mlb_2019__20260928__r01/artifacts/year_values.csv,109530,993a87513a1f551c8e2a94b0846a03e812f1e97a54d0de193e8d77f04579e625,new
columns/001-ball-count/analysis/runs/bcap_swing_r_history__mlb_2019__20260928__r01/manifest.json,31234,32fc8d1686c101aa90260fbed7d25f1590bbf2401ceb18f7b9d1bc2a735e6bb2,new
columns/001-ball-count/analysis/runs/bcap_swing_r_history__mlb_2020__20260928__r01/README.md,793,5a4843750c59303ede22c21fbfa61db6cd0a5314f433fa20bbeac6492f7abc26,new
columns/001-ball-count/analysis/runs/bcap_swing_r_history__mlb_2020__20260928__r01/artifacts/action_values.csv,107006,166943c96dbf9e2a00aabb8e9e53d3cccce6f8c31b59228f5e5fc23acb9d4171,new
columns/001-ball-count/analysis/runs/bcap_swing_r_history__mlb_2020__20260928__r01/artifacts/calibration_games.csv,3620,a011815e33c572ac7631d26e174a083e4fabe6284b9ce68ed1d6012c25f701a8,new
columns/001-ball-count/analysis/runs/bcap_swing_r_history__mlb_2020__20260928__r01/artifacts/checks.json,3002,38b1faa42c603d3ea29051b686cd9bd221ae38c28b1d610be49b74004fe207d7,new
columns/001-ball-count/analysis/runs/bcap_swing_r_history__mlb_2020__20260928__r01/artifacts/count_by_year.png,38481,fc41773ff39e7e872a55aa1380c4a98629bc4da92326c0e0920ce6dc2b51fe0f,new
columns/001-ball-count/analysis/runs/bcap_swing_r_history__mlb_2020__20260928__r01/artifacts/fit_diagnostics.csv,1057,92205048c1eec3da87683a0d55a37daad9a0898bd82da984bfdc5d18a31218e6,new
columns/001-ball-count/analysis/runs/bcap_swing_r_history__mlb_2020__20260928__r01/artifacts/frozen_engine.R,9868,21a6b2f7daf195adcbde629bfa22363679d1751f92bf9e4955419a86b950507e,new
columns/001-ball-count/analysis/runs/bcap_swing_r_history__mlb_2020__20260928__r01/artifacts/frozen_run.R,19813,1f5382512b1a4c0e327154fa6b4444f52ce983db5c0e203ec8c4869050c91944,new
columns/001-ball-count/analysis/runs/bcap_swing_r_history__mlb_2020__20260928__r01/artifacts/frozen_run_config.json,605,15c3f04e7c36313907c0b2d41aa962ca73eb7fd2df1f8548340a7dd6bb23a484,new
columns/001-ball-count/analysis/runs/bcap_swing_r_history__mlb_2020__20260928__r01/artifacts/frozen_specification.yaml,6819,1134dcf48b2064cf195dea07dbac3f5d75991fadc691c72de48b581037060b58,new
columns/001-ball-count/analysis/runs/bcap_swing_r_history__mlb_2020__20260928__r01/artifacts/game_folds.csv,8994,a110631823b460062b0b157bdc1db10923cc4ac5f7f6013673ca8a0d4cfd3335,new
columns/001-ball-count/analysis/runs/bcap_swing_r_history__mlb_2020__20260928__r01/artifacts/metrics.json,317,363374e46c61d65b1644b77e7474735202f44093e8b3dc4062e442b78a8ea003,new
columns/001-ball-count/analysis/runs/bcap_swing_r_history__mlb_2020__20260928__r01/artifacts/progress.json,66,02655e5e10bc1184597bcbe1fc01763f7b0832875b8a165dc3b576efaa9b566f,new
columns/001-ball-count/analysis/runs/bcap_swing_r_history__mlb_2020__20260928__r01/artifacts/sessionInfo.txt,1025,83c9300b1a5bbd65a3753b7c7572cf982ad6bc562e6b582e8bd639b152b60f29,new
columns/001-ball-count/analysis/runs/bcap_swing_r_history__mlb_2020__20260928__r01/artifacts/support_exclusions.csv,2619,fa2d16b91e82bcc8d46cd8d7e6d8f1a77034fcbd9181f0e518d08a5552850725,new
columns/001-ball-count/analysis/runs/bcap_swing_r_history__mlb_2020__20260928__r01/artifacts/swing_regions_by_year.png,78570,f016320e4b3813e4129713a44cf56e974b9cf8ec39a6b24275c691d105918bce,new
columns/001-ball-count/analysis/runs/bcap_swing_r_history__mlb_2020__20260928__r01/artifacts/year_values.csv,107981,f043e306c010ea845d0e02b35dea4a45e8beb28c7d0a5e311abe34e242e9d496,new
columns/001-ball-count/analysis/runs/bcap_swing_r_history__mlb_2020__20260928__r01/manifest.json,24703,835617c25e677e49f69737faf398d6df7e776042b2f901a71d232f206ffcbf35,new
columns/001-ball-count/analysis/runs/bcap_swing_r_history__mlb_2021__20260928__r01/README.md,793,d160d0d6abe2a11795681565e598a48b861fc4004d9a3b8c9beb8fb45a098891,new
columns/001-ball-count/analysis/runs/bcap_swing_r_history__mlb_2021__20260928__r01/artifacts/action_values.csv,108594,a02e14456c2fbe8b565aeeb5da8bb928cad5fc2063fc56501565c18342057546,new
columns/001-ball-count/analysis/runs/bcap_swing_r_history__mlb_2021__20260928__r01/artifacts/calibration_games.csv,9740,cc2a3ac1c0b5be6240eb1ddb8f0fae5998b5a92971a1ab4009dfc013211ba93c,new
columns/001-ball-count/analysis/runs/bcap_swing_r_history__mlb_2021__20260928__r01/artifacts/checks.json,3002,38b1faa42c603d3ea29051b686cd9bd221ae38c28b1d610be49b74004fe207d7,new
columns/001-ball-count/analysis/runs/bcap_swing_r_history__mlb_2021__20260928__r01/artifacts/count_by_year.png,30835,0d511037ebab7b28df06bace30866dca2bc5bce53148d3e5bcba35aecb5065d8,new
columns/001-ball-count/analysis/runs/bcap_swing_r_history__mlb_2021__20260928__r01/artifacts/fit_diagnostics.csv,1095,4501d485cb32ad48cadcce111ee2b1a597d2d281326a0eb335004d64e2e096cc,new
columns/001-ball-count/analysis/runs/bcap_swing_r_history__mlb_2021__20260928__r01/artifacts/frozen_engine.R,9868,21a6b2f7daf195adcbde629bfa22363679d1751f92bf9e4955419a86b950507e,new
columns/001-ball-count/analysis/runs/bcap_swing_r_history__mlb_2021__20260928__r01/artifacts/frozen_run.R,19813,1f5382512b1a4c0e327154fa6b4444f52ce983db5c0e203ec8c4869050c91944,new
columns/001-ball-count/analysis/runs/bcap_swing_r_history__mlb_2021__20260928__r01/artifacts/frozen_run_config.json,605,d91710ac58bfa170c7cb763489790e7d43439be3e8be6eca6d058a736aa36544,new
columns/001-ball-count/analysis/runs/bcap_swing_r_history__mlb_2021__20260928__r01/artifacts/frozen_specification.yaml,6819,1134dcf48b2064cf195dea07dbac3f5d75991fadc691c72de48b581037060b58,new
columns/001-ball-count/analysis/runs/bcap_swing_r_history__mlb_2021__20260928__r01/artifacts/game_folds.csv,24304,b05c0852b0bec76f9d73993e089dc365a4c32609388c4aadda2ba7fc27e69d35,new
columns/001-ball-count/analysis/runs/bcap_swing_r_history__mlb_2021__20260928__r01/artifacts/metrics.json,318,085ad65903386d7967f9b9cb078a7ffa28843b4d7207383353575c766f994655,new
columns/001-ball-count/analysis/runs/bcap_swing_r_history__mlb_2021__20260928__r01/artifacts/progress.json,66,d51910932e7ffaa5e24f1d855d5ad18da744b69835ccd4b693b92e79fe793465,new
columns/001-ball-count/analysis/runs/bcap_swing_r_history__mlb_2021__20260928__r01/artifacts/sessionInfo.txt,1025,83c9300b1a5bbd65a3753b7c7572cf982ad6bc562e6b582e8bd639b152b60f29,new
columns/001-ball-count/analysis/runs/bcap_swing_r_history__mlb_2021__20260928__r01/artifacts/support_exclusions.csv,2949,da10545d87e1720b02d3d78ccbc14a5d9207ca87fed4f670538aed724aad7e3d,new
columns/001-ball-count/analysis/runs/bcap_swing_r_history__mlb_2021__20260928__r01/artifacts/swing_regions_by_year.png,82233,0c18f774972ce1a4bf0a12fe303a4923a6995a85c56af16087dd608b6e692ccb,new
columns/001-ball-count/analysis/runs/bcap_swing_r_history__mlb_2021__20260928__r01/artifacts/year_values.csv,109569,569e4d563bba8b2314d6b271852cf46432c8188857d7713108049956a1c3f00d,new
columns/001-ball-count/analysis/runs/bcap_swing_r_history__mlb_2021__20260928__r01/manifest.json,30997,feaa1bf3800d08992baebe1c9524ce59e43bd3627adbadde770b8e225713d99a,new
columns/001-ball-count/analysis/runs/bcap_swing_r_history__mlb_2022__20260928__r01/README.md,793,6b07a7a28f080b1f4eb5a12e24e300eb97e2c7749c3b96341ad375c2fc73455e,new
columns/001-ball-count/analysis/runs/bcap_swing_r_history__mlb_2022__20260928__r01/artifacts/action_values.csv,108583,d114763d55c51522870c432414948b3179c807daf0a04d0733d40879bad06c45,new
columns/001-ball-count/analysis/runs/bcap_swing_r_history__mlb_2022__20260928__r01/artifacts/calibration_games.csv,9740,620d417a1636c65631c79372864eb75c4684635d786bfc93c3ade5c83a4023d4,new
columns/001-ball-count/analysis/runs/bcap_swing_r_history__mlb_2022__20260928__r01/artifacts/checks.json,3002,38b1faa42c603d3ea29051b686cd9bd221ae38c28b1d610be49b74004fe207d7,new
columns/001-ball-count/analysis/runs/bcap_swing_r_history__mlb_2022__20260928__r01/artifacts/count_by_year.png,31847,9acea00a8a745290191f6b5672d97479f0a8df7d4c5fb536dcfbe2436a977dd6,new
columns/001-ball-count/analysis/runs/bcap_swing_r_history__mlb_2022__20260928__r01/artifacts/fit_diagnostics.csv,1075,f435fb3e8a98ec081caa607005a176c0de32f55ae27ff428854b5d9a09e232f2,new
columns/001-ball-count/analysis/runs/bcap_swing_r_history__mlb_2022__20260928__r01/artifacts/frozen_engine.R,9868,21a6b2f7daf195adcbde629bfa22363679d1751f92bf9e4955419a86b950507e,new
columns/001-ball-count/analysis/runs/bcap_swing_r_history__mlb_2022__20260928__r01/artifacts/frozen_run.R,19813,1f5382512b1a4c0e327154fa6b4444f52ce983db5c0e203ec8c4869050c91944,new
columns/001-ball-count/analysis/runs/bcap_swing_r_history__mlb_2022__20260928__r01/artifacts/frozen_run_config.json,605,e886aac76eadaca7a11ee2510e20a9f37e62d8321dfadca40aebb0b5d5b1a5a9,new
columns/001-ball-count/analysis/runs/bcap_swing_r_history__mlb_2022__20260928__r01/artifacts/frozen_specification.yaml,6819,1134dcf48b2064cf195dea07dbac3f5d75991fadc691c72de48b581037060b58,new
columns/001-ball-count/analysis/runs/bcap_swing_r_history__mlb_2022__20260928__r01/artifacts/game_folds.csv,24314,d0dc46fae4c6f0db1db775a81a30fa6cbcb2d96dfce6615a5dd1fa94e1b51d45,new
columns/001-ball-count/analysis/runs/bcap_swing_r_history__mlb_2022__20260928__r01/artifacts/metrics.json,317,124eb73ad70f76a020d22eedf694efb914a9102594507a08e73c7e870c374b60,new
columns/001-ball-count/analysis/runs/bcap_swing_r_history__mlb_2022__20260928__r01/artifacts/progress.json,66,f5a5fdadc5aaeeb0e8d58aeb6f5536d6d149857048ea5ed86dfa50560cd97085,new
columns/001-ball-count/analysis/runs/bcap_swing_r_history__mlb_2022__20260928__r01/artifacts/sessionInfo.txt,1025,83c9300b1a5bbd65a3753b7c7572cf982ad6bc562e6b582e8bd639b152b60f29,new
columns/001-ball-count/analysis/runs/bcap_swing_r_history__mlb_2022__20260928__r01/artifacts/support_exclusions.csv,2908,22d84bbe8a62a5163aea1bcaaea136c91a180167474ee5346331d59239f5e5dd,new
columns/001-ball-count/analysis/runs/bcap_swing_r_history__mlb_2022__20260928__r01/artifacts/swing_regions_by_year.png,79657,daabe968ae48d728fbe20968689334486c68ca68a7936e139afa954498676fd3,new
columns/001-ball-count/analysis/runs/bcap_swing_r_history__mlb_2022__20260928__r01/artifacts/year_values.csv,109558,7789d8e4e0e784e508dfcdf370ddae6f6a9fb7448870362b4e5182692f07f423,new
columns/001-ball-count/analysis/runs/bcap_swing_r_history__mlb_2022__20260928__r01/manifest.json,30217,11876bf4763400ee61ead0a9a8a7daf1f2584932e65071a5b2d8388f7a400410,new
columns/001-ball-count/analysis/runs/bcap_swing_r_history__mlb_2023__20260928__r01/README.md,793,8d64616077a289fe30347fd5bc850b333ad3cc9a67e121c77eb051c158ec3d82,new
columns/001-ball-count/analysis/runs/bcap_swing_r_history__mlb_2023__20260928__r01/artifacts/action_values.csv,108673,0adbcf3c5ed5637c231050d7ee83bc5e36ed1b2d1c35884c73fa1dcc80fc6ef5,new
columns/001-ball-count/analysis/runs/bcap_swing_r_history__mlb_2023__20260928__r01/artifacts/calibration_games.csv,9740,48bd412bfe2193c805798252d2d5be9a255d917b81f85a40ccdb6ddcd7938a09,new
columns/001-ball-count/analysis/runs/bcap_swing_r_history__mlb_2023__20260928__r01/artifacts/checks.json,2979,39ebe106312aecf95da27706fa94a1feb5ebd9bfdf2717e4e46a3d481682c2c8,new
columns/001-ball-count/analysis/runs/bcap_swing_r_history__mlb_2023__20260928__r01/artifacts/count_by_year.png,35073,09441196aa7be6548d47127468034b1f9520fbd43618dc74e5e04b956283e708,new
columns/001-ball-count/analysis/runs/bcap_swing_r_history__mlb_2023__20260928__r01/artifacts/fit_diagnostics.csv,1112,d7fefadc46879d0686b659da860a11714ec01724c0815a51571302b8595701f3,new
columns/001-ball-count/analysis/runs/bcap_swing_r_history__mlb_2023__20260928__r01/artifacts/frozen_engine.R,9868,21a6b2f7daf195adcbde629bfa22363679d1751f92bf9e4955419a86b950507e,new
columns/001-ball-count/analysis/runs/bcap_swing_r_history__mlb_2023__20260928__r01/artifacts/frozen_run.R,19631,3757fec5580c6d5c8b4de1696bc1583e306d45d12e24e22ff8f97f0b2e873760,new
columns/001-ball-count/analysis/runs/bcap_swing_r_history__mlb_2023__20260928__r01/artifacts/frozen_run_config.json,605,57a6f8f869827d6111c70430a8a3d5901787d2ff4b984bc239da68b11f365ad0,new
columns/001-ball-count/analysis/runs/bcap_swing_r_history__mlb_2023__20260928__r01/artifacts/frozen_specification.yaml,6819,1134dcf48b2064cf195dea07dbac3f5d75991fadc691c72de48b581037060b58,new
columns/001-ball-count/analysis/runs/bcap_swing_r_history__mlb_2023__20260928__r01/artifacts/game_folds.csv,24314,98afcc6b74c8fc48a77aa56bc6b340def7e01aaf8b116ca7038534b5291a6dd4,new
columns/001-ball-count/analysis/runs/bcap_swing_r_history__mlb_2023__20260928__r01/artifacts/metrics.json,318,3162b3c556cb8dbd61c3cb66e8a4909a840a9dffcbca66a18ffc13dd19e25939,new
columns/001-ball-count/analysis/runs/bcap_swing_r_history__mlb_2023__20260928__r01/artifacts/progress.json,66,dcf6856c0d8a2eaa0b8178305adc715d896adfa259578184335a13f0d642f56e,new
columns/001-ball-count/analysis/runs/bcap_swing_r_history__mlb_2023__20260928__r01/artifacts/sessionInfo.txt,1025,83c9300b1a5bbd65a3753b7c7572cf982ad6bc562e6b582e8bd639b152b60f29,new
columns/001-ball-count/analysis/runs/bcap_swing_r_history__mlb_2023__20260928__r01/artifacts/support_exclusions.csv,2900,e8037236d5629ad9c7390d0dac03386539353434d316961864966f24895bdb9f,new
columns/001-ball-count/analysis/runs/bcap_swing_r_history__mlb_2023__20260928__r01/artifacts/swing_regions_by_year.png,80523,64bc05ffcca6b3fe76fd04be7d74128ac521ebb1f577003111c6bd13a2c5d95d,new
columns/001-ball-count/analysis/runs/bcap_swing_r_history__mlb_2023__20260928__r01/artifacts/year_values.csv,109648,e60eb7cc8b0b9a43b2f933d3c0d53bbe3018beb2ccc3db364ad5412e38285f5f,new
columns/001-ball-count/analysis/runs/bcap_swing_r_history__mlb_2023__20260928__r01/manifest.json,30051,eacd421d82de4044f7cb892b05e7090d077069291bcfbacb619efa549ab5fbfa,new
columns/001-ball-count/collaboration.md,9990,1641d00c4eeb15f37ef7969d016bc12aefc36f136587a012c62e96937827e484,modified
columns/001-ball-count/column.md,64248,d05494416f58856c026b9eef0445490ed8324e0f6d100e5741169b7142a6931c,modified
columns/001-ball-count/data/processed/r_bcai_supplement_20260928/2026/pitches.provenance.json,10212,6170d7844132a7b705354d8d60e3f80653d5f576790c1369021278f0921f6517,new
columns/001-ball-count/data/processed/r_bcap_supplement_20260928/2026/audit/description_action_audit.csv,1177,40661b363b93d5142334fee868a7e2def5c5122f4055fc14bb17163b42bb45f4,new
columns/001-ball-count/data/processed/r_bcap_supplement_20260928/2026/audit/frozen_prepare_raw.R,19339,8705352ff1ea0f39619823243b11f677b65ea52d6ff37984d0ad79debb30f2c9,new
columns/001-ball-count/data/processed/r_bcap_supplement_20260928/2026/audit/missingness.csv,832,331d831feb51641ae8826149257eab1950b1acb7c124cb618185680af1145826,new
columns/001-ball-count/data/processed/r_bcap_supplement_20260928/2026/audit/pa_exclusions.csv,1054,a2c5f7bf121a790f9c61dcb97931d44d6c31d445ef308acb6d0eddceca2d5e82,new
columns/001-ball-count/data/processed/r_bcap_supplement_20260928/2026/audit/preparation_audit.json,12890,ba71a92a3b695f5b85f69d598810e060ec5daec778ead126eb00e51bc8454ca7,new
columns/001-ball-count/data/processed/r_bcap_supplement_20260928/2026/audit/raw_pitch_codes.csv,546,5416395facd793bec929fb6cef928da32df7c76355d60871835499e874e7c3f1,new
columns/001-ball-count/data/processed/r_bcap_supplement_20260928/2026/audit/schedule_duplicates.csv,1338,03ec43dc53a3f55a56c8d43f65135cbcfdc402bdce6b5ffa7af0a22886adbd89,new
columns/001-ball-count/data/processed/r_bcap_supplement_20260928/2026/audit/selection_counts.csv,749,c7d5aa0c351ba241ff76d63d55e48ba0ae99b3d5c607eab95674d7e7ca49343b,new
columns/001-ball-count/figures/bcai_history__mlb_2015__20260928__r01/season_comparison.png,28036,bc6078abb9041f6cc37ffdacaab2ca8ffa7d549c5be63da859cb69b4df1ac119,new
columns/001-ball-count/figures/bcai_history__mlb_2016__20260928__r01/season_comparison.png,27877,5b7603a342184f55ce8d638834f74a7f753f4be741cc8d4983f3c970e8aacffa,new
columns/001-ball-count/figures/bcai_history__mlb_2017__20260928__r01/season_comparison.png,27916,9214141e6dc85f895298598a4fce446fc9505ba4175f33acefe50b827b78ae44,new
columns/001-ball-count/figures/bcai_history__mlb_2018__20260928__r01/season_comparison.png,27900,347e947bd4bd2bd0ceb9972ae97f04aa086b7ca98a79aa0ba7a1ef48995923c7,new
columns/001-ball-count/figures/bcai_history__mlb_2019__20260928__r01/season_comparison.png,28171,d3f86abc375fed08525f89b0b55be83d7b186fefec1d3dd827fd7e95a62aa137,new
columns/001-ball-count/figures/bcai_history__mlb_2020__20260928__r02/season_comparison.png,24630,e9159b1650c78c638a18676b43c2ab52a156858fcefeaae17db1518bb708329b,new
columns/001-ball-count/figures/bcai_history__mlb_2021__20260928__r01/season_comparison.png,27858,2424e3cf00d81b930196db7f020a29d5a034320b67f65625e4a15dcf14964648,new
columns/001-ball-count/figures/bcai_history__mlb_2022__20260928__r01/season_comparison.png,24629,ed69ef05ead191c638f67e09f05615b61891a387adf68b8009667a6df2f8ddf0,new
columns/001-ball-count/figures/bcai_history__mlb_2023__20260928__r01/season_comparison.png,29133,e3756a2d54da452232138e68dd354e0f55d49bbcbabcec56a5aed0280af36b64,new
columns/001-ball-count/figures/bcai_history__mlb_2023__20260928__r02/season_comparison.png,29133,e3756a2d54da452232138e68dd354e0f55d49bbcbabcec56a5aed0280af36b64,new
columns/001-ball-count/figures/bcai_r_check__mlb_2024_2025__20260928__r02/season_comparison.png,30480,ca59912d177a623e4e6b6e4ab94d8e80cb7a04522aae30f4763a9a9af63f6ded,new
columns/001-ball-count/figures/bcai_r_check__mlb_2024_2025__20260928__r02/year_difference.png,31949,b34b13fe7626bf335d754fae3b41871f2a717d7be66ff8dc07d2eb7ce063df19,new
columns/001-ball-count/figures/bcai_supplement__mlb_2026_ytd_20260907__20260928__r01/season_comparison.png,25010,184daa1e935751cc20ac164664b8d685466b2d8ba5db6345da662b52985fe3cf,new
columns/001-ball-count/figures/naver_20260918/qa/01_ball_count_1280.png,80510,4414f8eb97291f640e45597ded315caebb886d831825bd68aae986cf3642496b,modified
columns/001-ball-count/figures/naver_20260918/qa/01_ball_count_390.png,49954,5d3279f3a60702c8bb60dd6ec75bb8c0e44ce9e7153b63fad6ab4e12e6cbed9b,modified
columns/001-ball-count/figures/naver_20260918/qa/01_ball_count_note_1280.png,79934,cbab81a722d96802e818fad6b87f91155ee5f371b881791b1a7d736fe3666c12,modified
columns/001-ball-count/figures/naver_20260918/qa/01_ball_count_note_390.png,48279,c6c2a8d6b1841d0d85950c16bb47eeb6832ad7021c0304e570959c1779ccf7f8,modified
columns/001-ball-count/figures/naver_20260918/qa/01_ball_count_results_1280.png,63911,8508caebd47a12de1f98e50ac304203c74293f8a0aef6b0d9e1252f9425048e6,modified
columns/001-ball-count/figures/naver_20260918/qa/01_ball_count_results_390.png,39775,b4f1e9a2b1a04e5c496d873030cf7a61f7dc4415c5cb973277ef97b898d34dd7,modified
columns/001-ball-count/figures/naver_20260918/qa/02_bcai_1280.png,82905,23ebc2e591f3be5769e6e2ffc2a42f32efd44fe1473fcc12b76025304824e1b1,modified
columns/001-ball-count/figures/naver_20260918/qa/02_bcai_390.png,53254,a46098e8371f8a43a48f18815f7fedec2146dfacadd5d2c60a5e4b70e64d1448,modified
columns/001-ball-count/figures/naver_20260918/qa/03_bcap_1280.png,84689,90162a2f89084adf6ef63423f837975bb215c3c17de2f284be8a6d732e16d840,modified
columns/001-ball-count/figures/naver_20260918/qa/03_bcap_390.png,53293,1fc64ef868c34f78167e0d6ad12f30564f6504dd7a1ebce7cbf46c7b65540761,modified
columns/001-ball-count/figures/naver_20260918/qa/03_bcap_results_390.png,43966,d4fd6388c1fa5c68662d6ddb7d0c9607aa54732b96b9b6589cb6666f1404803f,modified
columns/001-ball-count/figures/naver_20260918/qa/04_references_ko_1280.png,68151,e52ffddd32b6ee29f7cb4ddedd87514f39242cf627243bdc954ea29f386563b5,modified
columns/001-ball-count/figures/naver_20260918/qa/04_references_ko_390.png,43973,11addc64a082b1f61f910dfcbaf670bcf80ead7d0fbf68da099319e3b4b72ea8,modified
columns/001-ball-count/figures/naver_20260918/qa/04_references_ko_note_1280.png,64462,f59b2fa1e51302e35239d1c0450ebf8402e5eba01f3b165fa8a2c64c03356516,modified
columns/001-ball-count/figures/naver_20260918/qa/04_references_ko_note_390.png,38952,61593d4dbdfcfe52867ce4f7d481ad6101cceb94fbf8b4cc1dcfec549d5fb258,modified
columns/001-ball-count/figures/naver_20260918/qa/05_data_validation_1280.png,73489,005bc917f5fcd17f8abf9ee6c419c9799b563f0e92d6abe1aa84a4038b82f0c1,new
columns/001-ball-count/figures/naver_20260918/qa/05_data_validation_390.png,49241,54898f3f87c20c2e575cee0a8aea14ed528e1f033072d3008e2863c301e5281d,new
columns/001-ball-count/figures/naver_20260918/qa/05_data_validation_note_1280.png,65438,f0db4bcd7817ce091d31decf49c86f2b920495552079fe0d54f261d3a961ee4d,new
columns/001-ball-count/figures/naver_20260918/qa/05_data_validation_note_390.png,35904,6e6550525cf4523608fd021920ae3a83e0322e4441d3246a9ea9f2c8491e3058,new
columns/001-ball-count/figures/naver_20260918/qa/05_data_validation_results_1280.png,73848,a9550b70009804c6f589659f7aa7f724d4317bbd9214b396a96a1940ff1f5b4b,new
columns/001-ball-count/figures/naver_20260918/qa/05_data_validation_results_390.png,42715,8b1e9b878965602fff348b241da561da2fc52028bc62f892e6b48a07783ad525,new
columns/001-ball-count/figures/naver_20260918/qa/index_1280.png,48385,3a95f1cc4779438f30b8675cca9576f7bf85253b29592e556558da27830b9b13,modified
columns/001-ball-count/figures/naver_20260918/qa/index_390.png,39048,2f2768aa8a53b4a33d586ece0168505f4fa9098b9365c61f4a8fe3ab7dedbe9f,modified
columns/001-ball-count/figures/naver_20260918/qa/main_batter_1280.png,70896,63cea42200db28f93ee74f1385ec70bbaceac0147641be0cdd1451a27c5b454f,modified
columns/001-ball-count/figures/naver_20260918/qa/main_batter_390.png,46521,cdbc1f5bdd6afec3ad8a838568b944dba93c4f392c8c19b59fcfc9907293e539,modified
columns/001-ball-count/figures/naver_20260918/qa/main_reference_1280.png,90958,0bc05b0f30611be9345c49b958f6f8e022043a4891e3518425716a6400360e12,modified
columns/001-ball-count/figures/naver_20260918/qa/main_reference_390.png,43674,3df0710962ebfcb06d2c74defbc8ef2eeb22cfa1c9301e9522d24f0240ed943d,modified
columns/001-ball-count/figures/naver_20260918/qa/portable_05_data_validation_1280.png,73489,005bc917f5fcd17f8abf9ee6c419c9799b563f0e92d6abe1aa84a4038b82f0c1,new
columns/001-ball-count/figures/naver_20260918/qa/portable_05_data_validation_390.png,49241,54898f3f87c20c2e575cee0a8aea14ed528e1f033072d3008e2863c301e5281d,new
columns/001-ball-count/figures/naver_20260918/qa/portable_index_1280.png,48166,018c3f453dd00b5f3bbf2d3ab13ac1b710db6f3a3213ad81cfa87c9dd90b9c37,new
columns/001-ball-count/figures/naver_20260918/qa/portable_index_390.png,38737,27acbb84bf498889e9a9e4c501b7deb1c998d7078cbbb25ea39b0b7b644ac1e1,new
columns/001-ball-count/figures/naver_20260918/qa/references_cited_1280.png,74048,194a743844eb6e71e7852f957a0ec08fdaed76f7e358c21c0c84086f77aaa8b5,modified
columns/001-ball-count/figures/naver_20260918/qa/references_cited_390.png,44189,169452d28546a97bcb57c87595bbb9f245d2609fdd6a0680b745679c320683db,modified
columns/001-ball-count/figures/r_bcap_history_20260928/pitch_2015_count_mobile.png,27576,ce488559dd26707eca6ca6751d253595217c84d282d6fe2b8262367ecc969ba5,new
columns/001-ball-count/figures/r_bcap_history_20260928/pitch_2016_count_mobile.png,27562,9b4185a1ac0b551ff4e55716a726265a6c186e2412d21651716b843a5ce09a8d,new
columns/001-ball-count/figures/r_bcap_history_20260928/pitch_2017_count_mobile.png,26126,a424c76000fb5ff9718aebe08c0d5ae28f8e11778fab4184f23a680a37dfd24a,new
columns/001-ball-count/figures/r_bcap_history_20260928/pitch_2018_count_mobile.png,25334,04b6b8cb865a33cca2f0c7a9fdff69e3d1dd52dcd8e0a0d181677ff16414c3a0,new
columns/001-ball-count/figures/r_bcap_history_20260928/pitch_2019_count_mobile.png,25540,2494a06a74cc92a28093d5af1245c58fe99ed72a115d9f154751b0f2c68309a5,new
columns/001-ball-count/figures/r_bcap_history_20260928/pitch_2020_count_mobile.png,25178,f786210543fc96b42d7082a787431ff73a52abd73260b6b90cca5ba1dc5a88eb,new
columns/001-ball-count/figures/r_bcap_history_20260928/pitch_2021_count_mobile.png,25324,dbc7bb144a57db0527979eee823fc4cb7ce68f98ba8f7ed9646c83ca1a3e313c,new
columns/001-ball-count/figures/r_bcap_history_20260928/pitch_2022_count_mobile.png,25940,f88b9304b5bf6506dbad6a90015f2697ed71959ba9be0b5ed759cabb26925abf,new
columns/001-ball-count/figures/r_bcap_history_20260928/pitch_2023_count_mobile.png,25662,5fc777c01e60d4e54c6c7014b6ffc1ee133743805a45941f56caba7c42d3fb3c,new
columns/001-ball-count/figures/r_bcap_history_20260928/pitch_2024_count_mobile.png,25465,debe2b7d48ba565e27eda891c6a19374deaf2056a9068de1ae6dd42edeab4b59,new
columns/001-ball-count/figures/r_bcap_history_20260928/pitch_2025_count_mobile.png,24619,0567132c80c9a9085be2ad4bbbcfb853f622e2da9d8fc0f56aef16e66a7259bc,new
columns/001-ball-count/figures/r_bcap_history_20260928/pitch_count_history.png,93767,72544509091cc2320fe5bfd50a65954d533d9a86264b9493e9b327f568ef0421,new
columns/001-ball-count/figures/r_bcap_history_20260928/pitch_ff_2015_count_mobile.png,25645,eaea1ed2d1453429234b1fe7e8aa09a00f5cc7c98ccf63c97902d7acf9e241dc,new
columns/001-ball-count/figures/r_bcap_history_20260928/pitch_ff_2016_count_mobile.png,26503,1f35d72a4d477f29cfbe385928d672467e694ab1952eab806e4745bf156a33a3,new
columns/001-ball-count/figures/r_bcap_history_20260928/pitch_ff_2017_count_mobile.png,25420,d7ee68d79f147d8c440790edc6239a1c010ff8ab49e801954d8a61b1ddefe4d7,new
columns/001-ball-count/figures/r_bcap_history_20260928/pitch_ff_2018_count_mobile.png,24699,8941d7795e80ae89735f519d29d3ba7c7f3ed7b1286a927d8adc02d948d69125,new
columns/001-ball-count/figures/r_bcap_history_20260928/pitch_ff_2019_count_mobile.png,25545,1e48b5ea0dbb689de04b9650afdadd1a707a425f27549e4c9150f81c515acad8,new
columns/001-ball-count/figures/r_bcap_history_20260928/pitch_ff_2020_count_mobile.png,22452,bb569008b0b996e1131011c90aa1cdb3360e8fb94e5a375b04827e3013ed36da,new
columns/001-ball-count/figures/r_bcap_history_20260928/pitch_ff_2021_count_mobile.png,24221,04def3c81e77a6a880e2ff14b1b31a3dcc5230bfb90a67cbba9bc1668e5d5047,new
columns/001-ball-count/figures/r_bcap_history_20260928/pitch_ff_2022_count_mobile.png,22853,575a398aaf2fc6edc24b18001b7f550d04147fb8aa8761877b736bedc54b4251,new
columns/001-ball-count/figures/r_bcap_history_20260928/pitch_ff_2023_count_mobile.png,25198,139d542f9a1250326078c6fb923460def0b2d3a3001ae14be0a53d2b58ff005c,new
columns/001-ball-count/figures/r_bcap_history_20260928/pitch_ff_2024_count_mobile.png,23070,1fd008867d9ab124d3bb2f201c7657173c9b3f2dd1b76ea49c7203c468065579,new
columns/001-ball-count/figures/r_bcap_history_20260928/pitch_ff_2025_count_mobile.png,23196,b0fc018af9f743cc90028725fa6246ed6719c8fa426b9353c1f26893b25632c3,new
columns/001-ball-count/figures/r_bcap_history_20260928/pitch_ff_count_history.png,122147,6041761fecda27a6e20c9823a54cff2d407ff3e3cb7b17ad73b5c8d295f0f0e3,new
columns/001-ball-count/figures/r_bcap_history_20260928/pitch_sb_2015_count_mobile.png,26090,b03a9c9403cc048be854a26bcad097f110a9b5a0ae5ca9cd126736597b710610,new
columns/001-ball-count/figures/r_bcap_history_20260928/pitch_sb_2016_count_mobile.png,27518,85225e5327ecfa886492157e1a806e0b0b49bf449dd901a29d2e0f64b128e13a,new
columns/001-ball-count/figures/r_bcap_history_20260928/pitch_sb_2017_count_mobile.png,24145,e3f022f10534a6cee71552cb8277d2b072d2b3ded0b507ae3bffadf9adff9c50,new
columns/001-ball-count/figures/r_bcap_history_20260928/pitch_sb_2018_count_mobile.png,24237,b1c690c02684f2820c0f4040603ab0956a0ebcdbf370b8f5cc85a2b8482ace30,new
columns/001-ball-count/figures/r_bcap_history_20260928/pitch_sb_2019_count_mobile.png,24328,9e1166d40884389c4ff70b940c9bc79c3553506d71dd9ddf53ef5bed7fd6a499,new
columns/001-ball-count/figures/r_bcap_history_20260928/pitch_sb_2020_count_mobile.png,24557,7ca30cd2350b526a4caa235baaf3a6c54f4eafbf4f2ae49d14219d9efe64b1e8,new
columns/001-ball-count/figures/r_bcap_history_20260928/pitch_sb_2021_count_mobile.png,24039,2ea1ce40033ab7fc502aab1ac064be7de7120d675968bdf77373b806216a710f,new
columns/001-ball-count/figures/r_bcap_history_20260928/pitch_sb_2022_count_mobile.png,24920,8b847395b967bb9f05a22169eaeee6428ab6b4e6d833326e8c3a46d3ccecb6fe,new
columns/001-ball-count/figures/r_bcap_history_20260928/pitch_sb_2023_count_mobile.png,24183,76c9d8a576fffb052681ab227fc4eafdfa06d3ed035a517cbf4cb0313b19ae1b,new
columns/001-ball-count/figures/r_bcap_history_20260928/pitch_sb_2024_count_mobile.png,24608,d4f2ac6fe9548404141e5777448e313b6ade79fe10d2438ada769b154db95f3c,new
columns/001-ball-count/figures/r_bcap_history_20260928/pitch_sb_2025_count_mobile.png,25179,595248b73d3b47849bc0dc8c3ac53cd8e009d05540d2112908d311b2ee05ca1e,new
columns/001-ball-count/figures/r_bcap_history_20260928/pitch_sb_count_history.png,104011,b7a9ea54dfbfdcb8e563568e4b0d9d84e4ab753fd5ac77770555df03a2db4276,new
columns/001-ball-count/figures/r_bcap_history_20260928/qa_figure_1280.png,68253,c55db98e013a589756f03164ab39b21fb3d05500048279d158d385f01163ee32,new
columns/001-ball-count/figures/r_bcap_history_20260928/qa_figure_390.png,82274,490e43a3484496eb2872082361685da24512372f5f7dc499b253f834e4a840a0,new
columns/001-ball-count/figures/r_bcap_history_20260928/qa_final_20260928063406_1280_interpretation.png,136829,490e7f648545378138989af159ce1d1fc29dd3f2964882ca026225e5df87c635,new
columns/001-ball-count/figures/r_bcap_history_20260928/qa_final_20260928063406_1280_pitch_2015.png,48779,1f4789734ed33adb98aa875d52c5caea3a85ecde92b5f673cf6bced718a5aa69,new
columns/001-ball-count/figures/r_bcap_history_20260928/qa_final_20260928063406_1280_pitch_ff_2015.png,48286,fc7dd8e44c68cfcd2eeddff0ff1483e3f3cc8b601b269eb1092293d2b42ca11e,new
columns/001-ball-count/figures/r_bcap_history_20260928/qa_final_20260928063406_1280_pitch_sb_2015.png,47930,5b02444038adc31ffb6eeae2a4b66556c9e719a6dbda7d2dc1c276c00a1b9ab4,new
columns/001-ball-count/figures/r_bcap_history_20260928/qa_final_20260928063406_1280_swing_2015.png,49622,13f06de56ec1f152b1a50ba5286a7012b31e46351da8a8367b0872187050cc61,new
columns/001-ball-count/figures/r_bcap_history_20260928/qa_final_20260928063406_1280_top.png,65875,bb18711ac14cd49cfe05c084ce33de4f3fb7a1378bbfc88158ceaabab54ac33c,new
columns/001-ball-count/figures/r_bcap_history_20260928/qa_final_20260928063406_390_interpretation.png,62994,fbb1ae5f4f05e0c530e3034d3571f02e5335c09ea91fc88691d0b15fe2c29ba4,new
columns/001-ball-count/figures/r_bcap_history_20260928/qa_final_20260928063406_390_pitch_2015.png,51765,db426d7aee0349ef6c0c47b74f2bd72658e6d7113816eaa20a2a79ab124a5b81,new
columns/001-ball-count/figures/r_bcap_history_20260928/qa_final_20260928063406_390_pitch_ff_2015.png,51148,c1613ce8d6d0fc4d9156b5c5b4476539c4c7437fed8d9b523c78efed325b2931,new
columns/001-ball-count/figures/r_bcap_history_20260928/qa_final_20260928063406_390_pitch_sb_2015.png,47892,9e7b60d1447fc3a784807f15414d5cdf471a4d1c9ade231eed2216afd5f2fe6f,new
columns/001-ball-count/figures/r_bcap_history_20260928/qa_final_20260928063406_390_swing_2015.png,50488,1e1bcae2cf564898505fd96264b8f2506d27392a214c6abae20b24daff1dfd39,new
columns/001-ball-count/figures/r_bcap_history_20260928/qa_final_20260928063406_390_top.png,48530,ccf47785208683eb5cba58605ca4ad1563671e5e87e5b24b71ceb3f57add69cd,new
columns/001-ball-count/figures/r_bcap_history_20260928/qa_input_snapshot_final_20260928063406.json,11879,bdd32975ac74853164af9251396aef9b250fe2db17b75ac6f944311784d4964c,new
columns/001-ball-count/figures/r_bcap_history_20260928/qa_mobile_2023_m0_20260928040249.png,44526,51a3312161c2c502fd0ad507182cbc7391171205b438bc1a7030f1ab651255de,new
columns/001-ball-count/figures/r_bcap_history_20260928/qa_mobile_2023_m1_20260928040249.png,40433,c7144f64e26cb2f49ae87f4868a82fbf0fb56f4c85f2dd38a40f8b999b9da4ea,new
columns/001-ball-count/figures/r_bcap_history_20260928/qa_mobile_2023_m2_20260928040249.png,43104,c0604c51970e04f045c473069b55cf6d05e39793d8c969f54338fcf75b00476f,new
columns/001-ball-count/figures/r_bcap_history_20260928/qa_mobile_2023_m3_20260928040249.png,44781,868ca1d64db51b9c944ee35dd9a704efd762c04c85c77caebd9c4cc49bce1a56,new
columns/001-ball-count/figures/r_bcap_history_20260928/qa_top_1280.png,65929,a1019a378f03c02481a673992ab8269bd1b8c5662bede274591765821ca820f8,new
columns/001-ball-count/figures/r_bcap_history_20260928/qa_top_390.png,50542,974cac1ad997ffa505fa758a43da58ee511f97d2a860f83e0f1db80061d0d121,new
columns/001-ball-count/figures/r_bcap_history_20260928/qa_validation_before_final_20260928_153233.json,83306,6dda91897da1d7ccef31147cdeb27bd39a9b1083ad40b3bbcad40b54d23a9a37,new
columns/001-ball-count/figures/r_bcap_history_20260928/swing_2015_count_mobile.png,25711,673786d5b2b7016125ace8be1e2c6b30b8f377ce72529897945767c0cb682da7,new
columns/001-ball-count/figures/r_bcap_history_20260928/swing_2016_count_mobile.png,28565,c721597bfc65e35e9a01c0439d38ae11d666f539d6fc8dc621ab42336f789df7,new
columns/001-ball-count/figures/r_bcap_history_20260928/swing_2017_count_mobile.png,26534,6a8a291c2011aed725ed532fce7c7479ccbd3040be6bbd86cf61eabdfb595327,new
columns/001-ball-count/figures/r_bcap_history_20260928/swing_2018_count_mobile.png,23753,4d2c4b9658d4d208381741dbf89bfb06e68e2ecc79fe94f1f88c975b4080bd7b,new
columns/001-ball-count/figures/r_bcap_history_20260928/swing_2019_count_mobile.png,27378,27669f285a591c6ae1b511723ee8ba90168722b5169fab2b7e19c6eadd732c26,new
columns/001-ball-count/figures/r_bcap_history_20260928/swing_2020_count_mobile.png,25344,3c8e794f386ab141471f7f6bc289927987ebbc0ae570e14a8a88a9cbfa93856d,new
columns/001-ball-count/figures/r_bcap_history_20260928/swing_2021_count_mobile.png,25514,120494c9509dce5950cf86fc5bd5aea6a5016dd812bd40ccf984ab0d8c9246d3,new
columns/001-ball-count/figures/r_bcap_history_20260928/swing_2022_count_mobile.png,25497,2a158bca1c477715f9a3f2de9507028ee353269adb9eff0933c3e4f6bb352256,new
columns/001-ball-count/figures/r_bcap_history_20260928/swing_2023_count_mobile.png,23768,02a82b661ab46c2cad13aec3dd4f457def3eac5129d92735dcf7025becc9ad4a,new
columns/001-ball-count/figures/r_bcap_history_20260928/swing_2024_count_mobile.png,26690,92017c51f791315a29448f379646e234f287a12b04fb801b89f2b09c7118e741,new
columns/001-ball-count/figures/r_bcap_history_20260928/swing_2025_count_mobile.png,27162,2d440329c4daf3fd265ff9debb2aa9a44306070cee29804a5adec18743e3fcab,new
columns/001-ball-count/figures/r_bcap_history_20260928/swing_count_history.png,98605,5df66f29827b689c75923756bbb380e64865a492f39feb95eca231f641fc88bc,new
columns/001-ball-count/figures/r_history_20260928/bcai_0balls_blog.png,80403,d57f723b198eb26f262a2865d120aaa07fa43dcfc88d51c943110735e618bf50,new
columns/001-ball-count/figures/r_history_20260928/bcai_1balls_blog.png,77535,92aa96e1a1da9293fd3be87f9794919d573fdc053367544ec318c6b1c60b841a,new
columns/001-ball-count/figures/r_history_20260928/bcai_2balls_blog.png,85980,07316b38e3d8a34e8e5c628f9ef7616a9f7e6c02a4e7023d95fed3da760e994c,new
columns/001-ball-count/figures/r_history_20260928/bcai_3balls_blog.png,80614,fed4f7997a885065fde1771816a3dcda95c82407bf74f0c4e496f8917bc4faa2,new
columns/001-ball-count/figures/r_history_20260928/bcai_year_count_heatmap.png,128622,f256a988f91d14d7be44d53f495cf067010ec70102e478db6b5d868fc5be0135,new
columns/001-ball-count/figures/r_history_20260928/qa_1280.png,75990,49636d37e85f5b50d9835ec8ea0bf10b3ee05970176b898fc5429a33eabfcc28,new
columns/001-ball-count/figures/r_history_20260928/qa_20260928043343_1280_mobile_0balls.png,83508,a26e3f6f5071a077616656df2e0450c60180ae253f56c46b73acae251c9fcfe4,new
columns/001-ball-count/figures/r_history_20260928/qa_20260928043343_1280_mobile_3balls.png,79042,8da974832f0e35cb2fb2cba48d6c04d74bfa5c1f6db9439fb8b08cf4e1d70a9d,new
columns/001-ball-count/figures/r_history_20260928/qa_20260928043343_1280_overview.png,190050,b69cb9571266ea7a35abd81088015e425c2bab54ef8942cbdbf9eed5a1c1ec6c,new
columns/001-ball-count/figures/r_history_20260928/qa_20260928043343_1280_top.png,93988,bcb8d1d70bfc9bd8374e6ecc5f2a9fdecc456e162d14dad1bfc053d1afafceee,new
columns/001-ball-count/figures/r_history_20260928/qa_20260928043343_390_mobile_0balls.png,52294,c9080b46169e6479a491f56b723d8f5a14b782c7b34a06d82de1cc1b37841f8c,new
columns/001-ball-count/figures/r_history_20260928/qa_20260928043343_390_mobile_3balls.png,51662,d28a209871d4638065d35d08ab253fa3a5fd19aa81db63bd5bb39ce4079159a7,new
columns/001-ball-count/figures/r_history_20260928/qa_20260928043343_390_overview.png,47323,5c989a6897418b2d04c32c480edf3ad5ea6e7c4b1cacfacebeb8162d442e3f14,new
columns/001-ball-count/figures/r_history_20260928/qa_20260928043343_390_top.png,52818,d9aad33aa75d6eaf59d95ef31a8594de568704b6684669b5729f80895eef4599,new
columns/001-ball-count/figures/r_history_20260928/qa_20260928045808_1280_mobile_0balls.png,88280,bfda5029ace2e604d18a98895ae479082ce032a363957d1a880ddb4872f39fd8,new
columns/001-ball-count/figures/r_history_20260928/qa_20260928045808_1280_mobile_1balls.png,81956,08bde382b71db37642f4a32e9f81c67a274e412338038068514f8b807513a085,new
columns/001-ball-count/figures/r_history_20260928/qa_20260928045808_1280_mobile_2balls.png,87556,a4ee28bc3ad69cb0bfc8e4305557765cf5f3e06727ef95e662bf4ef1c625f284,new
columns/001-ball-count/figures/r_history_20260928/qa_20260928045808_1280_mobile_3balls.png,84298,0e3ceade45f5d0d97de41e14b819116625c7869488922171a09b6e0a60e69cab,new
columns/001-ball-count/figures/r_history_20260928/qa_20260928045808_1280_overview.png,183824,2a7186e9f5dec04fa30d20eb2497ab415ec355af69f0bff9a78484f4858f1646,new
columns/001-ball-count/figures/r_history_20260928/qa_20260928045808_1280_top.png,91591,08e240fb6d1f71068fd88d805c677303379236de14eb6a9e28dfd843515b4f51,new
columns/001-ball-count/figures/r_history_20260928/qa_20260928045808_390_mobile_0balls.png,55420,551448eff485e532ab57f34656e026a9cec059e99bb1c005e304593650fd7863,new
columns/001-ball-count/figures/r_history_20260928/qa_20260928045808_390_mobile_1balls.png,52966,a8013630e53253250f712700009e59f632c79f785db51616b024893e76b88f11,new
columns/001-ball-count/figures/r_history_20260928/qa_20260928045808_390_mobile_2balls.png,56503,428fa8dcfd63fea43e6f6d2a0da86d15836bf0e8695cb4d1661549c9f1a778ae,new
columns/001-ball-count/figures/r_history_20260928/qa_20260928045808_390_mobile_3balls.png,54960,4a58745e2e83bddac7e6cd20927a12facd7ba4218183ee07751fa5ff1619c357,new
columns/001-ball-count/figures/r_history_20260928/qa_20260928045808_390_overview.png,49168,45c8c4ddf6d496bc49a0098958f7dfe6cfa1a93a3dc74ec62db58be9c952a545,new
columns/001-ball-count/figures/r_history_20260928/qa_20260928045808_390_top.png,52162,117f72f8c6f4c5e7caa959b6e97ef5ce3744314722247dab664905dff863b3d4,new
columns/001-ball-count/figures/r_history_20260928/qa_390.png,58941,dff46d8bdc41c17c29261e9519cdb2f6b62171dc77082f310623e2ff6298232c,new
columns/001-ball-count/figures/r_history_20260928/qa_figure_1280.png,119877,3413b442db2cb3b3204eddf2cf6c05ed55215e3aeae83a35ca7d97be590f20bf,new
columns/001-ball-count/figures/r_history_20260928/qa_figure_390.png,83199,b81f1599977d4c852e66777081c33240b60744fa88d9bf919172990068d41e6c,new
columns/001-ball-count/figures/r_history_20260928/qa_panels_1280.png,126081,5f175bf1ad30550c1281cdddc7c6afe2406c1cef056b82b4cb99d22ade10fe91,new
columns/001-ball-count/figures/r_history_20260928/qa_panels_390.png,98035,80e9e5621218cc9b6bd61a9754c56ca8bee0f66c0b31fb07b975c9bae0e7eebd,new
columns/001-ball-count/figures/r_history_20260928/qa_top_1280.png,81316,cb14b6eb7d297abe5217a86b0b2b7f4bda342a7ab6ddda2587cbcd07318bd8f1,new
columns/001-ball-count/figures/r_history_20260928/qa_top_390.png,65925,bbaffc557867432d9505b9adee0b0a4ed98dbb442271ad9051b67764684b57a7,new
columns/001-ball-count/figures/r_history_20260928/qa_validation_before_20260928_132859.json,9049,530c30b01c99f7c8a179c0eb4da62c9fd140b13d229f30f0f7a2247f0d1d89f2,new
columns/001-ball-count/figures/r_history_20260928/qa_validation_before_20260928_135708.json,20408,c7c7252aaf37a3d3d669d53dd153aaec7a86d7855b79f9cfbd7b576c111fc6ff,new
columns/001-ball-count/figures/r_supplement_20260928/bcai_2026_ytd.png,38806,dbd10d232902d3c47a3360d93bdc13c0079b7aa360720d59f4444ca1a1ebc69a,new
columns/001-ball-count/figures/r_supplement_20260928/bcap_pitch_2026_ytd.png,38641,1b292a705772ff28d70edd623bd20ac5ba102b696ea07bb4781674ccf5448e4c,new
columns/001-ball-count/figures/r_supplement_20260928/bcap_pitch_ff_2026_ytd.png,36772,06f20a48aba85921e5520c2415a008c000c4b25c4b5337c76331244f3f511b12,new
columns/001-ball-count/publish/naver_20260918/01_ball_count.html,71894,ae80d9755029a31cfc9b497565f615447047a8ddd4a55b2d03d345eec00e3b5d,modified
columns/001-ball-count/publish/naver_20260918/01_ball_count.md,50763,34467a6b8582ba7b51320be3be8c0be30b2ccb90aba77e6fb030639709330b08,modified
columns/001-ball-count/publish/naver_20260918/02_bcai.html,32026,ec073fd34a81153b154c358a0d06be95538fb7100e8b541a3c17872d1465584f,modified
columns/001-ball-count/publish/naver_20260918/02_bcai.md,15971,07e3b1b064eb7c63f4fad01c4692e104410d247e161f3a56f952fd96054d769d,modified
columns/001-ball-count/publish/naver_20260918/02_bcai_evidence.md,9432,a22a4372650ad98cd173ae17167ee500d886233150f35d44eb269bcbda121c5e,modified
columns/001-ball-count/publish/naver_20260918/03_bcap.html,51696,196931d359d945b033d29616a104dd443e898fd7ad6d1632e35e35e2284abb45,modified
columns/001-ball-count/publish/naver_20260918/03_bcap.md,27375,d0d4dc9a614759c06f4d9589b752c60223cc0eff12d569bf0700e1298a796a8e,modified
columns/001-ball-count/publish/naver_20260918/03_bcap_evidence.md,11504,d7ba2c91c8fd948c5db35f1d3d95bf8e7d796e9dcd54ada4ac175fe0f640a77b,modified
columns/001-ball-count/publish/naver_20260918/04_references_ko.html,76892,461b79b46c4e229ac0259696db137a7adcaceb70480817ed4e2fb9dd03ae6e7c,modified
columns/001-ball-count/publish/naver_20260918/04_references_ko.md,47427,25564d5196002c1157765c2380f717c1ec7b769b3eda9b1d6e70a9ee829527b0,modified
columns/001-ball-count/publish/naver_20260918/05_data_validation.html,52820,725e4a9457961bae83c36d2cd75513343c13d566a29748844a050da116b30306,new
columns/001-ball-count/publish/naver_20260918/05_data_validation.md,30845,d660a7ca46eb43b567a56bc54e04959e468c8c31db58e4cccea477ef67fe4826,new
columns/001-ball-count/publish/naver_20260918/README.md,13085,5d8c46bc2b3fe57109cbae93cc977a5b4b400f064919f83e85a58e8f4b5c6f0f,modified
columns/001-ball-count/publish/naver_20260918/blog_post_list_20260919.md,8583,331ff678163d31115c1fb5b6a5696033561a3c331c48e304b33102ffe918c877,new
columns/001-ball-count/publish/naver_20260918/build_models_v15.mjs,20608,741c210fed30ab095e683b95dd6855141ca11e2371b64f53a03c972bd36ca0b3,new
columns/001-ball-count/publish/naver_20260918/build_preview.mjs,20468,b4917e490b4707d695b12fc554ad0be91df838554598ecac726c328a2b685be4,modified
columns/001-ball-count/publish/naver_20260918/build_review_bundle.py,8001,8e1c09b61d7d2bdc13d3298859061200181e29f5e83ce3b5f0442ec649469146,new
columns/001-ball-count/publish/naver_20260918/check_history_v7.mjs,4573,2517f843e7eed7f53347aeb8d76ae95886d959473750700cfcfb38c86c0bf551,new
columns/001-ball-count/publish/naver_20260918/check_main_v10.mjs,5310,d3885962c449cceec418868f8c2c5b4c9f5e6d4b71107b1acbeaffd5a4b17d9b,new
columns/001-ball-count/publish/naver_20260918/check_main_v11.mjs,5325,51a859cf20f8909b8d00cc0fde2f272361f3fa0c75e8f4604244a6fc2c15b044,new
columns/001-ball-count/publish/naver_20260918/check_main_v12.mjs,5310,fefaa96d605888de907dec215c1781b9c6780b82da366c5cf5c1b1993b324e33,new
columns/001-ball-count/publish/naver_20260918/check_main_v13.mjs,5375,9d41da884fb6669b210dadf58b9fbf4c4cceb3e57c85e9809f46648c9845ffe0,new
columns/001-ball-count/publish/naver_20260918/check_main_v14.mjs,5375,7c67e4f4901c38744ee67bdddf793516cb06290df8eb27527b825b036963cd79,new
columns/001-ball-count/publish/naver_20260918/check_main_v15.mjs,5375,843e0f522208c1be9547bd4f018f972f2d8340e172b1e9a3858b3250175ca45a,new
columns/001-ball-count/publish/naver_20260918/check_main_v8.mjs,4548,06845a2dd3f321350c8625fa4b2827faed695187171058a709b8016a13feee37,new
columns/001-ball-count/publish/naver_20260918/check_main_v9.mjs,5308,d36a0e55ad6d1f5c29e45dd48d0a8fc6ee6f91d4c27da8b0f5e24ecbd833eb3d,new
columns/001-ball-count/publish/naver_20260918/check_models_v15.mjs,3205,77a4ff94f08aae0e9952585b0af9a9532205e864e82f0a635d14e9a05fa41b74,new
columns/001-ball-count/publish/naver_20260918/check_portable_v4.mjs,3057,acc44604394f18b391f9dff48f15a6db1640429de8639a355c3eca3d4060fc13,new
columns/001-ball-count/publish/naver_20260918/check_preview.mjs,4069,0ea38de829fc395c4d63f122cf116358ca8a7c48a307fab4090b237b5f0114b1,modified
columns/001-ball-count/publish/naver_20260918/check_structure_v5.py,1254,199335ad8e417d16fcc6b24a81850504b5abf457809395f22915857f317ad7f7,new
columns/001-ball-count/publish/naver_20260918/delivery_check.json,288,f9192e747c0b0948856c4cdf6e4fe8de6ef47ded3c45920c31f5b06cd73cbd13,modified
columns/001-ball-count/publish/naver_20260918/finish_v4.py,16739,170c52d5c5f3fb980ab8757159bdabc17f3fe45abbee502692ea9e8f2e7c3c3b,new
columns/001-ball-count/publish/naver_20260918/index.html,9861,89717c9b90520e83bd0a6df97ca8d47de80b00244f7a551f7bc547bfb5689e36,modified
columns/001-ball-count/publish/naver_20260918/main_v10/bcai_means.csv,448,9baf52f0075392a0aa2b26ce159545f7e73de15474fd333cc8d883c8ab69b7ba,new
columns/001-ball-count/publish/naver_20260918/main_v10/content_check.json,677,254ac4d5764c3307efb8fa3383d0c8c2945cba11bc4e03a615573d99a07141fb,new
columns/001-ball-count/publish/naver_20260918/main_v10/qa/01_ball_count_1280.png,86592,dc9b500ea878d40e0e9465e0833f528389ec451b0021a3b535e8d4a55083f859,new
columns/001-ball-count/publish/naver_20260918/main_v10/qa/01_ball_count_360.png,50751,4cb083f05036862afccdb4ca98dee5eb620008c4b7018f6f5f843c52345542c0,new
columns/001-ball-count/publish/naver_20260918/main_v10/qa/01_ball_count_390.png,54955,a7efb6f6d04de49b96b94cd46a79e24410074b48aa1af903e871511ca4fba75a,new
columns/001-ball-count/publish/naver_20260918/main_v10/qa/01_ball_count_note_1280.png,70555,34300ed9f6c7871c978a88a341995455a027c999b42c3f853653706c367736ef,new
columns/001-ball-count/publish/naver_20260918/main_v10/qa/01_ball_count_note_360.png,33774,740ae3bf465423b82e50269c0ef240357264c2b6e3dba999c65eb6384873d9d6,new
columns/001-ball-count/publish/naver_20260918/main_v10/qa/01_ball_count_note_390.png,37427,42d277f9fd4030897546ebe7d4f71c382c05491085098dd19d50cf3b4cd67b54,new
columns/001-ball-count/publish/naver_20260918/main_v10/qa/bcai-board_1280.png,40913,c16bd7691fcccbfe0053d9ea52398c2f076a9fdd3edb636bd5e42169825f94f4,new
columns/001-ball-count/publish/naver_20260918/main_v10/qa/bcai-board_360.png,33451,b14c02d56363690b5ac23ac3b7509512fd8da205f96b8e83e6eae5f260778305,new
columns/001-ball-count/publish/naver_20260918/main_v10/qa/bcai-board_390.png,33316,308cae84f0dddfe738ea88406db31ccffcbd7b7660c5b7a5bb791f44e04c34fe,new
columns/001-ball-count/publish/naver_20260918/main_v10/qa/figure_1_1280.png,79491,2a7cd8cbc9938454e12e7f75041d9942b03f406130842efcb1e6044a300535dd,new
columns/001-ball-count/publish/naver_20260918/main_v10/qa/figure_1_360.png,28076,5af31d98cc099e2dbbe4f85711057ac4f98a0bb1e3fd6a7bd03597ee98f26867,new
columns/001-ball-count/publish/naver_20260918/main_v10/qa/figure_1_390.png,32502,10824b93c1cfd1bde39da32b7e0bcca45be6b2eb8022aea888cd0f2e056e34b7,new
columns/001-ball-count/publish/naver_20260918/main_v10/qa/location-board_1280.png,27202,2ee3632b871f0ee5f3da9cf1a3ed82667187d040dd7c2e1743c3eff7c18d56d6,new
columns/001-ball-count/publish/naver_20260918/main_v10/qa/location-board_360.png,23899,1931f4bbf9249b32e7861d2fe9b2df5a2f136e4e5e800df839ecf00b75292e58,new
columns/001-ball-count/publish/naver_20260918/main_v10/qa/location-board_390.png,23952,0aa778ee95523da146cb8b7e828369ccefa8d953746c8293b84159606ec85a82,new
columns/001-ball-count/publish/naver_20260918/main_v10/qa/reference_1280.png,5455,bf3cfeeb976b2dcdc2da7955ecdf1ef772eaeebd2bc7cc8b6bf3b2cb061e49c3,new
columns/001-ball-count/publish/naver_20260918/main_v10/qa/reference_360.png,5357,9282591a496663043fc8392d496f4f9ae5b35e56adfa7cf91dc8d6b5bc8ab08a,new
columns/001-ball-count/publish/naver_20260918/main_v10/qa/reference_390.png,5218,462b5960639fe3c804587fb27444788f12bf08ec2cd1f346d548c6bde3fe05fe,new
columns/001-ball-count/publish/naver_20260918/main_v10/qa/swing_table_1280.png,8722,6763ab05f9f8a88bac56d16e2c6ede7ae78cc3da1c6699216157e4436f2b4f37,new
columns/001-ball-count/publish/naver_20260918/main_v10/qa/swing_table_360.png,7984,5a105b4c2e0e2df0b792ad0b4721f508583cbe8c0dbfa2f3d7452d47c041246c,new
columns/001-ball-count/publish/naver_20260918/main_v10/qa/swing_table_390.png,7970,4220a9d868ac0c1193a33498c70cd63978d5b36f1cf5e6fc2109d011ef14b30c,new
columns/001-ball-count/publish/naver_20260918/main_v10/render_check.json,199,1edfb8c82baac578684b5f5250a86e6829ae127be1ba031a44c4deeccfe3e1b6,new
columns/001-ball-count/publish/naver_20260918/main_v10/swing_example_2023.csv,621,35462710f45c91e4353bb382bce473719f43ec8c13ab46f5a466b65e47413f1e,new
columns/001-ball-count/publish/naver_20260918/main_v10/two_strike_swing.csv,493,f0288eb7002ea1fcd0289146141dfccfbd1620743c9cac40a622931648f533f6,new
columns/001-ball-count/publish/naver_20260918/main_v10/visual_check.json,2631,ae008703e6faaa9f2bc37b01cde1e73c63554d010b42bfbaf9bdc38995ecb9aa,new
columns/001-ball-count/publish/naver_20260918/main_v11/bcap_render_check.json,193,ab47b3bcfaaebe93bbd8748ae70da6902633e582280a11c481035dd2bfb3b008,new
columns/001-ball-count/publish/naver_20260918/main_v11/content_check.json,231,20a2f215980e0cc173edbeb1a66e9df33cb529887c0362fd7a1de0e4b6a5fd4c,new
columns/001-ball-count/publish/naver_20260918/main_v11/qa/01_ball_count_1280.png,86505,cd8486bd77566667d36916ccf682d8304eeda274697143f5fc27597df81920ba,new
columns/001-ball-count/publish/naver_20260918/main_v11/qa/01_ball_count_360.png,50694,67d5fe6feff84f2832b905f2fb79d4dda2feb90c5c6ad65e0d36052e68d41566,new
columns/001-ball-count/publish/naver_20260918/main_v11/qa/01_ball_count_390.png,54898,f73585a3b627d8d7d61806510d031c9f3b552be1b3920e54da3c9a3cb9797aa3,new
columns/001-ball-count/publish/naver_20260918/main_v11/qa/01_ball_count_note_1280.png,69309,f4b18ff16b9f6cfdd4aaba66f6b3c33805748cc82dcebeb7a7e1af2671028a0b,new
columns/001-ball-count/publish/naver_20260918/main_v11/qa/01_ball_count_note_360.png,34760,60e65b4a0910d84c182399c6d5e34b1159a0a85640781e1f495347a02e099f6a,new
columns/001-ball-count/publish/naver_20260918/main_v11/qa/01_ball_count_note_390.png,39062,ca5cc4d4694c11e9b5925ffe294be379689a88a64a82b950076039c762d39f94,new
columns/001-ball-count/publish/naver_20260918/main_v11/qa/03_bcap_1280.png,74650,c4471849a7c0a0512a5ae0e99cb0a9ff47b6bea2fe94f9c36d38bf037dfc5afb,new
columns/001-ball-count/publish/naver_20260918/main_v11/qa/03_bcap_360.png,44735,927e342b07987c62f2934aad5bbc2ef4298a195ee20371c28932ec81185122f5,new
columns/001-ball-count/publish/naver_20260918/main_v11/qa/03_bcap_390.png,51438,56a8f4cd3d0b7e44579f964ed41cdab83d50abaf9154cf4e975171ec2241f6fb,new
columns/001-ball-count/publish/naver_20260918/main_v11/qa/03_bcap_note_1280.png,59947,4c9cd9666fe7252b0e695a70e08720476c8f836fc51ac368754cafee2d00dc96,new
columns/001-ball-count/publish/naver_20260918/main_v11/qa/03_bcap_note_360.png,31731,4dece6beaf116539818ae6f4a79a55baf156d1187ef9439fe1082bc526df5675,new
columns/001-ball-count/publish/naver_20260918/main_v11/qa/03_bcap_note_390.png,36211,1e03021a2cae7b8e06919728d235d0c8773ba446d3d1e37c386d62fb240620b9,new
columns/001-ball-count/publish/naver_20260918/main_v11/qa/03_bcap_results_1280.png,57898,b968cd288212ceb419cce74f8174adbc65d88abcca57399d25eff8aaaa09c7dd,new
columns/001-ball-count/publish/naver_20260918/main_v11/qa/03_bcap_results_360.png,32178,946c827a34bb9d102ca826749cc2a30fe3a0a3d84108ab2ac710ac756bb08948,new
columns/001-ball-count/publish/naver_20260918/main_v11/qa/03_bcap_results_390.png,32400,25bb940744c30a61fc15a0bcd32959be0d377a00c23a1f2f644c29ce55f96f89,new
columns/001-ball-count/publish/naver_20260918/main_v11/qa/bcai-board_1280.png,40911,947abd66b228d426498653ab34302e6235de4d9ddc359678ccb8f3a884817044,new
columns/001-ball-count/publish/naver_20260918/main_v11/qa/bcai-board_360.png,33469,a0ef3a39aad2c9622ef054a8134386742f6c6bdedeea16510b11b5525233940f,new
columns/001-ball-count/publish/naver_20260918/main_v11/qa/bcai-board_390.png,33359,f241590a82b5a5105c8c770167200a30a0321871ac5117f9fa3a0fe75583273a,new
columns/001-ball-count/publish/naver_20260918/main_v11/qa/comparison_card_390.png,6464,3fd902a8cbdeef589353abf679e51c08f22405df6d467e1045a6a5f86c4f298d,new
columns/001-ball-count/publish/naver_20260918/main_v11/qa/figure_1_1280.png,79491,2a7cd8cbc9938454e12e7f75041d9942b03f406130842efcb1e6044a300535dd,new
columns/001-ball-count/publish/naver_20260918/main_v11/qa/figure_1_360.png,28000,0e1c4567e4d57d021b48735c4121432d7b7183c070337ffcac68cd30229c148d,new
columns/001-ball-count/publish/naver_20260918/main_v11/qa/figure_1_390.png,32502,10824b93c1cfd1bde39da32b7e0bcca45be6b2eb8022aea888cd0f2e056e34b7,new
columns/001-ball-count/publish/naver_20260918/main_v11/qa/location-board_1280.png,27202,2ee3632b871f0ee5f3da9cf1a3ed82667187d040dd7c2e1743c3eff7c18d56d6,new
columns/001-ball-count/publish/naver_20260918/main_v11/qa/location-board_360.png,23899,1931f4bbf9249b32e7861d2fe9b2df5a2f136e4e5e800df839ecf00b75292e58,new
columns/001-ball-count/publish/naver_20260918/main_v11/qa/location-board_390.png,23961,7d38d23124624047d44eda5c15f12f836272793c4dce3b10228d8927e0bcc135,new
columns/001-ball-count/publish/naver_20260918/main_v11/qa/reference_1280.png,5442,7c8a9868be6e166bb19f53d9e019fb2a5526665124954df2faeea63d5805ac58,new
columns/001-ball-count/publish/naver_20260918/main_v11/qa/reference_360.png,5356,7d5a4bd57d62160b6066b6cd934e2a15d6009362a69e0ce9d94b05b1e5fe462b,new
columns/001-ball-count/publish/naver_20260918/main_v11/qa/reference_390.png,5218,462b5960639fe3c804587fb27444788f12bf08ec2cd1f346d548c6bde3fe05fe,new
columns/001-ball-count/publish/naver_20260918/main_v11/qa/swing_table_1280.png,7514,084e295069c61138eb2e27c942dce7d881b86f5bc9f057608cec7fa9550ff557,new
columns/001-ball-count/publish/naver_20260918/main_v11/qa/swing_table_360.png,6701,a18e4452537a9c0555be7dbaeca7a12de860c5891eae2c7155de5b1abcc7c8e6,new
columns/001-ball-count/publish/naver_20260918/main_v11/qa/swing_table_390.png,6697,4f0ab57a9414d3bc1fab0fa62a6efe265f1d8943b502d08237ac3a3a7f8a9bcb,new
columns/001-ball-count/publish/naver_20260918/main_v11/render_check.json,199,71e1272f168acf39e3c98c1e8659271533ea2a96eaca42ffdedffb94a3e189a0,new
columns/001-ball-count/publish/naver_20260918/main_v11/visual_check.json,3460,ec2a0f8fa554f8e3007be2f9611da0649666b989fd577c85fa0b4ea269422536,new
columns/001-ball-count/publish/naver_20260918/main_v12/adjacent_count_differences.csv,757,ebd2ef4113a5854c0974edc10f292db704d25417d6e9e9cdbf4926e4d3963710,new
columns/001-ball-count/publish/naver_20260918/main_v12/content_check.json,267,6a4b250e0d3833bbe8ed355f235e572a4929a56ddaa8ea7746403ecf988e2a61,new
columns/001-ball-count/publish/naver_20260918/main_v12/qa/01_ball_count_1280.png,86550,59cbcc06c7d9ae76cf61bf4a65ee18b7e9e0fb1bad3f354450ac630f8d7bd2a2,new
columns/001-ball-count/publish/naver_20260918/main_v12/qa/01_ball_count_360.png,50731,528e717af10544652369f049d54533e3ccf292a5a149bac4ae786b634a62e136,new
columns/001-ball-count/publish/naver_20260918/main_v12/qa/01_ball_count_390.png,54934,60418c5e78af3656dfcd2fb4bd8f55e39200b3bbbe24de6888d52b0f35808aa2,new
columns/001-ball-count/publish/naver_20260918/main_v12/qa/01_ball_count_note_1280.png,69015,c0951d6831e0ff313d9769e6556e76e36ea63f2b05986b893f07fd3239bdd9cf,new
columns/001-ball-count/publish/naver_20260918/main_v12/qa/01_ball_count_note_360.png,34760,60e65b4a0910d84c182399c6d5e34b1159a0a85640781e1f495347a02e099f6a,new
columns/001-ball-count/publish/naver_20260918/main_v12/qa/01_ball_count_note_390.png,39062,ca5cc4d4694c11e9b5925ffe294be379689a88a64a82b950076039c762d39f94,new
columns/001-ball-count/publish/naver_20260918/main_v12/qa/bcai-board_1280.png,40911,4ab9312c4b2c895f01e6d1092d37038d411ed0b78313fbe77fa60eaffe2bf6f6,new
columns/001-ball-count/publish/naver_20260918/main_v12/qa/bcai-board_360.png,33470,cb67fdc6178a311e3ed1d2e73ea44a115ab383ddc0400273c9516be5562dea12,new
columns/001-ball-count/publish/naver_20260918/main_v12/qa/bcai-board_390.png,33338,ca56471f6cf1b248454cfdf8b4b9b02a043547918ec67fb85c237fcd88ae2855,new
columns/001-ball-count/publish/naver_20260918/main_v12/qa/location-board_1280.png,27202,2ee3632b871f0ee5f3da9cf1a3ed82667187d040dd7c2e1743c3eff7c18d56d6,new
columns/001-ball-count/publish/naver_20260918/main_v12/qa/location-board_360.png,23899,1931f4bbf9249b32e7861d2fe9b2df5a2f136e4e5e800df839ecf00b75292e58,new
columns/001-ball-count/publish/naver_20260918/main_v12/qa/location-board_390.png,23954,bda044524797c93b5a5e9b71440302e7b486a688755e3e4c6ca4494e97c4a3e0,new
columns/001-ball-count/publish/naver_20260918/main_v12/qa/reference_1280.png,5445,b34ca2e396122bac1e635e7536e1b5195512c5852efc6f5ed625c31e50675990,new
columns/001-ball-count/publish/naver_20260918/main_v12/qa/reference_360.png,5360,e25de3671ca698abd4a7314f8c502deb21e5c009f0ca24e8c0fb8d6a2a442d3a,new
columns/001-ball-count/publish/naver_20260918/main_v12/qa/reference_390.png,5218,462b5960639fe3c804587fb27444788f12bf08ec2cd1f346d548c6bde3fe05fe,new
columns/001-ball-count/publish/naver_20260918/main_v12/qa/swing_table_1280.png,8772,44ea55ae55ec2b7ac9b98ec03204463b11391fcc29f94eb0f703be0cda3206ae,new
columns/001-ball-count/publish/naver_20260918/main_v12/qa/swing_table_360.png,7542,6700b5cd19575ba8eb0570085e2d5225a01b9bbb934e74ccd6a8eb24709ba5e7,new
columns/001-ball-count/publish/naver_20260918/main_v12/qa/swing_table_390.png,7570,faeeeab6578166837a02cb03002afb59cdeeffd9ab9f5fc01a6089101e8576bb,new
columns/001-ball-count/publish/naver_20260918/main_v12/render_check.json,199,d45384cac5df9f71ff05a8a6e396d42904687345523e30ae197acd05cb671f1c,new
columns/001-ball-count/publish/naver_20260918/main_v12/visual_check.json,2412,eefd2757ee4aa35766f9a6d7634e62b24fab6ae85356dba635b8d72d6057d8a7,new
columns/001-ball-count/publish/naver_20260918/main_v13/content_check.json,223,8318d72b434c54c6eb0206593def65bd94896925e719f5d0c777d6ba37fdba32,new
columns/001-ball-count/publish/naver_20260918/main_v13/qa/01_ball_count_1280.png,86550,aad42680fc7110e1dc21ab5915dbcdb1d07320e3b15f262632c99109dc12e67e,new
columns/001-ball-count/publish/naver_20260918/main_v13/qa/01_ball_count_360.png,50736,8fa0a2d3f658ede7ed705e0a328fae2d5ba65188103a759c6915be7927eff917,new
columns/001-ball-count/publish/naver_20260918/main_v13/qa/01_ball_count_390.png,54939,8d72e39dab62ec8f9fed3489ca3981b9349a385d650b4695bcdbadddcc55ee9b,new
columns/001-ball-count/publish/naver_20260918/main_v13/qa/01_ball_count_note_1280.png,69309,f4b18ff16b9f6cfdd4aaba66f6b3c33805748cc82dcebeb7a7e1af2671028a0b,new
columns/001-ball-count/publish/naver_20260918/main_v13/qa/01_ball_count_note_360.png,34760,60e65b4a0910d84c182399c6d5e34b1159a0a85640781e1f495347a02e099f6a,new
columns/001-ball-count/publish/naver_20260918/main_v13/qa/01_ball_count_note_390.png,39062,ca5cc4d4694c11e9b5925ffe294be379689a88a64a82b950076039c762d39f94,new
columns/001-ball-count/publish/naver_20260918/main_v13/qa/bcai-board_1280.png,40911,947abd66b228d426498653ab34302e6235de4d9ddc359678ccb8f3a884817044,new
columns/001-ball-count/publish/naver_20260918/main_v13/qa/bcai-board_360.png,33469,a0ef3a39aad2c9622ef054a8134386742f6c6bdedeea16510b11b5525233940f,new
columns/001-ball-count/publish/naver_20260918/main_v13/qa/bcai-board_390.png,33359,f241590a82b5a5105c8c770167200a30a0321871ac5117f9fa3a0fe75583273a,new
columns/001-ball-count/publish/naver_20260918/main_v13/qa/location-board_1280.png,27202,e1525cf556d385f57ca77c1d726f930911474afabfd7edc1d6790502021e16d6,new
columns/001-ball-count/publish/naver_20260918/main_v13/qa/location-board_360.png,23891,2f8d58684670ed3829aebf636dc43245f89db89e0f3f4a18636237400e2d3928,new
columns/001-ball-count/publish/naver_20260918/main_v13/qa/location-board_390.png,23961,7d38d23124624047d44eda5c15f12f836272793c4dce3b10228d8927e0bcc135,new
columns/001-ball-count/publish/naver_20260918/main_v13/qa/reference_1280.png,5455,bf3cfeeb976b2dcdc2da7955ecdf1ef772eaeebd2bc7cc8b6bf3b2cb061e49c3,new
columns/001-ball-count/publish/naver_20260918/main_v13/qa/reference_360.png,5362,1f538feb531cc54241a324055bc8fb3966beaef22e4c7ca62d1392d3af25f8d3,new
columns/001-ball-count/publish/naver_20260918/main_v13/qa/reference_390.png,5204,b12a7afbfd2fff0342dc90b0a4c10bab58c5d6dd9fa51a4fdd2ff7f388001ea0,new
columns/001-ball-count/publish/naver_20260918/main_v13/qa/table_0_1280.png,8772,44ea55ae55ec2b7ac9b98ec03204463b11391fcc29f94eb0f703be0cda3206ae,new
columns/001-ball-count/publish/naver_20260918/main_v13/qa/table_0_360.png,7578,65e4fde3e151c1e6f89ff3f956fd9aad0086395bfc8282256165f37023bbaa94,new
columns/001-ball-count/publish/naver_20260918/main_v13/qa/table_0_390.png,7529,d173c599c1e99046dd0a2963607ac6a798560eb9d9c90318bc629316336a32f8,new
columns/001-ball-count/publish/naver_20260918/main_v13/qa/table_1_1280.png,21729,081ff30b818de89a3274487e0f4e4a24abc5ad1d5f2f278d98cb9a8970e3e71c,new
columns/001-ball-count/publish/naver_20260918/main_v13/qa/table_1_360.png,19630,99a78e92555cf1abcec217b78edebd4203b4552b19d0b2dacc6d5d4e6e8fe3db,new
columns/001-ball-count/publish/naver_20260918/main_v13/qa/table_1_390.png,19354,1fb09252ac0ea8da111024ead34c4d6233ab4a7401493e16e4ee7239c3c0f788,new
columns/001-ball-count/publish/naver_20260918/main_v13/qa/table_2_1280.png,22001,7f672bd32d7d550fd9e2795ebc0f1d5eeb30b8ea444863b1ecfc4229efe4d9f7,new
columns/001-ball-count/publish/naver_20260918/main_v13/qa/table_2_360.png,20519,23af1e8c2b1734b99f92b2565ec43aaa2040e2d81758f2b0b48fb175a5c73cbc,new
columns/001-ball-count/publish/naver_20260918/main_v13/qa/table_2_390.png,20633,be11a370f75e66ba35adbb5cb59655086890c123931fd8cbff9c4341cf6496be,new
columns/001-ball-count/publish/naver_20260918/main_v13/render_check.json,199,d6a792315179e6ba5607d43398dca0f58a6e95d316a38eb9decd6d97322c8ce2,new
columns/001-ball-count/publish/naver_20260918/main_v13/result_table_audit.json,8516,96fa3a5f58dc81afab44ab766018f0feee7755fc487cf7158382aa0555872616,new
columns/001-ball-count/publish/naver_20260918/main_v13/visual_check.json,2412,334d8c0042bb0ee36dde1c8348a21521df3bb12ef45e6cf48cf426ce3015ad57,new
columns/001-ball-count/publish/naver_20260918/main_v14/content_check.json,485,ab9a0f51976c0804ef85aeadb9e3d208f022e76052f7b916fbdd243f5b5544cb,new
columns/001-ball-count/publish/naver_20260918/main_v14/qa/01_ball_count_1280.png,86546,6a8c6b9560596845755a914755ed5064187a15a172be7f300f176c10eb079348,new
columns/001-ball-count/publish/naver_20260918/main_v14/qa/01_ball_count_360.png,50726,5050fcdda9deaf2b1135322372ffd0a9838170680534a567e96bb4f94b41b8af,new
columns/001-ball-count/publish/naver_20260918/main_v14/qa/01_ball_count_390.png,54930,949a19b88a5d0b201c3d59fef3c46d8e576c5ef39107e74f12c61965188b4765,new
columns/001-ball-count/publish/naver_20260918/main_v14/qa/01_ball_count_note_1280.png,69309,f4b18ff16b9f6cfdd4aaba66f6b3c33805748cc82dcebeb7a7e1af2671028a0b,new
columns/001-ball-count/publish/naver_20260918/main_v14/qa/01_ball_count_note_360.png,34760,60e65b4a0910d84c182399c6d5e34b1159a0a85640781e1f495347a02e099f6a,new
columns/001-ball-count/publish/naver_20260918/main_v14/qa/01_ball_count_note_390.png,39062,ca5cc4d4694c11e9b5925ffe294be379689a88a64a82b950076039c762d39f94,new
columns/001-ball-count/publish/naver_20260918/main_v14/qa/bcai-board_1280.png,40911,947abd66b228d426498653ab34302e6235de4d9ddc359678ccb8f3a884817044,new
columns/001-ball-count/publish/naver_20260918/main_v14/qa/bcai-board_360.png,33469,a0ef3a39aad2c9622ef054a8134386742f6c6bdedeea16510b11b5525233940f,new
columns/001-ball-count/publish/naver_20260918/main_v14/qa/bcai-board_390.png,33359,f241590a82b5a5105c8c770167200a30a0321871ac5117f9fa3a0fe75583273a,new
columns/001-ball-count/publish/naver_20260918/main_v14/qa/location-board_1280.png,27202,e1525cf556d385f57ca77c1d726f930911474afabfd7edc1d6790502021e16d6,new
columns/001-ball-count/publish/naver_20260918/main_v14/qa/location-board_360.png,23891,2f8d58684670ed3829aebf636dc43245f89db89e0f3f4a18636237400e2d3928,new
columns/001-ball-count/publish/naver_20260918/main_v14/qa/location-board_390.png,23961,7d38d23124624047d44eda5c15f12f836272793c4dce3b10228d8927e0bcc135,new
columns/001-ball-count/publish/naver_20260918/main_v14/qa/reference_1280.png,5440,a0fbb158e000631669632dc8f0832674fad54853cab3e6af6b040a47111c293f,new
columns/001-ball-count/publish/naver_20260918/main_v14/qa/reference_360.png,5359,ae109510b4d3d6086c59059c1af462a467f2d95d3009de0f0518a7fdd6763766,new
columns/001-ball-count/publish/naver_20260918/main_v14/qa/reference_390.png,5217,b435ef43a9ba9f85346b713ca6088efcdfa1cffbdf8fe427f39b0e7343b7cd9d,new
columns/001-ball-count/publish/naver_20260918/main_v14/qa/table_0_1280.png,8772,44ea55ae55ec2b7ac9b98ec03204463b11391fcc29f94eb0f703be0cda3206ae,new
columns/001-ball-count/publish/naver_20260918/main_v14/qa/table_0_360.png,7578,65e4fde3e151c1e6f89ff3f956fd9aad0086395bfc8282256165f37023bbaa94,new
columns/001-ball-count/publish/naver_20260918/main_v14/qa/table_0_390.png,7529,d173c599c1e99046dd0a2963607ac6a798560eb9d9c90318bc629316336a32f8,new
columns/001-ball-count/publish/naver_20260918/main_v14/qa/table_1_1280.png,21729,081ff30b818de89a3274487e0f4e4a24abc5ad1d5f2f278d98cb9a8970e3e71c,new
columns/001-ball-count/publish/naver_20260918/main_v14/qa/table_1_360.png,19630,99a78e92555cf1abcec217b78edebd4203b4552b19d0b2dacc6d5d4e6e8fe3db,new
columns/001-ball-count/publish/naver_20260918/main_v14/qa/table_1_390.png,19354,1fb09252ac0ea8da111024ead34c4d6233ab4a7401493e16e4ee7239c3c0f788,new
columns/001-ball-count/publish/naver_20260918/main_v14/qa/table_2_1280.png,22001,7f672bd32d7d550fd9e2795ebc0f1d5eeb30b8ea444863b1ecfc4229efe4d9f7,new
columns/001-ball-count/publish/naver_20260918/main_v14/qa/table_2_360.png,20519,23af1e8c2b1734b99f92b2565ec43aaa2040e2d81758f2b0b48fb175a5c73cbc,new
columns/001-ball-count/publish/naver_20260918/main_v14/qa/table_2_390.png,20633,be11a370f75e66ba35adbb5cb59655086890c123931fd8cbff9c4341cf6496be,new
columns/001-ball-count/publish/naver_20260918/main_v14/reference_changes.json,15275,33755e968b0129bcca00c19e97d97b38b7e2681c295128f00fe7d1557fc3f410,new
columns/001-ball-count/publish/naver_20260918/main_v14/render_check.json,199,f4549709796f328a256aceeb42a941e6544b7e4323be4a208f6d21f2f1368299,new
columns/001-ball-count/publish/naver_20260918/main_v14/visual_check.json,2412,f85fbdce407f01d4e33cbd656f564a06223f538fed701edabd8a49145bfa527b,new
columns/001-ball-count/publish/naver_20260918/main_v15/bcap_render_check.json,319,dfc3c5d34298046283df135460e2d344ccaafde883b6ad8c42a504547c358184,new
columns/001-ball-count/publish/naver_20260918/main_v15/content_check.json,343,fe0aadd50d2a859a79e985f6352461829b2e1e2bc51e49e831d911adcc1681b0,new
columns/001-ball-count/publish/naver_20260918/main_v15/qa/01_ball_count_1280.png,86535,09cd999676cbec655802e42797831c1f5524917199a469c43ee3a58d3c58b000,new
columns/001-ball-count/publish/naver_20260918/main_v15/qa/01_ball_count_360.png,50726,58f22e942299b004c1c376b6751eaf5bf9bc01318386a2eb373544d52ca6202e,new
columns/001-ball-count/publish/naver_20260918/main_v15/qa/01_ball_count_390.png,54930,d3bb54ce92a8a55e8431937c21a6b8635c1595c99a7ca55930d8947f350557a8,new
columns/001-ball-count/publish/naver_20260918/main_v15/qa/01_ball_count_note_1280.png,69309,f4b18ff16b9f6cfdd4aaba66f6b3c33805748cc82dcebeb7a7e1af2671028a0b,new
columns/001-ball-count/publish/naver_20260918/main_v15/qa/01_ball_count_note_360.png,34760,60e65b4a0910d84c182399c6d5e34b1159a0a85640781e1f495347a02e099f6a,new
columns/001-ball-count/publish/naver_20260918/main_v15/qa/01_ball_count_note_390.png,39062,ca5cc4d4694c11e9b5925ffe294be379689a88a64a82b950076039c762d39f94,new
columns/001-ball-count/publish/naver_20260918/main_v15/qa/bcai-board_1280.png,40911,947abd66b228d426498653ab34302e6235de4d9ddc359678ccb8f3a884817044,new
columns/001-ball-count/publish/naver_20260918/main_v15/qa/bcai-board_360.png,33469,a0ef3a39aad2c9622ef054a8134386742f6c6bdedeea16510b11b5525233940f,new
columns/001-ball-count/publish/naver_20260918/main_v15/qa/bcai-board_390.png,33359,f241590a82b5a5105c8c770167200a30a0321871ac5117f9fa3a0fe75583273a,new
columns/001-ball-count/publish/naver_20260918/main_v15/qa/location-board_1280.png,27202,e1525cf556d385f57ca77c1d726f930911474afabfd7edc1d6790502021e16d6,new
columns/001-ball-count/publish/naver_20260918/main_v15/qa/location-board_360.png,23891,2f8d58684670ed3829aebf636dc43245f89db89e0f3f4a18636237400e2d3928,new
columns/001-ball-count/publish/naver_20260918/main_v15/qa/location-board_390.png,23961,7d38d23124624047d44eda5c15f12f836272793c4dce3b10228d8927e0bcc135,new
columns/001-ball-count/publish/naver_20260918/main_v15/qa/reference_1280.png,5445,5f1bcfc7f8701de5c2b6bc50d8621b53429d72520f4d0d62b1cb75c364d7a15b,new
columns/001-ball-count/publish/naver_20260918/main_v15/qa/reference_360.png,5357,9282591a496663043fc8392d496f4f9ae5b35e56adfa7cf91dc8d6b5bc8ab08a,new
columns/001-ball-count/publish/naver_20260918/main_v15/qa/reference_390.png,5205,02a5523dee2127be08966e09b79663c0aaaa9ca74b0c60280771b99ce42fb243,new
columns/001-ball-count/publish/naver_20260918/main_v15/qa/table_0_1280.png,8772,44ea55ae55ec2b7ac9b98ec03204463b11391fcc29f94eb0f703be0cda3206ae,new
columns/001-ball-count/publish/naver_20260918/main_v15/qa/table_0_360.png,7578,65e4fde3e151c1e6f89ff3f956fd9aad0086395bfc8282256165f37023bbaa94,new
columns/001-ball-count/publish/naver_20260918/main_v15/qa/table_0_390.png,7529,d173c599c1e99046dd0a2963607ac6a798560eb9d9c90318bc629316336a32f8,new
columns/001-ball-count/publish/naver_20260918/main_v15/qa/table_1_1280.png,21729,081ff30b818de89a3274487e0f4e4a24abc5ad1d5f2f278d98cb9a8970e3e71c,new
columns/001-ball-count/publish/naver_20260918/main_v15/qa/table_1_360.png,19630,99a78e92555cf1abcec217b78edebd4203b4552b19d0b2dacc6d5d4e6e8fe3db,new
columns/001-ball-count/publish/naver_20260918/main_v15/qa/table_1_390.png,19354,1fb09252ac0ea8da111024ead34c4d6233ab4a7401493e16e4ee7239c3c0f788,new
columns/001-ball-count/publish/naver_20260918/main_v15/qa/table_2_1280.png,22001,7f672bd32d7d550fd9e2795ebc0f1d5eeb30b8ea444863b1ecfc4229efe4d9f7,new
columns/001-ball-count/publish/naver_20260918/main_v15/qa/table_2_360.png,20519,23af1e8c2b1734b99f92b2565ec43aaa2040e2d81758f2b0b48fb175a5c73cbc,new
columns/001-ball-count/publish/naver_20260918/main_v15/qa/table_2_390.png,20633,be11a370f75e66ba35adbb5cb59655086890c123931fd8cbff9c4341cf6496be,new
columns/001-ball-count/publish/naver_20260918/main_v15/reference_changes.json,17754,58cbef680946998f45b06ebf988870c7d4d3f22d4ace6887afebcac77797473e,new
columns/001-ball-count/publish/naver_20260918/main_v15/render_check.json,199,5100e3174d5b88e5e80b2f5945d70b937df4bfc52c19c7503669943d95a3a67c,new
columns/001-ball-count/publish/naver_20260918/main_v15/visual_check.json,2412,56d6814e56608617e257d0ec32ffe748e4e64a4df4098ea73b7cb11427b5e392,new
columns/001-ball-count/publish/naver_20260918/main_v8/bcai_11seasons.png,16213,91ef08f82ffefb30eb9eb99a1efe6f1e08faa12d09cc8ad553b3243c2be43e9b,new
columns/001-ball-count/publish/naver_20260918/main_v8/bcai_12counts.csv,778,78eee2019d81eb99a2a65b9070442f8ff1d3abf444e0ba4f78eea44faca1fe12,new
columns/001-ball-count/publish/naver_20260918/main_v8/content_check.json,625,f50680dcaf66ef43043db84632be4750eee15b50976483f7dc6369afee0ba68e,new
columns/001-ball-count/publish/naver_20260918/main_v8/qa/01_ball_count_1280.png,76231,2fc9f2836b73c394d80f5d54e85f4504f81b80e546a783caccd902c2bc840161,new
columns/001-ball-count/publish/naver_20260918/main_v8/qa/01_ball_count_390.png,52306,fd59d7004f2119aa7b1bffe1558bf3c4adcd07d993981632ecb38b5a16bfb812,new
columns/001-ball-count/publish/naver_20260918/main_v8/qa/01_ball_count_note_1280.png,78359,ab42241a7d198af30264545f2c9a953ab8226b47a66c6e80628115ce533afdac,new
columns/001-ball-count/publish/naver_20260918/main_v8/qa/01_ball_count_note_390.png,36933,8ff0baf5dce337d1890e9fbae30ebf2985208e5c7b082431e092c33f201c3b20,new
columns/001-ball-count/publish/naver_20260918/main_v8/qa/01_ball_count_results_1280.png,56857,03b64cc38cde76e12a7f110fe74be3286110ec8e1d079ea0e22d714a2c72f39d,new
columns/001-ball-count/publish/naver_20260918/main_v8/qa/01_ball_count_results_390.png,34530,a191308b2bb151f8e06c67bfad1de8e00b7c6684258a1023006fbf1c0726f160,new
columns/001-ball-count/publish/naver_20260918/main_v8/qa/figure_1_1280.png,57852,8a7e4895c6c84e2a641638d0b15f1466ec0faaad099ea6eb7eb4120a5a16359d,new
columns/001-ball-count/publish/naver_20260918/main_v8/qa/figure_1_390.png,21525,c3b943410a31c81ea38dd3994c6ddd2f6e1fe862afc97cbf4657de38752c1624,new
columns/001-ball-count/publish/naver_20260918/main_v8/qa/figure_2_1280.png,79491,2a7cd8cbc9938454e12e7f75041d9942b03f406130842efcb1e6044a300535dd,new
columns/001-ball-count/publish/naver_20260918/main_v8/qa/figure_2_390.png,32502,10824b93c1cfd1bde39da32b7e0bcca45be6b2eb8022aea888cd0f2e056e34b7,new
columns/001-ball-count/publish/naver_20260918/main_v8/render_check.json,199,dac0dd4480a251578ce97185e3d3a93a493ba78f573bbbeb3c741ebcb9ee0580,new
columns/001-ball-count/publish/naver_20260918/main_v8/visual_check.json,1343,34a80602a13856b99e6b734f92994d5934b1f556103482c3cdcd389086ffb60f,new
columns/001-ball-count/publish/naver_20260918/main_v9/content_check.json,720,02d9baff7ae508f3e0b20ec1c91b027cf6b3fadbc0f8d150004833f8d418f935,new
columns/001-ball-count/publish/naver_20260918/main_v9/qa/01_ball_count_1280.png,86587,ee5a2948fcdabfa3716112d0b5bcb829a1c8dd3afcb78b6e17ab4e943564b768,new
columns/001-ball-count/publish/naver_20260918/main_v9/qa/01_ball_count_360.png,50752,575c38a1684177134d6e8dd63283727dc238a8b1bf7966b8ab1d56dd69265bef,new
columns/001-ball-count/publish/naver_20260918/main_v9/qa/01_ball_count_390.png,54951,f7d0cf1a6c09972f00d34b4a8b9e5b4b5285f65c35fed6990d40b3cc990b8bc2,new
columns/001-ball-count/publish/naver_20260918/main_v9/qa/01_ball_count_note_1280.png,77125,1fac872f1584778538308b0b5b09f7884524f4446d6f90997e3b493d159f73a0,new
columns/001-ball-count/publish/naver_20260918/main_v9/qa/01_ball_count_note_360.png,32611,ad944d1e43d68b8c02af85c12be9957b6762e21c03a589cdc3d8cb88a3bc8f66,new
columns/001-ball-count/publish/naver_20260918/main_v9/qa/01_ball_count_note_390.png,42539,5fdda1d00576a8a070eaae4659514c772fd3c0c7ec4cc36197f302fc1dc25425,new
columns/001-ball-count/publish/naver_20260918/main_v9/qa/bcai-board_1280.png,56919,82ba9cdf6ccf7f883ff3228e1b8c5a90c6e5a82296df67ef8b91bdc891939c6d,new
columns/001-ball-count/publish/naver_20260918/main_v9/qa/bcai-board_360.png,46592,36fe9f687a4d6edfa7dd0603f49c10c0c05be94106b5b1224b2b9d2340666568,new
columns/001-ball-count/publish/naver_20260918/main_v9/qa/bcai-board_390.png,46657,899007fb536aa1d94f0959afe2c2527a90cb1c52eeb452c8d31006eb5d97b5ce,new
columns/001-ball-count/publish/naver_20260918/main_v9/qa/figure_1_1280.png,79491,1380d2875eb46c21e697e0ae2ed00b2fb62da595610bb188068c944b9b27d724,new
columns/001-ball-count/publish/naver_20260918/main_v9/qa/figure_1_360.png,28085,c0810cb75955753b589baa62c82ffde9efc64e2401071c4213eb2e1d4f88e01c,new
columns/001-ball-count/publish/naver_20260918/main_v9/qa/figure_1_390.png,32503,850a9a0dd1f76df7c704cff1c79406232450b7d6c3e548135af1a81e20da03d6,new
columns/001-ball-count/publish/naver_20260918/main_v9/qa/location-board_1280.png,27202,2da3392e083a566321741fe736fd703b32daf69d85b507ccc74d1b49c1a05719,new
columns/001-ball-count/publish/naver_20260918/main_v9/qa/location-board_360.png,23891,2f8d58684670ed3829aebf636dc43245f89db89e0f3f4a18636237400e2d3928,new
columns/001-ball-count/publish/naver_20260918/main_v9/qa/location-board_390.png,23951,9b73b1c5d40c41540c7167839537736b6944977096074c1eda7b0d3c3e9cfcc6,new
columns/001-ball-count/publish/naver_20260918/main_v9/qa/reference_1280.png,5455,41049543affcaa849b0e36fd4a1d5e4f9719b4f9259d7c63dc1748e480f93a70,new
columns/001-ball-count/publish/naver_20260918/main_v9/qa/reference_360.png,5357,fdcac594a3027c6e9eb49d44406583586fc8a662ebfae04a89d7aa50ece2bf2d,new
columns/001-ball-count/publish/naver_20260918/main_v9/qa/reference_390.png,5217,74fbc4b3f2923b487647a7ccb40856ea74f3104618694b27765cc4ec56ff5cd7,new
columns/001-ball-count/publish/naver_20260918/main_v9/qa/swing_table_1280.png,7680,1f8c4f4cf9be90298a779194cc1f91d5a307641e7432daede912d3134f866d98,new
columns/001-ball-count/publish/naver_20260918/main_v9/qa/swing_table_360.png,7413,ea879f507835ac1a83f43269ff3e580b6f505eee4573b7e1137a20c1674ee75c,new
columns/001-ball-count/publish/naver_20260918/main_v9/qa/swing_table_390.png,7238,0d5aef71b52f7fff1665c1ca1ebb4bc0cae3ca461584ccbc232e5dd2d0f334ea,new
columns/001-ball-count/publish/naver_20260918/main_v9/render_check.json,199,4cb6ba9e2678ad0d9865df261ba077d9ef32c399b7e45851243b3b94177f80f6,new
columns/001-ball-count/publish/naver_20260918/main_v9/visual_check.json,2631,dc3ffc33bdcff4e9da80db0bbeca9d708155e9789744803ae90a75bc762a0ecc,new
columns/001-ball-count/publish/naver_20260918/manuscript_source_map.md,7643,f451f860ef6417cd9eb7764d86278129b77b6a508196b133e6676add6c8abe05,modified
columns/001-ball-count/publish/naver_20260918/models_v15/content_check.json,3034,17087b31cbb8938cde339fd091c30609ca2f95f6d20c8f90ee4682a0aa6f3aee,new
columns/001-ball-count/publish/naver_20260918/models_v15/qa/02_bcai_1280.png,70462,4fa734a2c1cbf11997a664498ba3790f3a7e48c3f41cf760e51ed238aa71cda0,new
columns/001-ball-count/publish/naver_20260918/models_v15/qa/02_bcai_360.png,50484,f86ff6edee7e7196c5bc3d81937f52fedb02d6f94e349bceba35d316626d6d5d,new
columns/001-ball-count/publish/naver_20260918/models_v15/qa/02_bcai_390.png,52009,523df1e4fd2c4b2f8032e862b55d41850b833355ce34180c457816208e8defb7,new
columns/001-ball-count/publish/naver_20260918/models_v15/qa/02_bcai_method_1280.png,74756,e34d62dea1f50ec82de814cee500c65c701faf5a96c6b8eb8c0a18315b35190c,new
columns/001-ball-count/publish/naver_20260918/models_v15/qa/02_bcai_method_360.png,47565,b535f96e6dcf586c9487a5c449d7e7b4657c473295b8cefb5daeda4efee30b3a,new
columns/001-ball-count/publish/naver_20260918/models_v15/qa/02_bcai_method_390.png,49601,6977b311cfdaeeda4a2df68a13a3729bf7ca1239819288f60de6bc37f6f0ca9c,new
columns/001-ball-count/publish/naver_20260918/models_v15/qa/02_bcai_table_1280.png,40894,c180eed030165ea69214def8f5877bf00472ecca1011dc136142472e287e6aca,new
columns/001-ball-count/publish/naver_20260918/models_v15/qa/02_bcai_table_360.png,33481,dd5b66cea357b9c5bf3fcda4644501d67f711add439c9c6dae863dceab5863a5,new
columns/001-ball-count/publish/naver_20260918/models_v15/qa/02_bcai_table_390.png,33311,c4ffe4f2fe5961cd96eb0cb9649321d5804cfbb7514988044d2cbf7853969e61,new
columns/001-ball-count/publish/naver_20260918/models_v15/qa/03_bcap_1280.png,74457,fd3ede8a673ebf7b8190baf8566177119d215cd468e36d69df5110445aae0f68,new
columns/001-ball-count/publish/naver_20260918/models_v15/qa/03_bcap_360.png,50202,da7ad94bf1a0c030902d83f0e4bcde3ab4c19611c5563823804ea9bbe4209cae,new
columns/001-ball-count/publish/naver_20260918/models_v15/qa/03_bcap_390.png,53502,1027c6bc38de03e122648edc781e4d1f986e27ffe289ddfb5e7bfacbfb341fd8,new
columns/001-ball-count/publish/naver_20260918/models_v15/qa/03_bcap_detail_0_1280.png,19458,f20510f574e3f616bedac9011a7cbfd3fe55e9c08dccf84e40aa1c8d8c93e984,new
columns/001-ball-count/publish/naver_20260918/models_v15/qa/03_bcap_detail_0_360.png,54724,18acf26f89acf35cc634ec0d398605e802af37c38092f63e3144659fc918cc0c,new
columns/001-ball-count/publish/naver_20260918/models_v15/qa/03_bcap_detail_0_390.png,55023,b000b50786bc4697de468b05a2f28a6327723ec7c22ceb8c4d04dcff57c079c7,new
columns/001-ball-count/publish/naver_20260918/models_v15/qa/03_bcap_detail_1_1280.png,22083,2435a966b2b1588a40a5ebb2e137193f9165d8ec1f10c17f3e9561d8e0542f10,new
columns/001-ball-count/publish/naver_20260918/models_v15/qa/03_bcap_detail_1_360.png,53217,fd7bdc8819aad3035d8de24e14b374af82a8fa539e0c8cb38674c0bd02c53215,new
columns/001-ball-count/publish/naver_20260918/models_v15/qa/03_bcap_detail_1_390.png,53617,a0d908e40ddc82e77a10b9c0a93e4ea32a64e9d60ca87afa73f54d398eea17d8,new
columns/001-ball-count/publish/naver_20260918/models_v15/qa/03_bcap_detail_2_1280.png,10214,e7838499f9f030cfb96d1d62c2384b4864fd08aae0d77370d2aa09eef998a7ee,new
columns/001-ball-count/publish/naver_20260918/models_v15/qa/03_bcap_detail_2_360.png,13484,d7ed3a726394e728e1032fe10a1d924ce8728d9277807aa6e84238020796c1ed,new
columns/001-ball-count/publish/naver_20260918/models_v15/qa/03_bcap_detail_2_390.png,13245,3112267818e45fdb9e0fb2fb578e867d7960576d0393a028b590dd417fdd813a,new
columns/001-ball-count/publish/naver_20260918/models_v15/qa/03_bcap_detail_3_1280.png,6706,f8c7c493703eaa398f1a5b53e6ef43e437fda8c1d7493a91712bfde34a568649,new
columns/001-ball-count/publish/naver_20260918/models_v15/qa/03_bcap_detail_3_360.png,10238,382c85d0e2a621e77cb0931c6020d7daca5cfe07118b5c3b61a77b03707d5534,new
columns/001-ball-count/publish/naver_20260918/models_v15/qa/03_bcap_detail_3_390.png,10339,dcc21e60cc7e97a6d5e4b80ca5155a6b8fac154ec21a88e5d658b9b5db88050b,new
columns/001-ball-count/publish/naver_20260918/models_v15/qa/03_bcap_detail_4_1280.png,11343,16bdb9ee787851c1080991533dbaaf131275e33ddb55a92d9867c2b76751038f,new
columns/001-ball-count/publish/naver_20260918/models_v15/qa/03_bcap_detail_4_360.png,17730,a18261d3f41ed47b5b7db0631f3f5d5ee1fa55357f1f895b6731f9810362ad21,new
columns/001-ball-count/publish/naver_20260918/models_v15/qa/03_bcap_detail_4_390.png,17803,bf48fc70a5dc558b5a0f7bf0cbf0a6ebc752b024a2a042f1df405e7edfafafb7,new
columns/001-ball-count/publish/naver_20260918/models_v15/qa/03_bcap_method_1280.png,99045,722abf1bb7729ba4c0cb2fd1c355ee0f7db365c56ae22ce1ef04b2dbd2a3bb3e,new
columns/001-ball-count/publish/naver_20260918/models_v15/qa/03_bcap_method_360.png,55147,997ffb688bdff4673477994fa31ce8f730dad13b315cc2706df3e3a47bb4c49a,new
columns/001-ball-count/publish/naver_20260918/models_v15/qa/03_bcap_method_390.png,56962,a480f4f64936b41f141b21f97b2bde7c5836a972b54e62dc20ad913d08bcef5e,new
columns/001-ball-count/publish/naver_20260918/models_v15/qa/03_bcap_table_1280.png,27201,4510dc014309fddff6a854c09faf7119c726b4e2df58ee3b47c8c0e89557c297,new
columns/001-ball-count/publish/naver_20260918/models_v15/qa/03_bcap_table_360.png,23899,1931f4bbf9249b32e7861d2fe9b2df5a2f136e4e5e800df839ecf00b75292e58,new
columns/001-ball-count/publish/naver_20260918/models_v15/qa/03_bcap_table_390.png,23954,bda044524797c93b5a5e9b71440302e7b486a688755e3e4c6ca4494e97c4a3e0,new
columns/001-ball-count/publish/naver_20260918/models_v15/visual_check.json,1808,cea44e2a2e129d17f7d642d38d7219bfdba5daa698af470b14a73c7faac62468,new
columns/001-ball-count/publish/naver_20260918/portable_check_v4.json,1929,dc83735ab875e973029ce1114beb86cc02a1ee7dd447fbafaa97301826af45ca,new
columns/001-ball-count/publish/naver_20260918/prepare_history_v7.R,1552,fc2eb0e196df5573d0d62f9befa0cf93243f0ceb7d82e3ec1be086db2d2dfe26,new
columns/001-ball-count/publish/naver_20260918/prepare_main_v10.R,925,a9144c64b2dcd498bc32ef0cf2d1e836427ee3a1b3a30a2b7430bd34b4ee956d,new
columns/001-ball-count/publish/naver_20260918/prepare_main_v8.R,1602,a49a419be8c3caa334c7aa179977935391fe623395b41827b1b91581004a5dcb,new
columns/001-ball-count/publish/naver_20260918/render_check.json,729,a35f90f308ed5bd67e880d7c9a2420776b33e2f78bf475547aca717f55f2d13c,modified
columns/001-ball-count/publish/naver_20260918/restructure_v5.py,16319,624c73a6c7b411aee4b08038f5c6ccf8de9ff2b098ed844b1f44c25fe7baec41,new
columns/001-ball-count/publish/naver_20260918/review_v4_20260927/01_ball_count.html,47376,5b89f939ad220b5670c9384cf308f9e2bfe06f2e9c59795c94aeaf2dcc83ebed,new
columns/001-ball-count/publish/naver_20260918/review_v4_20260927/01_ball_count.md,30881,b7fb3e64fb4d216ce16c3e8214ac8555195a8f926e793b1c938de786771d35de,new
columns/001-ball-count/publish/naver_20260918/review_v4_20260927/02_bcai.html,44595,54eae875127e709ebae1f94aa5b00ea541b6a34f5369c6a953c967e219912d20,new
columns/001-ball-count/publish/naver_20260918/review_v4_20260927/02_bcai.md,28483,28018bef8d11116b0dd0007604b2e8fe681d7d18745f7c21947978faa247173b,new
columns/001-ball-count/publish/naver_20260918/review_v4_20260927/03_bcap.html,44473,bdb17d79843c9fd5c2de08229d65b67d078e29b1e46f1d93bb4d8aaf48d92e82,new
columns/001-ball-count/publish/naver_20260918/review_v4_20260927/03_bcap.md,28652,0fe05a94bebbb7f67560fba8c69a71e3d8689278b5ac645c71e2976dc3222d27,new
columns/001-ball-count/publish/naver_20260918/review_v4_20260927/04_references_ko.html,71632,66aec5e9ab27b4b160d0da35dbc346a3aa676cf8a60d469461b8b8b9ab39afab,new
columns/001-ball-count/publish/naver_20260918/review_v4_20260927/04_references_ko.md,47094,d7f5ecfca67c9c4299555ddd2037fded4b1d632b53bb390563881d3d9b9bc5bd,new
columns/001-ball-count/publish/naver_20260918/review_v4_20260927/05_data_validation.html,41171,b5db66536f8bf99bacce490e11e4aa72b6198563664b2abfa8ca402f51532ccf,new
columns/001-ball-count/publish/naver_20260918/review_v4_20260927/05_data_validation.md,25259,8f7fbc6f0d7c7ae4ffd0082455b8f1b5550c20a7cee419031527825db72e8918,new
columns/001-ball-count/publish/naver_20260918/review_v4_20260927/README.md,1986,2a3d030b52c9dfd51090a2588fe1859333e94a56a17e8b8b75878f9a446f5690,new
columns/001-ball-count/publish/naver_20260918/review_v4_20260927/assets/01_bcai_grid.png,112574,22f148d2cab461ab689721fcc5212d24c7bd3b31454119faa1012df482d2ea2b,new
columns/001-ball-count/publish/naver_20260918/review_v4_20260927/assets/02_sb_development.png,100466,75bf43bc219f142f2e7c490bc12c92a28a096ccece7876991530a677591d2e56,new
columns/001-ball-count/publish/naver_20260918/review_v4_20260927/assets/03_sb_2023.png,60884,2e09287a1988d4da7d056b687ff29862b2e21ff229eaaa739a351bab314b1742,new
columns/001-ball-count/publish/naver_20260918/review_v4_20260927/assets/04_zone_map.png,62076,50251ac5d98bcca421be50c925beaff6d3a7039e883f8f11cabb70cba781ed37,new
columns/001-ball-count/publish/naver_20260918/review_v4_20260927/assets/05_swing_2023.png,186353,4171da0b38de5d80ce1abefb42b27f3064fc7edb1ad4df9b3c762e02d942e664,new
columns/001-ball-count/publish/naver_20260918/review_v4_20260927/assets/06_bcai_intervals.png,79528,40a00129371bd273801f1fb9dd9f8fa9ffe15d821bc2b0fb960a816677f8664c,new
columns/001-ball-count/publish/naver_20260918/review_v4_20260927/assets/07_state_gaps.png,66703,6aa2589e410f628322629d49dc6b9f641657a10d06dd61d4f9824df6fffd0c99,new
columns/001-ball-count/publish/naver_20260918/review_v4_20260927/assets/08_three_ball.png,74453,03d69e8624427e19630a6b2416688fa56d2ec0e4b1586583ec92b6af4101abfa,new
columns/001-ball-count/publish/naver_20260918/review_v4_20260927/index.html,8633,22c69cbeccaf0915b022f231f713bbfd8f56e46498cef116022e7768391262ef,new
columns/001-ball-count/publish/naver_20260918/review_v4_20260927/네이버_첨부그림_8장_v4.zip,683954,8717cc39711bdcd339407ca2df74bbbdd947a0576acb1a1790d32644c5860699,new
columns/001-ball-count/publish/naver_20260918/revise_history_v7.py,44309,1d843c5450fd5812acef69f2da63aeb2ead83ba36fc299ad70d70eb6c8a0cbfb,new
columns/001-ball-count/publish/naver_20260918/revise_main_v10.py,22251,95cc3a9a1c35020d3c2804ac1c08ad5c3c151b8cf534f09e03ce71aa8a6501af,new
columns/001-ball-count/publish/naver_20260918/revise_main_v11.py,14714,71b46c434c1acac3bb5dcfdfd8ab9aa160e754526470ced8a1d2c6ec0965fe11,new
columns/001-ball-count/publish/naver_20260918/revise_main_v12.py,7520,427428f5833104c6bb431b2617e2c8873f51c312dcdb1a6e63ba308980363108,new
columns/001-ball-count/publish/naver_20260918/revise_main_v13.py,9265,ec2d7e34ed9cf7a8bca1e0ba430469e88cdaac2cff0e2f823ef53aca004ae805,new
columns/001-ball-count/publish/naver_20260918/revise_main_v14.py,9917,59ff8c3419ee7cb7dfc3ad5845f8b41c7c1eeba1792979d8c65967b5cc10b097,new
columns/001-ball-count/publish/naver_20260918/revise_main_v15.py,9899,ba59273d5bc3d362684364702ecc12da1bd3049e776be6e82f5be0651891affd,new
columns/001-ball-count/publish/naver_20260918/revise_main_v9.py,19737,9613345e6799cd051f4ae693132e91851f80f7f9cec28312f78b797f63cf2a3f,new
columns/001-ball-count/publish/naver_20260918/revise_models_v15.py,37743,f5a8fa024d1ec5324b299fb2d898550e2364ec0c376e719af593659e45ee7c4d,new
columns/001-ball-count/publish/naver_20260918/revise_v4.py,27198,c46c920f0ebd7d673ae4aaca5fb3811ab5e8edb2b9b132d95bdff8e22ac2b103,new
columns/001-ball-count/publish/naver_20260918/revise_v6.py,12079,1c1e8486083696bb7d16050e2226dce65120b02cc5d1ffb6f219ad4a48316d56,new
columns/001-ball-count/publish/naver_20260918/revision_v10.md,3456,b0266924028efb23fa84aebc8194b439b0013774dbdf085a6a74ff84fa31c999,new
columns/001-ball-count/publish/naver_20260918/revision_v11.md,1801,5f1fa7a8576260541a4605281db37c8e8fc8caa6bad036851bd975b1c54f4cc8,new
columns/001-ball-count/publish/naver_20260918/revision_v12.md,2150,198f0c6a2a7cbe69feb67854fecfbedc05d0e68f3e55d92137802ff81f426d66,new
columns/001-ball-count/publish/naver_20260918/revision_v13.md,2296,9f084512265b58a5dd7d5240f0179a7a6a11b74b9ef07ac06444da352dbaf9a6,new
columns/001-ball-count/publish/naver_20260918/revision_v14.md,1374,d1c3379d65687ecc6ae5ad23a7b6ace3d516602d95d64b7f1a0eeb276a4ce02c,new
columns/001-ball-count/publish/naver_20260918/revision_v15.md,3249,aeb8faf28781b14b1cfbc46ca26f2c8560da045af8f88b1211ab9a55ee637679,new
columns/001-ball-count/publish/naver_20260918/revision_v4.md,5979,f62bd9d9865217e04db082d8732cd6f029de90dbba02145274805967a0319220,new
columns/001-ball-count/publish/naver_20260918/revision_v4_check.json,36020,c0ba2ebd407fd657a9d0ed1c22573bd93eac2ab62d5698044f7a5d6f797f3de1,new
columns/001-ball-count/publish/naver_20260918/revision_v4_metrics.json,135,66c7ab029a0bec487cda2f4bbf77e26de21caa7444d475fd24d60ea84843fe80,new
columns/001-ball-count/publish/naver_20260918/revision_v5.md,2815,3df58e51c64da617e4b59fe2ea5f842a470d894c91ebbc47c5dfbc3e9d89d229,new
columns/001-ball-count/publish/naver_20260918/revision_v5_check.json,233,95ea67f6d9d22adcf7d96f0b63cfbd1eb0308cedf8de0a61d8fa7e5368a05e00,new
columns/001-ball-count/publish/naver_20260918/revision_v6.md,1550,cd810822d00d72a0dbedbe4ffdcdb977da9d4fc8d40c6b37b032cc2b2473bd10,new
columns/001-ball-count/publish/naver_20260918/revision_v6_check.json,131,bac6c6c07b80dad6ab4052dd418d798871ac7d238029c8ecc08ea5fe83ea840e,new
columns/001-ball-count/publish/naver_20260918/revision_v7.md,5922,197c782ffa586f534a16f8094e39caaab9d28748706c8299b96f4372a9a15157,new
columns/001-ball-count/publish/naver_20260918/revision_v7_delivery.json,1443,3215579f473a98f4d248c1dbd155e05a2aa410b2ddf443bbb0a66b70f9b8d3cf,new
columns/001-ball-count/publish/naver_20260918/revision_v7_numerical.json,642,38d8bceba4d555ada5b26fc06f4be1c882dc46f0c247659d4c78f22be30db3a5,new
columns/001-ball-count/publish/naver_20260918/revision_v7_qa/01_ball_count_1280.png,98810,777dad40e0584bb7caa404cd59ffec4ccc5180d8634097ae0d053dca7ca2bf27,new
columns/001-ball-count/publish/naver_20260918/revision_v7_qa/01_ball_count_390.png,51986,2fcceb208eca82298353f3c023e3ec8e0afb4cc12f6c74fcce7f7361a7b8b61e,new
columns/001-ball-count/publish/naver_20260918/revision_v7_qa/01_ball_count_note_1280.png,89142,78811cfbbaf536cb558ab4dba720680a1fe107992842b6c9ce142b5395296366,new
columns/001-ball-count/publish/naver_20260918/revision_v7_qa/01_ball_count_note_390.png,39423,b439c0bf61cf3334563804958c6173b1d808d9237e624b3369e6bb53094ea864,new
columns/001-ball-count/publish/naver_20260918/revision_v7_qa/01_ball_count_results_1280.png,65019,fe76cb2d9a00b4fa9850b3af6bb3b7b3fc26971492f8d1e9b3923e973f32661b,new
columns/001-ball-count/publish/naver_20260918/revision_v7_qa/01_ball_count_results_390.png,36061,1a120aa0e392f5b2bf5d2b0e53be5a9389f9b267b49aa919295ada1ff3bc9299,new
columns/001-ball-count/publish/naver_20260918/revision_v7_qa/02_bcai_1280.png,82523,8829c9d7be9e701d49c8c0f830a18a47ba1c07f7b8a2330930d5123d1ec826b3,new
columns/001-ball-count/publish/naver_20260918/revision_v7_qa/02_bcai_390.png,51258,96fc32615c7ff0658e9173d83fda8232ca41f43431fc579f246a439e9b80a24a,new
columns/001-ball-count/publish/naver_20260918/revision_v7_qa/02_bcai_note_1280.png,77966,2cc6ff0406e582bd8308f80e926a3a30d92b69d72171cc98037ec9104db8caef,new
columns/001-ball-count/publish/naver_20260918/revision_v7_qa/02_bcai_note_390.png,44695,4cd012179bdedb3268a1c4cc961a1976e91968549f1d4dd9cbf84058d9595fdf,new
columns/001-ball-count/publish/naver_20260918/revision_v7_qa/02_bcai_results_1280.png,87085,70344f57d8bc0b40aa3454b5813fa82b6b58f000a93c21698fe5594023eada5b,new
columns/001-ball-count/publish/naver_20260918/revision_v7_qa/02_bcai_results_390.png,44836,814cc02aea3b67185d0d0ae7ab4f2add121ec6b2e8b8e81d9e1080e673eceda9,new
columns/001-ball-count/publish/naver_20260918/revision_v7_qa/03_bcap_1280.png,74650,c4471849a7c0a0512a5ae0e99cb0a9ff47b6bea2fe94f9c36d38bf037dfc5afb,new
columns/001-ball-count/publish/naver_20260918/revision_v7_qa/03_bcap_390.png,51438,56a8f4cd3d0b7e44579f964ed41cdab83d50abaf9154cf4e975171ec2241f6fb,new
columns/001-ball-count/publish/naver_20260918/revision_v7_qa/03_bcap_note_1280.png,59947,4c9cd9666fe7252b0e695a70e08720476c8f836fc51ac368754cafee2d00dc96,new
columns/001-ball-count/publish/naver_20260918/revision_v7_qa/03_bcap_note_390.png,36211,1e03021a2cae7b8e06919728d235d0c8773ba446d3d1e37c386d62fb240620b9,new
columns/001-ball-count/publish/naver_20260918/revision_v7_qa/03_bcap_results_1280.png,57898,b968cd288212ceb419cce74f8174adbc65d88abcca57399d25eff8aaaa09c7dd,new
columns/001-ball-count/publish/naver_20260918/revision_v7_qa/03_bcap_results_390.png,32400,25bb940744c30a61fc15a0bcd32959be0d377a00c23a1f2f644c29ce55f96f89,new
columns/001-ball-count/publish/naver_20260918/revision_v7_qa/04_references_ko_1280.png,68273,bb098425b0f506ce292a2db7240be3232d6ed91215408c6c0c4b54365109e1c0,new
columns/001-ball-count/publish/naver_20260918/revision_v7_qa/04_references_ko_390.png,38156,e2d3e38286865af3041ecac3db9240e76c58c56b45af7fe47a4a6f2762f735be,new
columns/001-ball-count/publish/naver_20260918/revision_v7_qa/04_references_ko_note_1280.png,72305,69caae9882845a5941141729dc20a552d7ea8c08b13ca9814e365d630420ad73,new
columns/001-ball-count/publish/naver_20260918/revision_v7_qa/04_references_ko_note_390.png,35690,4a0bde09fee636152084b33a7bbd34b5a7d2d0b4fdcd2630123ce655edd72dce,new
columns/001-ball-count/publish/naver_20260918/revision_v7_qa/05_data_validation_1280.png,76584,dc19de196d257e2ad01bab8a15d08ca8d7eb3abd888d2ddfc03b1bc60c0be234,new
columns/001-ball-count/publish/naver_20260918/revision_v7_qa/05_data_validation_390.png,52309,0874aa9a428aea33c2329d4d7272659adcf7090eb6aa148b22747b2d18c51c9e,new
columns/001-ball-count/publish/naver_20260918/revision_v7_qa/05_data_validation_note_1280.png,67317,22fe7f37304fa988c445020e11317f1ef64cee4b235889dc61ffb073b33c0315,new
columns/001-ball-count/publish/naver_20260918/revision_v7_qa/05_data_validation_note_390.png,37194,3add69e8d75e876b58883e48d686340cbf24a17fa4555a73bcbea19cb838538f,new
columns/001-ball-count/publish/naver_20260918/revision_v7_qa/05_data_validation_results_1280.png,73183,6ae17d0bed976184e6ba569ffee23b02ccb4eca50b11c3584efc98a7debfc6c4,new
columns/001-ball-count/publish/naver_20260918/revision_v7_qa/05_data_validation_results_390.png,39410,444477eef6af3a3bf253a74c934c787f1f10045c81c4d1580fb45574d016c504,new
columns/001-ball-count/publish/naver_20260918/revision_v7_qa/comparison_card_390.png,6464,3fd902a8cbdeef589353abf679e51c08f22405df6d467e1045a6a5f86c4f298d,new
columns/001-ball-count/publish/naver_20260918/revision_v7_qa/figure_1_1280.png,63358,a0aecc182ad10446dcebd5b7984adbfbfc53d96f66e4a4226c29bcfbd3400fbb,new
columns/001-ball-count/publish/naver_20260918/revision_v7_qa/figure_1_390.png,22187,97955538d665d735e6945fa583fd5772ba38d7e2a0acfdfc9f5fa63eb5afec99,new
columns/001-ball-count/publish/naver_20260918/revision_v7_qa/figure_2_1280.png,90796,291893827f523bf110b70f88f781ad0f93171273dfc1a52023f1340422e2070b,new
columns/001-ball-count/publish/naver_20260918/revision_v7_qa/figure_2_390.png,31602,0fe92bc2b59b9be646185c3692c93fe0b7ec473725b645afa358336c7a99675c,new
columns/001-ball-count/publish/naver_20260918/revision_v7_qa/figure_3_1280.png,84893,641325fdb43d2b4936c1fff7f6255f77ef16831bc2840c3603b7ef1d7a294ad3,new
columns/001-ball-count/publish/naver_20260918/revision_v7_qa/figure_3_390.png,30153,94be838504cbda4f6b187e85cc380ed73a5acdb168a14804da2266834ead3c70,new
columns/001-ball-count/publish/naver_20260918/revision_v7_qa/figure_4_1280.png,79488,ef643febd41b00df630f6d076cb3548abdb3115e6b4e914e51099e7979f89cd5,new
columns/001-ball-count/publish/naver_20260918/revision_v7_qa/figure_4_390.png,32264,58190f9a2371bbca77b73f9756b5032fbd19e9a8b517f18acada9940e7f955af,new
columns/001-ball-count/publish/naver_20260918/revision_v7_qa/figure_4_390_expanded.png,36027,15807a5665730351d310ac700a9ecf83d4dd7926611ad89b27bc53425baa1ca5,new
columns/001-ball-count/publish/naver_20260918/revision_v7_qa/figure_5_1280.png,86648,f2b59aebb6d5d8faf227685916ea845c1964d7f3c20aba21897cfec18690da29,new
columns/001-ball-count/publish/naver_20260918/revision_v7_qa/figure_5_390.png,32623,a40ec05fac69bb8aaa273eb8fd0a48229a0b9d9585011cf90e0dee6dbd453160,new
columns/001-ball-count/publish/naver_20260918/revision_v7_qa/figure_6_1280.png,79333,d5074f66ae5bd68f4ec9a94962d30853edfe2dc1153be9a5196d8a0eaad6df3d,new
columns/001-ball-count/publish/naver_20260918/revision_v7_qa/figure_6_390.png,27761,be0cd7836a81899787a7842f8443a38679c94adb877bf164a2af31cbbffeb4ab,new
columns/001-ball-count/publish/naver_20260918/revision_v7_qa/index_1280.png,48289,ff52bda01b870c6c22e091524ac938ea9159600bf287ad4164901c9fb57bb903,new
columns/001-ball-count/publish/naver_20260918/revision_v7_qa/index_390.png,38868,33b0d693c7c1cf35a11c9a916ddd544becb3cb035b09591b6726388d74f2593e,new
columns/001-ball-count/publish/naver_20260918/revision_v7_source_preservation.csv,68404,68b4c8445c09ff9a7e38aef91f3fdb915a33a5c6784768b87a17804810bb8732,new
columns/001-ball-count/publish/naver_20260918/revision_v7_tables/bcai_11seasons.csv,430,75f402289010214e85949026ff1398c05ef6f5b59210b17c15b0c9e7b4642433,new
columns/001-ball-count/publish/naver_20260918/revision_v7_tables/bcai_11seasons.md,528,d9b955a907343e4ffb09ac404cdab0a933f0c77daa4a2cdb80c065431dd16fef,new
columns/001-ball-count/publish/naver_20260918/revision_v7_tables/pitch_11seasons.csv,593,1e07fc652f290f36c94100ea92c51bd5e33ba5b0633b76e40aa9342e2a0f2949,new
columns/001-ball-count/publish/naver_20260918/revision_v7_tables/pitch_11seasons.md,779,76bd3aca467f0cda8cd0504a90c8e53e474ac0211a4735f7ff7d73c8f2bb3997,new
columns/001-ball-count/publish/naver_20260918/revision_v7_tables/pitch_ff_11seasons.csv,593,4ce2daeff812bc8d79105e965d186378f783f6e8714ca0a65ec5798cf05dfdf9,new
columns/001-ball-count/publish/naver_20260918/revision_v7_tables/pitch_ff_11seasons.md,779,80bb9f2c6ec1263f1d559a2bae46c5672e8d0765fe81f96eae1b57f9356b87e3,new
columns/001-ball-count/publish/naver_20260918/revision_v7_tables/pitch_sb_11seasons.csv,601,49f004fc877b2e3218dcff859c8f297f3bd36cb7e650f68c7c6d7a67c0e4d5d2,new
columns/001-ball-count/publish/naver_20260918/revision_v7_tables/pitch_sb_11seasons.md,787,b320178842fc0afc077cd7ddd48d7f11d054371c639eccf66a23a1507ee30048,new
columns/001-ball-count/publish/naver_20260918/revision_v7_visual.json,5024,aa39b83327e46a4d2418bae0a1fa932c6d071efe8fc1e3f1452ed847831858b9,new
columns/001-ball-count/publish/naver_20260918/revision_v8.md,3338,c79c88c5094ac27e7769361196679b14bf639ea5b0164cc6e91568394e526828,new
columns/001-ball-count/publish/naver_20260918/revision_v9.md,3948,7fd6b8a062d96c893ee077c7a555fad6a32bc43db1beabd62f7f951a2fbeb136,new
columns/001-ball-count/publish/naver_20260918/revisions/v10_before_accessible_v11/01_ball_count.html,61818,75515ec284ab07dc90a8e5bc142920b8f0c345acd51380315975a9123060888b,new
columns/001-ball-count/publish/naver_20260918/revisions/v10_before_accessible_v11/01_ball_count.md,43720,61d53d778f5e8043c49517e4277926fe0eff6e1105b1006a591171ba8f996754,new
columns/001-ball-count/publish/naver_20260918/revisions/v10_before_accessible_v11/03_bcap.html,61445,30aac468de8e463e4850965c7c62230f7fe34789354f523202e85064362ddfe9,new
columns/001-ball-count/publish/naver_20260918/revisions/v10_before_accessible_v11/03_bcap.md,32910,942a9425e3c29fcd6269010b327b6fafcd67dcc2c2fc6a348343aded9d3d8ef0,new
columns/001-ball-count/publish/naver_20260918/revisions/v10_before_accessible_v11/build_preview.mjs,20321,bc85a997ceeaf08e13ca4607ef356d91c0ae636040c5f506bab2ecafcebc40a0,new
columns/001-ball-count/publish/naver_20260918/revisions/v10_before_accessible_v11/untouched_files.json,620,a0f0b00ecb777bdaebe72294e7d126ddfb6c5f583ce03fa17afc32d67401e0b7,new
columns/001-ball-count/publish/naver_20260918/revisions/v11_before_focus_v12/01_ball_count.html,64053,47f03d533fcc0aacb3526a037bed9616ad2700aad2657d1413dbb63043ad59b7,new
columns/001-ball-count/publish/naver_20260918/revisions/v11_before_focus_v12/01_ball_count.md,46025,55430f6a1055751a9b74fde866c2d965c14b1185e667ece2a2af699500f252f2,new
columns/001-ball-count/publish/naver_20260918/revisions/v11_before_focus_v12/build_preview.mjs,20468,901279451f7ba61c9a100c7e1e3e7f868ef614a95de50ad9b82dfa27fe548c0b,new
columns/001-ball-count/publish/naver_20260918/revisions/v11_before_focus_v12/untouched_files.json,786,4ee862795901c72d4b51bca0023439ad057a3e1de789b8e9aa964d9b3b3a8b9a,new
columns/001-ball-count/publish/naver_20260918/revisions/v12_before_results_v13/01_ball_count.html,60809,0e6a37b9200bc3180057d2cb8908aec977222f7eb4c832e4270fa1acc0f2ae41,new
columns/001-ball-count/publish/naver_20260918/revisions/v12_before_results_v13/01_ball_count.md,43425,6a40aee1546b91ef7618af4e9820ea89747c8ac57e7725e0aa3762d4b3f65858,new
columns/001-ball-count/publish/naver_20260918/revisions/v12_before_results_v13/build_preview.mjs,20468,a0f79d11e190650749c9350158c973ec6ef9a4edcfd41535b2293b4999fa379f,new
columns/001-ball-count/publish/naver_20260918/revisions/v12_before_results_v13/untouched_files.json,786,4ee862795901c72d4b51bca0023439ad057a3e1de789b8e9aa964d9b3b3a8b9a,new
columns/001-ball-count/publish/naver_20260918/revisions/v13_before_references_v14/01_ball_count.html,69332,44868fef455a78523a7248cf86be79fccfda41be0c1d4e753cc0483fe90e657a,new
columns/001-ball-count/publish/naver_20260918/revisions/v13_before_references_v14/01_ball_count.md,48286,5480a46f707122c7bd6bdd7c09fa9d35a58d4224eec96ec7baf73d6bd42da946,new
columns/001-ball-count/publish/naver_20260918/revisions/v13_before_references_v14/build_preview.mjs,20468,b65ff547d61cf0a728ca8fe012f18486d55751068287a96b18a3cf4e9fabadf2,new
columns/001-ball-count/publish/naver_20260918/revisions/v13_before_references_v14/untouched_files.json,786,4ee862795901c72d4b51bca0023439ad057a3e1de789b8e9aa964d9b3b3a8b9a,new
columns/001-ball-count/publish/naver_20260918/revisions/v14_before_models_v15/01_ball_count.html,71894,ae80d9755029a31cfc9b497565f615447047a8ddd4a55b2d03d345eec00e3b5d,new
columns/001-ball-count/publish/naver_20260918/revisions/v14_before_models_v15/01_ball_count.md,50763,34467a6b8582ba7b51320be3be8c0be30b2ccb90aba77e6fb030639709330b08,new
columns/001-ball-count/publish/naver_20260918/revisions/v14_before_models_v15/02_bcai.html,53542,fa3c26295f1732cba6cbf35744a459020d6a62fbc8657e45ef4cd048f64eaea1,new
columns/001-ball-count/publish/naver_20260918/revisions/v14_before_models_v15/02_bcai.md,32090,303363394924703d69fc0f96d5158aaea585e0bf430be214277b5894f3bc3639,new
columns/001-ball-count/publish/naver_20260918/revisions/v14_before_models_v15/03_bcap.html,70993,e1018237ec18fc4c8830b3965eb617bfbaf1506be7dce99311f84bc09b998a7d,new
columns/001-ball-count/publish/naver_20260918/revisions/v14_before_models_v15/03_bcap.md,36700,75f46d8312eef458734d94f3fa789e61f08698d3fe864ece697c2031041a05a1,new
columns/001-ball-count/publish/naver_20260918/revisions/v14_before_models_v15/04_references_ko.html,76892,461b79b46c4e229ac0259696db137a7adcaceb70480817ed4e2fb9dd03ae6e7c,new
columns/001-ball-count/publish/naver_20260918/revisions/v14_before_models_v15/04_references_ko.md,47427,25564d5196002c1157765c2380f717c1ec7b769b3eda9b1d6e70a9ee829527b0,new
columns/001-ball-count/publish/naver_20260918/revisions/v14_before_models_v15/05_data_validation.html,52820,725e4a9457961bae83c36d2cd75513343c13d566a29748844a050da116b30306,new
columns/001-ball-count/publish/naver_20260918/revisions/v14_before_models_v15/05_data_validation.md,30845,d660a7ca46eb43b567a56bc54e04959e468c8c31db58e4cccea477ef67fe4826,new
columns/001-ball-count/publish/naver_20260918/revisions/v14_before_models_v15/README.md,12448,18cc7e6ef0a05e5b8f4bef8643b4d980732c04dfc14a125540fd53529b1a237c,new
columns/001-ball-count/publish/naver_20260918/revisions/v14_before_models_v15/hashes.json,999,955cbaf0506c43d2a3fd6c52a22009211a439998f33fe57c8118714d17aae842,new
columns/001-ball-count/publish/naver_20260918/revisions/v14_before_reference_results_v15/01_ball_count.html,71382,5898e5dc5df9f237287ed2a1893045f721f7fc76c90e3430d729cf95f8dcfd44,new
columns/001-ball-count/publish/naver_20260918/revisions/v14_before_reference_results_v15/01_ball_count.md,50207,6fbaa332bb2d61290948748e4cfb89a7de29d6cf4a782507e1a2f4d29d296de6,new
columns/001-ball-count/publish/naver_20260918/revisions/v14_before_reference_results_v15/build_preview.mjs,20468,2b102e12316f7dc95412d1ddec55588cc45402379d54a1daf82917dac0a0ee6d,new
columns/001-ball-count/publish/naver_20260918/revisions/v14_before_reference_results_v15/untouched_files.json,786,4ee862795901c72d4b51bca0023439ad057a3e1de789b8e9aa964d9b3b3a8b9a,new
columns/001-ball-count/publish/naver_20260918/revisions/v3_before_20260927/01_ball_count.html,71097,2a96f7d8ca1f68747ccb2c6d6713c5f471602e81e897609f7b8e3d9f2c26564e,new
columns/001-ball-count/publish/naver_20260918/revisions/v3_before_20260927/01_ball_count.md,50339,4026620ffa8a91c0f924cb39135286f6ed8b4b8341759f18d28d103911271607,new
columns/001-ball-count/publish/naver_20260918/revisions/v3_before_20260927/02_bcai.html,46111,384f65bec4f3f605ce5a84c32173d7f77c7c7efead22e9d65450d713d9503796,new
columns/001-ball-count/publish/naver_20260918/revisions/v3_before_20260927/02_bcai.md,30263,cef947eea0d6aa06804381d32aebe8591f923d142b0286f019c79064ef2ac91e,new
columns/001-ball-count/publish/naver_20260918/revisions/v3_before_20260927/02_bcai_evidence.md,8513,50d367b6db818b2451a31965ad0d648787b21aa36ff5bdb9b97f633b47467a48,new
columns/001-ball-count/publish/naver_20260918/revisions/v3_before_20260927/03_bcap.html,49000,98414ba987b50ca41fb741d1adf5a7051922051c9a3a2cea503887105f9867f9,new
columns/001-ball-count/publish/naver_20260918/revisions/v3_before_20260927/03_bcap.md,33170,0165cce809fb52194084bf0649b48227f5dc6444c829a40957d0debe5f0dfda5,new
columns/001-ball-count/publish/naver_20260918/revisions/v3_before_20260927/03_bcap_evidence.md,10566,a21803c0ad8e7ab4c50dad4105847c9e5241f60092acb9ce1828dd657d2390d0,new
columns/001-ball-count/publish/naver_20260918/revisions/v3_before_20260927/04_references_ko.html,68072,85a9a7a8d866d733a2fb5cb33048ed23e2aa9f2b344d5c21dc0fcbb0934e61f4,new
columns/001-ball-count/publish/naver_20260918/revisions/v3_before_20260927/04_references_ko.md,45025,85c6432c7554cc59d1f1e7e58daca44337fc6e879ce3ec73c0ab8e89e196adb0,new
columns/001-ball-count/publish/naver_20260918/revisions/v3_before_20260927/05_data_validation.md,22466,29f23d5c5f7d08f90fc75e659aabf4d4b1a330d8223e16e1ce39e9227338114b,new
columns/001-ball-count/publish/naver_20260918/revisions/v3_before_20260927/README.md,7481,a229c6c3d73a32d262e6fbdb0f050b2921d87bb1c13fb45c644c6789cb0a32d6,new
columns/001-ball-count/publish/naver_20260918/revisions/v3_before_20260927/blog_post_list_20260919.md,8242,ea76379d6ae57b6f4beb1ae36b4010bcb8aecf9c81cb140a5d34f1953bc07949,new
columns/001-ball-count/publish/naver_20260918/revisions/v3_before_20260927/build_figures.py,13919,89b89bfd9ee3ed8e5c9c5c1bfd44e91efdd54d78dd0f83d7af1ad6835aff6c21,new
columns/001-ball-count/publish/naver_20260918/revisions/v3_before_20260927/build_preview.mjs,12663,d3950f5f3dccee30324d7edb917948fb0f1f9d97b8e1a727a94acaba96971843,new
columns/001-ball-count/publish/naver_20260918/revisions/v3_before_20260927/check_preview.mjs,3969,7510aa39b00cd01e0e38284d157bd60789a8157599c9b147e9d0c5101ad133cd,new
columns/001-ball-count/publish/naver_20260918/revisions/v3_before_20260927/delivery_check.json,2013,1c434954d37643cfd2c15eb2758ff3037cd24e6f6a0c53a0ee6cf775c6e76f6e,new
columns/001-ball-count/publish/naver_20260918/revisions/v3_before_20260927/finalize_draft.py,3731,a9420368eef9487af4a78cc141124f52b4ff9fa827982a33b0fdf169e1e2ce51,new
columns/001-ball-count/publish/naver_20260918/revisions/v3_before_20260927/finish_v3.py,14324,45722a4c52633b53c3bfe58b294fb745e62c3cdb1bed7d764450f8ec4a1a7fe6,new
columns/001-ball-count/publish/naver_20260918/revisions/v3_before_20260927/index.html,8123,ad24cfc0014276911a60648c245eeec8d4a96c9db935e93f2894646622e15838,new
columns/001-ball-count/publish/naver_20260918/revisions/v3_before_20260927/manuscript_source_map.md,6970,6c55d20227134818d7710632101c298fc1d8db2f1b7489eb2c7908272836e954,new
columns/001-ball-count/publish/naver_20260918/revisions/v3_before_20260927/polish_v2.py,4219,df0f84be7c65d3397f5a5f6b9a3b8e981c2ba233766396acbb63511fe21c837e,new
columns/001-ball-count/publish/naver_20260918/revisions/v3_before_20260927/polish_v3.py,3628,496ff553295cf85c21e462624fef9822438b875a67e874f061790eed4aefb47d,new
columns/001-ball-count/publish/naver_20260918/revisions/v3_before_20260927/protected_hashes.json,233470,116b29d18ca8fd32aa584fb29c5d5d767c3b9556a62cef86c4e52f98dbf0a8df,new
columns/001-ball-count/publish/naver_20260918/revisions/v3_before_20260927/reference_audit.md,15836,8fc18f912439e5945a12a081b9ac30626e839c024550b451a1ce8130dcd6bb3c,new
columns/001-ball-count/publish/naver_20260918/revisions/v3_before_20260927/render_check.json,589,cadecd954f116705445a4233c0a94e76241bb7873b62c580177924e10971e850,new
columns/001-ball-count/publish/naver_20260918/revisions/v3_before_20260927/revise_v2.py,32459,a3e06f185921774528317a453f124de889f0a75ef3e7a07dfcfef7f079ad032b,new
columns/001-ball-count/publish/naver_20260918/revisions/v3_before_20260927/revise_v3.py,30908,4a8e4a0682a9bcbd6e7c1e6d5fc9cd1f4df3a0034198c0bca39317da590b0faf,new
columns/001-ball-count/publish/naver_20260918/revisions/v3_before_20260927/revision_v2.md,2563,60846fcfb506393a98a73e3df33600bd09196f504f6c91772aab045e44b3d006,new
columns/001-ball-count/publish/naver_20260918/revisions/v3_before_20260927/revision_v3.md,2802,37a89d6d1cac88058ce54254991a827aee093dbb8932f2cc33036e9302a109c9,new
columns/001-ball-count/publish/naver_20260918/revisions/v3_before_20260927/revision_v3_check.json,652,db26ba0955b370f3652a369867a464aa88195dc940a3ad00070a32ebdf781cb6,new
columns/001-ball-count/publish/naver_20260918/revisions/v3_before_20260927/update_v2_metadata.py,10534,0ccca256aee3bec115ed8fa1a2abc3e5aace9ef12f3b36bc6706b8fe648ac7fb,new
columns/001-ball-count/publish/naver_20260918/revisions/v3_before_20260927/visual_check.json,28157,64d2076fc76d423cf034fec440522ec22f7b96eea5a511fc0a84d05479d7fd84,new
columns/001-ball-count/publish/naver_20260918/revisions/v4_before_structure_v5/01_ball_count.html,47013,dfadd9a5c6c9b6c2bd797af4735070fbe234117433f15e438e45870da396520d,new
columns/001-ball-count/publish/naver_20260918/revisions/v4_before_structure_v5/01_ball_count.md,30801,8b3a4dfacf56f86a0c77d94b59e90abc584d074196895b77616c22a8f7dd8591,new
columns/001-ball-count/publish/naver_20260918/revisions/v4_before_structure_v5/README.md,10131,3d009153cabfbb9a847fe27c8a589707b276ec7b7fae1c6b684a6fb5b33fe1e7,new
columns/001-ball-count/publish/naver_20260918/revisions/v4_before_structure_v5/build_preview.mjs,13014,03d27229687def5007f22407d7b10c7a936ac180f2dea9eb519a6c0696d27653,new
columns/001-ball-count/publish/naver_20260918/revisions/v5_before_question_v6/01_ball_count.html,50730,54cda3320feaeb0ded3f35bd4fa3f48c0b22e44d918fbceebd12a44a6d4e1626,new
columns/001-ball-count/publish/naver_20260918/revisions/v5_before_question_v6/01_ball_count.md,36015,c1b70a8c30d4bc0a33709fa3bee7cbba452716d7dc4b52b0473e1af18dbe8563,new
columns/001-ball-count/publish/naver_20260918/revisions/v5_before_question_v6/build_preview.mjs,13898,366139bf2ee656855c1752af7c7fd2a4850143f377d15a9a2beda0febfec326e,new
columns/001-ball-count/publish/naver_20260918/revisions/v6_before_history_v7/01_ball_count.html,54040,9b87dfa3230e213f715ac096e363df8fc115636ae84369944e2a7b3be9f007ec,new
columns/001-ball-count/publish/naver_20260918/revisions/v6_before_history_v7/01_ball_count.md,39312,4da4838c71cc23ceb415aeb7eb8fa2efab6867c941a842297324e6c9aa7259fa,new
columns/001-ball-count/publish/naver_20260918/revisions/v6_before_history_v7/02_bcai.html,44656,76477d8f14d1e0f6d9a0a55f99a3456c28ed9525c4c8a276ebdc8a8b7f506c53,new
columns/001-ball-count/publish/naver_20260918/revisions/v6_before_history_v7/02_bcai.md,28698,6178f82f9821dabb5b766fc393d7c783ed91477af1af41f1d46074c1b64f16f1,new
columns/001-ball-count/publish/naver_20260918/revisions/v6_before_history_v7/02_bcai_evidence.md,8513,50d367b6db818b2451a31965ad0d648787b21aa36ff5bdb9b97f633b47467a48,new
columns/001-ball-count/publish/naver_20260918/revisions/v6_before_history_v7/03_bcap.html,44739,aa673b7b801d52e6c3cfa66a09cfd2893315e3b5534541dfdd7351ac28c9641f,new
columns/001-ball-count/publish/naver_20260918/revisions/v6_before_history_v7/03_bcap.md,28995,402ad155a3057fbdb812853f5d7ad3846b81c5540fbf065dfca4a7a556f671c5,new
columns/001-ball-count/publish/naver_20260918/revisions/v6_before_history_v7/03_bcap_evidence.md,10566,a21803c0ad8e7ab4c50dad4105847c9e5241f60092acb9ce1828dd657d2390d0,new
columns/001-ball-count/publish/naver_20260918/revisions/v6_before_history_v7/04_references_ko.html,70969,d2cb46890c31fa68c58a4a6cf92d2efd7ca8d33e5b5e9cc3787aeb0e0a07f8ec,new
columns/001-ball-count/publish/naver_20260918/revisions/v6_before_history_v7/04_references_ko.md,46927,d338ad2bf72af416942c7f5c0d6dfc7984ac2690eaf3a384d45f3e138e1deedc,new
columns/001-ball-count/publish/naver_20260918/revisions/v6_before_history_v7/05_data_validation.html,41212,299e384d0e11a980cdcdaebc4090d80e85217e77c78fcefb97e9f90e3ccfa220,new
columns/001-ball-count/publish/naver_20260918/revisions/v6_before_history_v7/05_data_validation.md,25498,e22333d4af53ad4809a297161cf2e3121364f508af9902698068ffe9313b4d4f,new
columns/001-ball-count/publish/naver_20260918/revisions/v6_before_history_v7/README.md,11331,396133d2220da1a882a7e20338d0da875defd839a063b91f71cc2fbce3106e32,new
columns/001-ball-count/publish/naver_20260918/revisions/v6_before_history_v7/blog_post_list_20260919.md,8583,331ff678163d31115c1fb5b6a5696033561a3c331c48e304b33102ffe918c877,new
columns/001-ball-count/publish/naver_20260918/revisions/v6_before_history_v7/build_preview.mjs,13904,480c36e3b00072ae35746a36b5da5973004296e230f7ff625c9259101c87b06f,new
columns/001-ball-count/publish/naver_20260918/revisions/v6_before_history_v7/check_portable_v4.mjs,3057,acc44604394f18b391f9dff48f15a6db1640429de8639a355c3eca3d4060fc13,new
columns/001-ball-count/publish/naver_20260918/revisions/v6_before_history_v7/check_preview.mjs,4069,0ea38de829fc395c4d63f122cf116358ca8a7c48a307fab4090b237b5f0114b1,new
columns/001-ball-count/publish/naver_20260918/revisions/v6_before_history_v7/delivery_check.json,288,f9192e747c0b0948856c4cdf6e4fe8de6ef47ded3c45920c31f5b06cd73cbd13,new
columns/001-ball-count/publish/naver_20260918/revisions/v6_before_history_v7/index.html,9033,7e5a3b154b428ceec8f3082e0041396c49d4b0e2f94f6a620fcd60a12f342898,new
columns/001-ball-count/publish/naver_20260918/revisions/v6_before_history_v7/manuscript_source_map.md,7206,adc7ef4a18671d48791987cd6fb5fe74e08d0e064abe29642cf8aa89b2a09bfb,new
columns/001-ball-count/publish/naver_20260918/revisions/v6_before_history_v7/portable_check_v4.json,1929,dc83735ab875e973029ce1114beb86cc02a1ee7dd447fbafaa97301826af45ca,new
columns/001-ball-count/publish/naver_20260918/revisions/v6_before_history_v7/reference_audit.md,15836,8fc18f912439e5945a12a081b9ac30626e839c024550b451a1ce8130dcd6bb3c,new
columns/001-ball-count/publish/naver_20260918/revisions/v6_before_history_v7/render_check.json,729,b893196f76393bc1c208cb6c5886b4f13d3a2eadb6b1e1b844eb84b78424e4bb,new
columns/001-ball-count/publish/naver_20260918/revisions/v6_before_history_v7/revision_v2.md,2563,60846fcfb506393a98a73e3df33600bd09196f504f6c91772aab045e44b3d006,new
columns/001-ball-count/publish/naver_20260918/revisions/v6_before_history_v7/revision_v3.md,2802,37a89d6d1cac88058ce54254991a827aee093dbb8932f2cc33036e9302a109c9,new
columns/001-ball-count/publish/naver_20260918/revisions/v6_before_history_v7/revision_v3_check.json,652,db26ba0955b370f3652a369867a464aa88195dc940a3ad00070a32ebdf781cb6,new
columns/001-ball-count/publish/naver_20260918/revisions/v6_before_history_v7/revision_v4.md,5979,f62bd9d9865217e04db082d8732cd6f029de90dbba02145274805967a0319220,new
columns/001-ball-count/publish/naver_20260918/revisions/v6_before_history_v7/revision_v4_check.json,36020,c0ba2ebd407fd657a9d0ed1c22573bd93eac2ab62d5698044f7a5d6f797f3de1,new
columns/001-ball-count/publish/naver_20260918/revisions/v6_before_history_v7/revision_v4_metrics.json,135,66c7ab029a0bec487cda2f4bbf77e26de21caa7444d475fd24d60ea84843fe80,new
columns/001-ball-count/publish/naver_20260918/revisions/v6_before_history_v7/revision_v5.md,2815,3df58e51c64da617e4b59fe2ea5f842a470d894c91ebbc47c5dfbc3e9d89d229,new
columns/001-ball-count/publish/naver_20260918/revisions/v6_before_history_v7/revision_v5_check.json,233,95ea67f6d9d22adcf7d96f0b63cfbd1eb0308cedf8de0a61d8fa7e5368a05e00,new
columns/001-ball-count/publish/naver_20260918/revisions/v6_before_history_v7/revision_v6.md,1550,cd810822d00d72a0dbedbe4ffdcdb977da9d4fc8d40c6b37b032cc2b2473bd10,new
columns/001-ball-count/publish/naver_20260918/revisions/v6_before_history_v7/revision_v6_check.json,131,bac6c6c07b80dad6ab4052dd418d798871ac7d238029c8ecc08ea5fe83ea840e,new
columns/001-ball-count/publish/naver_20260918/revisions/v6_before_history_v7/snapshot_hashes.json,4342,35025b3be472367a009ba472b823b856bdd16b1d4bf7e4f25a96b40b00aaa377,new
columns/001-ball-count/publish/naver_20260918/revisions/v6_before_history_v7/visual_check.json,29101,048167666a8322cb412cb7cbd06615731a18de3a57f72ef0e74664fbc1ca637e,new
columns/001-ball-count/publish/naver_20260918/revisions/v7_before_reader_v8/01_ball_count.html,62283,a40cce193f0f46a8f69d4086b1b574257ec05b5dda34af5942c264e84a16722d,new
columns/001-ball-count/publish/naver_20260918/revisions/v7_before_reader_v8/01_ball_count.md,41783,dd42e816d356189f7a88f44c5df7b24bdbfdb5913f2b028821b26d0d92dbd66e,new
columns/001-ball-count/publish/naver_20260918/revisions/v7_before_reader_v8/build_preview.mjs,16168,07370fa000cb83c0c3e40e8bf8ca4497883ff4f448a42e2198ea631c112e9cc5,new
columns/001-ball-count/publish/naver_20260918/revisions/v7_before_reader_v8/untouched_files.json,816,1c1d64ee9cc3a0f362a66953a323f76c21ba361a78f8b7c6c18d0988f00853c2,new
columns/001-ball-count/publish/naver_20260918/revisions/v8_before_structure_v9/01_ball_count.html,46205,ca3d6005732e4470b7593ba1d8f5d6b5e38f392098a8c5e0ab7f4d65cbb7e1dd,new
columns/001-ball-count/publish/naver_20260918/revisions/v8_before_structure_v9/01_ball_count.md,28304,4466ccde47024525085fd70e38818251039b966bc762f30596aed881ebe539e6,new
columns/001-ball-count/publish/naver_20260918/revisions/v8_before_structure_v9/build_preview.mjs,16374,4a01dbbd0e54a744cd59dc55c7cfec10f50de75ea766c521e33d05f5f061acb3,new
columns/001-ball-count/publish/naver_20260918/revisions/v8_before_structure_v9/untouched_files.json,816,1c1d64ee9cc3a0f362a66953a323f76c21ba361a78f8b7c6c18d0988f00853c2,new
columns/001-ball-count/publish/naver_20260918/revisions/v9_before_detail_v10/01_ball_count.html,49814,96a1bc7aaa523e2a9b10979dc45d61cfa0bea7b770600ec8b961e71561e6510b,new
columns/001-ball-count/publish/naver_20260918/revisions/v9_before_detail_v10/01_ball_count.md,33221,017abf3c6a52cd29994429b3a292377a84bc8cdc8aa6dacfc7b81c1a9494e517,new
columns/001-ball-count/publish/naver_20260918/revisions/v9_before_detail_v10/build_preview.mjs,19916,6368cab39d8e6811f98b51591cd36e411584466435518eb234933fc71025d3e1,new
columns/001-ball-count/publish/naver_20260918/revisions/v9_before_detail_v10/untouched_files.json,786,8210ff42eaade9cb350ac9b819f8935012d1c6e56d1eeac0880d1075bedbf9ed,new
columns/001-ball-count/publish/naver_20260918/verify_history_v7.R,2600,ca80b009f1e97e9791e9e258500da8b28fbc37d1886b1f2e04f2b7010ded8d20,new
columns/001-ball-count/publish/naver_20260918/verify_models_v15.py,2536,85e9d15ed846fd49da12735bfde60d8ac2df25a4a233b790791aa5e1036515a5,new
columns/001-ball-count/publish/naver_20260918/visual_check.json,29101,048167666a8322cb412cb7cbd06615731a18de3a57f72ef0e74664fbc1ca637e,modified
columns/001-ball-count/publish/naver_20260918/네이버_첨부그림_8장_v4.zip,683954,8717cc39711bdcd339407ca2df74bbbdd947a0576acb1a1790d32644c5860699,new
columns/001-ball-count/publish/naver_20260918/볼카운트_5편_검토본_20260927.zip,1508272,33c2737f91860308675952f59dbfd332f0e8c714320dc55bca2b3a745ba8a46c,new
columns/001-ball-count/sources.md,63268,285a4e765823f90b729f538797e776f7418d78db7d6c5b4e54908b0a674c50cf,modified
guides/analysis.md,5626,bb043e1ca3483c78ab4584681161c601486e0936308f81bfe0a01a082c5d9c8d,modified
guides/codex_workflow.md,7607,7abd749e80d3f8e9b9692b1b6b87eff48eb25f4c5dc2b260d455ae4a116b2625,new
guides/collaboration.md,12592,7dba32032bec51ede5cee7634ec0f70092ac836e035abdbc5e0b77d22969f5d6,modified
guides/data_setup.md,7529,d135d0918470ada1966b6d3f86c97ab01af69a703dcee6139d6f8e9aec861fdf,modified
guides/excluded_files.json,135303,7493a93d2388563704989d59879978b2bedee387a7147bbef3316bceb4e02a58,modified
guides/github_sharing.md,2909,0b0739c859068e48003ef28428527868463e713a7ec529b8f25b6ecca743caae,modified
guides/organization_20260926.md,9702,c2f1716b9f2e5b5b747b1aac79bdcc501d97bb289eb0056672e186d9d469457c,new
guides/r_setup.md,4351,b95069008f3f066a665807f2fbf10f68cc1a568ede8089b144a6395a294a0eed,new
guides/writing.md,6006,d7daddac376a0cc2023bb77502f9c425f205fa8d324989c91af368b0510bb4bb,modified
models/bcai/observed/v1.0.0/model_card.md,4831,322f213a42b0d3c172b818d1a72970cf02789f20e71e3fb4d11d3a4e15255cd9,modified
models/bcai/observed/v1.0.0/r/README.md,8199,b8090a1ee23c1ff072b2f09bb334ca007a37d993897cb45b167b0d0abbf055fa,new
models/bcai/observed/v1.0.0/r/bcai.R,8803,84e705e149c64026a961e3b2e25dc93510329d86f62e913de79399cf63073d2b,new
models/bcai/observed/v1.0.0/r/run.R,12369,f37d6e1162d07697341f09583bb64d06e254735691dae47769bbc96fea3de27f,new
models/bcai/observed/v1.0.0/r/test_bcai.R,3199,e50133e0a3a2f44555da988e7397c7f1f616da67ddabdc1f8f9ea9db3c3e3d88,new
models/bcai/observed/v1.0.0/validation.md,2708,ba1235a3890fcebd8d4a3f6081e77ac40015557034b9a5415abf9538490a5a1d,modified
models/bcap/pitch/v0.2.0/model_card.md,5162,009c15c1a9dc52d4afeb881f72e418c0a214bc2bd041530bfce20c9a5e21b38b,modified
models/bcap/pitch/v0.2.0/validation.md,4981,0d4890dbe3e7e8a45eebc8cfe511d2a610a7e649f2a010d9fcdfdcf4e3dcf003,modified
models/bcap/pitch_ff/v0.1.0/model_card.md,5883,62d60f821d23fbfa140885e017bb07cd7b7f501bf6e3e18f5121cf566692444e,modified
models/bcap/pitch_ff/v0.1.0/validation.md,5653,928def0be4a25bc4a9e1fc12e0912d0b50d210fcd921b842923fbc27ab6f8880,modified
models/bcap/pitch_sb/v0.1.0/model_card.md,5372,6f14fcb57c5d1950284030c371f59378b5ece3cf3e70989a0b6334a695699ede,modified
models/bcap/pitch_sb/v0.1.0/validation.md,4996,bc1fade6b992011db355ffae43c75a576b440e4ff6120619214ceda5f54bc195,modified
models/bcap/r/README.md,7798,5f2be03ee1eba45036e03af95efdd78808c2db1af076ac8bc6f4a8aa18361ce6,new
models/bcap/r/engine.R,9868,21a6b2f7daf195adcbde629bfa22363679d1751f92bf9e4955419a86b950507e,new
models/bcap/r/execution_configs/bcap_pitch_ff_r__mlb_2024_2025__20260928__r01.json,328,ace2d725aec35ecd6c7f6b3afd923b28a6f30d6c0115bcef093963e472d266ef,new
models/bcap/r/execution_configs/bcap_pitch_ff_r__mlb_2024_2025__20260928__r01/engine.R,9868,21a6b2f7daf195adcbde629bfa22363679d1751f92bf9e4955419a86b950507e,new
models/bcap/r/execution_configs/bcap_pitch_ff_r__mlb_2024_2025__20260928__r01/run.R,19631,3757fec5580c6d5c8b4de1696bc1583e306d45d12e24e22ff8f97f0b2e873760,new
models/bcap/r/execution_configs/bcap_pitch_r__mlb_2024_2025__20260928__r01.json,322,839a691f6cc02bf007155c8ce099151d59c5b487e5b528b14f3342bedfdca851,new
models/bcap/r/execution_configs/bcap_pitch_r__mlb_2024_2025__20260928__r02.json,322,434da1634b6dcc0286240eb6837a9c88755f294e5a90f8fae90143c0d9e05458,new
models/bcap/r/execution_configs/bcap_pitch_sb_r__mlb_2024_2025__20260928__r01.json,328,b2c5a2634eead51dc31b1c030971666804b147d058e770eae711cb3636b0140c,new
models/bcap/r/execution_configs/bcap_swing_r__mlb_2024_2025__20260928__r01.json,322,1e62480a084265522ab7878b2ba17a666ce4a182abedde52a35fd1a8a0d77f42,new
models/bcap/r/execution_configs/bcap_swing_r__mlb_2024_2025__20260928__r01/engine.R,9868,21a6b2f7daf195adcbde629bfa22363679d1751f92bf9e4955419a86b950507e,new
models/bcap/r/execution_configs/bcap_swing_r__mlb_2024_2025__20260928__r01/run.R,19631,3757fec5580c6d5c8b4de1696bc1583e306d45d12e24e22ff8f97f0b2e873760,new
models/bcap/r/prepare_raw.R,23420,5a9920937beae72efffeaf69914c86d66e59cf7f0014e9315322082960b231a5,new
models/bcap/r/run.R,19813,1f5382512b1a4c0e327154fa6b4444f52ce983db5c0e203ec8c4869050c91944,new
models/bcap/r/test_engine.R,2672,249dac578c2ff65d37544bae05a341039de596e29f4e718b0cfb212ba2c31248,new
models/bcap/r/test_independent_review.R,3668,f2af8f2402aef805357c6239848446c339aad37197922cb4c758af5b5db90638,new
models/bcap/r/test_prepare_raw.R,9430,37cb0b40ba9be0338f2fd962714687c229bcf5dffd0bd83a1702de65e127d7e1,new
models/bcap/swing/v0.2.0/model_card.md,5716,f4fb143805702255ea95a7b7a62647bc81805f2c4959861698c75147462b1597,modified
models/bcap/swing/v0.2.0/validation.md,4923,8363f3f889d50658fc860e9e0af94b8090ebd4dd770e64b88a0154e26a756706,modified
models/registry.md,14820,28b36ca76d0464d545fdd9280905b4be10695c2ca6df89eff4852773c91a327d,modified
tools/check_bcap_r_outputs.R,6902,3716cec68a730b7cc14747fd6ef66e2f6aab3b9af97580e138950fe66e779a99,new
tools/check_r.R,2479,c1b1ef074610c7abfa109d97ffd53d6015fbead0af06dcaaaab96c632142af72,new
tools/export_bcai_r_input.py,1582,bea6554d45e47aa1dbe69e7fb483fbfffce350d102ccbd3c193039789b45c724,new
tools/export_bcap_r_input.py,3811,4862277634702a4b96be70e64cc6e1f48e7918922f85d710d50589cfce961add,new
tools/prepare_bcap_r_supplement.py,4760,70426a02530cf7e3c3f936d93ab6cca32eb233530b2e20d609329fdea3599009,new
tools/render_bcai_history.R,23192,79b473e98eaf431e1280134bb6fcea8d9977236efbd6ebc215f7619a1472aa05,new
tools/render_bcap_history.R,28073,968fae2b148242effafff9db3c539cf724e39066c9c4e6089af687cc59322c4f,new
tools/render_bcap_r_supplement.R,13357,6f772306a179e9d8fd71aabfa2cf8c8b4fb090b47719356372b181aa3e71a5f8,new
tools/run_bcai_history.py,8160,3f1f9a72c0de33912eb17751af2f7ca56c35c4e3d96cc786c4ef212a29adfdc8,new
tools/run_bcap_history.py,13169,e04557309942861775a14e214d3a8f9612152fc61ff3b2ff26f591431bb48302,new
tools/run_bcap_r_models.ps1,2156,a1553122ee1b431517f1a5562a3833ae689a98655244d1e7346cfa2d947a5805,new
tools/run_bcap_r_supplement.ps1,634,4b94100302636c15b45678045300235e25f68f0b30c4bc47c1b579a4b3043212,new
tools/run_r.ps1,1788,efdbaf1c6bb69422eaa1e44bd4031af3d4a1eb922262f291ef3f1fe1420eb9ab,new
tools/setup_r_packages.R,546,b6075b8598afe65a9e5d446183148fe3467387309ab6f3c0a8c1cf9bfb7703ad,new
