level,count,region,pitch_group,n_all,n,coverage,games,PA,pitchers,batters,action1_rate_all,action1_rate,action0_rate_all,action0_rate,observed_Y,action0,action1,rows0,ESS0,games0,max_game_share0,rows1,ESS1,games1,max_game_share1,Q0,Q1,gcomp0,gcomp1,delta,SE,nominal95_low,nominal95_high,family95_low,family95_high,arithmetic_direction,point_direction,evidence,large_point_difference,support_gate,recommendation,unit
overall,ALL,ALL,ALL,730850,682483,0.933820893480194,2416,181518,830,671,0.473463775056441,0.48587730390354,0.526536224943559,0.51412269609646,0.307966393302104,Take,Swing_including_bunts,350880,200261.293679756,2415,0.00084506569445025,331603,205273.700344547,2416,0.000957207982518611,0.294239797333635,0.268486340613659,0.306615905870161,0.267110070608491,-0.0257534567199761,0.00139966369867579,-0.028498122736816,-0.0230087907031361,-0.0309738605703909,-0.0205330528695612,Take,Take,관찰상 방향 뚜렷,TRUE,TRUE,,W per selected current decision; not PA sum
count,0-0,ALL,ALL,185687,168637,0.908178817041581,2415,168637,829,670,0.300101784185215,0.321335175554594,0.699898215814785,0.678664824445406,0.316409595758938,Take,Swing_including_bunts,114448,106253.574762862,2415,0.000795131177488538,54189,37740.6785702424,2415,0.00111679058045087,0.307944412052446,0.300185841515355,0.305810014572357,0.297683420863799,-0.00775857053709059,0.00295290648527504,-0.0135490641908174,-0.00196807688336376,-0.0187721977683874,0.00325505669420625,Take,Take,차이 불명확,FALSE,TRUE,,W per selected current decision; not PA sum
region,0-0,HIGH,ALL,20251,15598,0.770233568712656,2406,15598,768,638,0.133623030961434,0.165405821259136,0.866376969038566,0.834594178740864,0.326524682651622,Take,Swing_including_bunts,13018,12789.8421682271,2399,0.00134634135791761,2580,1948.73082668593,1492,0.00354504426421386,0.331182399266522,0.271622313316623,0.343828571035032,0.256005955886046,-0.0595600859498989,0.00998111106671765,-0.0791325543205528,-0.039987617579245,-0.0967874317521484,-0.0223327401476494,Take,Take,관찰상 방향 뚜렷,TRUE,TRUE,,W per selected current decision; not PA sum
region_pitch,0-0,HIGH,FB,14896,11531,0.774100429645542,2379,11531,726,633,0.166621911922664,0.204665683808863,0.833378088077336,0.795334316191137,0.322040412800278,Take,Swing_including_bunts,9171,9033.11914437837,2342,0.00155308916291364,2360,1784.78475481442,1413,0.0037981472652142,0.328212611747173,0.280282306627448,0.340866064164847,0.255962640826826,-0.0479303051197249,0.0127926268784562,-0.0730161612652587,-0.022844448974191,-0.0956448239591766,-0.000215786280273147,Take,Take,관찰상 방향 뚜렷,TRUE,TRUE,,W per selected current decision; not PA sum
region_pitch,0-0,HIGH,NFB,5353,4067,0.759760881748552,1909,4067,646,552,0.0418456940033626,0.0540939267273174,0.958154305996637,0.945906073272683,0.339238750922056,Take,Swing_including_bunts,3847,3762.85627185943,1862,0.0021599023430391,220,177.281725837441,207,0.0205407690721689,0.339602517261509,0.247068985835157,0.352228046501005,0.256128765315077,-0.0925335314263526,0.0121151063449789,-0.116293775988712,-0.0687732868639928,-0.13773843008414,-0.0473286327685647,Take,,비교 자료 부족,TRUE,FALSE,,W per selected current decision; not PA sum
region,0-0,LOW,ALL,38393,31753,0.82705180631886,2415,31753,791,650,0.183549084468523,0.212987749189053,0.816450915531477,0.787012250810947,0.337579756243505,Take,Swing_including_bunts,24990,24562.9471475489,2415,0.00112834554488758,6763,4978.50477173276,2233,0.00178306425526346,0.352321642068666,0.275927364560919,0.350987869507936,0.256632999178163,-0.0763942775077467,0.00788098199222745,-0.0918484669440498,-0.0609400880714435,-0.105788434861454,-0.0470001201540397,Take,Take,관찰상 방향 뚜렷,TRUE,TRUE,,W per selected current decision; not PA sum
region_pitch,0-0,LOW,FB,16941,13886,0.819668260433268,2393,13886,741,633,0.110560179446314,0.130995247011378,0.889439820553686,0.869004752988622,0.340723246435259,Take,Swing_including_bunts,12067,11888.6700915491,2384,0.00160861289097474,1819,1396.82576910021,1222,0.00497384118226253,0.34593862855809,0.270196180207221,0.344883972934058,0.259196467870154,-0.0757424483508689,0.00945088830878174,-0.0942752266610286,-0.0572096700407091,-0.110992476508541,-0.0404924201931964,Take,Take,관찰상 방향 뚜렷,TRUE,TRUE,,W per selected current decision; not PA sum
region_pitch,0-0,LOW,NFB,21450,17867,0.832960372960373,2410,17867,765,625,0.241212121212121,0.276711255387026,0.758787878787879,0.723288744612974,0.335136676554542,Take,Swing_including_bunts,12923,12677.3969615508,2401,0.00151328784422314,4944,3589.62555607104,2054,0.00233233239892856,0.357282437143825,0.280381566493838,0.355731738530428,0.25464070465435,-0.0769008706499869,0.0121399993088742,-0.100706792881438,-0.0530949484185357,-0.1221802777279,-0.0316214635720738,Take,Take,관찰상 방향 뚜렷,TRUE,TRUE,,W per selected current decision; not PA sum
region,0-0,INSIDE,ALL,24419,20239,0.82882181907531,2412,20239,787,639,0.215733650026619,0.250506447947033,0.784266349973381,0.749493552052967,0.335192203172094,Take,Swing_including_bunts,15169,14912.4436225946,2405,0.00119109822066662,5070,3758.67747568446,2035,0.00272484033009715,0.349386427925706,0.262527086550763,0.333789545536449,0.269976369596579,-0.0868593413749422,0.010879202119722,-0.108192895440116,-0.0655257873097689,-0.127436212727825,-0.0462824700220591,Take,Take,관찰상 방향 뚜렷,TRUE,TRUE,,W per selected current decision; not PA sum
region_pitch,0-0,INSIDE,FB,16637,14048,0.844383001743103,2391,14048,741,636,0.235499188555629,0.270999430523918,0.764500811444371,0.729000569476082,0.333606064920273,Take,Swing_including_bunts,10241,10085.8735402633,2357,0.0014548848943814,3807,2862.68097617525,1822,0.00284455630363665,0.34779071324475,0.255916851657553,0.329673668473141,0.272523431228805,-0.0918738615871967,0.0131393545738304,-0.117639571715184,-0.0661081514592091,-0.140881235983971,-0.0428664871904226,Take,Take,관찰상 방향 뚜렷,TRUE,TRUE,,W per selected current decision; not PA sum
region_pitch,0-0,INSIDE,NFB,7781,6191,0.795656085336075,2182,6191,710,582,0.173499550186351,0.204005814892586,0.826500449813649,0.795994185107414,0.33879130996608,Take,Swing_including_bunts,4928,4830.1963782955,2051,0.00202289581203594,1263,900.786654480226,935,0.00502464132793565,0.353007264597983,0.277526372575609,0.343128883443951,0.264196831265208,-0.0754808920223739,0.0191483397892344,-0.1130317873672,-0.0379299966775476,-0.14691133405436,-0.00405044999038808,Take,Take,관찰상 방향 뚜렷,TRUE,TRUE,,W per selected current decision; not PA sum
region,0-0,OUTSIDE,ALL,48793,40083,0.821490787612977,2415,40083,809,659,0.136699936466296,0.160067859192176,0.863300063533704,0.839932140807824,0.322416585584911,Take,Swing_including_bunts,33667,33115.5004833493,2415,0.0010677448164017,6416,4824.12179691499,2222,0.00236614623541501,0.32882110920944,0.270548365995792,0.333370265872757,0.268745694129767,-0.0582727432136472,0.00618663069542547,-0.0704043992476094,-0.0461410871796851,-0.0813473798934365,-0.035198106533858,Take,Take,관찰상 방향 뚜렷,TRUE,TRUE,,W per selected current decision; not PA sum
region_pitch,0-0,OUTSIDE,FB,28711,23394,0.814809654836126,2414,23394,762,653,0.121242729267528,0.143883046935112,0.878757270732472,0.856116953064888,0.321655381721809,Take,Swing_including_bunts,20028,19751.6028866478,2411,0.0012611875208525,3366,2595.36716647298,1801,0.00289876699976864,0.323514036306427,0.276011835786594,0.326986914631882,0.27060626392924,-0.0475022005198326,0.00803111282469212,-0.0632507918630893,-0.031753609176576,-0.0774563287174891,-0.0175480723221762,Take,Take,관찰상 방향 뚜렷,TRUE,TRUE,,W per selected current decision; not PA sum
region_pitch,0-0,OUTSIDE,NFB,20080,16689,0.831125498007968,2411,16689,775,624,0.158814741035857,0.182755108155072,0.841185258964143,0.817244891844928,0.323483611959974,Take,Swing_including_bunts,13639,13376.9806399462,2399,0.00129646152108595,3050,2229.29801428432,1681,0.00378894229301382,0.3362603604224,0.262889883625009,0.342318202773053,0.266137618757433,-0.0733704767973909,0.00990018786140664,-0.0927842384583403,-0.0539567151364416,-0.110295878320356,-0.0364450752744256,Take,Take,관찰상 방향 뚜렷,TRUE,TRUE,,W per selected current decision; not PA sum
region,0-0,CENTER,ALL,78327,76987,0.982892233840183,2415,76987,824,664,0.459943569905652,0.460558276072584,0.540056430094348,0.539441723927416,0.303716354709237,Take,Swing_including_bunts,41530,39152.2305898912,2415,0.00090826002305706,35457,32425.8855953183,2415,0.000976348856184794,0.273424594821138,0.334978880550833,0.271213713028823,0.332377505890531,0.0615542857296953,0.00397117670103331,0.0537670179649257,0.0693415534944648,0.0467427567927339,0.0763658146666566,Swing_including_bunts,Swing_including_bunts,관찰상 방향 뚜렷,TRUE,TRUE,,W per selected current decision; not PA sum
region_pitch,0-0,CENTER,FB,51506,50401,0.978546188793539,2415,50401,784,658,0.48411835514309,0.485287990317652,0.51588164485691,0.514712009682348,0.305070534314795,Take,Swing_including_bunts,25942,24384.1937024037,2415,0.000940590150586957,24459,22586.5578971623,2415,0.00106093043861891,0.272295626325533,0.337699326061818,0.26889313488541,0.334845581341894,0.0654036997362848,0.0048285221125622,0.0559352229019882,0.0748721765705815,0.0473944797047603,0.0834129197678094,Swing_including_bunts,Swing_including_bunts,관찰상 방향 뚜렷,TRUE,TRUE,,W per selected current decision; not PA sum
region_pitch,0-0,CENTER,NFB,26819,26586,0.991312129460457,2415,26586,793,641,0.413512808083821,0.413676371022343,0.586487191916179,0.586323628977658,0.301149138644399,Take,Swing_including_bunts,15588,15082.264207347,2402,0.00117896752077526,10998,10112.4515070968,2367,0.00126261847146588,0.27556486192213,0.329821535549737,0.275613000586415,0.327698597035337,0.0542566736276069,0.00695658994381764,0.0406151681745468,0.067898179080667,0.0283102751133785,0.0802030721418354,Swing_including_bunts,Swing_including_bunts,관찰상 방향 뚜렷,TRUE,TRUE,,W per selected current decision; not PA sum
count,0-1,ALL,ALL,93568,88127,0.941849777701778,2416,88127,822,665,0.477802240082079,0.493220012028096,0.522197759917921,0.506779987971904,0.268415536668671,Take,Swing_including_bunts,44661,26925.6915852862,2415,0.000935069645918586,43466,26571.1072841933,2416,0.00108400025038214,0.259508290543549,0.234769579465789,0.259824787121875,0.233289700283065,-0.0247387110777595,0.0039049058579997,-0.032396023629018,-0.0170813985265009,-0.039303056495802,-0.010174365659717,Take,Take,관찰상 방향 뚜렷,TRUE,TRUE,,W per selected current decision; not PA sum
region,0-1,HIGH,ALL,11596,10351,0.892635391514315,2343,10351,715,633,0.276215936529838,0.302096415805236,0.723784063470162,0.697903584194764,0.282634334846875,Take,Swing_including_bunts,7224,6224.21985234044,2262,0.00173257509131013,3127,2079.83773741045,1654,0.0035323771156489,0.304192220732894,0.211982619319452,0.293229930936861,0.201224179033041,-0.0922096014134426,0.0106857819428428,-0.11316417856866,-0.0712550242582256,-0.132066873479184,-0.0523523293477008,Take,Take,관찰상 방향 뚜렷,TRUE,TRUE,,W per selected current decision; not PA sum
region_pitch,0-1,HIGH,FB,9709,8702,0.896281800391389,2298,8702,674,626,0.305386754557627,0.332682142036314,0.694613245442373,0.667317857963687,0.280295104573661,Take,Swing_including_bunts,5807,5169.67476371282,2148,0.00215394015841378,2895,1937.73641407244,1588,0.00370994076650207,0.301947827262983,0.214794476292251,0.292567847220196,0.202304443944428,-0.0871533509707313,0.0119261835985923,-0.110540564676447,-0.0637661372650155,-0.131638625504746,-0.0426680764367166,Take,Take,관찰상 방향 뚜렷,TRUE,TRUE,,W per selected current decision; not PA sum
region_pitch,0-1,HIGH,NFB,1887,1649,0.873873873873874,1151,1649,504,494,0.126126126126126,0.140691328077623,0.873873873873874,0.859308671922377,0.294978775015161,Take,Swing_including_bunts,1417,1156.07466582958,1043,0.00465066193325458,232,176.781398341124,221,0.0254013747455234,0.316036194035,0.197144062996043,0.296723837851607,0.195523472387265,-0.118892131038957,0.0242623086215863,-0.166495483311891,-0.0712887787660234,-0.20953824781698,-0.0282460142609344,Take,,비교 자료 부족,TRUE,FALSE,,W per selected current decision; not PA sum
region,0-1,LOW,ALL,25356,22951,0.905150654677394,2415,22951,765,653,0.307303991165799,0.330181691429567,0.692696008834201,0.669818308570433,0.270029366912117,Take,Swing_including_bunts,15373,13258.2471961721,2410,0.00142815410167588,7578,4787.05830269029,2292,0.00280281006034856,0.299095772096734,0.197449602862366,0.298234948673684,0.189958434597393,-0.101646169234368,0.00739942902054743,-0.116156058727428,-0.0871362797413075,-0.129244250434409,-0.0740480880343265,Take,Take,관찰상 방향 뚜렷,TRUE,TRUE,,W per selected current decision; not PA sum
region_pitch,0-1,LOW,FB,7020,6292,0.896296296296296,2176,6292,653,602,0.19017094017094,0.205816910362365,0.80982905982906,0.794183089637635,0.285290845518118,Take,Swing_including_bunts,4997,4239.9665373597,2058,0.00207474701247588,1295,862.977293423662,977,0.00676761074855609,0.30188731454143,0.197647508129701,0.297369298019156,0.198197986420795,-0.104239806411729,0.013005898729771,-0.129745092797929,-0.0787345200255282,-0.152756883045809,-0.0557227297776477,Take,Take,관찰상 방향 뚜렷,TRUE,TRUE,,W per selected current decision; not PA sum
region_pitch,0-1,LOW,NFB,18335,16659,0.908590128170166,2410,16659,753,641,0.352167984728661,0.377153490605679,0.647832015271339,0.622846509394321,0.264265201992917,Take,Swing_including_bunts,10376,9019.52139101417,2375,0.00152554580729906,6283,3924.12862960004,2206,0.0029358773466498,0.298041423992885,0.197374855281955,0.298561899506164,0.186846407460539,-0.10066656871093,0.00900251110843127,-0.118320035888513,-0.083013101533347,-0.134243865943898,-0.0670892714779621,Take,Take,관찰상 방향 뚜렷,TRUE,TRUE,,W per selected current decision; not PA sum
region,0-1,INSIDE,ALL,15717,14493,0.922122542469937,2410,14493,736,634,0.336069224406693,0.357344925136273,0.663930775593307,0.642655074863727,0.273028220520251,Take,Swing_including_bunts,9314,8140.41440370463,2364,0.00164953018286297,5179,3398.41624707585,2089,0.00240603200690127,0.292152373917652,0.203491844477396,0.286199819488694,0.211177527749247,-0.0886605294402554,0.00974163265192342,-0.107763376435439,-0.0695576824450722,-0.124994580145472,-0.0523264787350389,Take,Take,관찰상 방향 뚜렷,TRUE,TRUE,,W per selected current decision; not PA sum
region_pitch,0-1,INSIDE,FB,11014,10314,0.936444525149809,2364,10314,690,616,0.348374795714545,0.366976924568548,0.651625204285455,0.633023075431452,0.266140682567384,Take,Swing_including_bunts,6529,5812.30797733193,2220,0.00154057601234635,3785,2551.689623543,1851,0.00300016372064661,0.281412970842506,0.198020571462698,0.283250328457073,0.217883883322853,-0.0833923993798073,0.0111253305426326,-0.105208821166064,-0.0615759775935502,-0.124888573118573,-0.0418962256410416,Take,Take,관찰상 방향 뚜렷,TRUE,TRUE,,W per selected current decision; not PA sum
region_pitch,0-1,INSIDE,NFB,4701,4179,0.88895979578813,1924,4179,637,585,0.307168687513295,0.333572625029912,0.692831312486705,0.666427374970089,0.290027039961713,Take,Swing_including_bunts,2785,2364.59104496562,1619,0.00289716572460541,1394,847.572132249083,991,0.007460767203778,0.318657806632908,0.216995244782157,0.293479324274563,0.194625876304841,-0.101662561850751,0.0186789509918525,-0.138295690248973,-0.0650294334525294,-0.171357966220885,-0.0319671574806172,Take,Take,관찰상 방향 뚜렷,TRUE,TRUE,,W per selected current decision; not PA sum
region,0-1,OUTSIDE,ALL,26067,23532,0.902750604212222,2415,23532,780,651,0.263167990179154,0.282678905320415,0.736832009820846,0.717321094679585,0.266585968043515,Take,Swing_including_bunts,16880,14647.8088578117,2414,0.00130799800989719,6652,4359.24191910733,2234,0.00200283214868158,0.2829536050001,0.206989542765624,0.285087201042095,0.202397093330559,-0.0759640622344763,0.00699317772435582,-0.0896773143927121,-0.0622508100762406,-0.102046924323856,-0.0498812001450966,Take,Take,관찰상 방향 뚜렷,TRUE,TRUE,,W per selected current decision; not PA sum
region_pitch,0-1,OUTSIDE,FB,11602,10451,0.900792966729874,2370,10451,727,634,0.209963799344941,0.22524160367429,0.790036200655059,0.77475839632571,0.276147354320161,Take,Swing_including_bunts,8097,7144.49823928656,2304,0.00191112458526161,2354,1678.38987288267,1434,0.00416870611745839,0.28314829007579,0.21944064911069,0.279505690594139,0.21061771414452,-0.0637076409651,0.00972705254914186,-0.0827820590151352,-0.0446332229150648,-0.0999882576090656,-0.0274270243211345,Take,Take,관찰상 방향 뚜렷,TRUE,TRUE,,W per selected current decision; not PA sum
region_pitch,0-1,OUTSIDE,NFB,14465,13081,0.904320774282752,2401,13081,745,636,0.30584168683028,0.328568152281936,0.69415831316972,0.671431847718064,0.258946945952144,Take,Swing_including_bunts,8783,7530.78229676043,2336,0.00146166176651049,4298,2689.28226546723,1941,0.00296781059813189,0.282798062325531,0.197041793173674,0.289546521101081,0.195829269148409,-0.0857562691518566,0.0097419193081823,-0.104859714276241,-0.0666528240274723,-0.122091599519525,-0.0494209387841884,Take,Take,관찰상 방향 뚜렷,TRUE,TRUE,,W per selected current decision; not PA sum
region,0-1,CENTER,ALL,31349,30632,0.977128457048072,2416,30632,798,653,0.776930683594373,0.778499608252808,0.223069316405627,0.221500391747193,0.267824791068164,Take,Swing_including_bunts,6785,5619.89520640061,2270,0.00149026781312458,23847,23528.4671557855,2416,0.00101391832295348,0.202740621991531,0.284880152038588,0.213849371022242,0.282128327035635,0.0821395300470572,0.00731446515625028,0.0677962531836838,0.0964828069104307,0.0548583609336907,0.109420699160424,Swing_including_bunts,Swing_including_bunts,관찰상 방향 뚜렷,TRUE,TRUE,,W per selected current decision; not PA sum
region_pitch,0-1,CENTER,FB,18906,18426,0.974611234528721,2410,18426,751,647,0.787263302655242,0.789373711060458,0.212736697344758,0.210626288939542,0.267618799522414,Take,Swing_including_bunts,3881,3120.9595837785,1924,0.00219021423070295,14545,14320.8303463357,2407,0.00114238253621082,0.206152628219792,0.28429527737595,0.213945031392336,0.281636058957318,0.0781426491561581,0.00979206919185062,0.0589408986671128,0.0973443996452033,0.0416204817497078,0.114664816562608,Swing_including_bunts,Swing_including_bunts,관찰상 방향 뚜렷,TRUE,TRUE,,W per selected current decision; not PA sum
region_pitch,0-1,CENTER,NFB,12441,12206,0.981110843179809,2389,12206,755,641,0.761192830158347,0.76208422087498,0.238807169841653,0.237915779125021,0.268135752908406,Take,Swing_including_bunts,2904,2527.85998365715,1678,0.00314687101872668,9302,9207.69289515147,2334,0.00142584777377452,0.197589907034794,0.285763070319251,0.213704963519428,0.282871447764052,0.0881731632844575,0.0111152938524996,0.066376540070327,0.109969786498588,0.0467151088025646,0.12963121776635,Swing_including_bunts,Swing_including_bunts,관찰상 방향 뚜렷,TRUE,TRUE,,W per selected current decision; not PA sum
count,0-2,ALL,ALL,48303,44983,0.931267209076041,2415,36658,795,656,0.508063681344844,0.51735099926639,0.491936318655156,0.482649000733611,0.201376586710535,Take,Swing_including_bunts,21711,10930.8812242453,2415,0.00171068325787688,23272,14465.3689119462,2414,0.00130049850184871,0.171544391684054,0.156979086254363,0.196475920110288,0.168302623375642,-0.0145653054296906,0.00404882970288709,-0.0225048466296906,-0.00662576422969054,-0.029666461288491,0.000535850429109839,Take,Take,차이 불명확,TRUE,TRUE,,W per selected current decision; not PA sum
region,0-2,HIGH,ALL,9906,9208,0.929537653947103,2323,8908,704,620,0.347466182111851,0.365986099044309,0.652533817888149,0.634013900955691,0.208614900086881,Take,Swing_including_bunts,5838,4354.58162853902,2155,0.00253931282949348,3370,2324.85746023403,1719,0.00397875759283763,0.229121925522108,0.143032108481625,0.221633821951373,0.157675599086039,-0.0860898170404833,0.00971776628104715,-0.105146222206291,-0.0670334118746752,-0.122336949743044,-0.049842684337923,Take,Take,관찰상 방향 뚜렷,TRUE,TRUE,,W per selected current decision; not PA sum
region_pitch,0-2,HIGH,FB,9225,8576,0.929647696476965,2305,8336,679,615,0.35609756097561,0.375,0.64390243902439,0.625,0.206779267723881,Take,Swing_including_bunts,5360,4271.93296000846,2100,0.00198168268499908,3216,2227.80190113247,1682,0.00409919848581027,0.230986654089538,0.14152900757961,0.221612095576403,0.159846684731461,-0.0894576465099283,0.00994866601335347,-0.108966922343138,-0.0699483706767182,-0.126566496674202,-0.0523487963456542,Take,Take,관찰상 방향 뚜렷,TRUE,TRUE,,W per selected current decision; not PA sum
region_pitch,0-2,HIGH,NFB,680,632,0.929411764705882,539,628,321,334,0.229411764705882,0.243670886075949,0.770588235294118,0.756329113924051,0.233523734177215,Take,Swing_including_bunts,478,291.41026174343,423,0.0182372467070384,154,119.062212540879,145,0.0388013910293795,0.203818266986854,0.163428616924155,0.221928640609199,0.128214791340569,-0.040389650062699,0.0409528405638055,-0.120836721178048,0.04005742105265,-0.193958923508679,0.113179623383281,Take,,비교 자료 부족,TRUE,FALSE,,W per selected current decision; not PA sum
region,0-2,LOW,ALL,16138,14932,0.925269550130128,2408,14420,745,645,0.355062585202627,0.373292258237343,0.644937414797373,0.626707741762657,0.183617130993839,Take,Swing_including_bunts,9358,6980.89107455726,2355,0.00179356838895165,5574,3396.06258811477,2122,0.00268532786422839,0.2222592711571,0.0882217866474206,0.225803362397024,0.119344204725106,-0.134037484509679,0.00664736217942181,-0.147072629665615,-0.121002339353744,-0.158830649387463,-0.109244319631896,Take,Take,관찰상 방향 뚜렷,TRUE,TRUE,,W per selected current decision; not PA sum
region_pitch,0-2,LOW,FB,2297,2095,0.912059207662168,1290,2060,461,524,0.240313452329125,0.257756563245823,0.759686547670875,0.742243436754177,0.182153221957041,Take,Swing_including_bunts,1555,1113.71307173503,1083,0.00835257178742897,540,322.658126691735,451,0.013464601435539,0.189486466989368,0.111953566846684,0.236148087742027,0.152308903916466,-0.0775329001426842,0.017496583353919,-0.111857803764664,-0.0432079965207048,-0.142878837550253,-0.0121869627351155,Take,Take,관찰상 방향 뚜렷,TRUE,TRUE,,W per selected current decision; not PA sum
region_pitch,0-2,LOW,NFB,13841,12837,0.927461888591865,2390,12475,729,642,0.374105917202514,0.392147698060295,0.625894082797486,0.607852301939706,0.183856041131105,Take,Swing_including_bunts,7803,5872.44405882066,2302,0.00198697333584399,5034,3076.26254222634,2059,0.00284885665000291,0.227607796882067,0.0843487571609786,0.224115101931356,0.113964361708366,-0.143259039721088,0.00714094359170306,-0.15726212644902,-0.129255952993156,-0.169893462461162,-0.116624616981014,Take,Take,관찰상 방향 뚜렷,TRUE,TRUE,,W per selected current decision; not PA sum
region,0-2,INSIDE,ALL,7443,6913,0.928792153701465,2235,6653,684,609,0.353889560661024,0.373354549399682,0.646110439338976,0.626645450600318,0.208092579198611,Take,Swing_including_bunts,4332,3013.98496648711,1981,0.00321632480153489,2581,1580.13415277588,1518,0.00544222910310607,0.221813000912178,0.126815768336013,0.222887552151052,0.147041290231525,-0.0949972325761653,0.0103945849891006,-0.115381288617627,-0.0746131765347033,-0.133771337701595,-0.0562231274507358,Take,Take,관찰상 방향 뚜렷,TRUE,TRUE,,W per selected current decision; not PA sum
region_pitch,0-2,INSIDE,FB,3839,3638,0.947642615264392,1802,3561,584,553,0.357124251107059,0.371632765255635,0.642875748892941,0.628367234744365,0.220118746564046,Take,Swing_including_bunts,2286,1579.43132740337,1444,0.00501294796852863,1352,879.521968929528,983,0.00806694702949532,0.221962657386103,0.153912951169762,0.217883655316995,0.17002514333375,-0.0680497062163403,0.015648331933346,-0.098740498778407,-0.0373589136542735,-0.126444840980069,-0.00965457145261109,Take,Take,관찰상 방향 뚜렷,TRUE,TRUE,,W per selected current decision; not PA sum
region_pitch,0-2,INSIDE,NFB,3604,3275,0.908712541620422,1700,3220,593,570,0.350443951165372,0.375267175572519,0.649556048834628,0.624732824427481,0.194733435114504,Take,Swing_including_bunts,2046,1435.23515793652,1337,0.00503086417834254,1229,708.863121508716,908,0.0068212570365132,0.22164675656038,0.0967151420309189,0.22844607938229,0.12150991386942,-0.124931614529461,0.0143570238502626,-0.153090924600364,-0.0967723044585585,-0.178514603931336,-0.0713486251275862,Take,Take,관찰상 방향 뚜렷,TRUE,TRUE,,W per selected current decision; not PA sum
region,0-2,OUTSIDE,ALL,15824,14429,0.911842770475227,2402,13774,757,643,0.32956268958544,0.348950031187193,0.67043731041456,0.651049968812808,0.192575854182549,Take,Swing_including_bunts,9394,6920.78048781637,2351,0.00179684443512139,5035,3213.90074043565,2051,0.00330041225881717,0.202367245991924,0.126539174072518,0.217408707606704,0.135772369778658,-0.0758280719194056,0.00684581558725143,-0.0892523911713682,-0.0624037526674429,-0.101361522000372,-0.0502946218384388,Take,Take,관찰상 방향 뚜렷,TRUE,TRUE,,W per selected current decision; not PA sum
region_pitch,0-2,OUTSIDE,FB,6760,6086,0.900295857988166,2191,5958,668,610,0.272041420118343,0.292967466316135,0.727958579881657,0.707032533683865,0.206527275714755,Take,Swing_including_bunts,4303,3132.35515566013,1955,0.00354788829232642,1783,1220.72592938556,1207,0.00430773976987334,0.199960293453801,0.165765185095587,0.21604586753148,0.160615345728066,-0.034195108358214,0.0115730088199197,-0.0568903318688314,-0.0114998848475966,-0.0773664405499466,0.00897622383351864,Take,Take,차이 불명확,TRUE,TRUE,,W per selected current decision; not PA sum
region_pitch,0-2,OUTSIDE,NFB,9064,8343,0.920454545454545,2289,8128,720,629,0.372462488967343,0.389787846098526,0.627537511032657,0.610212153901474,0.182398657557234,Take,Swing_including_bunts,5091,3788.61414383309,2090,0.00282666086060257,3252,1997.82404610415,1697,0.00405069319506325,0.204123054831312,0.0979248263455135,0.218402863749316,0.117650069451666,-0.106198228485798,0.0081312835546699,-0.122143686560493,-0.0902527704111032,-0.136528525157832,-0.0758679318137641,Take,Take,관찰상 방향 뚜렷,TRUE,TRUE,,W per selected current decision; not PA sum
region,0-2,CENTER,ALL,11569,10713,0.926009162416804,2349,9593,734,640,0.893594952026969,0.892280406982171,0.106405047973031,0.107719593017829,0.222923550826099,Take,Swing_including_bunts,1154,1000.92959427167,901,0.00609710572346228,9559,9529.41482646306,2329,0.00153453095510522,0.0412996576751963,0.245271913367654,0.138754690104313,0.240410431132074,0.203972255692458,0.00795709068794571,0.188368601104087,0.219575910280828,0.174292945162895,0.23365156622202,Swing_including_bunts,Swing_including_bunts,관찰상 방향 뚜렷,TRUE,TRUE,,W per selected current decision; not PA sum
region_pitch,0-2,CENTER,FB,6843,6364,0.930001461347362,2176,5979,673,619,0.889522139412538,0.887492143306097,0.110477860587462,0.112507856693903,0.217257228158391,Take,Swing_including_bunts,716,618.115971675686,613,0.00527117231709542,5648,5629.23718171936,2107,0.00176280862534567,0.0435466523957068,0.240136911146835,0.135170192161098,0.237759261230264,0.196590258751129,0.010025005971018,0.176930667851124,0.216249849651133,0.159193075130157,0.2339874423721,Swing_including_bunts,Swing_including_bunts,관찰상 방향 뚜렷,TRUE,TRUE,,W per selected current decision; not PA sum
region_pitch,0-2,CENTER,NFB,4726,4349,0.920228523063902,1950,4165,653,609,0.899492170969107,0.899287192458036,0.100507829030893,0.100712807541964,0.23121522189009,Take,Swing_including_bunts,438,384.184342194559,384,0.0125252077738799,3911,3900.33329610178,1874,0.002090081953439,0.0380115743453896,0.252786089990622,0.143999975206779,0.244289954069557,0.214774515645232,0.0126428055838177,0.189979674150544,0.23956935713992,0.167602557616573,0.261946473673892,Swing_including_bunts,Swing_including_bunts,관찰상 방향 뚜렷,TRUE,TRUE,,W per selected current decision; not PA sum
count,1-0,ALL,ALL,71849,67821,0.943937981043577,2415,67821,825,657,0.423193085498754,0.439583609796376,0.576806914501246,0.560416390203624,0.360130490556023,Take,Swing_including_bunts,38008,28849.057170113,2415,0.00111250052928766,29813,19210.8970643338,2415,0.00108940770201533,0.355022059343437,0.333473140796637,0.353411709370206,0.324417152736488,-0.0215489185468,0.00462179711720708,-0.0306120185838159,-0.0124858185097842,-0.0387871043279729,-0.00431073276562721,Take,Take,관찰상 방향 뚜렷,TRUE,TRUE,,W per selected current decision; not PA sum
region,1-0,HIGH,ALL,6577,5672,0.862399270183975,2137,5672,704,585,0.194313516800973,0.220204513399154,0.805686483199027,0.779795486600846,0.384455218617772,Take,Swing_including_bunts,4423,4172.69112344,1970,0.00218557300379607,1249,899.804749066697,966,0.00534815977704375,0.400357361392314,0.292932613365356,0.402963382855709,0.289644192725971,-0.107424748026958,0.0158108506540476,-0.138431015409116,-0.0764184806448011,-0.166407232661581,-0.0484422633923357,Take,Take,관찰상 방향 뚜렷,TRUE,TRUE,,W per selected current decision; not PA sum
region_pitch,1-0,HIGH,FB,4868,4182,0.859079704190633,1937,4182,650,562,0.239934264585045,0.272596843615495,0.760065735414955,0.727403156384505,0.383243902439024,Take,Swing_including_bunts,3042,2883.73554636278,1676,0.00266336928554533,1140,822.532835008318,894,0.0057552104068442,0.403647271106109,0.302421923996857,0.400887465962173,0.291494092603078,-0.101225347109252,0.0200780205859088,-0.140602162001753,-0.0618485322167511,-0.176140023736744,-0.0263106704817605,Take,Take,관찰상 방향 뚜렷,TRUE,TRUE,,W per selected current decision; not PA sum
region_pitch,1-0,HIGH,NFB,1708,1490,0.872365339578454,1058,1490,477,439,0.0644028103044497,0.0731543624161074,0.93559718969555,0.926845637583893,0.387855033557047,Take,Swing_including_bunts,1381,1295.38689594389,1002,0.00354951832632557,109,81.3548378206666,108,0.0364852185989826,0.391123534262726,0.266298856948621,0.408789882485756,0.284452057634655,-0.124824677314104,0.0210240723976604,-0.166078340423611,-0.0835710142045979,-0.203394859793588,-0.0462544948346212,Take,,비교 자료 부족,TRUE,FALSE,,W per selected current decision; not PA sum
region,1-0,LOW,ALL,15719,14007,0.891087219288759,2401,14007,758,628,0.259367644252179,0.285214535589348,0.740632355747821,0.714785464410652,0.386445205968444,Take,Swing_including_bunts,10012,9523.82229473996,2359,0.00201156256803025,3995,2704.87353220677,1944,0.00257572481218725,0.411379432490503,0.31943470485586,0.408773706256056,0.288647270427276,-0.0919447276346423,0.0116732968581191,-0.114835513207299,-0.0690539420619855,-0.135483694074589,-0.0484057611946953,Take,Take,관찰상 방향 뚜렷,TRUE,TRUE,,W per selected current decision; not PA sum
region_pitch,1-0,LOW,FB,6906,6062,0.87778743121923,2168,6062,686,598,0.175644367216913,0.196304849884527,0.824355632783087,0.803695150115473,0.380941438469152,Take,Swing_including_bunts,4872,4612.49393815119,2058,0.00231935907143524,1190,845.487121554583,901,0.00543995308523024,0.3962250053876,0.295981105953682,0.404580341055125,0.292942788579326,-0.100243899433918,0.0147829404413514,-0.129234122442854,-0.071253676424982,-0.155390383379781,-0.045097415488055,Take,Take,관찰상 방향 뚜렷,TRUE,TRUE,,W per selected current decision; not PA sum
region_pitch,1-0,LOW,NFB,8812,7945,0.901611438946891,2304,7945,697,576,0.325011348161598,0.353052234109503,0.674988651838402,0.646947765890497,0.390644556324733,Take,Swing_including_bunts,5140,4911.32837008619,2093,0.00191033763911918,2805,1861.48155166546,1640,0.00332536309554943,0.422942193610426,0.337329697498403,0.411973225431392,0.285369809000249,-0.085612496112023,0.0172135351368992,-0.119368145486773,-0.0518568467372734,-0.149819591152108,-0.0214054010719379,Take,Take,관찰상 방향 뚜렷,TRUE,TRUE,,W per selected current decision; not PA sum
region,1-0,INSIDE,ALL,9607,8617,0.896950140522536,2332,8617,747,609,0.302800041636307,0.330741557386562,0.697199958363693,0.669258442613439,0.374987930834397,Take,Swing_including_bunts,5767,5473.54850589275,2167,0.00167149787554451,2850,2007.3723295084,1620,0.00321309061388255,0.396391386094611,0.311507866667835,0.392299735499973,0.304564488298518,-0.0848835194267751,0.0155185146074736,-0.115315050491044,-0.0544519883625065,-0.142767004274591,-0.0270000345789593,Take,Take,관찰상 방향 뚜렷,TRUE,TRUE,,W per selected current decision; not PA sum
region_pitch,1-0,INSIDE,FB,6709,6072,0.905052913996125,2172,6072,694,589,0.330004471605306,0.357707509881423,0.669995528394694,0.642292490118577,0.372307147562582,Take,Swing_including_bunts,3900,3718.6121234515,1896,0.00223955694725728,2172,1573.06874897071,1368,0.00408867123182254,0.394460101494588,0.313078960678241,0.389321537331725,0.309020838028157,-0.081381140816347,0.0191578709294525,-0.118950823313822,-0.0438114583188716,-0.152847699340105,-0.00991458229258858,Take,Take,관찰상 방향 뚜렷,TRUE,TRUE,,W per selected current decision; not PA sum
region_pitch,1-0,INSIDE,NFB,2898,2545,0.878191856452726,1540,2545,600,508,0.239820565907522,0.266404715127701,0.760179434092478,0.733595284872299,0.381383889980354,Take,Swing_including_bunts,1867,1761.22424178319,1283,0.00351309661603571,678,441.52031103307,581,0.00948538516195742,0.400999150374113,0.307759464769531,0.399405283349719,0.293932285721557,-0.0932396856045825,0.0260417372155156,-0.144320725385305,-0.0421586458238596,-0.19045427139953,0.00397490019036524,Take,Take,차이 불명확,TRUE,TRUE,,W per selected current decision; not PA sum
region,1-0,OUTSIDE,ALL,18088,16174,0.894183989385228,2410,16174,784,625,0.21030517470146,0.230926177816248,0.789694825298541,0.769073822183752,0.378793062940522,Take,Swing_including_bunts,12439,11859.8217689708,2398,0.00147027154415121,3735,2608.07141675214,1878,0.00305206595979632,0.394074714781311,0.312661187282343,0.393224962245007,0.302369977590225,-0.0814135274989678,0.00989400653566428,-0.100815171943323,-0.0620118830546128,-0.118315897767836,-0.0445111572301001,Take,Take,관찰상 방향 뚜렷,TRUE,TRUE,,W per selected current decision; not PA sum
region_pitch,1-0,OUTSIDE,FB,10357,9178,0.886163947088925,2342,9178,737,612,0.183837018441634,0.203421224667684,0.816162981558366,0.796578775332316,0.3853611898017,Take,Swing_including_bunts,7311,6971.74503562311,2277,0.00181905742392782,1867,1378.49428854936,1264,0.00470576219487923,0.392090728598298,0.316031629670985,0.38866721270688,0.306881404564034,-0.0760590989273132,0.0119133238967597,-0.0994208633020453,-0.0526973345525811,-0.120495052854487,-0.0316231450001399,Take,Take,관찰상 방향 뚜렷,TRUE,TRUE,,W per selected current decision; not PA sum
region_pitch,1-0,OUTSIDE,NFB,7729,6996,0.905162375469013,2223,6996,716,574,0.245827403286324,0.267009719839909,0.754172596713676,0.732990280160092,0.370176386506575,Take,Swing_including_bunts,5128,4892.04134424279,2060,0.00188042323623511,1868,1235.81810178401,1263,0.00613931135089758,0.396677491394761,0.308239529157279,0.399204239726558,0.296451470333846,-0.0884379622374821,0.016754110431618,-0.121293312029284,-0.0555826124456805,-0.150935068657675,-0.0259408558172889,Take,Take,관찰상 방향 뚜렷,TRUE,TRUE,,W per selected current decision; not PA sum
region,1-0,CENTER,ALL,30789,30373,0.986488681022443,2415,30373,792,653,0.630354996914483,0.631909919994732,0.369645003085518,0.368090080005268,0.338696770157706,Take,Swing_including_bunts,11180,9515.40903027668,2388,0.00137213170441614,19193,18350.9271435993,2415,0.00120831578863241,0.303833786481771,0.356897382552381,0.304572890106436,0.351967376866573,0.0530635960706097,0.00672898214637951,0.0398684174867466,0.0662587746544728,0.0279661196094231,0.0781610725317964,Swing_including_bunts,Swing_including_bunts,관찰상 방향 뚜렷,TRUE,TRUE,,W per selected current decision; not PA sum
region_pitch,1-0,CENTER,FB,20061,19720,0.983001844374657,2414,19720,758,651,0.657694033198744,0.660496957403651,0.342305966801256,0.339503042596349,0.337339401622718,Take,Swing_including_bunts,6695,5654.83727377034,2250,0.00179234908143552,13025,12463.1058430971,2406,0.00131474352179559,0.299059521920802,0.355759302692144,0.300510635136523,0.352672700494021,0.0566997807713419,0.00859708956444061,0.039841338703951,0.0735582228387327,0.0246346948285528,0.0887648667141309,Swing_including_bunts,Swing_including_bunts,관찰상 방향 뚜렷,TRUE,TRUE,,W per selected current decision; not PA sum
region_pitch,1-0,CENTER,NFB,10728,10653,0.993008948545861,2362,10653,734,597,0.579231916480239,0.578991833286398,0.420768083519761,0.421008166713602,0.341209424575237,Take,Swing_including_bunts,4485,4144.54780348789,1970,0.00239541967761871,6168,5943.24790254432,2181,0.00184263242420416,0.312671531449602,0.359004106934608,0.312092618634238,0.350661736959196,0.0463325754850058,0.0109015405108571,0.0249549896021068,0.0677101613679047,0.00567105798075975,0.0869940929892518,Swing_including_bunts,Swing_including_bunts,관찰상 방향 뚜렷,TRUE,TRUE,,W per selected current decision; not PA sum
count,1-1,ALL,ALL,74670,71385,0.956006428284452,2415,71385,818,662,0.536373376188563,0.546851579463473,0.463626623811437,0.453148420536527,0.300784436506269,Take,Swing_including_bunts,32348,18214.0658478955,2415,0.00120758546189434,39037,25134.0004237687,2415,0.00098060174792899,0.291098393608556,0.26561388793286,0.297720347804352,0.261749844944357,-0.0254845056756961,0.00460127906155424,-0.0345073708892805,-0.0164616404621117,-0.0426461640701744,-0.00832284728121779,Take,Take,관찰상 방향 뚜렷,TRUE,TRUE,,W per selected current decision; not PA sum
region,1-1,HIGH,ALL,7955,7310,0.918918918918919,2275,7310,708,606,0.295663104965431,0.315321477428181,0.70433689503457,0.68467852257182,0.312690013679891,Take,Swing_including_bunts,5005,3997.87855897393,2077,0.0020913728737016,2305,1564.70418524076,1470,0.00441466690318867,0.33509769914066,0.235428391304528,0.337900430320075,0.226937372248506,-0.0996693078361317,0.0127947912245634,-0.124759992532404,-0.0745786231398599,-0.147395315364744,-0.0519433003075196,Take,Take,관찰상 방향 뚜렷,TRUE,TRUE,,W per selected current decision; not PA sum
region_pitch,1-1,HIGH,FB,6205,5731,0.923609991941982,2143,5731,661,587,0.344238517324738,0.36468330134357,0.655761482675262,0.63531669865643,0.30406630605479,Take,Swing_including_bunts,3641,3056.49118202438,1838,0.00261814777826958,2090,1426.10725382378,1390,0.00475644053935387,0.332473524334334,0.237526674568479,0.333927401005105,0.228412954217939,-0.0949468497658549,0.0145945420052945,-0.123567798946724,-0.0663259005849858,-0.149391621054379,-0.0405020784773306,Take,Take,관찰상 방향 뚜렷,TRUE,TRUE,,W per selected current decision; not PA sum
region_pitch,1-1,HIGH,NFB,1750,1579,0.902285714285714,1113,1579,497,473,0.123428571428571,0.136162127929069,0.876571428571429,0.863837872070931,0.343989867004433,Take,Swing_including_bunts,1364,1029.17142287788,1017,0.00447464768437292,215,147.353042396619,202,0.0263398937278766,0.344622174007698,0.227812646285084,0.352320589284034,0.221581729267618,-0.116809527722614,0.0253727680332068,-0.166593425894037,-0.0670256295511914,-0.211614916681024,-0.0220041387642042,Take,,비교 자료 부족,TRUE,FALSE,,W per selected current decision; not PA sum
region,1-1,LOW,ALL,18392,17136,0.931709438886472,2411,17136,761,636,0.347216180948238,0.366830065359477,0.652783819051762,0.633169934640523,0.313295693277311,Take,Swing_including_bunts,10850,9049.0839411052,2373,0.00138563384200654,6286,4035.72839815094,2216,0.00250171282699197,0.347047006634007,0.244250068330639,0.349418588607126,0.221227757878307,-0.102796938303368,0.00946662045527709,-0.121360496472789,-0.0842333801339471,-0.138105234092309,-0.0674886425144276,Take,Take,관찰상 방향 뚜렷,TRUE,TRUE,,W per selected current decision; not PA sum
region_pitch,1-1,LOW,FB,5556,5098,0.917566594672426,2052,5098,657,582,0.226781857451404,0.241663397410749,0.773218142548596,0.758336602589251,0.321765986661436,Take,Swing_including_bunts,3866,3155.17846903868,1885,0.00261206127764778,1232,808.765296635906,918,0.00623271352002764,0.331705026002665,0.237217109006815,0.339445380840399,0.227468941219927,-0.0944879169958497,0.0150205473589489,-0.123945032315107,-0.0650308016765926,-0.1505262168554,-0.0384496171362996,Take,Take,관찰상 방향 뚜렷,TRUE,TRUE,,W per selected current decision; not PA sum
region_pitch,1-1,LOW,NFB,12835,12038,0.937904168289833,2390,12038,743,619,0.399376704324114,0.419837182256189,0.600623295675886,0.580162817743811,0.309708589466689,Take,Swing_including_bunts,6984,5901.38322768063,2227,0.00178527674912948,5054,3227.20142180638,2105,0.00314074657681548,0.35354421690636,0.2472284722709,0.353642165047962,0.218584664949616,-0.106315744635461,0.0117688413285996,-0.129393942032668,-0.083237547238253,-0.150211385467993,-0.0624201038029284,Take,Take,관찰상 방향 뚜렷,TRUE,TRUE,,W per selected current decision; not PA sum
region,1-1,INSIDE,ALL,12158,11433,0.940368481658167,2382,11433,740,618,0.376377693699622,0.395521735327561,0.623622306300378,0.604478264672439,0.313715210355987,Take,Swing_including_bunts,6911,5737.97845150913,2262,0.00165896024026492,4522,3056.55590747824,1992,0.00273644025755783,0.351035308198512,0.226298823230599,0.330765780536849,0.239454964019117,-0.124736484967913,0.0109139650445368,-0.146138342773865,-0.103334627161962,-0.165443805583134,-0.0840291643526924,Take,Take,관찰상 방향 뚜렷,TRUE,TRUE,,W per selected current decision; not PA sum
region_pitch,1-1,INSIDE,FB,8215,7818,0.951673767498478,2294,7818,688,603,0.394887401095557,0.410718853926836,0.605112598904443,0.589281146073165,0.309686108979279,Take,Swing_including_bunts,4607,3931.90014536913,2020,0.00254066865399016,3211,2247.28386277189,1710,0.00290547183948118,0.343717280724715,0.223667117061578,0.323473672698862,0.245250117724964,-0.120050163663137,0.0128959760364081,-0.145339160967907,-0.0947611663583665,-0.168152949532593,-0.0719473777936805,Take,Take,관찰상 방향 뚜렷,TRUE,TRUE,,W per selected current decision; not PA sum
region_pitch,1-1,INSIDE,NFB,3943,3615,0.916814608166371,1801,3615,635,556,0.337813847324372,0.362655601659751,0.662186152675628,0.637344398340249,0.322428769017981,Take,Swing_including_bunts,2304,1841.05041717117,1434,0.00358975583565028,1311,813.913945197437,995,0.00647451086831344,0.366861681307819,0.231990297318954,0.346536098400579,0.226922042394688,-0.134871383988865,0.0214442338663488,-0.17692959069947,-0.0928131772782608,-0.214895272159962,-0.0548474958177691,Take,Take,관찰상 방향 뚜렷,TRUE,TRUE,,W per selected current decision; not PA sum
region,1-1,OUTSIDE,ALL,18674,17426,0.933169112134519,2411,17426,769,645,0.297686623112349,0.312980603695627,0.702313376887651,0.687019396304373,0.312222139332033,Take,Swing_including_bunts,11972,9963.14533347521,2397,0.00159155744910418,5454,3631.07774590235,2149,0.00225004365270649,0.325968001508065,0.250349085834264,0.333595687885651,0.233543130038941,-0.0756189156738004,0.00862004707368034,-0.0925223867732688,-0.0587154445743321,-0.107769689355916,-0.0434681419916852,Take,Take,관찰상 방향 뚜렷,TRUE,TRUE,,W per selected current decision; not PA sum
region_pitch,1-1,OUTSIDE,FB,8629,8028,0.930351141499594,2305,8028,706,630,0.249275698226909,0.261459890383657,0.750724301773091,0.738540109616343,0.309596163428002,Take,Swing_including_bunts,5929,4956.30057939604,2178,0.00202191133710393,2099,1503.93812595467,1352,0.00412107392858144,0.309154525902969,0.242706585201695,0.321587878016992,0.238955462373265,-0.0664479407012747,0.0108862718901951,-0.0877958561721598,-0.0451000252303897,-0.10705409150366,-0.0258417898988894,Take,Take,관찰상 방향 뚜렷,TRUE,TRUE,,W per selected current decision; not PA sum
region_pitch,1-1,OUTSIDE,NFB,10045,9398,0.935589845694375,2353,9398,733,608,0.339273270283723,0.356990849116833,0.660726729716277,0.643009150883167,0.314465311768461,Take,Swing_including_bunts,6043,5012.35200139919,2190,0.00192208809967092,3355,2134.58095967827,1784,0.00341494865970921,0.340330480988561,0.256877495610628,0.343853050901781,0.228919784222814,-0.0834529853779329,0.0131015690285798,-0.109144809989985,-0.0577611607658807,-0.132320656072288,-0.0345853146835775,Take,Take,관찰상 방향 뚜렷,TRUE,TRUE,,W per selected current decision; not PA sum
region,1-1,CENTER,ALL,28507,27864,0.97744413652787,2415,27864,788,656,0.813133616304767,0.813630490956072,0.186866383695233,0.186369509043928,0.288870693367786,Take,Swing_including_bunts,5193,4303.46090947647,2109,0.00185984022885939,22671,22458.4083198993,2414,0.00111280565732264,0.223505970843291,0.302057657221008,0.244985636810965,0.300964713320334,0.0785516863777175,0.00815846204560566,0.0625533732124259,0.0945499995430092,0.0481225955145116,0.108980777240924,Swing_including_bunts,Swing_including_bunts,관찰상 방향 뚜렷,TRUE,TRUE,,W per selected current decision; not PA sum
region_pitch,1-1,CENTER,FB,16945,16449,0.970728828562998,2413,16449,752,650,0.8262024195928,0.826007660040124,0.1737975804072,0.173992339959876,0.286448233935194,Take,Swing_including_bunts,2862,2313.43615891718,1653,0.00306736001185339,13587,13445.9823562702,2405,0.00132337523707627,0.22849616138311,0.298076907466322,0.245932386803483,0.299854585084374,0.0695807460832119,0.0107409506170871,0.0485183004678083,0.0906431916986155,0.0295195460353196,0.109641946131104,Swing_including_bunts,Swing_including_bunts,관찰상 방향 뚜렷,TRUE,TRUE,,W per selected current decision; not PA sum
region_pitch,1-1,CENTER,NFB,11561,11415,0.987371334659631,2387,11415,736,633,0.794048957702621,0.795795006570302,0.205951042297379,0.204204993429698,0.292361454226894,Take,Swing_including_bunts,2331,2005.52051754352,1422,0.00267889018528699,9084,9013.0095290001,2359,0.00136265453826854,0.216315112832823,0.307793912386565,0.243621371315833,0.302564406649577,0.0914787995537424,0.0128342730413841,0.0663113198333186,0.116646279274166,0.043609198161739,0.139348400945746,Swing_including_bunts,Swing_including_bunts,관찰상 방향 뚜렷,TRUE,TRUE,,W per selected current decision; not PA sum
count,1-2,ALL,ALL,70490,66179,0.938842388991346,2415,52458,806,662,0.570747623776422,0.572281237250487,0.429252376223578,0.427718762749513,0.226213013191496,Take,Swing_including_bunts,28306,14072.4828921704,2415,0.00123421230666883,37873,25101.3976881954,2415,0.00126935782001513,0.192884090195589,0.175324056493044,0.220014546883016,0.183617921901071,-0.0175600337025448,0.00337846512042583,-0.024185025363038,-0.0109350420420517,-0.0301608917506597,-0.00495917565442997,Take,Take,관찰상 방향 뚜렷,TRUE,TRUE,,W per selected current decision; not PA sum
region,1-2,HIGH,ALL,11402,10819,0.948868619540432,2355,10442,717,625,0.390720926153306,0.406876790830946,0.609279073846694,0.593123209169054,0.233112394860893,Take,Swing_including_bunts,6417,4520.19904700988,2197,0.00248480630638549,4402,3163.07455989884,1936,0.00299542838531295,0.260448683955673,0.155303827419437,0.25667043253022,0.166907874276242,-0.105144856536236,0.00907575563319679,-0.122942161534003,-0.0873475515384683,-0.138996560890276,-0.0712931521821959,Take,Take,관찰상 방향 뚜렷,TRUE,TRUE,,W per selected current decision; not PA sum
region_pitch,1-2,HIGH,FB,10248,9721,0.948575331772053,2332,9435,686,616,0.406128024980484,0.422796008641086,0.593871975019516,0.577203991358914,0.231552309433186,Take,Swing_including_bunts,5611,4248.62346789806,2113,0.00244434023763202,4110,2966.63193918712,1888,0.00315331312929048,0.263486123060258,0.156063450768645,0.255970931863309,0.170578934600282,-0.107422672291614,0.00946977177170915,-0.125992726264661,-0.088852618318567,-0.14274457034209,-0.0721007742411382,Take,Take,관찰상 방향 뚜렷,TRUE,TRUE,,W per selected current decision; not PA sum
region_pitch,1-2,HIGH,NFB,1154,1098,0.951473136915078,851,1087,431,430,0.253899480069324,0.265938069216758,0.746100519930676,0.734061930783242,0.246924408014572,Take,Swing_including_bunts,806,490.315232425769,674,0.00811742230461193,292,209.339283204506,274,0.020958419568492,0.23355711242956,0.148578601028142,0.262863370583994,0.134406619804486,-0.0849785114014185,0.0301827687533934,-0.144220006459196,-0.0257370163436406,-0.197873089239253,0.027916066436416,Take,Take,차이 불명확,TRUE,TRUE,,W per selected current decision; not PA sum
region,1-2,LOW,ALL,22376,21222,0.948426885949231,2414,20371,760,646,0.400697175545227,0.413486005089059,0.599302824454773,0.586513994910941,0.212631608707945,Take,Swing_including_bunts,12447,8827.71716709343,2399,0.00171694639344813,8775,5433.34464706365,2321,0.00261719812258855,0.268685025152949,0.100570608119406,0.263461521014249,0.127425722299412,-0.168114417033543,0.00578877325109785,-0.179465897992697,-0.156762936074388,-0.189705155435004,-0.146523678632081,Take,Take,관찰상 방향 뚜렷,TRUE,TRUE,,W per selected current decision; not PA sum
region_pitch,1-2,LOW,FB,3721,3479,0.934963719430261,1742,3420,565,570,0.290782047836603,0.304972693302673,0.709217952163397,0.695027306697327,0.248160678355849,Take,Swing_including_bunts,2418,1626.86735317052,1456,0.00452364947997187,1061,674.869366840076,781,0.0114751097649157,0.283308920438175,0.155045309085678,0.265523581702012,0.165888968042874,-0.128263611352497,0.0170771492429991,-0.161757493910458,-0.0947697287945359,-0.191995227354017,-0.0645319953509763,Take,Take,관찰상 방향 뚜렷,TRUE,TRUE,,W per selected current decision; not PA sum
region_pitch,1-2,LOW,NFB,18654,17743,0.951163289374933,2412,17184,751,643,0.422590329151925,0.434763005128783,0.577409670848076,0.565236994871217,0.20566516372654,Take,Swing_including_bunts,10029,7216.12392518316,2371,0.00191077820013076,7714,4758.96062934758,2275,0.00214444327348658,0.265817610865776,0.0898893544046083,0.263057197667987,0.119883951914386,-0.175928256461168,0.0061015141740295,-0.187893010960499,-0.163963501961837,-0.198685472750823,-0.153171040171513,Take,Take,관찰상 방향 뚜렷,TRUE,TRUE,,W per selected current decision; not PA sum
region,1-2,INSIDE,ALL,11417,10852,0.950512393798721,2378,10418,730,621,0.396076026977315,0.410339107998526,0.603923973022686,0.589660892001474,0.237449502395872,Take,Swing_including_bunts,6399,4224.77297009042,2222,0.00189073430483169,4453,2746.98787847535,1988,0.00403189461269669,0.25977502021692,0.141088835917564,0.255168522607434,0.15891317665005,-0.118686184299356,0.00896830662723118,-0.136272697238035,-0.101099671360677,-0.152136602367056,-0.0852357662316563,Take,Take,관찰상 방향 뚜렷,TRUE,TRUE,,W per selected current decision; not PA sum
region_pitch,1-2,INSIDE,FB,6086,5828,0.957607624055209,2116,5702,653,585,0.39484061781137,0.407000686341798,0.60515938218863,0.592999313658202,0.244733356211393,Take,Swing_including_bunts,3456,2313.02728880411,1760,0.00284532222807145,2372,1613.24289455504,1451,0.00552068247879226,0.250468159378282,0.176420073602087,0.247606382006609,0.185306587967795,-0.074048085776195,0.0128052786381718,-0.0991603417309555,-0.0489358298214345,-0.121819090353163,-0.026277081199227,Take,Take,관찰상 방향 뚜렷,TRUE,TRUE,,W per selected current decision; not PA sum
region_pitch,1-2,INSIDE,NFB,5330,5024,0.942589118198874,2055,4929,672,588,0.397373358348968,0.41421178343949,0.602626641651032,0.58578821656051,0.229,Take,Swing_including_bunts,2943,1912.20457634897,1660,0.0034227432756395,2081,1175.66619411326,1323,0.00646172712471908,0.270571275186582,0.100103475004865,0.263940846536893,0.128295978966964,-0.170467800181717,0.0121198968688253,-0.194236367550947,-0.146699232812487,-0.215684302510749,-0.125251297852685,Take,Take,관찰상 방향 뚜렷,TRUE,TRUE,,W per selected current decision; not PA sum
region,1-2,OUTSIDE,ALL,21223,20043,0.94439994345757,2414,19046,767,653,0.388682090185176,0.40318315621414,0.611317909814824,0.59681684378586,0.220527964875518,Take,Swing_including_bunts,11962,8600.01388780645,2394,0.00182702210104101,8081,5356.76196153172,2296,0.0019207784508242,0.236317088882241,0.138125898538103,0.252611342008655,0.14683504667539,-0.0981911903441379,0.0058041321339279,-0.109572789267572,-0.0868095914207036,-0.119839213701658,-0.0765431669866179,Take,Take,관찰상 방향 뚜렷,TRUE,TRUE,,W per selected current decision; not PA sum
region_pitch,1-2,OUTSIDE,FB,8970,8411,0.93768115942029,2298,8203,700,625,0.334448160535117,0.350493401498038,0.665551839464883,0.649506598501962,0.236448222565688,Take,Swing_including_bunts,5463,3828.4786612068,2109,0.00332525322986522,2948,2119.16633133947,1622,0.0035682789903389,0.227109946963275,0.17592761995902,0.247999675040193,0.17576239969989,-0.0511823270042551,0.00972821605616478,-0.0702593323178205,-0.0321053216906896,-0.0874690702366653,-0.0148955837718448,Take,Take,관찰상 방향 뚜렷,TRUE,TRUE,,W per selected current decision; not PA sum
region_pitch,1-2,OUTSIDE,NFB,12253,11632,0.949318534236513,2382,11325,747,639,0.428384885334204,0.441282668500688,0.571615114665796,0.558717331499312,0.209016162310867,Take,Swing_including_bunts,6499,4772.25755413599,2211,0.00259041409243978,5133,3246.71486159199,2091,0.00233426352442406,0.242974694683515,0.110791796159206,0.25594599906434,0.12591792440157,-0.132182898524309,0.00718710198640427,-0.146276523904472,-0.118089273144146,-0.158989624005009,-0.10537617304361,Take,Take,관찰상 방향 뚜렷,TRUE,TRUE,,W per selected current decision; not PA sum
region,1-2,CENTER,ALL,19944,18090,0.907039711191336,2407,16011,763,645,0.906287605294825,0.90359314538419,0.0937123947051744,0.0964068546158099,0.241837976782753,Take,Swing_including_bunts,1744,1522.39028049819,1247,0.00330485046451237,16346,16307.3504887989,2399,0.0015099625338436,0.0477681151190753,0.263379930202403,0.143521733335919,0.257777722525751,0.215611815083328,0.0062737643593166,0.203309274016568,0.227914356150088,0.192212070955538,0.239011559211118,Swing_including_bunts,Swing_including_bunts,관찰상 방향 뚜렷,TRUE,TRUE,,W per selected current decision; not PA sum
region_pitch,1-2,CENTER,FB,11344,10468,0.92277856135402,2366,9796,714,632,0.89827221438646,0.896923958731372,0.10172778561354,0.103076041268628,0.238455196790218,Take,Swing_including_bunts,1079,943.938637575243,864,0.00435018377505281,9389,9365.67464265929,2335,0.00160588248302712,0.0451744895266109,0.262146736033769,0.137977313664172,0.258336659134391,0.216972246507158,0.00809764828082665,0.201093020884769,0.232851472129547,0.186769011547185,0.247175481467131,Swing_including_bunts,Swing_including_bunts,관찰상 방향 뚜렷,TRUE,TRUE,,W per selected current decision; not PA sum
region_pitch,1-2,CENTER,NFB,8600,7622,0.886279069767442,2288,7302,716,622,0.916860465116279,0.912752558383626,0.0831395348837209,0.0872474416163737,0.24648386250328,Take,Swing_including_bunts,665,584.714643452754,567,0.00623277611977839,6957,6942.13821952826,2245,0.00198112170879469,0.0513301818603396,0.265073590207292,0.151136399450304,0.25701008300604,0.213743408346953,0.00959594363467877,0.194925745514713,0.232561071179192,0.177949794418068,0.249537022275837,Swing_including_bunts,Swing_including_bunts,관찰상 방향 뚜렷,TRUE,TRUE,,W per selected current decision; not PA sum
count,2-0,ALL,ALL,24600,23423,0.952154471544715,2415,23423,803,641,0.444430894308943,0.460103317252273,0.555569105691057,0.539896682747727,0.427569739145285,Take,Swing_including_bunts,12646,9297.45262175302,2390,0.00182250109798891,10777,7052.42308998868,2403,0.00210645495473435,0.430529931928193,0.378271814418153,0.429120641272132,0.364862065339785,-0.05225811751004,0.00814496146038198,-0.0682299567407695,-0.0362862782793105,-0.0826368544545562,-0.0218793805655238,Take,Take,관찰상 방향 뚜렷,TRUE,TRUE,,W per selected current decision; not PA sum
region,2-0,HIGH,ALL,2397,2075,0.865665415102211,1342,2075,573,479,0.206090947017105,0.236144578313253,0.793909052982895,0.763855421686747,0.468998554216867,Take,Swing_including_bunts,1585,1477.67470624731,1150,0.00376064777877775,490,338.988740116726,425,0.0115601029940169,0.511294885719918,0.305540938867089,0.48743627094487,0.325985438724493,-0.205753946852829,0.0257118045232629,-0.256193683071189,-0.155314210634469,-0.301771189133438,-0.109736704572219,Take,Take,관찰상 방향 뚜렷,TRUE,TRUE,,W per selected current decision; not PA sum
region_pitch,2-0,HIGH,FB,2021,1747,0.864423552696685,1201,1747,531,464,0.23156853043048,0.265598168288495,0.76843146956952,0.734401831711505,0.466123640526617,Take,Swing_including_bunts,1283,1197.81192278774,988,0.00366103061358364,464,321.969966363128,405,0.0119667882963982,0.5164569723961,0.305357254311805,0.487109318123167,0.328284416159936,-0.211099718084295,0.0294930836934852,-0.268963462430276,-0.153235973738314,-0.321273594202624,-0.100925841965966,Take,Take,관찰상 방향 뚜렷,TRUE,TRUE,,W per selected current decision; not PA sum
region_pitch,2-0,HIGH,NFB,376,328,0.872340425531915,307,328,217,213,0.0691489361702128,0.0792682926829268,0.930851063829787,0.920731707317073,0.484310975609756,Take,Swing_including_bunts,302,281.046777383167,288,0.00907487299649563,26,22.3882548733413,26,0.100559826753497,0.48380047894159,0.306519283129529,0.489177693443388,0.31374058024974,-0.177281195812061,0.0423703292169951,-0.260655272899396,-0.0939071187247258,-0.337006677732215,-0.0175557138919069,Take,,비교 자료 부족,TRUE,FALSE,,W per selected current decision; not PA sum
region,2-0,LOW,ALL,4487,4073,0.907733452195231,1904,4073,681,542,0.263650546021841,0.285293395531549,0.736349453978159,0.714706604468451,0.472577461330714,Take,Swing_including_bunts,2911,2743.24523185135,1628,0.00218461091021595,1162,804.750242603268,900,0.00627191052130956,0.506663351035282,0.362477759501169,0.490873138716752,0.325983343606436,-0.144185591534113,0.0202246179012548,-0.183850341909672,-0.104520841158554,-0.219649765229586,-0.0687214178386402,Take,Take,관찰상 방향 뚜렷,TRUE,TRUE,,W per selected current decision; not PA sum
region_pitch,2-0,LOW,FB,2670,2410,0.902621722846442,1461,2410,601,517,0.202996254681648,0.219502074688797,0.797003745318352,0.780497925311203,0.48423112033195,Take,Swing_including_bunts,1881,1760.01358501402,1253,0.00274107052830152,529,373.805516106139,466,0.0138387911431946,0.503673161972424,0.350675959474015,0.489497407278941,0.3326433422396,-0.152997202498409,0.0244983648167479,-0.201052953682451,-0.104941451314366,-0.244462308901921,-0.0615320960948963,Take,Take,관찰상 방향 뚜렷,TRUE,TRUE,,W per selected current decision; not PA sum
region_pitch,2-0,LOW,NFB,1817,1663,0.915244909190974,1146,1663,481,422,0.352779306549257,0.380637402285027,0.647220693450743,0.619362597714973,0.455689116055322,Take,Swing_including_bunts,1030,983.454619481101,813,0.00443408660404767,633,431.340380170728,532,0.0112962643196028,0.510996697783019,0.379580789005342,0.492866832502154,0.316331752081526,-0.131415908777677,0.0344970357489458,-0.199100403519559,-0.0637314140357961,-0.26030168916883,-0.00253012838652503,Take,Take,관찰상 방향 뚜렷,TRUE,TRUE,,W per selected current decision; not PA sum
region,2-0,INSIDE,ALL,2977,2714,0.91165602955996,1595,2714,627,509,0.309035942223715,0.335298452468681,0.690964057776285,0.664701547531319,0.460526897568165,Take,Swing_including_bunts,1804,1707.33421373306,1253,0.00335127782648837,910,628.733983512654,740,0.00986695347973582,0.494569200632308,0.377415264129354,0.474652672192685,0.340260468926712,-0.117153936502954,0.0271973080625607,-0.170500187417615,-0.0638076855882927,-0.218673826364046,-0.0156340466418621,Take,Take,관찰상 방향 뚜렷,TRUE,TRUE,,W per selected current decision; not PA sum
region_pitch,2-0,INSIDE,FB,2348,2158,0.919080068143101,1395,2158,577,493,0.333049403747871,0.358202038924931,0.66695059625213,0.64179796107507,0.446238183503244,Take,Swing_including_bunts,1385,1313.09738240735,1042,0.00382394700183714,773,544.870851937131,643,0.0116253246639568,0.480329948315287,0.367576938542508,0.474538670421859,0.344448445035283,-0.112753009772779,0.0308123365269909,-0.17319656002343,-0.0523094595221278,-0.227805344511789,0.00229932496623138,Take,Take,차이 불명확,TRUE,TRUE,,W per selected current decision; not PA sum
region_pitch,2-0,INSIDE,NFB,629,556,0.883942766295708,488,556,302,291,0.21939586645469,0.246402877697842,0.78060413354531,0.753597122302158,0.515985611510791,Take,Swing_including_bunts,419,395.857112806684,377,0.0076681097590183,137,85.2359226739769,133,0.0350543619063373,0.549835938941896,0.415600707684055,0.475095146691683,0.324005698347045,-0.134235231257841,0.0604872610325418,-0.253083450743771,-0.0153870117719112,-0.361221847594701,0.0927513850790186,Take,,비교 자료 부족,TRUE,FALSE,,W per selected current decision; not PA sum
region,2-0,OUTSIDE,ALL,5787,5218,0.901676170727493,2105,5218,709,562,0.205460514947296,0.224990417784592,0.794539485052704,0.775009582215408,0.46675891146033,Take,Swing_including_bunts,4044,3829.82400951681,1940,0.00213342589156165,1174,863.477375472364,931,0.00516016755178098,0.485930698234985,0.357544850713061,0.475940758372746,0.339960483980909,-0.128385847521924,0.0158059677038188,-0.159382806357248,-0.0973888886866009,-0.187351679063978,-0.0694200159798701,Take,Take,관찰상 방향 뚜렷,TRUE,TRUE,,W per selected current decision; not PA sum
region_pitch,2-0,OUTSIDE,FB,4165,3729,0.8953181272509,1852,3729,661,550,0.187755102040816,0.207026012335747,0.812244897959184,0.792973987664253,0.469227674979887,Take,Swing_including_bunts,2957,2805.81061282671,1677,0.00261324261886362,772,583.815978671197,654,0.00789135770288353,0.479648771034065,0.376691128503418,0.47459384665734,0.345286468822573,-0.102957642530647,0.0188856416193244,-0.139997039635643,-0.0659182454256518,-0.173429563207861,-0.0324857218534337,Take,Take,관찰상 방향 뚜렷,TRUE,TRUE,,W per selected current decision; not PA sum
region_pitch,2-0,OUTSIDE,NFB,1622,1489,0.918002466091245,1070,1489,463,415,0.250924784217016,0.269979852249832,0.749075215782984,0.730020147750168,0.460576225654802,Take,Swing_including_bunts,1087,1025.85933646105,846,0.00402681326503188,402,281.376864997288,364,0.0113699852946365,0.501662939022244,0.309595576112495,0.479313917396755,0.326622272110818,-0.192067362909749,0.0287843732851013,-0.248547645859468,-0.135587079960031,-0.299634721702333,-0.0845000041171654,Take,Take,관찰상 방향 뚜렷,TRUE,TRUE,,W per selected current decision; not PA sum
region,2-0,CENTER,ALL,11490,11363,0.988946910356832,2397,11363,760,621,0.645953002610966,0.647716272111238,0.354046997389034,0.352283727888762,0.392345155328698,Take,Swing_including_bunts,4003,3368.70807856737,1909,0.00249353159525883,7360,7071.96610009311,2315,0.00160808000888374,0.366696350523159,0.400820594558657,0.379834517646345,0.392257647228002,0.0341242440354987,0.01182056411122,0.010944654787494,0.0573038332835034,-0.00996411272631469,0.0782126007973121,Swing_including_bunts,Swing_including_bunts,차이 불명확,TRUE,TRUE,,W per selected current decision; not PA sum
region_pitch,2-0,CENTER,FB,8890,8776,0.987176602924634,2338,8776,735,611,0.666029246344207,0.66841385597083,0.333970753655793,0.33158614402917,0.396758887876026,Take,Swing_including_bunts,2910,2453.15422214804,1657,0.00279243597101091,5866,5648.28910271045,2192,0.00192622457014099,0.368435418064242,0.406466716505502,0.378228609196541,0.39764319704406,0.0380312984412599,0.0138304686955574,0.0109100315530179,0.065152565329502,-0.0135556261975327,0.0896182230800526,Swing_including_bunts,Swing_including_bunts,차이 불명확,TRUE,TRUE,,W per selected current decision; not PA sum
region_pitch,2-0,CENTER,NFB,2599,2587,0.995382839553674,1530,2587,557,479,0.577145055790689,0.577502899110939,0.422854944209311,0.422497100889061,0.377372245844608,Take,Swing_including_bunts,1093,1023.39196048428,852,0.00621113319855668,1494,1447.32679202641,1060,0.00362887717269202,0.360796831102769,0.381666993396884,0.385282315309846,0.373987996982263,0.0208701622941147,0.0210439236634967,-0.0204078456305609,0.0621481702187902,-0.0576886789715201,0.0994290035597495,Swing_including_bunts,Swing_including_bunts,차이 불명확,TRUE,TRUE,,W per selected current decision; not PA sum
count,2-1,ALL,ALL,39074,37713,0.96516865434816,2415,37713,807,648,0.582740441214107,0.5890806883568,0.417259558785893,0.4109193116432,0.358886590830748,Take,Swing_including_bunts,15497,8564.09377116356,2404,0.00152787241232244,22216,15231.1163169503,2414,0.00137996289124858,0.355105042842648,0.30441219077689,0.370446999270694,0.302715440620856,-0.0506928520657588,0.00643347388550986,-0.0633085545579399,-0.0380771495735776,-0.0746881541623942,-0.0266975499691233,Take,Take,관찰상 방향 뚜렷,TRUE,TRUE,,W per selected current decision; not PA sum
region,2-1,HIGH,ALL,3920,3642,0.929081632653061,1836,3642,658,535,0.309183673469388,0.327292696320703,0.690816326530612,0.672707303679297,0.393911587040088,Take,Swing_including_bunts,2450,1974.42134916191,1485,0.00323471112606629,1192,829.229368576723,946,0.0059808383706638,0.446360544317957,0.258064678717495,0.431134262031226,0.26298118855446,-0.188295865600462,0.0166283087708733,-0.220908262785978,-0.155683468414947,-0.250345619140011,-0.126246112060913,Take,Take,관찰상 방향 뚜렷,TRUE,TRUE,,W per selected current decision; not PA sum
region_pitch,2-1,HIGH,FB,3097,2882,0.930577978689054,1648,2882,620,518,0.355505327736519,0.375780707841777,0.644494672263481,0.624219292158224,0.39190666204025,Take,Swing_including_bunts,1799,1452.46146242351,1233,0.0039572728419457,1083,753.266540491801,872,0.00641110345015959,0.453634025789247,0.265061311641217,0.429368279219344,0.266442212779199,-0.18857271414803,0.0192133478372443,-0.226257878052138,-0.150887550243922,-0.26028533817481,-0.11686009012125,Take,Take,관찰상 방향 뚜렷,TRUE,TRUE,,W per selected current decision; not PA sum
region_pitch,2-1,HIGH,NFB,823,760,0.923450789793439,642,760,338,350,0.134872417982989,0.143421052631579,0.865127582017011,0.856578947368421,0.401514473684211,Take,Swing_including_bunts,651,530.910138465234,560,0.00603280948680659,109,89.015738099369,103,0.046544574678145,0.418778736949196,0.231532710183062,0.437831054746809,0.24985662037591,-0.187246026766133,0.032145474285409,-0.250369186664745,-0.124122866867522,-0.307654088853169,-0.066837964679098,Take,,비교 자료 부족,TRUE,FALSE,,W per selected current decision; not PA sum
region,2-1,LOW,ALL,8124,7773,0.956794682422452,2293,7773,724,595,0.384785819793205,0.398044513058021,0.615214180206795,0.601955486941979,0.390125305544835,Take,Swing_including_bunts,4679,3860.97908361113,2052,0.00212783993539614,3094,2002.07754956481,1712,0.00391283044688719,0.456347947352208,0.256471655398929,0.435607966455322,0.256687686252422,-0.199876291953279,0.0125344875978069,-0.224456416421727,-0.175296167484831,-0.246630736765034,-0.153121847141524,Take,Take,관찰상 방향 뚜렷,TRUE,TRUE,,W per selected current decision; not PA sum
region_pitch,2-1,LOW,FB,3262,3085,0.945738810545678,1689,3085,611,549,0.274371551195586,0.286871961102107,0.725628448804415,0.713128038897893,0.409015883306321,Take,Swing_including_bunts,2200,1757.83810242381,1412,0.00379879747403354,885,585.631908188402,719,0.00826165428959726,0.443195856904756,0.27501474004375,0.431443615288474,0.268878464440117,-0.168181116861006,0.0192764375780092,-0.20598934997246,-0.130372883749552,-0.240125268569533,-0.0962369651524798,Take,Take,관찰상 방향 뚜렷,TRUE,TRUE,,W per selected current decision; not PA sum
region_pitch,2-1,LOW,NFB,4862,4688,0.964212258329905,2017,4688,650,543,0.458864664747018,0.471203071672355,0.541135335252982,0.528796928327645,0.377694112627986,Take,Swing_including_bunts,2479,2110.50186237002,1527,0.00319032524654643,2209,1416.44629572222,1393,0.00534871064699743,0.465002853288724,0.244269134893538,0.438348372459956,0.248665384480016,-0.220733718395186,0.016497718305099,-0.253088076788011,-0.188379360002361,-0.28228495179941,-0.159182484990962,Take,Take,관찰상 방향 뚜렷,TRUE,TRUE,,W per selected current decision; not PA sum
region,2-1,INSIDE,ALL,5408,5162,0.954511834319527,2120,5162,684,563,0.394045857988166,0.407787679194111,0.605954142011834,0.592212320805889,0.392044750096862,Take,Swing_including_bunts,3057,2485.34888452756,1706,0.00294737053876996,2105,1404.14996145763,1382,0.00505036853891732,0.444035435525595,0.283106718361448,0.421852247139849,0.275190140113732,-0.160928717164147,0.0165994416310691,-0.193481618835633,-0.128375815492661,-0.222853911465562,-0.0990035228627317,Take,Take,관찰상 방향 뚜렷,TRUE,TRUE,,W per selected current decision; not PA sum
region_pitch,2-1,INSIDE,FB,3781,3624,0.958476593493785,1846,3624,631,544,0.417349907431896,0.43046357615894,0.582650092568104,0.56953642384106,0.389368101545254,Take,Swing_including_bunts,2064,1693.52393394109,1365,0.00355431967376848,1560,1098.20307583021,1121,0.00505831577152157,0.442360415616425,0.285192742343786,0.419403310215158,0.283184597429294,-0.157167673272639,0.0200977514906033,-0.196584400401575,-0.117750946143703,-0.232163082033121,-0.0821722645121571,Take,Take,관찰상 방향 뚜렷,TRUE,TRUE,,W per selected current decision; not PA sum
region_pitch,2-1,INSIDE,NFB,1627,1538,0.945298094652735,1121,1538,490,450,0.339889366933006,0.354356306892068,0.660110633066994,0.645643693107932,0.398351755526658,Take,Swing_including_bunts,993,801.540635429663,810,0.00592647411870203,545,314.371612953994,468,0.0172156331478363,0.447982296481921,0.278191405674845,0.427622694093738,0.256352745242733,-0.169790890807076,0.0295704750374339,-0.22781065667876,-0.111771124935392,-0.280278373793911,-0.0593034078202411,Take,Take,관찰상 방향 뚜렷,TRUE,TRUE,,W per selected current decision; not PA sum
region,2-1,OUTSIDE,ALL,8915,8501,0.953561413348289,2339,8501,747,606,0.332922041503085,0.345253499588284,0.667077958496915,0.654746500411716,0.376551699800024,Take,Swing_including_bunts,5566,4579.84277017107,2153,0.00168725801057884,2935,2048.14377615354,1680,0.00324545381739984,0.403365627849417,0.271804248579946,0.420780751381163,0.270454095256766,-0.13156137926947,0.0111802828216812,-0.153485680879479,-0.109637077659462,-0.173263220848436,-0.0898595376905049,Take,Take,관찰상 방향 뚜렷,TRUE,TRUE,,W per selected current decision; not PA sum
region_pitch,2-1,OUTSIDE,FB,5024,4758,0.947054140127389,2031,4758,701,578,0.296377388535032,0.308532997057587,0.703622611464968,0.691467002942413,0.3812070197562,Take,Swing_including_bunts,3290,2688.15765820386,1743,0.0028383286083557,1468,1097.55417071004,1056,0.0061329384873739,0.39231685628675,0.287802822930099,0.415696849534652,0.279838449680251,-0.10451403335665,0.0145773008212978,-0.133102063075727,-0.0759260036375729,-0.1588997006927,-0.0501283660206001,Take,Take,관찰상 방향 뚜렷,TRUE,TRUE,,W per selected current decision; not PA sum
region_pitch,2-1,OUTSIDE,NFB,3891,3743,0.961963505525572,1851,3743,619,535,0.380107941403238,0.391931605663906,0.619892058596762,0.608068394336094,0.370633983435747,Take,Swing_including_bunts,2276,1892.5740578076,1429,0.00307197163263873,1467,958.541510811835,1075,0.00613319860229471,0.417410526352,0.251467295131368,0.427243269411006,0.258524958642569,-0.165943231220632,0.0171790985611657,-0.199635688770533,-0.132250773670731,-0.230047242708797,-0.101839219732468,Take,Take,관찰상 방향 뚜렷,TRUE,TRUE,,W per selected current decision; not PA sum
region,2-1,CENTER,ALL,17245,16849,0.977036822267324,2413,16849,776,636,0.821165555233401,0.820701525313075,0.178834444766599,0.179298474686925,0.33248240251647,Take,Swing_including_bunts,3021,2450.33710033175,1709,0.00246951000068192,13828,13705.2848974192,2406,0.00152157163695778,0.263814709189656,0.342690747224458,0.309956954262305,0.339883220335681,0.0788760380348021,0.0109357969708843,0.0574315088518897,0.100320567217714,0.0380881072685269,0.119663968801077,Swing_including_bunts,Swing_including_bunts,관찰상 방향 뚜렷,TRUE,TRUE,,W per selected current decision; not PA sum
region_pitch,2-1,CENTER,FB,11244,10898,0.969228032728566,2379,10898,736,627,0.844272500889363,0.843824554964214,0.155727499110637,0.156175445035786,0.338030372545421,Take,Swing_including_bunts,1702,1358.09361646994,1196,0.00376872890628407,9196,9118.45212265646,2348,0.00134981642695585,0.270956535293509,0.347424849958244,0.308274889623998,0.343381969747172,0.076468314664735,0.0136287364843352,0.0497428792917086,0.103193750037761,0.025635236367511,0.127301392961959,Swing_including_bunts,Swing_including_bunts,관찰상 방향 뚜렷,TRUE,TRUE,,W per selected current decision; not PA sum
region_pitch,2-1,CENTER,NFB,6000,5951,0.991833333333333,2183,5951,677,567,0.777833333333333,0.778356578726265,0.222166666666667,0.221643421273735,0.3223224668123,Take,Swing_including_bunts,1319,1132.74559424623,997,0.00434509716466662,4632,4592.46349973794,2039,0.00199311897269623,0.250735962612645,0.334021237630641,0.313037300494579,0.33347599951793,0.0832852750179967,0.0179043509490601,0.0481739157556109,0.118396634280382,0.0164954271044715,0.150075122931522,Swing_including_bunts,Swing_including_bunts,관찰상 방향 뚜렷,TRUE,TRUE,,W per selected current decision; not PA sum
count,2-2,ALL,ALL,61396,57517,0.936819988272852,2415,43741,799,651,0.645954133819793,0.639271867447885,0.354045866180207,0.360728132552115,0.272998435245232,Take,Swing_including_bunts,20748,10087.9912094669,2415,0.00153886144558719,36769,26540.3073920629,2415,0.00113122294902312,0.232200903549873,0.213491467162821,0.275033167407563,0.221727107979386,-0.0187094363870513,0.00385871381058044,-0.0262761703636043,-0.0111427024104984,-0.0331015059340934,-0.00431736684000924,Take,Take,관찰상 방향 뚜렷,TRUE,TRUE,,W per selected current decision; not PA sum
region,2-2,HIGH,ALL,7462,7185,0.962878584829804,2240,6907,703,597,0.45336370946127,0.465135699373695,0.54663629053873,0.534864300626305,0.287970215727209,Take,Swing_including_bunts,3843,2478.28892481788,1896,0.00358330395619079,3342,2408.38745759197,1688,0.00404693192727331,0.332949531977628,0.184194696795595,0.328096621338184,0.19289969589247,-0.148754835182033,0.0119398776443712,-0.172169222640845,-0.125340447723222,-0.193293058594787,-0.10421661176928,Take,Take,관찰상 방향 뚜렷,TRUE,TRUE,,W per selected current decision; not PA sum
region_pitch,2-2,HIGH,FB,6212,5984,0.963296844816484,2144,5793,673,584,0.481165486155827,0.492814171122995,0.518834513844173,0.507185828877005,0.281181985294118,Take,Swing_including_bunts,3035,2100.31652545605,1702,0.00304714836843875,2949,2128.03560218041,1589,0.00425162280976193,0.337067392553223,0.183486818573229,0.32529519067856,0.19819368457126,-0.153580573979994,0.0127493561375353,-0.178582974034782,-0.128578173925206,-0.201141862020081,-0.106019285939907,Take,Take,관찰상 방향 뚜렷,TRUE,TRUE,,W per selected current decision; not PA sum
region_pitch,2-2,HIGH,NFB,1250,1201,0.9608,926,1192,448,436,0.3152,0.327227310574521,0.6848,0.672772689425479,0.321792672772689,Take,Swing_including_bunts,808,484.823946283682,674,0.0116883018787471,393,322.022189303904,358,0.0143571095181453,0.312432231657598,0.187721710353162,0.342054790419938,0.166522320160683,-0.124710521304435,0.0319299312917985,-0.187374030159494,-0.0620470124493771,-0.244097646219967,-0.00532339638890368,Take,Take,관찰상 방향 뚜렷,TRUE,TRUE,,W per selected current decision; not PA sum
region,2-2,LOW,ALL,16671,16159,0.969287985123868,2406,15443,743,624,0.446523903785016,0.455226189739464,0.553476096214984,0.544773810260536,0.277875177919426,Take,Swing_including_bunts,8803,5914.0581334059,2335,0.00246973588732825,7356,4824.79352921686,2269,0.00216116061257307,0.355900280422327,0.130710658730502,0.345979275995766,0.162548665740218,-0.225189621691825,0.00703545592796788,-0.238985805072897,-0.211393438310753,-0.251430322647483,-0.198948920736167,Take,Take,관찰상 방향 뚜렷,TRUE,TRUE,,W per selected current decision; not PA sum
region_pitch,2-2,LOW,FB,3756,3586,0.954739084132055,1765,3541,598,560,0.317891373801917,0.326547685443391,0.682108626198083,0.673452314556609,0.307940602342443,Take,Swing_including_bunts,2415,1597.86408610299,1478,0.00754322695485292,1171,783.695311054701,883,0.00768234938160741,0.318520211338117,0.181324606037666,0.330546410175589,0.196374449328155,-0.137195605300451,0.0154982603501661,-0.167592493922254,-0.106798716678648,-0.19503322337223,-0.079357987228672,Take,Take,관찰상 방향 뚜렷,TRUE,TRUE,,W per selected current decision; not PA sum
region_pitch,2-2,LOW,NFB,12915,12573,0.973519163763066,2392,12106,733,612,0.483933410762679,0.491927145470453,0.516066589237321,0.508072854529547,0.269300087489064,Take,Swing_including_bunts,6388,4321.94075659245,2222,0.0021053101805194,6185,4041.31460155894,2184,0.00230139342695518,0.366561612462093,0.116274834739132,0.350380950761626,0.152901066921611,-0.250286777722961,0.00795112436661057,-0.265878587888165,-0.234694967557757,-0.279942988973428,-0.220630566472494,Take,Take,관찰상 방향 뚜렷,TRUE,TRUE,,W per selected current decision; not PA sum
region,2-2,INSIDE,ALL,9643,9360,0.970652286632791,2347,8934,721,612,0.441252722181894,0.449786324786325,0.558747277818106,0.550213675213675,0.300523076923077,Take,Swing_including_bunts,5150,3352.50768096589,2105,0.00260456194082792,4210,2902.90262835654,1934,0.00270288712518738,0.331746901186503,0.185312715712374,0.328162946451205,0.190960504849864,-0.146434185474129,0.0095435238171063,-0.165148803732536,-0.127719567215722,-0.182030812528932,-0.110837558419326,Take,Take,관찰상 방향 뚜렷,TRUE,TRUE,,W per selected current decision; not PA sum
region_pitch,2-2,INSIDE,FB,5492,5336,0.971595047341588,2064,5195,662,580,0.443554260742899,0.451649175412294,0.556445739257101,0.548350824587706,0.30110176161919,Take,Swing_including_bunts,2926,1952.02604124122,1658,0.00410525709997108,2410,1762.38093477371,1451,0.00395903914756699,0.313522135093162,0.218912667270024,0.314157193879731,0.214194722316172,-0.094609467823138,0.0132602634707066,-0.120614363603036,-0.0686045720432397,-0.144080020275056,-0.0451389153712198,Take,Take,관찰상 방향 뚜렷,TRUE,TRUE,,W per selected current decision; not PA sum
region_pitch,2-2,INSIDE,NFB,4151,4024,0.9694049626596,1901,3931,651,556,0.438207660804625,0.447316103379722,0.561792339195375,0.552683896620278,0.299755715705765,Take,Swing_including_bunts,2224,1406.42689468392,1417,0.00563841194163795,1800,1151.05471291965,1228,0.00532507382270845,0.355913738133339,0.140757710366544,0.346735186938627,0.160150916281221,-0.215156027766795,0.0136154158099428,-0.24185876275456,-0.18845329277903,-0.265959424022765,-0.164352631510826,Take,Take,관찰상 방향 뚜렷,TRUE,TRUE,,W per selected current decision; not PA sum
region,2-2,OUTSIDE,ALL,16111,15593,0.967848054124511,2406,14717,764,635,0.448885854385203,0.457897774642468,0.551114145614797,0.542102225357532,0.279996280382223,Take,Swing_including_bunts,8453,5802.42084148485,2331,0.00190537245197559,7140,4922.45649491377,2240,0.0023647930528937,0.308579119594958,0.17936747699056,0.327867905561789,0.18264947387979,-0.129211642604398,0.00692758024393275,-0.142796287069649,-0.115626998139147,-0.155049991019704,-0.103373294189092,Take,Take,관찰상 방향 뚜렷,TRUE,TRUE,,W per selected current decision; not PA sum
region_pitch,2-2,OUTSIDE,FB,7502,7231,0.963876299653426,2249,6999,702,611,0.408157824580112,0.41667819112156,0.591842175419888,0.58332180887844,0.293049232471304,Take,Swing_including_bunts,4218,2914.67585698494,1941,0.00321687499911627,3013,2237.3658982523,1683,0.00412763926067409,0.292691062412984,0.220061296961375,0.313206545413229,0.207674472373041,-0.0726297654516091,0.0108502434046055,-0.0939073078641835,-0.0513522230390348,-0.113103157484068,-0.0321563734191502,Take,Take,관찰상 방향 뚜렷,TRUE,TRUE,,W per selected current decision; not PA sum
region_pitch,2-2,OUTSIDE,NFB,8608,8362,0.971421933085502,2293,8109,723,604,0.484433085501859,0.493542214781153,0.515566914498141,0.506457785218847,0.268708801722076,Take,Swing_including_bunts,4235,2891.66234674463,1961,0.00304489116086671,4127,2693.45087826627,1896,0.00379934022506058,0.322318241991854,0.144177688398241,0.340546247493651,0.161009224644596,-0.178140553593613,0.00903686465820524,-0.195861841071058,-0.160419266116169,-0.211848639914372,-0.144432467272854,Take,Take,관찰상 방향 뚜렷,TRUE,TRUE,,W per selected current decision; not PA sum
region,2-2,CENTER,ALL,21994,19458,0.8846958261344,2411,16721,762,638,0.919250704737656,0.914790831534587,0.0807492952623443,0.0852091684654127,0.265116558741906,Take,Swing_including_bunts,1658,1456.36804592266,1197,0.00319044349346713,17800,17763.3745337596,2411,0.00129902597918655,0.0618395046850331,0.285340335146783,0.18066934358231,0.286196986954754,0.22350083046175,0.00630437960715265,0.211138264738071,0.235863396185429,0.199986958643743,0.247014702279757,Swing_including_bunts,Swing_including_bunts,관찰상 방향 뚜렷,TRUE,TRUE,,W per selected current decision; not PA sum
region_pitch,2-2,CENTER,FB,13102,11751,0.896885971607388,2382,10752,722,624,0.91482216455503,0.910731001616884,0.0851778354449703,0.0892689983831163,0.260786316058208,Take,Swing_including_bunts,1049,917.882194040851,847,0.00501961465491051,10702,10678.17429356,2374,0.00151269713952994,0.062416916153964,0.282146492985731,0.172193678781575,0.283658989179305,0.219729576831767,0.00756716099252285,0.204890670632614,0.23456848303092,0.191505292860487,0.247953860803046,Swing_including_bunts,Swing_including_bunts,관찰상 방향 뚜렷,TRUE,TRUE,,W per selected current decision; not PA sum
region_pitch,2-2,CENTER,NFB,8892,7707,0.866734143049933,2259,7256,709,614,0.925775978407557,0.920980926430518,0.0742240215924427,0.0790190735694822,0.271718956792526,Take,Swing_including_bunts,609,542.439386028974,540,0.0056016974877665,7098,7085.49146628526,2220,0.00168157632240888,0.0609591151467683,0.290210043105071,0.193592340477787,0.290066717311481,0.229250927958303,0.0103600510595328,0.208934710921105,0.249567144995501,0.190606326370863,0.267895529545743,Swing_including_bunts,Swing_including_bunts,관찰상 방향 뚜렷,TRUE,TRUE,,W per selected current decision; not PA sum
count,3-0,ALL,ALL,7559,6589,0.871676147638577,2232,6589,747,577,0.110596639767165,0.124753376840188,0.889403360232835,0.875246623159812,0.530231142813781,Take,Swing_including_bunts,5767,5740.11656160592,2154,0.00173563991446004,822,721.120347282022,671,0.00641040700487778,0.529366598987102,0.491782437266421,0.504890043223921,0.386789584871367,-0.0375841617206811,0.0204823738880306,-0.0777506678360792,0.00258234439471707,-0.113988125747904,0.0388198023065417,Take,Take,차이 불명확,TRUE,TRUE,,W per selected current decision; not PA sum
region,3-0,HIGH,ALL,891,573,0.643097643097643,510,573,348,293,0.0336700336700337,0.0523560209424084,0.966329966329966,0.947643979057592,0.613471204188482,Take,Swing_including_bunts,543,541.522955150233,482,0.00583587340559432,30,26.8978476549999,29,0.0637633725765413,0.620331669375725,0.394723486292675,0.574079036874121,0.338875489703191,-0.225608183083049,0.0419403988285594,-0.308005781559329,-0.14321058460677,-0.382942975082715,-0.0682733910833839,Take,,비교 자료 부족,TRUE,FALSE,,W per selected current decision; not PA sum
region_pitch,3-0,HIGH,FB,868,556,0.640552995391705,497,556,341,290,0.0345622119815668,0.0539568345323741,0.965437788018433,0.946043165467626,0.61296582733813,Take,Swing_including_bunts,526,524.652614364314,469,0.00603022261135524,30,26.8978476549999,29,0.0637633725765413,0.61941488480324,0.397014452963864,0.575546613917331,0.339458873744845,-0.222400431839377,0.0431496181238885,-0.307179001466801,-0.137621862211952,-0.38430264342,-0.0604982202587531,Take,,비교 자료 부족,TRUE,FALSE,,W per selected current decision; not PA sum
region_pitch,3-0,HIGH,NFB,23,17,0.739130434782609,16,17,17,17,0,0,1,1,0.63,Take,Swing_including_bunts,17,16.8897602814476,16,0.13112611450181,0,0,0,,0.650315917746398,0.319795399870285,0.526080634754995,0.319795399870285,-0.330520517876113,0.0737523737280823,-0.487719981342789,-0.173321054409438,-0.691180428901657,0.0301393931494311,Take,,비교 자료 부족,TRUE,FALSE,,W per selected current decision; not PA sum
region,3-0,LOW,ALL,988,736,0.744939271255061,615,736,388,333,0.0435222672064777,0.0570652173913044,0.956477732793522,0.942934782608696,0.626092391304348,Take,Swing_including_bunts,694,691.198469093233,587,0.00492335093449455,42,37.5171049109355,41,0.0743030503770837,0.637971180977021,0.401668312940712,0.572115931828788,0.344370965469283,-0.236302868036309,0.0454375707802731,-0.325534765135409,-0.14707097093721,-0.406543058535044,-0.0660626775375751,Take,,비교 자료 부족,TRUE,FALSE,,W per selected current decision; not PA sum
region_pitch,3-0,LOW,FB,911,677,0.743139407244786,574,677,369,326,0.0329308452250274,0.0443131462333826,0.967069154774973,0.955686853766617,0.627849335302807,Take,Swing_including_bunts,647,644.667449541566,555,0.00530043626131613,30,27.1222153620523,29,0.0976261483899639,0.638197065548457,0.390928359858693,0.575998920074781,0.346451063801129,-0.247268705689764,0.0444741825380384,-0.33462101172785,-0.159916399651678,-0.413971938806324,-0.0805654725732038,Take,,비교 자료 부족,TRUE,FALSE,,W per selected current decision; not PA sum
region_pitch,3-0,LOW,NFB,77,59,0.766233766233766,59,59,51,55,0.168831168831169,0.203389830508475,0.831168831168831,0.796610169491525,0.60593220338983,Take,Swing_including_bunts,47,46.67553217342,47,0.0254844122604464,12,10.7753466404564,12,0.137562577628165,0.6353792512336,0.524904723729302,0.527560287040014,0.320502718508953,-0.110474527504298,0.250045796113922,-0.61099556942255,0.390046514413953,-1.1048993988964,0.883950343887808,Take,,비교 자료 부족,TRUE,FALSE,,W per selected current decision; not PA sum
region,3-0,INSIDE,ALL,781,566,0.724711907810499,499,566,342,286,0.0717029449423816,0.0954063604240283,0.928297055057618,0.904593639575972,0.577893992932862,Take,Swing_including_bunts,512,510.052652809051,456,0.00654509546361896,54,46.8978040829163,54,0.038066962399739,0.596773988013335,0.376398058935629,0.552682117024425,0.351922458273464,-0.220375929077706,0.0583218217417913,-0.334963085811473,-0.10578877234394,-0.439199327110504,-0.00155253104490874,Take,,비교 자료 부족,TRUE,FALSE,,W per selected current decision; not PA sum
region_pitch,3-0,INSIDE,FB,758,548,0.722955145118734,483,548,334,278,0.0725593667546174,0.0967153284671533,0.927440633245383,0.903284671532847,0.577989051094891,Take,Swing_including_bunts,495,493.45584961479,441,0.00655642025081503,53,45.8990368585876,53,0.0388669120702452,0.596011129678979,0.383570906172133,0.554306212462434,0.352818396162865,-0.212440223506845,0.059951940680825,-0.330239664707249,-0.0946407823064412,-0.437435899515459,0.0125554525017695,Take,,비교 자료 부족,TRUE,FALSE,,W per selected current decision; not PA sum
region_pitch,3-0,INSIDE,NFB,23,18,0.782608695652174,18,18,18,17,0.0434782608695652,0.0555555555555556,0.956521739130435,0.944444444444444,0.575,Take,Swing_including_bunts,17,16.8081626016937,17,0.072119838731746,1,1,1,1,0.619998786192636,0.158024709735373,0.503237433689476,0.324646126973932,-0.461974076457262,0.1763353517642,-0.834009148532089,-0.089939004382436,-1.29493767470955,0.370989521795026,Take,,비교 자료 부족,TRUE,FALSE,,W per selected current decision; not PA sum
region,3-0,OUTSIDE,ALL,1745,1247,0.714613180515759,966,1247,505,393,0.0446991404011461,0.0593424218123496,0.955300859598854,0.94065757818765,0.590230954290297,Take,Swing_including_bunts,1173,1168.95289816754,925,0.00341211426217883,74,64.101001165946,71,0.0356402392449943,0.596733795368036,0.428298599239396,0.55870510837113,0.355118075333591,-0.16843519612864,0.0371113017619001,-0.241263354753805,-0.0956070375034749,-0.307172462688248,-0.0296979295690325,Take,,비교 자료 부족,TRUE,FALSE,,W per selected current decision; not PA sum
region_pitch,3-0,OUTSIDE,FB,1651,1174,0.711084191399152,920,1174,486,391,0.0417928528164749,0.0562180579216354,0.958207147183525,0.943781942078365,0.590716354344123,Take,Swing_including_bunts,1108,1104.86762473305,879,0.00362338860181364,66,57.3237482521846,66,0.0295799308742442,0.598884721213107,0.416872179595489,0.561623825538302,0.356354141356963,-0.182012541617618,0.0375787486573744,-0.255762665616568,-0.108262417618668,-0.322524489495205,-0.0415005937400309,Take,,비교 자료 부족,TRUE,FALSE,,W per selected current decision; not PA sum
region_pitch,3-0,OUTSIDE,NFB,94,73,0.776595744680851,73,73,65,62,0.0957446808510638,0.10958904109589,0.904255319148936,0.89041095890411,0.582424657534247,Take,Swing_including_bunts,65,64.3284966144763,65,0.0207858297712008,8,7.56880261632826,8,0.168149524336216,0.562142193421285,0.612060471320866,0.511765739134687,0.335239424491968,0.0499182778995818,0.198976122337406,-0.346733372615692,0.446569928414856,-0.731156072245679,0.830992628044843,Swing_including_bunts,,비교 자료 부족,TRUE,FALSE,,W per selected current decision; not PA sum
region,3-0,CENTER,ALL,3813,3765,0.987411487018096,1859,3765,670,543,0.166535536323105,0.167861885790173,0.833464463676895,0.832138114209828,0.482062151394422,Take,Swing_including_bunts,3133,3118.45600090587,1709,0.00254715209860982,632,562.318617834088,536,0.00617849902650212,0.472669637769533,0.554333107230222,0.463781001067432,0.412498801615851,0.0816634694606889,0.0312351829439302,0.0204037295975728,0.142923209323805,-0.0348899788827244,0.198216917804102,Swing_including_bunts,Swing_including_bunts,차이 불명확,TRUE,TRUE,,W per selected current decision; not PA sum
region_pitch,3-0,CENTER,FB,3671,3624,0.987196949060202,1831,3624,663,541,0.166167256878235,0.167494481236203,0.833832743121765,0.832505518763797,0.480850165562914,Take,Swing_including_bunts,3017,3005.03672118766,1679,0.00265648070335684,607,542.84290270367,516,0.00633536067401795,0.471305449424799,0.555118103806127,0.463721762239385,0.413704668723129,0.0838126543813284,0.032129711385703,0.0207978996526049,0.146827409110052,-0.036082384368352,0.203707693131009,Swing_including_bunts,Swing_including_bunts,차이 불명확,TRUE,TRUE,,W per selected current decision; not PA sum
region_pitch,3-0,CENTER,NFB,142,141,0.992957746478873,137,141,101,112,0.176056338028169,0.177304964539007,0.823943661971831,0.822695035460993,0.513212765957447,Take,Swing_including_bunts,116,115.033042886327,113,0.0238200652095867,25,23.3178917271683,25,0.064141954289233,0.507732180757609,0.53415702502399,0.465303564988312,0.381505451284121,0.0264248442663805,0.0998427059852349,-0.171020174915525,0.223869863448286,-0.355806352302741,0.408656040835502,Swing_including_bunts,,비교 자료 부족,TRUE,FALSE,,W per selected current decision; not PA sum
count,3-1,ALL,ALL,16067,15520,0.965955063172963,2407,15519,785,625,0.560216593016742,0.569394329896907,0.439783406983258,0.430605670103093,0.473368234536082,Take,Swing_including_bunts,6683,3905.81351474257,2229,0.00242175338169353,8837,5778.24374131737,2353,0.00253894093277926,0.493047583734797,0.387398456362576,0.496741645646639,0.375053317633348,-0.105649127372221,0.00963968162221266,-0.124552065422748,-0.0867461893216935,-0.141602993426844,-0.0696952613175974,Take,Take,관찰상 방향 뚜렷,TRUE,TRUE,,W per selected current decision; not PA sum
region,3-1,HIGH,ALL,1536,1406,0.915364583333333,1015,1406,507,430,0.256510416666667,0.277382645803698,0.743489583333333,0.722617354196302,0.56771906116643,Take,Swing_including_bunts,1016,852.501079159678,794,0.0050844064032965,390,261.6451818161,355,0.0173624346164282,0.637147845603449,0.3564598907506,0.579782142654242,0.334508626302097,-0.280687954852849,0.0316052092549715,-0.342707054508632,-0.218668855197066,-0.398819133524761,-0.162556776180938,Take,Take,관찰상 방향 뚜렷,TRUE,TRUE,,W per selected current decision; not PA sum
region_pitch,3-1,HIGH,FB,1342,1227,0.914307004470939,916,1227,479,417,0.277198211624441,0.300733496332518,0.722801788375559,0.699266503667482,0.565929910350448,Take,Swing_including_bunts,858,711.870039964211,690,0.00558650995670952,369,246.662674666973,338,0.0181309557090174,0.640133172412227,0.363589211178368,0.582460167916353,0.336367770699189,-0.276543961233859,0.0357306833237931,-0.346667571286695,-0.206420351181022,-0.410148116501815,-0.142939805965902,Take,Take,관찰상 방향 뚜렷,TRUE,TRUE,,W per selected current decision; not PA sum
region_pitch,3-1,HIGH,NFB,194,179,0.922680412371134,173,179,137,139,0.11340206185567,0.11731843575419,0.88659793814433,0.88268156424581,0.579983240223464,Take,Swing_including_bunts,158,140.631973135441,153,0.0223591206280906,21,17.2339711244239,21,0.128360324040318,0.616684180830434,0.30759019150551,0.561424952729048,0.321764658842698,-0.309093989324925,0.041529413383096,-0.391066912028983,-0.227121066620867,-0.467158014876219,-0.15102996377363,Take,,비교 자료 부족,TRUE,FALSE,,W per selected current decision; not PA sum
region,3-1,LOW,ALL,2582,2423,0.938419829589466,1545,2423,620,494,0.311773818745159,0.328105654147751,0.688226181254841,0.671894345852249,0.56016591002889,Take,Swing_including_bunts,1628,1404.68348218147,1181,0.00372049581611107,795,507.116689224209,677,0.010973772389324,0.631931637930028,0.372380940030708,0.576303986571796,0.334302623704314,-0.25955069789932,0.0202844198776827,-0.299338620234489,-0.219762775564151,-0.335272452078421,-0.183828943720219,Take,Take,관찰상 방향 뚜렷,TRUE,TRUE,,W per selected current decision; not PA sum
region_pitch,3-1,LOW,FB,1678,1567,0.933849821215733,1152,1567,545,467,0.262216924910608,0.276962348436503,0.737783075089392,0.723037651563497,0.567421825143586,Take,Swing_including_bunts,1133,959.352417012428,908,0.00476984138971093,434,277.52973300583,390,0.0143711503740248,0.623052385052246,0.352820126289651,0.585263435941806,0.340926527725613,-0.270232258762595,0.0241975950933399,-0.317708597761481,-0.22275591976371,-0.360636345592452,-0.179828171932739,Take,Take,관찰상 방향 뚜렷,TRUE,TRUE,,W per selected current decision; not PA sum
region_pitch,3-1,LOW,NFB,904,856,0.946902654867257,719,856,374,314,0.403761061946903,0.421728971962617,0.596238938053097,0.578271028037383,0.546883177570093,Take,Swing_including_bunts,495,448.441776702654,446,0.0064674966161242,361,230.201548733504,330,0.01761731918232,0.648186064635032,0.408189111914161,0.559902751568519,0.322176855478409,-0.239996952720871,0.0397146167779769,-0.317967606029132,-0.16202629941261,-0.388664047147039,-0.0913298582947025,Take,Take,관찰상 방향 뚜렷,TRUE,TRUE,,W per selected current decision; not PA sum
region,3-1,INSIDE,ALL,1904,1790,0.940126050420168,1249,1790,573,464,0.382352941176471,0.401117318435754,0.617647058823529,0.598882681564246,0.532637430167598,Take,Swing_including_bunts,1072,932.263326678754,859,0.00392522012128568,718,469.594465967633,614,0.00845361229494721,0.611743711056409,0.379450157412143,0.564879608175171,0.348102615055143,-0.232293553644265,0.0309596093996025,-0.293032179020721,-0.171554928267809,-0.347931948280792,-0.116655159007739,Take,Take,관찰상 방향 뚜렷,TRUE,TRUE,,W per selected current decision; not PA sum
region_pitch,3-1,INSIDE,FB,1555,1466,0.942765273311897,1074,1466,523,449,0.403858520900322,0.422919508867667,0.596141479099678,0.577080491132333,0.531660300136426,Take,Swing_including_bunts,846,732.759754731567,700,0.00481006726713941,620,405.407896511561,535,0.00889289285532199,0.610931133788851,0.391034303153366,0.568600814618104,0.352012058501934,-0.219896830635485,0.0362927242772554,-0.291109590923432,-0.148684070347537,-0.355521174893589,-0.0842724863773805,Take,Take,관찰상 방향 뚜렷,TRUE,TRUE,,W per selected current decision; not PA sum
region_pitch,3-1,INSIDE,NFB,349,324,0.928366762177651,298,324,212,211,0.286532951289398,0.302469135802469,0.713467048710602,0.697530864197531,0.537058641975309,Take,Swing_including_bunts,226,199.942983864547,212,0.0175798860765896,98,64.4359472049205,97,0.0574873272088509,0.615420372396656,0.327035473286736,0.548042297541406,0.330413590076764,-0.28838489910992,0.0513397268513947,-0.38942063575078,-0.187349162469061,-0.481994702853938,-0.0947750953659022,Take,,비교 자료 부족,TRUE,FALSE,,W per selected current decision; not PA sum
region,3-1,OUTSIDE,ALL,3478,3291,0.946233467510063,1727,3291,661,523,0.291259344450834,0.306593740504406,0.708740655549166,0.693406259495594,0.542584624734123,Take,Swing_including_bunts,2282,1969.94899967253,1438,0.00300957411105859,1009,699.697722768522,801,0.00755378275041008,0.608608378304187,0.342172244749609,0.565125885255027,0.347914616067986,-0.266436133554579,0.0178117055771832,-0.301370932868099,-0.231501334241059,-0.332910336159352,-0.199961930949806,Take,Take,관찰상 방향 뚜렷,TRUE,TRUE,,W per selected current decision; not PA sum
region_pitch,3-1,OUTSIDE,FB,2674,2522,0.943156320119671,1485,2522,622,508,0.275617053103964,0.291435368754956,0.724382946896036,0.708564631245044,0.543955590800952,Take,Swing_including_bunts,1787,1536.14649520644,1224,0.00388045188537848,735,521.862969324594,619,0.00810710430029466,0.603582394355376,0.326418861459496,0.570098185488989,0.35214864808971,-0.27716353289588,0.0185247649983181,-0.313501041921793,-0.240826023869966,-0.346323238546038,-0.208003827245722,Take,Take,관찰상 방향 뚜렷,TRUE,TRUE,,W per selected current decision; not PA sum
region_pitch,3-1,OUTSIDE,NFB,804,769,0.956467661691542,649,769,343,324,0.343283582089552,0.35630689206762,0.656716417910448,0.64369310793238,0.538088426527958,Take,Swing_including_bunts,495,433.998995843995,447,0.00614641647015049,274,178.859903320186,253,0.022516003479136,0.625091514219536,0.393836786567116,0.548818809585259,0.33402875292262,-0.23125472765242,0.0428590453655201,-0.315414104682579,-0.147095350622262,-0.391782763979279,-0.070726691325562,Take,,비교 자료 부족,TRUE,FALSE,,W per selected current decision; not PA sum
region,3-1,CENTER,ALL,8017,7913,0.987027566421355,2311,7913,748,598,0.775726581015342,0.777328446859598,0.224273418984658,0.222671553140402,0.413120181979022,Take,Swing_including_bunts,1762,1394.15952739811,1237,0.0039414953817116,6151,6047.89452880856,2210,0.00175029175955875,0.380960697296793,0.418074114667208,0.432488468039579,0.401539608933358,0.037113417370416,0.0147593649484694,0.00817042859006353,0.0660564061507684,-0.0179392664401813,0.0921661011810132,Swing_including_bunts,Swing_including_bunts,차이 불명확,TRUE,TRUE,,W per selected current decision; not PA sum
region_pitch,3-1,CENTER,FB,6577,6484,0.985859814505094,2231,6484,727,593,0.798388322943591,0.800123380629241,0.201611677056409,0.199876619370759,0.410373380629241,Take,Swing_including_bunts,1296,1032.96537848824,999,0.00489854631246808,5188,5116.48419631591,2098,0.00174369239385097,0.379374614548782,0.41451371234047,0.429032516832885,0.403280018836804,0.0351390977916873,0.0165270301827097,0.00272912304383294,0.0675490725395417,-0.0265105709003297,0.0967887664837044,Swing_including_bunts,Swing_including_bunts,차이 불명확,TRUE,TRUE,,W per selected current decision; not PA sum
region_pitch,3-1,CENTER,NFB,1440,1429,0.992361111111111,1024,1429,443,415,0.672222222222222,0.673897830650805,0.327777777777778,0.326102169349195,0.425583624912526,Take,Swing_including_bunts,466,421.700884990528,419,0.00840704516006376,963,945.899789108831,754,0.00606500577225332,0.388157450647456,0.434229222215546,0.448169635026425,0.393642605564605,0.0460717715680902,0.031865102123248,-0.016456660096951,0.108600203233131,-0.0730269598004318,0.165170502936612,Swing_including_bunts,Swing_including_bunts,차이 불명확,TRUE,TRUE,,W per selected current decision; not PA sum
count,3-2,ALL,ALL,37587,34589,0.920238380291058,2414,25107,787,642,0.722856306701785,0.70924282286276,0.277143693298215,0.29075717713724,0.380229292549654,Take,Swing_including_bunts,10057,5078.24749569505,2361,0.00166894340145938,24532,19584.614234622,2412,0.00143011698054344,0.367218182396981,0.283649992007617,0.442180036228934,0.290377646000846,-0.083568190389364,0.00569707038577772,-0.0947398468357199,-0.0723965339430082,-0.104816899056734,-0.0623194817219946,Take,Take,관찰상 방향 뚜렷,TRUE,TRUE,,W per selected current decision; not PA sum
region,3-2,HIGH,ALL,3963,3863,0.974766590966439,1863,3693,658,552,0.472621751198587,0.479679005953922,0.527378248801413,0.520320994046078,0.457483820864613,Take,Swing_including_bunts,2010,1194.12024623353,1319,0.00461305668489131,1853,1418.32200688105,1225,0.00681632567839604,0.61403390572693,0.225971457244951,0.547888085400405,0.25050323705763,-0.388062448481979,0.0143676801520207,-0.416240900890399,-0.359883996073559,-0.441674923271919,-0.334449973692038,Take,Take,관찰상 방향 뚜렷,TRUE,TRUE,,W per selected current decision; not PA sum
region_pitch,3-2,HIGH,FB,3158,3076,0.974034198860038,1668,2948,611,528,0.519949335022166,0.527308192457737,0.480050664977834,0.472691807542263,0.441391092327698,Take,Swing_including_bunts,1454,911.477151220493,1056,0.00699864706306442,1622,1237.11918305812,1126,0.00758236470504652,0.616986895950545,0.229899367150595,0.546318897185544,0.26109554153865,-0.38708752879995,0.0157216170947499,-0.417923721150745,-0.356251336449156,-0.445765893651354,-0.328409163948547,Take,Take,관찰상 방향 뚜렷,TRUE,TRUE,,W per selected current decision; not PA sum
region_pitch,3-2,HIGH,NFB,805,787,0.977639751552795,655,783,365,357,0.28695652173913,0.293519695044473,0.71304347826087,0.706480304955527,0.520382465057179,Take,Swing_including_bunts,556,322.179925170488,487,0.0135245571243698,231,197.013491306624,213,0.0202745538901176,0.602492104039712,0.210619168973337,0.554021278473991,0.209103073673106,-0.391872935066375,0.0344344896019695,-0.459488427181251,-0.324257442951499,-0.520840081816067,-0.262905788316683,Take,,비교 자료 부족,TRUE,FALSE,,W per selected current decision; not PA sum
region,3-2,LOW,ALL,7380,7260,0.983739837398374,2243,6941,711,584,0.490785907859079,0.495454545454546,0.509214092140921,0.504545454545455,0.433013774104683,Take,Swing_including_bunts,3663,2444.54446393912,1830,0.00298786159456043,3597,2490.60442277142,1777,0.00377661504600358,0.603538643283988,0.189050100831772,0.558666078456549,0.226886483455952,-0.414488542452215,0.00919911722841461,-0.432528219708211,-0.39644886519622,-0.44880308395625,-0.380174000948181,Take,Take,관찰상 방향 뚜렷,TRUE,TRUE,,W per selected current decision; not PA sum
region_pitch,3-2,LOW,FB,2990,2935,0.981605351170569,1612,2865,604,527,0.374916387959866,0.377853492333901,0.625083612040134,0.622146507666099,0.498144122657581,Take,Swing_including_bunts,1826,1182.83416873357,1246,0.00585816548958238,1109,876.637026455464,835,0.00743193412867038,0.576280777671018,0.255558735903498,0.549394562578738,0.261340916941885,-0.32072204176752,0.0165528984356303,-0.353189519453578,-0.288254564081461,-0.382507825694213,-0.258936257840826,Take,Take,관찰상 방향 뚜렷,TRUE,TRUE,,W per selected current decision; not PA sum
region_pitch,3-2,LOW,NFB,4390,4325,0.985193621867882,1923,4180,614,532,0.569703872437358,0.575260115606937,0.430296127562642,0.424739884393064,0.38881549132948,Take,Swing_including_bunts,1837,1269.19144669987,1266,0.00365980693961109,2488,1635.38228146975,1466,0.00518561929117379,0.622036177520767,0.143916495297549,0.564957847034902,0.203505266743533,-0.478119682223217,0.010199936433375,-0.498123787572567,-0.458115576873867,-0.516177997736556,-0.440061366709878,Take,Take,관찰상 방향 뚜렷,TRUE,TRUE,,W per selected current decision; not PA sum
region,3-2,INSIDE,ALL,5097,5005,0.981950166764764,2036,4727,687,560,0.490484598783598,0.495904095904096,0.509515401216402,0.504095904095904,0.459739060939061,Take,Swing_including_bunts,2523,1648.08050863016,1562,0.00491434165556781,2482,1832.66416750284,1502,0.00554212636004503,0.570081677709657,0.254014416243033,0.543504616448815,0.253171380344248,-0.316067261466624,0.0121128884544583,-0.339822215266494,-0.292312307666754,-0.361258381688919,-0.270876141244329,Take,Take,관찰상 방향 뚜렷,TRUE,TRUE,,W per selected current decision; not PA sum
region_pitch,3-2,INSIDE,FB,3387,3325,0.981694715087098,1703,3188,620,539,0.500738116327133,0.505563909774436,0.499261883672867,0.494436090225564,0.460653233082707,Take,Swing_including_bunts,1644,1047.44433714456,1174,0.0066695728965791,1681,1339.95432200859,1148,0.00670353244829659,0.547641540506992,0.284211652669887,0.537994600993605,0.274721523989867,-0.263429887837105,0.0154362105763947,-0.293705834877495,-0.233153940796716,-0.3210403732164,-0.20581940245781,Take,Take,관찰상 방향 뚜렷,TRUE,TRUE,,W per selected current decision; not PA sum
region_pitch,3-2,INSIDE,NFB,1710,1680,0.982456140350877,1158,1635,509,457,0.470175438596491,0.476785714285714,0.529824561403509,0.523214285714286,0.457929761904762,Take,Swing_including_bunts,879,600.840479358124,721,0.00776906885512575,801,510.908630148204,656,0.0114146340176794,0.614494449256599,0.194249052481553,0.554409855370586,0.210520054378959,-0.420245396775046,0.0184444893113106,-0.456433788376713,-0.38405700517338,-0.489154278450249,-0.351336515099844,Take,Take,관찰상 방향 뚜렷,TRUE,TRUE,,W per selected current decision; not PA sum
region,3-2,OUTSIDE,ALL,7742,7584,0.979591836734694,2256,7140,731,589,0.508783260139499,0.513844936708861,0.491216739860501,0.486155063291139,0.422459520042194,Take,Swing_including_bunts,3687,2413.06373768457,1838,0.00326738112021062,3897,2876.53938939835,1853,0.0032559520432992,0.532534373803649,0.223623074935844,0.542931916012615,0.248985984074702,-0.308911298867804,0.00951031016559095,-0.327561174448747,-0.290261423286862,-0.344386312566655,-0.273436285168953,Take,Take,관찰상 방향 뚜렷,TRUE,TRUE,,W per selected current decision; not PA sum
region_pitch,3-2,OUTSIDE,FB,4647,4542,0.977404777275662,1952,4334,680,565,0.495373359156445,0.500220167327169,0.504626640843555,0.499779832672831,0.436790620871863,Take,Swing_including_bunts,2270,1481.08920955221,1432,0.00453519649844008,2272,1819.86141042299,1391,0.0037968071665965,0.516565709374193,0.258458831745917,0.536053673190914,0.272923060274192,-0.258106877628276,0.0129464616812017,-0.283497227791836,-0.232716527464716,-0.306411721614135,-0.209802033642417,Take,Take,관찰상 방향 뚜렷,TRUE,TRUE,,W per selected current decision; not PA sum
region_pitch,3-2,OUTSIDE,NFB,3095,3042,0.982875605815832,1656,2980,608,507,0.52891760904685,0.534188034188034,0.47108239095315,0.465811965811966,0.401061801446417,Take,Swing_including_bunts,1417,935.285762387509,1050,0.00597083994270543,1625,1071.1443898787,1118,0.00640121669868439,0.556377133119424,0.17160992324901,0.553201797306556,0.213245615863629,-0.384767209870413,0.0136424661680926,-0.41152552134955,-0.358008898391277,-0.435686308584949,-0.333848111155877,Take,Take,관찰상 방향 뚜렷,TRUE,TRUE,,W per selected current decision; not PA sum
region,3-2,CENTER,ALL,17583,15137,0.860888358073139,2397,12298,748,624,0.932264118751066,0.926273369888353,0.0677358812489336,0.0737266301116469,0.326251040496796,Take,Swing_including_bunts,1116,985.03262572584,886,0.00425799273217917,14021,13995.0836512671,2390,0.00134345263547938,0.128687434361345,0.346610341014298,0.321979994372712,0.34011028983701,0.217922906652954,0.00918858914983052,0.199904500741211,0.235941312564697,0.183651293829423,0.252194519476485,Swing_including_bunts,Swing_including_bunts,관찰상 방향 뚜렷,TRUE,TRUE,,W per selected current decision; not PA sum
region_pitch,3-2,CENTER,FB,12146,10362,0.85312036884571,2327,8805,721,616,0.934381689445085,0.928295695811619,0.0656183105549152,0.0717043041883806,0.336494595637908,Take,Swing_including_bunts,743,656.322566625753,632,0.00602346016757084,9619,9601.92019665357,2314,0.00156986697620544,0.134256128814674,0.35739356471958,0.311474723989557,0.347011601803741,0.223137435904906,0.0106134449332427,0.202324635966038,0.243950235843773,0.183549543439904,0.262725328369907,Swing_including_bunts,Swing_including_bunts,관찰상 방향 뚜렷,TRUE,TRUE,,W per selected current decision; not PA sum
region_pitch,3-2,CENTER,NFB,5437,4775,0.878241677395623,1976,4437,617,544,0.927533566304947,0.921884816753927,0.0724664336950525,0.0781151832460733,0.304021989528796,Take,Swing_including_bunts,373,328.956138957085,339,0.00829329386679177,4402,4393.21342307434,1921,0.00207305345830649,0.116603075842935,0.323210181007151,0.344776981118314,0.325134081543971,0.206607105164216,0.016620587433802,0.174011376541435,0.239202833786997,0.144595083079178,0.268619127249254,Swing_including_bunts,Swing_including_bunts,관찰상 방향 뚜렷,TRUE,TRUE,,W per selected current decision; not PA sum
